"rep","est_V","se_V","IRR_V","IRR_V_CI_Lower","IRR_V_CI_Upper","VE","VE_CI_Lower","VE_CI_Upper","n_event","p_val","seed"
1,-1.13943428318837,0.188745860906557,0.32,0.221049333737219,0.463245006301317,0.68,0.536754993698683,0.778950666262781,114,1.5713191085458e-09,473632291
51,-0.956731701432666,0.200657070117415,0.384146341463415,0.259237063687197,0.569241178559971,0.615853658536585,0.430758821440029,0.740762936312803,104,1.86069346709987e-06,584329
151,-0.867500567704723,0.178619041301559,0.42,0.295943282673142,0.596060158577166,0.58,0.403939841422834,0.704056717326858,134,1.19353260867346e-06,881500921
26,-0.881738350367495,0.223870329755829,0.4140625,0.266997459957207,0.642132527903931,0.5859375,0.357867472096069,0.733002540042793,85,8.19543619664179e-05,423736031
201,-1.35057627851781,0.18901237482765,0.259090909090909,0.178881138253376,0.375266502824183,0.740909090909091,0.624733497175817,0.821118861746624,112,8.97091236585007e-13,966579003
76,-0.733421079697885,0.200036045814872,0.480263157894737,0.324495203189863,0.710804654625571,0.519736842105263,0.289195345374429,0.675504796810137,111,0.00024594617236999,792990652
101,-0.782378314287887,0.194225583405369,0.457317073170732,0.312530422470431,0.66917935143812,0.542682926829268,0.33082064856188,0.687469577529569,116,5.62069747424539e-05,939587601
126,-0.881199412062886,0.214039267184851,0.414285714285714,0.272338727157486,0.63021757813377,0.585714285714286,0.36978242186623,0.727661272842514,93,3.83838024689925e-05,555123156
226,-0.773189888233482,0.198821313103029,0.461538461538462,0.312586983519598,0.681467120226184,0.538461538461538,0.318532879773816,0.687413016480402,111,0.000100712776627389,304318549
276,-1.09294655113243,0.199189420604141,0.335227272727273,0.226876232466636,0.495324358829396,0.664772727272727,0.504675641170604,0.773123767533364,103,4.08884497258971e-08,807532331
251,-1.02004996616501,0.18045526474387,0.360576923076923,0.253159441324951,0.513572461588487,0.639423076923077,0.486427538411513,0.746840558675049,127,1.57995291538451e-08,536298423
176,-0.980829253011726,0.182574185863157,0.375,0.262194657950272,0.536338158448184,0.625,0.463661841551816,0.737805342049728,125,7.77718148398462e-08,822065147
301,-0.71667767797014,0.187511535301615,0.488372093023256,0.338174402161157,0.705278991312462,0.511627906976744,0.294721008687538,0.661825597838843,127,0.000132349094541667,912349386
351,-0.870481195842862,0.199813345769804,0.41875,0.28305666910944,0.619492778784176,0.58125,0.380507221215824,0.71694333089056,107,1.32175744161616e-05,909837871
451,-0.913387972216193,0.194289906039794,0.401162790697675,0.274120033346879,0.587084361093371,0.598837209302326,0.412915638906629,0.725879966653121,112,2.5868746804188e-06,107575682
401,-1.04334960999306,0.197120026878631,0.352272727272727,0.23938126111226,0.518403461505575,0.647727272727273,0.481596538494425,0.76061873888774,106,1.20348269380711e-07,14734301
376,-0.6458942957094,0.21827203175595,0.524193548387097,0.341741861865615,0.804053898081437,0.475806451612903,0.195946101918563,0.658258138134385,96,0.00308513612210569,976956441
426,-0.910211685797773,0.198851097726021,0.402439024390244,0.272544690735418,0.594240775394141,0.597560975609756,0.405759224605859,0.727455309264582,107,4.70896276582051e-06,342648091
501,-0.776034840365713,0.187277739606465,0.460227272727273,0.318831520346776,0.66432936847527,0.539772727272727,0.33567063152473,0.681168479653224,125,3.41650668611465e-05,312075509
476,-0.896088024556635,0.181406072875598,0.408163265306123,0.28603605949213,0.582434436557255,0.591836734693877,0.417565563442745,0.71396394050787,129,7.82507156122819e-07,950583033
576,-1.07755887947028,0.192097880662559,0.340425531914894,0.233618973985082,0.49606220249447,0.659574468085106,0.50393779750553,0.766381026014918,111,2.02998571264189e-08,316291143
651,-0.819898886199089,0.193191711354252,0.440476190476191,0.301631959314609,0.64323182071715,0.55952380952381,0.35676817928285,0.698368040685391,116,2.19604492328979e-05,847691911
601,-1.36859478402049,0.188151541351776,0.254464285714286,0.17598350169527,0.367943995205897,0.745535714285714,0.632056004794103,0.82401649830473,113,3.49264368453727e-13,683876632
826,-0.898999234764094,0.1937563631253,0.406976744186046,0.278383748110652,0.594970329383022,0.593023255813954,0.405029670616978,0.721616251889348,113,3.48672841325412e-06,768814640
701,-0.719122666963206,0.19697441557752,0.487179487179487,0.331149472372561,0.716727256208469,0.512820512820513,0.283272743791531,0.668850527627439,115,0.000261380984241027,318703513
776,-1.0820829867169,0.196508689008832,0.338888888888889,0.230562583879079,0.49811065212809,0.661111111111111,0.50188934787191,0.769437416120921,106,3.65954521463141e-08,540771808
326,-0.810930216216329,0.186338998157482,0.444444444444445,0.308464676957304,0.64036785717566,0.555555555555555,0.35963214282434,0.691535323042696,125,1.34957764499343e-05,676026018
801,-1.13739831370327,0.196693373013279,0.320652173913043,0.218076307986339,0.471476326725054,0.679347826086957,0.528523673274946,0.781923692013661,105,7.35565632708733e-09,210107121
851,-0.8754687373539,0.202547873450592,0.416666666666667,0.280142948855723,0.619723294197645,0.583333333333333,0.380276705802355,0.719857051144277,104,1.54424639470164e-05,172808039
726,-0.830006363277142,0.191282898606837,0.436046511627907,0.299717787499421,0.634385305887906,0.563953488372093,0.365614694112094,0.700282212500579,118,1.4303087838987e-05,214126503
926,-0.996829594358168,0.199846331164001,0.369047619047619,0.249443908204303,0.545999082940792,0.630952380952381,0.454000917059208,0.750556091795697,104,6.10137388218934e-07,981860958
876,-0.815749502652278,0.200334169023091,0.442307692307692,0.29867559569849,0.655011984548108,0.557692307692308,0.344988015451892,0.70132440430151,108,4.66224046239932e-05,109035484
951,-0.649975008694737,0.208557598038085,0.522058823529412,0.346892484650703,0.785676909372506,0.477941176470588,0.214323090627494,0.653107515349297,105,0.00182996043172437,700413343
901,-0.974049566026348,0.184178383067404,0.377551020408163,0.263149606226074,0.541687198607411,0.622448979591837,0.458312801392589,0.736850393773926,123,1.23242310878338e-07,416224227
751,-0.865759923226939,0.197187721571896,0.420731707317073,0.285863528334526,0.619229639308135,0.579268292682927,0.380770360691865,0.714136471665474,110,1.13071241943203e-05,735488086
551,-0.419451350082904,0.226100738582142,0.657407407407408,0.422063013677922,1.02398098224245,0.342592592592592,-0.0239809822424544,0.577936986322078,98,0.0635744527391251,678206494
626,-0.778046624346431,0.189510004523146,0.459302325581395,0.316801650887132,0.665901284585279,0.540697674418605,0.334098715414721,0.683198349112868,122,4.03318800504123e-05,15065675
526,-0.767255152713667,0.19138975062198,0.464285714285715,0.319061255556673,0.675610782367485,0.535714285714285,0.324389217632515,0.680938744443327,120,6.10119828066867e-05,616955630
976,-1.29774096377845,0.18832862519669,0.273148148148148,0.188839414008135,0.395097131754225,0.726851851851852,0.604902868245775,0.811160585991865,113,5.54669165744359e-12,683087049
676,-0.63907995928967,0.202325659439418,0.527777777777778,0.35500231622901,0.784641029035873,0.472222222222222,0.215358970964127,0.64499768377099,112,0.00158490927163287,464703026
2,-1.01856958099457,0.177028334874273,0.361111111111111,0.255243128850831,0.510890283922628,0.638888888888889,0.489109716077372,0.744756871149169,132,8.73062244597469e-09,38421022
27,-0.759396566101145,0.198342269302712,0.467948717948718,0.317226176003712,0.690283523851722,0.532051282051282,0.309716476148278,0.682773823996288,112,0.000128812634719943,457123483
152,-0.557601688563722,0.215273248441889,0.57258064516129,0.375487723390849,0.873127334903725,0.42741935483871,0.126872665096275,0.624512276609151,102,0.00959189946865071,169161099
77,-1.28621090256291,0.182802832388901,0.276315789473684,0.193109504467329,0.39537368045695,0.723684210526316,0.60462631954305,0.806890495532671,120,1.9775797427366e-12,119996320
202,-0.693147180559945,0.207019667698161,0.5,0.333238018739346,0.750214519176897,0.5,0.249785480823103,0.666761981260654,105,0.000813327191096673,407598505
227,-0.822358912039952,0.218046806052835,0.439393939393939,0.286584227328677,0.673683390658832,0.560606060606061,0.326316609341168,0.713415772671323,91,0.000162282930650339,722782813
252,-0.680408154782515,0.195701950550376,0.506410256410257,0.345080716113612,0.743163369676877,0.493589743589743,0.256836630323123,0.654919283886388,118,0.000507517294239264,922686475
452,-0.586175061007777,0.216219374892458,0.556451612903226,0.364234550791399,0.850107154386719,0.443548387096774,0.149892845613281,0.635765449208601,100,0.00670765696525622,378202174
352,-0.534542150383307,0.211147657503229,0.5859375,0.387366519820556,0.886299502768827,0.4140625,0.113700497231173,0.612633480179444,107,0.0113542300104696,851726638
52,-0.942801857422487,0.195400069344794,0.38953488372093,0.265595990921748,0.571309171907587,0.61046511627907,0.428690828092413,0.734404009078252,110,1.40015768278673e-06,346476224
402,-0.865759923226939,0.197187721571896,0.420731707317073,0.285863528334526,0.619229639308135,0.579268292682927,0.380770360691865,0.714136471665474,110,1.13071241943202e-05,181003213
102,-0.823767362977009,0.17898622922766,0.438775510204082,0.308950587463823,0.623154498378794,0.561224489795918,0.376845501621206,0.691049412536177,135,4.17637313255743e-06,750761469
427,-0.950976289862045,0.193476497518512,0.386363636363636,0.264428798469862,0.564525726274651,0.613636363636364,0.435474273725349,0.735571201530138,112,8.86904435750552e-07,199394926
477,-1.1239300966524,0.188107988650332,0.325,0.224784080531472,0.469895375821382,0.675,0.530104624178618,0.775215919468528,115,2.30203773884625e-09,912913475
652,-0.919271360012293,0.196811831342508,0.398809523809524,0.271168342431997,0.586532464869364,0.601190476190476,0.413467535130636,0.728831657568003,109,3.00009223692023e-06,776454882
302,-0.966440515559626,0.189802119934747,0.380434782608696,0.262252936399438,0.551874178438506,0.619565217391304,0.448125821561494,0.737747063600562,116,3.54620181579762e-07,146796830
277,-1.00900012997842,0.187400767419964,0.364583333333333,0.252511399488491,0.526396064548771,0.635416666666667,0.473603935451229,0.747488600511508,118,7.2774210976618e-08,279171942
602,-1.17995792812206,0.194377174290518,0.307291666666667,0.209940695789832,0.449784964499253,0.692708333333333,0.550215035500747,0.790059304210168,107,1.27548196694504e-09,203967738
327,-0.693147180559946,0.21004201249813,0.5,0.331269856178916,0.754671743706668,0.5,0.245328256293332,0.668730143821084,102,0.000966708231129404,276873260
827,-1.12002638317193,0.173020708406313,0.326271186440678,0.232435911776013,0.457988123642403,0.673728813559322,0.542011876357597,0.767564088223987,136,9.58433693141717e-11,439500053
127,-0.287682072451781,0.222222221971987,0.75,0.485182764949668,1.15935692822549,0.25,-0.159356928225495,0.514817235050332,108,0.195468839115032,540348865
777,-0.906721280858004,0.203749948534004,0.403846153846154,0.270884203754536,0.602071710774684,0.596153846153846,0.397928289225316,0.729115796245464,102,8.58035736838614e-06,293656690
702,-0.798507696217772,0.210818510714938,0.45,0.297689469485473,0.680239043557709,0.55,0.319760956442291,0.702310530514527,98,0.000152076075264545,591072277
802,-1.17865499634165,0.215579124652676,0.307692307692308,0.201657953471438,0.469480893677854,0.692307692307692,0.530519106322146,0.798342046528562,87,4.56712292162944e-08,171094055
927,-1.03347298649715,0.180953813869428,0.355769230769231,0.249540027811951,0.507220211009645,0.644230769230769,0.492779788990355,0.750459972188049,126,1.12147470943728e-08,523259930
502,-0.830006363277143,0.191282898606837,0.436046511627907,0.299717787499421,0.634385305887906,0.563953488372093,0.365614694112094,0.700282212500579,118,1.43030878389869e-05,490386568
527,-0.351397886837889,0.224042254211507,0.703703703703704,0.453612197677103,1.09167898293337,0.296296296296296,-0.0916789829333697,0.546387802322897,103,0.116777385441396,7271891
627,-0.847297860387204,0.194160790869993,0.428571428571429,0.2929228492722,0.627037016211308,0.571428571428571,0.372962983788692,0.7070771507278,114,1.2776524701586e-05,282914752
677,-1.08401348924696,0.18466346896438,0.338235294117647,0.235522874719141,0.485740989376407,0.661764705882353,0.514259010623593,0.764477125280859,120,4.35241388684836e-09,897815385
28,-0.87048119584286,0.199813345769804,0.41875,0.28305666910944,0.619492778784176,0.58125,0.380507221215824,0.71694333089056,107,1.3217574416162e-05,705176057
377,-0.693147180559946,0.207019667698161,0.5,0.333238018739345,0.750214519176897,0.5,0.249785480823103,0.666761981260655,105,0.000813327191096666,666823183
977,-0.717244732139006,0.189748901904512,0.488095238095238,0.33650383071071,0.70797696700237,0.511904761904762,0.29202303299763,0.66349616928929,124,0.000156848665654441,535052409
577,-0.857035035665062,0.192235387228751,0.424418604651163,0.29118121572255,0.618622157775716,0.575581395348837,0.381377842224284,0.70881878427745,116,8.26282469244102e-06,541921893
752,-0.916290731874155,0.201556443740163,0.4,0.269460328794643,0.593779428369721,0.6,0.406220571630279,0.730539671205357,104,5.46555391310858e-06,129583986
78,-0.836248024200618,0.187197048734122,0.433333333333334,0.300247694176034,0.625409558241885,0.566666666666666,0.374590441758115,0.699752305823966,123,7.92473264647405e-06,789097255
177,-0.839750654751821,0.189433807638463,0.431818181818182,0.297889074445395,0.62596099738106,0.568181818181818,0.37403900261894,0.702110925554605,120,9.29522980011135e-06,505698209
852,-0.988611393453781,0.197182184705862,0.372093023255814,0.25281902210539,0.5476376611327,0.627906976744186,0.4523623388673,0.74718097789461,107,5.33945170645871e-07,131158385
228,-0.932039088842294,0.202170759226245,0.39375,0.264930832724109,0.585205809779994,0.60625,0.414794190220006,0.735069167275891,103,4.02363572212875e-06,105221862
877,-0.884814599772138,0.193236438096295,0.412790697674419,0.282648540658967,0.602855262189825,0.587209302325581,0.397144737810175,0.717351459341033,114,4.67378176442894e-06,159212398
902,-1.29928298413026,0.186677488883688,0.272727272727273,0.189159606952372,0.393213786429489,0.727272727272727,0.606786213570511,0.810840393047628,115,3.4017362327791e-12,13297478
727,-0.858226930919394,0.185902241156443,0.423913043478261,0.294466914094307,0.610263020494893,0.576086956521739,0.389736979505107,0.705533085905693,124,3.90172661309874e-06,7843487
53,-1.05605267424931,0.193298035286211,0.347826086956522,0.238136828297919,0.508039800614676,0.652173913043478,0.491960199385324,0.761863171702081,110,4.67261337692786e-08,454379437
453,-0.871130335755302,0.18634951954175,0.418478260869565,0.290436974176006,0.602967495158828,0.581521739130435,0.397032504841172,0.709563025823994,123,2.94366411979452e-06,875866303
552,-0.823508998423189,0.186763085438199,0.438888888888889,0.304355784080188,0.632889095149818,0.561111111111111,0.367110904850182,0.695644215919812,124,1.0366804662719e-05,315867879
952,-0.761200643804961,0.20099825006811,0.467105263157895,0.315010289725736,0.692635555047332,0.532894736842105,0.307364444952668,0.684989710274264,109,0.000152415249140667,383779317
103,-1.3672461661492,0.195188866911993,0.254807692307692,0.173807082610923,0.373557619654168,0.745192307692308,0.626442380345832,0.826192917389077,105,2.47454851269742e-12,84687378
3,-1.07342203983955,0.187972169242157,0.341836734693877,0.236492041767025,0.494106915027978,0.658163265306122,0.505893084972022,0.763507958232975,116,1.12620204967232e-08,547522080
403,-0.83034830207343,0.200865397736571,0.435897435897436,0.294040652504543,0.646191514688683,0.564102564102564,0.353808485311317,0.705959347495457,107,3.5672956571261e-05,594374811
153,-1.26224171244991,0.18850620998514,0.283018867924528,0.195595389077453,0.409517218064703,0.716981132075472,0.590482781935297,0.804404610922547,113,2.14169624733086e-11,254856587
203,-0.925479157928562,0.19943635400766,0.396341463414634,0.26810750817825,0.58590882698151,0.603658536585366,0.41409117301849,0.73189249182175,106,3.47611397039677e-06,445046227
428,-0.810930216216329,0.208333333369669,0.444444444444444,0.295449886189844,0.668576545230433,0.555555555555556,0.331423454769567,0.704550113810156,100,9.92308036313131e-05,163273884
278,-1.07880966137193,0.18629514852158,0.34,0.235995759351211,0.489839310324059,0.66,0.510160689675941,0.764004240648789,118,7.00257268693835e-09,754092815
253,-1.22910877759748,0.198641420493767,0.292553191489362,0.198207898324924,0.431806050989487,0.707446808510638,0.568193949010513,0.801792101675076,102,6.10966051587481e-10,369593879
828,-0.922721622204445,0.204377244116306,0.397435897435898,0.266256896503884,0.593243948399935,0.602564102564102,0.406756051600065,0.733743103496115,101,6.33776592269596e-06,338570414
303,-0.919271360012293,0.196811831342508,0.398809523809524,0.271168342431997,0.586532464869364,0.601190476190476,0.413467535130636,0.728831657568003,109,3.00009223692022e-06,32276281
328,-0.925479157928562,0.19943635400766,0.396341463414634,0.26810750817825,0.58590882698151,0.603658536585366,0.41409117301849,0.73189249182175,106,3.47611397039678e-06,69476505
803,-0.490910314065049,0.220379821187445,0.612068965517241,0.39738613986463,0.942731466872406,0.387931034482759,0.0572685331275937,0.60261386013537,100,0.025909555676634,197917083
128,-0.865759923226939,0.197187721571896,0.420731707317073,0.285863528334526,0.619229639308134,0.579268292682927,0.380770360691866,0.714136471665474,110,1.13071241943201e-05,821912896
503,-0.903868211875598,0.179849045098771,0.405,0.284686739488181,0.576159607205062,0.595,0.423840392794938,0.715313260511819,131,5.01586915061989e-07,339506071
353,-0.462623521948113,0.227470699880476,0.62962962962963,0.403145434996789,0.983351009569789,0.37037037037037,0.0166489904302111,0.596854565003211,95,0.0419745969841912,894952000
628,-0.947381318944186,0.183210420044209,0.387755102040816,0.270774977644017,0.55527294459369,0.612244897959184,0.44472705540631,0.729225022355983,125,2.32842956250857e-07,622881280
378,-1.42266200529077,0.190724045107111,0.241071428571429,0.165882716957079,0.350340498030946,0.758928571428571,0.649659501969054,0.834117283042921,110,8.70036523201355e-14,463822737
678,-0.767255152713667,0.209656967381894,0.464285714285714,0.307839954936761,0.700237967920955,0.535714285714286,0.299762032079045,0.692160045063239,100,0.000252635042325673,979309461
29,-0.996829594358168,0.199846331164001,0.369047619047619,0.249443908204303,0.545999082940792,0.630952380952381,0.454000917059208,0.750556091795697,104,6.10137388218936e-07,466568374
79,-1.02004996616501,0.18045526474387,0.360576923076923,0.253159441324951,0.513572461588488,0.639423076923077,0.486427538411512,0.746840558675049,127,1.57995291538453e-08,556003200
853,-0.929535958624176,0.207322107248973,0.394736842105263,0.262926744919366,0.592625807477368,0.605263157894737,0.407374192522632,0.737073255080634,98,7.34164970051685e-06,756686043
178,-0.624154309072993,0.204706526166013,0.535714285714286,0.358663115586492,0.800165345826199,0.464285714285714,0.199834654173801,0.641336884413508,110,0.00229589134326328,514245045
878,-1.03407376753054,0.194543625527341,0.355555555555556,0.242835197093364,0.520598968352246,0.644444444444444,0.479401031647754,0.757164802906636,109,1.06433557399696e-07,66438054
778,-1.2372587819594,0.182323224657459,0.290178571428572,0.202988543837018,0.414819485497342,0.709821428571428,0.585180514502658,0.797011456162982,121,1.1522655788337e-11,990646937
478,-0.784118958765672,0.183422714927756,0.456521739130435,0.318663091446913,0.654020198424506,0.543478260869565,0.345979801575494,0.681336908553087,130,1.91198797814754e-05,517865539
603,-1.21639532432449,0.184779648572793,0.296296296296296,0.206272580076052,0.425609138968127,0.703703703703704,0.574390861031873,0.793727419923948,118,4.61201983226619e-11,963641467
903,-1.16693153264559,0.184443594869733,0.311320754716981,0.21687495500097,0.446896287849915,0.688679245283019,0.553103712150085,0.78312504499903,119,2.50351963021334e-10,801073713
653,-1.01693425765384,0.18969047975148,0.361702127659574,0.249394134071082,0.524585029398382,0.638297872340426,0.475414970601618,0.750605865928918,115,8.27538326911336e-08,467948140
728,-1.13036098698269,0.192255989766787,0.322916666666667,0.221534753143257,0.470694426637796,0.677083333333333,0.529305573362204,0.778465246856743,110,4.11612409487675e-09,347484096
703,-1.01654733561381,0.210944560652247,0.361842105263158,0.239311057552511,0.547110988018367,0.638157894736842,0.452889011981633,0.76068894244749,93,1.4426070970285e-06,953632156
54,-0.870077888719023,0.207740365118517,0.418918918918919,0.278805318888195,0.629446602123724,0.581081081081081,0.370553397876276,0.721194681111805,99,2.81058289506206e-05,264881478
928,-1.01160091167848,0.195837362979488,0.363636363636364,0.247725230159323,0.533782549616096,0.636363636363636,0.466217450383904,0.752274769840677,108,2.3977730198728e-07,579086024
553,-0.845487905141964,0.185465248212762,0.429347826086957,0.298497681895827,0.617557746495091,0.570652173913043,0.382442253504909,0.701502318104173,125,5.14613544066931e-06,850329470
953,-0.957839734787028,0.195977879152367,0.383720930232558,0.26133574482592,0.563419873529432,0.616279069767442,0.436580126470568,0.73866425517408,109,1.02130183395473e-06,782132245
104,-0.750305594399894,0.18435543961828,0.472222222222222,0.329020369616371,0.677750825641886,0.527777777777778,0.322249174358114,0.670979630383629,130,4.70361791140162e-05,512632642
4,-0.913006656672965,0.206662120647513,0.401315789473684,0.267654858435456,0.601724040513632,0.598684210526315,0.398275959486368,0.732345141564544,99,9.96777301899546e-06,295020403
528,-1.02961941718116,0.201186954070367,0.357142857142857,0.240763874096519,0.529776408054598,0.642857142857143,0.470223591945402,0.759236125903481,102,3.0924375786911e-07,728373409
578,-1.17188448977444,0.198199369559638,0.309782608695652,0.210062932230704,0.456840545979281,0.690217391304348,0.543159454020719,0.789937067769296,103,3.36636844286043e-09,859772898
154,-0.949576709507622,0.197975097440376,0.386904761904762,0.262474650712824,0.57032286500064,0.613095238095238,0.42967713499936,0.737525349287176,107,1.61506099429542e-06,115759785
204,-1.145132304303,0.20145574103263,0.318181818181818,0.214385753288851,0.4722313300599,0.681818181818182,0.5277686699401,0.785614246711149,100,1.31359316133778e-08,853759148
978,-0.841067310636567,0.198727838102024,0.43125,0.292126977716629,0.636629194447089,0.56875,0.363370805552911,0.707873022283371,109,2.3135768367575e-05,341654106
753,-0.613104472886409,0.201490174819581,0.541666666666667,0.364941592492985,0.803971878824467,0.458333333333333,0.196028121175533,0.635058407507015,114,0.00234348751204319,403554782
279,-1.03798766685167,0.188518475743516,0.354166666666667,0.244760012399161,0.512477616536548,0.645833333333333,0.487522383463452,0.755239987600839,116,3.67023928552818e-08,655438724
229,-1.10930757778486,0.193405346391732,0.329787234042553,0.225739163256626,0.481793314763895,0.670212765957447,0.518206685236105,0.774260836743374,109,9.71325485344423e-09,705748915
254,-1.13707856949591,0.18323156630364,0.320754716981132,0.223978359698709,0.459346110954839,0.679245283018868,0.540653889045161,0.776021640301291,121,5.44569207990629e-10,162710556
304,-1.1274327272036,0.200676686207237,0.323863636363636,0.218547520119829,0.47993065719148,0.676136363636364,0.52006934280852,0.781452479880171,101,1.93007324277605e-08,952845935
829,-0.36593426935153,0.209489788309935,0.693548387096774,0.460000956769289,1.04567035821576,0.306451612903226,-0.0456703582157645,0.539999043230711,117,0.0806741014939102,220615296
329,-0.922721622204446,0.204377244116306,0.397435897435897,0.266256896503884,0.593243948399935,0.602564102564103,0.406756051600065,0.733743103496116,101,6.33776592269589e-06,214908093
354,-0.7407752295492,0.188284189239498,0.476744186046511,0.329623079937247,0.68953005042129,0.523255813953489,0.31046994957871,0.670376920062753,125,8.34233836850949e-05,775205342
129,-1.339774345485,0.176137818286579,0.261904761904762,0.185444779545523,0.369889648425242,0.738095238095238,0.630110351574758,0.814555220454477,129,2.81840508846186e-14,716918587
504,-0.903868211875597,0.179849045098771,0.405,0.284686739488181,0.576159607205062,0.595,0.423840392794938,0.715313260511819,131,5.01586915061995e-07,103615117
454,-0.940983344464527,0.200038106157736,0.390243902439024,0.263671616214564,0.577575643435629,0.609756097560976,0.422424356564371,0.736328383785436,105,2.55087665918551e-06,35124268
404,-0.787176130208222,0.199312650620411,0.455128205128205,0.30794879892394,0.672649751604919,0.544871794871795,0.327350248395081,0.69205120107606,110,7.83296862509722e-05,82266543
629,-0.852995881501841,0.189896303473369,0.426136363636364,0.2937031260627,0.618284874415863,0.573863636363636,0.381715125584137,0.7062968739373,119,7.058938922193e-06,814512738
679,-1.09861228866811,0.204124145259976,0.333333333333333,0.223423040562851,0.497312680156881,0.666666666666667,0.502687319843119,0.776576959437149,98,7.36304088543857e-08,115532375
379,-0.93826963859293,0.188753859126204,0.391304347826087,0.27030065447183,0.566476958506798,0.608695652173913,0.433523041493202,0.72969934552817,118,6.66554214111494e-07,952865642
429,-0.980829253011726,0.194624736070338,0.375,0.256074534571137,0.549156518962391,0.625,0.450843481037609,0.743925465428863,110,4.66525450718907e-07,882500383
80,-0.857035035665062,0.192235387228751,0.424418604651163,0.29118121572255,0.618622157775716,0.575581395348837,0.381377842224284,0.70881878427745,116,8.26282469244109e-06,989794566
479,-0.816761136527122,0.190823763465107,0.441860465116279,0.303987456386683,0.642265549221943,0.558139534883721,0.357734450778057,0.696012543613317,119,1.86737464889516e-05,425318608
879,-0.955511445027436,0.178131325826618,0.384615384615385,0.271269516044096,0.545321111786087,0.615384615384615,0.454678888213913,0.728730483955904,132,8.13609099468884e-08,592509453
779,-0.84949325095064,0.204206769898776,0.427631578947368,0.286581829630623,0.638103146834954,0.572368421052632,0.361896853165046,0.713418170369377,103,3.18294760501173e-05,622274050
604,-1.02232898391848,0.203320919870709,0.359756097560976,0.241513317092754,0.535889495826833,0.640243902439024,0.464110504173167,0.758486682907246,100,4.95222989197585e-07,438050843
804,-0.526093095896778,0.207662088644842,0.590909090909091,0.393331185580095,0.887734221236586,0.409090909090909,0.112265778763414,0.606668814419905,111,0.0112958923646253,483985957
179,-0.792519654373149,0.204822850717765,0.452702702702703,0.303017395269352,0.676329940900459,0.547297297297297,0.323670059099541,0.696982604730648,104,0.000109151337587038,789364297
654,-1.27078147399805,0.196443328865353,0.280612244897959,0.190938608593776,0.412400784558975,0.719387755102041,0.587599215441025,0.809061391406224,104,9.86882296031224e-11,775747251
729,-0.968090227234297,0.178574906100479,0.379807692307692,0.267645854243047,0.538972978094773,0.620192307692308,0.461027021905227,0.732354145756953,131,5.92003807047031e-08,631788780
704,-1.28720345847566,0.199251744961632,0.276041666666667,0.186797581092058,0.407922850449323,0.723958333333333,0.592077149550677,0.813202418907942,101,1.04573932378561e-10,55859166
929,-1.07613943281605,0.198479065407467,0.340909090909091,0.231043042950338,0.503018860816527,0.659090909090909,0.496981139183473,0.768956957049662,104,5.89592478510984e-08,393966311
55,-0.940007258491471,0.18484227513626,0.390625,0.271908012131375,0.561174676056533,0.609375,0.438825323943467,0.728091987868625,123,3.66743836056156e-07,524523901
554,-0.84516338785857,0.201411019532695,0.42948717948718,0.289406868282225,0.637369936790758,0.57051282051282,0.362630063209242,0.710593131717775,106,2.71415905950063e-05,973522049
5,-1.00435975042192,0.197810085279547,0.366279069767442,0.248562639857607,0.539744657630601,0.633720930232558,0.460255342369399,0.751437360142393,106,3.8264675026081e-07,974156858
529,-1.00144854021446,0.185194633195897,0.36734693877551,0.255527983363389,0.528097829644878,0.63265306122449,0.471902170355122,0.744472016636611,121,6.38940545533016e-08,940177619
105,-0.91251000903425,0.221745247631899,0.401515151515151,0.259987244668932,0.620085870372317,0.598484848484849,0.379914129627683,0.740012755331068,86,3.86965132793162e-05,976259892
579,-0.880358722648092,0.197727403938873,0.414634146341463,0.281422743998283,0.610901140646126,0.585365853658537,0.389098859353874,0.718577256001717,109,8.49213335025344e-06,179014953
155,-0.913387972216193,0.194289906039794,0.401162790697675,0.274120033346879,0.587084361093371,0.598837209302326,0.412915638906629,0.725879966653121,112,2.5868746804188e-06,437340505
854,-0.547965170715447,0.211573895957836,0.578125,0.381882470386149,0.875213034227617,0.421875,0.124786965772383,0.618117529613851,106,0.00959907178541308,467738502
205,-0.910870664404816,0.18775687460059,0.402173913043478,0.278352390446898,0.581075866002163,0.597826086956522,0.418924133997837,0.721647609553102,120,1.2263595122294e-06,599693102
754,-0.921988752988793,0.192387595818816,0.397727272727273,0.272787680943036,0.579890495509975,0.602272727272728,0.420109504490025,0.727212319056964,114,1.64838759428951e-06,139376272
280,-1.01693425765384,0.18969047975148,0.361702127659574,0.249394134071082,0.524585029398382,0.638297872340426,0.475414970601618,0.750605865928918,115,8.27538326911336e-08,415258861
904,-0.908666806763496,0.181841664984124,0.403061224489796,0.282219562370632,0.575645250536748,0.596938775510204,0.424354749463252,0.717780437629368,128,5.82224180209038e-07,635395017
230,-0.921988752988793,0.192387595818816,0.397727272727272,0.272787680943036,0.579890495509975,0.602272727272728,0.420109504490025,0.727212319056964,114,1.64838759428951e-06,723863244
355,-0.949867027407759,0.176247117676677,0.386792452830189,0.273814329888202,0.546386310853339,0.613207547169811,0.453613689146661,0.726185670111798,135,7.0691491958217e-08,293205817
954,-0.980829253011726,0.199204768253061,0.375,0.253786117358656,0.554108323432308,0.625,0.445891676567692,0.746213882641344,105,8.49126753275099e-07,694857817
455,-0.653406851910431,0.200035096844474,0.52027027027027,0.351527112367765,0.77001501336237,0.47972972972973,0.22998498663763,0.648472887632235,114,0.0010890078886543,971971469
405,-0.826678573184468,0.198206241827255,0.4375,0.296663829433551,0.645195777205028,0.5625,0.354804222794972,0.703336170566449,110,3.03532308688848e-05,369487558
30,-0.522801814812706,0.201543100310035,0.592857142857143,0.399389146551323,0.880042922727666,0.407142857142857,0.119957077272334,0.600610853448677,118,0.00948678387278781,199675564
979,-1.22377543162212,0.190458682691325,0.294117647058823,0.202489430220448,0.427208423754471,0.705882352941177,0.572791576245529,0.797510569779552,111,1.31513163346106e-10,144215752
630,-0.705725962766805,0.194057279848015,0.49375,0.337540005051986,0.722252351872937,0.50625,0.277747648127063,0.662459994948014,119,0.000276165097029617,588802159
380,-0.706752832615724,0.201805988957337,0.493243243243243,0.332111241032281,0.732552431073735,0.506756756756757,0.267447568926265,0.667888758967718,110,0.000461536976638652,113774223
680,-0.916290731874155,0.190029237547352,0.4,0.275617513934955,0.580514633180241,0.6,0.419485366819759,0.724382486065045,117,1.42239445669214e-06,770554592
430,-0.744440474947495,0.195340458560599,0.475,0.323906385542542,0.696574720569584,0.525,0.303425279430416,0.676093614457458,116,0.000138411536662953,851185524
780,-0.852995881501841,0.189896303473369,0.426136363636364,0.2937031260627,0.618284874415863,0.573863636363636,0.381715125584137,0.7062968739373,119,7.058938922193e-06,684767239
255,-0.757685701697516,0.195789002109726,0.46875,0.319363574123842,0.688013850993523,0.53125,0.311986149006477,0.680636425876158,115,0.00010887580177509,615559586
880,-1.20019208148603,0.203949006532837,0.301136363636364,0.201911703410146,0.449122601476578,0.698863636363636,0.550877398523422,0.798088296589854,97,3.98618716367911e-09,468362128
330,-1.21924027645672,0.183211444987568,0.295454545454545,0.206319753906014,0.423097579253207,0.704545454545455,0.576902420746793,0.793680246093986,120,2.83635522591029e-11,45825044
480,-0.666478933477785,0.200461771219788,0.513513513513513,0.346671793963222,0.760650659075449,0.486486486486487,0.239349340924551,0.653328206036778,113,0.000885078907109887,125668154
805,-1.02232898391848,0.203320919870709,0.359756097560976,0.241513317092754,0.535889495826833,0.640243902439024,0.464110504173167,0.758486682907246,100,4.9522298919759e-07,126927736
505,-0.774116243093612,0.185122702566494,0.461111111111111,0.320795935536302,0.662799721681831,0.538888888888889,0.337200278318169,0.679204064463698,128,2.89415711145886e-05,508278229
305,-1.145132304303,0.20145574103263,0.318181818181818,0.214385753288851,0.472231330059899,0.681818181818182,0.527768669940101,0.785614246711149,100,1.31359316133762e-08,450190022
705,-0.679724160227805,0.200898880828734,0.506756756756757,0.341817356058247,0.751285462739541,0.493243243243243,0.248714537260459,0.658182643941753,112,0.00071590528504973,895055772
130,-0.707962266345086,0.21056385695691,0.492647058823529,0.326064572385837,0.744334543282679,0.507352941176471,0.255665456717321,0.673935427614163,101,0.000773181563120979,707525014
555,-0.795801334620029,0.194688873409076,0.451219512195122,0.308083473554725,0.66085676663029,0.548780487804878,0.33914323336971,0.691916526445275,115,4.35944727903721e-05,660696596
930,-0.738267615840414,0.211651553518462,0.477941176470588,0.315657650236595,0.723656683102333,0.522058823529411,0.276343316897667,0.684342349763405,99,0.000486415967990818,604423179
855,-1.06784063000136,0.207802353677886,0.34375,0.228749957844544,0.516564302845917,0.65625,0.483435697154083,0.771250042155456,95,2.7659836978242e-07,279348843
81,-0.736949803218338,0.208558868719544,0.478571428571429,0.317995618510719,0.720231974633883,0.521428571428571,0.279768025366117,0.682004381489281,102,0.000410043720591455,242488564
156,-0.870828357797398,0.192729610737002,0.418604651162791,0.286914374738223,0.610739194001691,0.581395348837209,0.389260805998309,0.713085625261777,115,6.23103917600314e-06,718602294
530,-0.830006363277142,0.191282898606837,0.436046511627907,0.299717787499421,0.634385305887906,0.563953488372093,0.365614694112094,0.700282212500579,118,1.4303087838987e-05,439059935
580,-1.2576769832978,0.191961512954917,0.284313725490196,0.195164080628902,0.414186331017633,0.715686274509804,0.585813668982367,0.804835919371098,109,5.68802987087128e-11,994514537
755,-0.637577329405135,0.205146147993156,0.528571428571428,0.353576153022942,0.790177031774857,0.471428571428572,0.209822968225143,0.646423846977058,109,0.00188410574518339,507691963
830,-0.724895878874526,0.177724566441824,0.484375,0.341902514365226,0.686216482088738,0.515625,0.313783517911262,0.658097485634774,141,4.52765187992164e-05,278343393
905,-1.07992015565596,0.180988434509971,0.339622641509434,0.238198488184449,0.484232874461106,0.660377358490566,0.515767125538894,0.761801511815551,125,2.41965068992014e-09,751204294
281,-1.02165124753198,0.184089350313768,0.36,0.250960494646505,0.516415941013149,0.64,0.483584058986851,0.749039505353495,122,2.86066163696498e-08,463438622
605,-0.865759923226939,0.197187721571896,0.420731707317073,0.285863528334526,0.619229639308135,0.579268292682927,0.380770360691865,0.714136471665474,110,1.13071241943203e-05,411937926
655,-1.11436064563625,0.191589011209581,0.328125,0.225402359935882,0.477661439106612,0.671875,0.522338560893388,0.774597640064118,111,6.01241304563057e-09,278036650
180,-0.880358722648092,0.197727403938873,0.414634146341463,0.281422743998283,0.610901140646126,0.585365853658537,0.389098859353874,0.718577256001717,109,8.49213335025346e-06,253784892
231,-0.953430278823611,0.185329023246947,0.385416666666667,0.268026750091627,0.554220826442371,0.614583333333333,0.445779173557629,0.731973249908373,122,2.68194794999749e-07,798742138
356,-0.852995881501841,0.189896303473369,0.426136363636364,0.2937031260627,0.618284874415863,0.573863636363636,0.381715125584137,0.7062968739373,119,7.05893892219303e-06,497213620
955,-0.775385278796918,0.201498148313727,0.460526315789474,0.310269379581623,0.683549526610095,0.539473684210526,0.316450473389905,0.689730620418377,108,0.000119036851751279,949262068
730,-1.01024313821802,0.191479773292393,0.364130434782609,0.250189512664041,0.529962155979804,0.635869565217391,0.470037844020196,0.749810487335959,113,1.32049678895033e-07,612933664
56,-1.1044432089789,0.201989290839272,0.331395348837209,0.223055436490936,0.492356873065493,0.668604651162791,0.507643126934507,0.776944563509064,100,4.55577165510957e-08,31791231
6,-0.780158557549575,0.207193853539488,0.458333333333333,0.305363915424346,0.687931460901407,0.541666666666667,0.312068539098593,0.694636084575654,102,0.000166312150700721,641059122
456,-0.936377490440892,0.19292492416054,0.392045454545455,0.268607682439814,0.572208646579537,0.607954545454545,0.427791353420463,0.731392317560186,113,1.21249423979831e-06,12424618
406,-1.06784063000136,0.189696727686742,0.34375,0.237013213970264,0.498554745200092,0.65625,0.501445254799908,0.762986786029736,114,1.81048419229162e-08,492642609
106,-0.575364144903563,0.200308404059937,0.5625,0.379856624023045,0.83296230732784,0.4375,0.16703769267216,0.620143375976955,117,0.00407378020225454,535460929
980,-0.622529613345992,0.189086964710486,0.536585365853658,0.370414268855327,0.777302277631099,0.463414634146342,0.222697722368901,0.629585731144673,129,0.000993741659275787,522788412
31,-0.563094052311747,0.199932237707473,0.569444444444445,0.384829831861903,0.842624319792874,0.430555555555555,0.157375680207126,0.615170168138097,118,0.00485614555551316,187083545
381,-0.973107206917816,0.196571690103327,0.377906976744186,0.257076739880844,0.555529384487003,0.622093023255814,0.444470615512997,0.742923260119156,108,7.40635976104595e-07,881815590
206,-0.930276973848895,0.190543247784142,0.394444444444445,0.271515818758086,0.573028932401579,0.605555555555555,0.426971067598421,0.728484181241914,116,1.04889978486165e-06,271358476
256,-0.852995881501841,0.189896303473369,0.426136363636364,0.2937031260627,0.618284874415863,0.573863636363636,0.381715125584137,0.7062968739373,119,7.05893892219303e-06,647556497
781,-1.00144854021446,0.185194633195897,0.36734693877551,0.255527983363389,0.528097829644878,0.63265306122449,0.471902170355122,0.744472016636611,121,6.3894054553302e-08,434042367
331,-0.765467842139571,0.189092078010411,0.465116279069768,0.321074689675127,0.673778282787093,0.534883720930232,0.326221717212907,0.678925310324873,123,5.16301861273282e-05,150722979
806,-0.921988752988793,0.192387595818816,0.397727272727272,0.272787680943036,0.579890495509975,0.602272727272728,0.420109504490025,0.727212319056964,114,1.64838759428951e-06,793795305
506,-0.928869514081015,0.180715876055744,0.395,0.277186109601428,0.562888956536645,0.605,0.437111043463355,0.722813890398572,129,2.74820108959047e-07,581275958
306,-0.773189888233481,0.198821313103029,0.461538461538462,0.312586983519598,0.681467120226184,0.538461538461538,0.318532879773816,0.687413016480402,111,0.000100712776627391,253360274
706,-0.773189888233482,0.198821313103029,0.461538461538462,0.312586983519598,0.681467120226184,0.538461538461539,0.318532879773816,0.687413016480402,111,0.000100712776627389,83665719
131,-0.608589792531883,0.207184164854768,0.544117647058823,0.36252447351763,0.816673177863211,0.455882352941177,0.183326822136789,0.63747552648237,108,0.00330940696531349,788014172
556,-0.988611393453782,0.197182184705862,0.372093023255814,0.252819022105389,0.547637661132699,0.627906976744186,0.452362338867301,0.747180977894611,107,5.33945170645859e-07,662588708
631,-0.707535918012045,0.207519112880018,0.492857142857143,0.328156088125579,0.740221413086659,0.507142857142857,0.259778586913341,0.671843911874421,104,0.000650826497504169,703324259
82,-0.994815494986466,0.186863159521092,0.369791666666667,0.25638871768685,0.533353721528148,0.630208333333333,0.466646278471852,0.74361128231315,119,1.01641360419423e-07,456544806
431,-0.919271360012293,0.196811831342508,0.398809523809524,0.271168342431997,0.586532464869364,0.601190476190476,0.413467535130636,0.728831657568003,109,3.00009223692021e-06,830181133
581,-0.716677677970139,0.187511535301615,0.488372093023256,0.338174402161157,0.705278991312462,0.511627906976744,0.294721008687538,0.661825597838843,127,0.000132349094541668,249528085
856,-0.769133087537867,0.193773420913971,0.463414634146342,0.316978283522283,0.677501060181905,0.536585365853658,0.322498939818095,0.683021716477717,117,7.21024286540566e-05,994707595
681,-0.810930216216328,0.208333333369669,0.444444444444445,0.295449886189845,0.668576545230433,0.555555555555555,0.331423454769567,0.704550113810155,100,9.92308036313141e-05,947410646
831,-0.826678573184468,0.198206241827255,0.4375,0.296663829433551,0.645195777205028,0.5625,0.354804222794972,0.703336170566449,110,3.03532308688848e-05,435637497
881,-0.738267615840415,0.211651553518461,0.477941176470588,0.315657650236594,0.723656683102332,0.522058823529412,0.276343316897668,0.684342349763406,99,0.000486415967990803,746651153
606,-1.10343157510406,0.183639654930999,0.331730769230769,0.231457574696136,0.475444812721763,0.668269230769231,0.524555187278237,0.768542425303864,121,1.87042057609513e-09,352610012
656,-1.05314991459135,0.199806107593459,0.348837209302326,0.235802028245535,0.516057472021081,0.651162790697674,0.483942527978919,0.764197971754465,103,1.35786406613184e-07,890795956
481,-0.8754687373539,0.202547873450592,0.416666666666667,0.280142948855723,0.619723294197645,0.583333333333333,0.380276705802355,0.719857051144277,104,1.54424639470161e-05,176543050
181,-1.02417969388534,0.175613342428899,0.359090909090909,0.254520086630189,0.506625165420013,0.640909090909091,0.493374834579987,0.745479913369811,134,5.47619074880289e-09,243450548
357,-0.505094949057006,0.22083585042257,0.603448275862069,0.391439126941321,0.930284676665682,0.396551724137931,0.0697153233343176,0.608560873058679,99,0.0221843655000462,212339599
956,-1.00435975042192,0.197810085279547,0.366279069767442,0.248562639857607,0.539744657630601,0.633720930232558,0.460255342369399,0.751437360142393,106,3.82646750260806e-07,875596335
731,-0.826678573184468,0.198206241827255,0.4375,0.296663829433551,0.645195777205028,0.5625,0.354804222794972,0.703336170566448,110,3.03532308688852e-05,152399370
931,-0.919271360012293,0.196811831342508,0.398809523809524,0.271168342431997,0.586532464869364,0.601190476190476,0.413467535130636,0.728831657568003,109,3.00009223692022e-06,296712590
7,-1.09861228866811,0.190940653982726,0.333333333333333,0.229271338250325,0.484627132022044,0.666666666666667,0.515372867977956,0.770728661749675,112,8.73190320301409e-09,538447423
32,-1.17411984117625,0.181349663752245,0.309090909090909,0.216631256265239,0.441012953207781,0.690909090909091,0.558987046792219,0.783368743734761,123,9.52256604340815e-11,645671459
107,-0.999521386023878,0.215976161462799,0.368055555555556,0.241031684299583,0.56202109846661,0.631944444444444,0.43797890153339,0.758968315700417,89,3.69348469099433e-06,3824637
407,-0.960626545694207,0.183688585952438,0.38265306122449,0.266961838294743,0.548480510172441,0.61734693877551,0.451519489827559,0.733038161705257,124,1.69833596562776e-07,327469072
981,-0.885519073207401,0.200378429889156,0.4125,0.278523294866236,0.610922867624841,0.5875,0.389077132375159,0.721476705133764,106,9.90515753949867e-06,466680750
157,-0.980829253011727,0.204124145263351,0.375,0.251350920631545,0.559476765180191,0.625,0.440523234819809,0.748649079368455,100,1.54703257088e-06,50823501
531,-1.00435975042192,0.197810085279547,0.366279069767442,0.248562639857607,0.539744657630601,0.633720930232558,0.460255342369399,0.751437360142393,106,3.82646750260806e-07,74647082
382,-0.945982521681558,0.187016646031184,0.388297872340426,0.269138701740829,0.560213884844003,0.611702127659574,0.439786115155997,0.730861298259171,120,4.23055403632356e-07,366143077
756,-1.2005772153248,0.193280407224314,0.301020408163265,0.206098750766566,0.439659560253281,0.698979591836735,0.560340439746719,0.793901249233434,108,5.24536044177461e-10,187455960
257,-1.16315080980568,0.19364916733511,0.3125,0.213803864891659,0.456756242687594,0.6875,0.543243757312406,0.786196135108341,108,1.89588561540596e-09,421428973
782,-1.09330723643842,0.192742345186423,0.335106382978723,0.229678381191146,0.488928419517317,0.664893617021277,0.511071580482683,0.770321618808854,110,1.40829670504082e-08,62184272
207,-1.06087196068526,0.181988071392387,0.346153846153846,0.242304028253881,0.494512972279409,0.653846153846154,0.505487027720591,0.757695971746119,124,5.56440603493185e-09,307058694
807,-0.610909082322973,0.204277564253097,0.542857142857143,0.363750985541156,0.810152794809892,0.457142857142857,0.189847205190108,0.636249014458844,111,0.00278445127948892,375904308
282,-0.8754687373539,0.202547873450592,0.416666666666667,0.280142948855723,0.619723294197645,0.583333333333333,0.380276705802355,0.719857051144277,104,1.54424639470161e-05,96729351
906,-0.904456274227151,0.196253423346127,0.404761904761905,0.27551700839653,0.594635519962872,0.595238095238095,0.405364480037128,0.72448299160347,110,4.05362097203601e-06,852708719
507,-0.789774016249017,0.202011245011977,0.453947368421053,0.305529549213581,0.674462466320555,0.546052631578947,0.325537533679445,0.694470450786419,107,9.24664088958663e-05,287127134
232,-0.987138422204991,0.177556054208397,0.372641509433962,0.263120837620395,0.52774875532115,0.627358490566038,0.47225124467885,0.736879162379605,132,2.70412977393751e-08,736873382
307,-1.01160091167848,0.195837362979488,0.363636363636363,0.247725230159323,0.533782549616095,0.636363636363637,0.466217450383905,0.752274769840677,108,2.39777301987277e-07,182401834
57,-0.66497630359325,0.206059014397351,0.514285714285714,0.343405075495306,0.770197690109512,0.485714285714286,0.229802309890488,0.656594924504694,107,0.00125044837632474,572277743
632,-1.034896474282,0.211741134419701,0.355263157894737,0.234593401022959,0.538002820228473,0.644736842105263,0.461997179771527,0.765406598977041,92,1.02095894945517e-06,306103122
83,-0.736949803218339,0.208558868719544,0.478571428571428,0.317995618510719,0.720231974633883,0.521428571428572,0.279768025366117,0.682004381489281,102,0.000410043720591451,322607838
457,-0.895173808433232,0.198281660901171,0.408536585365854,0.276983117420035,0.602571532651538,0.591463414634146,0.397428467348462,0.723016882579965,108,6.34191439312291e-06,90468694
432,-0.538996500732688,0.208062594495599,0.583333333333333,0.387983800129518,0.877041200339253,0.416666666666667,0.122958799660747,0.612016199870482,110,0.0095822771953894,274900680
332,-0.561570822771226,0.21201091970876,0.5703125,0.376399353172703,0.86412568171182,0.4296875,0.13587431828818,0.623600646827297,105,0.008078229238162,170209513
682,-0.543615446588981,0.214818419461085,0.580645161290323,0.381115876634213,0.884635944079163,0.419354838709677,0.115364055920837,0.618884123365787,103,0.0113873734531145,567299738
582,-0.888891757686041,0.189038979439611,0.411111111111111,0.283823887087362,0.595483161806567,0.588888888888889,0.404516838193433,0.716176112912638,119,2.57422114065187e-06,373547254
832,-0.679353858427609,0.20365757504065,0.506944444444445,0.340100073557836,0.755638383328322,0.493055555555555,0.244361616671678,0.659899926442164,109,0.000850649657805974,787834687
882,-1.28944453512997,0.17981592792071,0.275423728813559,0.193616229478703,0.391796858134298,0.724576271186441,0.608203141865702,0.806383770521297,124,7.44987546964475e-13,769497172
482,-0.767255152713667,0.209656967381894,0.464285714285714,0.307839954936761,0.700237967920955,0.535714285714286,0.299762032079045,0.692160045063239,100,0.000252635042325673,78722419
182,-0.861284102361943,0.194663892041055,0.422619047619048,0.288569788852455,0.618938178250364,0.577380952380952,0.381061821749636,0.711430211147545,113,9.66803675209525e-06,371074404
707,-1.08705146626703,0.201239144490076,0.337209302325581,0.227302638144667,0.500258661769401,0.662790697674418,0.499741338230599,0.772697361855333,101,6.59794064931667e-08,701105989
358,-1.02961941718116,0.201186954070367,0.357142857142857,0.240763874096519,0.529776408054598,0.642857142857143,0.470223591945402,0.759236125903481,102,3.0924375786911e-07,51002049
957,-0.932039088842294,0.202170759226245,0.39375,0.264930832724109,0.585205809779993,0.60625,0.414794190220007,0.735069167275891,103,4.0236357221287e-06,93924939
932,-0.719815427642107,0.199572801257608,0.486842105263158,0.329239137549346,0.719887791048354,0.513157894736842,0.280112208951646,0.670760862450654,112,0.000310018861723393,711209770
132,-1.29774096377845,0.18832862519669,0.273148148148148,0.188839414008135,0.395097131754225,0.726851851851852,0.604902868245775,0.811160585991865,113,5.54669165744379e-12,167129883
857,-1.05280275263682,0.1890997262768,0.348958333333333,0.240886019469596,0.505516752989261,0.651041666666667,0.494483247010739,0.759113980530404,115,2.58498282593917e-08,409244754
108,-0.973449145714104,0.192166866516067,0.377777777777778,0.259217115903062,0.550565686550138,0.622222222222222,0.449434313449862,0.740782884096938,113,4.07019605835551e-07,204321442
8,-0.557972402191693,0.194448045234066,0.572368421052631,0.390985983402538,0.837896045702991,0.427631578947369,0.162103954297009,0.609014016597462,125,0.00411096353241017,467416993
33,-0.889857474806,0.195709676422467,0.410714285714286,0.279866831139806,0.602737465539564,0.589285714285714,0.397262534460436,0.720133168860194,111,5.44614757601555e-06,803492499
557,-0.418043890315024,0.214456431702444,0.658333333333334,0.432414451271,1.00228560008546,0.341666666666666,-0.00228560008545875,0.567585548729,109,0.051257400309946,155891856
158,-0.961411167154625,0.180078749351268,0.382352941176471,0.268646462317368,0.544186476029563,0.617647058823529,0.455813523970437,0.731353537682632,129,9.35444758758826e-08,529513930
408,-0.927986771637346,0.194837615255976,0.395348837209302,0.269857434347058,0.579197321211216,0.604651162790698,0.420802678788784,0.730142565652942,111,1.90856187734442e-06,993243647
532,-0.910870664404816,0.18775687460059,0.402173913043478,0.278352390446898,0.581075866002163,0.597826086956522,0.418924133997837,0.721647609553102,120,1.22635951222941e-06,865226484
607,-0.830006363277142,0.191282898606837,0.436046511627907,0.299717787499421,0.634385305887906,0.563953488372093,0.365614694112094,0.700282212500579,118,1.43030878389871e-05,904373653
757,-0.745790914045367,0.19787505949137,0.474358974358974,0.321866342798072,0.699098994317854,0.525641025641026,0.300901005682146,0.678133657201928,113,0.000163903502142895,960907627
783,-0.8754687373539,0.202547873450592,0.416666666666667,0.280142948855723,0.619723294197645,0.583333333333333,0.380276705802355,0.719857051144277,104,1.54424639470162e-05,475451903
808,-0.579202921210728,0.223310039944175,0.560344827586207,0.361720828420176,0.86803496269197,0.439655172413793,0.13196503730803,0.638279171579824,94,0.00949447578955854,504047364
907,-0.782378314287887,0.194225583405369,0.457317073170732,0.312530422470431,0.669179351438121,0.542682926829268,0.330820648561879,0.687469577529569,116,5.62069747424543e-05,504521593
258,-0.81918790145531,0.203079202830633,0.440789473684211,0.296053284690573,0.656285101899395,0.559210526315789,0.343714898100605,0.703946715309427,105,5.48739653759686e-05,352840665
283,-0.78845736036427,0.187689298415565,0.454545454545455,0.314641423848716,0.65665724404831,0.545454545454545,0.34334275595169,0.685358576151284,124,2.65897392205639e-05,891935749
657,-0.85566611005772,0.199263349280289,0.425,0.287591244165474,0.628061541039379,0.575,0.371938458960621,0.712408755834526,108,1.75366271595846e-05,98166010
508,-0.800777844752311,0.178246457580771,0.448979591836735,0.316594190301708,0.636722593341895,0.551020408163265,0.363277406658105,0.683405809698292,137,7.0381468289696e-06,744388523
233,-0.665748206371831,0.203202586712688,0.513888888888889,0.34506655831904,0.765306819095733,0.486111111111111,0.234693180904267,0.65493344168096,110,0.00105184892279946,327298466
732,-1.09294655113243,0.199189420604141,0.335227272727273,0.226876232466636,0.495324358829396,0.664772727272727,0.504675641170604,0.773123767533364,103,4.08884497258967e-08,416279225
58,-0.606135803570316,0.210218741165566,0.545454545454545,0.361260142028513,0.823563483882876,0.454545454545455,0.176436516117124,0.638739857971487,105,0.00393460505072414,247946191
633,-0.81918790145531,0.203079202830633,0.440789473684211,0.296053284690573,0.656285101899395,0.559210526315789,0.343714898100605,0.703946715309427,105,5.48739653759689e-05,836305257
458,-1.15923691048455,0.187704137264736,0.313725490196078,0.217157961023168,0.453235436246654,0.686274509803922,0.546764563753346,0.782842038976832,115,6.57988706948223e-10,275955510
433,-1.03407376753054,0.194543625527341,0.355555555555556,0.242835197093364,0.520598968352246,0.644444444444444,0.479401031647754,0.757164802906636,109,1.06433557399696e-07,217492967
333,-0.823508998423189,0.186763085438199,0.438888888888889,0.304355784080188,0.632889095149819,0.561111111111111,0.367110904850181,0.695644215919812,124,1.03668046627191e-05,439479373
982,-1.03798766685167,0.188518475743516,0.354166666666667,0.244760012399161,0.512477616536548,0.645833333333333,0.487522383463452,0.755239987600839,116,3.67023928552814e-08,699394473
583,-1.09330723643842,0.192742345186423,0.335106382978723,0.229678381191146,0.488928419517317,0.664893617021277,0.511071580482683,0.770321618808854,110,1.40829670504082e-08,518925917
208,-0.628608659422374,0.221265300659026,0.533333333333333,0.345666555942125,0.822886795250359,0.466666666666667,0.177113204749641,0.654333444057875,94,0.00449761746499622,3450840
383,-1.17337236387722,0.175065081290058,0.309322033898305,0.219480120414454,0.435939803907101,0.690677966101695,0.564060196092899,0.780519879585546,132,2.04894339526523e-11,291521790
883,-1.08401348924696,0.18466346896438,0.338235294117647,0.235522874719141,0.485740989376407,0.661764705882353,0.514259010623593,0.764477125280859,120,4.35241388684833e-09,107550138
833,-1.01856958099457,0.193924824656436,0.361111111111111,0.246928797527917,0.528092453668383,0.638888888888889,0.471907546331617,0.753071202472083,110,1.50134889408043e-07,99156658
483,-0.664159643686693,0.209039419594147,0.514705882352941,0.341683852466639,0.775342889095368,0.485294117647059,0.224657110904632,0.658316147533361,104,0.00148705430502805,518166146
183,-1.2576769832978,0.191961512954917,0.284313725490196,0.195164080628902,0.414186331017633,0.715686274509804,0.585813668982367,0.804835919371098,109,5.68802987087134e-11,538709631
708,-0.793230639116927,0.192269130542058,0.452380952380953,0.310344840723744,0.659423000555911,0.547619047619047,0.340576999444089,0.689655159276256,118,3.69726729113082e-05,689315928
84,-1.11342737445325,0.185831149920893,0.32843137254902,0.228173326359702,0.472742227127752,0.67156862745098,0.527257772872248,0.771826673640298,118,2.07776475947237e-09,560699506
133,-1.10343157510406,0.183639654930999,0.331730769230769,0.231457574696136,0.475444812721763,0.668269230769231,0.524555187278237,0.768542425303864,121,1.87042057609515e-09,664329186
308,-0.892636540976265,0.1851043185423,0.409574468085106,0.284952055636465,0.588699893855866,0.590425531914894,0.411300106144134,0.715047944363534,124,1.41881594325775e-06,657306575
933,-0.980829253011726,0.194624736070338,0.375,0.256074534571137,0.549156518962391,0.625,0.450843481037609,0.743925465428863,110,4.66525450718907e-07,21578459
858,-0.718464988544236,0.194474967115041,0.4875,0.332994628426108,0.713693944924209,0.5125,0.286306055075791,0.667005371573892,118,0.000220421462710979,279425804
109,-0.622195444587661,0.207630428385156,0.536764705882353,0.357312830028541,0.80634202096229,0.463235294117647,0.19365797903771,0.642687169971459,107,0.00272965111689735,880514951
558,-0.902867711542015,0.209030365516628,0.405405405405405,0.269130281271405,0.610683948143978,0.594594594594595,0.389316051856022,0.730869718728595,97,1.5651520435831e-05,832019161
9,-0.793230639116928,0.192269130542058,0.452380952380952,0.310344840723744,0.659423000555911,0.547619047619047,0.340576999444089,0.689655159276256,118,3.6972672911308e-05,447388981
34,-1.11923157587085,0.189824032395763,0.326530612244898,0.225084398477638,0.473698938949875,0.673469387755102,0.526301061050125,0.774915601522362,113,3.72073548913737e-09,996019741
683,-0.895173808433233,0.198281660901171,0.408536585365853,0.276983117420035,0.602571532651538,0.591463414634147,0.397428467348462,0.723016882579965,108,6.34191439312273e-06,979875597
533,-0.741937344729377,0.190550580746149,0.476190476190476,0.327780985675746,0.691795374118588,0.523809523809524,0.308204625881412,0.672219014324254,122,9.8746932402588e-05,56856010
608,-0.649975008694737,0.208557598038085,0.522058823529412,0.346892484650703,0.785676909372506,0.477941176470588,0.214323090627494,0.653107515349297,105,0.00182996043172437,4723826
784,-1.03212254739928,0.206261629154876,0.35625,0.237785110093665,0.533734271460513,0.64375,0.466265728539487,0.762214889906335,97,5.61678002362751e-07,464385352
809,-0.961411167154624,0.180078749351268,0.382352941176471,0.268646462317369,0.544186476029563,0.617647058823529,0.455813523970437,0.731353537682631,129,9.35444758758837e-08,423682783
658,-1.19440335330979,0.187360041397357,0.302884615384615,0.209795446640301,0.437278747970042,0.697115384615385,0.562721252029958,0.790204553359699,115,1.83070733966289e-10,61990497
758,-0.782094666576441,0.181395983233094,0.457446808510638,0.320579731716605,0.652747388289519,0.542553191489362,0.347252611710481,0.679420268283395,133,1.6212698082862e-05,658741883
359,-0.622195444587661,0.207630428385156,0.536764705882353,0.357312830028541,0.80634202096229,0.463235294117647,0.19365797903771,0.642687169971459,107,0.00272965111689734,117460100
234,-0.8754687373539,0.202547873450592,0.416666666666667,0.280142948855723,0.619723294197645,0.583333333333333,0.380276705802355,0.719857051144277,104,1.54424639470164e-05,751306867
733,-0.865759923226939,0.197187721571896,0.420731707317073,0.285863528334526,0.619229639308135,0.579268292682927,0.380770360691865,0.714136471665474,110,1.13071241943203e-05,238918252
59,-0.757685701697517,0.195789002109726,0.46875,0.319363574123842,0.688013850993522,0.53125,0.311986149006478,0.680636425876158,115,0.000108875801775088,832655045
159,-1.07613943281605,0.198479065407467,0.340909090909091,0.231043042950338,0.503018860816527,0.659090909090909,0.496981139183473,0.768956957049662,104,5.89592478510979e-08,654025511
634,-1.1595210417551,0.180761090429857,0.313636363636364,0.22007073341022,0.446982509081206,0.686363636363636,0.553017490918793,0.77992926658978,124,1.41136951685615e-10,618335852
958,-0.497032301633655,0.216868539436404,0.608333333333333,0.397688267410481,0.930551577128803,0.391666666666667,0.0694484228711968,0.602311732589519,103,0.0219137308392553,56477903
434,-0.973449145714103,0.192166866516067,0.377777777777778,0.259217115903062,0.550565686550139,0.622222222222222,0.449434313449861,0.740782884096938,113,4.07019605835557e-07,805688165
459,-0.776034840365713,0.187277739606465,0.460227272727273,0.318831520346776,0.66432936847527,0.539772727272727,0.33567063152473,0.681168479653224,125,3.41650668611469e-05,863889441
983,-0.8754687373539,0.202547873450592,0.416666666666667,0.280142948855723,0.619723294197645,0.583333333333333,0.380276705802355,0.719857051144277,104,1.54424639470161e-05,509922935
259,-1.38629436111989,0.194257172489527,0.25,0.170839386697617,0.365840695217573,0.75,0.634159304782427,0.829160613302383,106,9.58160021212475e-13,96407432
334,-0.739667196194838,0.186096842113486,0.477272727272727,0.331406253449665,0.687341454264213,0.522727272727273,0.312658545735787,0.668593746550335,128,7.04869944620368e-05,137005882
409,-0.742744121699317,0.221826998078105,0.475806451612903,0.308042644713431,0.734936487793993,0.524193548387097,0.265063512206007,0.691957355286569,90,0.000813079065203731,221883911
908,-0.819898886199089,0.193191711354252,0.44047619047619,0.301631959314609,0.64323182071715,0.55952380952381,0.35676817928285,0.698368040685391,116,2.19604492328977e-05,675918079
284,-1.2405825499385,0.191198838092959,0.28921568627451,0.198825964632116,0.420698138404628,0.71078431372549,0.579301861595372,0.801174035367884,110,8.67285960078691e-11,859703988
384,-0.725937003382936,0.221189355984163,0.483870967741936,0.313655454284135,0.746459563274235,0.516129032258065,0.253540436725765,0.686344545715865,91,0.00103084286337391,878563036
209,-0.633958309169614,0.189432037243685,0.530487804878049,0.365957424194304,0.768989211638218,0.469512195121951,0.231010788361782,0.634042575805696,128,0.00081801294544058,752699981
884,-0.888891757686041,0.189038979439611,0.411111111111111,0.283823887087362,0.595483161806568,0.588888888888889,0.404516838193432,0.716176112912638,119,2.57422114065189e-06,181236509
584,-1.07485820266,0.182524727865589,0.341346153846154,0.238687504399457,0.488157924474186,0.658653846153846,0.511842075525814,0.761312495600543,123,3.88924969809914e-09,108481392
834,-1.11004098449173,0.199921614760549,0.329545454545455,0.222711036297848,0.48762831163127,0.670454545454545,0.51237168836873,0.777288963702152,102,2.81804476303044e-08,377594716
484,-0.955511445027436,0.178131325826618,0.384615384615385,0.271269516044096,0.545321111786087,0.615384615384615,0.454678888213913,0.728730483955904,132,8.13609099468884e-08,88596371
509,-0.502793452068726,0.213521422296351,0.604838709677419,0.3980061786001,0.91915624528989,0.395161290322581,0.0808437547101102,0.6019938213999,106,0.0185342640471411,960063868
709,-0.400477566597125,0.23436162875386,0.67,0.423239139398769,1.06062969657694,0.33,-0.0606296965769368,0.576760860601231,92,0.0874876743204378,999823047
85,-0.502793452068726,0.213521422296351,0.604838709677419,0.3980061786001,0.91915624528989,0.395161290322581,0.0808437547101102,0.6019938213999,106,0.0185342640471411,38084612
309,-0.720546154748059,0.202276829940852,0.486486486486487,0.32725962713402,0.723184535796851,0.513513513513513,0.276815464203149,0.67274037286598,109,0.000367790309080965,89257597
134,-1.13497993283898,0.205737799976613,0.321428571428572,0.214763337906635,0.481070593974134,0.678571428571428,0.518929406025866,0.785236662093366,96,3.4555603522512e-08,165430980
859,-1.06205469293431,0.191471175741306,0.345744680851064,0.237560891889732,0.503194710989257,0.654255319148936,0.496805289010743,0.762439108110268,112,2.90924585817022e-08,800839488
110,-0.750305594399894,0.206115647504166,0.472222222222222,0.315282933989525,0.707281629039593,0.527777777777778,0.292718370960407,0.684717066010475,104,0.000272408825614054,214860028
684,-0.60077386042893,0.216711667453012,0.548387096774194,0.358609608508997,0.838595511031557,0.451612903225806,0.161404488968443,0.641390391491003,99,0.00556742565125321,85859180
785,-0.640503447074523,0.199618485621735,0.527027027027027,0.356383283038045,0.779378552352848,0.472972972972973,0.220621447647152,0.643616716961956,115,0.00133365316989664,641033093
609,-1.01473080468741,0.205527076860837,0.3625,0.242305373783468,0.542316697100696,0.6375,0.457683302899304,0.757694626216532,98,7.92472028089506e-07,737844472
759,-0.870077888719024,0.207740365118517,0.418918918918919,0.278805318888195,0.629446602123724,0.581081081081081,0.370553397876276,0.721194681111805,99,2.81058289506205e-05,903749433
810,-1.21345154828048,0.186389217525207,0.297169811320755,0.206229077417659,0.428212635512915,0.702830188679245,0.571787364487085,0.79377092258234,116,7.49959758613894e-11,444982434
659,-0.806475865866949,0.192724822365591,0.446428571428571,0.30598794395971,0.651327849093286,0.553571428571429,0.348672150906714,0.69401205604029,117,2.85671451140424e-05,579105065
184,-1.12846525181779,0.186438618043618,0.323529411764706,0.224500301568612,0.466241156673133,0.676470588235294,0.533758843326867,0.775499698431388,117,1.42398952586934e-09,933751735
360,-0.8754687373539,0.182574185865576,0.416666666666667,0.291327397721143,0.595931287167473,0.583333333333333,0.404068712832527,0.708672602278857,128,1.62561456404891e-06,545709517
934,-1.08780137256389,0.194597437556027,0.336956521739131,0.230108270007806,0.493418587427047,0.663043478260869,0.506581412572953,0.769891729992194,108,2.27058211465783e-08,237768238
60,-0.637577329405135,0.205146147993156,0.528571428571428,0.353576153022942,0.790177031774856,0.471428571428572,0.209822968225144,0.646423846977058,109,0.00188410574518338,334154563
160,-0.974314571990532,0.180540455672291,0.377450980392157,0.264962396554052,0.537696082356867,0.622549019607843,0.462303917643133,0.735037603445948,128,6.78947196964116e-08,84494865
635,-0.980829253011726,0.179028718537414,0.375,0.264022990726223,0.532624070400825,0.625,0.467375929599175,0.735977009273777,130,4.28670240221719e-08,988385142
10,-0.972318563343818,0.206373879637434,0.378205128205128,0.25238390080896,0.566752152344812,0.621794871794872,0.433247847655188,0.74761609919104,98,2.45970109693841e-06,994330221
35,-1.13094766931105,0.179628297416161,0.322727272727273,0.226952924775397,0.45891848569503,0.677272727272727,0.54108151430497,0.773047075224602,126,3.05337678288049e-10,997570475
435,-0.765120680185035,0.206647407260301,0.465277777777778,0.310322823905181,0.69760711690344,0.534722222222222,0.30239288309656,0.689677176094819,103,0.000213450109795298,255135570
260,-1.24464384405686,0.20151192265581,0.28804347826087,0.194057658576852,0.427548420284388,0.71195652173913,0.572451579715612,0.805942341423148,99,6.55269812828803e-10,778410030
559,-0.953430278823612,0.185329023246947,0.385416666666667,0.268026750091627,0.554220826442371,0.614583333333333,0.445779173557629,0.731973249908373,122,2.68194794999744e-07,114222830
410,-0.913006656672965,0.206662120647513,0.401315789473684,0.267654858435456,0.601724040513632,0.598684210526316,0.398275959486368,0.732345141564544,99,9.96777301899535e-06,369481951
534,-0.90078654533819,0.20095923815011,0.40625,0.273991165867584,0.602351765530137,0.59375,0.397648234469863,0.726008834132416,105,7.37964291860999e-06,570034285
460,-1.17498526745268,0.188363635076435,0.308823529411765,0.213488735634488,0.446730700029179,0.691176470588235,0.553269299970822,0.786511264365512,114,4.43608172713506e-10,602740927
909,-0.884814599772137,0.193236438096295,0.412790697674419,0.282648540658967,0.602855262189825,0.587209302325581,0.397144737810175,0.717351459341033,114,4.67378176442897e-06,103107475
335,-0.534082485930258,0.221785123267312,0.586206896551724,0.379548329482061,0.90538805962798,0.413793103448276,0.09461194037202,0.620451670517939,97,0.0160354452141121,265136270
285,-1.22050210627715,0.174018193069128,0.295081967213115,0.209806102262848,0.415018278473497,0.704918032786885,0.584981721526503,0.790193897737152,133,2.32185452041115e-12,239001953
984,-0.988992563650887,0.20194971289372,0.371951219512195,0.250372185146186,0.552568208069245,0.628048780487805,0.447431791930755,0.749627814853814,102,9.72010373768677e-07,987215738
885,-0.801360765200178,0.199816765915046,0.448717948717949,0.303311657373495,0.663831384672782,0.551282051282051,0.336168615327218,0.696688342626505,109,6.05959191293057e-05,630711200
210,-0.809406986675807,0.195163710901192,0.445121951219512,0.303637467258911,0.652533276759675,0.554878048780488,0.347466723240325,0.696362532741089,114,3.36385042877156e-05,887779782
385,-0.954511944694353,0.181623272180071,0.385,0.269688681444944,0.549615205227882,0.615,0.450384794772118,0.730311318555056,127,1.47663325937662e-07,67145989
510,-0.721318057526642,0.205093861631477,0.486111111111111,0.325206589117578,0.726627381649525,0.513888888888889,0.273372618350475,0.674793410882422,106,0.000436430162061026,528123590
710,-1.23969088692802,0.180818624063513,0.289473684210526,0.203093487209231,0.412593308637652,0.710526315789474,0.587406691362348,0.796906512790769,123,7.08197599521653e-12,528253626
235,-1.08401348924696,0.18466346896438,0.338235294117647,0.235522874719141,0.485740989376407,0.661764705882353,0.514259010623593,0.764477125280859,120,4.35241388684827e-09,867397847
959,-1.29276830310907,0.193558740444515,0.274509803921568,0.187845312015459,0.4011579082839,0.725490196078431,0.5988420917161,0.812154687984541,107,2.40667425843236e-11,943428366
86,-0.994252273343867,0.183066964588671,0.37,0.258448991179444,0.529698333799835,0.63,0.470301666200165,0.741551008820556,124,5.60123973324918e-08,741416047
310,-0.555946059046461,0.205504932953399,0.573529411764706,0.383380110525281,0.857989178699135,0.426470588235294,0.142010821300865,0.616619889474719,112,0.00682491628387846,349690879
734,-0.456758402495715,0.215618245963014,0.633333333333333,0.415047462013605,0.966422271720728,0.366666666666667,0.033577728279272,0.584952537986395,106,0.0341440668236088,410704570
135,-0.615185639090234,0.198814051261702,0.54054054054054,0.366098074199086,0.798103285866968,0.45945945945946,0.201896714133032,0.633901925800914,117,0.00197293547164584,299622790
685,-0.826678573184468,0.20892772354542,0.4375,0.29049486283899,0.658897194013683,0.5625,0.341102805986317,0.70950513716101,99,7.59705835486575e-05,710332199
835,-0.895173808433231,0.198281660901171,0.408536585365854,0.276983117420035,0.602571532651539,0.591463414634146,0.397428467348461,0.723016882579965,108,6.34191439312301e-06,752511808
760,-1.11803037452521,0.184219031570685,0.326923076923077,0.227844239934043,0.469086680689366,0.673076923076923,0.530913319310634,0.772155760065957,120,1.28687086030881e-09,387490011
660,-1.04334960999306,0.197120026878631,0.352272727272727,0.239381261112259,0.518403461505575,0.647727272727273,0.481596538494425,0.760618738887741,106,1.20348269380709e-07,449653905
585,-1.07992015565596,0.180988434509971,0.339622641509434,0.238198488184449,0.484232874461106,0.660377358490566,0.515767125538894,0.761801511815551,125,2.41965068992017e-09,104802297
185,-0.881199412062885,0.214039267184851,0.414285714285714,0.272338727157486,0.63021757813377,0.585714285714286,0.36978242186623,0.727661272842514,93,3.83838024689927e-05,995958851
485,-0.942801857422487,0.195400069344794,0.38953488372093,0.265595990921748,0.571309171907587,0.61046511627907,0.428690828092413,0.734404009078252,110,1.40015768278674e-06,815364392
860,-1.05961013086484,0.197789573439589,0.346590909090909,0.235211405508778,0.510711876427183,0.653409090909091,0.489288123572817,0.764788594491222,105,8.44935839815834e-08,30767570
361,-1.11803037452521,0.184219031570685,0.326923076923077,0.227844239934043,0.469086680689366,0.673076923076923,0.530913319310634,0.772155760065957,120,1.28687086030881e-09,90791230
935,-0.864997437486605,0.204794505511767,0.421052631578947,0.281848019146332,0.629010340737971,0.578947368421053,0.370989659262029,0.718151980853668,102,2.4028804430322e-05,835586549
161,-0.902497409741819,0.189527972529084,0.405555555555556,0.279720214317281,0.587999365878558,0.594444444444444,0.412000634121442,0.720279785682719,118,1.91858187810065e-06,187658377
636,-0.932039088842294,0.202170759226245,0.39375,0.264930832724109,0.585205809779994,0.60625,0.414794190220006,0.735069167275891,103,4.02363572212873e-06,943226832
61,-0.832909122935104,0.185038186455019,0.434782608695652,0.302529252365598,0.624851697302159,0.565217391304348,0.375148302697841,0.697470747634402,126,6.75447078163347e-06,566656778
111,-0.810930216216328,0.208333333369669,0.444444444444445,0.295449886189845,0.668576545230433,0.555555555555555,0.331423454769567,0.704550113810155,100,9.92308036313145e-05,231047240
11,-0.651182981460914,0.20559683524121,0.521428571428571,0.348490128846793,0.780187823401938,0.478571428571429,0.219812176598062,0.651509871153207,108,0.00153871475771974,616245726
261,-0.731368393380143,0.194902573099658,0.48125,0.328450079647163,0.70513474299899,0.51875,0.29486525700101,0.671549920352837,117,0.000175092421482858,970744280
910,-0.904456274227152,0.196253423346127,0.404761904761905,0.27551700839653,0.594635519962872,0.595238095238095,0.405364480037128,0.72448299160347,110,4.05362097203596e-06,431396711
560,-0.902497409741819,0.189527972529084,0.405555555555556,0.279720214317281,0.587999365878558,0.594444444444444,0.412000634121442,0.720279785682719,118,1.91858187810065e-06,430073839
411,-0.722134717433198,0.208031994991702,0.485714285714286,0.3230752743948,0.730227244374774,0.514285714285714,0.269772755625226,0.6769247256052,103,0.00051800756176452,64476309
535,-0.845163387858571,0.201411019532695,0.42948717948718,0.289406868282225,0.637369936790757,0.57051282051282,0.362630063209243,0.710593131717775,106,2.71415905950062e-05,701920199
786,-0.936377490440892,0.19292492416054,0.392045454545455,0.268607682439814,0.572208646579537,0.607954545454545,0.427791353420463,0.731392317560186,113,1.21249423979831e-06,569544814
36,-0.655406852577099,0.194901781960452,0.519230769230769,0.35437226379538,0.760783558025998,0.480769230769231,0.239216441974002,0.645627736204621,120,0.000771689459156199,314947152
610,-0.413562318340784,0.210839242994703,0.661290322580645,0.437447035976477,0.999675057261855,0.338709677419355,0.000324942738145317,0.562552964023523,113,0.0498200931120701,879539858
286,-0.943088925028879,0.177697631534995,0.389423076923077,0.274893952496171,0.551668494207231,0.610576923076923,0.448331505792769,0.725106047503829,133,1.11280602800219e-07,986555846
886,-0.959775843813893,0.187524624101984,0.382978723404255,0.265187712879722,0.553090114876015,0.617021276595745,0.446909885123985,0.734812287120278,119,3.0857605354461e-07,110541569
811,-0.980829253011726,0.186338998153664,0.375,0.260267071184673,0.540310379487919,0.625,0.459689620512081,0.739732928815327,120,1.41198500445534e-07,336327745
711,-0.401795379219202,0.200999441839824,0.669117647058823,0.451244008882479,0.992186969339107,0.330882352941177,0.00781303066089301,0.548755991117521,125,0.0456097023343703,58644361
236,-0.929535958624176,0.207322107248973,0.394736842105263,0.262926744919366,0.592625807477368,0.605263157894737,0.407374192522632,0.737073255080634,98,7.34164970051685e-06,150155952
87,-1.0154347821892,0.185722024320904,0.362244897959184,0.251718655649976,0.521301711860115,0.637755102040816,0.478698288139885,0.748281344350024,120,4.56432555817489e-08,570592615
960,-0.93237686962578,0.186521069237077,0.393617021276596,0.273090660908224,0.567336718595177,0.606382978723404,0.432663281404823,0.726909339091776,121,5.76956595038929e-07,325126663
311,-0.880358722648092,0.197727403938873,0.414634146341463,0.281422743998283,0.610901140646126,0.585365853658537,0.389098859353874,0.718577256001717,109,8.49213335025353e-06,764759326
735,-1.05961013086484,0.197789573439589,0.346590909090909,0.235211405508777,0.510711876427183,0.653409090909091,0.489288123572817,0.764788594491223,105,8.44935839815817e-08,953314739
336,-0.989412996703117,0.207080672600011,0.371794871794872,0.247762746787567,0.557918526837635,0.628205128205128,0.442081473162365,0.752237253212433,97,1.77125857208163e-06,386608776
211,-1.17995792812206,0.194377174290518,0.307291666666666,0.209940695789831,0.449784964499252,0.692708333333333,0.550215035500748,0.790059304210169,107,1.27548196694499e-09,293458676
686,-0.736949803218339,0.208558868719544,0.478571428571428,0.317995618510719,0.720231974633883,0.521428571428572,0.279768025366117,0.682004381489281,102,0.000410043720591451,623151460
461,-0.895173808433232,0.198281660901171,0.408536585365854,0.276983117420035,0.602571532651538,0.591463414634146,0.397428467348462,0.723016882579965,108,6.34191439312286e-06,464118609
436,-0.916290731874155,0.201556443740163,0.4,0.269460328794643,0.593779428369721,0.6,0.406220571630279,0.730539671205357,104,5.46555391310858e-06,247143384
511,-0.682994809095927,0.174668753172188,0.505102040816326,0.358674755548634,0.711307577938041,0.494897959183674,0.288692422061959,0.641325244451366,148,9.22086932036591e-05,818984681
985,-0.942801857422487,0.195400069344794,0.38953488372093,0.265595990921748,0.571309171907587,0.61046511627907,0.428690828092413,0.734404009078252,110,1.40015768278673e-06,691437770
836,-0.965791375647186,0.194042896992758,0.380681818181818,0.260251068661109,0.556841696903552,0.619318181818182,0.443158303096448,0.739748931338891,111,6.45088211508028e-07,881527834
661,-1.00330210886378,0.193322883759312,0.366666666666667,0.251023680816178,0.53558470661936,0.633333333333333,0.46441529338064,0.748976319183822,111,2.10549276595634e-07,141557542
586,-0.617161273582023,0.196241971500507,0.539473684210527,0.367222087838897,0.79252274194181,0.460526315789473,0.20747725805819,0.632777912161103,120,0.00166143907392264,320908836
486,-0.893817876022097,0.191353499127253,0.409090909090909,0.281150872020887,0.595251121570035,0.590909090909091,0.404748878429965,0.718849127979113,116,2.99693610792971e-06,7090789
386,-0.81377516834856,0.188541203879056,0.443181818181818,0.306263591544863,0.641310718574823,0.556818181818182,0.358689281425177,0.693736408455137,122,1.58762473940032e-05,1718984
861,-1.20983792377833,0.179582131655248,0.298245614035088,0.209755558353267,0.424067171280189,0.701754385964912,0.575932828719812,0.790244441646733,125,1.61732907974573e-11,778692389
362,-1.0154347821892,0.185722024320904,0.362244897959184,0.251718655649976,0.521301711860115,0.637755102040816,0.478698288139885,0.748281344350024,120,4.56432555817491e-08,489881410
186,-1.03798766685167,0.188518475743516,0.354166666666667,0.244760012399161,0.512477616536548,0.645833333333333,0.487522383463452,0.755239987600839,116,3.67023928552818e-08,628053299
136,-1.11436064563625,0.191589011209581,0.328125,0.225402359935882,0.477661439106612,0.671875,0.522338560893388,0.774597640064118,111,6.01241304563057e-09,236175057
936,-1.29614326412559,0.190024482228964,0.273584905660377,0.188513735858088,0.397046402292634,0.726415094339623,0.602953597707366,0.811486264141912,111,9.04544282116437e-12,276995281
162,-0.668454567969574,0.192860368949493,0.5125,0.351180850311501,0.747923042406843,0.4875,0.252076957593157,0.648819149688499,122,0.000528257888486936,260472623
112,-1.40691364832263,0.203080025128148,0.244897959183673,0.164483801696828,0.364625633610246,0.755102040816327,0.635374366389754,0.835516198303172,97,4.27199748783697e-12,569378842
262,-0.704843220323137,0.187137702905593,0.494186046511628,0.342451109255757,0.713152452907953,0.505813953488372,0.286847547092047,0.657548890744243,128,0.000165590826438176,332624549
412,-0.980829253011726,0.190346746936019,0.375,0.25823067055641,0.544571253666325,0.625,0.455428746333675,0.74176932944359,115,2.56549855831995e-07,210491914
911,-0.822825003868478,0.205940871189591,0.439189189189189,0.293328630015421,0.657580352420822,0.560810810810811,0.342419647579178,0.706671369984579,102,6.45734035633838e-05,492275287
787,-0.830006363277142,0.191282898606837,0.436046511627907,0.299717787499421,0.634385305887906,0.563953488372093,0.365614694112094,0.700282212500579,118,1.4303087838987e-05,752430125
536,-0.706752832615725,0.201805988957337,0.493243243243243,0.332111241032281,0.732552431073735,0.506756756756757,0.267447568926265,0.667888758967719,110,0.00046153697663865,481786091
611,-0.707962266345087,0.210563856956909,0.492647058823529,0.326064572385837,0.744334543282679,0.507352941176471,0.255665456717321,0.673935427614163,101,0.000773181563120969,127718823
287,-1.05605267424931,0.193298035286211,0.347826086956522,0.238136828297919,0.508039800614676,0.652173913043478,0.491960199385324,0.761863171702081,110,4.67261337692782e-08,109001353
761,-0.830006363277142,0.191282898606837,0.436046511627907,0.299717787499421,0.634385305887906,0.563953488372093,0.365614694112094,0.700282212500579,118,1.43030878389871e-05,596013855
812,-1.14896617481372,0.178722270318208,0.316964285714286,0.22329636744396,0.449923836954406,0.683035714285714,0.550076163045594,0.77670363255604,127,1.2863205087006e-10,831986517
712,-0.725937003382937,0.221189355984163,0.483870967741935,0.313655454284135,0.746459563274235,0.516129032258065,0.253540436725765,0.686344545715865,91,0.00103084286337389,128638139
237,-0.956731701432666,0.200657070117415,0.384146341463414,0.259237063687197,0.56924117855997,0.615853658536586,0.43075882144003,0.740762936312803,104,1.86069346709984e-06,763027853
88,-1.01473080468741,0.205527076860837,0.3625,0.242305373783468,0.542316697100696,0.6375,0.457683302899304,0.757694626216532,98,7.9247202808951e-07,46549079
637,-0.58122926435596,0.195142243776904,0.559210526315789,0.381478405512454,0.819748662633469,0.440789473684211,0.180251337366531,0.618521594487546,123,0.002896722749991,306726507
961,-0.965791375647186,0.194042896992758,0.380681818181818,0.260251068661109,0.556841696903552,0.619318181818182,0.443158303096448,0.739748931338891,111,6.45088211508022e-07,144661703
312,-0.792519654373149,0.204822850717765,0.452702702702703,0.303017395269352,0.676329940900459,0.547297297297297,0.323670059099541,0.696982604730648,104,0.000109151337587037,716672682
12,-1.18744350237473,0.190770654535701,0.305,0.209853184420415,0.443286101456703,0.695,0.556713898543297,0.790146815579585,111,4.83230424391084e-10,317809311
462,-1.09362474715707,0.186883314247089,0.335,0.232257336636821,0.483192486511138,0.665,0.516807513488862,0.767742663363179,117,4.85953152535785e-09,590453118
337,-0.980829253011726,0.182574185863157,0.375,0.262194657950272,0.536338158448184,0.625,0.463661841551816,0.737805342049728,125,7.77718148398462e-08,850327816
212,-0.830768558435994,0.212049218838152,0.435714285714285,0.28754457413042,0.660234815244338,0.564285714285715,0.339765184755662,0.71245542586958,96,8.93570779038695e-05,546188893
62,-0.823508998423188,0.186763085438199,0.438888888888889,0.304355784080188,0.632889095149819,0.561111111111111,0.367110904850181,0.695644215919812,124,1.03668046627192e-05,152185937
687,-0.615185639090234,0.198814051261702,0.54054054054054,0.366098074199086,0.798103285866968,0.45945945945946,0.201896714133032,0.633901925800914,117,0.00197293547164584,240541399
437,-0.706392407309966,0.199120874901799,0.493421052631579,0.333984013578754,0.728970026353211,0.506578947368421,0.271029973646789,0.666015986421246,113,0.000388823432918304,160472327
561,-1.1239300966524,0.188107988650332,0.325,0.224784080531472,0.469895375821382,0.675,0.530104624178618,0.775215919468528,115,2.30203773884625e-09,460946785
512,-0.809406986675807,0.195163710901192,0.445121951219512,0.303637467258911,0.652533276759676,0.554878048780488,0.347466723240324,0.696362532741089,114,3.36385042877156e-05,494606995
37,-0.748717031714755,0.203255359899004,0.472972972972973,0.317559455494211,0.704445826734236,0.527027027027027,0.295554173265764,0.68244054450579,107,0.000229938195561984,253912133
986,-0.775385278796917,0.201498148313728,0.460526315789474,0.310269379581622,0.683549526610096,0.539473684210526,0.316450473389904,0.689730620418378,108,0.000119036851751285,965954860
837,-0.972732042779106,0.201294004314744,0.378048780487805,0.254803901971918,0.560905383796156,0.621951219512195,0.439094616203844,0.745196098028082,103,1.34900591355176e-06,234623134
587,-0.884814599772138,0.193236438096295,0.412790697674418,0.282648540658967,0.602855262189825,0.587209302325582,0.397144737810175,0.717351459341033,114,4.6737817644289e-06,975714073
487,-1.09861228866811,0.180020574980507,0.333333333333333,0.234231313629052,0.474364889090259,0.666666666666667,0.525635110909741,0.765768686370948,126,1.04288852146756e-09,763566025
862,-0.841992808157511,0.183363777144032,0.430851063829787,0.300779088953687,0.617172689261794,0.569148936170213,0.382827310738206,0.699220911046313,128,4.39175105974987e-06,393710919
387,-0.956731701432666,0.200657070117415,0.384146341463415,0.259237063687197,0.569241178559971,0.615853658536585,0.430758821440029,0.740762936312803,104,1.86069346709987e-06,533710900
363,-0.628608659422374,0.221265300659026,0.533333333333333,0.345666555942125,0.822886795250359,0.466666666666667,0.177113204749641,0.654333444057875,94,0.00449761746499622,603294680
736,-0.980829253011726,0.186338998153664,0.375,0.260267071184673,0.54031037948792,0.625,0.45968962051208,0.739732928815327,120,1.41198500445535e-07,650451761
187,-0.889857474806,0.195709676422467,0.410714285714286,0.279866831139806,0.602737465539565,0.589285714285714,0.397262534460435,0.720133168860194,111,5.44614757601557e-06,332786805
137,-0.632522558743511,0.191741247100043,0.53125,0.364828281622178,0.773587401845886,0.46875,0.226412598154114,0.635171718377822,125,0.000970872807471188,831736786
937,-1.02961941718116,0.186262925890363,0.357142857142857,0.247910361534098,0.514504596011489,0.642857142857143,0.485495403988511,0.752089638465902,119,3.24318884378344e-08,407712817
163,-0.628608659422374,0.221265300659026,0.533333333333333,0.345666555942125,0.822886795250359,0.466666666666667,0.177113204749641,0.654333444057875,94,0.00449761746499621,874125743
887,-0.980829253011726,0.209426954178083,0.375,0.248752080143445,0.565321905726003,0.625,0.434678094273997,0.751247919856554,95,2.8216134579445e-06,770985204
113,-1.13036098698269,0.192255989766787,0.322916666666667,0.221534753143257,0.470694426637796,0.677083333333333,0.529305573362204,0.778465246856743,110,4.11612409487675e-09,991658100
413,-0.529822124456646,0.214375125857141,0.588709677419355,0.386745026121869,0.896143611108754,0.411290322580645,0.103856388891246,0.613254973878131,104,0.0134558082131886,653920304
263,-0.548897571715399,0.222279400048465,0.577586206896552,0.373604626060362,0.892938157417908,0.422413793103448,0.107061842582092,0.626395373939638,96,0.0135338442347589,518187551
912,-0.706050585395853,0.196540170556312,0.493589743589744,0.335792375122011,0.725540104621092,0.506410256410256,0.274459895378908,0.664207624877989,116,0.000327648472033404,859007828
788,-0.849151429036527,0.187641240726075,0.427777777777778,0.29614043255055,0.617929222242415,0.572222222222222,0.382070777757585,0.70385956744945,122,6.02817477409947e-06,330955825
612,-1.02528101558256,0.192069377041755,0.358695652173913,0.246170701017249,0.522655906477894,0.641304347826087,0.477344093522106,0.753829298982751,112,9.39378586095835e-08,545386400
762,-0.627764421297094,0.199211583067715,0.533783783783783,0.361240278944764,0.788741301670016,0.466216216216217,0.211258698329984,0.638759721055236,116,0.00162576289065986,861083605
537,-0.655406852577099,0.194901781960452,0.519230769230769,0.354372263795379,0.760783558025997,0.480769230769231,0.239216441974003,0.645627736204621,120,0.000771689459156196,559232725
662,-1.36649173382371,0.199017193088614,0.255,0.172638016876835,0.376655160759816,0.745,0.623344839240184,0.827361983123165,101,6.59348917924211e-12,762816489
813,-0.83975065475182,0.189433807638463,0.431818181818182,0.297889074445395,0.62596099738106,0.568181818181818,0.37403900261894,0.702110925554605,120,9.29522980011154e-06,502038359
238,-0.775385278796918,0.201498148313727,0.460526315789473,0.310269379581622,0.683549526610095,0.539473684210527,0.316450473389905,0.689730620418378,108,0.000119036851751278,254506913
13,-0.857035035665062,0.192235387228751,0.424418604651163,0.29118121572255,0.618622157775716,0.575581395348837,0.381377842224284,0.70881878427745,116,8.26282469244102e-06,525727411
688,-0.502793452068726,0.213521422296351,0.60483870967742,0.398006178600101,0.91915624528989,0.39516129032258,0.0808437547101096,0.601993821399899,106,0.0185342640471412,510349239
338,-0.793790706339633,0.18177266471799,0.452127659574468,0.316618220529595,0.645633786363785,0.547872340425532,0.354366213636215,0.683381779470405,132,1.25998097364102e-05,431990075
63,-1.07880966137193,0.18629514852158,0.34,0.235995759351211,0.489839310324059,0.66,0.510160689675941,0.764004240648789,118,7.00257268693827e-09,413141798
463,-0.757685701697517,0.195789002109726,0.46875,0.319363574123842,0.688013850993522,0.53125,0.311986149006478,0.680636425876158,115,0.000108875801775087,628022914
562,-0.744440474947496,0.195340458560599,0.475,0.323906385542542,0.696574720569583,0.525,0.303425279430417,0.676093614457458,116,0.00013841153666295,501644143
213,-0.880358722648092,0.197727403938873,0.414634146341463,0.281422743998283,0.610901140646126,0.585365853658537,0.389098859353874,0.718577256001717,109,8.49213335025353e-06,873459848
513,-0.693147180559945,0.188982236409177,0.5,0.345229606357879,0.72415573692379,0.5,0.27584426307621,0.654770393642121,126,0.000244655871334566,575967937
38,-1.09861228866811,0.197202659463747,0.333333333333333,0.226474618741937,0.490611759182251,0.666666666666667,0.509388240817749,0.773525381258063,105,2.53308810084011e-08,926679313
288,-1.00583055521714,0.176569381196194,0.365740740740741,0.258748124397483,0.516974914307386,0.634259259259259,0.483025085692614,0.741251875602517,133,1.22279405506557e-08,793816710
588,-0.889857474805999,0.195709676422467,0.410714285714286,0.279866831139806,0.602737465539565,0.589285714285714,0.397262534460435,0.720133168860194,111,5.44614757601559e-06,732784523
638,-0.96703593087939,0.185827779088801,0.380208333333333,0.264146426114645,0.547266070801843,0.619791666666667,0.452733929198157,0.735853573885355,121,1.95110877274167e-07,546802317
838,-0.734532396722799,0.202759794052595,0.47972972972973,0.322409020159558,0.713815678831394,0.52027027027027,0.286184321168606,0.677590979840442,108,0.000291574519376706,498519646
713,-0.898999234764094,0.1937563631253,0.406976744186047,0.278383748110652,0.594970329383022,0.593023255813953,0.405029670616978,0.721616251889348,113,3.48672841325413e-06,258397352
863,-0.968994795364723,0.172109990264097,0.379464285714286,0.270813692070534,0.531705553850467,0.620535714285714,0.468294446149533,0.729186307929466,141,1.80115244974779e-08,503096937
388,-0.865759923226939,0.197187721571896,0.420731707317073,0.285863528334526,0.619229639308135,0.579268292682927,0.380770360691865,0.714136471665474,110,1.13071241943202e-05,940874908
313,-0.677146839213504,0.219387967624933,0.508064516129032,0.330503062192724,0.781020154055052,0.491935483870968,0.218979845944948,0.669496937807276,94,0.00202509698168822,508726830
138,-0.457581109247179,0.208795782858056,0.6328125,0.420288741658013,0.952801301734833,0.3671875,0.0471986982651672,0.579711258341987,113,0.0284138464553713,106623026
962,-0.830768558435993,0.212049218838152,0.435714285714286,0.287544574130421,0.660234815244339,0.564285714285714,0.339765184755661,0.712455425869579,96,8.93570779038713e-05,788598738
89,-0.974049566026348,0.184178383067404,0.377551020408163,0.263149606226074,0.541687198607411,0.622448979591837,0.458312801392589,0.736850393773926,123,1.23242310878338e-07,921747880
737,-1.03942341727778,0.204038288624786,0.353658536585366,0.237086289249898,0.527547843004408,0.646341463414634,0.472452156995592,0.762913710750102,99,3.50112139705484e-07,486753292
938,-0.836248024200619,0.187197048734122,0.433333333333333,0.300247694176034,0.625409558241885,0.566666666666667,0.374590441758115,0.699752305823966,123,7.92473264647398e-06,845186328
888,-0.870828357797398,0.192729610737002,0.418604651162791,0.286914374738223,0.610739194001691,0.581395348837209,0.389260805998309,0.713085625261777,115,6.23103917600312e-06,330036627
438,-0.610909082322974,0.204277564253097,0.542857142857143,0.363750985541156,0.810152794809891,0.457142857142857,0.189847205190109,0.636249014458844,111,0.00278445127948889,696888024
789,-0.620122045545056,0.210683500284303,0.537878787878788,0.355918282421506,0.812865212996635,0.462121212121212,0.187134787003365,0.644081717578494,104,0.00324647442966969,407625640
414,-1.09861228866811,0.185239643434187,0.333333333333333,0.231847530772744,0.479242158589223,0.666666666666667,0.520757841410777,0.768152469227257,119,3.01531517411986e-09,901744876
987,-0.883665504558079,0.180980226236291,0.413265306122449,0.289853333671345,0.589222870343565,0.586734693877551,0.410777129656435,0.710146666328655,130,1.04662510873718e-06,923557471
264,-1.22866541691631,0.212658358045051,0.292682926829268,0.192922227097798,0.444030202978746,0.707317073170731,0.555969797021254,0.807077772902202,89,7.57514874903912e-09,101975656
763,-0.869603617901502,0.216692464960756,0.419117647058824,0.27408608449568,0.640892084686968,0.580882352941176,0.359107915313032,0.72591391550432,91,5.99322696139252e-05,399406329
613,-0.841992808157511,0.183363777144032,0.430851063829787,0.300779088953687,0.617172689261794,0.569148936170213,0.382827310738206,0.699220911046313,128,4.39175105974985e-06,199297574
488,-0.617923759322358,0.213875556265912,0.5390625,0.354476882473376,0.819766797988795,0.4609375,0.180233202011205,0.645523117526624,101,0.00386254916726948,697193581
364,-0.916290731874155,0.190029237547352,0.4,0.275617513934955,0.580514633180241,0.6,0.419485366819759,0.724382486065045,117,1.42239445669214e-06,162329698
188,-0.96703593087939,0.185827779088801,0.380208333333333,0.264146426114645,0.547266070801843,0.619791666666667,0.452733929198157,0.735853573885355,121,1.95110877274169e-07,917260092
814,-0.637577329405134,0.205146147993156,0.528571428571429,0.353576153022942,0.790177031774857,0.471428571428571,0.209822968225143,0.646423846977058,109,0.00188410574518339,89497319
164,-1.09861228866811,0.180020574980507,0.333333333333334,0.234231313629052,0.47436488909026,0.666666666666667,0.52563511090974,0.765768686370948,126,1.04288852146758e-09,770938306
239,-0.95225588056767,0.189271332980811,0.385869565217391,0.266276276295603,0.559176068677499,0.614130434782609,0.440823931322501,0.733723723704397,117,4.87500631814106e-07,399034011
114,-1.00144854021446,0.185194633195897,0.36734693877551,0.255527983363389,0.528097829644878,0.63265306122449,0.471902170355122,0.744472016636611,121,6.3894054553302e-08,191618677
14,-0.591364486250003,0.227691277624079,0.553571428571429,0.354292941395207,0.864937713192494,0.446428571428571,0.135062286807506,0.645707058604793,90,0.00939815328422688,289969154
339,-0.463961314789773,0.205794127719945,0.628787878787879,0.420079880824091,0.941188127684039,0.371212121212121,0.0588118723159612,0.579920119175909,116,0.0241652027918363,798702020
913,-0.631015399452939,0.194137112289246,0.532051282051282,0.363666824576116,0.778400853754985,0.467948717948718,0.221599146245015,0.636333175423884,122,0.00115259221360665,146738678
214,-0.889857474806,0.195709676422467,0.410714285714286,0.279866831139806,0.602737465539564,0.589285714285714,0.397262534460436,0.720133168860194,111,5.44614757601557e-06,275996779
514,-0.950976289862045,0.193476497518512,0.386363636363636,0.264428798469862,0.564525726274651,0.613636363636364,0.435474273725349,0.735571201530138,112,8.86904435750552e-07,210684690
39,-0.995428052432879,0.190905769422509,0.369565217391304,0.254209516227536,0.537267258646739,0.630434782608696,0.462732741353261,0.745790483772464,114,1.84574708051342e-07,34338279
663,-0.830006363277142,0.191282898606837,0.436046511627907,0.299717787499421,0.634385305887906,0.563953488372093,0.365614694112094,0.700282212500579,118,1.4303087838987e-05,967798033
538,-0.784714374085436,0.19671967403058,0.45625,0.310280717716832,0.670889457881088,0.54375,0.329110542118912,0.689719282283168,113,6.63529983428298e-05,157301539
639,-0.925479157928562,0.19943635400766,0.396341463414634,0.268107508178249,0.585908826981509,0.603658536585366,0.414091173018491,0.731892491821751,106,3.47611397039677e-06,189250235
589,-0.629431366173837,0.196625197878161,0.532894736842105,0.362471411556869,0.783446063606212,0.467105263157895,0.216553936393788,0.637528588443131,119,0.00136869107700251,694117978
714,-0.826678573184468,0.180936716145186,0.4375,0.306877074519872,0.623722871118564,0.5625,0.376277128881436,0.693122925480128,132,4.90331854922885e-06,583986668
90,-1.1889349269614,0.181953816459961,0.304545454545455,0.213192907512115,0.435042304955792,0.695454545454545,0.564957695044207,0.786807092487885,122,6.39215676316143e-11,782218035
139,-0.807557531737689,0.205374151716533,0.445945945945946,0.298172389208975,0.666955740714973,0.554054054054054,0.333044259285027,0.701827610791025,103,8.41970756843247e-05,964133287
963,-1.04982212449868,0.185164019981253,0.35,0.243475992464626,0.503129687489815,0.65,0.496870312510185,0.756524007535374,120,1.4305823565756e-08,946281237
939,-0.823508998423189,0.186763085438199,0.438888888888889,0.304355784080188,0.632889095149819,0.561111111111111,0.367110904850181,0.695644215919812,124,1.03668046627191e-05,112812283
64,-1.18562366565774,0.201007563076833,0.305555555555556,0.206059307754281,0.45309381337046,0.694444444444444,0.54690618662954,0.793940692245719,100,3.67036052284282e-09,816143660
889,-0.717244732139006,0.189748901904512,0.488095238095238,0.33650383071071,0.70797696700237,0.511904761904762,0.29202303299763,0.66349616928929,124,0.000156848665654439,125678979
464,-0.733421079697886,0.200036045814872,0.480263157894737,0.324495203189863,0.710804654625571,0.519736842105263,0.289195345374429,0.675504796810137,111,0.000245946172369989,195202246
439,-1.09294655113243,0.199189420604141,0.335227272727273,0.226876232466636,0.495324358829396,0.664772727272727,0.504675641170604,0.773123767533364,103,4.08884497258967e-08,671767268
563,-1.00785792539965,0.183571866436865,0.365,0.254704259843718,0.523057604461522,0.635,0.476942395538478,0.745295740156282,123,4.0133445663129e-08,362311662
289,-1.3078227456784,0.198181956297444,0.270408163265306,0.183369462179144,0.398760916302852,0.729591836734694,0.601239083697148,0.816630537820856,102,4.13658447857672e-11,424882322
689,-1.02338886743052,0.18795235291687,0.359375,0.24863515202618,0.519437374693508,0.640625,0.480562625306492,0.75136484797382,117,5.18234969293036e-08,200908679
988,-0.793230639116928,0.192269130542058,0.452380952380952,0.310344840723744,0.659423000555911,0.547619047619048,0.340576999444089,0.689655159276256,118,3.69726729113076e-05,296521795
415,-1.10343157510406,0.183639654930999,0.331730769230769,0.231457574696136,0.475444812721762,0.668269230769231,0.524555187278238,0.768542425303864,121,1.87042057609488e-09,87974529
839,-0.919271360012293,0.196811831342508,0.398809523809524,0.271168342431998,0.586532464869364,0.601190476190476,0.413467535130636,0.728831657568003,109,3.00009223692023e-06,197220595
365,-0.815749502652278,0.200334169023091,0.442307692307692,0.29867559569849,0.655011984548108,0.557692307692308,0.344988015451892,0.70132440430151,108,4.66224046239936e-05,328443097
314,-0.801360765200178,0.199816765915046,0.448717948717949,0.303311657373495,0.663831384672782,0.551282051282051,0.336168615327218,0.696688342626505,109,6.05959191293057e-05,988685215
764,-0.925479157928562,0.19943635400766,0.396341463414634,0.26810750817825,0.58590882698151,0.603658536585366,0.41409117301849,0.73189249182175,106,3.47611397039678e-06,426370568
489,-1.00900012997842,0.187400767419964,0.364583333333333,0.252511399488491,0.526396064548771,0.635416666666667,0.473603935451229,0.747488600511509,118,7.2774210976617e-08,342130235
864,-1.08904283765196,0.183075076200412,0.336538461538462,0.235072008301155,0.48180188238141,0.663461538461538,0.51819811761859,0.764927991698845,122,2.70423631496107e-09,915431079
189,-1.03798766685167,0.188518475743516,0.354166666666667,0.244760012399161,0.512477616536548,0.645833333333333,0.487522383463452,0.755239987600839,116,3.67023928552814e-08,413529268
389,-1.14267227846214,0.175370729689725,0.318965517241379,0.226187134721431,0.449800123753109,0.681034482758621,0.550199876246891,0.773812865278569,132,7.23261240342533e-11,502071395
738,-0.861284102361944,0.194663892041055,0.422619047619048,0.288569788852455,0.618938178250364,0.577380952380952,0.381061821749636,0.711430211147545,113,9.66803675209513e-06,877766362
165,-0.757685701697516,0.195789002109726,0.46875,0.319363574123842,0.688013850993523,0.53125,0.311986149006477,0.680636425876158,115,0.000108875801775089,336362533
115,-0.655406852577098,0.194901781960452,0.519230769230769,0.35437226379538,0.760783558025998,0.480769230769231,0.239216441974002,0.64562773620462,120,0.000771689459156202,225207854
265,-0.814508037564213,0.211424834977,0.442857142857143,0.292616295593437,0.67023761811299,0.557142857142857,0.32976238188701,0.707383704406563,97,0.000116931846599149,115585532
15,-1.17118298150295,0.190076385348647,0.31,0.21358383553417,0.449940416884336,0.69,0.550059583115664,0.78641616446583,112,7.19936504579556e-10,193651065
790,-0.359655572076871,0.237890814635489,0.697916666666666,0.437835066066264,1.11249123554072,0.302083333333334,-0.112491235540721,0.562164933933736,91,0.130571658343103,183832604
664,-0.870828357797398,0.192729610737002,0.41860465116279,0.286914374738223,0.610739194001691,0.58139534883721,0.389260805998309,0.713085625261777,115,6.23103917600301e-06,553097050
614,-0.80437281567017,0.202538075040206,0.447368421052631,0.300790837368304,0.665374337550265,0.552631578947369,0.334625662449735,0.699209162631696,106,7.14320861503053e-05,790965330
539,-0.86222351060388,0.188096031247345,0.422222222222222,0.292034025597515,0.610448061911688,0.577777777777778,0.389551938088312,0.707965974402485,121,4.56265167482248e-06,984720936
240,-1.04678722080352,0.190861496658571,0.351063829787234,0.241504087566938,0.510325990034102,0.648936170212766,0.489674009965898,0.758495912433062,113,4.14550270300477e-08,419740008
640,-0.826678573184469,0.188982236537253,0.4375,0.302075905487316,0.633636269967373,0.5625,0.366363730032627,0.697924094512684,121,1.21782645410315e-05,960511307
715,-0.880358722648092,0.197727403938873,0.414634146341463,0.281422743998283,0.610901140646126,0.585365853658537,0.389098859353874,0.718577256001717,109,8.49213335025346e-06,177337441
815,-0.898999234764094,0.1937563631253,0.406976744186047,0.278383748110652,0.594970329383022,0.593023255813953,0.405029670616978,0.721616251889348,113,3.48672841325414e-06,198881020
340,-1.17188448977444,0.198199369559638,0.309782608695652,0.210062932230704,0.456840545979281,0.690217391304348,0.543159454020719,0.789937067769296,103,3.36636844286043e-09,413102681
914,-1.08845991720409,0.188572740412547,0.336734693877551,0.232688251691318,0.487305453698756,0.663265306122449,0.512694546301244,0.767311748308682,115,7.82915943408738e-09,525023452
940,-0.640503447074523,0.199618485621735,0.527027027027027,0.356383283038045,0.779378552352849,0.472972972972973,0.220621447647151,0.643616716961955,115,0.00133365316989665,392433694
65,-1.03174934343898,0.190268149961181,0.356382978723404,0.245448515942634,0.517456082535252,0.643617021276596,0.482543917464748,0.754551484057366,114,5.87361344866216e-08,707149487
290,-1.11436064563625,0.191589011209581,0.328125,0.225402359935882,0.477661439106612,0.671875,0.522338560893388,0.774597640064118,111,6.01241304563055e-09,4370044
465,-0.997636371328108,0.204814922686549,0.36875,0.24682733304894,0.550897507258806,0.63125,0.449102492741194,0.75317266695106,99,1.11081820947275e-06,482346952
564,-1.02036009176836,0.19845615692957,0.36046511627907,0.244307643987569,0.531850325815818,0.63953488372093,0.468149674184182,0.755692356012431,105,2.72570023821833e-07,548993177
440,-0.83034830207343,0.200865397736571,0.435897435897436,0.294040652504543,0.646191514688683,0.564102564102564,0.353808485311317,0.705959347495457,107,3.56729565712608e-05,315413582
690,-0.980829253011727,0.194624736070338,0.375,0.256074534571137,0.54915651896239,0.625,0.45084348103761,0.743925465428863,110,4.66525450718902e-07,651534906
40,-0.647337644528651,0.214884557570544,0.5234375,0.343522166467558,0.797581184421546,0.4765625,0.202418815578454,0.656477833532442,99,0.00259113719980554,166358282
515,-0.822825003868478,0.205940871189591,0.439189189189189,0.293328630015421,0.657580352420822,0.560810810810811,0.342419647579178,0.706671369984579,102,6.45734035633838e-05,204076964
989,-0.351397886837889,0.224042254211507,0.703703703703704,0.453612197677103,1.09167898293337,0.296296296296296,-0.0916789829333697,0.546387802322897,103,0.116777385441396,467522069
215,-0.826678573184468,0.188982236537253,0.4375,0.302075905487316,0.633636269967374,0.5625,0.366363730032626,0.697924094512684,121,1.21782645410317e-05,445901655
840,-1.03942341727778,0.204038288624786,0.353658536585366,0.237086289249898,0.527547843004408,0.646341463414634,0.472452156995592,0.762913710750102,99,3.50112139705485e-07,775752213
366,-0.55206858230004,0.208472839908412,0.575757575757575,0.382637260052872,0.866347375570364,0.424242424242425,0.133652624429636,0.617362739947128,109,0.00809321917396935,951215667
91,-1.28519824424852,0.201264415593693,0.276595744680851,0.186435629393484,0.410357216721089,0.723404255319149,0.589642783278911,0.813564370606516,99,1.70703494629566e-10,381055424
315,-1.13497993283898,0.178174161298468,0.321428571428571,0.226684777494805,0.455770906509062,0.678571428571429,0.544229093490938,0.773315222505195,128,1.88955407369218e-10,639960860
865,-0.987138422204991,0.177556054208397,0.372641509433962,0.263120837620395,0.52774875532115,0.627358490566038,0.47225124467885,0.736879162379605,132,2.70412977393754e-08,922767916
590,-0.980829253011726,0.186338998153664,0.375,0.260267071184673,0.540310379487919,0.625,0.459689620512081,0.739732928815327,120,1.41198500445534e-07,304144272
490,-0.776034840365713,0.187277739606465,0.460227272727273,0.318831520346776,0.66432936847527,0.539772727272727,0.33567063152473,0.681168479653224,125,3.41650668611469e-05,22338707
964,-0.987946720780591,0.188579718000837,0.372340425531915,0.257288777698061,0.538839640522465,0.627659574468085,0.461160359477535,0.742711222301939,117,1.61553074864877e-07,78509361
739,-1.10372738933488,0.189189795337124,0.331632653061225,0.228885689066696,0.480502809174666,0.668367346938775,0.519497190825334,0.771114310933304,114,5.41242016160381e-09,777230266
390,-0.948039430188735,0.202802939503054,0.3875,0.260402729286011,0.576630861019423,0.6125,0.423369138980577,0.739597270713989,102,2.94408179343336e-06,467711951
140,-1.00144854021446,0.185194633195897,0.36734693877551,0.255527983363389,0.528097829644878,0.63265306122449,0.471902170355122,0.744472016636611,121,6.3894054553302e-08,858541030
266,-1.1833535171232,0.213091912743371,0.30625,0.201693513941583,0.465007826315944,0.69375,0.534992173684056,0.798306486058417,89,2.80400170299173e-08,746932740
116,-0.759396566101146,0.198342269302712,0.467948717948718,0.317226176003712,0.690283523851722,0.532051282051282,0.309716476148278,0.682773823996288,112,0.000128812634719942,143575449
890,-1.11663079417079,0.204917890879877,0.327380952380952,0.219092233546026,0.489192548029521,0.672619047619048,0.510807451970479,0.780907766453974,97,5.06076873820104e-08,525575153
416,-0.8754687373539,0.177122977137628,0.416666666666667,0.294456677086739,0.589598146758851,0.583333333333333,0.410401853241149,0.705543322913261,136,7.70413063082482e-07,304068286
791,-1.07956409369742,0.210971443996112,0.33974358974359,0.224683951172226,0.513724750564779,0.66025641025641,0.486275249435221,0.775316048827774,92,3.10252636580587e-07,758439306
615,-1.04454506739783,0.177978687669501,0.351851851851852,0.248235624460096,0.498718610275368,0.648148148148148,0.501281389724632,0.751764375539904,130,4.38607522564669e-09,731307221
665,-1.05860695405441,0.187387421211516,0.346938775510204,0.240297016803329,0.500907233696679,0.653061224489796,0.499092766303321,0.759702983196671,117,1.6110651846803e-08,417853908
765,-1.06784063000136,0.189696727686742,0.34375,0.237013213970264,0.498554745200091,0.65625,0.501445254799909,0.762986786029736,114,1.81048419229161e-08,239296668
716,-0.65232518603969,0.202758750897006,0.520833333333333,0.350033982852341,0.774974357919823,0.479166666666667,0.225025642080177,0.649966017147659,111,0.00129426669287775,115298299
241,-0.973107206917817,0.196571690103327,0.377906976744186,0.257076739880844,0.555529384487002,0.622093023255814,0.444470615512998,0.742923260119156,108,7.40635976104578e-07,349190519
816,-0.756061005970515,0.193331986238462,0.469512195121951,0.321427027540616,0.685821920623579,0.530487804878049,0.314178079376421,0.678572972459384,118,9.20337362137186e-05,126182313
166,-1.00680473941499,0.20780973341771,0.365384615384615,0.243143291482354,0.549083284781692,0.634615384615385,0.450916715218308,0.756856708517646,96,1.26714271611865e-06,369087038
190,-0.966440515559626,0.189802119934747,0.380434782608696,0.262252936399438,0.551874178438506,0.619565217391304,0.448125821561494,0.737747063600562,116,3.54620181579762e-07,129127327
341,-1.00680473941499,0.20780973341771,0.365384615384616,0.243143291482354,0.549083284781692,0.634615384615384,0.450916715218308,0.756856708517646,96,1.26714271611867e-06,713048940
16,-0.964299951060516,0.203453785012406,0.38125,0.255876072834309,0.56805453081235,0.61875,0.43194546918765,0.744123927165691,101,2.14086562121478e-06,943446850
66,-0.980829253011726,0.194624736070338,0.375,0.256074534571137,0.549156518962391,0.625,0.450843481037609,0.743925465428863,110,4.66525450718907e-07,485640874
915,-0.944461608840851,0.191070501437356,0.388888888888889,0.267415163119135,0.565542230804088,0.611111111111111,0.434457769195912,0.732584836880865,115,7.69292354639873e-07,524308822
291,-0.641853886172395,0.197017231300663,0.526315789473684,0.357721487277172,0.77436866417441,0.473684210526316,0.22563133582559,0.642278512722828,118,0.00112257119628867,245097206
441,-1.48345810957354,0.197298458660737,0.226851851851852,0.154099623056793,0.333951256127658,0.773148148148148,0.666048743872342,0.845900376943207,103,5.52588684768586e-14,322187303
466,-0.870077888719024,0.207740365118517,0.418918918918919,0.278805318888195,0.629446602123724,0.581081081081081,0.370553397876276,0.721194681111805,99,2.81058289506201e-05,562616249
516,-0.707535918012045,0.207519112880018,0.492857142857143,0.328156088125579,0.740221413086659,0.507142857142857,0.259778586913341,0.671843911874421,104,0.000650826497504166,537496768
41,-0.745790914045368,0.19787505949137,0.474358974358974,0.321866342798072,0.699098994317854,0.525641025641026,0.300901005682146,0.678133657201928,113,0.000163903502142893,646045137
216,-0.830348302073431,0.200865397736571,0.435897435897436,0.294040652504543,0.646191514688682,0.564102564102564,0.353808485311318,0.705959347495457,107,3.56729565712601e-05,794478066
540,-0.875468737353899,0.210818510713134,0.416666666666667,0.275638397672709,0.629850966254911,0.583333333333333,0.370149033745089,0.724361602327291,96,3.28556920310453e-05,988762163
841,-0.838329190404444,0.206523671867537,0.432432432432432,0.288486164972137,0.648203731494338,0.567567567567568,0.351796268505662,0.711513835027863,101,4.92326507400281e-05,984417611
641,-0.605039913049679,0.195867256572356,0.546052631578947,0.371973493350383,0.801598720835269,0.453947368421053,0.198401279164731,0.628026506649617,121,0.00200810879218424,692159396
866,-0.909370289029581,0.212177183275692,0.402777777777778,0.265741850946104,0.610479447230566,0.597222222222222,0.389520552769434,0.734258149053896,94,1.82000465930966e-05,815014636
367,-0.405465108108163,0.225667733254091,0.666666666666667,0.42837095659962,1.03752235672655,0.333333333333333,-0.0375223567265532,0.57162904340038,99,0.0723777043845838,369889234
92,-0.922721622204446,0.204377244116306,0.397435897435897,0.266256896503884,0.593243948399935,0.602564102564103,0.406756051600065,0.733743103496116,101,6.33776592269586e-06,784146458
316,-0.761200643804961,0.20099825006811,0.467105263157895,0.315010289725736,0.692635555047332,0.532894736842105,0.307364444952668,0.684989710274264,109,0.000152415249140667,139219317
591,-0.996829594358168,0.199846331164001,0.369047619047619,0.249443908204303,0.545999082940792,0.630952380952381,0.454000917059208,0.750556091795697,104,6.10137388218934e-07,396974235
965,-0.857035035665062,0.192235387228751,0.424418604651163,0.29118121572255,0.618622157775716,0.575581395348837,0.381377842224284,0.70881878427745,116,8.26282469244102e-06,679632041
740,-0.433189656123019,0.208082177745181,0.6484375,0.43126901005195,0.974962683628951,0.3515625,0.0250373163710489,0.56873098994805,115,0.0373589068199178,547894754
391,-0.987946720780591,0.188579718000837,0.372340425531915,0.257288777698061,0.538839640522465,0.627659574468085,0.461160359477535,0.742711222301939,117,1.61553074864876e-07,21004944
941,-1.10809103262265,0.182081407131628,0.330188679245283,0.231086302842419,0.471791545239658,0.669811320754717,0.528208454760342,0.768913697157581,123,1.1599054379339e-09,920753804
691,-0.763764747773899,0.186875345326805,0.465909090909091,0.323022372254298,0.672000764147838,0.534090909090909,0.327999235852162,0.676977627745702,126,4.36934616147539e-05,248547003
117,-0.980829253011726,0.204124145263351,0.375,0.251350920631545,0.559476765180192,0.625,0.440523234819808,0.748649079368455,100,1.54703257088001e-06,16709014
891,-0.980829253011726,0.199204768253061,0.375,0.253786117358656,0.554108323432308,0.625,0.445891676567692,0.746213882641344,105,8.49126753275103e-07,914903922
565,-0.906721280858004,0.203749948534004,0.403846153846154,0.270884203754536,0.602071710774683,0.596153846153846,0.397928289225317,0.729115796245464,102,8.58035736838607e-06,512424979
417,-0.818310323513951,0.175268235168364,0.441176470588235,0.312913103346556,0.622015109367693,0.558823529411765,0.377984890632307,0.687086896653444,141,3.02812850369562e-06,958864801
792,-0.747214401830221,0.200511043030344,0.473684210526316,0.3197522426867,0.701720586591127,0.526315789473684,0.298279413408873,0.6802477573133,110,0.000194118676768532,58920983
990,-0.7407752295492,0.188284189239498,0.476744186046511,0.329623079937247,0.68953005042129,0.523255813953489,0.31046994957871,0.670376920062753,125,8.34233836850947e-05,776239530
616,-0.515466003322493,0.198508651437459,0.597222222222222,0.404729712683803,0.881265623793485,0.402777777777778,0.118734376206515,0.595270287316197,122,0.00941260405069856,123721799
666,-0.814508037564212,0.211424834977,0.442857142857143,0.292616295593437,0.67023761811299,0.557142857142857,0.32976238188701,0.707383704406563,97,0.00011693184659915,865577776
766,-0.934309237376833,0.216224991081524,0.392857142857143,0.257148270493886,0.600185777635036,0.607142857142857,0.399814222364964,0.742851729506114,90,1.55320252236658e-05,682733034
817,-0.608589792531883,0.207184164854768,0.544117647058823,0.36252447351763,0.816673177863211,0.455882352941177,0.183326822136789,0.63747552648237,108,0.00330940696531349,71284744
141,-0.845163387858571,0.201411019532695,0.42948717948718,0.289406868282225,0.637369936790757,0.57051282051282,0.362630063209243,0.710593131717775,106,2.71415905950062e-05,70818620
167,-1.15851043024918,0.204387701397954,0.313953488372093,0.210324655419191,0.46864117126238,0.686046511627907,0.53135882873762,0.789675344580809,97,1.44305212463218e-08,811576404
491,-0.954511944694353,0.181623272180071,0.385,0.269688681444944,0.549615205227882,0.615,0.450384794772118,0.730311318555056,127,1.47663325937662e-07,451901166
342,-0.606135803570315,0.210218741165566,0.545454545454546,0.361260142028513,0.823563483882877,0.454545454545454,0.176436516117123,0.638739857971487,105,0.00393460505072414,598403489
267,-0.470003629245735,0.209165006462386,0.625,0.414799707105121,0.94171956563365,0.375,0.05828043436635,0.585200292894879,112,0.0246370146979643,830925388
17,-0.944461608840852,0.191070501437356,0.388888888888889,0.267415163119135,0.565542230804087,0.611111111111111,0.434457769195913,0.732584836880865,115,7.69292354639863e-07,23713995
916,-0.649975008694737,0.208557598038085,0.522058823529412,0.346892484650703,0.785676909372506,0.477941176470588,0.214323090627494,0.653107515349297,105,0.00182996043172436,609672247
67,-0.90078654533819,0.20095923815011,0.40625,0.273991165867584,0.602351765530137,0.59375,0.397648234469863,0.726008834132416,105,7.37964291861003e-06,699376541
292,-0.888891757686041,0.189038979439611,0.411111111111111,0.283823887087362,0.595483161806567,0.588888888888889,0.404516838193433,0.716176112912638,119,2.57422114065186e-06,492148118
517,-1.01309011522995,0.200506774061376,0.363095238095238,0.245103141565245,0.537888462324516,0.636904761904762,0.462111537675484,0.754896858434755,103,4.35726887469447e-07,176032970
541,-0.794929874869887,0.22386426108453,0.451612903225807,0.291214326995925,0.700357762147107,0.548387096774194,0.299642237852893,0.708785673004075,87,0.000383849343796066,217980133
217,-0.706752832615725,0.201805988957337,0.493243243243243,0.332111241032281,0.732552431073735,0.506756756756757,0.267447568926265,0.667888758967719,110,0.000461536976638645,772526615
642,-1.04334960999306,0.197120026878631,0.352272727272727,0.23938126111226,0.518403461505575,0.647727272727273,0.481596538494425,0.76061873888774,106,1.20348269380711e-07,715045636
93,-1.2600006357956,0.190210204198685,0.283653846153846,0.195380608265838,0.411809059005462,0.716346153846154,0.588190940994538,0.804619391734162,111,3.49007073302225e-11,812448026
317,-1.06421086195078,0.185722248621457,0.345,0.239735324115058,0.496485031729722,0.655,0.503514968270278,0.760264675884942,119,1.00359322727547e-08,845494022
242,-1.09294655113243,0.199189420604141,0.335227272727273,0.226876232466636,0.495324358829396,0.664772727272727,0.504675641170604,0.773123767533364,103,4.08884497258963e-08,660789632
191,-0.693147180559946,0.198679853459423,0.5,0.338729800599018,0.738051389508374,0.5,0.261948610491626,0.661270199400982,114,0.000485258822342601,855119006
717,-1.29098418131557,0.195401684204777,0.275,0.187502247894026,0.403328497921488,0.725,0.596671502078512,0.812497752105974,105,3.92657197313268e-11,815392947
592,-0.753771802376381,0.212218671945041,0.470588235294117,0.310456105039301,0.713315936142398,0.529411764705883,0.286684063857602,0.689543894960699,98,0.000382512914169136,93548750
966,-1.05605267424931,0.193298035286211,0.347826086956522,0.238136828297919,0.508039800614676,0.652173913043478,0.491960199385324,0.761863171702081,110,4.67261337692782e-08,352721557
692,-1.02165124753198,0.184089350313768,0.36,0.250960494646505,0.516415941013149,0.64,0.483584058986851,0.749039505353495,122,2.86066163696498e-08,845053608
467,-1.2372587819594,0.182323224657459,0.290178571428571,0.202988543837018,0.414819485497342,0.709821428571429,0.585180514502659,0.797011456162982,121,1.15226557883368e-11,661673022
442,-0.793230639116928,0.192269130542058,0.452380952380952,0.310344840723744,0.659423000555911,0.547619047619048,0.340576999444089,0.689655159276256,118,3.6972672911308e-05,131580724
892,-0.785520500690961,0.213402898246661,0.455882352941176,0.300057098095481,0.692630572788684,0.544117647058824,0.307369427211316,0.699942901904519,96,0.00023238749110645,370843368
566,-0.633958309169615,0.189432037243685,0.530487804878049,0.365957424194304,0.768989211638217,0.469512195121951,0.231010788361783,0.634042575805696,128,0.000818012945440575,880257807
42,-0.693147180559946,0.188982236409177,0.5,0.345229606357879,0.72415573692379,0.5,0.27584426307621,0.654770393642121,126,0.000244655871334562,447820000
392,-0.753045322141014,0.188683578985222,0.47093023255814,0.325348507172357,0.681654530597785,0.52906976744186,0.318345469402215,0.674651492827643,124,6.57818141571725e-05,637047635
418,-0.706050585395853,0.196540170556312,0.493589743589744,0.335792375122011,0.725540104621092,0.506410256410256,0.274459895378908,0.664207624877989,116,0.000327648472033404,717517151
991,-0.870828357797398,0.192729610737002,0.418604651162791,0.286914374738223,0.610739194001691,0.581395348837209,0.389260805998309,0.713085625261777,115,6.23103917600314e-06,315853889
842,-0.595166772199741,0.206748876623383,0.551470588235294,0.367737053690233,0.827003443457074,0.448529411764706,0.172996556542926,0.632262946309767,109,0.00399325457328615,59193606
368,-1.02450431651439,0.208562145441214,0.358974358974359,0.238525606385384,0.540246359096766,0.641025641025641,0.459753640903234,0.761474393614616,95,9.00483418844889e-07,330423595
867,-1.28093384546206,0.187577144644261,0.277777777777778,0.192323141447391,0.401202337100278,0.722222222222222,0.598797662899722,0.807676858552609,114,8.56054549372504e-12,387192150
767,-0.847297860387204,0.179757962775175,0.428571428571429,0.301309593389567,0.609583874584044,0.571428571428571,0.390416125415956,0.698690406610433,133,2.43439850796342e-06,241162980
818,-1.03798766685167,0.188518475743516,0.354166666666667,0.244760012399161,0.512477616536548,0.645833333333333,0.487522383463452,0.755239987600839,116,3.6702392855282e-08,47879769
142,-1.03798766685167,0.217682385435474,0.354166666666667,0.231161818117209,0.542624334760065,0.645833333333333,0.457375665239935,0.768838181882791,87,1.85732996861541e-06,667118237
942,-0.906721280858004,0.203749948534004,0.403846153846154,0.270884203754536,0.602071710774684,0.596153846153846,0.397928289225316,0.729115796245464,102,8.58035736838614e-06,310480655
168,-0.7407752295492,0.188284189239498,0.476744186046512,0.329623079937246,0.689530050421292,0.523255813953488,0.310469949578708,0.670376920062754,125,8.3423383685101e-05,230654557
492,-1.10758095865087,0.177117634297643,0.330357142857143,0.233464524465124,0.4674622068889,0.669642857142857,0.5325377931111,0.766535475534876,130,4.0170554019706e-10,348193311
741,-1.11300102612021,0.224300153855993,0.328571428571429,0.211692347487436,0.509981513053403,0.671428571428571,0.490018486946597,0.788307652512564,81,6.97331005677523e-07,725919713
917,-1.15890451892423,0.19551406163463,0.313829787234042,0.213930295667416,0.460379559837935,0.686170212765957,0.539620440162065,0.786069704332584,106,3.07630019351843e-09,681827127
18,-0.693147180559946,0.204124145128849,0.5,0.335134560930408,0.745969020043604,0.5,0.254030979956396,0.664865439069592,108,0.000684498868379991,966025770
268,-1.11342737445325,0.185831149920893,0.32843137254902,0.228173326359702,0.472742227127752,0.67156862745098,0.527257772872248,0.771826673640298,118,2.07776475947236e-09,965882593
118,-0.973107206917816,0.196571690103327,0.377906976744186,0.257076739880844,0.555529384487003,0.622093023255814,0.444470615512997,0.742923260119156,108,7.40635976104595e-07,246651904
293,-0.968090227234296,0.178574906100479,0.379807692307692,0.267645854243047,0.538972978094773,0.620192307692308,0.461027021905227,0.732354145756953,131,5.92003807047038e-08,856849867
793,-0.814508037564213,0.211424834977,0.442857142857143,0.292616295593437,0.67023761811299,0.557142857142857,0.32976238188701,0.707383704406563,97,0.000116931846599149,203845996
68,-0.826678573184468,0.188982236537253,0.4375,0.302075905487316,0.633636269967374,0.5625,0.366363730032626,0.697924094512684,121,1.21782645410317e-05,690197741
617,-0.965080896043587,0.198581277621602,0.380952380952381,0.25812971523334,0.562216234663647,0.619047619047619,0.437783765336353,0.74187028476666,106,1.17457772996944e-06,863704658
643,-0.907804117996837,0.191863961653947,0.403409090909091,0.276968756169124,0.587571309049482,0.596590909090909,0.412428690950518,0.723031243830876,115,2.22868057376852e-06,364398469
94,-0.608589792531883,0.207184164854768,0.544117647058823,0.36252447351763,0.816673177863211,0.455882352941177,0.183326822136789,0.63747552648237,108,0.0033094069653135,697995803
542,-0.953430278823612,0.185329023246947,0.385416666666667,0.268026750091627,0.554220826442371,0.614583333333333,0.445779173557629,0.731973249908373,122,2.68194794999744e-07,187674629
243,-1.08780137256389,0.194597437556027,0.33695652173913,0.230108270007806,0.493418587427047,0.66304347826087,0.506581412572953,0.769891729992194,108,2.27058211465779e-08,532800564
667,-0.968090227234296,0.178574906100479,0.379807692307692,0.267645854243047,0.538972978094773,0.620192307692308,0.461027021905227,0.732354145756953,131,5.92003807047043e-08,583729485
318,-0.861284102361943,0.194663892041055,0.422619047619048,0.288569788852455,0.618938178250364,0.577380952380952,0.381061821749636,0.711430211147545,113,9.66803675209522e-06,772722801
192,-1.17720256326133,0.205240684301073,0.308139534883721,0.206084930195792,0.460732246982582,0.691860465116279,0.539267753017418,0.793915069804208,96,9.71004533944798e-09,308489325
718,-1.00785792539965,0.183571866436865,0.365,0.254704259843718,0.523057604461522,0.635,0.476942395538478,0.745295740156282,123,4.01334456631294e-08,133567720
343,-0.833504538254867,0.193670219598703,0.43452380952381,0.297276917166013,0.635134886499255,0.56547619047619,0.364865113500745,0.702723082833987,115,1.679455223037e-05,718112155
693,-0.476924072090309,0.219935552904635,0.620689655172414,0.40333417805787,0.95517729217278,0.379310344827586,0.04482270782722,0.59666582194213,101,0.0301227983534766,264673292
468,-0.482582411452596,0.209542901998532,0.6171875,0.409311437187967,0.930637103065656,0.3828125,0.0693628969343439,0.590688562812033,111,0.0212774715457133,793460491
518,-0.8754687373539,0.188561808347934,0.416666666666667,0.287928500858622,0.602966050923723,0.583333333333333,0.397033949076277,0.712071499141378,120,3.43595729024653e-06,679227569
443,-1.31078680861175,0.194395630935983,0.269607843137255,0.184188563591213,0.394641163728529,0.730392156862745,0.605358836271471,0.815811436408787,106,1.55275271100321e-11,929362511
419,-0.964299951060516,0.203453785012406,0.38125,0.255876072834309,0.56805453081235,0.61875,0.43194546918765,0.744123927165691,101,2.14086562121478e-06,735466531
893,-0.842678914530909,0.209539519067055,0.430555555555555,0.285541236214093,0.649216515546498,0.569444444444445,0.350783484453502,0.714458763785907,98,5.78102676842573e-05,998421151
43,-0.720546154748059,0.202276829940852,0.486486486486487,0.32725962713402,0.723184535796851,0.513513513513513,0.276815464203149,0.67274037286598,109,0.000367790309080965,759125428
567,-0.988611393453781,0.197182184705862,0.372093023255814,0.25281902210539,0.547637661132699,0.627906976744186,0.452362338867301,0.74718097789461,107,5.33945170645869e-07,548540515
843,-0.819898886199088,0.193191711354252,0.440476190476191,0.301631959314609,0.643231820717151,0.559523809523809,0.356768179282849,0.698368040685391,116,2.19604492328984e-05,674700512
218,-0.505094949057006,0.22083585042257,0.603448275862069,0.391439126941321,0.930284676665682,0.396551724137931,0.0697153233343177,0.608560873058679,99,0.0221843655000462,435367372
868,-1.14016129158098,0.203562354442519,0.319767441860465,0.214566369212069,0.476548199279659,0.680232558139535,0.523451800720341,0.785433630787931,98,2.13067131018928e-08,734399495
992,-1.08845991720409,0.188572740412547,0.336734693877551,0.232688251691318,0.487305453698756,0.663265306122449,0.512694546301244,0.767311748308682,115,7.82915943408729e-09,777162701
369,-1.09362474715707,0.186883314247089,0.335,0.232257336636821,0.483192486511138,0.665,0.516807513488862,0.767742663363179,117,4.85953152535785e-09,702627227
593,-0.748717031714755,0.203255359899004,0.472972972972973,0.317559455494211,0.704445826734236,0.527027027027027,0.295554173265764,0.682440544505789,107,0.000229938195561985,750808067
768,-1.04334960999306,0.197120026878631,0.352272727272727,0.23938126111226,0.518403461505575,0.647727272727273,0.481596538494425,0.76061873888774,106,1.20348269380711e-07,873400717
819,-1.04400815463326,0.186817870929505,0.352040816326531,0.244103136280336,0.507706448382217,0.647959183673469,0.492293551617783,0.755896863719664,118,2.29205435778443e-08,535280470
143,-0.954511944694353,0.181623272180071,0.385,0.269688681444944,0.549615205227882,0.615,0.450384794772118,0.730311318555056,127,1.47663325937662e-07,779325905
943,-0.845163387858571,0.201411019532695,0.42948717948718,0.289406868282225,0.637369936790757,0.57051282051282,0.362630063209243,0.710593131717775,106,2.7141590595006e-05,609947122
169,-0.88804751956076,0.183006997660013,0.411458333333333,0.28744186614808,0.588981564648722,0.588541666666667,0.411018435351278,0.71255813385192,127,1.21894411614135e-06,219929931
493,-0.820486602936546,0.184620717848642,0.440217391304348,0.306561601314158,0.632144896086357,0.559782608695652,0.367855103913643,0.693438398685842,127,8.82301594174378e-06,98977542
742,-0.994815494986466,0.186863159521092,0.369791666666667,0.25638871768685,0.533353721528148,0.630208333333333,0.466646278471852,0.74361128231315,119,1.01641360419422e-07,18006180
967,-0.693147180559945,0.21004201249813,0.5,0.331269856178916,0.754671743706669,0.5,0.245328256293331,0.668730143821084,102,0.000966708231129412,244900288
269,-0.822825003868478,0.205940871189591,0.439189189189189,0.293328630015421,0.657580352420822,0.560810810810811,0.342419647579178,0.706671369984579,102,6.45734035633838e-05,839955015
918,-0.607625007121784,0.228271172671824,0.544642857142857,0.348182579077793,0.851954864090021,0.455357142857143,0.148045135909979,0.651817420922207,89,0.00777110991954508,573876103
119,-1.00435975042192,0.197810085279547,0.366279069767442,0.248562639857607,0.539744657630601,0.633720930232558,0.460255342369399,0.751437360142393,106,3.8264675026081e-07,50961362
393,-0.90078654533819,0.20095923815011,0.40625,0.273991165867584,0.602351765530137,0.59375,0.397648234469863,0.726008834132416,105,7.37964291860999e-06,110195508
794,-0.898999234764094,0.1937563631253,0.406976744186046,0.278383748110652,0.594970329383022,0.593023255813954,0.405029670616978,0.721616251889348,113,3.48672841325412e-06,524534285
618,-1.02036009176836,0.19845615692957,0.36046511627907,0.244307643987569,0.531850325815818,0.63953488372093,0.468149674184182,0.755692356012431,105,2.72570023821833e-07,74804669
668,-0.972732042779107,0.201294004314744,0.378048780487805,0.254803901971917,0.560905383796156,0.621951219512195,0.439094616203844,0.745196098028083,103,1.34900591355174e-06,800816737
644,-0.8754687373539,0.195180014622334,0.416666666666667,0.28421777067311,0.610838339558959,0.583333333333333,0.389161660441041,0.71578222932689,112,7.2762759608091e-06,252810084
244,-0.95225588056767,0.189271332980811,0.385869565217391,0.266276276295603,0.559176068677499,0.614130434782609,0.440823931322501,0.733723723704397,117,4.87500631814108e-07,403984620
719,-0.693147180559946,0.201346816462527,0.5,0.336963828159687,0.741919396409293,0.5,0.258080603590707,0.663036171840313,111,0.000576249946143288,86725823
193,-1.02766055269583,0.18250061173615,0.357843137254902,0.250234905858612,0.51172601376717,0.642156862745098,0.48827398623283,0.749765094141388,124,1.79169958950703e-08,391583932
319,-0.925769475828699,0.175421453770557,0.39622641509434,0.280947009047305,0.558807771440193,0.60377358490566,0.441192228559807,0.719052990952695,137,1.31028460552749e-07,186322078
19,-0.735706794978741,0.205597984952064,0.479166666666667,0.32024420270331,0.716955037768968,0.520833333333333,0.283044962231032,0.67975579729669,105,0.000345736474221229,604600228
344,-1.34782808029209,0.196152409297412,0.259803921568627,0.176880708306264,0.381602257865038,0.740196078431373,0.618397742134962,0.823119291693736,104,6.36057292298548e-12,519272332
694,-1.11923157587085,0.189824032395763,0.326530612244898,0.225084398477638,0.473698938949875,0.673469387755102,0.526301061050126,0.774915601522362,113,3.72073548913734e-09,728013799
469,-0.751643387241555,0.186481810134144,0.471590909090909,0.327213957137102,0.679671452535277,0.528409090909091,0.320328547464723,0.672786042862898,127,5.5622210172556e-05,80259401
519,-1.01160091167848,0.195837362979488,0.363636363636364,0.247725230159324,0.533782549616096,0.636363636363636,0.466217450383904,0.752274769840676,108,2.39777301987285e-07,167313630
444,-0.809680996815897,0.176736965762921,0.445,0.31471774657928,0.629214596737449,0.555,0.370785403262551,0.68528225342072,139,4.62145222163032e-06,442250030
69,-0.936377490440893,0.19292492416054,0.392045454545454,0.268607682439814,0.572208646579537,0.607954545454546,0.427791353420463,0.731392317560186,113,1.21249423979826e-06,244562370
294,-0.593063722002963,0.195500770662864,0.552631578947368,0.376725606236122,0.810674021076348,0.447368421052632,0.189325978923652,0.623274393763878,122,0.00241684989525437,568917343
420,-0.739667196194838,0.214886123779121,0.477272727272727,0.313224134645464,0.727240435850131,0.522727272727273,0.272759564149869,0.686775865354536,96,0.000577140670237742,855223747
219,-0.795426029680364,0.207755609256623,0.451388888888889,0.300406253696958,0.678254618553598,0.548611111111111,0.321745381446402,0.699593746303042,101,0.0001288417514747,117337060
844,-0.730418575357177,0.192479795729472,0.481707317073171,0.330327053948503,0.702461201854836,0.518292682926829,0.297538798145164,0.669672946051497,120,0.000147774132489687,742395773
869,-0.70541727315176,0.191666175754502,0.49390243902439,0.339230292041177,0.719097394888988,0.50609756097561,0.280902605111012,0.660769707958823,122,0.000232825109191265,322452665
370,-0.730418575357177,0.192479795729472,0.481707317073171,0.330327053948503,0.702461201854836,0.518292682926829,0.297538798145164,0.669672946051497,120,0.000147774132489687,285812970
594,-1.35239280944421,0.184141374991284,0.258620689655172,0.180269329302635,0.371026293693208,0.741379310344828,0.628973706306792,0.819730670697365,118,2.06810938762792e-13,403241998
95,-1.04400815463326,0.186817870929505,0.352040816326531,0.244103136280336,0.507706448382217,0.647959183673469,0.492293551617783,0.755896863719664,118,2.29205435778443e-08,385221710
144,-1.25276296849537,0.195615199131277,0.285714285714286,0.19472602397478,0.419217993542543,0.714285714285714,0.580782006457457,0.80527397602522,105,1.51139044459324e-10,19303752
543,-0.897447644072675,0.187276436797739,0.407608695652174,0.282379684313885,0.588373944729624,0.592391304347826,0.411626055270376,0.717620315686115,121,1.65043581856037e-06,122625742
944,-0.967584026261706,0.182093093628413,0.38,0.265941230758994,0.542977106588112,0.62,0.457022893411888,0.734058769241006,126,1.07434518207262e-07,235896608
968,-0.719122666963206,0.19697441557752,0.487179487179487,0.331149472372561,0.716727256208469,0.512820512820513,0.283272743791531,0.668850527627439,115,0.000261380984241028,787890697
743,-1.01693425765384,0.18969047975148,0.361702127659574,0.249394134071082,0.524585029398383,0.638297872340426,0.475414970601617,0.750605865928918,115,8.27538326911341e-08,644096509
894,-0.955511445027437,0.205688337834206,0.384615384615385,0.25700668590715,0.575584224825509,0.615384615384615,0.424415775174491,0.74299331409285,99,3.39363480767099e-06,700413122
270,-0.65232518603969,0.202758750897006,0.520833333333333,0.350033982852341,0.774974357919823,0.479166666666667,0.225025642080177,0.649966017147659,111,0.00129426669287776,893769314
394,-0.948039430188735,0.202802939503054,0.3875,0.260402729286011,0.576630861019423,0.6125,0.423369138980577,0.739597270713989,102,2.94408179343338e-06,880511922
795,-1.03174934343898,0.190268149961181,0.356382978723404,0.245448515942634,0.517456082535252,0.643617021276596,0.482543917464748,0.754551484057366,114,5.87361344866216e-08,696381631
120,-0.557972402191693,0.194448045234066,0.572368421052631,0.390985983402539,0.837896045702991,0.427631578947369,0.162103954297009,0.609014016597461,125,0.00411096353241019,228601576
44,-0.919271360012293,0.196811831342508,0.398809523809524,0.271168342431997,0.586532464869363,0.601190476190476,0.413467535130637,0.728831657568003,109,3.00009223692019e-06,90019123
769,-1.04334960999306,0.197120026878631,0.352272727272727,0.23938126111226,0.518403461505575,0.647727272727273,0.481596538494425,0.76061873888774,106,1.20348269380711e-07,655360967
568,-0.832909122935105,0.185038186455019,0.434782608695652,0.302529252365597,0.624851697302158,0.565217391304348,0.375148302697842,0.697470747634403,126,6.75447078163334e-06,149999883
993,-1.06995703290773,0.200511761518479,0.343023255813953,0.231551524089053,0.508158840638647,0.656976744186047,0.491841159361353,0.768448475910947,102,9.49507964767592e-08,461460754
245,-0.666478933477784,0.200461771219789,0.513513513513514,0.346671793963223,0.760650659075449,0.486486486486486,0.239349340924551,0.653328206036778,113,0.000885078907109901,631163078
669,-0.554561017273799,0.19695616988496,0.574324324324324,0.390398207155333,0.844902521233533,0.425675675675676,0.155097478766467,0.609601792844667,122,0.00486776070455958,241463966
820,-0.895173808433232,0.198281660901171,0.408536585365854,0.276983117420035,0.602571532651538,0.591463414634146,0.397428467348462,0.723016882579965,108,6.34191439312291e-06,521531191
494,-0.707133422534685,0.204602748846352,0.493055555555556,0.330170054227132,0.736298697449287,0.506944444444444,0.263701302550713,0.669829945772868,107,0.000547993703523088,392434023
20,-0.765120680185035,0.206647407260301,0.465277777777778,0.310322823905181,0.69760711690344,0.534722222222222,0.30239288309656,0.689677176094819,103,0.000213450109795297,806044607
345,-0.875468737353899,0.195180014622334,0.416666666666667,0.28421777067311,0.610838339558959,0.583333333333333,0.389161660441041,0.71578222932689,112,7.27627596080915e-06,969851515
520,-0.534923175345051,0.201907281849765,0.585714285714286,0.394295687214186,0.87006080871344,0.414285714285714,0.12993919128656,0.605704312785814,117,0.00806466237751749,511709145
170,-0.834225778819851,0.203635224456512,0.43421052631579,0.291316933842279,0.647194719087327,0.56578947368421,0.352805280912673,0.708683066157721,104,4.19140486180649e-05,975994786
695,-0.995428052432879,0.190905769422509,0.369565217391304,0.254209516227536,0.537267258646739,0.630434782608696,0.462732741353261,0.745790483772464,114,1.84574708051342e-07,989378381
470,-1.40534255609059,0.195188866910833,0.245283018867924,0.167310199850838,0.359594091684789,0.754716981132076,0.640405908315211,0.832689800149162,105,6.02516794258783e-13,330912453
919,-1.06612683352362,0.180462058822745,0.344339622641509,0.241756086194889,0.490452081629552,0.655660377358491,0.509547918370448,0.75824391380511,126,3.46787231527331e-09,290965175
295,-0.722134717433197,0.208031994991702,0.485714285714286,0.3230752743948,0.730227244374774,0.514285714285714,0.269772755625226,0.6769247256052,103,0.000518007561764521,323631593
70,-0.887303195000903,0.217414138405707,0.411764705882353,0.268896945233064,0.630539602684681,0.588235294117647,0.369460397315319,0.731103054766936,90,4.48103311818109e-05,437936298
220,-0.600365447108979,0.201087059691075,0.548611111111111,0.369912480001476,0.813636109907313,0.451388888888889,0.186363890092687,0.630087519998524,115,0.00283022944173221,605077462
619,-0.891598119283784,0.179429991812572,0.41,0.2884381960877,0.582793826476743,0.59,0.417206173523257,0.7115618039123,132,6.72787846902629e-07,120196111
845,-0.916290731874154,0.201556443740163,0.4,0.269460328794643,0.593779428369721,0.6,0.406220571630279,0.730539671205357,104,5.46555391310865e-06,778916197
645,-1.08845991720409,0.188572740412547,0.336734693877551,0.232688251691318,0.487305453698756,0.663265306122449,0.512694546301244,0.767311748308682,115,7.82915943408729e-09,217992691
371,-0.597837000755621,0.190692517728959,0.55,0.378481733455086,0.799245969517568,0.45,0.200754030482432,0.621518266544914,128,0.00171805094508917,170430083
96,-0.798507696217772,0.197202659471308,0.45,0.305740735297084,0.662325874905853,0.55,0.337674125094147,0.694259264702916,112,5.13989269800014e-05,192070716
320,-0.822358912039951,0.218046806052835,0.43939393939394,0.286584227328677,0.673683390658833,0.560606060606061,0.326316609341167,0.713415772671323,91,0.000162282930650342,203838652
595,-0.81918790145531,0.203079202830633,0.440789473684211,0.296053284690573,0.656285101899395,0.559210526315789,0.343714898100605,0.703946715309427,105,5.48739653759687e-05,318612788
544,-0.735706794978741,0.205597984952064,0.479166666666667,0.32024420270331,0.716955037768968,0.520833333333333,0.283044962231032,0.67975579729669,105,0.000345736474221228,40158385
194,-0.745790914045367,0.19787505949137,0.474358974358974,0.321866342798072,0.699098994317854,0.525641025641026,0.300901005682146,0.678133657201928,113,0.000163903502142895,823877757
720,-0.778046624346431,0.189510004523146,0.459302325581396,0.316801650887132,0.665901284585279,0.540697674418605,0.334098715414721,0.683198349112868,122,4.03318800504125e-05,485339568
945,-0.801036142571131,0.188110341522713,0.448863636363636,0.310452106129765,0.648984368511164,0.551136363636364,0.351015631488836,0.689547893870235,123,2.05958621888031e-05,878106702
145,-1.05860695405441,0.187387421211516,0.346938775510204,0.240297016803329,0.500907233696679,0.653061224489796,0.499092766303321,0.759702983196671,117,1.6110651846803e-08,75791883
969,-1.16315080980568,0.202259958764812,0.3125,0.210225809107949,0.464530261124381,0.6875,0.535469738875619,0.789774190892051,99,8.88371071274494e-09,811286765
445,-0.988264231499244,0.192737114661168,0.372222222222222,0.255119801404728,0.543075770493609,0.627777777777778,0.456924229506391,0.744880198595272,112,2.93577157543235e-07,580619926
744,-1.05252118146784,0.179948431644024,0.349056603773585,0.245314645130016,0.496670358075746,0.650943396226415,0.503329641924254,0.754685354869984,127,4.94490756275136e-09,289488357
895,-0.859274051433919,0.180156476562359,0.423469387755102,0.297490122247293,0.602797568574777,0.576530612244898,0.397202431425223,0.702509877752707,132,1.84593511039335e-06,396308420
796,-0.450833713138016,0.211934641547864,0.637096774193548,0.420539033429289,0.965171523741739,0.362903225806452,0.0348284762582608,0.579460966570711,110,0.0334009832870157,19259335
121,-1.06205469293431,0.191471175741306,0.345744680851064,0.237560891889732,0.503194710989257,0.654255319148936,0.496805289010743,0.762439108110268,112,2.90924585817021e-08,206680586
870,-1.31609010244664,0.187432576494858,0.268181818181818,0.185731870473362,0.38723288264962,0.731818181818182,0.61276711735038,0.814268129526638,114,2.19228477337728e-12,552860793
569,-1.04145387482816,0.183021124561889,0.352941176470588,0.246555369654285,0.50523123557645,0.647058823529412,0.49476876442355,0.753444630345715,123,1.2678078616786e-08,165496159
395,-0.858939435402689,0.21016950400966,0.423611111111111,0.280589061696628,0.639534457871374,0.576388888888889,0.360465542128626,0.719410938303372,97,4.37196146570452e-05,247598285
421,-0.816761136527122,0.190823763465107,0.441860465116279,0.303987456386683,0.642265549221943,0.558139534883721,0.357734450778057,0.696012543613317,119,1.86737464889516e-05,347121938
45,-0.858939435402689,0.21016950400966,0.423611111111111,0.280589061696627,0.639534457871374,0.576388888888889,0.360465542128626,0.719410938303373,97,4.3719614657045e-05,951490900
770,-1.40498649413204,0.193355742230636,0.24537037037037,0.167972200731343,0.358432040501679,0.75462962962963,0.641567959498321,0.832027799268657,107,3.69387491046455e-13,882814493
994,-0.823200308808143,0.195650537450269,0.439024390243902,0.299192435456507,0.644208851520409,0.560975609756098,0.355791148479591,0.700807564543493,113,2.58207477219674e-05,614260872
821,-0.634306680537012,0.21116047105687,0.53030303030303,0.350577459854028,0.802165958032985,0.46969696969697,0.197834041967015,0.649422540145972,103,0.00266535692050145,736114713
495,-0.798507696217772,0.210818510714938,0.45,0.297689469485473,0.680239043557709,0.55,0.319760956442291,0.702310530514527,98,0.000152076075264546,681613925
246,-0.680724660561388,0.193250301354135,0.50625,0.346633140177874,0.739366877525,0.49375,0.260633122475,0.653366859822126,121,0.000427493085601464,7921189
21,-0.880745794454743,0.205399136708879,0.414473684210526,0.277115551912828,0.619916254130286,0.585526315789473,0.380083745869714,0.722884448087172,101,1.80311628240793e-05,455297687
271,-0.778046624346431,0.189510004523146,0.459302325581395,0.316801650887132,0.665901284585279,0.540697674418605,0.334098715414721,0.683198349112868,122,4.03318800504124e-05,88155048
171,-1.08310810213214,0.190310138269259,0.338541666666667,0.233141638620392,0.491591552447037,0.661458333333333,0.508408447552963,0.766858361379608,113,1.26091246300748e-08,187130624
696,-1.12556809865664,0.194087707951025,0.324468085106383,0.221801372498941,0.474656838532888,0.675531914893617,0.525343161467112,0.778198627501059,108,6.66020173914968e-09,400849308
521,-0.78845736036427,0.187689298415565,0.454545454545455,0.314641423848716,0.65665724404831,0.545454545454545,0.34334275595169,0.685358576151284,124,2.65897392205638e-05,60750653
920,-0.910870664404816,0.18775687460059,0.402173913043478,0.278352390446898,0.581075866002162,0.597826086956522,0.418924133997838,0.721647609553102,120,1.22635951222939e-06,145731950
71,-0.630626823578612,0.217737409767173,0.532258064516129,0.347363219362281,0.815568924546932,0.467741935483871,0.184431075453068,0.652636780637719,97,0.00377624602379642,945553587
620,-0.822358912039951,0.218046806052835,0.43939393939394,0.286584227328677,0.673683390658833,0.560606060606061,0.326316609341167,0.713415772671323,91,0.000162282930650342,167316144
646,-0.909370289029582,0.173241944695478,0.402777777777778,0.286814887891125,0.565625931988536,0.597222222222222,0.434374068011464,0.713185112108875,141,1.52815377539673e-07,513451687
670,-0.524811865740731,0.217756378335762,0.591666666666667,0.386120213261479,0.906633303362906,0.408333333333333,0.0933666966370941,0.613879786738521,101,0.0159487070020236,340640050
846,-0.608589792531883,0.207184164854768,0.544117647058823,0.36252447351763,0.816673177863211,0.455882352941177,0.183326822136789,0.63747552648237,108,0.0033094069653135,731140281
97,-0.812493938192512,0.197698019858253,0.44375,0.301201760858547,0.653761325759567,0.55625,0.346238674240433,0.698798239141453,111,3.96048646999143e-05,850049658
596,-0.798507696217772,0.185924450373577,0.45,0.312574348533641,0.647845867551111,0.55,0.352154132448889,0.687425651466359,126,1.74853577291372e-05,970774405
321,-1.04982212449868,0.195180014617896,0.35,0.238742927367489,0.513104205225062,0.65,0.486895794774938,0.761257072632511,108,7.50098531683776e-08,964534980
721,-1.17188448977444,0.198199369559638,0.309782608695652,0.210062932230704,0.456840545979281,0.690217391304348,0.543159454020719,0.789937067769296,103,3.36636844286043e-09,557328547
195,-1.15577070250806,0.182275617897795,0.314814814814815,0.2202428784015,0.449995788041841,0.685185185185185,0.550004211958159,0.7797571215985,122,2.28595752145084e-10,946364760
545,-0.656333207437229,0.192479070888758,0.51875,0.35572929163225,0.756478504385282,0.48125,0.243521495614718,0.64427070836775,123,0.000649881592079503,666266610
946,-0.742744121699317,0.221826998078105,0.475806451612903,0.308042644713431,0.734936487793993,0.524193548387097,0.265063512206007,0.691957355286569,90,0.000813079065203722,926647219
346,-0.957839734787028,0.195977879152367,0.383720930232558,0.26133574482592,0.563419873529432,0.616279069767442,0.436580126470568,0.73866425517408,109,1.02130183395473e-06,11953565
446,-0.890972923889865,0.203140408719363,0.41025641025641,0.275512905164315,0.610898143069182,0.58974358974359,0.389101856930818,0.724487094835685,103,1.15456493909627e-05,962186807
296,-0.413562318340784,0.210839242994703,0.661290322580645,0.437447035976477,0.999675057261855,0.338709677419355,0.000324942738145206,0.562552964023523,113,0.0498200931120702,676814191
896,-0.88889175768604,0.189038979439611,0.411111111111111,0.283823887087362,0.595483161806568,0.588888888888889,0.404516838193432,0.716176112912638,119,2.5742211406519e-06,124722192
471,-0.913006656672965,0.206662120647513,0.401315789473684,0.267654858435456,0.601724040513632,0.598684210526316,0.398275959486368,0.732345141564544,99,9.96777301899538e-06,219303328
797,-0.665748206371831,0.203202586712688,0.513888888888889,0.34506655831904,0.765306819095733,0.486111111111111,0.234693180904267,0.65493344168096,110,0.00105184892279946,107559746
221,-0.774492820013898,0.21954305399978,0.4609375,0.299755151597261,0.708789749814565,0.5390625,0.291210250185435,0.700244848402739,91,0.000419109145475597,453836971
871,-0.826678573184468,0.198206241827255,0.4375,0.296663829433551,0.645195777205028,0.5625,0.354804222794972,0.703336170566449,110,3.03532308688852e-05,689905632
771,-0.534542150383308,0.211147657503229,0.5859375,0.387366519820556,0.886299502768826,0.4140625,0.113700497231174,0.612633480179444,107,0.0113542300104695,368499388
570,-0.809406986675808,0.195163710901192,0.445121951219512,0.303637467258911,0.652533276759675,0.554878048780488,0.347466723240325,0.696362532741089,114,3.36385042877148e-05,98372202
422,-0.998528830111127,0.171606006779513,0.368421052631579,0.263192276930764,0.515722093387516,0.631578947368421,0.484277906612484,0.736807723069236,141,5.9296818125491e-09,570933189
372,-0.847297860387203,0.212692489885077,0.428571428571429,0.282474363737847,0.650230580068551,0.571428571428571,0.349769419931449,0.717525636262153,95,6.78575174292118e-05,618018962
496,-0.92676203174145,0.18436710140672,0.395833333333333,0.275790182574612,0.568127648036886,0.604166666666667,0.431872351963114,0.724209817425388,124,4.98936698347094e-07,964118093
146,-0.664159643686694,0.209039419594147,0.514705882352941,0.341683852466639,0.775342889095367,0.485294117647059,0.224657110904633,0.658316147533361,104,0.00148705430502803,192042798
970,-1.09415793831873,0.176608256316309,0.334821428571429,0.236855800418872,0.473306496325432,0.665178571428571,0.526693503674568,0.763144199581127,131,5.81389769357257e-10,155917289
272,-0.95265837604503,0.217002182258133,0.385714285714286,0.252088556671996,0.590171613373391,0.614285714285715,0.409828386626609,0.747911443328004,89,1.13305519552141e-05,272496995
172,-0.815749502652278,0.200334169023091,0.442307692307692,0.29867559569849,0.655011984548108,0.557692307692308,0.344988015451892,0.70132440430151,108,4.66224046239932e-05,815191854
22,-0.703842469676694,0.178967270551252,0.49468085106383,0.348327595941409,0.702525861460589,0.50531914893617,0.297474138539411,0.651672404058591,140,8.39621166398382e-05,957865842
745,-1.2576769832978,0.191961512954917,0.284313725490196,0.195164080628902,0.414186331017633,0.715686274509804,0.585813668982367,0.804835919371098,109,5.68802987087132e-11,730041225
995,-1.18958406687384,0.198988123519277,0.304347826086956,0.206058818896805,0.449520189137085,0.695652173913044,0.550479810862915,0.793941181103195,102,2.25663495120215e-09,199077218
122,-0.757685701697516,0.195789002109726,0.46875,0.319363574123842,0.688013850993523,0.53125,0.311986149006477,0.680636425876158,115,0.000108875801775089,609373082
822,-0.938982143076226,0.205023092058859,0.391025641025641,0.261631038035961,0.584414804479343,0.608974358974359,0.415585195520657,0.738368961964039,100,4.65232105588316e-06,737569800
647,-0.547193267936865,0.202279775376425,0.578571428571429,0.389202952558207,0.860078002386483,0.421428571428571,0.139921997613517,0.610797047441793,116,0.0068277481313158,126106912
671,-0.889857474805999,0.195709676422467,0.410714285714286,0.279866831139806,0.602737465539565,0.589285714285714,0.397262534460435,0.720133168860194,111,5.44614757601559e-06,178245694
621,-0.680724660561389,0.193250301354135,0.506249999999999,0.346633140177873,0.739366877524999,0.493750000000001,0.260633122475001,0.653366859822127,121,0.000427493085601451,393687431
46,-0.7345323967228,0.202759794052595,0.47972972972973,0.322409020159558,0.713815678831393,0.52027027027027,0.286184321168607,0.677590979840442,108,0.000291574519376703,467388811
396,-0.693147180559946,0.196116135039145,0.5,0.340436132061681,0.734352133793789,0.5,0.265647866206211,0.659563867938319,117,0.000408746902636996,43102129
722,-0.822358912039951,0.218046806052835,0.43939393939394,0.286584227328677,0.673683390658833,0.560606060606061,0.326316609341167,0.713415772671323,91,0.000162282930650342,532525448
597,-1.04252282201707,0.209339064284697,0.352564102564103,0.233909767124029,0.531407678888934,0.647435897435897,0.468592321111066,0.766090232875971,94,6.35618621495627e-07,814542514
247,-1.1221427860783,0.202763302452989,0.325581395348837,0.218809988920996,0.48445340873158,0.674418604651163,0.51554659126842,0.781190011079004,99,3.12563073830573e-08,248396070
347,-0.575364144903562,0.212459146259155,0.5625,0.370917200785809,0.853037414629669,0.4375,0.146962585370331,0.629082799214191,104,0.0067666240658737,664828140
947,-0.559615787935423,0.202660870705837,0.571428571428571,0.384110965457105,0.85009448208883,0.428571428571429,0.14990551791117,0.615889034542895,115,0.005756452381573,991326386
447,-0.884202417322654,0.186807454838451,0.41304347826087,0.28640788843702,0.595671145319563,0.58695652173913,0.404328854680437,0.71359211156298,122,2.20976200727028e-06,418359097
297,-1.15098027418543,0.191147052116533,0.316326530612245,0.217485823022222,0.460087340768669,0.683673469387755,0.539912659231331,0.782514176977778,111,1.72873399076819e-09,553392507
697,-0.880024553889761,0.190855712192217,0.414772727272727,0.285333994017228,0.602929965922214,0.585227272727273,0.397070034077786,0.714666005982772,117,4.00849036648623e-06,397806203
522,-0.90078654533819,0.20095923815011,0.40625,0.273991165867584,0.602351765530137,0.59375,0.397648234469863,0.726008834132416,105,7.37964291860999e-06,530822164
921,-0.476082675322119,0.206150799623753,0.62121212121212,0.414728654172585,0.930498762644628,0.37878787878788,0.0695012373553722,0.585271345827415,115,0.0209219278756797,283297535
897,-0.721318057526642,0.205093861631477,0.486111111111111,0.325206589117578,0.726627381649525,0.513888888888889,0.273372618350475,0.674793410882422,106,0.000436430162061033,272067942
798,-0.793230639116928,0.192269130542058,0.452380952380952,0.310344840723744,0.659423000555911,0.547619047619048,0.340576999444089,0.689655159276256,118,3.6972672911308e-05,319958671
222,-0.938982143076226,0.205023092058859,0.391025641025641,0.261631038035961,0.584414804479343,0.608974358974359,0.415585195520657,0.738368961964039,100,4.65232105588316e-06,880067095
472,-0.905708622543618,0.185565326752563,0.404255319148936,0.280997367011522,0.581579695205854,0.595744680851064,0.418420304794146,0.719002632988478,123,1.05652380055479e-06,73985340
872,-0.15234072458202,0.236931400540456,0.858695652173912,0.539713013894208,1.36620426797215,0.141304347826088,-0.366204267972152,0.460286986105792,102,0.520240986508265,110165568
72,-0.733421079697885,0.200036045814872,0.480263157894737,0.324495203189863,0.710804654625571,0.519736842105263,0.289195345374429,0.675504796810137,111,0.00024594617236999,314547855
423,-0.581921545449722,0.206324160939018,0.558823529411764,0.372950539491333,0.837332847004712,0.441176470588236,0.162667152995288,0.627049460508667,110,0.00479602832471925,290887599
772,-0.602763119091677,0.198425567884504,0.547297297297297,0.370956643992633,0.807464528482403,0.452702702702703,0.192535471517597,0.629043356007367,118,0.00238368145484155,453630724
571,-0.988611393453782,0.197182184705862,0.372093023255814,0.252819022105389,0.547637661132699,0.627906976744186,0.452362338867301,0.747180977894611,107,5.33945170645859e-07,890535549
373,-0.493814277939454,0.203617183489441,0.610294117647059,0.409467958483355,0.909616741232129,0.389705882352941,0.0903832587678715,0.590532041516645,117,0.015299565205283,392960513
98,-0.759396566101145,0.198342269302712,0.467948717948718,0.317226176003712,0.690283523851723,0.532051282051282,0.309716476148277,0.682773823996288,112,0.000128812634719944,173373182
322,-1.09253324259173,0.206329983511924,0.335365853658537,0.223815645039296,0.502512931034702,0.664634146341463,0.497487068965298,0.776184354960704,96,1.18965979285065e-07,793263393
847,-0.798507696217772,0.197202659471308,0.45,0.305740735297084,0.662325874905853,0.55,0.337674125094147,0.694259264702916,112,5.13989269800017e-05,467828917
546,-1.35504181761579,0.17679827845246,0.257936507936508,0.182398746082854,0.364757124461034,0.742063492063492,0.635242875538966,0.817601253917146,128,1.79755510222722e-14,648447650
196,-0.858939435402689,0.21016950400966,0.423611111111111,0.280589061696628,0.639534457871374,0.576388888888889,0.360465542128626,0.719410938303372,97,4.37196146570453e-05,786062559
147,-0.67935385842761,0.20365757504065,0.506944444444444,0.340100073557836,0.755638383328322,0.493055555555556,0.244361616671678,0.659899926442164,109,0.000850649657805965,8963446
497,-0.680408154782515,0.195701950550376,0.506410256410257,0.345080716113612,0.743163369676877,0.493589743589743,0.256836630323123,0.654919283886388,118,0.000507517294239266,616590350
971,-1.01160091167848,0.195837362979488,0.363636363636364,0.247725230159323,0.533782549616095,0.636363636363636,0.466217450383905,0.752274769840677,108,2.39777301987279e-07,923509921
746,-0.634306680537012,0.21116047105687,0.53030303030303,0.350577459854028,0.802165958032985,0.46969696969697,0.197834041967015,0.649422540145972,103,0.00266535692050144,254171986
273,-0.519483686509105,0.221304116932183,0.594827586206896,0.385493176961777,0.917836886508125,0.405172413793104,0.0821631134918754,0.614506823038223,98,0.0189062306699596,916471088
123,-0.731368393380143,0.194902573099658,0.48125,0.328450079647163,0.70513474299899,0.51875,0.29486525700101,0.671549920352837,117,0.000175092421482858,32534538
996,-0.888891757686041,0.189038979439611,0.411111111111111,0.283823887087362,0.595483161806568,0.588888888888889,0.404516838193432,0.716176112912638,119,2.57422114065189e-06,308979923
823,-1.25567417870283,0.208959271698351,0.284883720930233,0.189147749589116,0.429075865969091,0.715116279069767,0.570924134030909,0.810852250410884,92,1.86462348046994e-09,428299667
648,-0.732367893713227,0.197419246753113,0.480769230769231,0.32650745181455,0.707913562063877,0.519230769230769,0.292086437936123,0.67349254818545,114,0.000207497866583896,706737751
723,-0.792519654373149,0.204822850717765,0.452702702702703,0.303017395269352,0.676329940900459,0.547297297297297,0.323670059099541,0.696982604730648,104,0.000109151337587037,421531895
47,-0.299658263498496,0.218546284296655,0.741071428571429,0.482873236698578,1.13733133358086,0.258928571428571,-0.137331333580857,0.517126763301422,111,0.170330303443997,397632792
672,-1.11436064563625,0.191589011209581,0.328125,0.225402359935882,0.477661439106612,0.671875,0.522338560893388,0.774597640064118,111,6.01241304563057e-09,959239721
397,-0.733421079697885,0.200036045814872,0.480263157894737,0.324495203189863,0.710804654625571,0.519736842105263,0.289195345374429,0.675504796810137,111,0.000245946172369991,317682189
173,-1.02450431651439,0.208562145441214,0.358974358974359,0.238525606385384,0.540246359096766,0.641025641025641,0.459753640903234,0.761474393614616,95,9.00483418844889e-07,876786001
348,-0.974786938555764,0.17386779736989,0.377272727272727,0.268323601263655,0.530459154817109,0.622727272727273,0.469540845182891,0.731676398736345,138,2.0647863965139e-08,343958234
248,-0.847297860387203,0.212692489885077,0.428571428571429,0.282474363737847,0.650230580068551,0.571428571428571,0.349769419931449,0.717525636262153,95,6.78575174292118e-05,941162291
298,-0.847297860387204,0.212692489885077,0.428571428571428,0.282474363737847,0.65023058006855,0.571428571428572,0.34976941993145,0.717525636262153,95,6.78575174292112e-05,189120823
23,-1.15449274706257,0.197434824069082,0.315217391304348,0.214068784751829,0.464159236928957,0.684782608695652,0.535840763071043,0.785931215248171,104,4.99128050103826e-09,179552094
448,-0.311779624030841,0.218882177350663,0.732142857142858,0.476741526323552,1.12436851767244,0.267857142857142,-0.124368517672436,0.523258473676448,110,0.154325624668959,897181255
948,-1.04400815463326,0.186817870929505,0.352040816326531,0.244103136280336,0.507706448382218,0.647959183673469,0.492293551617782,0.755896863719663,118,2.29205435778444e-08,946754594
523,-0.787176130208222,0.199312650620411,0.455128205128205,0.30794879892394,0.672649751604919,0.544871794871795,0.327350248395081,0.69205120107606,110,7.83296862509722e-05,647962056
698,-0.845163387858571,0.201411019532695,0.42948717948718,0.289406868282225,0.637369936790757,0.57051282051282,0.362630063209243,0.710593131717775,106,2.7141590595006e-05,234370669
922,-1.13036098698269,0.192255989766787,0.322916666666667,0.221534753143257,0.470694426637796,0.677083333333333,0.529305573362204,0.778465246856743,110,4.11612409487677e-09,89855715
622,-0.866418901833982,0.190370129623792,0.420454545454546,0.289518089202625,0.61060787351931,0.579545454545454,0.38939212648069,0.710481910797375,118,5.33323324856335e-06,368822185
73,-0.36101334553733,0.202910313780151,0.696969696969697,0.468269987687102,1.03736470682939,0.303030303030303,-0.0373647068293879,0.531730012312898,125,0.0752107622845673,872110757
223,-0.668454567969573,0.192860368949493,0.5125,0.351180850311501,0.747923042406844,0.4875,0.252076957593156,0.648819149688499,122,0.000528257888486944,530816903
799,-1.11663079417079,0.204917890879877,0.327380952380952,0.219092233546026,0.489192548029521,0.672619047619048,0.510807451970479,0.780907766453974,97,5.06076873820104e-08,536945762
773,-0.833504538254868,0.193670219598703,0.43452380952381,0.297276917166013,0.635134886499255,0.56547619047619,0.364865113500745,0.702723082833987,115,1.679455223037e-05,770806924
99,-1.08705146626703,0.201239144490076,0.337209302325582,0.227302638144667,0.500258661769401,0.662790697674418,0.499741338230599,0.772697361855333,101,6.5979406493167e-08,552775353
323,-0.80437281567017,0.202538075040206,0.447368421052632,0.300790837368304,0.665374337550265,0.552631578947368,0.334625662449735,0.699209162631696,106,7.14320861503058e-05,616444573
547,-0.805264478680651,0.217375672194344,0.446969696969697,0.291909058914176,0.684397773581671,0.553030303030303,0.315602226418329,0.708090941085824,92,0.000211822326123641,593243544
598,-1.17498526745268,0.188363635076435,0.308823529411765,0.213488735634488,0.446730700029179,0.691176470588235,0.553269299970822,0.786511264365512,114,4.43608172713506e-10,933548084
848,-0.603535021870258,0.213390989099922,0.546875,0.359955928762002,0.830858007127707,0.453125,0.169141992872293,0.640044071237998,102,0.00467950488974231,808007206
197,-0.965080896043587,0.198581277621602,0.380952380952381,0.25812971523334,0.562216234663647,0.619047619047619,0.437783765336353,0.74187028476666,106,1.17457772996945e-06,947842677
498,-1.20089113778853,0.184128036733695,0.300925925925926,0.209763314367615,0.431707580362093,0.699074074074074,0.568292419637907,0.790236685632385,119,6.93557099620172e-11,154145353
898,-1.01160091167848,0.195837362979488,0.363636363636364,0.247725230159323,0.533782549616096,0.636363636363636,0.466217450383904,0.752274769840677,108,2.39777301987282e-07,580846101
473,-0.561219637517398,0.192033800792808,0.57051282051282,0.391566871038977,0.831237018356169,0.42948717948718,0.168762981643831,0.608433128961023,128,0.00347228658427708,881917723
873,-0.987655218082126,0.184680246406403,0.372448979591837,0.259338310967323,0.534892981609953,0.627551020408163,0.465107018390047,0.740661689032677,122,8.8970680332493e-08,478619879
997,-0.880358722648092,0.197727403938873,0.414634146341463,0.281422743998283,0.610901140646126,0.585365853658537,0.389098859353874,0.718577256001717,109,8.49213335025346e-06,508951728
374,-0.890972923889865,0.203140408719363,0.410256410256411,0.275512905164316,0.610898143069183,0.589743589743589,0.389101856930817,0.724487094835684,103,1.15456493909628e-05,250519964
572,-0.78845736036427,0.187689298415565,0.454545454545455,0.314641423848716,0.65665724404831,0.545454545454545,0.34334275595169,0.685358576151284,124,2.65897392205639e-05,217391600
824,-0.881199412062885,0.214039267184851,0.414285714285714,0.272338727157486,0.630217578133771,0.585714285714286,0.369782421866229,0.727661272842514,93,3.8383802468993e-05,112297975
424,-0.865759923226939,0.197187721571896,0.420731707317073,0.285863528334526,0.619229639308135,0.579268292682927,0.380770360691865,0.714136471665474,110,1.13071241943203e-05,708701924
649,-0.845487905141964,0.185465248212762,0.429347826086956,0.298497681895827,0.617557746495091,0.570652173913043,0.382442253504909,0.701502318104173,125,5.14613544066929e-06,66441790
724,-1.07485820266,0.182524727865589,0.341346153846154,0.238687504399457,0.488157924474186,0.658653846153846,0.511842075525814,0.761312495600543,123,3.88924969809915e-09,34479552
148,-0.822825003868478,0.205940871189591,0.439189189189189,0.293328630015421,0.657580352420822,0.560810810810811,0.342419647579178,0.706671369984579,102,6.45734035633835e-05,647022951
174,-0.980829253011726,0.190346746936019,0.375,0.25823067055641,0.544571253666325,0.625,0.455428746333675,0.74176932944359,115,2.56549855831994e-07,267627678
673,-1.14862270924277,0.208856441472475,0.317073170731707,0.210562277929818,0.477461569025045,0.682926829268293,0.522538430974955,0.789437722070182,93,3.806969460398e-08,528261666
972,-0.667171694156685,0.197828972226269,0.513157894736842,0.348223990702395,0.756211610807137,0.486842105263158,0.243788389192863,0.651776009297605,116,0.000744979946309424,974525162
747,-1.03407376753054,0.194543625527341,0.355555555555556,0.242835197093364,0.520598968352246,0.644444444444444,0.479401031647754,0.757164802906636,109,1.06433557399696e-07,761175542
24,-1.27594630395103,0.177741497146743,0.279166666666667,0.197046953320052,0.39550993539694,0.720833333333333,0.60449006460306,0.802953046679947,127,7.03964426955252e-13,392923224
299,-0.826678573184468,0.188982236537253,0.4375,0.302075905487316,0.633636269967373,0.5625,0.366363730032627,0.697924094512684,121,1.21782645410316e-05,842439755
349,-0.957839734787027,0.195977879152367,0.383720930232558,0.26133574482592,0.563419873529432,0.616279069767442,0.436580126470568,0.73866425517408,109,1.02130183395474e-06,675023395
449,-0.987386653557885,0.181013087604533,0.372549019607843,0.261279180566279,0.531204865653493,0.627450980392157,0.468795134346507,0.738720819433721,127,4.90333872009738e-08,773257652
923,-1.01473080468741,0.205527076860837,0.3625,0.242305373783468,0.542316697100696,0.6375,0.457683302899304,0.757694626216532,98,7.9247202808951e-07,765669946
274,-0.996829594358168,0.199846331164001,0.369047619047619,0.249443908204303,0.545999082940792,0.630952380952381,0.454000917059208,0.750556091795697,104,6.1013738821893e-07,596101785
124,-0.884202417322654,0.186807454838451,0.41304347826087,0.28640788843702,0.595671145319563,0.58695652173913,0.404328854680437,0.71359211156298,122,2.20976200727028e-06,845511362
48,-0.940983344464527,0.200038106157736,0.390243902439024,0.263671616214564,0.577575643435629,0.609756097560976,0.422424356564371,0.736328383785436,105,2.55087665918552e-06,728507586
74,-1.05605267424931,0.193298035286211,0.347826086956522,0.238136828297919,0.508039800614676,0.652173913043478,0.491960199385324,0.761863171702081,110,4.67261337692782e-08,318162870
623,-1.14209740060785,0.194790303714747,0.319148936170213,0.217865063975226,0.467518938558045,0.680851063829787,0.532481061441955,0.782134936024774,107,4.53990181374145e-09,706019186
100,-0.98794672078059,0.188579718000837,0.372340425531915,0.257288777698061,0.538839640522465,0.627659574468085,0.461160359477535,0.742711222301939,117,1.61553074864878e-07,878771858
324,-1.41963078138748,0.18259954866095,0.241803278688525,0.169057003797327,0.345852725833325,0.758196721311475,0.654147274166675,0.830942996202673,120,7.5711296962096e-15,180055889
599,-0.667829372575655,0.195297274942753,0.512820512820513,0.3497261015926,0.751973836587834,0.487179487179487,0.248026163412166,0.6502738984074,119,0.000627241239489021,616870089
198,-1.18149994847388,0.203090598640358,0.306818181818182,0.206067765117146,0.456827377346959,0.693181818181818,0.543172622653041,0.793932234882854,98,5.9698404735833e-09,858553867
398,-0.678548381138793,0.209534050414531,0.50735294117647,0.336476296567283,0.765007846158764,0.49264705882353,0.234992153841236,0.663523703432717,103,0.00120215601072183,936476458
548,-0.925479157928562,0.19943635400766,0.396341463414634,0.268107508178249,0.585908826981509,0.603658536585366,0.414091173018491,0.731892491821751,106,3.47611397039677e-06,944948994
249,-1.25913918563464,0.178534382357858,0.283898305084746,0.200075567747806,0.402839029958844,0.716101694915254,0.597160970041156,0.799924432252193,126,1.75551385191942e-12,424485892
524,-0.857035035665063,0.192235387228751,0.424418604651162,0.291181215722549,0.618622157775716,0.575581395348838,0.381377842224284,0.708818784277451,116,8.26282469244089e-06,339081299
949,-0.987655218082126,0.184680246406403,0.372448979591837,0.259338310967323,0.534892981609953,0.627551020408163,0.465107018390047,0.740661689032677,122,8.89706803324926e-08,838713401
699,-0.949576709507622,0.197975097440376,0.386904761904762,0.262474650712825,0.57032286500064,0.613095238095238,0.42967713499936,0.737525349287175,107,1.61506099429543e-06,692884288
899,-0.866418901833982,0.190370129623792,0.420454545454545,0.289518089202625,0.61060787351931,0.579545454545455,0.38939212648069,0.710481910797375,118,5.33323324856335e-06,410459388
499,-0.987655218082126,0.184680246406403,0.372448979591837,0.259338310967323,0.534892981609953,0.627551020408163,0.465107018390047,0.740661689032677,122,8.89706803324926e-08,305176295
474,-0.620122045545056,0.210683500284303,0.537878787878788,0.355918282421506,0.812865212996635,0.462121212121212,0.187134787003365,0.644081717578494,104,0.00324647442966969,798657395
874,-1.03798766685168,0.188518475743516,0.354166666666667,0.244760012399161,0.512477616536547,0.645833333333333,0.487522383463453,0.755239987600839,116,3.67023928552811e-08,106416169
998,-0.804372815670169,0.202538075040206,0.447368421052632,0.300790837368304,0.665374337550265,0.552631578947368,0.334625662449735,0.699209162631696,106,7.14320861503062e-05,827129688
800,-1.24319351747922,0.189466186708139,0.288461538461539,0.198982097679232,0.418178620801034,0.711538461538461,0.581821379198966,0.801017902320768,112,5.32481835601816e-11,772093604
224,-0.715620036412004,0.183264449902879,0.488888888888889,0.341362007965373,0.700172661578841,0.511111111111111,0.299827338421159,0.658637992034627,133,9.42841680359695e-05,172123712
375,-0.74780559309781,0.180312370104266,0.473404255319149,0.332468106273389,0.674084475248854,0.526595744680851,0.325915524751146,0.667531893726611,136,3.36450891636625e-05,217058726
573,-0.734532396722799,0.202759794052595,0.47972972972973,0.322409020159558,0.713815678831394,0.52027027027027,0.286184321168606,0.677590979840442,108,0.000291574519376706,681194078
825,-0.589350386878301,0.212919015083326,0.5546875,0.36543604738184,0.841948200952275,0.4453125,0.158051799047725,0.63456395261816,103,0.00564091345233288,272966801
425,-0.948039430188735,0.202802939503054,0.3875,0.260402729286011,0.576630861019423,0.6125,0.423369138980577,0.739597270713989,102,2.94408179343338e-06,423537423
149,-0.81918790145531,0.203079202830633,0.440789473684211,0.296053284690573,0.656285101899395,0.559210526315789,0.343714898100605,0.703946715309427,105,5.48739653759689e-05,671099652
725,-0.834225778819851,0.203635224456512,0.434210526315789,0.291316933842279,0.647194719087327,0.565789473684211,0.352805280912673,0.708683066157721,104,4.19140486180649e-05,654889700
774,-1.06087196068526,0.181988071392387,0.346153846153846,0.242304028253881,0.494512972279409,0.653846153846154,0.505487027720591,0.757695971746119,124,5.5644060349319e-09,803447545
973,-0.906721280858004,0.203749948534004,0.403846153846154,0.270884203754536,0.602071710774684,0.596153846153846,0.397928289225316,0.729115796245464,102,8.58035736838614e-06,945851390
175,-0.893817876022096,0.191353499127253,0.409090909090909,0.281150872020887,0.595251121570036,0.590909090909091,0.404748878429964,0.718849127979113,116,2.99693610792977e-06,185421177
748,-1.2176716486841,0.194034900429385,0.295918367346939,0.202306164081633,0.43284731600142,0.704081632653061,0.56715268399858,0.797693835918367,107,3.48447476263912e-10,372195035
25,-0.832409247893453,0.177466202090432,0.435,0.307206041222607,0.615954683856246,0.565,0.384045316143754,0.692793958777393,137,2.72508003775759e-06,512166880
849,-1.10930757778486,0.193405346391732,0.329787234042553,0.225739163256626,0.481793314763895,0.670212765957447,0.518206685236105,0.774260836743374,109,9.7132548534442e-09,23646765
300,-1.10866262452161,0.1874873733377,0.33,0.228520096276949,0.476544521791297,0.67,0.523455478208703,0.771479903723051,116,3.35390812250623e-09,184059241
450,-0.950976289862045,0.193476497518512,0.386363636363636,0.264428798469862,0.564525726274651,0.613636363636364,0.435474273725349,0.735571201530138,112,8.86904435750556e-07,98323217
125,-1.24745791626568,0.199487128086837,0.287234042553191,0.194281818237996,0.424658343995841,0.712765957446809,0.575341656004159,0.805718181762004,101,4.01803841182896e-10,209809114
49,-0.80755753173769,0.205374151716533,0.445945945945946,0.298172389208975,0.666955740714972,0.554054054054054,0.333044259285028,0.701827610791026,103,8.41970756843232e-05,426886586
325,-0.450833713138015,0.211934641547864,0.637096774193548,0.420539033429289,0.96517152374174,0.362903225806452,0.0348284762582598,0.579460966570711,110,0.0334009832870162,675330154
674,-0.823200308808143,0.195650537450269,0.439024390243902,0.299192435456507,0.644208851520409,0.560975609756098,0.355791148479591,0.700807564543493,113,2.58207477219674e-05,272351841
399,-0.80437281567017,0.202538075040206,0.447368421052632,0.300790837368304,0.665374337550265,0.552631578947368,0.334625662449735,0.699209162631696,106,7.14320861503058e-05,602376486
199,-0.664159643686693,0.209039419594147,0.514705882352941,0.341683852466639,0.775342889095368,0.485294117647059,0.224657110904632,0.658316147533361,104,0.00148705430502806,694102689
350,-0.949576709507622,0.197975097440376,0.386904761904762,0.262474650712825,0.57032286500064,0.613095238095238,0.42967713499936,0.737525349287175,107,1.61506099429544e-06,832059956
525,-0.552068582300039,0.208472839908412,0.575757575757576,0.382637260052872,0.866347375570365,0.424242424242424,0.133652624429635,0.617362739947128,109,0.00809321917396944,560096974
549,-0.772284501118669,0.183040531929653,0.461956521739131,0.322698331165259,0.661310603022697,0.538043478260869,0.338689396977303,0.677301668834741,131,2.45171376183711e-05,515743141
250,-0.823767362977009,0.17898622922766,0.438775510204082,0.308950587463823,0.623154498378794,0.561224489795918,0.376845501621206,0.691049412536177,135,4.17637313255743e-06,80885419
275,-0.960626545694207,0.183688585952438,0.38265306122449,0.266961838294743,0.548480510172441,0.61734693877551,0.451519489827559,0.733038161705257,124,1.69833596562773e-07,216419636
950,-1.04145387482816,0.183021124561889,0.352941176470588,0.246555369654285,0.505231235576451,0.647058823529412,0.494768764423549,0.753444630345715,123,1.2678078616786e-08,433079744
700,-0.934309237376833,0.216224991081524,0.392857142857143,0.257148270493886,0.600185777635036,0.607142857142857,0.399814222364964,0.742851729506114,90,1.55320252236657e-05,542159901
924,-0.738609554636702,0.183984046078094,0.477777777777778,0.33313360319157,0.685225395310852,0.522222222222222,0.314774604689148,0.66686639680843,131,5.95642549409233e-05,258997113
75,-0.855666110057721,0.199263349280289,0.425,0.287591244165474,0.628061541039378,0.575,0.371938458960622,0.712408755834526,108,1.75366271595844e-05,610189382
650,-0.747214401830221,0.200511043030344,0.473684210526316,0.3197522426867,0.701720586591127,0.526315789473684,0.298279413408873,0.6802477573133,110,0.000194118676768532,628147498
475,-0.826678573184468,0.221601315145252,0.4375,0.283367915815162,0.675469025663627,0.5625,0.324530974336373,0.716632084184838,88,0.000191117714390188,865719280
624,-0.795426029680364,0.207755609256623,0.451388888888889,0.300406253696958,0.678254618553599,0.548611111111111,0.321745381446401,0.699593746303042,101,0.0001288417514747,867623169
875,-1.10293194981263,0.173863142458733,0.331896551724138,0.236053348326701,0.46665434668572,0.668103448275862,0.53334565331428,0.763946651673299,135,2.24342163639601e-10,788607451
225,-1.2005772153248,0.193280407224314,0.301020408163265,0.206098750766566,0.43965956025328,0.698979591836735,0.56034043974672,0.793901249233434,108,5.24536044177445e-10,442374227
574,-0.858226930919395,0.185902241156443,0.423913043478261,0.294466914094307,0.610263020494893,0.576086956521739,0.389736979505107,0.705533085905693,124,3.90172661309872e-06,713381766
600,-0.918953849293639,0.186037440020069,0.398936170212766,0.277043559260732,0.574458645884812,0.601063829787234,0.425541354115188,0.722956440739268,122,7.8275846050785e-07,88944841
999,-1.07992015565596,0.180988434509971,0.339622641509434,0.238198488184449,0.484232874461106,0.660377358490566,0.515767125538894,0.761801511815551,125,2.41965068992014e-09,639527459
150,-1.15449274706257,0.197434824069082,0.315217391304348,0.214068784751829,0.464159236928957,0.684782608695652,0.535840763071043,0.785931215248171,104,4.99128050103826e-09,30588689
775,-0.913006656672965,0.206662120647513,0.401315789473684,0.267654858435456,0.601724040513632,0.598684210526316,0.398275959486368,0.732345141564544,99,9.96777301899546e-06,812806962
974,-1.04678722080352,0.190861496658571,0.351063829787234,0.241504087566938,0.510325990034102,0.648936170212766,0.489674009965898,0.758495912433062,113,4.14550270300473e-08,370817946
900,-0.756061005970515,0.193331986238462,0.469512195121951,0.321427027540616,0.685821920623579,0.530487804878049,0.314178079376421,0.678572972459385,118,9.20337362137185e-05,638006110
850,-1.16315080980568,0.19364916733511,0.3125,0.213803864891659,0.456756242687594,0.6875,0.543243757312406,0.786196135108341,108,1.89588561540596e-09,913057181
749,-0.463961314789772,0.205794127719945,0.628787878787879,0.420079880824091,0.94118812768404,0.371212121212121,0.0588118723159604,0.579920119175909,116,0.0241652027918365,194131785
500,-0.7407752295492,0.188284189239498,0.476744186046512,0.329623079937246,0.689530050421292,0.523255813953488,0.310469949578708,0.670376920062754,125,8.34233836851013e-05,874814465
50,-0.656333207437229,0.192479070888758,0.51875,0.35572929163225,0.756478504385282,0.48125,0.243521495614718,0.64427070836775,123,0.000649881592079497,484607837
200,-0.823200308808143,0.195650537450269,0.439024390243902,0.299192435456507,0.644208851520409,0.560975609756098,0.355791148479591,0.700807564543493,113,2.58207477219675e-05,301637402
675,-0.617161273582024,0.196241971500507,0.539473684210526,0.367222087838897,0.79252274194181,0.460526315789474,0.20747725805819,0.632777912161103,120,0.00166143907392262,517637615
400,-1.15189365528105,0.183829534273956,0.316037735849056,0.220426070442888,0.453121766767042,0.683962264150944,0.546878233232958,0.779573929557112,120,3.70210264091021e-10,799485844
925,-1.0820829867169,0.196508689008832,0.338888888888889,0.230562583879079,0.49811065212809,0.661111111111111,0.50188934787191,0.769437416120921,106,3.65954521463139e-08,782616708
625,-0.789774016249017,0.202011245011977,0.453947368421053,0.305529549213581,0.674462466320555,0.546052631578947,0.325537533679445,0.694470450786419,107,9.24664088958663e-05,176662501
550,-1.00853185556106,0.166220930353037,0.364754098360656,0.263337475509559,0.505228327314414,0.635245901639344,0.494771672685586,0.736662524490441,150,1.29982988917175e-09,808722713
975,-0.801360765200178,0.199816765915046,0.448717948717949,0.303311657373495,0.663831384672782,0.551282051282051,0.336168615327218,0.696688342626505,109,6.05959191293057e-05,974292270
1000,-0.980829253011726,0.190346746936019,0.375,0.25823067055641,0.544571253666325,0.625,0.455428746333675,0.74176932944359,115,2.56549855831994e-07,611620768
575,-0.955511445027437,0.205688337834206,0.384615384615385,0.25700668590715,0.575584224825509,0.615384615384615,0.424415775174491,0.74299331409285,99,3.39363480767099e-06,728860765
750,-0.653406851910431,0.200035096844474,0.52027027027027,0.351527112367765,0.77001501336237,0.47972972972973,0.22998498663763,0.648472887632235,114,0.0010890078886543,38475841
