"rep","est_V","se_V","IRR_V","IRR_V_CI_Lower","IRR_V_CI_Upper","VE","VE_CI_Lower","VE_CI_Upper","n_event","p_val","seed"
101,-1.01473080468741,0.290659179531494,0.3625,0.205068270522658,0.640792696330274,0.6375,0.359207303669726,0.794931729477342,49,0.000480970864414282,423756664
1,-0.517256514096282,0.330425697058068,0.596153846153846,0.311960413229728,1.13924521577777,0.403846153846154,-0.139245215777769,0.688039586770272,44,0.117483384445156,71611768
126,-0.762140052046896,0.319970236768501,0.466666666666667,0.249257148069638,0.873707251584756,0.533333333333333,0.126292748415244,0.750742851930362,43,0.0172231434086226,205437322
151,-1.00330210886378,0.33484505693686,0.366666666666667,0.190217645293864,0.706792707042208,0.633333333333333,0.293207292957792,0.809782354706136,37,0.00273261738336202,803554260
201,-1.5114575040739,0.354245954287149,0.220588235294118,0.110166015827363,0.441689473697813,0.779411764705882,0.558310526302187,0.889833984172637,32,1.98394953828258e-05,488880256
51,-0.916290731874155,0.285043856321028,0.4,0.228786408585168,0.699342242353696,0.6,0.300657757646304,0.771213591414832,52,0.00130644364042557,518496792
226,-0.624154309072994,0.323669437292729,0.535714285714286,0.284069955473602,1.01027859648127,0.464285714285714,-0.0102785964812684,0.715930044526398,44,0.0538091680933299,48680213
26,-0.719815427642107,0.2822385622193,0.486842105263158,0.279992392831664,0.846505982037739,0.513157894736842,0.153494017962261,0.720007607168336,56,0.0107605732267928,955861203
401,-0.916290731874154,0.285043856321028,0.4,0.228786408585168,0.699342242353696,0.6,0.300657757646304,0.771213591414832,52,0.00130644364042559,821919084
276,0.0206192872027365,0.322089267491493,1.02083333333333,0.542990162102395,1.91918890465631,-0.0208333333333341,-0.919188904656308,0.457009837897605,61,0.948956446861183,574709733
326,-0.483426649577876,0.306094255980541,0.616666666666667,0.338456275209939,1.12356545182061,0.383333333333333,-0.123565451820614,0.661543724790061,52,0.114258280866954,428810111
301,-0.757685701697517,0.309569593739123,0.46875,0.255526040150385,0.859898906470291,0.53125,0.140101093529709,0.744473959849615,46,0.0143832917454888,102319351
376,-0.456758402495715,0.304930247735992,0.633333333333333,0.348397675534745,1.15130248930466,0.366666666666667,-0.151302489304664,0.651602324465255,53,0.134156349633603,765506603
501,-0.451985123743057,0.355841785642158,0.636363636363636,0.316819772499663,1.27819887783797,0.363636363636364,-0.278198877837972,0.683180227500337,39,0.204018514044651,128946494
426,-0.810930216216328,0.294627825545782,0.444444444444445,0.249476603152045,0.791781119759533,0.555555555555555,0.208218880240467,0.750523396847955,50,0.00591623030191689,370129346
76,-0.313657558855042,0.321308054947132,0.730769230769231,0.389298150779441,1.37176009587985,0.269230769230769,-0.371760095879846,0.610701849220559,51,0.328970551154487,785754616
476,-1.08618976866955,0.295020401093329,0.3375,0.189300585174496,0.60172159475895,0.6625,0.39827840524105,0.810699414825504,47,0.000231643402655386,655327600
526,-0.693147180559946,0.306186217693273,0.5,0.274374548749911,0.911163229749387,0.5,0.088836770250613,0.725625451250089,48,0.0235858516265235,29499214
676,-0.806475865866949,0.333809184216891,0.446428571428571,0.232066840167234,0.858797703472563,0.553571428571429,0.141202296527437,0.767933159832766,39,0.0156929810074839,373773918
626,-0.8754687373539,0.298142397049811,0.416666666666667,0.232278755131733,0.747425699834882,0.583333333333333,0.252574300165118,0.767721244868267,48,0.00332033640205507,376803068
701,-0.414433778090924,0.313776350729292,0.660714285714286,0.357212611261153,1.22208274171986,0.339285714285714,-0.222082741719857,0.642787388738847,51,0.186570213177545,171604648
251,-0.287682072451782,0.365148371258932,0.75,0.366645539843386,1.53417930636842,0.25,-0.534179306368418,0.633354460156614,40,0.430784565647915,611212756
776,-0.287682072451781,0.348155311519352,0.75,0.379062589378298,1.48392380509656,0.25,-0.483923805096562,0.620937410621702,44,0.408631753099424,25313551
351,-0.887303195000903,0.307470023185012,0.411764705882353,0.225387673347943,0.752260185714046,0.588235294117647,0.247739814285954,0.774612326652057,45,0.0039039515120139,913676645
751,-0.553385238184786,0.378785243470137,0.575,0.27368138620675,1.20806535140184,0.425,-0.208065351401841,0.72631861379325,33,0.144029933927241,269502811
176,-0.923670839171778,0.309613576058494,0.397058823529412,0.216426929331258,0.728447748298718,0.602941176470588,0.271552251701282,0.783573070668742,44,0.00285156356406419,134790012
851,0.0540672212702753,0.370711343337447,1.05555555555556,0.510423931491864,2.18288654218784,-0.0555555555555551,-1.18288654218784,0.489576068508136,47,0.884041993097518,342874385
801,-0.356674943938733,0.368394198436632,0.7,0.340032422716357,1.44103905176343,0.3,-0.441039051763427,0.659967577283643,38,0.332950348956262,521281667
551,-0.940007258491471,0.320156211922627,0.390625,0.20856554903584,0.731606400627456,0.609375,0.268393599372544,0.79143445096416,41,0.00332378522577713,391454002
876,-0.693147180559946,0.327326835188689,0.5,0.263238190676348,0.949710220077358,0.5,0.0502897799226419,0.736761809323652,42,0.0342089907204715,484865798
601,-0.526093095896779,0.359681288338738,0.590909090909091,0.291984235275548,1.19586440476655,0.409090909090909,-0.195864404766546,0.708015764724452,37,0.143559170995979,899290754
951,-0.200670695462151,0.344509605643547,0.818181818181818,0.41648821426785,1.60729995392569,0.181818181818182,-0.607299953925686,0.58351178573215,47,0.560241962069036,729669377
926,-0.806475865866949,0.333809184216891,0.446428571428571,0.232066840167234,0.858797703472563,0.553571428571429,0.141202296527437,0.767933159832766,39,0.0156929810074839,105739805
901,-0.336472236621213,0.310529501381407,0.714285714285714,0.388641141927947,1.31278968330955,0.285714285714286,-0.312789683309553,0.611358858072053,54,0.278567233886636,986328385
576,-1.14117190308691,0.314696387731225,0.319444444444444,0.172395247281556,0.591923238578381,0.680555555555556,0.408076761421619,0.827604752718444,41,0.000287552363162316,143139816
102,-0.628608659422374,0.312916389074555,0.533333333333333,0.288831007169658,0.984812701488669,0.466666666666667,0.0151872985113312,0.711168992830342,47,0.0445508161376246,262745625
127,-0.25489224962879,0.363673018248927,0.775,0.379964189999513,1.58074106931174,0.225,-0.580741069311743,0.620035810000487,41,0.483376011154514,14903331
726,-0.144581228811108,0.314873464851127,0.865384615384615,0.466861854613712,1.60409449849789,0.134615384615385,-0.604094498497892,0.533138145386288,58,0.646110313408648,766682213
451,-4.9103214171823e-16,0.372677995611284,1,0.481699188874371,2.07598439668704,4.44089209850063e-16,-1.07598439668704,0.518300811125629,45,0.999999999999999,647048291
52,-0.889857474806,0.338979103096579,0.410714285714286,0.211349037003325,0.798140492531047,0.589285714285714,0.201859507468953,0.788650962996675,37,0.00866209469733097,282471067
327,-0.724895878874526,0.307827978830389,0.484375,0.264946428293406,0.885534264931395,0.515625,0.114465735068605,0.735053571706594,47,0.0185290237436734,437646565
27,-0.658055860748675,0.325440209459211,0.517857142857143,0.273649565165655,0.979997977507555,0.482142857142857,0.0200020224924452,0.726350434834345,43,0.0431713500844891,175661085
402,-0.233614851181505,0.331133088860109,0.791666666666667,0.413696039287408,1.51496763708607,0.208333333333333,-0.514967637086071,0.586303960712592,50,0.480498273399406,480479132
227,-0.28768207245178,0.333333332957981,0.750000000000001,0.390236076007616,1.44143515831433,0.249999999999999,-0.441435158314331,0.609763923992384,48,0.388112055987275,411191976
277,-0.2578291093021,0.3468729671375,0.772727272727272,0.391532155782818,1.52505338117808,0.227272727272728,-0.525053381178077,0.608467844217182,45,0.457302806315759,114110478
302,-0.660357357736954,0.314523021533651,0.516666666666667,0.278925334222435,0.957046247479132,0.483333333333333,0.0429537525208675,0.721074665777565,46,0.0357682916936383,886449476
377,-1.63141681915288,0.314696387738296,0.195652173913043,0.105588015346787,0.362538996790271,0.804347826086957,0.637461003209729,0.894411984653213,41,2.17063135132472e-07,568397520
976,-0.860201265223112,0.349825131199821,0.423076923076923,0.213131502049034,0.83982931251081,0.576923076923077,0.16017068748919,0.786868497950966,35,0.0139345399968471,828581788
152,-0.405465108108164,0.338501599881137,0.666666666666667,0.343380522195083,1.29432048621542,0.333333333333333,-0.294320486215421,0.656619477804917,44,0.230985808990522,839058286
651,-0.693147180559945,0.316227765857143,0.5,0.269027355147749,0.929273530056824,0.5,0.0707264699431761,0.730972644852251,45,0.0283850059591001,259666756
77,-0.916290731874155,0.329140294355589,0.4,0.209843376090773,0.762473436048742,0.6,0.237526563951258,0.790156623909227,39,0.00537110664852018,711098808
427,-0.818310323513951,0.303573488264536,0.441176470588235,0.243338104254752,0.79986107723156,0.558823529411765,0.20013892276844,0.756661895745248,47,0.00702636317869648,989183516
527,0.405465108108163,0.540061723346843,1.5,0.520463031159205,4.32307361963571,-0.499999999999999,-3.32307361963571,0.479536968840795,28,0.452787778973292,269526594
702,-0.470003629245735,0.31622776575811,0.625,0.33628419399996,1.16159191234556,0.375,-0.161591912345564,0.66371580600004,49,0.137204551555183,293638512
826,-0.39768296766611,0.292840935992869,0.671875,0.378461603385178,1.19276569032968,0.328125,-0.192765690329681,0.621538396614822,59,0.174458291785097,221139734
352,-0.613104472886409,0.284950137914778,0.541666666666667,0.309871841781773,0.946852014983687,0.458333333333333,0.0531479850163129,0.690128158218227,57,0.0314272797958067,185131219
2,-0.826678573184468,0.361873432290372,0.4375,0.215253803122,0.889211931328878,0.5625,0.110788068671122,0.784746196878,33,0.0223456153340931,982335736
202,-0.470003629245736,0.31622776575811,0.625,0.33628419399996,1.16159191234556,0.375,-0.161591912345564,0.66371580600004,49,0.137204551555182,227127847
252,-0.624154309072994,0.323669437292729,0.535714285714286,0.284069955473602,1.01027859648127,0.464285714285714,-0.0102785964812684,0.715930044526398,44,0.0538091680933299,467748726
177,-0.318453731118535,0.349512647335515,0.727272727272727,0.366599271030973,1.44278961152114,0.272727272727273,-0.44278961152114,0.633400728969027,43,0.36222345543502,158232699
802,-0.852211875189632,0.305460779911516,0.426470588235294,0.234358331784545,0.7760644191518,0.573529411764706,0.2239355808482,0.765641668215455,46,0.00527206743141979,740993542
752,-0.287682072451782,0.348155311519352,0.75,0.379062589378298,1.48392380509656,0.25,-0.483923805096561,0.620937410621702,44,0.408631753099423,372678692
552,-0.818310323513952,0.303573488264536,0.441176470588235,0.243338104254752,0.799861077231559,0.558823529411765,0.200138922768441,0.756661895745248,47,0.00702636317869638,162635783
852,-1.08618976866955,0.295020401093329,0.3375,0.189300585174496,0.60172159475895,0.6625,0.39827840524105,0.810699414825504,47,0.000231643402655388,807448603
877,-0.356674943938732,0.30079260345712,0.7,0.388206597405006,1.26221450968489,0.3,-0.262214509684893,0.611793402594994,57,0.235707759513392,44415840
502,-0.587786664902119,0.283823105915971,0.555555555555556,0.318520089540818,0.96898746874517,0.444444444444444,0.0310125312548298,0.681479910459182,58,0.0383624139281731,667753098
927,-0.887303195000903,0.307470023185012,0.411764705882353,0.225387673347943,0.752260185714046,0.588235294117647,0.247739814285954,0.774612326652057,45,0.0039039515120139,665847642
602,-0.980829253011726,0.288675134639246,0.375,0.212966134230444,0.660316254075561,0.625,0.339683745924439,0.787033865769556,50,0.000679568331275139,901907738
902,-0.791587253373198,0.311420549506474,0.453125,0.246114029855468,0.834256648211306,0.546875,0.165743351788694,0.753885970144532,45,0.0110264516645975,991132066
952,-0.780158557549575,0.293016357715889,0.458333333333333,0.258086606687751,0.813949422406871,0.541666666666667,0.186050577593129,0.741913393312249,51,0.00775605992749464,481252410
577,-0.818310323513951,0.303573488264536,0.441176470588235,0.243338104254752,0.79986107723156,0.558823529411765,0.20013892276844,0.756661895745248,47,0.00702636317869648,118604447
103,-0.162518929497774,0.359738466601056,0.85,0.419961025730828,1.72039774105868,0.15,-0.720397741058677,0.580038974269172,44,0.651434919377079,226528481
477,-0.660357357736955,0.314523021533651,0.516666666666667,0.278925334222435,0.957046247479132,0.483333333333333,0.0429537525208676,0.721074665777565,46,0.0357682916936383,185326561
627,-0.693147180559946,0.288675134449032,0.5,0.283954845746454,0.880421671772515,0.5,0.119578328227485,0.716045154253546,54,0.0163444274416998,175148620
677,-0.980829253011726,0.32274861223363,0.375,0.19920817230415,0.705919834379557,0.625,0.294080165620443,0.80079182769585,40,0.00237374081337691,305279053
777,-0.510825623765991,0.307318148344211,0.6,0.328519813990045,1.0958243146056,0.4,-0.0958243146055977,0.671480186009955,51,0.0964717685056788,211918188
727,-1.00063188030791,0.3143620992449,0.367647058823529,0.198538891135009,0.68079538013375,0.632352941176471,0.31920461986625,0.801461108864991,42,0.00145729883937455,143821057
53,-0.693147180559946,0.306186217693273,0.5,0.274374548749911,0.911163229749387,0.5,0.088836770250613,0.725625451250089,48,0.0235858516265235,441727395
452,0.182321556793955,0.491596039061812,1.2,0.457861302037929,3.14505723368757,-0.2,-2.14505723368757,0.542138697962071,29,0.710729309445467,778451058
403,-0.470003629245735,0.341565025252529,0.625,0.319992162038123,1.22073302518411,0.375,-0.220733025184106,0.680007837961877,42,0.168812429304268,388465860
28,-0.438913042175704,0.270258657744707,0.644736842105263,0.379610224428682,1.09503266460612,0.355263157894737,-0.0950326646061206,0.620389775571318,68,0.10436555707994,921605823
153,-1.34184259854906,0.29821603971265,0.261363636363636,0.145681099533385,0.468907432961603,0.738636363636364,0.531092567038397,0.854318900466615,45,6.80925027601022e-06,590855374
228,-0.318453731118535,0.349512647335515,0.727272727272727,0.366599271030973,1.44278961152114,0.272727272727273,-0.44278961152114,0.633400728969027,43,0.36222345543502,270508748
977,-0.336472236621213,0.43915503237054,0.714285714285715,0.302038651802139,1.68920129456438,0.285714285714285,-0.689201294564381,0.697961348197861,27,0.443568619103013,828914454
652,-0.192371892647456,0.360975109893517,0.825,0.40662247357942,1.67384993261338,0.175,-0.673849932613383,0.59337752642058,43,0.594086971086374,458830925
128,-0.944461608840852,0.30210898910626,0.388888888888889,0.21511460488529,0.703041841263547,0.611111111111111,0.296958158736453,0.78488539511471,46,0.0017706415994112,974211591
353,-0.762140052046897,0.319970236768501,0.466666666666667,0.249257148069638,0.873707251584756,0.533333333333333,0.126292748415244,0.750742851930362,43,0.0172231434086226,564708247
3,-1.02165124753198,0.260341655902183,0.36,0.216122151102879,0.599660883156337,0.64,0.400339116843663,0.783877848897121,61,8.69927131938619e-05,812306174
703,-0.958850346292951,0.331880893651288,0.383333333333333,0.200022594761743,0.734639227230689,0.616666666666667,0.265360772769311,0.799977405238256,38,0.00386297115469421,159323881
203,-0.8754687373539,0.276026223783084,0.416666666666667,0.242568727895345,0.715719262814515,0.583333333333333,0.284280737185485,0.757431272104655,56,0.00151556348878579,103359575
827,-0.287682072451781,0.348155311519352,0.75,0.379062589378298,1.48392380509656,0.25,-0.483923805096562,0.620937410621702,44,0.408631753099424,909242992
253,-0.863046217355342,0.315494908153212,0.421875,0.227318110503965,0.782949124600858,0.578125,0.217050875399142,0.772681889496035,43,0.00622796503890628,428384199
178,-0.923670839171778,0.309613576058494,0.397058823529412,0.216426929331258,0.728447748298718,0.602941176470588,0.271552251701282,0.783573070668742,44,0.0028515635640642,602914035
553,-0.538996500732687,0.308606699703892,0.583333333333333,0.318588646561899,1.06807879517974,0.416666666666667,-0.0680787951797439,0.681411353438101,50,0.0807157252612331,468031612
328,0.130053128248199,0.368105086169941,1.13888888888889,0.553540929330433,2.34321950285323,-0.13888888888889,-1.34321950285323,0.446459070669567,50,0.7238602846298,785953199
503,-1.11185751541813,0.304354364142294,0.328947368421052,0.181158831996315,0.597301108638945,0.671052631578948,0.402698891361055,0.818841168003685,44,0.000259024994917278,962967322
278,-0.498991166118988,0.317553674169344,0.607142857142857,0.325828232498518,1.13133980488099,0.392857142857143,-0.131339804880992,0.674171767501482,48,0.116099033604415,508729563
78,-0.863046217355342,0.315494908153212,0.421875,0.227318110503965,0.782949124600858,0.578125,0.217050875399142,0.772681889496035,43,0.00622796503890628,976699223
878,-0.934309237376834,0.341881729433606,0.392857142857143,0.201013117061687,0.767794345711848,0.607142857142857,0.232205654288152,0.798986882938313,36,0.00627901732248279,235603980
928,-1.02338886743052,0.325543024654135,0.359375,0.189865097687473,0.680221863828748,0.640625,0.319778136171252,0.810134902312527,39,0.00166862690503966,245305927
378,-0.980829253011726,0.304290309771929,0.375,0.206546997637897,0.680837783207739,0.625,0.319162216792261,0.793453002362103,45,0.0012670778599833,182123952
303,-0.847297860387204,0.336296354624584,0.428571428571429,0.221700788982126,0.828474586089829,0.571428571428571,0.171525413910171,0.778299211017874,38,0.0117522439542884,121048158
104,-0.22314355131421,0.362284418203142,0.8,0.393290024619464,1.62729782078568,0.2,-0.627297820785679,0.606709975380536,42,0.537937605970294,962222090
428,-0.488352767913933,0.357695579709943,0.613636363636363,0.304396782941251,1.23703536922574,0.386363636363637,-0.237035369225745,0.695603217058749,38,0.172166690246863,650876235
478,-0.63252255874351,0.303169531118646,0.53125,0.293251721529941,0.962403770479434,0.46875,0.0375962295205662,0.706748278470059,50,0.0369454952614895,849683417
778,-0.8754687373539,0.298142397049811,0.416666666666667,0.232278755131733,0.747425699834882,0.583333333333333,0.252574300165118,0.767721244868267,48,0.00332033640205507,741609094
678,-0.864997437486604,0.289623167194232,0.421052631578948,0.238675971605495,0.742786621405653,0.578947368421052,0.257213378594347,0.761324028394505,51,0.00282070252313419,590214586
578,-0.826678573184468,0.31339158531813,0.4375,0.236711117822515,0.808606928819944,0.5625,0.191393071180056,0.763288882177485,44,0.00834345928046087,11645271
628,-0.146603474191876,0.342381191152654,0.863636363636363,0.441464231606005,1.68953159779592,0.136363636363637,-0.689531597795916,0.558535768393995,49,0.668514344231209,331573837
603,-0.85566611005772,0.281800931036072,0.425,0.244635535630599,0.738343264540048,0.575,0.261656735459952,0.755364464369401,54,0.00239405271110099,329601269
853,0.223143551314209,0.365148370840082,1.25,0.611075900240628,2.55696550851494,-0.25,-1.55696550851494,0.388924099759372,54,0.541130874571902,952313804
528,-0.503905180921417,0.343243487590825,0.604166666666667,0.308309831708937,1.1839303310175,0.395833333333333,-0.183930331017498,0.691690168291063,41,0.142085435807819,706963692
803,-0.826678573184468,0.31339158531813,0.4375,0.236711117822515,0.808606928819945,0.5625,0.191393071180055,0.763288882177485,44,0.00834345928046094,442237540
54,-0.608589792531883,0.293002655846555,0.544117647058823,0.306399814857852,0.966266947576922,0.455882352941177,0.0337330524230777,0.693600185142148,54,0.0377942277759983,661455457
753,-1.34547236659964,0.285773803353118,0.260416666666667,0.148736539575924,0.455952790559311,0.739583333333333,0.544047209440689,0.851263460424076,49,2.49947525725527e-06,236474467
903,-0.0465200156348929,0.338701364551953,0.954545454545454,0.49146601283132,1.85395734599071,0.0454545454545455,-0.853957345990705,0.50853398716868,53,0.89075558993993,51736722
154,-0.374693449441411,0.337099930903537,0.6875,0.355085322539509,1.331106131393,0.3125,-0.331106131392997,0.644914677460491,45,0.266344414852372,864782785
953,-0.75377180237638,0.300122524053483,0.470588235294118,0.261322202555126,0.847433876769488,0.529411764705882,0.152566123230512,0.738677797444874,49,0.0120203303836417,66186190
29,-0.896746135801185,0.291358273421998,0.407894736842105,0.230432371597156,0.722025795205344,0.592105263157895,0.277974204794656,0.769567628402844,50,0.00208526073560586,940188681
653,-0.826678573184468,0.31339158531813,0.4375,0.236711117822515,0.808606928819945,0.5625,0.191393071180055,0.763288882177485,44,0.00834345928046093,388549943
978,-0.836248024200619,0.324234799434447,0.433333333333333,0.229526553734733,0.818109167424675,0.566666666666667,0.181890832575325,0.770473446265267,41,0.0099045677899184,931241068
129,-0.416893803931787,0.354107115578491,0.659090909090909,0.329252285405853,1.31935553890178,0.340909090909091,-0.319355538901776,0.670747714594147,40,0.2390718469357,114196678
828,-0.732367893713227,0.341940165768369,0.48076923076923,0.245966900359472,0.939716087476145,0.51923076923077,0.0602839125238548,0.754033099640528,38,0.0322094742777601,311878901
354,-0.852211875189633,0.305460779911516,0.426470588235294,0.234358331784545,0.7760644191518,0.573529411764706,0.2239355808482,0.765641668215455,46,0.00527206743141976,308516606
728,-0.510825623765991,0.307318148344211,0.6,0.328519813990045,1.0958243146056,0.4,-0.0958243146055977,0.671480186009955,51,0.0964717685056788,13135831
204,-0.405465108108164,0.338501599881137,0.666666666666667,0.343380522195083,1.29432048621542,0.333333333333333,-0.294320486215421,0.656619477804917,44,0.230985808990522,803749025
404,0.0800427076735367,0.3698001301132,1.08333333333333,0.524792554466303,2.236333387589,-0.0833333333333337,-1.236333387589,0.475207445533697,48,0.828638113592197,356039203
279,-0.818310323513952,0.303573488264536,0.441176470588235,0.243338104254752,0.79986107723156,0.558823529411765,0.20013892276844,0.756661895745248,47,0.00702636317869641,495332657
79,-0.624154309072994,0.323669437292729,0.535714285714286,0.284069955473602,1.01027859648127,0.464285714285714,-0.0102785964812684,0.715930044526398,44,0.0538091680933299,433852890
504,-0.498991166118988,0.317553674169344,0.607142857142857,0.325828232498518,1.13133980488099,0.392857142857143,-0.131339804880992,0.674171767501482,48,0.116099033604415,895099591
229,-0.575364144903562,0.346944333014847,0.5625,0.284972514916659,1.11030444494808,0.4375,-0.110304444948084,0.715027485083341,39,0.0972416036727185,824562777
929,-0.25489224962879,0.363673018248927,0.775,0.379964189999513,1.58074106931174,0.225,-0.580741069311743,0.620035810000487,41,0.483376011154513,894699357
379,-0.59783700075562,0.31139957746839,0.55,0.298743791544112,1.01257334398975,0.45,-0.0125733439897544,0.701256208455888,48,0.0548782603276286,234535078
304,-0.430782916092454,0.372104203440007,0.65,0.313456791886657,1.34787317083489,0.35,-0.347873170834887,0.686543208113343,36,0.246988810045907,917771676
779,-0.85566611005772,0.281800931036072,0.425,0.244635535630599,0.738343264540048,0.575,0.261656735459952,0.755364464369401,54,0.00239405271110098,83521731
4,-0.52884412926867,0.318953917648498,0.589285714285714,0.315378327675812,1.10108280305862,0.410714285714286,-0.101082803058622,0.684621672324188,47,0.097305738319064,964050875
429,-1.22595171104471,0.283752176953097,0.293478260869565,0.168285092541542,0.511807007395874,0.706521739130435,0.488192992604126,0.831714907458458,50,1.55674985833957e-05,514959644
479,-0.517256514096281,0.330425697058068,0.596153846153846,0.311960413229728,1.13924521577777,0.403846153846154,-0.13924521577777,0.688039586770272,44,0.117483384445157,621760143
453,-0.963437510299857,0.295151380812077,0.381578947368421,0.21396911716684,0.680483683826486,0.618421052631579,0.319516316173514,0.78603088283316,48,0.0010976790583613,391533976
629,-0.847297860387203,0.274584823729431,0.428571428571429,0.250205117981205,0.734091576022649,0.571428571428571,0.265908423977351,0.749794882018795,57,0.00203045075864671,396403763
854,-1.08091271156871,0.352221734722133,0.339285714285714,0.170119418598948,0.676670522779925,0.660714285714286,0.323329477220075,0.829880581401052,33,0.00214890497062784,66076716
579,-0.567984037605939,0.309965209730743,0.566666666666667,0.30866316266103,1.04032858454104,0.433333333333333,-0.0403285845410433,0.69133683733897,49,0.0668900290431666,695194633
704,-1.08618976866955,0.295020401093329,0.3375,0.189300585174496,0.60172159475895,0.6625,0.39827840524105,0.810699414825504,47,0.000231643402655385,473681952
329,-0.619039208406224,0.335614902085615,0.538461538461538,0.278919427506232,1.03951464046329,0.461538461538462,-0.0395146404632887,0.721080572493768,41,0.0651113810892641,332310413
179,-0.228841572428847,0.345659542303191,0.795454545454546,0.404007504274871,1.56617866546806,0.204545454545454,-0.566178665468059,0.595992495725129,46,0.507943493562248,850938943
554,-0.887303195000903,0.307470023185012,0.411764705882353,0.225387673347943,0.752260185714046,0.588235294117647,0.247739814285954,0.774612326652057,45,0.00390395151201391,835114686
254,-0.652325186039691,0.351188458232817,0.520833333333333,0.261677639602053,1.03664708044463,0.479166666666667,-0.0366470804446315,0.738322360397947,37,0.0632430362543261,290232254
754,-0.149531733970965,0.378641222304444,0.86111111111111,0.409976723539642,1.80866937829292,0.13888888888889,-0.808669378292916,0.590023276460358,40,0.692904380494109,379104201
904,-0.78552050069096,0.301797272950154,0.455882352941177,0.252326275140616,0.823650726058413,0.544117647058823,0.176349273941587,0.747673724859384,48,0.00924635908264281,140796373
879,-1.08401348924696,0.319846510548225,0.338235294117647,0.180702882347305,0.633100660602481,0.661764705882353,0.366899339397519,0.819297117652695,40,0.000701051003301968,180135615
155,-0.724895878874526,0.307827978830389,0.484375,0.264946428293406,0.885534264931395,0.515625,0.114465735068605,0.735053571706594,47,0.0185290237436734,444640793
954,-0.775385278796918,0.284961414138339,0.460526315789474,0.263447970082148,0.805033675030762,0.539473684210526,0.194966324969238,0.736552029917852,54,0.00650811198082361,236083076
105,-0.655406852577099,0.337579788841214,0.519230769230769,0.267924225100012,1.00625686839381,0.480769230769231,-0.00625686839380779,0.732075774899988,40,0.0521992056420555,557995676
979,-1.14788333767489,0.262229992148983,0.317307692307692,0.189788558224023,0.530507068180512,0.682692307692308,0.469492931819488,0.810211441775977,59,1.20108120090432e-05,121983928
804,-0.361790044605502,0.311559941064931,0.696428571428572,0.378160599149225,1.28255761227693,0.303571428571428,-0.282557612276925,0.621839400850775,53,0.245551908529083,525749780
679,-0.963437510299857,0.295151380812077,0.381578947368421,0.21396911716684,0.680483683826486,0.618421052631579,0.319516316173514,0.78603088283316,48,0.0010976790583613,509709984
529,-0.864997437486604,0.289623167194232,0.421052631578948,0.238675971605495,0.742786621405653,0.578947368421052,0.257213378594347,0.761324028394505,51,0.00282070252313419,236985457
654,-0.810930216216329,0.294627825545782,0.444444444444444,0.249476603152045,0.791781119759532,0.555555555555556,0.208218880240468,0.750523396847955,50,0.00591623030191685,638052832
829,-0.980829253011726,0.263523138387927,0.375,0.223727806998577,0.628553964241443,0.625,0.371446035758557,0.776272193001423,60,0.000197662515854611,127996072
604,-0.416893803931787,0.354107115578491,0.659090909090909,0.329252285405853,1.31935553890178,0.340909090909091,-0.319355538901775,0.670747714594147,40,0.239071846935699,266128570
55,-0.863046217355343,0.315494908153212,0.421875,0.227318110503964,0.782949124600858,0.578125,0.217050875399142,0.772681889496036,43,0.00622796503890627,261616577
729,-0.80437281567017,0.286432092618798,0.447368421052632,0.255184261355066,0.784290156032194,0.552631578947368,0.215709843967806,0.744815738644934,53,0.00498115996006501,915392125
405,-1.23787435600162,0.272915295720135,0.29,0.169860374403632,0.495112531661779,0.71,0.504887468338221,0.830139625596368,54,5.74003330224051e-06,224300171
205,-0.28768207245178,0.365148371258932,0.75,0.366645539843386,1.53417930636842,0.25,-0.53417930636842,0.633354460156614,40,0.430784565647916,357029638
80,-0.470003629245735,0.374165738371263,0.625,0.300185398351096,1.30127914997093,0.375,-0.301279149970932,0.699814601648904,35,0.209066108469407,643899664
280,-0.498991166118988,0.317553674169344,0.607142857142857,0.325828232498518,1.13133980488099,0.392857142857143,-0.131339804880992,0.674171767501482,48,0.116099033604415,606265403
505,-0.658055860748676,0.325440209459211,0.517857142857143,0.273649565165654,0.979997977507554,0.482142857142857,0.0200020224924455,0.726350434834346,43,0.0431713500844891,29890082
230,-1.17498526745268,0.326255386250749,0.308823529411765,0.162930088634094,0.585355185882973,0.691176470588235,0.414644814117027,0.837069911365906,38,0.000316474132061743,202585256
780,-0.315852949418478,0.334521690872323,0.729166666666666,0.378513546957637,1.40466314099263,0.270833333333334,-0.404663140992634,0.621486453042363,47,0.345071168283661,359627304
380,-0.847297860387204,0.336296354624584,0.428571428571429,0.221700788982126,0.828474586089829,0.571428571428571,0.171525413910171,0.778299211017874,38,0.0117522439542884,66941294
5,-0.25489224962879,0.363673018248927,0.775,0.379964189999513,1.58074106931174,0.225,-0.580741069311743,0.620035810000487,41,0.483376011154513,406017607
30,-0.655406852577098,0.337579788841214,0.519230769230769,0.267924225100013,1.00625686839381,0.480769230769231,-0.00625686839380801,0.732075774899988,40,0.0521992056420557,747844752
130,-0.864997437486605,0.289623167194232,0.421052631578947,0.238675971605495,0.742786621405652,0.578947368421053,0.257213378594348,0.761324028394505,51,0.00282070252313416,630347768
355,-1.06784063000136,0.328564370382994,0.34375,0.180537825689898,0.654511385901838,0.65625,0.345488614098162,0.819462174310102,38,0.00115397071665593,832846272
855,-0.287682072451781,0.408248290004152,0.75,0.336945521957494,1.66940933576485,0.25,-0.669409335764847,0.663054478042506,32,0.48101295688348,40370445
430,-0.806475865866948,0.333809184216891,0.446428571428572,0.232066840167234,0.858797703472564,0.553571428571428,0.141202296527436,0.767933159832766,39,0.015692981007484,238710549
705,-0.8754687373539,0.326598632425687,0.416666666666667,0.21967847161559,0.790296426565224,0.583333333333333,0.209703573434776,0.78032152838441,40,0.00734980734110863,642805956
480,-0.485507815781701,0.328896756978945,0.615384615384615,0.322990097510246,1.17247627023629,0.384615384615385,-0.172476270236294,0.677009902489754,45,0.139898024272189,830343078
330,-0.624154309072994,0.323669437292729,0.535714285714286,0.284069955473602,1.01027859648127,0.464285714285714,-0.0102785964812679,0.715930044526398,44,0.0538091680933297,982776843
180,-0.641853886172396,0.278624440526594,0.526315789473684,0.304846241774801,0.90868205767136,0.473684210526316,0.0913179423286404,0.695153758225199,59,0.0212421588066269,508882511
555,-0.842678914530909,0.296333629717765,0.430555555555555,0.240873794679414,0.769606700747494,0.569444444444445,0.230393299252506,0.759126205320586,49,0.00445953875256773,831448608
255,-0.382992252256106,0.352480388112681,0.681818181818182,0.341693508324524,1.360505897046,0.318181818181818,-0.360505897045998,0.658306491675476,41,0.277229853525524,202820745
755,-0.424883193965266,0.326090235118568,0.653846153846154,0.345069887325458,1.2389223418275,0.346153846153846,-0.238922341827501,0.654930112674542,47,0.192587725686967,806626167
905,-1.14117190308691,0.314696387731225,0.319444444444444,0.172395247281556,0.591923238578381,0.680555555555556,0.408076761421619,0.827604752718444,41,0.000287552363162316,852843373
930,-0.591364486250004,0.32200409285003,0.553571428571428,0.294498634930857,1.0405526212458,0.446428571428572,-0.0405526212457967,0.705501365069143,45,0.0662819204896871,104991360
880,-0.724895878874526,0.307827978830389,0.484375,0.264946428293406,0.885534264931395,0.515625,0.114465735068605,0.735053571706594,47,0.0185290237436734,798859534
305,-0.416893803931787,0.354107115578491,0.659090909090909,0.329252285405853,1.31935553890178,0.340909090909091,-0.319355538901776,0.670747714594147,40,0.2390718469357,490697837
106,-0.940007258491471,0.320156211922627,0.390625,0.20856554903584,0.731606400627455,0.609375,0.268393599372545,0.79143445096416,41,0.00332378522577713,427665206
955,-0.980829253011726,0.32274861223363,0.375,0.19920817230415,0.705919834379558,0.625,0.294080165620442,0.80079182769585,40,0.00237374081337693,265311104
680,-0.257829109302099,0.3468729671375,0.772727272727273,0.391532155782819,1.52505338117808,0.227272727272727,-0.525053381178078,0.608467844217181,45,0.457302806315761,71962741
630,-0.575364144903562,0.346944333014847,0.5625,0.284972514916659,1.11030444494808,0.4375,-0.110304444948083,0.715027485083341,39,0.0972416036727182,156505239
805,-0.550046336919272,0.3320488068079,0.576923076923077,0.300938293759044,1.10600825348232,0.423076923076923,-0.106008253482321,0.699061706240956,43,0.0976160418422012,172539391
530,-0.887303195000903,0.307470023185012,0.411764705882353,0.225387673347943,0.752260185714047,0.588235294117647,0.247739814285953,0.774612326652057,45,0.00390395151201394,3166969
655,-0.498991166118988,0.317553674169344,0.607142857142857,0.325828232498518,1.13133980488099,0.392857142857143,-0.131339804880992,0.674171767501482,48,0.116099033604415,6318241
454,-1.00063188030791,0.3143620992449,0.367647058823529,0.198538891135009,0.68079538013375,0.632352941176471,0.31920461986625,0.801461108864991,42,0.00145729883937455,584709924
56,-0.693147180559945,0.316227765857143,0.5,0.269027355147749,0.929273530056824,0.5,0.0707264699431761,0.730972644852251,45,0.0283850059591001,936916991
580,-0.405465108108164,0.338501599881137,0.666666666666667,0.343380522195083,1.29432048621542,0.333333333333333,-0.294320486215421,0.656619477804917,44,0.230985808990522,722716586
406,-0.8754687373539,0.326598632425687,0.416666666666667,0.21967847161559,0.790296426565225,0.583333333333333,0.209703573434775,0.78032152838441,40,0.00734980734110867,335805765
605,-0.22314355131421,0.362284418203142,0.8,0.393290024619464,1.62729782078568,0.2,-0.627297820785679,0.606709975380536,42,0.537937605970294,466474482
830,-0.318453731118534,0.349512647335516,0.727272727272728,0.366599271030973,1.44278961152114,0.272727272727272,-0.442789611521142,0.633400728969027,43,0.362223455435021,150881792
281,-0.613104472886409,0.34899122001345,0.541666666666667,0.273319265873331,1.07348004481233,0.458333333333333,-0.0734800448123341,0.726680734126669,38,0.0789535186132349,456580239
156,-0.863046217355343,0.315494908153212,0.421875,0.227318110503964,0.782949124600858,0.578125,0.217050875399142,0.772681889496036,43,0.00622796503890627,313392365
81,-1.19705236148136,0.275951853238974,0.302083333333333,0.175887963916369,0.518820834842158,0.697916666666667,0.481179165157842,0.824112036083631,53,1.43848636138809e-05,490489620
781,-0.693147180559946,0.306186217693273,0.5,0.274374548749911,0.911163229749387,0.5,0.0888367702506129,0.725625451250089,48,0.0235858516265236,902787680
6,-0.929535958624176,0.293197735851267,0.394736842105263,0.222196542713831,0.701258321178802,0.605263157894737,0.298741678821198,0.777803457286169,49,0.00152261646449936,303640955
31,-0.665748206371831,0.287371854038379,0.513888888888889,0.292588910652167,0.902569374672576,0.486111111111111,0.0974306253274239,0.707411089347833,55,0.0205212495965523,573353278
356,-0.405465108108164,0.338501599881137,0.666666666666667,0.343380522195083,1.29432048621542,0.333333333333333,-0.294320486215421,0.656619477804917,44,0.230985808990522,538591494
856,-1.00330210886379,0.33484505693686,0.366666666666667,0.190217645293864,0.706792707042208,0.633333333333334,0.293207292957792,0.809782354706136,37,0.002732617383362,932016645
131,-1.29928298413026,0.295163026376609,0.272727272727273,0.152927414468885,0.486375615173888,0.727272727272727,0.513624384826112,0.847072585531115,46,1.0729887336415e-05,154213020
431,-0.852211875189633,0.305460779911516,0.426470588235294,0.234358331784545,0.7760644191518,0.573529411764706,0.2239355808482,0.765641668215455,46,0.00527206743141976,123041733
980,-0.826678573184468,0.31339158531813,0.4375,0.236711117822515,0.808606928819945,0.5625,0.191393071180055,0.763288882177485,44,0.00834345928046088,424821316
706,-0.559615787935423,0.32043497201167,0.571428571428572,0.304934953459483,1.07082054234981,0.428571428571428,-0.0708205423498096,0.695065046540517,46,0.0807370520401328,582770693
730,-1.21444410419323,0.339310446309829,0.296875,0.15266941850773,0.577291552469871,0.703125,0.422708447530129,0.84733058149227,35,0.000344709223760825,841437129
331,-0.8754687373539,0.298142397049811,0.416666666666667,0.232278755131733,0.747425699834882,0.583333333333333,0.252574300165118,0.767721244868267,48,0.00332033640205507,29613191
206,-0.416893803931787,0.354107115578491,0.659090909090909,0.329252285405853,1.31935553890178,0.340909090909091,-0.319355538901776,0.670747714594147,40,0.2390718469357,235485163
506,-0.980829253011726,0.263523138387927,0.375,0.223727806998577,0.628553964241443,0.625,0.371446035758557,0.776272193001423,60,0.000197662515854611,522300892
906,-0.113328685307003,0.42761798643292,0.892857142857143,0.386182764715259,2.06429170431469,0.107142857142857,-1.06429170431469,0.613817235284741,32,0.79099159293996,692450165
181,-0.59783700075562,0.31139957746839,0.55,0.298743791544113,1.01257334398975,0.45,-0.0125733439897548,0.701256208455888,48,0.0548782603276286,106372618
231,-0.8754687373539,0.298142397049811,0.416666666666667,0.232278755131733,0.747425699834883,0.583333333333333,0.252574300165117,0.767721244868267,48,0.00332033640205509,53830925
756,-0.75377180237638,0.300122524053483,0.470588235294118,0.261322202555126,0.847433876769488,0.529411764705882,0.152566123230512,0.738677797444874,49,0.0120203303836417,694101838
931,-0.810930216216328,0.294627825545782,0.444444444444445,0.249476603152045,0.791781119759533,0.555555555555555,0.208218880240467,0.750523396847955,50,0.00591623030191687,433293485
107,-0.260283098263666,0.332205298122554,0.770833333333334,0.401963689906881,1.47820323749995,0.229166666666666,-0.478203237499953,0.598036310093119,49,0.433333116916344,270760968
306,-0.517256514096281,0.330425697058068,0.596153846153846,0.311960413229728,1.13924521577777,0.403846153846154,-0.13924521577777,0.688039586770272,44,0.117483384445157,933523648
681,-0.8754687373539,0.298142397049811,0.416666666666667,0.232278755131733,0.747425699834882,0.583333333333333,0.252574300165118,0.767721244868267,48,0.00332033640205507,617830456
631,-1.05779029414785,0.309120616560819,0.347222222222222,0.189445182732644,0.636401886106993,0.652777777777778,0.363598113893007,0.810554817267356,43,0.000621774444674808,125035102
381,-0.658055860748676,0.325440209459211,0.517857142857143,0.273649565165654,0.979997977507554,0.482142857142857,0.0200020224924455,0.726350434834346,43,0.0431713500844891,318842467
806,-0.948039430188735,0.286806667534349,0.3875,0.220872389109542,0.679832597480211,0.6125,0.320167402519789,0.779127610890458,51,0.000948071150739091,751432638
481,-1.00063188030791,0.3143620992449,0.367647058823529,0.198538891135009,0.68079538013375,0.632352941176471,0.31920461986625,0.801461108864991,42,0.00145729883937455,850789903
556,-0.441832752279039,0.314970393902636,0.642857142857143,0.346745783289944,1.19183945714167,0.357142857142857,-0.191839457141665,0.653254216710055,50,0.160683794593862,322408694
531,-0.5059356384718,0.288467976016784,0.602941176470588,0.342555194596169,1.06125397605575,0.397058823529412,-0.0612539760557538,0.657444805403831,58,0.0794526013237638,930368499
581,-0.414433778090924,0.313776350729292,0.660714285714286,0.357212611261153,1.22208274171986,0.339285714285714,-0.222082741719857,0.642787388738847,51,0.186570213177545,554787539
57,-0.340325805937203,0.322412939776749,0.711538461538462,0.378233497412498,1.33855670032411,0.288461538461538,-0.338556700324107,0.621766502587502,50,0.291169846271159,86022355
256,-1.20397280432594,0.34960294943253,0.3,0.151195437024319,0.595256059119854,0.7,0.404743940880146,0.848804562975681,33,0.00057353814822085,467473800
455,-0.485507815781701,0.328896756978945,0.615384615384615,0.322990097510247,1.17247627023629,0.384615384615385,-0.172476270236295,0.677009902489753,45,0.139898024272189,816436554
157,-0.470003629245735,0.31622776575811,0.625,0.33628419399996,1.16159191234556,0.375,-0.161591912345565,0.66371580600004,49,0.137204551555183,799914091
82,-1.38629436111989,0.324442842291713,0.25,0.132365181846562,0.472178552759065,0.75,0.527821447240935,0.867634818153438,38,1.92993591445605e-05,128419691
881,-0.665748206371831,0.287371854038379,0.513888888888889,0.292588910652167,0.902569374672576,0.486111111111111,0.097430625327424,0.707411089347833,55,0.0205212495965522,224475698
357,-0.287682072451782,0.308606699576675,0.75,0.409613974253146,1.37324416488869,0.25,-0.373244164888692,0.590386025746854,56,0.351235005320837,4362265
32,-1.01473080468741,0.290659179531494,0.3625,0.205068270522658,0.640792696330274,0.6375,0.359207303669726,0.794931729477342,49,0.000480970864414284,822963802
956,-0.405465108108164,0.338501599881137,0.666666666666667,0.343380522195083,1.29432048621542,0.333333333333333,-0.294320486215422,0.656619477804917,44,0.230985808990522,18167958
782,-0.836248024200618,0.324234799434447,0.433333333333333,0.229526553734733,0.818109167424676,0.566666666666667,0.181890832575324,0.770473446265267,41,0.00990456778991844,294556906
7,-0.724895878874526,0.307827978830389,0.484375,0.264946428293406,0.885534264931395,0.515625,0.114465735068605,0.735053571706594,47,0.0185290237436734,13444241
707,-1.07263680226485,0.301816363762181,0.342105263157895,0.189344720891596,0.618110769232052,0.657894736842105,0.381889230767948,0.810655279108404,45,0.00037950791412661,254049461
831,-0.470003629245736,0.341565025252529,0.625,0.319992162038123,1.22073302518411,0.375,-0.220733025184106,0.680007837961877,42,0.168812429304268,443419015
731,-0.470003629245735,0.341565025252529,0.625,0.319992162038123,1.22073302518411,0.375,-0.220733025184106,0.680007837961877,42,0.168812429304268,982636595
981,-1.21924027645672,0.289682729785677,0.295454545454546,0.167460463601252,0.521277599216557,0.704545454545454,0.478722400783443,0.832539536398748,48,2.56637952781113e-05,585261656
332,-0.762140052046896,0.319970236768501,0.466666666666667,0.249257148069638,0.873707251584756,0.533333333333333,0.126292748415244,0.750742851930362,43,0.0172231434086226,865231621
207,-0.321583624127462,0.366718909158199,0.725,0.353334712048621,1.48761211982951,0.275,-0.487612119829514,0.646665287951379,39,0.380529383716463,470311259
507,-0.58192154544972,0.291786426645208,0.558823529411765,0.315431911137252,0.990019481219641,0.441176470588235,0.0099805187803591,0.684568088862748,55,0.04611483459863,570668293
606,-0.567984037605939,0.309965209730743,0.566666666666667,0.30866316266103,1.04032858454104,0.433333333333333,-0.040328584541043,0.69133683733897,49,0.0668900290431664,738768694
282,-0.559615787935422,0.32043497201167,0.571428571428572,0.304934953459484,1.07082054234981,0.428571428571428,-0.0708205423498096,0.695065046540516,46,0.0807370520401329,773025026
407,-0.387765531008763,0.312640945361129,0.678571428571429,0.367684324057168,1.25232204243191,0.321428571428571,-0.252322042431911,0.632315675942832,52,0.214868039959808,119671217
182,-0.405465108108165,0.338501599881137,0.666666666666667,0.343380522195082,1.29432048621542,0.333333333333333,-0.294320486215421,0.656619477804917,44,0.230985808990521,819744844
232,-0.980829253011726,0.32274861223363,0.375,0.19920817230415,0.705919834379558,0.625,0.294080165620442,0.80079182769585,40,0.00237374081337692,340058565
656,-0.806475865866948,0.333809184216891,0.446428571428571,0.232066840167234,0.858797703472563,0.553571428571429,0.141202296527437,0.767933159832766,39,0.0156929810074839,211832131
857,-0.216223108469636,0.381567647167525,0.805555555555556,0.381333120216425,1.70171359025444,0.194444444444444,-0.701713590254438,0.618666879783575,38,0.57093810420493,648323251
807,-0.863046217355343,0.315494908153212,0.421875,0.227318110503964,0.782949124600858,0.578125,0.217050875399142,0.772681889496036,43,0.00622796503890627,677863433
382,-0.693147180559945,0.316227765857143,0.5,0.269027355147749,0.929273530056824,0.5,0.070726469943176,0.730972644852251,45,0.0283850059591001,215912108
682,-0.603535021870258,0.301780430873319,0.546875,0.302699777616539,0.988016139225136,0.453125,0.0119838607748639,0.697300222383461,51,0.045509510614962,825503081
132,-0.944461608840852,0.30210898910626,0.388888888888889,0.21511460488529,0.703041841263547,0.611111111111111,0.296958158736453,0.78488539511471,46,0.0017706415994112,310744786
482,-0.517256514096281,0.330425697058068,0.596153846153846,0.311960413229728,1.13924521577777,0.403846153846154,-0.13924521577777,0.688039586770272,44,0.117483384445156,576769892
432,-0.798507696217772,0.278886675560367,0.45,0.260509607861203,0.77732257809044,0.55,0.22267742190956,0.739490392138797,56,0.00419388755536175,947840669
907,-1.25276296849537,0.298807152367646,0.285714285714286,0.159069474531089,0.513188676217511,0.714285714285714,0.486811323782489,0.840930525468911,45,2.75840161351026e-05,925820512
257,-0.526093095896779,0.359681288338738,0.590909090909091,0.291984235275548,1.19586440476655,0.409090909090909,-0.195864404766546,0.708015764724452,37,0.143559170995978,748183718
582,-0.575364144903562,0.300462606089906,0.5625,0.312153560382466,1.01362371011346,0.4375,-0.013623710113456,0.687846439617534,52,0.0555017341376712,487791871
158,0.271933715483642,0.385758373975562,1.3125,0.616227660961589,2.79548673182228,-0.3125,-1.79548673182228,0.383772339038411,50,0.480852081464758,38640824
58,-0.528844129268669,0.318953917648498,0.589285714285714,0.315378327675813,1.10108280305862,0.410714285714286,-0.101082803058623,0.684621672324187,47,0.0973057383190643,784277348
932,-0.762140052046897,0.319970236768501,0.466666666666667,0.249257148069638,0.873707251584755,0.533333333333333,0.126292748415245,0.750742851930362,43,0.0172231434086226,89481556
757,-0.313657558855042,0.321308054947132,0.730769230769231,0.389298150779441,1.37176009587985,0.269230769230769,-0.371760095879846,0.610701849220559,51,0.328970551154487,504052920
456,-0.393042588109608,0.370185138516861,0.675,0.326739478578644,1.39445959203346,0.325,-0.394459592033456,0.673260521421356,37,0.288351012789241,906168666
358,-0.470003629245735,0.31622776575811,0.625,0.33628419399996,1.16159191234556,0.375,-0.161591912345564,0.66371580600004,49,0.137204551555182,900533927
557,-0.59783700075562,0.31139957746839,0.55,0.298743791544112,1.01257334398975,0.45,-0.0125733439897546,0.701256208455888,48,0.0548782603276284,4784119
108,-0.424883193965266,0.326090235118568,0.653846153846154,0.345069887325458,1.2389223418275,0.346153846153846,-0.238922341827501,0.654930112674542,47,0.192587725686967,988257991
307,-0.485507815781701,0.328896756978945,0.615384615384615,0.322990097510247,1.17247627023629,0.384615384615385,-0.172476270236295,0.677009902489753,45,0.13989802427219,590474697
882,-1.16315080980568,0.300000000038325,0.3125,0.173575953120297,0.56261393496321,0.6875,0.43738606503679,0.826424046879703,45,0.000105678796091777,510875279
33,-1.18958406687384,0.281411703032134,0.304347826086956,0.175320268903678,0.528333659439837,0.695652173913043,0.471666340560163,0.824679731096322,51,2.36615410444889e-05,277638464
783,-0.693147180559946,0.339683110071839,0.5,0.256939702443449,0.972990929866215,0.5,0.0270090701337854,0.743060297556551,39,0.0412935817560851,779753
957,-0.8754687373539,0.276026223783084,0.416666666666667,0.242568727895345,0.715719262814515,0.583333333333333,0.284280737185485,0.757431272104655,56,0.00151556348878579,687079287
632,0.0487901641694317,0.351865774631475,1.05,0.526842265601658,2.09265670578069,-0.0499999999999996,-1.09265670578069,0.473157734398342,52,0.88971780424454,388227579
708,-0.842678914530909,0.296333629717765,0.430555555555555,0.240873794679414,0.769606700747494,0.569444444444445,0.230393299252506,0.759126205320586,49,0.00445953875256771,5954998
532,-0.437213806422745,0.339987349247458,0.645833333333333,0.331682608390754,1.25752958971264,0.354166666666667,-0.257529589712644,0.668317391609246,43,0.198453249610698,747159749
982,-0.133531392624524,0.30304576293403,0.874999999999999,0.483120017073367,1.58475114452509,0.125000000000001,-0.584751144525087,0.516879982926633,63,0.659480072804574,236884058
333,-0.8754687373539,0.365148371731151,0.416666666666667,0.203691966391135,0.852321837660195,0.583333333333333,0.147678162339805,0.796308033608865,32,0.0165042326069838,380685685
208,-0.628608659422374,0.312916389074555,0.533333333333334,0.288831007169659,0.98481270148867,0.466666666666666,0.0151872985113305,0.711168992830342,47,0.0445508161376249,749524930
408,-0.0425596144187962,0.324148829132653,0.958333333333333,0.507692339818841,1.80897505387907,0.041666666666667,-0.808975053879068,0.492307660181159,58,0.89554074169122,815004137
83,-0.424883193965266,0.326090235118568,0.653846153846154,0.345069887325458,1.2389223418275,0.346153846153846,-0.238922341827501,0.654930112674542,47,0.192587725686967,544594000
283,-0.0281708769666963,0.373741273104211,0.972222222222222,0.467343702765905,2.02252869523778,0.0277777777777778,-1.02252869523778,0.532656297234095,44,0.939916076158396,665751733
607,-0.980829253011726,0.275240941323956,0.375,0.218648123126432,0.643156675617493,0.625,0.356843324382507,0.781351876873568,55,0.000365901355119688,611975221
233,-0.344840486291729,0.274159439995792,0.708333333333333,0.41387838071432,1.21227910055402,0.291666666666667,-0.212279100554023,0.58612161928568,69,0.208460476893818,234937978
858,-0.538996500732687,0.308606699703892,0.583333333333334,0.318588646561899,1.06807879517974,0.416666666666666,-0.0680787951797439,0.681411353438101,50,0.0807157252612328,205600306
808,-0.810930216216328,0.294627825545782,0.444444444444445,0.249476603152045,0.791781119759533,0.555555555555555,0.208218880240467,0.750523396847955,50,0.00591623030191688,587711373
383,-0.528844129268669,0.318953917648498,0.589285714285714,0.315378327675813,1.10108280305862,0.410714285714286,-0.101082803058623,0.684621672324187,47,0.0973057383190643,685741327
133,-1.01473080468741,0.290659179531494,0.3625,0.205068270522658,0.640792696330274,0.6375,0.359207303669726,0.794931729477342,49,0.000480970864414282,881906881
683,-1.20397280432594,0.302765035446538,0.3,0.165732312159698,0.54304437575985,0.7,0.45695562424015,0.834267687840301,44,6.99101667754317e-05,180706331
8,-0.0229895182246981,0.337882974538762,0.977272727272728,0.503975320531082,1.89505704855675,0.0227272727272722,-0.895057048556752,0.496024679468918,54,0.945753885387551,418964998
483,-0.437213806422745,0.339987349247458,0.645833333333333,0.331682608390754,1.25752958971264,0.354166666666667,-0.257529589712644,0.668317391609246,43,0.198453249610697,278461686
832,-0.648695417989111,0.366588804558565,0.522727272727273,0.254820406022717,1.07229953015825,0.477272727272727,-0.0722995301582461,0.745179593977283,34,0.0768029535777542,723344429
433,-0.90078654533819,0.317744454703275,0.40625,0.217935913791776,0.757282540672411,0.59375,0.242717459327589,0.782064086208224,42,0.00458342564382361,34225319
908,-0.553385238184787,0.378785243470137,0.575,0.27368138620675,1.20806535140184,0.425,-0.20806535140184,0.72631861379325,33,0.14402993392724,326142399
732,-0.228841572428848,0.345659542303191,0.795454545454545,0.40400750427487,1.56617866546806,0.204545454545455,-0.566178665468057,0.595992495725129,46,0.507943493562247,401273044
508,-1.21194097397511,0.296005147995985,0.297619047619048,0.166609854008962,0.531643809620673,0.702380952380952,0.468356190379327,0.833390145991038,46,4.23401938378383e-05,800364303
583,-0.934309237376833,0.279145263164197,0.392857142857143,0.227313785819823,0.678958973549499,0.607142857142857,0.321041026450501,0.772686214180177,54,0.000816806102049642,313630738
258,-0.23767165187712,0.318297534672423,0.788461538461538,0.422517946483519,1.47134956705889,0.211538461538462,-0.471349567058888,0.577482053516481,54,0.455246789049793,912462248
183,-0.517256514096282,0.330425697058068,0.596153846153846,0.311960413229728,1.13924521577777,0.403846153846154,-0.139245215777769,0.688039586770272,44,0.117483384445156,334796675
933,-0.63907995928967,0.404651318878835,0.527777777777778,0.238787326474034,1.16651661053016,0.472222222222222,-0.166516610530161,0.761212673525966,28,0.114259255678922,797782927
657,-0.597837000755621,0.31139957746839,0.55,0.298743791544112,1.01257334398975,0.45,-0.0125733439897537,0.701256208455888,48,0.0548782603276283,57388226
758,-0.757685701697517,0.309569593739123,0.46875,0.255526040150385,0.85989890647029,0.53125,0.14010109352971,0.744473959849615,46,0.0143832917454888,308822487
109,-1.09861228866811,0.311804782274,0.333333333333333,0.180913107484555,0.614168385342654,0.666666666666667,0.385831614657346,0.819086892515445,42,0.000426051348556205,266768400
308,-0.80437281567017,0.286432092618798,0.447368421052631,0.255184261355066,0.784290156032194,0.552631578947369,0.215709843967806,0.744815738644934,53,0.00498115996006499,735539971
558,-0.660357357736954,0.314523021533651,0.516666666666667,0.278925334222435,0.957046247479133,0.483333333333333,0.0429537525208673,0.721074665777565,46,0.0357682916936384,815002009
457,-0.729514824730821,0.329341173413233,0.482142857142857,0.252836646891307,0.919414719155848,0.517857142857143,0.0805852808441517,0.747163353108693,41,0.0267550368829955,893282518
883,-0.693147180559946,0.306186217693273,0.5,0.274374548749911,0.911163229749387,0.5,0.088836770250613,0.725625451250089,48,0.0235858516265235,666479713
34,-0.775385278796918,0.284961414138339,0.460526315789474,0.263447970082148,0.805033675030762,0.539473684210526,0.194966324969238,0.736552029917852,54,0.00650811198082361,673711571
159,-0.624154309072994,0.323669437292729,0.535714285714286,0.284069955473602,1.01027859648127,0.464285714285714,-0.0102785964812684,0.715930044526398,44,0.0538091680933299,958592579
709,-0.723000143709627,0.298540717067938,0.485294117647059,0.270325309000301,0.871210992022116,0.514705882352941,0.128789007977884,0.729674690999699,50,0.0154446682775018,583604872
533,-0.218689200964829,0.306024171293247,0.803571428571429,0.441099169309323,1.46390445900728,0.196428571428571,-0.463904459007283,0.558900830690677,59,0.474847502999388,569220737
409,-0.251314428280906,0.383178021910208,0.777777777777778,0.367023444721792,1.64822787291828,0.222222222222222,-0.648227872918279,0.632976555278208,37,0.511908680658541,922660178
983,-0.262364264467491,0.319253937617145,0.769230769230769,0.411440655587284,1.438156313179,0.230769230769231,-0.438156313179004,0.588559344412716,53,0.411188275820192,882088956
284,-0.498991166118988,0.317553674169344,0.607142857142857,0.325828232498518,1.13133980488099,0.392857142857143,-0.131339804880993,0.674171767501482,48,0.116099033604415,407640109
84,-0.619039208406224,0.335614902085615,0.538461538461538,0.278919427506232,1.03951464046329,0.461538461538462,-0.0395146404632887,0.721080572493768,41,0.0651113810892641,241389733
59,-0.559615787935423,0.32043497201167,0.571428571428571,0.304934953459483,1.07082054234981,0.428571428571429,-0.0708205423498092,0.695065046540517,46,0.0807370520401326,44170163
359,-0.75377180237638,0.300122524053483,0.470588235294118,0.261322202555126,0.847433876769488,0.529411764705882,0.152566123230512,0.738677797444874,49,0.0120203303836417,696176718
234,-0.995428052432879,0.269981528252584,0.369565217391304,0.21771201442007,0.627335382795906,0.630434782608696,0.372664617204094,0.78228798557993,57,0.000226893027886795,951023468
784,-0.723000143709627,0.298540717067938,0.485294117647059,0.270325309000301,0.871210992022116,0.514705882352941,0.128789007977884,0.729674690999699,50,0.0154446682775018,729101035
859,-0.0779615414697118,0.356408510890966,0.925,0.460008925420331,1.86001825772875,0.075,-0.860018257728753,0.539991074579669,47,0.826850962175604,315041503
633,-0.498991166118988,0.317553674169344,0.607142857142857,0.325828232498518,1.13133980488099,0.392857142857143,-0.131339804880993,0.674171767501482,48,0.116099033604415,764077673
958,-0.842678914530909,0.296333629717765,0.430555555555556,0.240873794679414,0.769606700747494,0.569444444444444,0.230393299252506,0.759126205320586,49,0.00445953875256772,565965411
134,-1.05779029414785,0.309120616560819,0.347222222222222,0.189445182732644,0.636401886106993,0.652777777777778,0.363598113893007,0.810554817267356,43,0.00062177444467481,214606436
809,-0.780158557549575,0.293016357715889,0.458333333333333,0.258086606687751,0.813949422406871,0.541666666666667,0.186050577593129,0.741913393312249,51,0.00775605992749462,147426355
384,-0.996829594358167,0.282625391922635,0.369047619047619,0.212085627269287,0.642175270801294,0.630952380952381,0.357824729198706,0.787914372730713,52,0.000420241515714632,661506820
9,-0.834225778819851,0.287983696203288,0.434210526315789,0.246926773094522,0.763541266913423,0.565789473684211,0.236458733086577,0.753073226905478,52,0.00377012505651243,491247821
434,-1.01856958099457,0.306622070381559,0.361111111111111,0.19799018983409,0.658624726190593,0.638888888888889,0.341375273809407,0.80200981016591,44,0.000894049272716724,605222950
484,-0.762140052046897,0.319970236768501,0.466666666666667,0.249257148069638,0.873707251584756,0.533333333333333,0.126292748415244,0.750742851930362,43,0.0172231434086226,90679098
833,-0.624154309072994,0.323669437292729,0.535714285714286,0.284069955473602,1.01027859648127,0.464285714285714,-0.0102785964812679,0.715930044526398,44,0.0538091680933297,62820804
909,-0.395895657092014,0.324799176871911,0.673076923076923,0.356118995852506,1.2721381045518,0.326923076923077,-0.272138104551803,0.643881004147494,48,0.222884556763601,390144911
733,-0.424883193965266,0.326090235118568,0.653846153846154,0.345069887325458,1.2389223418275,0.346153846153846,-0.238922341827501,0.654930112674542,47,0.192587725686967,613119302
334,-0.798507696217772,0.322030594416355,0.45,0.239386455769012,0.845912519776789,0.55,0.154087480223211,0.760613544230988,42,0.0131529115834449,901242580
608,-0.916290731874155,0.329140294355589,0.4,0.209843376090773,0.762473436048742,0.6,0.237526563951258,0.790156623909227,39,0.00537110664852018,555216390
184,0.0800427076735359,0.369800130113199,1.08333333333333,0.524792554466303,2.236333387589,-0.0833333333333328,-1.236333387589,0.475207445533697,48,0.828638113592199,19457851
209,-0.658055860748675,0.325440209459211,0.517857142857143,0.273649565165655,0.979997977507555,0.482142857142857,0.0200020224924451,0.726350434834345,43,0.0431713500844893,105868940
934,-0.559615787935423,0.32043497201167,0.571428571428571,0.304934953459483,1.07082054234981,0.428571428571429,-0.0708205423498087,0.695065046540517,46,0.0807370520401323,135921251
658,-0.8754687373539,0.298142397049811,0.416666666666667,0.232278755131733,0.747425699834882,0.583333333333333,0.252574300165118,0.767721244868267,48,0.00332033640205507,212298041
110,-0.753771802376381,0.300122524053483,0.470588235294117,0.261322202555126,0.847433876769487,0.529411764705883,0.152566123230513,0.738677797444874,49,0.0120203303836416,569595241
509,-0.90078654533819,0.317744454703275,0.40625,0.217935913791776,0.757282540672412,0.59375,0.242717459327588,0.782064086208224,42,0.00458342564382362,759028958
309,-0.120627987788615,0.341394370504107,0.886363636363636,0.453958879649806,1.73064242398745,0.113636363636364,-0.730642423987449,0.546041120350194,50,0.72383421802969,590077258
559,-0.0870113769896297,0.325669473143896,0.916666666666667,0.48417357272806,1.73548872781978,0.0833333333333333,-0.735488727819779,0.51582642727194,56,0.7893329214384,532494865
160,-0.550046336919272,0.3320488068079,0.576923076923077,0.300938293759044,1.10600825348232,0.423076923076923,-0.106008253482321,0.699061706240956,43,0.0976160418422012,737909976
684,-0.961411167154624,0.311905543239857,0.382352941176471,0.207476997996875,0.704626406964399,0.617647058823529,0.295373593035601,0.792523002003125,43,0.00205353041211636,762636040
584,-1.23969088692801,0.313187043832701,0.289473684210526,0.156683690941673,0.534803675780201,0.710526315789474,0.465196324219799,0.843316309058327,41,7.54824757440878e-05,819922432
710,-0.864997437486605,0.289623167194232,0.421052631578947,0.238675971605495,0.742786621405652,0.578947368421053,0.257213378594348,0.761324028394505,51,0.00282070252313416,800978240
285,-0.517256514096281,0.330425697058068,0.596153846153846,0.311960413229728,1.13924521577777,0.403846153846154,-0.13924521577777,0.688039586770272,44,0.117483384445157,861667465
534,-0.488352767913933,0.357695579709943,0.613636363636363,0.304396782941251,1.23703536922574,0.386363636363637,-0.237035369225744,0.695603217058749,38,0.172166690246863,93072505
259,-0.133531392624523,0.358568582289603,0.875,0.433305221442284,1.76694155092701,0.125,-0.766941550927008,0.566694778557716,45,0.709594114309507,18676235
60,-0.693147180559946,0.327326835188689,0.5,0.263238190676348,0.949710220077358,0.5,0.0502897799226421,0.736761809323652,42,0.0342089907204714,631445907
410,-0.495321437230025,0.296885542766372,0.609375,0.34054554315326,1.09042064443604,0.390625,-0.0904206444360443,0.65945445684674,55,0.0952379535311756,605734743
360,-0.836248024200619,0.324234799434447,0.433333333333333,0.229526553734733,0.818109167424675,0.566666666666667,0.181890832575325,0.770473446265267,41,0.0099045677899184,68247147
759,-0.662375521893192,0.30463589775676,0.515625,0.28380982088778,0.936786259874094,0.484375,0.0632137401259063,0.71619017911222,49,0.029681210788467,913331673
35,-1.63141681915288,0.314696387738296,0.195652173913043,0.105588015346787,0.362538996790271,0.804347826086957,0.637461003209729,0.894411984653213,41,2.17063135132472e-07,358449331
884,-0.120627987788615,0.341394370504107,0.886363636363636,0.453958879649807,1.73064242398745,0.113636363636364,-0.73064242398745,0.546041120350193,50,0.723834218029691,499189301
785,-0.744440474947496,0.390680917121199,0.475,0.220874413884703,1.02150808702441,0.525,-0.0215080870244069,0.779125586115297,29,0.0567157764630665,178915975
235,-0.767255152713668,0.331496772125207,0.464285714285714,0.24244585131848,0.889110798627905,0.535714285714286,0.110889201372095,0.75755414868152,40,0.0206393404747704,815938388
458,-0.791587253373198,0.311420549506474,0.453125,0.246114029855468,0.834256648211306,0.546875,0.165743351788694,0.753885970144532,45,0.0110264516645975,433372649
959,-0.550046336919272,0.3320488068079,0.576923076923077,0.300938293759044,1.10600825348232,0.423076923076923,-0.106008253482321,0.699061706240956,43,0.097616041842201,101141108
860,-0.660357357736954,0.314523021533651,0.516666666666667,0.278925334222435,0.957046247479132,0.483333333333333,0.0429537525208675,0.721074665777565,46,0.0357682916936383,864944019
634,0.0800427076735365,0.3698001301132,1.08333333333333,0.524792554466303,2.236333387589,-0.0833333333333335,-1.236333387589,0.475207445533697,48,0.828638113592198,295971025
135,-0.567984037605939,0.309965209730743,0.566666666666667,0.30866316266103,1.04032858454104,0.433333333333333,-0.040328584541043,0.69133683733897,49,0.0668900290431664,628252635
834,-0.923670839171778,0.309613576058494,0.397058823529412,0.216426929331258,0.728447748298718,0.602941176470588,0.271552251701282,0.783573070668742,44,0.0028515635640642,845577278
485,-0.757685701697517,0.309569593739123,0.46875,0.255526040150385,0.85989890647029,0.53125,0.14010109352971,0.744473959849615,46,0.0143832917454888,942253589
85,-1.1239300966524,0.297424845104076,0.325,0.181432411844174,0.582172716144664,0.675,0.417827283855336,0.818567588155826,46,0.000157541059086947,951577974
435,-0.325422400434628,0.38674623366753,0.722222222222222,0.33843233961451,1.541238461034,0.277777777777778,-0.541238461034004,0.66156766038549,35,0.400103440154414,458488740
910,-0.995428052432879,0.269981528252584,0.369565217391304,0.21771201442007,0.627335382795906,0.630434782608696,0.372664617204094,0.78228798557993,57,0.000226893027886795,642394749
10,-0.693147180559946,0.316227765857143,0.5,0.269027355147749,0.929273530056824,0.5,0.0707264699431763,0.730972644852251,45,0.0283850059591,994746016
335,-0.767255152713667,0.331496772125207,0.464285714285715,0.24244585131848,0.889110798627906,0.535714285714285,0.110889201372094,0.75755414868152,40,0.0206393404747705,602477518
609,-0.798507696217772,0.322030594416355,0.45,0.239386455769012,0.845912519776789,0.55,0.154087480223211,0.760613544230988,42,0.0131529115834448,264806599
210,-0.662375521893192,0.30463589775676,0.515625,0.28380982088778,0.936786259874093,0.484375,0.0632137401259065,0.71619017911222,49,0.0296812107884669,747461446
984,-0.575364144903562,0.346944333014847,0.5625,0.284972514916659,1.11030444494808,0.4375,-0.110304444948083,0.715027485083341,39,0.0972416036727182,859522060
935,-0.470003629245736,0.31622776575811,0.625,0.33628419399996,1.16159191234556,0.375,-0.161591912345564,0.66371580600004,49,0.137204551555182,834730412
659,-1.09861228866811,0.288675134634473,0.333333333333333,0.189303230428832,0.586947781395008,0.666666666666667,0.413052218604992,0.810696769571168,49,0.000141401066097799,455433992
510,-0.287682072451781,0.436435779980533,0.75,0.318835340711662,1.76423353428908,0.25,-0.764233534289082,0.681164659288338,28,0.509791464981463,875510526
385,-0.25489224962879,0.363673018248927,0.775,0.379964189999513,1.58074106931174,0.225,-0.580741069311743,0.620035810000487,41,0.483376011154513,830651382
560,-0.980829253011727,0.304290309771929,0.375,0.206546997637897,0.680837783207738,0.625,0.319162216792262,0.793453002362103,45,0.00126707785998329,932976338
810,-1.01473080468741,0.290659179531494,0.3625,0.205068270522658,0.640792696330274,0.6375,0.359207303669726,0.794931729477342,49,0.000480970864414282,63214811
685,-0.864997437486605,0.289623167194232,0.421052631578947,0.238675971605495,0.742786621405652,0.578947368421053,0.257213378594348,0.761324028394505,51,0.00282070252313416,398335487
161,-0.775385278796918,0.284961414138339,0.460526315789473,0.263447970082148,0.805033675030762,0.539473684210527,0.194966324969238,0.736552029917852,54,0.00650811198082358,151770285
734,-0.906721280858004,0.352905262900439,0.403846153846154,0.202219227363624,0.80650944078164,0.596153846153846,0.19349055921836,0.797780772636376,34,0.0101902704645107,820670541
585,-0.133531392624522,0.327326834887772,0.875,0.460666833955304,1.66199288415516,0.125,-0.661992884155158,0.539333166044696,54,0.683313949011261,586683333
286,-0.105360515657826,0.357460175962059,0.9,0.446654646248746,1.81348163912058,0.0999999999999995,-0.813481639120583,0.553345353751254,46,0.768186726476411,574331599
111,-7.84039108167621e-16,0.422577126640063,0.999999999999999,0.436819178407407,2.28927677499391,7.7715611723761e-16,-1.28927677499391,0.563180821592593,35,0.999999999999999,131981658
411,-0.344840486291729,0.335775368078437,0.708333333333333,0.366796487532198,1.36788690231683,0.291666666666667,-0.367886902316828,0.633203512467802,46,0.304421609426377,418378543
185,-1.00063188030791,0.3143620992449,0.367647058823529,0.198538891135009,0.68079538013375,0.632352941176471,0.31920461986625,0.801461108864991,42,0.00145729883937455,656217623
760,-0.173271721274037,0.34341828375776,0.840909090909091,0.428973905145084,1.64841751605938,0.159090909090909,-0.648417516059383,0.571026094854916,48,0.613874881963072,448969064
36,-0.567984037605939,0.309965209730743,0.566666666666667,0.30866316266103,1.04032858454104,0.433333333333333,-0.040328584541043,0.69133683733897,49,0.0668900290431664,479144060
361,-0.528844129268669,0.318953917648498,0.589285714285714,0.315378327675813,1.10108280305862,0.410714285714286,-0.101082803058623,0.684621672324187,47,0.0973057383190643,167954692
885,-0.693147180559946,0.353553390414729,0.5,0.250048821950307,0.999804750328651,0.5,0.000195249671349429,0.749951178049693,36,0.0499354761129407,566187082
960,-0.693147180559946,0.316227765857143,0.5,0.269027355147749,0.929273530056824,0.5,0.0707264699431763,0.730972644852251,45,0.0283850059591,62151488
459,-1.02961941718116,0.284521319018846,0.357142857142857,0.204482893923891,0.623773548782219,0.642857142857143,0.376226451217781,0.795517106076109,51,0.000295997709021015,31477487
635,-0.382992252256106,0.352480388112681,0.681818181818182,0.341693508324524,1.360505897046,0.318181818181818,-0.360505897045998,0.658306491675476,41,0.277229853525525,414672439
310,-1.03798766685168,0.266605385154384,0.354166666666666,0.210025858561383,0.597231353496016,0.645833333333333,0.402768646503984,0.789974141438617,58,9.8869971923249e-05,762065272
136,-0.847297860387204,0.336296354624584,0.428571428571428,0.221700788982126,0.828474586089829,0.571428571428572,0.171525413910171,0.778299211017874,38,0.0117522439542884,346046346
835,-0.498991166118988,0.317553674169344,0.607142857142857,0.325828232498518,1.13133980488099,0.392857142857143,-0.131339804880993,0.674171767501482,48,0.116099033604414,30086756
436,-0.567984037605939,0.309965209730743,0.566666666666667,0.30866316266103,1.04032858454104,0.433333333333333,-0.040328584541043,0.69133683733897,49,0.0668900290431664,461339457
86,-0.948039430188735,0.286806667534349,0.3875,0.220872389109542,0.679832597480212,0.6125,0.320167402519788,0.779127610890458,51,0.000948071150739092,565882828
711,0.101782694309942,0.418467688941639,1.10714285714286,0.487532216933989,2.5142242164653,-0.107142857142857,-1.5142242164653,0.512467783066011,38,0.807829452346089,339760855
486,-0.550046336919272,0.3320488068079,0.576923076923077,0.300938293759044,1.10600825348232,0.423076923076923,-0.106008253482321,0.699061706240956,43,0.097616041842201,375244813
911,-0.628608659422374,0.312916389074555,0.533333333333333,0.288831007169658,0.984812701488669,0.466666666666667,0.0151872985113307,0.711168992830342,47,0.0445508161376248,976375011
260,-1.04982212449868,0.292770021926844,0.35,0.197179494945165,0.62126135394589,0.65,0.37873864605411,0.802820505054835,48,0.00033601397518057,742159192
336,-0.367724780125318,0.323575114145965,0.692307692307692,0.367173661722032,1.30534945938265,0.307692307692308,-0.305349459382649,0.632826338277968,49,0.25577107030375,263728904
610,-1.01473080468741,0.290659179531494,0.3625,0.205068270522658,0.640792696330274,0.6375,0.359207303669726,0.794931729477342,49,0.000480970864414284,452433835
985,-0.887303195000903,0.307470023185012,0.411764705882353,0.225387673347943,0.752260185714046,0.588235294117647,0.247739814285954,0.774612326652057,45,0.00390395151201391,34823296
535,-0.374693449441411,0.337099930903537,0.6875,0.355085322539509,1.331106131393,0.3125,-0.331106131392997,0.644914677460491,45,0.266344414852373,744093110
936,-1.15449274706257,0.279215005883242,0.315217391304348,0.182365182945455,0.544851830683257,0.684782608695652,0.455148169316743,0.817634817054545,52,3.55294137624043e-05,936084258
61,-0.262364264467491,0.319253937617145,0.769230769230769,0.411440655587284,1.438156313179,0.230769230769231,-0.438156313179004,0.588559344412716,53,0.411188275820192,738158644
786,-0.367724780125318,0.323575114145965,0.692307692307692,0.367173661722032,1.30534945938265,0.307692307692308,-0.30534945938265,0.632826338277968,49,0.255771070303751,706075115
660,-0.559615787935423,0.32043497201167,0.571428571428571,0.304934953459483,1.07082054234981,0.428571428571429,-0.0708205423498092,0.695065046540517,46,0.0807370520401328,510570368
236,-0.693147180559946,0.339683110071839,0.5,0.256939702443449,0.972990929866215,0.5,0.0270090701337854,0.743060297556551,39,0.0412935817560851,311717287
511,-0.553385238184787,0.378785243470137,0.575,0.27368138620675,1.20806535140184,0.425,-0.208065351401841,0.72631861379325,33,0.144029933927242,387591367
386,-0.839750654751821,0.267899859934291,0.431818181818182,0.255425440051242,0.730024942352463,0.568181818181818,0.269975057647537,0.744574559948758,60,0.00172106644376267,423104291
861,-0.454736157114948,0.327453976988377,0.634615384615384,0.334026763623455,1.20570184862352,0.365384615384616,-0.205701848623521,0.665973236376545,46,0.16492323308963,458757034
811,-0.980829253011726,0.304290309771929,0.375,0.206546997637897,0.680837783207739,0.625,0.319162216792261,0.793453002362103,45,0.00126707785998329,90191233
11,-0.619039208406224,0.335614902085615,0.538461538461538,0.278919427506232,1.03951464046329,0.461538461538462,-0.0395146404632885,0.721080572493768,41,0.0651113810892638,219748024
735,-0.693147180559945,0.316227765857143,0.5,0.269027355147749,0.929273530056824,0.5,0.0707264699431761,0.730972644852251,45,0.0283850059591001,437280660
162,-0.503905180921417,0.343243487590825,0.604166666666667,0.308309831708937,1.1839303310175,0.395833333333333,-0.183930331017498,0.691690168291063,41,0.142085435807819,245250032
686,-1.43074612369072,0.298216039708518,0.239130434782609,0.133288567438051,0.429019277035119,0.760869565217391,0.570980722964881,0.866711432561948,45,1.60511272750189e-06,446580328
287,0.223143551314209,0.414039334664248,1.25,0.555237886463299,2.81410911988132,-0.25,-1.81410911988132,0.444762113536701,42,0.589926268665805,415851358
586,-0.635988766719996,0.294281000218074,0.529411764705882,0.297372734569352,0.942510136360976,0.470588235294118,0.057489863639024,0.702627265430648,53,0.0306828665566426,898993820
211,-0.495321437230026,0.296885542766372,0.609375,0.34054554315326,1.09042064443604,0.390625,-0.0904206444360438,0.65945445684674,55,0.0952379535311758,710860869
112,-1.28093384546206,0.324893144862556,0.277777777777778,0.14694267882487,0.525106078398926,0.722222222222222,0.474893921601074,0.85305732117513,38,8.05925406330267e-05,303794707
186,-1.00063188030791,0.3143620992449,0.367647058823529,0.198538891135009,0.68079538013375,0.632352941176471,0.31920461986625,0.801461108864991,42,0.00145729883937454,545561225
761,-0.456758402495715,0.304930247735992,0.633333333333333,0.348397675534745,1.15130248930466,0.366666666666667,-0.151302489304664,0.651602324465255,53,0.134156349633604,675052215
886,-0.146603474191875,0.342381191152654,0.863636363636364,0.441464231606006,1.68953159779592,0.136363636363636,-0.689531597795918,0.558535768393994,49,0.668514344231211,922528093
37,-0.732367893713227,0.341940165768369,0.480769230769231,0.245966900359472,0.939716087476145,0.519230769230769,0.0602839125238547,0.754033099640528,38,0.0322094742777603,370326528
961,-0.747214401830221,0.283565436459088,0.473684210526316,0.27171747576244,0.825772176310477,0.526315789473684,0.174227823689523,0.72828252423756,55,0.00841202591371303,821067476
561,-0.553385238184787,0.378785243470137,0.575,0.27368138620675,1.20806535140184,0.425,-0.20806535140184,0.72631861379325,33,0.144029933927241,688144706
311,-0.826678573184468,0.31339158531813,0.4375,0.236711117822515,0.808606928819945,0.5625,0.191393071180055,0.763288882177485,44,0.00834345928046094,276222301
836,-0.350202429433115,0.350951784687225,0.704545454545454,0.354142718415256,1.40165044121736,0.295454545454546,-0.401650441217365,0.645857281584744,42,0.318344926958136,844689829
437,-0.785520500690961,0.301797272950154,0.455882352941176,0.252326275140616,0.823650726058412,0.544117647058824,0.176349273941588,0.747673724859384,48,0.00924635908264275,498886621
87,-0.90078654533819,0.317744454703275,0.40625,0.217935913791776,0.757282540672411,0.59375,0.242717459327589,0.782064086208224,42,0.00458342564382361,891454237
912,-0.350202429433115,0.350951784687225,0.704545454545454,0.354142718415256,1.40165044121736,0.295454545454546,-0.401650441217365,0.645857281584744,42,0.318344926958135,734703497
261,-0.798507696217771,0.322030594416355,0.45,0.239386455769012,0.84591251977679,0.55,0.15408748022321,0.760613544230988,42,0.0131529115834449,83822424
412,-0.405465108108164,0.276385398941513,0.666666666666667,0.387836842861436,1.14595725657563,0.333333333333333,-0.145957256575628,0.612163157138564,66,0.142368449367667,940793306
337,-1.15267950993839,0.307080194148739,0.315789473684211,0.172985823862105,0.576480716531111,0.684210526315789,0.423519283468889,0.827014176137895,43,0.000174260179946141,365329410
611,-0.559615787935422,0.32043497201167,0.571428571428572,0.304934953459484,1.07082054234981,0.428571428571428,-0.0708205423498096,0.695065046540516,46,0.0807370520401329,586638207
986,-1.08401348924696,0.319846510548225,0.338235294117647,0.180702882347305,0.633100660602481,0.661764705882353,0.366899339397519,0.819297117652695,40,0.000701051003301973,511819855
536,-0.22314355131421,0.295803988786256,0.8,0.448023892812474,1.42849524381924,0.2,-0.42849524381924,0.551976107187526,63,0.45063134956771,874470540
787,-0.660357357736955,0.314523021533651,0.516666666666667,0.278925334222435,0.957046247479132,0.483333333333333,0.0429537525208676,0.721074665777565,46,0.0357682916936383,849476101
937,-0.414433778090925,0.313776350729292,0.660714285714286,0.357212611261153,1.22208274171986,0.339285714285714,-0.222082741719856,0.642787388738847,51,0.186570213177545,913298609
362,-0.350202429433114,0.350951784687225,0.704545454545455,0.354142718415257,1.40165044121737,0.295454545454545,-0.401650441217366,0.645857281584743,42,0.318344926958137,239577862
237,-0.405465108108164,0.338501599881137,0.666666666666667,0.343380522195083,1.29432048621542,0.333333333333333,-0.294320486215422,0.656619477804917,44,0.230985808990522,370531839
862,-0.575364144903562,0.300462606089906,0.5625,0.312153560382466,1.01362371011346,0.4375,-0.013623710113456,0.687846439617534,52,0.0555017341376712,179176410
636,-0.8754687373539,0.298142397049811,0.416666666666667,0.232278755131733,0.747425699834882,0.583333333333333,0.252574300165118,0.767721244868267,48,0.00332033640205507,851321535
512,-0.791587253373198,0.311420549506474,0.453125,0.246114029855468,0.834256648211306,0.546875,0.165743351788694,0.753885970144532,45,0.0110264516645974,190899241
460,-0.393042588109607,0.370185138516861,0.675,0.326739478578644,1.39445959203346,0.325,-0.394459592033458,0.673260521421356,37,0.288351012789243,368745415
712,-0.785520500690961,0.301797272950154,0.455882352941176,0.252326275140616,0.823650726058412,0.544117647058824,0.176349273941588,0.747673724859384,48,0.00924635908264273,192631345
12,-0.852211875189632,0.305460779911516,0.426470588235294,0.234358331784545,0.7760644191518,0.573529411764706,0.2239355808482,0.765641668215455,46,0.00527206743141979,892238745
137,0.2559333741372,0.446009787159535,1.29166666666667,0.538897579587186,3.09595522595561,-0.291666666666666,-2.09595522595561,0.461102420412814,37,0.566083486018889,711776376
687,-0.757685701697517,0.309569593739123,0.46875,0.255526040150385,0.85989890647029,0.53125,0.14010109352971,0.744473959849615,46,0.0143832917454887,984125248
736,-0.980829253011726,0.288675134639246,0.375,0.212966134230444,0.660316254075561,0.625,0.339683745924439,0.787033865769556,50,0.000679568331275136,887175480
487,-1.04145387482816,0.317001886599585,0.352941176470588,0.189613752862997,0.65695379247331,0.647058823529412,0.34304620752669,0.810386247137003,41,0.00101865196081392,221900450
212,-0.923670839171778,0.309613576058494,0.397058823529412,0.216426929331258,0.728447748298718,0.602941176470588,0.271552251701282,0.783573070668742,44,0.0028515635640642,813009689
587,-0.648695417989111,0.366588804558565,0.522727272727273,0.254820406022717,1.07229953015825,0.477272727272727,-0.0722995301582461,0.745179593977283,34,0.0768029535777542,313096964
288,-1.08401348924696,0.319846510548225,0.338235294117647,0.180702882347305,0.633100660602481,0.661764705882353,0.366899339397519,0.819297117652695,40,0.000701051003301977,610562682
62,-0.818310323513951,0.303573488264536,0.441176470588235,0.243338104254753,0.799861077231561,0.558823529411765,0.200138922768439,0.756661895745247,47,0.00702636317869651,867630329
187,-0.798507696217772,0.322030594416355,0.45,0.239386455769012,0.845912519776789,0.55,0.154087480223211,0.760613544230988,42,0.0131529115834449,736796565
812,-0.836248024200619,0.324234799434447,0.433333333333333,0.229526553734733,0.818109167424675,0.566666666666667,0.181890832575325,0.770473446265267,41,0.00990456778991841,957108301
387,-0.916290731874156,0.285043856321028,0.4,0.228786408585168,0.699342242353695,0.6,0.300657757646305,0.771213591414832,52,0.00130644364042557,469230199
762,-0.613104472886409,0.34899122001345,0.541666666666667,0.273319265873331,1.07348004481233,0.458333333333333,-0.0734800448123341,0.726680734126669,38,0.0789535186132349,329187479
38,-0.503905180921417,0.343243487590825,0.604166666666667,0.308309831708937,1.1839303310175,0.395833333333333,-0.183930331017498,0.691690168291063,41,0.142085435807819,570003935
163,-1.24653241874473,0.305742147717729,0.2875,0.157902738150767,0.523463056866557,0.7125,0.476536943133443,0.842097261849233,43,4.56065860404145e-05,832684159
887,-0.597837000755621,0.31139957746839,0.55,0.298743791544112,1.01257334398975,0.45,-0.0125733439897535,0.701256208455888,48,0.0548782603276283,817258990
562,-1.16315080980568,0.253546276450946,0.3125,0.190121415861719,0.513652023668015,0.6875,0.486347976331985,0.809878584138281,63,4.48523869932275e-06,778522594
962,0.0606246218164352,0.392952623267473,1.0625,0.49186629014749,2.29514864631501,-0.0625000000000004,-1.29514864631501,0.50813370985251,42,0.877389184700404,721718926
661,-0.916290731874156,0.285043856321028,0.4,0.228786408585168,0.699342242353695,0.6,0.300657757646305,0.771213591414832,52,0.00130644364042557,759066310
312,-0.906721280858004,0.352905262900439,0.403846153846154,0.202219227363624,0.80650944078164,0.596153846153846,0.19349055921836,0.797780772636376,34,0.0101902704645107,537594612
438,-0.896746135801185,0.291358273421998,0.407894736842105,0.230432371597157,0.722025795205344,0.592105263157895,0.277974204794656,0.769567628402843,50,0.00208526073560586,628063959
837,-0.382992252256106,0.352480388112681,0.681818181818182,0.341693508324524,1.360505897046,0.318181818181818,-0.360505897045998,0.658306491675476,41,0.277229853525524,280235374
262,-0.287682072451782,0.365148371258932,0.75,0.366645539843386,1.53417930636842,0.25,-0.534179306368418,0.633354460156614,40,0.430784565647915,817754125
88,-0.806475865866949,0.333809184216891,0.446428571428571,0.232066840167234,0.858797703472563,0.553571428571429,0.141202296527437,0.767933159832766,39,0.0156929810074839,910636252
913,-1.06784063000136,0.328564370382994,0.34375,0.180537825689898,0.654511385901838,0.65625,0.345488614098162,0.819462174310102,38,0.00115397071665592,504515992
338,-5.25791347033414e-16,0.353553389987368,0.999999999999999,0.500097644319502,1.9996094989824,5.55111512312578e-16,-0.999609498982403,0.499902355680498,50,0.999999999999999,700877252
113,-0.966440515559626,0.268420732178884,0.380434782608696,0.224801950739349,0.643813914169885,0.619565217391304,0.356186085830115,0.775198049260652,58,0.000317643744323937,25498806
987,-0.635988766719997,0.294281000218074,0.529411764705882,0.297372734569352,0.942510136360976,0.470588235294118,0.0574898636390241,0.702627265430648,53,0.0306828665566426,928736564
363,-1.22377543162212,0.329884115164015,0.294117647058823,0.15407182080586,0.561460167465798,0.705882352941177,0.438539832534202,0.84592817919414,37,0.000207494225861332,624507947
788,-0.488352767913932,0.357695579709943,0.613636363636363,0.304396782941251,1.23703536922574,0.386363636363637,-0.237035369225745,0.695603217058749,38,0.172166690246863,509500851
938,-0.315852949418478,0.334521690872323,0.729166666666666,0.378513546957637,1.40466314099263,0.270833333333334,-0.404663140992634,0.621486453042363,47,0.345071168283661,968940718
238,-0.955511445027436,0.356262651653236,0.384615384615385,0.191326590870475,0.773175298894996,0.615384615384615,0.226824701105004,0.808673409129525,33,0.00731742414079218,199991519
637,-1.20397280432594,0.270801280187437,0.3,0.176447206536329,0.510067582064382,0.7,0.489932417935618,0.823552793463671,55,8.74985090770837e-06,466339567
863,-0.693147180559945,0.288675134449032,0.5,0.283954845746454,0.880421671772515,0.5,0.119578328227485,0.716045154253546,54,0.0163444274416998,176698461
513,-1.26369203902756,0.286251287070464,0.282608695652174,0.161260493055035,0.49527118108814,0.717391304347826,0.50472881891186,0.838739506944965,49,1.01185316564294e-05,336325513
713,-0.719815427642107,0.2822385622193,0.486842105263158,0.279992392831664,0.846505982037739,0.513157894736842,0.153494017962261,0.720007607168336,56,0.0107605732267928,768819029
13,-0.693147180559945,0.306186217693273,0.5,0.274374548749911,0.911163229749387,0.5,0.0888367702506127,0.725625451250089,48,0.0235858516265237,491449531
461,-0.538996500732688,0.398409536160402,0.583333333333333,0.267171409690884,1.27363095539106,0.416666666666667,-0.273630955391061,0.732828590309116,30,0.176097011346693,809324179
138,-0.336472236621213,0.310529501381407,0.714285714285714,0.388641141927947,1.31278968330955,0.285714285714286,-0.312789683309553,0.611358858072053,54,0.278567233886636,891539960
413,-1.07263680226485,0.301816363762181,0.342105263157895,0.189344720891596,0.618110769232052,0.657894736842105,0.381889230767948,0.810655279108404,45,0.00037950791412661,564874765
688,-0.117783035656383,0.377307713539367,0.888888888888889,0.424309318363021,1.86214024202534,0.111111111111111,-0.862140242025341,0.575690681636979,41,0.754913572453864,213514242
488,-0.732367893713226,0.341940165768369,0.480769230769231,0.245966900359472,0.939716087476146,0.519230769230769,0.0602839125238537,0.754033099640528,38,0.0322094742777605,304163839
213,-0.852211875189633,0.305460779911516,0.426470588235294,0.234358331784545,0.7760644191518,0.573529411764706,0.2239355808482,0.765641668215455,46,0.00527206743141976,960555036
63,-1.08780137256389,0.275202335394786,0.33695652173913,0.19648129591255,0.577865170398037,0.66304347826087,0.422134829601963,0.80351870408745,54,7.72636109417731e-05,320244710
612,-0.693147180559946,0.353553390414729,0.5,0.250048821950307,0.999804750328651,0.5,0.000195249671349207,0.749951178049693,36,0.0499354761129409,656875566
188,-0.90078654533819,0.317744454703275,0.40625,0.217935913791776,0.757282540672412,0.59375,0.242717459327588,0.782064086208224,42,0.00458342564382364,264097904
537,-0.847297860387203,0.336296354624585,0.428571428571429,0.221700788982126,0.828474586089829,0.571428571428571,0.171525413910171,0.778299211017874,38,0.0117522439542885,456543883
813,-0.78552050069096,0.301797272950154,0.455882352941177,0.252326275140616,0.823650726058413,0.544117647058823,0.176349273941587,0.747673724859384,48,0.00924635908264281,763547894
388,-0.0870113769896303,0.376050715972945,0.916666666666666,0.438648339164863,1.91560688313005,0.0833333333333338,-0.915606883130051,0.561351660835137,42,0.817018026578999,930849201
164,-0.655406852577098,0.337579788841214,0.519230769230769,0.267924225100013,1.00625686839381,0.480769230769231,-0.00625686839380823,0.732075774899987,40,0.0521992056420557,353671928
737,-1.24653241874473,0.305742147717729,0.2875,0.157902738150767,0.523463056866557,0.7125,0.476536943133443,0.842097261849233,43,4.56065860404148e-05,426793220
439,-0.90078654533819,0.317744454703275,0.40625,0.217935913791776,0.757282540672411,0.59375,0.242717459327589,0.782064086208224,42,0.00458342564382361,950095173
662,-0.887303195000902,0.307470023185012,0.411764705882353,0.225387673347943,0.752260185714047,0.588235294117647,0.247739814285953,0.774612326652057,45,0.00390395151201394,9834632
263,-0.693147180559946,0.288675134449032,0.5,0.283954845746454,0.880421671772515,0.5,0.119578328227485,0.716045154253546,54,0.0163444274416998,773784962
289,-0.896746135801185,0.291358273421998,0.407894736842105,0.230432371597157,0.722025795205344,0.592105263157895,0.277974204794656,0.769567628402843,50,0.00208526073560586,722696090
89,-0.775385278796918,0.284961414138339,0.460526315789473,0.263447970082148,0.805033675030762,0.539473684210527,0.194966324969238,0.736552029917852,54,0.00650811198082358,67421033
114,-0.724895878874526,0.307827978830389,0.484375,0.264946428293406,0.885534264931395,0.515625,0.114465735068605,0.735053571706594,47,0.0185290237436735,495165821
588,-0.780158557549575,0.358870281346379,0.458333333333333,0.226835229996496,0.926088264365679,0.541666666666667,0.0739117356343206,0.773164770003504,34,0.0297104581774704,446929239
763,-0.56531380905006,0.361813613248808,0.568181818181818,0.279583170959859,1.15468530313917,0.431818181818182,-0.154685303139174,0.720416829040141,36,0.11818323336977,17957121
364,-0.858226930919394,0.262905470718996,0.423913043478261,0.253216054362488,0.709679601016733,0.576086956521739,0.290320398983267,0.746783945637512,62,0.00109698663945446,569883844
638,-0.815749502652278,0.346988959240084,0.442307692307692,0.224061353338963,0.873136271646969,0.557692307692308,0.126863728353031,0.775938646661037,36,0.0187261577455481,881809849
789,-1.01160091167848,0.276955854744975,0.363636363636363,0.21131097564528,0.625766856429879,0.636363636363636,0.374233143570121,0.78868902435472,54,0.000259627820708526,485273937
939,-0.906721280858004,0.352905262900439,0.403846153846154,0.202219227363624,0.80650944078164,0.596153846153846,0.19349055921836,0.797780772636376,34,0.0101902704645107,395726793
39,-0.72951482473082,0.329341173413233,0.482142857142857,0.252836646891307,0.919414719155848,0.517857142857143,0.0805852808441515,0.747163353108693,41,0.0267550368829955,680410598
864,-0.847297860387203,0.336296354624585,0.428571428571429,0.221700788982126,0.828474586089829,0.571428571428571,0.171525413910171,0.778299211017874,38,0.0117522439542885,618815501
714,-1.29098418131557,0.308957190360021,0.275,0.150088651841845,0.503868873975159,0.725,0.496131126024841,0.849911348158155,42,2.93410602626951e-05,485451630
563,-0.992390075412803,0.240288519475596,0.370689655172414,0.231460297907447,0.593669072813467,0.629310344827586,0.406330927186533,0.768539702092553,72,3.62773150373752e-05,30395553
14,-0.648695417989112,0.366588804558565,0.522727272727273,0.254820406022717,1.07229953015825,0.477272727272727,-0.0722995301582456,0.745179593977283,34,0.0768029535777538,843767969
888,-0.608589792531882,0.293002655846555,0.544117647058823,0.306399814857852,0.966266947576922,0.455882352941177,0.0337330524230776,0.693600185142148,54,0.0377942277759983,709950680
414,-0.613104472886409,0.284950137914778,0.541666666666667,0.309871841781773,0.946852014983687,0.458333333333333,0.0531479850163131,0.690128158218227,57,0.0314272797958067,858769300
838,-0.583947888594954,0.333775126992807,0.557692307692307,0.289924389332553,1.07276490527473,0.442307692307693,-0.0727649052747348,0.710075610667447,42,0.0802003321858082,202158711
313,-0.739667196194838,0.372193684226973,0.477272727272727,0.230120219634472,0.989870670904854,0.522727272727272,0.0101293290951464,0.769879780365528,32,0.0468871717559565,170438661
489,-0.929535958624176,0.293197735851267,0.394736842105263,0.222196542713832,0.701258321178802,0.605263157894737,0.298741678821198,0.777803457286169,49,0.00152261646449936,134246007
963,0.139761942375159,0.348911349679512,1.15,0.580368671537347,2.27872396436701,-0.15,-1.27872396436701,0.419631328462653,56,0.688739853816375,246408615
339,-0.485507815781701,0.328896756978945,0.615384615384615,0.322990097510246,1.17247627023629,0.384615384615385,-0.172476270236294,0.677009902489754,45,0.139898024272189,668104851
64,-0.547965170715448,0.299210673107685,0.578125,0.32161268025645,1.0392267971477,0.421875,-0.0392267971477047,0.678387319743549,53,0.0670454753602861,11201966
914,-0.387765531008764,0.312640945361129,0.678571428571428,0.367684324057168,1.25232204243191,0.321428571428572,-0.252322042431911,0.632315675942832,52,0.214868039959808,966428111
214,-0.916290731874155,0.329140294355589,0.4,0.209843376090773,0.762473436048742,0.6,0.237526563951258,0.790156623909227,39,0.00537110664852019,245463887
613,-0.505935638471799,0.288467976016784,0.602941176470588,0.342555194596169,1.06125397605575,0.397058823529412,-0.0612539760557542,0.657444805403831,58,0.0794526013237639,509531200
538,-1.22595171104471,0.283752176953097,0.293478260869565,0.168285092541542,0.511807007395874,0.706521739130435,0.488192992604126,0.831714907458458,50,1.55674985833956e-05,580297669
239,-0.909370289029581,0.300063850214606,0.402777777777778,0.223692121866182,0.725237602997279,0.597222222222222,0.274762397002721,0.776307878133818,47,0.00244077011391653,650613350
988,-0.753771802376381,0.300122524053483,0.470588235294117,0.261322202555126,0.847433876769487,0.529411764705883,0.152566123230513,0.738677797444874,49,0.0120203303836416,504837994
814,-0.553385238184787,0.378785243470137,0.575,0.27368138620675,1.20806535140184,0.425,-0.20806535140184,0.72631861379325,33,0.144029933927241,596791323
139,-0.133531392624523,0.358568582289603,0.875,0.433305221442284,1.76694155092701,0.125,-0.766941550927008,0.566694778557716,45,0.709594114309507,70898444
462,-0.771108722029657,0.277537433609469,0.4625,0.268454967940774,0.796804960030361,0.5375,0.203195039969639,0.731545032059226,57,0.00546281025216129,36460167
514,-0.819898886199089,0.273214338335251,0.44047619047619,0.25784693394684,0.75245910977719,0.55952380952381,0.24754089022281,0.74215306605316,58,0.00269150666911397,781118835
389,-0.517256514096281,0.330425697058068,0.596153846153846,0.311960413229728,1.13924521577777,0.403846153846154,-0.13924521577777,0.688039586770272,44,0.117483384445157,410182830
689,-0.25489224962879,0.363673018248927,0.775,0.379964189999513,1.58074106931174,0.225,-0.580741069311744,0.620035810000487,41,0.483376011154514,246839009
440,-1.16315080980568,0.300000000038325,0.3125,0.173575953120297,0.56261393496321,0.6875,0.43738606503679,0.826424046879703,45,0.000105678796091778,256478756
290,-1.18149994847388,0.287213478987666,0.306818181818182,0.174744910428653,0.538713238991017,0.693181818181818,0.461286761008983,0.825255089571347,49,3.8942697321904e-05,275491856
264,-1.26369203902756,0.286251287070464,0.282608695652174,0.161260493055035,0.49527118108814,0.717391304347826,0.50472881891186,0.838739506944965,49,1.01185316564293e-05,174261339
589,-0.791587253373198,0.311420549506474,0.453125,0.246114029855468,0.834256648211306,0.546875,0.165743351788694,0.753885970144532,45,0.0110264516645975,154682546
115,-0.889857474806,0.338979103096579,0.410714285714286,0.211349037003325,0.798140492531046,0.589285714285714,0.201859507468954,0.788650962996675,37,0.00866209469733094,777499241
365,-0.364643113587909,0.38873012593804,0.694444444444445,0.324152835426664,1.48773366669766,0.305555555555555,-0.487733666697659,0.675847164573336,34,0.348225564510954,822206582
189,-0.550046336919272,0.3320488068079,0.576923076923077,0.300938293759044,1.10600825348232,0.423076923076923,-0.106008253482321,0.699061706240956,43,0.097616041842201,913868851
639,0.405465108108164,0.540061723346844,1.5,0.520463031159205,4.32307361963572,-0.5,-3.32307361963572,0.479536968840795,28,0.452787778973291,552728568
764,-0.454736157114948,0.327453976988377,0.634615384615384,0.334026763623456,1.20570184862352,0.365384615384616,-0.205701848623521,0.665973236376544,46,0.16492323308963,877310228
715,-0.470003629245736,0.278886675283182,0.625,0.361818900003792,1.07961469120575,0.375,-0.0796146912057538,0.638181099996208,63,0.0919335300910074,958525915
40,-0.538996500732688,0.308606699703892,0.583333333333333,0.318588646561898,1.06807879517974,0.416666666666667,-0.0680787951797426,0.681411353438102,50,0.0807157252612326,324120591
738,-0.660357357736955,0.314523021533651,0.516666666666666,0.278925334222435,0.957046247479132,0.483333333333334,0.0429537525208679,0.721074665777565,46,0.0357682916936383,887265065
564,-0.944461608840852,0.30210898910626,0.388888888888889,0.21511460488529,0.703041841263548,0.611111111111111,0.296958158736452,0.78488539511471,46,0.00177064159941121,893934130
415,-0.785520500690961,0.301797272950154,0.455882352941176,0.252326275140616,0.823650726058412,0.544117647058824,0.176349273941588,0.747673724859384,48,0.00924635908264275,513958418
165,-0.37469344944141,0.337099930903537,0.6875,0.355085322539509,1.331106131393,0.3125,-0.331106131392998,0.644914677460491,45,0.266344414852373,876344828
889,-0.207639364778244,0.33011264546541,0.8125,0.425432806191943,1.5517285935447,0.1875,-0.551728593544705,0.574567193808057,51,0.529352009631094,353151597
15,-0.963437510299857,0.295151380812077,0.381578947368421,0.21396911716684,0.680483683826486,0.618421052631579,0.319516316173514,0.78603088283316,48,0.0010976790583613,400374055
314,-0.916290731874155,0.285043856321028,0.4,0.228786408585168,0.699342242353696,0.6,0.300657757646304,0.771213591414832,52,0.00130644364042557,860949627
839,-0.980829253011726,0.288675134639246,0.375,0.212966134230444,0.660316254075561,0.625,0.339683745924439,0.787033865769556,50,0.000679568331275136,858863756
340,-0.613104472886409,0.34899122001345,0.541666666666667,0.273319265873331,1.07348004481233,0.458333333333333,-0.0734800448123338,0.726680734126669,38,0.0789535186132348,977483456
964,-0.37469344944141,0.337099930903537,0.6875,0.355085322539509,1.331106131393,0.3125,-0.331106131392998,0.644914677460491,45,0.266344414852373,472835332
65,-1.19705236148136,0.275951853238974,0.302083333333333,0.175887963916369,0.518820834842158,0.697916666666667,0.481179165157842,0.824112036083631,53,1.43848636138809e-05,677546490
490,-0.382992252256105,0.352480388112681,0.681818181818182,0.341693508324525,1.360505897046,0.318181818181818,-0.360505897045999,0.658306491675475,41,0.277229853525526,648360268
663,-0.980829253011726,0.32274861223363,0.375,0.19920817230415,0.705919834379558,0.625,0.294080165620442,0.80079182769585,40,0.00237374081337693,981854220
915,-0.948039430188735,0.286806667534349,0.3875,0.220872389109542,0.679832597480211,0.6125,0.320167402519789,0.779127610890458,51,0.000948071150739091,507567876
215,-0.980829253011726,0.304290309771929,0.375,0.206546997637897,0.680837783207739,0.625,0.319162216792261,0.793453002362103,45,0.00126707785998329,538745490
865,-0.28768207245178,0.333333332957981,0.75,0.390236076007616,1.44143515831433,0.25,-0.441435158314331,0.609763923992384,48,0.388112055987274,716094167
940,-0.0253178079842894,0.354458777892126,0.975,0.486730719276355,1.95308198630516,0.0249999999999996,-0.953081986305156,0.513269280723645,49,0.943058189100906,464427201
815,0.0273989741881151,0.371669392938372,1.02777777777778,0.496059375810239,2.12943694243955,-0.0277777777777783,-1.12943694243955,0.503940624189761,46,0.941234240854444,320990629
989,-0.628608659422374,0.312916389074555,0.533333333333333,0.288831007169658,0.984812701488669,0.466666666666667,0.015187298511331,0.711168992830342,47,0.0445508161376246,854278359
790,-0.628608659422374,0.312916389074555,0.533333333333333,0.288831007169658,0.984812701488669,0.466666666666667,0.0151872985113312,0.711168992830342,47,0.0445508161376246,298827644
240,-1.38629436111989,0.324442842291713,0.25,0.132365181846562,0.472178552759065,0.75,0.527821447240935,0.867634818153438,38,1.92993591445605e-05,260589654
140,-0.498991166118988,0.317553674169344,0.607142857142857,0.325828232498518,1.13133980488099,0.392857142857143,-0.131339804880993,0.674171767501482,48,0.116099033604414,7176528
515,-0.750305594399894,0.291491544117703,0.472222222222222,0.266703287131257,0.836112031310467,0.527777777777778,0.163887968689533,0.733296712868743,52,0.0100523933880834,835195772
463,-0.591364486250003,0.32200409285003,0.553571428571428,0.294498634930857,1.0405526212458,0.446428571428572,-0.0405526212457967,0.705501365069143,45,0.0662819204896871,648357982
90,-0.655406852577098,0.337579788841214,0.519230769230769,0.267924225100013,1.00625686839381,0.480769230769231,-0.00625686839380823,0.732075774899987,40,0.0521992056420557,622472084
390,-0.652325186039691,0.351188458232817,0.520833333333333,0.261677639602053,1.03664708044463,0.479166666666667,-0.0366470804446315,0.738322360397947,37,0.0632430362543261,536846986
690,-0.287682072451781,0.38490017902633,0.75,0.352722884184202,1.5947363361495,0.25,-0.594736336149504,0.647277115815798,36,0.454810106861938,690465951
291,-0.90078654533819,0.317744454703275,0.40625,0.217935913791776,0.757282540672412,0.59375,0.242717459327588,0.782064086208224,42,0.00458342564382362,324277007
614,-1.19705236148136,0.275951853238974,0.302083333333333,0.175887963916369,0.518820834842158,0.697916666666667,0.481179165157842,0.824112036083631,53,1.43848636138809e-05,234486208
590,-0.495321437230026,0.296885542766372,0.609375,0.34054554315326,1.09042064443604,0.390625,-0.090420644436044,0.65945445684674,55,0.0952379535311759,975581236
190,-0.693147180559946,0.316227765857143,0.5,0.269027355147749,0.929273530056823,0.5,0.0707264699431766,0.730972644852251,45,0.0283850059591,819937536
739,-0.693147180559946,0.316227765857143,0.5,0.269027355147749,0.929273530056824,0.5,0.0707264699431763,0.730972644852251,45,0.0283850059591,820017249
716,-0.597837000755621,0.31139957746839,0.55,0.298743791544112,1.01257334398975,0.45,-0.0125733439897537,0.701256208455888,48,0.0548782603276283,635928537
166,-0.34484048629173,0.335775368078437,0.708333333333333,0.366796487532198,1.36788690231683,0.291666666666667,-0.367886902316826,0.633203512467802,46,0.304421609426375,577624401
565,-0.344840486291729,0.274159439995792,0.708333333333334,0.41387838071432,1.21227910055402,0.291666666666666,-0.212279100554023,0.58612161928568,69,0.208460476893818,395473678
416,-0.321583624127463,0.366718909158199,0.725,0.353334712048621,1.48761211982951,0.275,-0.487612119829514,0.646665287951379,39,0.380529383716463,375662916
539,-0.437213806422745,0.339987349247458,0.645833333333333,0.331682608390754,1.25752958971264,0.354166666666667,-0.257529589712644,0.668317391609246,43,0.198453249610698,319485132
441,0.0350913198112702,0.421117443050215,1.03571428571429,0.45371605694648,2.36426299049669,-0.0357142857142858,-1.36426299049669,0.54628394305352,36,0.933589895741933,697940139
16,-0.721318057526641,0.290046520678705,0.486111111111111,0.27532617537404,0.858269331002227,0.513888888888889,0.141730668997773,0.72467382462596,53,0.0128859910231452,85367348
315,-0.591364486250003,0.32200409285003,0.553571428571428,0.294498634930857,1.0405526212458,0.446428571428572,-0.0405526212457972,0.705501365069143,45,0.0662819204896873,197206705
840,-0.182321556793955,0.380058474529105,0.833333333333333,0.395651114957792,1.7551939529313,0.166666666666667,-0.755193952931305,0.604348885042208,39,0.631426681653513,897025591
265,-1.00330210886378,0.33484505693686,0.366666666666667,0.190217645293864,0.706792707042208,0.633333333333333,0.293207292957792,0.809782354706136,37,0.00273261738336202,344172277
366,-0.660357357736954,0.314523021533651,0.516666666666667,0.278925334222435,0.957046247479133,0.483333333333333,0.0429537525208674,0.721074665777565,46,0.0357682916936383,335599259
491,-0.340325805937203,0.322412939776749,0.711538461538461,0.378233497412498,1.33855670032411,0.288461538461539,-0.338556700324107,0.621766502587502,50,0.291169846271159,296363213
965,-0.526093095896779,0.359681288338738,0.590909090909091,0.291984235275548,1.19586440476655,0.409090909090909,-0.195864404766546,0.708015764724452,37,0.143559170995979,798730452
664,-0.723000143709627,0.298540717067938,0.485294117647059,0.270325309000301,0.871210992022116,0.514705882352941,0.128789007977884,0.729674690999699,50,0.0154446682775018,23571237
66,-0.395895657092014,0.324799176871911,0.673076923076923,0.356118995852506,1.2721381045518,0.326923076923077,-0.272138104551803,0.643881004147494,48,0.222884556763601,236531645
116,-0.528844129268669,0.318953917648498,0.589285714285714,0.315378327675813,1.10108280305862,0.410714285714286,-0.101082803058623,0.684621672324187,47,0.0973057383190642,254647925
640,-0.287682072451781,0.38490017902633,0.75,0.352722884184202,1.5947363361495,0.25,-0.594736336149504,0.647277115815798,36,0.454810106861938,399746193
866,-0.393042588109607,0.370185138516861,0.675,0.326739478578644,1.39445959203346,0.325,-0.394459592033456,0.673260521421356,37,0.288351012789242,139762478
41,-0.521296923633286,0.298019780119112,0.59375,0.331076782453607,1.06482568752583,0.40625,-0.0648256875258262,0.668923217546393,54,0.080256034169246,893928008
816,-0.994252273343866,0.258895784143774,0.37,0.222755908882152,0.614574045137571,0.63,0.385425954862429,0.777244091117848,62,0.0001228554495029,532466067
791,-0.798507696217772,0.322030594416355,0.45,0.239386455769012,0.845912519776789,0.55,0.154087480223211,0.760613544230988,42,0.0131529115834448,109494661
890,-0.998528830111127,0.297230322626125,0.368421052631579,0.205750798692888,0.659701312871999,0.631578947368421,0.340298687128001,0.794249201307112,47,0.000780992820566332,480507781
765,-0.287682072451781,0.320256307249547,0.75,0.400367301091038,1.40495989174724,0.25,-0.40495989174724,0.599632698908962,52,0.369032569739758,526846089
516,-0.192371892647456,0.360975109893517,0.825,0.40662247357942,1.67384993261338,0.175,-0.673849932613384,0.59337752642058,43,0.594086971086375,31980402
241,-0.37469344944141,0.337099930903537,0.6875,0.355085322539509,1.331106131393,0.3125,-0.331106131392999,0.644914677460491,45,0.266344414852374,195579381
464,-1.34855403313704,0.274770041149897,0.259615384615385,0.151511550226277,0.444851549788347,0.740384615384615,0.555148450211653,0.848488449773723,53,9.20394391108075e-07,664857591
141,-0.729514824730821,0.329341173413233,0.482142857142857,0.252836646891307,0.919414719155848,0.517857142857143,0.0805852808441517,0.747163353108693,41,0.0267550368829954,701321188
91,-1.17498526745268,0.326255386250749,0.308823529411765,0.162930088634094,0.585355185882973,0.691176470588235,0.414644814117027,0.837069911365906,38,0.000316474132061745,845569631
341,-1.18562366565774,0.317820863121378,0.305555555555556,0.163893064279211,0.569665336001087,0.694444444444444,0.430334663998913,0.836106935720789,40,0.000191117004313103,867375974
691,-0.762140052046896,0.319970236768501,0.466666666666667,0.249257148069638,0.873707251584756,0.533333333333333,0.126292748415244,0.750742851930362,43,0.0172231434086226,985602834
292,-0.4855078157817,0.328896756978945,0.615384615384616,0.322990097510247,1.1724762702363,0.384615384615384,-0.172476270236296,0.677009902489753,45,0.139898024272189,207933293
916,-0.8754687373539,0.326598632425687,0.416666666666667,0.21967847161559,0.790296426565224,0.583333333333333,0.209703573434776,0.78032152838441,40,0.00734980734110859,255401644
615,-0.8754687373539,0.326598632425687,0.416666666666667,0.21967847161559,0.790296426565224,0.583333333333333,0.209703573434776,0.78032152838441,40,0.00734980734110861,964371852
941,-0.693147180559945,0.306186217693273,0.5,0.274374548749911,0.911163229749387,0.5,0.0888367702506125,0.725625451250089,48,0.0235858516265237,999098092
216,-1.08618976866955,0.295020401093329,0.3375,0.189300585174496,0.60172159475895,0.6625,0.39827840524105,0.810699414825504,47,0.000231643402655385,701334779
990,-0.608589792531883,0.293002655846555,0.544117647058823,0.306399814857852,0.966266947576922,0.455882352941177,0.0337330524230777,0.693600185142148,54,0.0377942277759983,963241333
591,-0.485507815781701,0.328896756978945,0.615384615384615,0.322990097510247,1.17247627023629,0.384615384615385,-0.172476270236295,0.677009902489753,45,0.13989802427219,61903876
740,-0.517256514096281,0.330425697058068,0.596153846153846,0.311960413229728,1.13924521577777,0.403846153846154,-0.13924521577777,0.688039586770272,44,0.117483384445156,718006672
566,-1.04334960999306,0.278769815427109,0.352272727272727,0.2039810037784,0.60837074081163,0.647727272727273,0.39162925918837,0.7960189962216,53,0.000182059192885654,884729715
442,-0.836248024200619,0.324234799434447,0.433333333333333,0.229526553734733,0.818109167424675,0.566666666666667,0.181890832575325,0.770473446265267,41,0.00990456778991838,31345809
167,-0.510825623765991,0.376386326070132,0.6,0.2869264788952,1.25467681263216,0.4,-0.254676812632164,0.7130735211048,34,0.174722648478204,242636939
717,-0.0253178079842905,0.354458777892125,0.974999999999999,0.486730719276355,1.95308198630515,0.0250000000000007,-0.953081986305152,0.513269280723645,49,0.943058189100903,430617559
417,-0.395895657092014,0.324799176871911,0.673076923076923,0.356118995852506,1.2721381045518,0.326923076923077,-0.272138104551803,0.643881004147494,48,0.2228845567636,612592549
391,-0.693147180559946,0.288675134449032,0.5,0.283954845746454,0.880421671772515,0.5,0.119578328227485,0.716045154253546,54,0.0163444274416998,659628595
540,-0.929535958624176,0.293197735851267,0.394736842105263,0.222196542713832,0.701258321178802,0.605263157894737,0.298741678821198,0.777803457286169,49,0.00152261646449936,44595402
367,-1.21924027645672,0.409673245248165,0.295454545454545,0.132365918392109,0.659485383323237,0.704545454545455,0.340514616676763,0.867634081607891,24,0.00291912389847613,817483084
266,-0.852211875189632,0.305460779911516,0.426470588235294,0.234358331784545,0.7760644191518,0.573529411764706,0.2239355808482,0.765641668215455,46,0.00527206743141978,866493752
67,-0.727048732235627,0.318039974412539,0.483333333333333,0.259137718296139,0.90149404975521,0.516666666666667,0.0985059502447898,0.740862281703861,44,0.022252538584626,951007072
665,-0.321583624127462,0.366718909158199,0.725,0.353334712048621,1.48761211982951,0.275,-0.487612119829514,0.646665287951379,39,0.380529383716463,46981227
117,-0.775385278796918,0.284961414138339,0.460526315789474,0.263447970082148,0.805033675030762,0.539473684210526,0.194966324969238,0.736552029917852,54,0.0065081119808236,259191078
191,-0.367724780125317,0.323575114145965,0.692307692307693,0.367173661722032,1.30534945938265,0.307692307692307,-0.305349459382651,0.632826338277968,49,0.255771070303752,309114579
867,-1.04145387482816,0.317001886599585,0.352941176470588,0.189613752862997,0.65695379247331,0.647058823529412,0.34304620752669,0.810386247137003,41,0.00101865196081392,358825120
42,-0.693147180559945,0.306186217693273,0.5,0.274374548749911,0.911163229749387,0.5,0.0888367702506128,0.725625451250089,48,0.0235858516265237,398344723
641,-0.780158557549575,0.293016357715889,0.458333333333333,0.258086606687751,0.813949422406871,0.541666666666667,0.186050577593129,0.741913393312249,51,0.00775605992749462,34592037
817,-0.909370289029581,0.300063850214606,0.402777777777778,0.223692121866182,0.725237602997279,0.597222222222222,0.274762397002721,0.776307878133818,47,0.00244077011391653,361989730
766,-0.826678573184468,0.280305955339105,0.4375,0.252569669301033,0.757835453994543,0.5625,0.242164546005457,0.747430330698967,55,0.0031859680524463,157051659
891,-0.521296923633286,0.298019780119112,0.59375,0.331076782453607,1.06482568752583,0.40625,-0.0648256875258266,0.668923217546393,54,0.0802560341692458,681721335
242,0.318453731118533,0.443812681169395,1.375,0.576140836791107,3.28153270740204,-0.374999999999998,-2.28153270740204,0.423859163208893,39,0.473040436447083,581446584
342,-1.01856958099457,0.306622070381559,0.361111111111111,0.19799018983409,0.658624726190593,0.638888888888889,0.341375273809407,0.80200981016591,44,0.000894049272716728,407550775
92,-0.826678573184468,0.361873432290372,0.4375,0.215253803122,0.889211931328878,0.5625,0.110788068671122,0.784746196878,33,0.0223456153340931,300879472
465,-0.929535958624176,0.293197735851267,0.394736842105263,0.222196542713831,0.701258321178802,0.605263157894737,0.298741678821198,0.777803457286169,49,0.00152261646449936,958799521
17,-0.583947888594954,0.333775126992807,0.557692307692308,0.289924389332553,1.07276490527473,0.442307692307692,-0.0727649052747348,0.710075610667447,42,0.0802003321858082,145568486
692,-0.916290731874155,0.285043856321028,0.4,0.228786408585168,0.699342242353696,0.6,0.300657757646304,0.771213591414832,52,0.00130644364042557,852837927
917,-0.624154309072994,0.323669437292729,0.535714285714286,0.284069955473602,1.01027859648127,0.464285714285714,-0.0102785964812682,0.715930044526398,44,0.0538091680933298,875826413
316,-0.693147180559946,0.353553390414729,0.5,0.250048821950307,0.999804750328651,0.5,0.000195249671349318,0.749951178049693,36,0.049935476112941,844099420
293,-0.664159643686693,0.295626382260642,0.514705882352941,0.288351024544922,0.918748756821039,0.485294117647059,0.0812512431789614,0.711648975455078,52,0.0246644308985335,387226660
841,-0.729514824730821,0.329341173413233,0.482142857142857,0.252836646891307,0.919414719155848,0.517857142857143,0.0805852808441516,0.747163353108693,41,0.0267550368829955,155960409
966,0.133531392624523,0.417261479348584,1.14285714285714,0.504450238651893,2.58919978404632,-0.142857142857144,-1.58919978404632,0.495549761348107,39,0.748954306655057,163722711
492,-0.361790044605503,0.311559941064931,0.696428571428571,0.378160599149225,1.28255761227692,0.303571428571429,-0.282557612276924,0.621839400850775,53,0.245551908529082,45249680
942,-0.59783700075562,0.31139957746839,0.55,0.298743791544113,1.01257334398976,0.45,-0.0125733439897551,0.701256208455887,48,0.0548782603276288,828053810
217,-0.693147180559946,0.273861278614283,0.5,0.292320223025164,0.855226495836651,0.5,0.144773504163349,0.707679776974836,60,0.0113732775735928,919717856
991,-0.826678573184468,0.31339158531813,0.4375,0.236711117822515,0.808606928819945,0.5625,0.191393071180055,0.763288882177485,44,0.00834345928046094,416948817
792,-0.344840486291729,0.335775368078437,0.708333333333334,0.366796487532198,1.36788690231683,0.291666666666666,-0.367886902316828,0.633203512467802,46,0.304421609426377,662179445
517,-0.662375521893192,0.30463589775676,0.515625,0.28380982088778,0.936786259874093,0.484375,0.0632137401259065,0.71619017911222,49,0.0296812107884669,290549101
741,-0.667171694156685,0.27977241555272,0.513157894736842,0.296557084127243,0.887960662635061,0.486842105263158,0.112039337364939,0.703442915872758,58,0.0170933172636245,278556993
567,-0.693147180559946,0.306186217693273,0.5,0.274374548749911,0.911163229749387,0.5,0.0888367702506129,0.725625451250089,48,0.0235858516265236,311425254
443,-0.798507696217772,0.322030594416355,0.45,0.239386455769012,0.845912519776789,0.55,0.154087480223211,0.760613544230988,42,0.0131529115834449,295937235
168,-0.569533224592769,0.275476664709012,0.565789473684211,0.329737773552077,0.970825165353092,0.434210526315789,0.0291748346469075,0.670262226447923,62,0.0386921147272359,963795127
418,0.0273989741881151,0.371669392938372,1.02777777777778,0.496059375810239,2.12943694243955,-0.0277777777777786,-1.12943694243955,0.503940624189761,46,0.941234240854444,968530434
392,-0.65232518603969,0.351188458232817,0.520833333333333,0.261677639602053,1.03664708044463,0.479166666666667,-0.0366470804446324,0.738322360397947,37,0.0632430362543265,188624477
142,-0.826678573184468,0.31339158531813,0.4375,0.236711117822515,0.808606928819944,0.5625,0.191393071180056,0.763288882177485,44,0.00834345928046087,649003842
368,-0.996829594358167,0.282625391922635,0.369047619047619,0.212085627269287,0.642175270801294,0.630952380952381,0.357824729198706,0.787914372730713,52,0.000420241515714629,655136356
267,-1.19705236148136,0.275951853238974,0.302083333333333,0.175887963916369,0.518820834842158,0.697916666666667,0.481179165157842,0.824112036083631,53,1.43848636138809e-05,340046456
616,-0.693147180559945,0.306186217693273,0.5,0.274374548749911,0.911163229749387,0.5,0.0888367702506127,0.725625451250089,48,0.0235858516265237,825638360
666,-0.619039208406224,0.335614902085615,0.538461538461538,0.278919427506232,1.03951464046329,0.461538461538462,-0.0395146404632887,0.721080572493768,41,0.065111381089264,628421013
192,-1.27296567581289,0.275162289805603,0.28,0.163282433991482,0.4801496283678,0.72,0.5198503716322,0.836717566008518,53,3.72371077983913e-06,564444111
868,-1.00063188030791,0.3143620992449,0.367647058823529,0.198538891135009,0.68079538013375,0.632352941176471,0.31920461986625,0.801461108864991,42,0.00145729883937455,753190185
118,-0.624154309072993,0.323669437292729,0.535714285714286,0.284069955473603,1.01027859648127,0.464285714285714,-0.0102785964812686,0.715930044526397,44,0.0538091680933299,617155435
43,-0.721318057526641,0.290046520678705,0.486111111111111,0.27532617537404,0.858269331002227,0.513888888888889,0.141730668997773,0.72467382462596,53,0.0128859910231451,815240368
642,-0.228841572428847,0.345659542303191,0.795454545454546,0.404007504274871,1.56617866546806,0.204545454545454,-0.566178665468058,0.595992495725129,46,0.507943493562248,769114933
592,-0.162518929497775,0.359738466601056,0.85,0.419961025730827,1.72039774105868,0.15,-0.720397741058676,0.580038974269173,44,0.651434919377078,230291914
767,-0.84267891453091,0.296333629717765,0.430555555555555,0.240873794679414,0.769606700747494,0.569444444444445,0.230393299252506,0.759126205320586,49,0.0044595387525677,967755214
892,-0.719815427642106,0.2822385622193,0.486842105263158,0.279992392831664,0.846505982037739,0.513157894736842,0.153494017962261,0.720007607168336,56,0.0107605732267929,566035800
93,-0.762140052046897,0.319970236768501,0.466666666666667,0.249257148069638,0.873707251584756,0.533333333333333,0.126292748415244,0.750742851930362,43,0.0172231434086226,348569270
541,-0.517256514096281,0.330425697058068,0.596153846153846,0.311960413229728,1.13924521577777,0.403846153846154,-0.13924521577777,0.688039586770272,44,0.117483384445156,782550246
718,-0.836248024200619,0.324234799434447,0.433333333333333,0.229526553734733,0.818109167424675,0.566666666666667,0.181890832575325,0.770473446265267,41,0.0099045677899184,726038338
343,-0.750305594399895,0.291491544117703,0.472222222222222,0.266703287131257,0.836112031310466,0.527777777777778,0.163887968689534,0.733296712868743,52,0.0100523933880834,523531431
18,-1.02165124753198,0.260341655902183,0.36,0.216122151102879,0.599660883156337,0.64,0.400339116843663,0.783877848897121,61,8.69927131938619e-05,555905827
68,-0.559615787935423,0.32043497201167,0.571428571428571,0.304934953459483,1.07082054234981,0.428571428571429,-0.0708205423498087,0.695065046540517,46,0.0807370520401323,290791338
918,-0.380772495517793,0.301756375895743,0.683333333333333,0.378248412085206,1.23449148634961,0.316666666666667,-0.234491486349607,0.621751587914794,56,0.207001320293523,936945772
317,-0.591364486250003,0.32200409285003,0.553571428571428,0.294498634930857,1.0405526212458,0.446428571428572,-0.0405526212457967,0.705501365069143,45,0.0662819204896871,335423096
493,-0.664159643686693,0.295626382260642,0.514705882352941,0.288351024544922,0.918748756821039,0.485294117647059,0.0812512431789615,0.711648975455078,52,0.0246644308985335,841674303
967,-0.887303195000903,0.307470023185012,0.411764705882353,0.225387673347943,0.752260185714046,0.588235294117647,0.247739814285954,0.774612326652057,45,0.00390395151201391,485443437
943,-0.260283098263666,0.332205298122554,0.770833333333333,0.401963689906881,1.47820323749995,0.229166666666667,-0.478203237499953,0.598036310093119,49,0.433333116916344,173979632
992,-1.06784063000136,0.268271685032386,0.34375,0.203183966636937,0.581561943374911,0.65625,0.418438056625089,0.796816033363063,57,6.87864409155894e-05,810604420
518,-0.454736157114947,0.327453976988377,0.634615384615384,0.334026763623456,1.20570184862352,0.365384615384616,-0.205701848623521,0.665973236376544,46,0.16492323308963,194055356
793,0.133531392624523,0.417261479348584,1.14285714285714,0.504450238651893,2.58919978404631,-0.142857142857143,-1.58919978404631,0.495549761348107,39,0.748954306655058,331735879
818,-0.798507696217772,0.322030594416355,0.45,0.239386455769012,0.845912519776789,0.55,0.154087480223211,0.760613544230988,42,0.0131529115834449,188941646
444,-0.441832752279039,0.314970393902636,0.642857142857143,0.346745783289945,1.19183945714167,0.357142857142857,-0.191839457141665,0.653254216710055,50,0.160683794593862,176004754
568,-0.503905180921417,0.343243487590825,0.604166666666667,0.308309831708937,1.1839303310175,0.395833333333333,-0.183930331017498,0.691690168291063,41,0.142085435807819,290226516
742,-0.818310323513951,0.303573488264536,0.441176470588235,0.243338104254753,0.799861077231561,0.558823529411765,0.200138922768439,0.756661895745247,47,0.00702636317869651,182468183
419,-0.503905180921417,0.343243487590825,0.604166666666667,0.308309831708937,1.1839303310175,0.395833333333333,-0.183930331017498,0.691690168291063,41,0.142085435807819,745406166
466,-0.287682072451781,0.348155311519353,0.75,0.379062589378298,1.48392380509656,0.25,-0.483923805096563,0.620937410621702,44,0.408631753099425,597050964
243,-0.567984037605939,0.309965209730743,0.566666666666667,0.30866316266103,1.04032858454104,0.433333333333333,-0.040328584541043,0.69133683733897,49,0.0668900290431664,124364281
143,-0.591364486250003,0.32200409285003,0.553571428571428,0.294498634930857,1.0405526212458,0.446428571428572,-0.0405526212457967,0.705501365069143,45,0.0662819204896871,779782366
369,-0.624154309072994,0.323669437292729,0.535714285714286,0.284069955473602,1.01027859648127,0.464285714285714,-0.0102785964812684,0.715930044526398,44,0.0538091680933299,608443957
294,-1.21194097397511,0.296005147995985,0.297619047619048,0.166609854008962,0.531643809620673,0.702380952380952,0.468356190379327,0.833390145991038,46,4.23401938378383e-05,655455168
693,-0.336472236621213,0.310529501381407,0.714285714285714,0.388641141927947,1.31278968330955,0.285714285714286,-0.312789683309553,0.611358858072053,54,0.278567233886636,396891405
842,-1.23969088692802,0.313187043832701,0.289473684210526,0.156683690941673,0.534803675780201,0.710526315789474,0.465196324219799,0.843316309058327,41,7.54824757440873e-05,146953858
268,-1.04982212449868,0.292770021926844,0.35,0.197179494945165,0.62126135394589,0.65,0.37873864605411,0.802820505054835,48,0.00033601397518057,502213678
617,-1.01856958099457,0.306622070381559,0.361111111111111,0.19799018983409,0.658624726190593,0.638888888888889,0.341375273809407,0.80200981016591,44,0.000894049272716724,205243295
218,-0.311779624030841,0.30954614377106,0.732142857142857,0.399125682732559,1.34301846875758,0.267857142857143,-0.343018468757582,0.60087431726744,55,0.313831303569884,444449885
193,-0.965080896043587,0.280836336045846,0.380952380952381,0.21969611120116,0.660570256614182,0.619047619047619,0.339429743385818,0.78030388879884,53,0.00058938439851265,134456689
869,-0.528844129268669,0.318953917648498,0.589285714285714,0.315378327675813,1.10108280305862,0.410714285714286,-0.101082803058623,0.684621672324187,47,0.0973057383190643,567777441
667,-0.916290731874155,0.285043856321028,0.4,0.228786408585168,0.699342242353696,0.6,0.300657757646304,0.771213591414832,52,0.00130644364042558,70419223
169,-0.350202429433115,0.350951784687225,0.704545454545455,0.354142718415256,1.40165044121737,0.295454545454545,-0.401650441217366,0.645857281584744,42,0.318344926958137,855579425
393,-0.451985123743057,0.355841785642158,0.636363636363636,0.316819772499663,1.27819887783797,0.363636363636364,-0.278198877837972,0.683180227500337,39,0.20401851404465,827148855
593,-0.8754687373539,0.298142397049811,0.416666666666667,0.232278755131733,0.747425699834882,0.583333333333333,0.252574300165118,0.767721244868267,48,0.00332033640205507,938745106
44,-0.456758402495715,0.304930247735992,0.633333333333333,0.348397675534745,1.15130248930466,0.366666666666667,-0.151302489304665,0.651602324465255,53,0.134156349633604,106021509
768,-0.350202429433115,0.350951784687225,0.704545454545455,0.354142718415256,1.40165044121737,0.295454545454545,-0.401650441217366,0.645857281584744,42,0.318344926958137,538595059
719,-0.591364486250003,0.32200409285003,0.553571428571428,0.294498634930857,1.0405526212458,0.446428571428572,-0.0405526212457972,0.705501365069143,45,0.0662819204896873,278259716
94,-0.246860077931526,0.406201919743734,0.78125,0.352395480090146,1.73200735248893,0.21875,-0.732007352488932,0.647604519909854,33,0.543368219638457,742972291
893,-0.287682072451781,0.333333332957981,0.75,0.390236076007615,1.44143515831433,0.25,-0.441435158314329,0.609763923992385,48,0.388112055987272,478749513
542,-0.233614851181505,0.331133088860109,0.791666666666667,0.413696039287408,1.51496763708607,0.208333333333333,-0.514967637086071,0.586303960712592,50,0.480498273399405,507254524
344,-0.287682072451781,0.333333332957981,0.75,0.390236076007616,1.44143515831433,0.25,-0.44143515831433,0.609763923992384,48,0.388112055987274,58214200
69,-0.538996500732687,0.345032779424883,0.583333333333333,0.296636343849526,1.14712099455484,0.416666666666667,-0.147120994554835,0.703363656150474,40,0.118250236911943,854400113
919,0.117783035656384,0.39086797920505,1.125,0.522931851589528,2.42024844375601,-0.125,-1.42024844375601,0.477068148410472,44,0.763157429127694,46031360
119,-0.727048732235627,0.318039974412539,0.483333333333333,0.259137718296139,0.90149404975521,0.516666666666667,0.0985059502447901,0.740862281703861,44,0.0222525385846259,152220897
944,-0.613104472886409,0.34899122001345,0.541666666666667,0.273319265873331,1.07348004481233,0.458333333333333,-0.0734800448123341,0.726680734126669,38,0.0789535186132349,882468205
643,-0.2578291093021,0.3468729671375,0.772727272727273,0.391532155782818,1.52505338117808,0.227272727272727,-0.525053381178077,0.608467844217182,45,0.45730280631576,874836454
993,-0.90078654533819,0.317744454703275,0.40625,0.217935913791776,0.757282540672411,0.59375,0.242717459327589,0.782064086208224,42,0.00458342564382361,295779080
819,-1.18562366565774,0.317820863121378,0.305555555555556,0.163893064279211,0.569665336001087,0.694444444444444,0.430334663998913,0.836106935720789,40,0.000191117004313104,185248911
519,-0.470003629245735,0.374165738371263,0.625,0.300185398351096,1.30127914997093,0.375,-0.301279149970932,0.699814601648904,35,0.209066108469407,800080163
794,-0.581921545449721,0.291786426645208,0.558823529411765,0.315431911137252,0.99001948121964,0.441176470588235,0.00998051878035955,0.684568088862748,55,0.0461148345986299,447263907
445,-0.948039430188735,0.286806667534349,0.3875,0.220872389109542,0.679832597480211,0.6125,0.320167402519789,0.779127610890458,51,0.000948071150739091,545013039
569,-1.034896474282,0.299447184008605,0.355263157894737,0.197542373119828,0.638910575812419,0.644736842105263,0.361089424187581,0.802457626880173,46,0.000548207732610359,469436233
743,-0.78552050069096,0.301797272950154,0.455882352941177,0.252326275140616,0.823650726058413,0.544117647058823,0.176349273941587,0.747673724859384,48,0.00924635908264278,757569397
467,-0.806475865866949,0.333809184216891,0.446428571428571,0.232066840167234,0.858797703472563,0.553571428571429,0.141202296527437,0.767933159832766,39,0.0156929810074839,736123668
19,-0.723000143709626,0.298540717067938,0.485294117647059,0.270325309000301,0.871210992022116,0.514705882352941,0.128789007977884,0.729674690999699,50,0.0154446682775018,457897877
244,-0.727048732235626,0.318039974412539,0.483333333333333,0.259137718296139,0.901494049755211,0.516666666666667,0.0985059502447895,0.740862281703861,44,0.0222525385846261,644252841
318,-0.732367893713226,0.341940165768369,0.480769230769231,0.245966900359472,0.939716087476146,0.519230769230769,0.060283912523854,0.754033099640528,38,0.0322094742777603,727001689
295,-0.660357357736954,0.314523021533651,0.516666666666667,0.278925334222435,0.957046247479132,0.483333333333333,0.0429537525208675,0.721074665777565,46,0.0357682916936383,697490307
370,-0.909370289029581,0.300063850214606,0.402777777777778,0.223692121866182,0.725237602997279,0.597222222222222,0.274762397002721,0.776307878133818,47,0.00244077011391653,338050042
144,-0.146603474191875,0.342381191152654,0.863636363636364,0.441464231606006,1.68953159779592,0.136363636363636,-0.689531597795917,0.558535768393994,49,0.668514344231211,461702284
694,-0.826678573184468,0.280305955339105,0.4375,0.252569669301033,0.757835453994543,0.5625,0.242164546005457,0.747430330698967,55,0.00318596805244629,197621326
494,-0.325422400434628,0.38674623366753,0.722222222222222,0.33843233961451,1.541238461034,0.277777777777778,-0.541238461034005,0.66156766038549,35,0.400103440154414,760730161
968,-0.887303195000903,0.307470023185012,0.411764705882353,0.225387673347943,0.752260185714047,0.588235294117647,0.247739814285953,0.774612326652057,45,0.00390395151201394,296311931
843,-0.632522558743511,0.303169531118646,0.53125,0.293251721529941,0.962403770479433,0.46875,0.0375962295205665,0.706748278470059,50,0.0369454952614893,1465248
219,-0.780158557549575,0.358870281346379,0.458333333333333,0.226835229996496,0.926088264365679,0.541666666666667,0.0739117356343211,0.773164770003504,34,0.0297104581774703,653466963
170,-0.336472236621213,0.43915503237054,0.714285714285715,0.302038651802139,1.68920129456438,0.285714285714285,-0.689201294564381,0.697961348197861,27,0.443568619103013,516755362
394,-0.228841572428847,0.345659542303191,0.795454545454546,0.404007504274871,1.56617866546806,0.204545454545454,-0.566178665468058,0.595992495725129,46,0.507943493562248,137937222
769,-0.613104472886409,0.284950137914778,0.541666666666667,0.309871841781773,0.946852014983687,0.458333333333333,0.0531479850163129,0.690128158218227,57,0.0314272797958067,571466777
420,-0.510825623765991,0.376386326070132,0.6,0.2869264788952,1.25467681263216,0.4,-0.254676812632164,0.7130735211048,34,0.174722648478204,389566701
345,-0.923670839171778,0.309613576058494,0.397058823529412,0.216426929331258,0.728447748298718,0.602941176470588,0.271552251701282,0.783573070668742,44,0.0028515635640642,765362139
269,-0.624154309072993,0.323669437292729,0.535714285714286,0.284069955473603,1.01027859648127,0.464285714285714,-0.0102785964812686,0.715930044526397,44,0.0538091680933299,138008250
120,-0.374693449441411,0.337099930903537,0.6875,0.355085322539508,1.331106131393,0.3125,-0.331106131392997,0.644914677460491,45,0.266344414852372,491663475
618,-0.885519073207401,0.283377893156271,0.4125,0.236707627698422,0.718845656367221,0.5875,0.281154343632779,0.763292372301578,53,0.00177883662559595,431115783
870,-0.836248024200619,0.324234799434447,0.433333333333333,0.229526553734733,0.818109167424675,0.566666666666667,0.181890832575325,0.770473446265267,41,0.00990456778991838,327972949
644,-0.575364144903562,0.346944333014847,0.5625,0.284972514916659,1.11030444494808,0.4375,-0.110304444948083,0.715027485083341,39,0.0972416036727185,961067686
194,-0.488352767913932,0.357695579709943,0.613636363636363,0.304396782941251,1.23703536922574,0.386363636363637,-0.237035369225745,0.695603217058749,38,0.172166690246863,458086462
945,-1.22377543162212,0.329884115164015,0.294117647058823,0.15407182080586,0.561460167465798,0.705882352941177,0.438539832534202,0.84592817919414,37,0.000207494225861332,490951279
820,-0.887303195000903,0.307470023185012,0.411764705882353,0.225387673347943,0.752260185714046,0.588235294117647,0.247739814285954,0.774612326652057,45,0.00390395151201394,76985494
994,-0.662375521893192,0.30463589775676,0.515625,0.28380982088778,0.936786259874093,0.484375,0.0632137401259065,0.71619017911222,49,0.0296812107884669,46939685
795,-0.719815427642107,0.2822385622193,0.486842105263158,0.279992392831664,0.846505982037739,0.513157894736842,0.153494017962261,0.720007607168336,56,0.0107605732267928,786937187
520,-1.00063188030791,0.3143620992449,0.367647058823529,0.198538891135009,0.68079538013375,0.632352941176471,0.31920461986625,0.801461108864991,42,0.00145729883937455,575183101
45,-0.998528830111127,0.297230322626125,0.368421052631579,0.205750798692888,0.659701312871999,0.631578947368421,0.340298687128001,0.794249201307112,47,0.000780992820566332,385816774
95,-0.810930216216329,0.294627825545782,0.444444444444444,0.249476603152045,0.791781119759532,0.555555555555556,0.208218880240468,0.750523396847955,50,0.00591623030191684,924646233
570,-0.262364264467491,0.319253937617145,0.769230769230769,0.411440655587284,1.438156313179,0.230769230769231,-0.438156313179005,0.588559344412716,53,0.411188275820193,998305156
446,-0.567984037605939,0.309965209730743,0.566666666666667,0.30866316266103,1.04032858454104,0.433333333333333,-0.040328584541043,0.69133683733897,49,0.0668900290431664,767994441
668,-0.887303195000903,0.307470023185012,0.411764705882353,0.225387673347943,0.752260185714046,0.588235294117647,0.247739814285954,0.774612326652057,45,0.00390395151201392,234110794
720,-0.723000143709626,0.298540717067938,0.485294117647059,0.270325309000301,0.871210992022116,0.514705882352941,0.128789007977884,0.729674690999699,50,0.0154446682775018,233552647
594,-0.603535021870259,0.301780430873318,0.546875,0.302699777616539,0.988016139225135,0.453125,0.0119838607748646,0.697300222383461,51,0.045509510614962,844096853
468,-0.361790044605503,0.311559941064931,0.696428571428571,0.378160599149225,1.28255761227692,0.303571428571429,-0.282557612276924,0.621839400850775,53,0.245551908529082,637121860
20,-0.852211875189632,0.305460779911516,0.426470588235294,0.234358331784545,0.7760644191518,0.573529411764706,0.2239355808482,0.765641668215455,46,0.00527206743141979,453503997
296,-0.287682072451781,0.38490017902633,0.75,0.352722884184202,1.5947363361495,0.25,-0.594736336149504,0.647277115815798,36,0.454810106861938,218061515
70,-0.182321556793955,0.329140293865766,0.833333333333333,0.437173700608812,1.58848632357654,0.166666666666667,-0.588486323576542,0.562826299391188,52,0.579624935938244,810124240
319,-0.483426649577877,0.306094255980541,0.616666666666666,0.338456275209939,1.12356545182061,0.383333333333334,-0.123565451820614,0.661543724790061,52,0.114258280866954,607676509
371,-0.470003629245735,0.341565025252529,0.625,0.319992162038123,1.22073302518411,0.375,-0.220733025184106,0.680007837961877,42,0.168812429304268,853464050
920,-0.958850346292951,0.331880893651288,0.383333333333333,0.200022594761743,0.734639227230689,0.616666666666667,0.265360772769311,0.799977405238257,38,0.00386297115469421,744858036
695,-0.693147180559945,0.339683110071839,0.5,0.256939702443449,0.972990929866215,0.5,0.027009070133785,0.743060297556551,39,0.0412935817560853,322437617
245,-0.0870113769896299,0.376050715972945,0.916666666666667,0.438648339164863,1.91560688313005,0.0833333333333334,-0.915606883130052,0.561351660835137,42,0.817018026579,392175390
543,-0.287682072451781,0.333333332957981,0.75,0.390236076007615,1.44143515831433,0.25,-0.441435158314329,0.609763923992385,48,0.388112055987272,334923931
894,-0.382992252256105,0.352480388112681,0.681818181818182,0.341693508324524,1.360505897046,0.318181818181818,-0.360505897045999,0.658306491675476,41,0.277229853525525,213435832
969,-0.664159643686693,0.295626382260642,0.514705882352941,0.288351024544922,0.918748756821039,0.485294117647059,0.0812512431789615,0.711648975455078,52,0.0246644308985335,210064390
495,-0.437213806422745,0.339987349247458,0.645833333333333,0.331682608390754,1.25752958971264,0.354166666666667,-0.257529589712645,0.668317391609246,43,0.198453249610698,957493766
844,-0.980829253011726,0.288675134639246,0.375,0.212966134230444,0.660316254075561,0.625,0.339683745924439,0.787033865769556,50,0.000679568331275136,618309945
220,-0.624154309072994,0.323669437292729,0.535714285714286,0.284069955473602,1.01027859648127,0.464285714285714,-0.0102785964812679,0.715930044526398,44,0.0538091680933298,848645374
171,-0.565313809050061,0.361813613248808,0.568181818181818,0.279583170959859,1.15468530313917,0.431818181818182,-0.154685303139174,0.720416829040141,36,0.11818323336977,733604623
395,-0.996829594358167,0.282625391922635,0.369047619047619,0.212085627269287,0.642175270801294,0.630952380952381,0.357824729198706,0.787914372730713,52,0.000420241515714629,315401327
744,-0.287682072451781,0.348155311519352,0.75,0.379062589378298,1.48392380509656,0.25,-0.483923805096563,0.620937410621702,44,0.408631753099425,206259973
421,-0.575364144903562,0.346944333014847,0.5625,0.284972514916659,1.11030444494808,0.4375,-0.110304444948084,0.715027485083341,39,0.0972416036727185,402839380
145,-0.747214401830221,0.283565436459088,0.473684210526316,0.27171747576244,0.825772176310477,0.526315789473684,0.174227823689523,0.72828252423756,55,0.00841202591371303,487921866
770,-0.315852949418478,0.334521690872323,0.729166666666666,0.378513546957637,1.40466314099263,0.270833333333334,-0.404663140992634,0.621486453042363,47,0.345071168283661,31825711
270,-1.17498526745268,0.326255386250749,0.308823529411765,0.162930088634094,0.585355185882973,0.691176470588235,0.414644814117027,0.837069911365906,38,0.000316474132061743,414404795
121,-0.887303195000903,0.307470023185012,0.411764705882353,0.225387673347943,0.752260185714046,0.588235294117647,0.247739814285954,0.774612326652057,45,0.00390395151201392,372666489
619,-0.182321556793954,0.380058474529105,0.833333333333334,0.395651114957792,1.75519395293131,0.166666666666666,-0.755193952931306,0.604348885042208,39,0.631426681653514,564292421
871,-0.887303195000903,0.307470023185012,0.411764705882353,0.225387673347943,0.752260185714046,0.588235294117647,0.247739814285954,0.774612326652057,45,0.0039039515120139,71623718
645,-0.78845736036427,0.37537859683113,0.454545454545454,0.217798296323404,0.948637219554469,0.545454545454546,0.0513627804455309,0.782201703676596,31,0.0356908229428323,309148111
821,-0.826678573184468,0.31339158531813,0.4375,0.236711117822515,0.808606928819945,0.5625,0.191393071180055,0.763288882177485,44,0.00834345928046091,896633907
195,-0.470003629245735,0.31622776575811,0.625,0.33628419399996,1.16159191234556,0.375,-0.161591912345564,0.66371580600004,49,0.137204551555182,140969054
96,-1.16315080980568,0.300000000038325,0.3125,0.173575953120297,0.56261393496321,0.6875,0.43738606503679,0.826424046879703,45,0.000105678796091778,83178252
447,-1.07263680226485,0.301816363762181,0.342105263157895,0.189344720891596,0.618110769232052,0.657894736842105,0.381889230767948,0.810655279108404,45,0.00037950791412661,613457648
46,-0.948039430188735,0.286806667534349,0.3875,0.220872389109542,0.679832597480212,0.6125,0.320167402519788,0.779127610890458,51,0.000948071150739092,407502966
721,-0.144581228811107,0.314873464851127,0.865384615384616,0.466861854613712,1.60409449849789,0.134615384615384,-0.604094498497893,0.533138145386288,58,0.64611031340865,955377314
595,-0.2578291093021,0.3468729671375,0.772727272727273,0.391532155782818,1.52505338117808,0.227272727272727,-0.525053381178078,0.608467844217182,45,0.45730280631576,164618999
669,-0.81989888619909,0.273214338335251,0.44047619047619,0.25784693394684,0.75245910977719,0.55952380952381,0.24754089022281,0.74215306605316,58,0.00269150666911395,246616341
571,-0.182321556793955,0.380058474529105,0.833333333333333,0.395651114957792,1.7551939529313,0.166666666666667,-0.755193952931305,0.604348885042208,39,0.631426681653513,978699635
21,-1.26851132546351,0.343592135506444,0.28125,0.143425500850564,0.55151672492618,0.71875,0.44848327507382,0.856574499149436,34,0.000222576017868111,760460287
320,-0.934309237376833,0.341881729433606,0.392857142857143,0.201013117061688,0.767794345711848,0.607142857142857,0.232205654288152,0.798986882938312,36,0.0062790173224828,263479361
921,-1.16315080980568,0.300000000038325,0.3125,0.173575953120297,0.56261393496321,0.6875,0.43738606503679,0.826424046879703,45,0.000105678796091778,391727316
346,-0.767255152713667,0.331496772125207,0.464285714285714,0.24244585131848,0.889110798627906,0.535714285714286,0.110889201372094,0.75755414868152,40,0.0206393404747705,733656140
71,-0.904456274227152,0.277544252958241,0.404761904761905,0.234938144555759,0.697341846536981,0.595238095238095,0.302658153463019,0.765061855444241,55,0.0011189152816667,623279497
544,-0.693147180559946,0.306186217693273,0.5,0.274374548749911,0.911163229749387,0.5,0.0888367702506132,0.725625451250089,48,0.0235858516265235,429899415
372,-0.318453731118535,0.349512647335515,0.727272727272727,0.366599271030973,1.44278961152114,0.272727272727273,-0.44278961152114,0.633400728969027,43,0.36222345543502,349218084
696,-0.538996500732687,0.308606699703892,0.583333333333333,0.318588646561899,1.06807879517974,0.416666666666667,-0.0680787951797437,0.681411353438101,50,0.080715725261233,404955053
895,-0.613104472886409,0.284950137914778,0.541666666666667,0.309871841781773,0.946852014983687,0.458333333333333,0.0531479850163129,0.690128158218227,57,0.0314272797958067,675871586
970,-0.767255152713667,0.331496772125207,0.464285714285714,0.24244585131848,0.889110798627906,0.535714285714286,0.110889201372094,0.75755414868152,40,0.0206393404747705,636987120
946,-0.521296923633286,0.298019780119112,0.59375,0.331076782453607,1.06482568752583,0.40625,-0.0648256875258264,0.668923217546393,54,0.0802560341692459,810480637
995,-0.847297860387204,0.336296354624584,0.428571428571428,0.221700788982126,0.828474586089829,0.571428571428572,0.171525413910171,0.778299211017874,38,0.0117522439542884,701402782
521,-0.693147180559946,0.353553390414729,0.5,0.250048821950307,0.999804750328651,0.5,0.000195249671349318,0.749951178049693,36,0.049935476112941,206276649
396,-0.693147180559946,0.297044262742995,0.5,0.279335073534497,0.894982491230647,0.5,0.105017508769353,0.720664926465503,51,0.019622907812021,296645025
469,-0.340325805937203,0.322412939776749,0.711538461538462,0.378233497412499,1.33855670032411,0.288461538461538,-0.338556700324108,0.621766502587501,50,0.29116984627116,547695069
297,-1.22377543162212,0.329884115164015,0.294117647058823,0.15407182080586,0.561460167465798,0.705882352941177,0.438539832534202,0.84592817919414,37,0.000207494225861332,832199730
796,-0.157628944203583,0.328212700758938,0.854166666666667,0.448918457457128,1.62524102612583,0.145833333333333,-0.625241026125825,0.551081542542872,53,0.63103925119235,952784155
422,-0.550046336919272,0.3320488068079,0.576923076923077,0.300938293759044,1.10600825348232,0.423076923076923,-0.106008253482321,0.699061706240956,43,0.097616041842201,636178753
745,-0.416893803931787,0.354107115578491,0.659090909090909,0.329252285405853,1.31935553890178,0.340909090909091,-0.319355538901775,0.670747714594147,40,0.239071846935699,355425691
146,-0.834225778819851,0.287983696203288,0.43421052631579,0.246926773094522,0.763541266913424,0.56578947368421,0.236458733086576,0.753073226905478,52,0.00377012505651246,235570123
246,-0.367724780125318,0.323575114145965,0.692307692307692,0.367173661722032,1.30534945938265,0.307692307692308,-0.30534945938265,0.632826338277968,49,0.255771070303751,693591426
496,-0.732367893713227,0.341940165768369,0.48076923076923,0.245966900359472,0.939716087476145,0.51923076923077,0.0602839125238549,0.754033099640528,38,0.0322094742777601,447610800
620,-1.33500106673234,0.320361637790973,0.263157894736842,0.140450756550144,0.49307016397311,0.736842105263158,0.50692983602689,0.859549243449856,39,3.084059377337e-05,941602625
845,-0.963437510299857,0.295151380812077,0.381578947368421,0.21396911716684,0.680483683826486,0.618421052631579,0.319516316173514,0.78603088283316,48,0.0010976790583613,648570822
872,-0.321583624127462,0.366718909158199,0.725,0.353334712048621,1.48761211982951,0.275,-0.487612119829514,0.646665287951379,39,0.380529383716463,83778345
172,-0.624154309072994,0.323669437292729,0.535714285714286,0.284069955473602,1.01027859648127,0.464285714285714,-0.0102785964812677,0.715930044526398,44,0.0538091680933297,899326483
196,-1.02338886743052,0.325543024654135,0.359375,0.189865097687473,0.680221863828748,0.640625,0.319778136171252,0.810134902312527,39,0.00166862690503966,196168222
646,-0.632522558743511,0.303169531118646,0.53125,0.293251721529941,0.962403770479433,0.46875,0.037596229520567,0.706748278470059,50,0.0369454952614892,842635947
221,-0.470003629245736,0.31622776575811,0.625,0.33628419399996,1.16159191234556,0.375,-0.161591912345564,0.66371580600004,49,0.137204551555182,336296298
722,-0.693147180559945,0.339683110071839,0.5,0.256939702443449,0.972990929866215,0.5,0.0270090701337847,0.743060297556551,39,0.0412935817560855,603588139
448,-0.732367893713227,0.341940165768369,0.480769230769231,0.245966900359472,0.939716087476145,0.519230769230769,0.0602839125238547,0.754033099640528,38,0.0322094742777602,681618004
47,-1.44036158239017,0.328918127383156,0.236842105263158,0.124303482256342,0.451267991911969,0.763157894736842,0.548732008088031,0.875696517743658,37,1.19176741294698e-05,241819341
596,-0.852211875189632,0.305460779911516,0.426470588235294,0.234358331784545,0.7760644191518,0.573529411764706,0.2239355808482,0.765641668215455,46,0.00527206743141978,596898121
271,-0.693147180559946,0.369274472751515,0.5,0.242461620390027,1.03109102214959,0.5,-0.0310910221495946,0.757538379609973,33,0.0605110440748869,42800143
22,-0.693147180559946,0.316227765857143,0.5,0.269027355147749,0.929273530056824,0.5,0.0707264699431763,0.730972644852251,45,0.0283850059591,800818630
347,-0.8754687373539,0.298142397049811,0.416666666666667,0.232278755131733,0.747425699834883,0.583333333333333,0.252574300165117,0.767721244868267,48,0.00332033640205508,51106931
72,-0.207639364778245,0.33011264546541,0.8125,0.425432806191942,1.5517285935447,0.1875,-0.551728593544704,0.574567193808058,51,0.529352009631092,212199295
321,-0.405465108108164,0.302765035130663,0.666666666666667,0.368294027249564,1.20676527871922,0.333333333333333,-0.20676527871922,0.631705972750436,55,0.180503236515343,473394557
771,-0.940007258491471,0.320156211922627,0.390625,0.20856554903584,0.731606400627456,0.609375,0.268393599372544,0.79143445096416,41,0.00332378522577713,194409631
922,-0.454736157114948,0.327453976988377,0.634615384615384,0.334026763623456,1.20570184862352,0.365384615384616,-0.205701848623521,0.665973236376544,46,0.16492323308963,347343313
697,-0.863046217355343,0.315494908153212,0.421875,0.227318110503964,0.782949124600858,0.578125,0.217050875399142,0.772681889496036,43,0.00622796503890627,709036888
122,-0.934309237376833,0.341881729433606,0.392857142857143,0.201013117061688,0.767794345711849,0.607142857142857,0.232205654288151,0.798986882938312,36,0.00627901732248282,136810995
545,-1.23969088692802,0.313187043832701,0.289473684210526,0.156683690941673,0.534803675780201,0.710526315789474,0.465196324219799,0.843316309058327,41,7.54824757440871e-05,137837908
822,-0.944461608840851,0.30210898910626,0.388888888888889,0.21511460488529,0.703041841263548,0.611111111111111,0.296958158736452,0.78488539511471,46,0.00177064159941122,320209718
97,-0.470003629245735,0.31622776575811,0.625,0.33628419399996,1.16159191234556,0.375,-0.161591912345564,0.66371580600004,49,0.137204551555182,694636290
971,-1.21924027645672,0.289682729785677,0.295454545454546,0.167460463601252,0.521277599216557,0.704545454545454,0.478722400783443,0.832539536398748,48,2.56637952781113e-05,949198611
947,-0.923670839171778,0.309613576058494,0.397058823529412,0.216426929331258,0.728447748298718,0.602941176470588,0.271552251701282,0.783573070668742,44,0.0028515635640642,314271791
996,-1.07263680226485,0.301816363762181,0.342105263157895,0.189344720891596,0.618110769232052,0.657894736842105,0.381889230767948,0.810655279108404,45,0.00037950791412661,226033967
572,-0.162518929497774,0.359738466601056,0.85,0.419961025730828,1.72039774105868,0.15,-0.720397741058677,0.580038974269172,44,0.651434919377079,224157613
522,-0.575364144903562,0.300462606089906,0.5625,0.312153560382466,1.01362371011346,0.4375,-0.0136237101134558,0.687846439617534,52,0.0555017341376714,350445638
298,-0.395895657092013,0.324799176871911,0.673076923076923,0.356118995852506,1.2721381045518,0.326923076923077,-0.272138104551804,0.643881004147494,48,0.222884556763601,92718167
797,-0.550046336919272,0.3320488068079,0.576923076923077,0.300938293759044,1.10600825348232,0.423076923076923,-0.106008253482321,0.699061706240956,43,0.097616041842201,530022663
470,-0.658055860748675,0.325440209459211,0.517857142857143,0.273649565165655,0.979997977507555,0.482142857142857,0.0200020224924452,0.726350434834345,43,0.0431713500844891,482166953
670,-1.32566973930346,0.348315273045332,0.265625,0.134209250014455,0.52572114528172,0.734375,0.47427885471828,0.865790749985545,33,0.000141262189417185,969754719
423,-0.547965170715448,0.299210673107685,0.578125,0.32161268025645,1.0392267971477,0.421875,-0.0392267971477045,0.67838731974355,53,0.067045475360286,673120091
896,-0.84267891453091,0.296333629717765,0.430555555555555,0.240873794679414,0.769606700747494,0.569444444444445,0.230393299252506,0.759126205320586,49,0.0044595387525677,1325778
147,-0.451985123743057,0.355841785642158,0.636363636363636,0.316819772499663,1.27819887783797,0.363636363636364,-0.278198877837972,0.683180227500337,39,0.20401851404465,209812456
373,-0.980829253011726,0.304290309771929,0.375,0.206546997637897,0.680837783207739,0.625,0.319162216792261,0.793453002362103,45,0.00126707785998329,552865610
247,-0.961411167154625,0.311905543239857,0.382352941176471,0.207476997996875,0.704626406964399,0.617647058823529,0.295373593035601,0.792523002003125,43,0.00205353041211635,196282489
497,-0.340325805937203,0.322412939776749,0.711538461538461,0.378233497412498,1.33855670032411,0.288461538461539,-0.338556700324107,0.621766502587502,50,0.291169846271159,878014239
846,-0.405465108108164,0.338501599881137,0.666666666666667,0.343380522195083,1.29432048621542,0.333333333333333,-0.294320486215422,0.656619477804917,44,0.230985808990522,496152502
173,-0.940007258491471,0.320156211922627,0.390625,0.20856554903584,0.731606400627455,0.609375,0.268393599372545,0.79143445096416,41,0.00332378522577712,198874805
873,-0.826678573184468,0.361873432290372,0.4375,0.215253803122,0.889211931328878,0.5625,0.110788068671122,0.784746196878,33,0.0223456153340931,436365629
222,-0.547965170715448,0.299210673107685,0.578125,0.32161268025645,1.0392267971477,0.421875,-0.0392267971477045,0.67838731974355,53,0.067045475360286,448034167
723,-0.437213806422745,0.339987349247458,0.645833333333333,0.331682608390754,1.25752958971264,0.354166666666667,-0.257529589712644,0.668317391609246,43,0.198453249610697,772541924
397,-1.02961941718116,0.284521319018846,0.357142857142857,0.20448289392389,0.623773548782219,0.642857142857143,0.376226451217781,0.795517106076109,51,0.000295997709021013,62740889
746,-0.693147180559945,0.316227765857143,0.5,0.269027355147749,0.929273530056824,0.5,0.070726469943176,0.730972644852251,45,0.0283850059591001,372470170
272,-0.521296923633286,0.298019780119112,0.59375,0.331076782453607,1.06482568752583,0.40625,-0.0648256875258262,0.668923217546393,54,0.080256034169246,448870226
597,-0.492476485097794,0.395683783241534,0.611111111111111,0.28139315778143,1.32717082770554,0.388888888888889,-0.327170827705545,0.71860684221857,31,0.21327096808275,609049202
772,-0.965080896043587,0.280836336045846,0.380952380952381,0.219696111201159,0.660570256614183,0.619047619047619,0.339429743385817,0.780303888798841,53,0.000589384398512659,761494433
698,-0.344840486291729,0.335775368078437,0.708333333333334,0.366796487532198,1.36788690231683,0.291666666666666,-0.367886902316828,0.633203512467802,46,0.304421609426378,221078090
322,-1.04334960999306,0.278769815427109,0.352272727272727,0.2039810037784,0.60837074081163,0.647727272727273,0.39162925918837,0.7960189962216,53,0.000182059192885654,869667168
123,-0.65232518603969,0.351188458232817,0.520833333333333,0.261677639602053,1.03664708044463,0.479166666666667,-0.0366470804446324,0.738322360397947,37,0.0632430362543265,433252822
73,-0.51082562376599,0.376386326070132,0.6,0.2869264788952,1.25467681263216,0.4,-0.254676812632165,0.7130735211048,34,0.174722648478204,442912278
823,-1.07263680226485,0.301816363762181,0.342105263157895,0.189344720891596,0.618110769232052,0.657894736842105,0.381889230767948,0.810655279108404,45,0.000379507914126612,26257217
197,-0.889857474806,0.338979103096579,0.410714285714286,0.211349037003325,0.798140492531047,0.589285714285714,0.201859507468953,0.788650962996675,37,0.00866209469733097,756562777
923,-0.550046336919272,0.3320488068079,0.576923076923077,0.300938293759044,1.10600825348232,0.423076923076923,-0.106008253482322,0.699061706240956,43,0.097616041842201,541900549
98,-1.339774345485,0.305079650406689,0.261904761904762,0.144032044530875,0.476241967763541,0.738095238095238,0.523758032236459,0.855967955469125,43,1.12542380449279e-05,472076126
647,-0.470003629245735,0.295803988912963,0.625,0.350018666172821,1.11601190951093,0.375,-0.116011909510934,0.649981333827179,56,0.112082458792549,372961909
546,-0.430782916092454,0.372104203440007,0.65,0.313456791886657,1.34787317083489,0.35,-0.347873170834887,0.686543208113343,36,0.246988810045907,357605669
621,-0.454736157114947,0.327453976988377,0.634615384615384,0.334026763623456,1.20570184862352,0.365384615384616,-0.205701848623522,0.665973236376544,46,0.16492323308963,986878467
948,-1.06784063000136,0.328564370382994,0.34375,0.180537825689898,0.654511385901838,0.65625,0.345488614098162,0.819462174310102,38,0.00115397071665592,170453893
299,-1.23214368129263,0.321208037257441,0.291666666666667,0.155408232562052,0.547393423385581,0.708333333333333,0.452606576614419,0.844591767437948,39,0.00012507080576198,769602278
48,-1.08618976866955,0.295020401093329,0.3375,0.189300585174496,0.60172159475895,0.6625,0.39827840524105,0.810699414825504,47,0.000231643402655385,657156228
573,-0.644357016390513,0.384212242714264,0.525,0.247239154356889,1.11481128754443,0.475,-0.114811287544431,0.752760845643111,31,0.0935256441040505,383592049
523,-0.550046336919272,0.3320488068079,0.576923076923077,0.300938293759044,1.10600825348232,0.423076923076923,-0.106008253482321,0.699061706240956,43,0.097616041842201,587958789
471,-1.00680473941499,0.359937016586818,0.365384615384615,0.180455994516006,0.739825338126528,0.634615384615385,0.260174661873472,0.819544005483994,32,0.00515525267649959,63231307
671,-0.619039208406224,0.335614902085615,0.538461538461538,0.278919427506232,1.03951464046329,0.461538461538462,-0.0395146404632887,0.721080572493768,41,0.0651113810892641,408015935
348,-0.944461608840851,0.30210898910626,0.388888888888889,0.21511460488529,0.703041841263548,0.611111111111111,0.296958158736452,0.78488539511471,46,0.00177064159941122,693329472
424,-0.950976289862045,0.273617086791124,0.386363636363636,0.225991944188809,0.660540622542795,0.613636363636364,0.339459377457205,0.774008055811191,56,0.000509762324911647,986804537
449,-1.07880966137193,0.263461125643529,0.34,0.20287120103641,0.569819665923174,0.66,0.430180334076826,0.79712879896359,59,4.22608817467417e-05,813606816
23,-1.08401348924696,0.319846510548225,0.338235294117647,0.180702882347305,0.633100660602481,0.661764705882353,0.366899339397519,0.819297117652695,40,0.00070105100330197,243335000
897,-0.826678573184468,0.31339158531813,0.4375,0.236711117822515,0.808606928819945,0.5625,0.191393071180055,0.763288882177485,44,0.00834345928046088,158926910
374,-0.896746135801185,0.291358273421998,0.407894736842105,0.230432371597157,0.722025795205344,0.592105263157895,0.277974204794656,0.769567628402843,50,0.00208526073560586,651871784
148,-0.961411167154624,0.311905543239857,0.382352941176471,0.207476997996875,0.704626406964399,0.617647058823529,0.295373593035601,0.792523002003125,43,0.00205353041211636,745923664
997,-0.510825623765991,0.376386326070132,0.6,0.2869264788952,1.25467681263216,0.4,-0.254676812632165,0.7130735211048,34,0.174722648478204,524156023
972,-0.757685701697517,0.309569593739123,0.46875,0.255526040150385,0.85989890647029,0.53125,0.14010109352971,0.744473959849615,46,0.0143832917454888,199879609
498,-0.287682072451781,0.365148371258932,0.75,0.366645539843386,1.53417930636842,0.25,-0.534179306368418,0.633354460156614,40,0.430784565647915,615538677
174,-0.944461608840851,0.30210898910626,0.388888888888889,0.21511460488529,0.703041841263548,0.611111111111111,0.296958158736452,0.78488539511471,46,0.00177064159941122,307254450
798,-0.495321437230025,0.296885542766372,0.609375,0.34054554315326,1.09042064443604,0.390625,-0.090420644436044,0.65945445684674,55,0.095237953531176,759030087
724,-1.1239300966524,0.297424845104076,0.325,0.181432411844174,0.582172716144664,0.675,0.417827283855336,0.818567588155826,46,0.000157541059086947,248924791
398,-1.339774345485,0.305079650406689,0.261904761904762,0.144032044530875,0.476241967763541,0.738095238095238,0.523758032236459,0.855967955469125,43,1.12542380449278e-05,138796894
273,-0.350202429433115,0.350951784687225,0.704545454545454,0.354142718415256,1.40165044121736,0.295454545454546,-0.401650441217365,0.645857281584744,42,0.318344926958136,67296635
747,-0.739667196194838,0.263180678031697,0.477272727272727,0.284935669124214,0.799440999782466,0.522727272727272,0.200559000217534,0.715064330875786,64,0.00494658151423294,209437422
773,-0.216223108469635,0.381567647167525,0.805555555555556,0.381333120216425,1.70171359025444,0.194444444444444,-0.70171359025444,0.618666879783575,38,0.570938104204931,431221899
248,-0.819898886199089,0.273214338335251,0.44047619047619,0.25784693394684,0.75245910977719,0.55952380952381,0.24754089022281,0.74215306605316,58,0.00269150666911397,135990453
824,-0.693147180559945,0.339683110071839,0.5,0.256939702443449,0.972990929866215,0.5,0.027009070133785,0.743060297556551,39,0.0412935817560853,698826853
198,-0.660357357736954,0.314523021533651,0.516666666666667,0.278925334222435,0.957046247479132,0.483333333333333,0.0429537525208675,0.721074665777565,46,0.0357682916936383,886318480
124,-0.624154309072994,0.323669437292729,0.535714285714286,0.284069955473602,1.01027859648127,0.464285714285714,-0.0102785964812682,0.715930044526398,44,0.0538091680933298,30342421
648,-0.350202429433115,0.350951784687225,0.704545454545454,0.354142718415256,1.40165044121736,0.295454545454546,-0.401650441217365,0.645857281584744,42,0.318344926958135,597755291
99,-0.333144446528538,0.299870772887657,0.716666666666667,0.398168354689803,1.28993453412752,0.283333333333333,-0.289934534127516,0.601831645310197,58,0.266585549004998,836624778
847,-0.944461608840851,0.30210898910626,0.388888888888889,0.21511460488529,0.703041841263548,0.611111111111111,0.296958158736452,0.78488539511471,46,0.00177064159941122,895479513
874,-0.21357410029806,0.317383995308152,0.807692307692307,0.433598928352521,1.50453984373075,0.192307692307693,-0.504539843730753,0.566401071647479,55,0.500998062966085,274231191
622,-0.424883193965266,0.326090235118568,0.653846153846154,0.345069887325458,1.2389223418275,0.346153846153846,-0.238922341827501,0.654930112674542,47,0.192587725686967,651433133
300,-0.0645385211375707,0.397911212252378,0.9375,0.429802204267971,2.04490866094308,0.0624999999999996,-1.04490866094308,0.570197795732029,38,0.871153658496262,823720807
223,-0.470003629245736,0.341565025252529,0.625,0.319992162038123,1.22073302518411,0.375,-0.220733025184106,0.680007837961877,42,0.168812429304268,526077181
49,-0.395895657092014,0.324799176871911,0.673076923076923,0.356118995852506,1.2721381045518,0.326923076923077,-0.272138104551803,0.643881004147494,48,0.222884556763601,89386361
949,-0.628608659422374,0.312916389074555,0.533333333333333,0.288831007169658,0.984812701488669,0.466666666666667,0.015187298511331,0.711168992830342,47,0.0445508161376246,549765692
574,-0.241162056816889,0.306848242503621,0.785714285714285,0.43060091856055,1.43368699918066,0.214285714285715,-0.433686999180658,0.56939908143945,58,0.431906936790283,717362420
24,-0.762140052046897,0.319970236768501,0.466666666666667,0.249257148069638,0.873707251584755,0.533333333333333,0.126292748415245,0.750742851930362,43,0.0172231434086225,350269781
472,-0.798507696217772,0.322030594416355,0.45,0.239386455769012,0.845912519776789,0.55,0.154087480223211,0.760613544230988,42,0.0131529115834449,53818129
349,-0.863046217355343,0.315494908153212,0.421875,0.227318110503964,0.782949124600858,0.578125,0.217050875399142,0.772681889496036,43,0.00622796503890627,873988782
672,-0.190043602887865,0.316510490527486,0.826923076923077,0.444683375830329,1.5377273186143,0.173076923076923,-0.537727318614304,0.555316624169671,56,0.548217154159443,92813084
425,-0.90078654533819,0.317744454703275,0.40625,0.217935913791776,0.757282540672411,0.59375,0.242717459327589,0.782064086208224,42,0.00458342564382361,932455567
598,-1.1239300966524,0.297424845104076,0.325,0.181432411844174,0.582172716144664,0.675,0.417827283855336,0.818567588155826,46,0.000157541059086947,71935233
375,-0.767255152713667,0.270665981028809,0.464285714285715,0.273145481254124,0.789181001640831,0.535714285714285,0.210818998359169,0.726854518745876,60,0.0045869640503892,161726893
898,-0.767255152713667,0.331496772125207,0.464285714285714,0.24244585131848,0.889110798627906,0.535714285714286,0.110889201372094,0.75755414868152,40,0.0206393404747704,836147801
699,-0.437213806422745,0.339987349247458,0.645833333333333,0.331682608390754,1.25752958971264,0.354166666666667,-0.257529589712645,0.668317391609246,43,0.198453249610698,852508120
547,-0.693147180559945,0.280975743332616,0.5,0.288272369590179,0.86723538698978,0.5,0.13276461301022,0.711727630409821,57,0.0136277415173605,45468969
924,-1.23214368129263,0.321208037257441,0.291666666666667,0.155408232562052,0.547393423385581,0.708333333333333,0.452606576614419,0.844591767437948,39,0.00012507080576198,156847669
998,-1.08401348924696,0.319846510548225,0.338235294117647,0.180702882347305,0.633100660602481,0.661764705882353,0.366899339397519,0.819297117652695,40,0.00070105100330197,526735035
524,-0.581921545449721,0.291786426645208,0.558823529411765,0.315431911137251,0.99001948121964,0.441176470588235,0.0099805187803601,0.684568088862749,55,0.0461148345986296,504193529
175,-0.547965170715448,0.299210673107685,0.578125,0.32161268025645,1.0392267971477,0.421875,-0.0392267971477045,0.67838731974355,53,0.067045475360286,37268693
799,-1.08091271156871,0.352221734722133,0.339285714285714,0.170119418598948,0.676670522779925,0.660714285714286,0.323329477220075,0.829880581401052,33,0.00214890497062784,362234085
450,-0.133531392624523,0.30304576293403,0.875,0.483120017073367,1.58475114452509,0.125,-0.58475114452509,0.516879982926633,63,0.659480072804576,924253114
399,-0.603535021870258,0.301780430873319,0.546875,0.302699777616539,0.988016139225136,0.453125,0.0119838607748638,0.697300222383461,51,0.0455095106149622,42746651
725,-0.470003629245735,0.31622776575811,0.625,0.33628419399996,1.16159191234556,0.375,-0.161591912345565,0.66371580600004,49,0.137204551555182,102762027
74,-0.624154309072994,0.323669437292729,0.535714285714286,0.284069955473602,1.01027859648127,0.464285714285714,-0.0102785964812684,0.715930044526398,44,0.0538091680933299,103227154
274,-0.59783700075562,0.31139957746839,0.55,0.298743791544113,1.01257334398975,0.45,-0.0125733439897548,0.701256208455888,48,0.0548782603276286,686175578
149,-0.863046217355342,0.315494908153212,0.421875,0.227318110503965,0.782949124600858,0.578125,0.217050875399142,0.772681889496035,43,0.00622796503890628,623883215
774,-0.916290731874156,0.329140294355589,0.4,0.209843376090773,0.762473436048742,0.6,0.237526563951258,0.790156623909227,39,0.00537110664852014,645548918
323,-0.228841572428848,0.345659542303191,0.795454545454545,0.40400750427487,1.56617866546806,0.204545454545455,-0.566178665468057,0.59599249572513,46,0.507943493562246,589459611
249,-0.847297860387203,0.336296354624585,0.428571428571429,0.221700788982126,0.828474586089829,0.571428571428571,0.171525413910171,0.778299211017874,38,0.0117522439542885,286909450
825,-0.693147180559945,0.297044262742995,0.5,0.279335073534497,0.894982491230648,0.5,0.105017508769352,0.720664926465503,51,0.0196229078120211,653870043
973,-0.251314428280907,0.383178021910208,0.777777777777777,0.367023444721791,1.64822787291828,0.222222222222223,-0.648227872918278,0.632976555278209,37,0.511908680658541,550818499
125,-1.05779029414785,0.309120616560819,0.347222222222222,0.189445182732644,0.636401886106993,0.652777777777778,0.363598113893007,0.810554817267356,43,0.000621774444674808,295693744
199,-1.07613943281605,0.280691786146377,0.340909090909091,0.196658762070683,0.590967862508415,0.659090909090909,0.409032137491585,0.803341237929317,52,0.000126136218014897,260518967
499,-0.395895657092014,0.324799176871911,0.673076923076923,0.356118995852506,1.2721381045518,0.326923076923077,-0.272138104551803,0.643881004147494,48,0.2228845567636,867991520
649,-0.693147180559946,0.297044262742995,0.5,0.279335073534497,0.894982491230647,0.5,0.105017508769353,0.720664926465503,51,0.019622907812021,943931295
100,-0.521296923633286,0.298019780119112,0.59375,0.331076782453607,1.06482568752583,0.40625,-0.064825687525826,0.668923217546393,54,0.0802560341692455,955531428
848,-0.517256514096282,0.330425697058068,0.596153846153846,0.311960413229728,1.13924521577777,0.403846153846154,-0.139245215777769,0.688039586770272,44,0.117483384445156,563652435
875,-1.16315080980568,0.300000000038325,0.3125,0.173575953120297,0.56261393496321,0.6875,0.43738606503679,0.826424046879703,45,0.000105678796091778,575451936
224,-0.583947888594953,0.333775126992807,0.557692307692308,0.289924389332553,1.07276490527474,0.442307692307692,-0.072764905274735,0.710075610667447,42,0.0802003321858082,688338648
50,-0.904456274227152,0.277544252958241,0.404761904761905,0.234938144555759,0.697341846536981,0.595238095238095,0.302658153463019,0.765061855444241,55,0.00111891528166669,792730979
350,-0.732367893713227,0.341940165768369,0.480769230769231,0.245966900359472,0.939716087476146,0.519230769230769,0.0602839125238545,0.754033099640528,38,0.0322094742777603,751477484
25,-0.374693449441411,0.337099930903537,0.6875,0.355085322539508,1.331106131393,0.3125,-0.331106131392997,0.644914677460491,45,0.266344414852372,618613683
748,-0.63252255874351,0.303169531118646,0.53125,0.293251721529941,0.962403770479434,0.46875,0.0375962295205664,0.706748278470059,50,0.0369454952614894,402417965
700,-1.30291275218084,0.288926047436501,0.271739130434783,0.154247411220026,0.478725408908936,0.728260869565218,0.521274591091064,0.845752588779974,48,6.4979808878847e-06,903507978
673,-0.583947888594954,0.333775126992807,0.557692307692307,0.289924389332553,1.07276490527473,0.442307692307693,-0.0727649052747348,0.710075610667447,42,0.0802003321858082,603672098
899,-1.034896474282,0.299447184008605,0.355263157894737,0.197542373119828,0.638910575812419,0.644736842105263,0.361089424187581,0.802457626880172,46,0.00054820773261036,827496838
548,-0.311779624030842,0.30954614377106,0.732142857142857,0.399125682732559,1.34301846875758,0.267857142857143,-0.343018468757581,0.600874317267441,55,0.313831303569883,515637383
623,-0.287682072451781,0.348155311519352,0.75,0.379062589378298,1.48392380509656,0.25,-0.483923805096562,0.620937410621702,44,0.408631753099424,408823419
925,-0.727048732235627,0.318039974412539,0.483333333333333,0.259137718296139,0.90149404975521,0.516666666666667,0.09850595024479,0.740862281703861,44,0.022252538584626,731514089
525,-0.863046217355343,0.315494908153212,0.421875,0.227318110503964,0.782949124600858,0.578125,0.217050875399142,0.772681889496036,43,0.00622796503890627,954949482
800,-0.503905180921417,0.343243487590825,0.604166666666666,0.308309831708937,1.1839303310175,0.395833333333334,-0.183930331017498,0.691690168291063,41,0.142085435807819,491674712
999,-0.470003629245735,0.31622776575811,0.625,0.33628419399996,1.16159191234556,0.375,-0.161591912345564,0.66371580600004,49,0.137204551555182,638445787
599,-0.65232518603969,0.351188458232817,0.520833333333333,0.261677639602053,1.03664708044463,0.479166666666667,-0.0366470804446324,0.738322360397947,37,0.0632430362543265,429834658
473,-0.885519073207402,0.283377893156271,0.4125,0.236707627698422,0.71884565636722,0.5875,0.28115434363278,0.763292372301578,53,0.00177883662559594,427907977
575,-0.367724780125317,0.323575114145965,0.692307692307693,0.367173661722032,1.30534945938265,0.307692307692307,-0.305349459382651,0.632826338277968,49,0.255771070303752,398472524
950,-0.416893803931787,0.354107115578491,0.659090909090909,0.329252285405853,1.31935553890178,0.340909090909091,-0.319355538901776,0.670747714594147,40,0.2390718469357,161139460
275,0.251314428280905,0.413079798383367,1.28571428571428,0.572176883057443,2.88907376973466,-0.285714285714285,-1.88907376973466,0.427823116942557,43,0.542927542451927,288332760
75,0.194156014440958,0.415052896396287,1.21428571428571,0.538303520084631,2.7391420284351,-0.214285714285715,-1.7391420284351,0.461696479915369,41,0.63993749501186,353186691
150,-0.63252255874351,0.303169531118646,0.53125,0.293251721529941,0.962403770479434,0.46875,0.0375962295205664,0.706748278470059,50,0.0369454952614894,510175068
324,-0.603535021870258,0.301780430873319,0.546875,0.302699777616539,0.988016139225137,0.453125,0.0119838607748635,0.697300222383461,51,0.0455095106149624,815046497
250,-0.958850346292951,0.331880893651288,0.383333333333333,0.200022594761743,0.734639227230689,0.616666666666667,0.265360772769311,0.799977405238256,38,0.00386297115469421,269367561
974,-0.847297860387204,0.274584823729431,0.428571428571429,0.250205117981205,0.734091576022648,0.571428571428571,0.265908423977352,0.749794882018795,57,0.00203045075864667,581175576
200,-0.923670839171778,0.309613576058494,0.397058823529412,0.216426929331258,0.728447748298718,0.602941176470588,0.271552251701282,0.783573070668742,44,0.0028515635640642,988639950
500,-0.664159643686693,0.295626382260642,0.514705882352941,0.288351024544922,0.918748756821038,0.485294117647059,0.0812512431789616,0.711648975455078,52,0.0246644308985335,444633595
400,-1.00330210886379,0.33484505693686,0.366666666666667,0.190217645293864,0.706792707042208,0.633333333333333,0.293207292957792,0.809782354706136,37,0.00273261738336201,43412724
775,-0.757685701697516,0.309569593739123,0.46875,0.255526040150385,0.859898906470291,0.53125,0.140101093529709,0.744473959849615,46,0.0143832917454888,712658180
849,-0.750305594399894,0.291491544117703,0.472222222222222,0.266703287131257,0.836112031310467,0.527777777777778,0.163887968689533,0.733296712868743,52,0.0100523933880834,348925822
650,-1.02961941718116,0.348466026269902,0.357142857142857,0.180396102111829,0.707060845079088,0.642857142857143,0.292939154920912,0.819603897888171,34,0.00312953285220813,823977802
624,-0.665748206371831,0.287371854038379,0.513888888888889,0.292588910652167,0.902569374672576,0.486111111111111,0.0974306253274242,0.707411089347833,55,0.0205212495965522,365670727
549,-0.729514824730821,0.329341173413233,0.482142857142857,0.252836646891307,0.919414719155848,0.517857142857143,0.0805852808441517,0.747163353108693,41,0.0267550368829955,274269191
225,-0.424883193965266,0.326090235118568,0.653846153846154,0.345069887325458,1.2389223418275,0.346153846153846,-0.238922341827501,0.654930112674542,47,0.192587725686967,989012345
600,-1.09861228866811,0.27003086247076,0.333333333333333,0.19634871275974,0.565886628689392,0.666666666666667,0.434113371310608,0.80365128724026,56,4.7322983610375e-05,240405658
474,-0.798507696217772,0.322030594416355,0.45,0.239386455769012,0.845912519776789,0.55,0.154087480223211,0.760613544230988,42,0.0131529115834449,214874600
749,-0.863046217355343,0.315494908153212,0.421875,0.227318110503964,0.782949124600858,0.578125,0.217050875399142,0.772681889496036,43,0.00622796503890626,252721245
900,-0.810930216216329,0.294627825545782,0.444444444444445,0.249476603152045,0.791781119759533,0.555555555555555,0.208218880240467,0.750523396847955,50,0.00591623030191686,941098163
325,-0.458307589482544,0.286494927054445,0.632352941176471,0.360657210103838,1.10872659969672,0.367647058823529,-0.108726599696716,0.639342789896161,60,0.109663870001235,273389553
975,-0.757685701697517,0.309569593739123,0.46875,0.255526040150385,0.859898906470291,0.53125,0.140101093529709,0.744473959849615,46,0.0143832917454888,660234537
1000,-1.05779029414785,0.309120616560819,0.347222222222222,0.189445182732644,0.636401886106993,0.652777777777778,0.363598113893007,0.810554817267356,43,0.000621774444674808,315724954
674,-0.567984037605939,0.309965209730743,0.566666666666667,0.30866316266103,1.04032858454104,0.433333333333333,-0.040328584541043,0.69133683733897,49,0.0668900290431664,304703862
850,-0.393042588109607,0.370185138516861,0.675,0.326739478578644,1.39445959203346,0.325,-0.394459592033458,0.673260521421356,37,0.288351012789243,799696125
625,-1.38629436111989,0.26261286574388,0.25,0.149418210942255,0.418289039909294,0.75,0.581710960090706,0.850581789057745,58,1.29995990720676e-07,41381495
550,-0.934309237376833,0.279145263164197,0.392857142857143,0.227313785819823,0.678958973549499,0.607142857142857,0.321041026450501,0.772686214180177,54,0.00081680610204964,957659257
750,-0.662375521893192,0.30463589775676,0.515625,0.28380982088778,0.936786259874094,0.484375,0.0632137401259061,0.71619017911222,49,0.0296812107884669,649229428
475,-0.287682072451782,0.365148371258932,0.749999999999999,0.366645539843386,1.53417930636842,0.250000000000001,-0.534179306368418,0.633354460156614,40,0.430784565647914,193922218
675,-0.723000143709626,0.298540717067938,0.485294117647059,0.270325309000301,0.871210992022116,0.514705882352941,0.128789007977884,0.729674690999699,50,0.0154446682775018,600342044
