"rep","est_V","se_V","IRR_V","IRR_V_CI_Lower","IRR_V_CI_Upper","VE","VE_CI_Lower","VE_CI_Upper","n_event","p_val","seed"
1,-1.02036009176836,0.19845615692957,0.36046511627907,0.244307643987569,0.531850325815818,0.63953488372093,0.468149674184182,0.755692356012431,105,2.72570023821833e-07,321023273
26,-1.22296930501659,0.172706868427763,0.294354838709677,0.209827702982125,0.412932943745667,0.705645161290323,0.587067056254333,0.790172297017876,135,1.4292682956319e-12,316834880
151,-0.863046217355343,0.182151070150214,0.421875,0.295213706944433,0.6028802573808,0.578125,0.3971197426192,0.704786293055567,129,2.15753373555948e-06,429913169
126,-0.924476316460594,0.188249198094427,0.396739130434783,0.274326036747748,0.573776880547739,0.603260869565217,0.426223119452261,0.725673963252252,119,9.06511383348933e-07,216168962
276,-0.703842469676694,0.178967270551252,0.49468085106383,0.348327595941409,0.702525861460589,0.50531914893617,0.297474138539411,0.651672404058591,140,8.39621166398378e-05,729642896
351,-0.861284102361943,0.194663892041055,0.422619047619048,0.288569788852455,0.618938178250364,0.577380952380952,0.381061821749636,0.711430211147545,113,9.66803675209518e-06,340834419
326,-0.848901709969177,0.174547197907391,0.427884615384616,0.30391478436201,0.602422960328108,0.572115384615384,0.397577039671892,0.69608521563799,141,1.1535670716009e-06,513112520
376,-1.0154347821892,0.185722024320904,0.362244897959184,0.251718655649976,0.521301711860115,0.637755102040816,0.478698288139885,0.748281344350024,120,4.56432555817487e-08,622883665
401,-0.641853886172395,0.197017231300663,0.526315789473684,0.357721487277172,0.77436866417441,0.473684210526316,0.22563133582559,0.642278512722828,118,0.00112257119628867,516887679
451,-0.784118958765672,0.183422714927756,0.456521739130435,0.318663091446913,0.654020198424506,0.543478260869565,0.345979801575494,0.681336908553087,130,1.91198797814754e-05,661139203
176,-0.774116243093612,0.185122702566494,0.461111111111111,0.320795935536302,0.662799721681831,0.538888888888889,0.337200278318169,0.679204064463698,128,2.89415711145888e-05,961925674
551,-0.747805593097809,0.180312370104266,0.473404255319149,0.332468106273389,0.674084475248855,0.526595744680851,0.325915524751145,0.667531893726611,136,3.36450891636632e-05,662707243
526,-0.934309237376834,0.182743471191186,0.392857142857143,0.274588995989847,0.5620645289791,0.607142857142857,0.4379354710209,0.725411004010153,126,3.17616896805341e-07,87057972
601,-0.887303195000903,0.177517900653607,0.411764705882353,0.290767329417102,0.583112873617114,0.588235294117647,0.416887126382886,0.709232670582898,135,5.78118216823394e-07,497183081
101,-0.569533224592769,0.194791417674396,0.565789473684211,0.386231871023929,0.82882266469414,0.434210526315789,0.17117733530586,0.613768128976071,124,0.00345774993459164,953959556
201,-0.902238978418505,0.174630557220225,0.40566037735849,0.288082442488341,0.571226557013425,0.59433962264151,0.428773442986575,0.711917557511659,139,2.38443678588879e-07,955430907
51,-0.891598119283784,0.179429991812572,0.41,0.2884381960877,0.582793826476743,0.59,0.417206173523257,0.7115618039123,132,6.72787846902629e-07,639577557
701,-0.678548381138793,0.209534050414531,0.507352941176471,0.336476296567284,0.765007846158764,0.492647058823529,0.234992153841236,0.663523703432716,103,0.00120215601072184,250832719
76,-1.23787435600162,0.19298025629324,0.29,0.198670280947092,0.423314446423905,0.71,0.576685553576095,0.801329719052908,108,1.41273768272029e-10,372910836
476,-0.750305594399894,0.18435543961828,0.472222222222222,0.32902036961637,0.677750825641886,0.527777777777778,0.322249174358114,0.67097963038363,130,4.70361791140157e-05,674417462
626,-0.681025820027601,0.190888545061284,0.50609756097561,0.348136549200716,0.735730683300903,0.49390243902439,0.264269316699097,0.651863450799284,124,0.000360180614269293,194865268
576,-0.826678573184468,0.198206241827255,0.4375,0.296663829433551,0.645195777205028,0.5625,0.354804222794972,0.703336170566449,110,3.03532308688851e-05,86816022
651,-1.13739831370327,0.196693373013279,0.320652173913043,0.218076307986339,0.471476326725054,0.679347826086957,0.528523673274946,0.781923692013661,105,7.35565632708736e-09,312032673
676,-1.12678316563481,0.181119388285664,0.324074074074074,0.227234979804969,0.46218238748765,0.675925925925926,0.53781761251235,0.772765020195031,124,4.93310740678802e-10,83169165
251,-0.837728409371054,0.174189208484013,0.432692307692307,0.307545269558316,0.608764470365537,0.567307692307693,0.391235529634463,0.692454730441684,142,1.51458667851416e-06,270133101
801,-0.518205731063613,0.204346381558483,0.595588235294118,0.399030557708461,0.888967872680894,0.404411764705882,0.111032127319106,0.600969442291539,115,0.0112152892012906,455633620
826,-0.907804117996836,0.191863961653947,0.403409090909091,0.276968756169124,0.587571309049483,0.596590909090909,0.412428690950517,0.723031243830876,115,2.22868057376858e-06,288164146
226,-1.22945188962692,0.187074735853337,0.292452830188679,0.202683093742811,0.421982200419231,0.707547169811321,0.578017799580769,0.797316906257189,115,4.96497006735877e-11,122039757
876,-0.836248024200619,0.187197048734122,0.433333333333333,0.300247694176033,0.625409558241885,0.566666666666667,0.374590441758115,0.699752305823967,123,7.92473264647382e-06,281027507
426,-0.648695417989112,0.183294402279282,0.522727272727273,0.364967910747659,0.748678975894445,0.477272727272727,0.251321024105555,0.635032089252341,136,0.000401508674649705,455854189
901,-0.602763119091676,0.198425567884504,0.547297297297297,0.370956643992633,0.807464528482404,0.452702702702703,0.192535471517596,0.629043356007367,118,0.00238368145484158,208910458
301,-0.772284501118668,0.183040531929653,0.461956521739131,0.32269833116526,0.661310603022698,0.538043478260869,0.338689396977302,0.67730166883474,131,2.45171376183715e-05,986073273
926,-1.06612683352362,0.180462058822745,0.344339622641509,0.241756086194889,0.490452081629552,0.655660377358491,0.509547918370448,0.75824391380511,126,3.46787231527331e-09,106058638
726,-1.00330210886378,0.193322883759312,0.366666666666667,0.251023680816178,0.53558470661936,0.633333333333333,0.46441529338064,0.748976319183822,111,2.10549276595634e-07,93434497
951,-0.704575876383568,0.184990609527844,0.494318181818182,0.343987207934785,0.710347533976782,0.505681818181818,0.289652466023218,0.656012792065215,131,0.000139692786205714,990886973
976,-1.13707856949591,0.18323156630364,0.320754716981132,0.223978359698709,0.459346110954839,0.679245283018868,0.540653889045161,0.776021640301291,121,5.44569207990629e-10,360679825
501,-0.80077784475231,0.178246457580772,0.448979591836735,0.316594190301708,0.636722593341895,0.551020408163265,0.363277406658105,0.683405809698292,137,7.03814682896967e-06,722764532
27,-0.498991166118988,0.200838577946021,0.607142857142857,0.40957815237836,0.900005156132121,0.392857142857143,0.0999948438678787,0.59042184762164,120,0.0129719504181082,199472571
776,-0.667171694156685,0.197828972226269,0.513157894736842,0.348223990702395,0.756211610807137,0.486842105263158,0.243788389192863,0.651776009297605,116,0.000744979946309423,574373582
751,-0.864997437486605,0.204794505511767,0.421052631578947,0.281848019146332,0.629010340737971,0.578947368421053,0.370989659262029,0.718151980853668,102,2.40288044303221e-05,861095833
851,-0.897447644072676,0.187276436797739,0.407608695652174,0.282379684313885,0.588373944729623,0.592391304347826,0.411626055270377,0.717620315686115,121,1.65043581856036e-06,287074181
352,-1.02961941718116,0.186262925890363,0.357142857142857,0.247910361534098,0.51450459601149,0.642857142857143,0.48549540398851,0.752089638465902,119,3.24318884378347e-08,175854106
2,-0.559615787935423,0.202660870705837,0.571428571428571,0.384110965457104,0.85009448208883,0.428571428571429,0.14990551791117,0.615889034542896,115,0.00575645238157297,42760343
402,-1.00144854021446,0.185194633195897,0.36734693877551,0.255527983363389,0.528097829644878,0.63265306122449,0.471902170355122,0.744472016636611,121,6.38940545533016e-08,515841726
452,-0.803689054959769,0.190375489370873,0.447674418604651,0.30825800821456,0.650144942653095,0.552325581395349,0.349855057346905,0.69174199178544,120,2.42574922669105e-05,774832915
702,-0.980829253011726,0.190346746936019,0.375,0.25823067055641,0.544571253666325,0.625,0.455428746333675,0.74176932944359,115,2.56549855831994e-07,487404033
102,-0.774116243093612,0.185122702566494,0.461111111111111,0.320795935536302,0.662799721681831,0.538888888888889,0.337200278318169,0.679204064463698,128,2.89415711145888e-05,922808249
602,-0.778304988900252,0.177536684624969,0.459183673469388,0.324240259379863,0.650288296660352,0.540816326530612,0.349711703339648,0.675759740620137,139,1.1656751941228e-05,623644827
177,-0.661730984326566,0.177724151596739,0.515957446808511,0.364195699205629,0.730958897916176,0.484042553191489,0.269041102083824,0.635804300794371,144,0.000196588948915361,741870671
77,-1.07613943281605,0.17752507294469,0.340909090909091,0.240729307503154,0.482778808570867,0.659090909090909,0.517221191429133,0.759270692496846,130,1.34521937813631e-09,221362648
52,-0.905708622543618,0.185565326752563,0.404255319148936,0.280997367011522,0.581579695205854,0.595744680851064,0.418420304794146,0.719002632988478,123,1.05652380055478e-06,296362757
627,-0.426518517305996,0.19600019281098,0.652777777777778,0.444559294853735,0.95851966676502,0.347222222222222,0.0414803332349797,0.555440705146265,130,0.0295468312611787,641645402
152,-1.13284546031035,0.184813804609224,0.322115384615385,0.224232042073354,0.462727449861847,0.677884615384615,0.537272550138153,0.775767957926646,119,8.80680442977911e-10,121148486
202,-0.532373959972194,0.182090098590003,0.587209302325581,0.410958108632122,0.839050884980504,0.412790697674419,0.160949115019496,0.589041891367878,144,0.00345915396422781,63317018
677,-1.01309011522995,0.200506774061376,0.363095238095238,0.245103141565245,0.537888462324516,0.636904761904762,0.462111537675484,0.754896858434755,103,4.35726887469452e-07,321352285
377,-0.886338409590804,0.208375789535115,0.412162162162162,0.273967045334358,0.620065992648366,0.587837837837838,0.379934007351634,0.726032954665642,98,2.10400846770291e-05,964119581
277,-0.732367893713227,0.197419246753113,0.480769230769231,0.32650745181455,0.707913562063877,0.519230769230769,0.292086437936123,0.67349254818545,114,0.000207497866583895,456047636
802,-0.954511944694353,0.181623272180071,0.385,0.269688681444944,0.549615205227882,0.615,0.450384794772118,0.730311318555056,127,1.47663325937662e-07,659796150
252,-1.29614326412559,0.190024482228964,0.273584905660377,0.188513735858087,0.397046402292634,0.726415094339623,0.602953597707366,0.811486264141913,111,9.04544282116417e-12,363261826
827,-0.889857474806,0.195709676422467,0.410714285714286,0.279866831139806,0.602737465539564,0.589285714285714,0.397262534460436,0.720133168860194,111,5.44614757601557e-06,695403787
327,-0.973107206917816,0.196571690103327,0.377906976744186,0.257076739880844,0.555529384487002,0.622093023255814,0.444470615512998,0.742923260119156,108,7.40635976104586e-07,195190968
227,-1.145132304303,0.180187492562621,0.318181818181818,0.223511301504713,0.452951008472173,0.681818181818182,0.547048991527827,0.776488698495287,125,2.08119907654378e-10,132954981
877,-0.587786664902119,0.200693242850611,0.555555555555556,0.374884165462069,0.823299578226305,0.444444444444444,0.176700421773695,0.625115834537931,116,0.00340293498053977,539013067
427,-0.863046217355343,0.182151070150214,0.421875,0.295213706944433,0.6028802573808,0.578125,0.3971197426192,0.704786293055567,129,2.15753373555946e-06,608556731
552,-0.980829253011726,0.182574185863157,0.375,0.262194657950272,0.536338158448184,0.625,0.463661841551816,0.737805342049728,125,7.77718148398458e-08,560364778
302,-0.814844115537466,0.180549270912485,0.442708333333333,0.310766272734956,0.630669044867468,0.557291666666667,0.369330955132532,0.689233727265044,133,6.38748625834581e-06,900639214
127,-1.14788333767489,0.185424605679041,0.317307692307692,0.220621020984851,0.45636708210387,0.682692307692308,0.54363291789613,0.779378979015149,118,5.99483991430954e-10,527999322
927,-0.647684806483188,0.185383184312653,0.523255813953489,0.36384432875562,0.752510415024295,0.476744186046511,0.247489584975705,0.63615567124438,133,0.000476264613600957,688796064
727,-0.871395411966264,0.180563798219513,0.418367346938776,0.293671361942545,0.596010573951824,0.581632653061224,0.403989426048176,0.706328638057455,131,1.39323718815841e-06,381335207
977,-0.693147180559945,0.198679853459423,0.5,0.338729800599018,0.738051389508375,0.5,0.261948610491625,0.661270199400982,114,0.000485258822342603,691822367
502,-0.995428052432879,0.190905769422509,0.369565217391304,0.254209516227536,0.537267258646739,0.630434782608696,0.462732741353261,0.745790483772464,114,1.84574708051342e-07,510282987
527,-0.63907995928967,0.202325659439418,0.527777777777778,0.35500231622901,0.784641029035873,0.472222222222222,0.215358970964127,0.64499768377099,112,0.00158490927163287,882359718
777,-1.08310810213214,0.190310138269259,0.338541666666667,0.233141638620392,0.491591552447037,0.661458333333333,0.508408447552963,0.766858361379608,113,1.26091246300748e-08,727418857
577,-0.774116243093612,0.185122702566494,0.461111111111111,0.320795935536302,0.662799721681832,0.538888888888889,0.337200278318168,0.679204064463698,128,2.89415711145889e-05,25260002
652,-0.681586358158869,0.186413697970261,0.505813953488372,0.351006515712354,0.728897453724768,0.494186046511628,0.271102546275232,0.648993484287646,130,0.000255871419476051,561941735
477,-1.05961013086484,0.197789573439589,0.346590909090909,0.235211405508778,0.510711876427183,0.653409090909091,0.489288123572817,0.764788594491222,105,8.44935839815838e-08,274372188
852,-1.00583055521714,0.176569381196194,0.365740740740741,0.258748124397483,0.516974914307385,0.634259259259259,0.483025085692615,0.741251875602517,133,1.22279405506557e-08,477587068
752,-1.145132304303,0.180187492562621,0.318181818181818,0.223511301504713,0.452951008472173,0.681818181818182,0.547048991527827,0.776488698495287,125,2.08119907654381e-10,47043847
3,-0.714653385780908,0.179293505107951,0.48936170212766,0.344361879776129,0.69541633256551,0.51063829787234,0.30458366743449,0.655638120223871,139,6.72131301095695e-05,573623800
902,-0.769133087537867,0.193773420913971,0.463414634146342,0.316978283522283,0.677501060181905,0.536585365853658,0.322498939818095,0.683021716477717,117,7.21024286540564e-05,145439062
403,-1.00583055521714,0.176569381196194,0.365740740740741,0.258748124397483,0.516974914307386,0.634259259259259,0.483025085692614,0.741251875602517,133,1.22279405506558e-08,503143084
952,-0.8754687373539,0.202547873450592,0.416666666666667,0.280142948855723,0.619723294197645,0.583333333333333,0.380276705802355,0.719857051144277,104,1.54424639470161e-05,764668357
703,-1.40399393821929,0.188151541350738,0.245614035087719,0.16986280742305,0.355146927966558,0.754385964912281,0.644853072033442,0.83013719257695,113,8.51943500323244e-14,148354278
78,-0.776034840365713,0.187277739606465,0.460227272727273,0.318831520346776,0.66432936847527,0.539772727272727,0.33567063152473,0.681168479653224,125,3.41650668611467e-05,100297045
603,-1.09362474715707,0.186883314247089,0.335,0.232257336636821,0.483192486511138,0.665,0.516807513488862,0.767742663363179,117,4.85953152535785e-09,762332849
153,-0.8754687373539,0.202547873450592,0.416666666666667,0.280142948855723,0.619723294197645,0.583333333333333,0.380276705802355,0.719857051144277,104,1.54424639470162e-05,486838758
278,-0.852211875189633,0.215993388861965,0.426470588235294,0.279277005555651,0.651242884346652,0.573529411764706,0.348757115653348,0.720722994444349,92,7.961830810783e-05,939836241
28,-0.930818832437065,0.177273492637989,0.394230769230769,0.278519140902664,0.558015147198083,0.605769230769231,0.441984852801917,0.721480859097336,134,1.51480967260825e-07,6878216
378,-0.892636540976266,0.1851043185423,0.409574468085106,0.284952055636465,0.588699893855865,0.590425531914894,0.411300106144135,0.715047944363535,124,1.41881594325772e-06,564930460
803,-0.70361848042724,0.177086558310906,0.494791666666667,0.349692264039666,0.70009782479777,0.505208333333333,0.29990217520223,0.650307735960334,143,7.08829086073841e-05,974373192
253,-0.866418901833982,0.190370129623792,0.420454545454546,0.289518089202625,0.61060787351931,0.579545454545454,0.38939212648069,0.710481910797375,118,5.33323324856335e-06,680982360
328,-0.770533844175365,0.181027204115704,0.462765957446809,0.324541895126558,0.659860358824094,0.537234042553191,0.340139641175906,0.675458104873442,134,2.07695375312386e-05,189910581
228,-1.22465300956347,0.180192210683853,0.293859649122807,0.206423942256273,0.418330802322206,0.706140350877193,0.581669197677794,0.793576057743727,124,1.07287718551295e-11,503723473
428,-0.678109303195405,0.212669704918146,0.507575757575757,0.334561598486026,0.770061928339827,0.492424242424243,0.229938071660173,0.665438401513974,100,0.00142985219512011,556725963
303,-0.994815494986466,0.186863159521092,0.369791666666667,0.25638871768685,0.533353721528148,0.630208333333333,0.466646278471852,0.74361128231315,119,1.01641360419422e-07,486561422
353,-0.780158557549575,0.191824234156189,0.458333333333333,0.314702620534834,0.667517302802988,0.541666666666667,0.332482697197012,0.685297379465166,119,4.76122367995501e-05,704559792
553,-0.952255880567671,0.189271332980811,0.385869565217391,0.266276276295603,0.559176068677499,0.614130434782609,0.440823931322501,0.733723723704397,117,4.87500631814099e-07,493024340
878,-0.528844129268668,0.225534478055269,0.589285714285715,0.378748234510047,0.916856163066849,0.410714285714285,0.0831438369331507,0.621251765489953,94,0.0190348243732536,925356880
128,-0.861284102361944,0.194663892041055,0.422619047619047,0.288569788852455,0.618938178250363,0.577380952380953,0.381061821749637,0.711430211147545,113,9.66803675209498e-06,632680760
928,-1.02961941718116,0.174233013134951,0.357142857142857,0.253825095933505,0.50251540313247,0.642857142857143,0.49748459686753,0.746174904066495,136,3.4327411333593e-09,84150336
103,-0.738609554636702,0.183984046078094,0.477777777777778,0.33313360319157,0.685225395310852,0.522222222222222,0.314774604689148,0.66686639680843,131,5.9564254940923e-05,161894784
453,-0.987655218082126,0.184680246406403,0.372448979591837,0.259338310967323,0.534892981609953,0.627551020408163,0.465107018390047,0.740661689032677,122,8.89706803324926e-08,428302343
678,-0.653406851910431,0.200035096844474,0.52027027027027,0.351527112367765,0.77001501336237,0.47972972972973,0.22998498663763,0.648472887632235,114,0.0010890078886543,437038880
628,-0.50077528791249,0.206888932127952,0.606060606060606,0.404028384961569,0.909117952822762,0.393939393939394,0.090882047177238,0.595971615038431,113,0.0154990499555233,418054200
53,-1.1239300966524,0.188107988650332,0.325,0.224784080531472,0.469895375821382,0.675,0.530104624178618,0.775215919468528,115,2.30203773884625e-09,970307885
503,-0.980829253011726,0.194624736070338,0.375,0.256074534571137,0.549156518962391,0.625,0.450843481037609,0.743925465428863,110,4.66525450718911e-07,417333771
203,-0.916290731874154,0.190029237547352,0.4,0.275617513934955,0.580514633180241,0.6,0.419485366819759,0.724382486065045,117,1.42239445669214e-06,524861505
578,-0.940007258491471,0.18484227513626,0.390625,0.271908012131375,0.561174676056532,0.609375,0.438825323943468,0.728091987868625,123,3.66743836056154e-07,934126697
528,-1.01278085281833,0.17847951570095,0.363207547169811,0.255995791121251,0.515319887656386,0.636792452830189,0.484680112343614,0.744004208878749,130,1.39099593372276e-08,661864173
653,-1.12059119538688,0.195973970495454,0.326086956521739,0.222085437073178,0.478791876743245,0.673913043478261,0.521208123256755,0.777914562926822,106,1.07746214828375e-08,414654342
778,-0.717244732139006,0.189748901904512,0.488095238095238,0.33650383071071,0.70797696700237,0.511904761904762,0.29202303299763,0.66349616928929,124,0.00015684866565444,236744641
478,-0.999877447982421,0.178012464053525,0.367924528301887,0.259557903517068,0.521534719967656,0.632075471698113,0.478465280032344,0.740442096482932,131,1.94418672364919e-08,893746782
4,-0.78845736036427,0.187689298415565,0.454545454545455,0.314641423848716,0.65665724404831,0.545454545454545,0.34334275595169,0.685358576151284,124,2.65897392205639e-05,273125574
853,-0.663294217410265,0.212153040532327,0.515151515151515,0.339899077585993,0.7807643534889,0.484848484848485,0.2192356465111,0.660100922414007,101,0.00176906924296061,263683887
903,-0.897447644072675,0.187276436797739,0.407608695652174,0.282379684313885,0.588373944729624,0.592391304347826,0.411626055270376,0.717620315686115,121,1.65043581856037e-06,324519378
178,-1.38629436111989,0.18569533819433,0.25,0.17373041226153,0.359752787012983,0.75,0.640247212987017,0.82626958773847,116,8.3032054014463e-14,601154042
953,-0.90078654533819,0.183449846456447,0.40625,0.283557136237981,0.582031066788204,0.59375,0.417968933211796,0.716442863762019,126,9.09554561622989e-07,18812405
728,-1.19770319131234,0.185722708726614,0.30188679245283,0.20977641382497,0.434441764904506,0.69811320754717,0.565558235095494,0.79022358617503,117,1.12680816770829e-10,995547170
978,-0.513806251904129,0.22503257269235,0.598214285714286,0.384865256246025,0.929832781278367,0.401785714285714,0.0701672187216335,0.615134743753975,95,0.0224154815148492,761225746
828,-0.7345323967228,0.202759794052595,0.47972972972973,0.322409020159558,0.713815678831393,0.52027027027027,0.286184321168607,0.677590979840442,108,0.000291574519376703,514593481
704,-0.950976289862045,0.173050640199985,0.386363636363636,0.275229684884059,0.542371944970309,0.613636363636364,0.457628055029691,0.724770315115941,140,3.89904928713353e-08,462298464
604,-1.16315080980568,0.212132034383064,0.3125,0.206197267916676,0.473605935649267,0.6875,0.526394064350733,0.793802732083324,90,4.17829087902238e-08,970885231
154,-1.10809103262265,0.182081407131628,0.330188679245283,0.231086302842419,0.471791545239658,0.669811320754717,0.528208454760342,0.768913697157581,123,1.1599054379339e-09,813824417
329,-0.909370289029582,0.173241944695478,0.402777777777778,0.286814887891125,0.565625931988536,0.597222222222222,0.434374068011464,0.713185112108875,141,1.52815377539673e-07,406229761
379,-1.25471800333117,0.171241438161594,0.28515625,0.20385525836392,0.398881478783842,0.71484375,0.601118521216158,0.79614474163608,137,2.35034137965524e-13,996113043
354,-0.843429383609283,0.191753298484188,0.430232558139535,0.295449030522421,0.626504185023012,0.569767441860465,0.373495814976988,0.704550969477579,117,1.08995079499665e-05,48808902
429,-0.993732657847634,0.179493125850515,0.370192307692308,0.260400950112944,0.526274365032526,0.629807692307692,0.473725634967474,0.739599049887056,129,3.08880454924165e-08,97493642
554,-1.09861228866811,0.185239643434187,0.333333333333333,0.231847530772744,0.479242158589224,0.666666666666667,0.520757841410776,0.768152469227256,119,3.0153151741199e-09,62696346
753,-1.0554401168029,0.183554760736917,0.348039215686275,0.24287682988699,0.498735493673396,0.651960784313725,0.501264506326604,0.75712317011301,122,8.92427515344218e-09,21527104
104,-0.987386653557886,0.181013087604533,0.372549019607843,0.261279180566279,0.531204865653493,0.627450980392157,0.468795134346507,0.738720819433721,127,4.90333872009724e-08,634869723
129,-1.06635142644989,0.168220701864406,0.344262295081967,0.247570981646895,0.478717364315908,0.655737704918033,0.521282635684092,0.752429018353105,145,2.31257693912305e-10,398349260
404,-0.780158557549575,0.179435140673189,0.458333333333333,0.322437818938361,0.651503738414142,0.541666666666667,0.348496261585858,0.677562181061639,136,1.37473399960436e-05,844538161
454,-0.741937344729377,0.190550580746149,0.476190476190476,0.327780985675746,0.691795374118588,0.523809523809524,0.308204625881412,0.672219014324254,122,9.87469324025885e-05,727346049
79,-0.777704568588009,0.204286341674655,0.459459459459459,0.307863603213427,0.685702995363277,0.540540540540541,0.314297004636723,0.692136396786573,105,0.000140700417260754,529383702
629,-0.717839793150317,0.192068331371898,0.487804878048781,0.334778283954833,0.71077967255573,0.51219512195122,0.28922032744427,0.665221716045167,121,0.000185919101718071,463407239
54,-0.884814599772138,0.193236438096295,0.412790697674419,0.282648540658967,0.602855262189825,0.587209302325581,0.397144737810175,0.717351459341033,114,4.67378176442896e-06,745548784
279,-0.412845215405788,0.201302945192738,0.661764705882353,0.44601988713589,0.98186771169271,0.338235294117647,0.0181322883072902,0.55398011286411,124,0.0402800708855379,194654322
29,-0.780158557549575,0.191824234156189,0.458333333333333,0.314702620534834,0.667517302802988,0.541666666666667,0.332482697197012,0.685297379465166,119,4.76122367995502e-05,242991442
204,-0.746635865510932,0.178388184400926,0.473958333333333,0.334114917034416,0.672333051543976,0.526041666666667,0.327666948456024,0.665885082965584,139,2.84594414166716e-05,474241190
529,-0.885519073207401,0.200378429889156,0.4125,0.278523294866236,0.610922867624841,0.5875,0.389077132375159,0.721476705133764,106,9.90515753949867e-06,471698215
779,-0.93237686962578,0.186521069237077,0.393617021276596,0.273090660908224,0.567336718595176,0.606382978723405,0.432663281404824,0.726909339091776,121,5.76956595038927e-07,913030173
254,-1.06421086195078,0.185722248621457,0.345,0.239735324115059,0.496485031729722,0.655,0.503514968270278,0.760264675884941,119,1.00359322727547e-08,507231235
654,-0.780158557549575,0.191824234156189,0.458333333333333,0.314702620534834,0.667517302802988,0.541666666666667,0.332482697197012,0.685297379465166,119,4.76122367995501e-05,473202424
479,-0.945737933200456,0.171322490467572,0.388392857142857,0.277613937560702,0.543376938510546,0.611607142857143,0.456623061489454,0.722386062439298,143,3.38574429797081e-08,451416849
5,-0.771108722029658,0.196248601338367,0.4625,0.314821674653632,0.679452106451502,0.5375,0.320547893548498,0.685178325346368,114,8.52131912523201e-05,870312440
229,-0.776034840365712,0.187277739606465,0.460227272727273,0.318831520346776,0.66432936847527,0.539772727272727,0.33567063152473,0.681168479653224,125,3.4165066861147e-05,997346593
904,-0.635988766719997,0.20808809082856,0.529411764705882,0.352102155726686,0.796009942144623,0.470588235294118,0.203990057855377,0.647897844273314,106,0.0022405411315324,290815151
804,-1.24204475227534,0.179350919852983,0.288793103448276,0.203199688595526,0.410440868171306,0.711206896551724,0.589559131828693,0.796800311404474,125,4.35295501334354e-12,820762466
929,-1.08310810213214,0.190310138269259,0.338541666666667,0.233141638620392,0.491591552447037,0.661458333333333,0.508408447552963,0.766858361379608,113,1.26091246300748e-08,343429899
879,-0.774116243093612,0.185122702566494,0.461111111111111,0.320795935536302,0.662799721681832,0.538888888888889,0.337200278318168,0.679204064463698,128,2.89415711145889e-05,270764967
304,-0.718464988544235,0.194474967115041,0.4875,0.332994628426108,0.713693944924209,0.5125,0.286306055075791,0.667005371573892,118,0.000220421462710983,170387847
954,-1.09861228866811,0.180020574980507,0.333333333333333,0.234231313629052,0.474364889090259,0.666666666666667,0.525635110909741,0.765768686370948,126,1.04288852146756e-09,37360907
729,-1.13943428318836,0.188745860906557,0.32,0.221049333737219,0.463245006301317,0.68,0.536754993698683,0.778950666262781,114,1.57131910854584e-09,799337635
705,-0.837186550782883,0.196149817634107,0.432926829268293,0.294748411491843,0.63588345922429,0.567073170731707,0.36411654077571,0.705251588508157,112,1.97147141056512e-05,535490549
829,-0.823508998423189,0.186763085438199,0.438888888888889,0.304355784080188,0.632889095149818,0.561111111111111,0.367110904850182,0.695644215919812,124,1.03668046627186e-05,731291213
179,-0.528067430200496,0.191077447138896,0.58974358974359,0.405525166344511,0.857647146239468,0.41025641025641,0.142352853760532,0.594474833655489,131,0.00571622573639417,125327370
679,-1.08780137256389,0.194597437556027,0.336956521739131,0.230108270007806,0.493418587427047,0.663043478260869,0.506581412572953,0.769891729992194,108,2.27058211465782e-08,946666047
979,-0.93826963859293,0.188753859126204,0.391304347826087,0.27030065447183,0.566476958506798,0.608695652173913,0.433523041493202,0.72969934552817,118,6.6655421411149e-07,168583992
155,-1.10372738933488,0.189189795337124,0.331632653061225,0.228885689066696,0.480502809174667,0.668367346938775,0.519497190825333,0.771114310933304,114,5.41242016160385e-09,336836821
579,-1.0154347821892,0.185722024320904,0.362244897959183,0.251718655649976,0.521301711860115,0.637755102040817,0.478698288139885,0.748281344350024,120,4.5643255581748e-08,563906913
330,-0.798507696217772,0.185924450373577,0.45,0.312574348533641,0.64784586755111,0.55,0.35215413244889,0.687425651466359,126,1.7485357729137e-05,338159060
504,-0.826678573184468,0.180936716145186,0.4375,0.306877074519872,0.623722871118564,0.5625,0.376277128881436,0.693122925480128,132,4.9033185492288e-06,988850889
555,-1.03798766685168,0.188518475743516,0.354166666666667,0.244760012399161,0.512477616536547,0.645833333333333,0.487522383463453,0.755239987600839,116,3.67023928552811e-08,946949678
430,-0.602763119091676,0.198425567884504,0.547297297297297,0.370956643992633,0.807464528482404,0.452702702702703,0.192535471517596,0.629043356007367,118,0.00238368145484156,740993207
105,-0.916290731874156,0.190029237547352,0.4,0.275617513934954,0.580514633180241,0.6,0.419485366819759,0.724382486065046,117,1.4223944566921e-06,955600618
754,-0.962137119999574,0.176673720599331,0.382075471698113,0.270249073874799,0.540174528557187,0.617924528301887,0.459825471442813,0.729750926125201,134,5.15609691688776e-08,224857802
80,-0.333144446528538,0.212040656988513,0.716666666666667,0.472963766279719,1.08594177340713,0.283333333333333,-0.0859417734071253,0.527036233720281,116,0.116151350273296,632160082
630,-1.10866262452161,0.1874873733377,0.33,0.228520096276949,0.476544521791298,0.67,0.523455478208702,0.771479903723051,116,3.3539081225063e-09,619431530
455,-0.826678573184468,0.188982236537253,0.4375,0.302075905487316,0.633636269967373,0.5625,0.366363730032627,0.697924094512684,121,1.21782645410315e-05,101298010
280,-0.886642037952025,0.17249485089291,0.412037037037037,0.293838279351455,0.577782174143473,0.587962962962963,0.422217825856527,0.706161720648545,143,2.7458165823829e-07,109237993
205,-0.967584026261706,0.182093093628413,0.38,0.265941230758994,0.542977106588112,0.62,0.457022893411888,0.734058769241006,126,1.07434518207263e-07,640328215
30,-0.81918790145531,0.203079202830633,0.440789473684211,0.296053284690573,0.656285101899395,0.559210526315789,0.343714898100605,0.703946715309427,105,5.48739653759686e-05,917169474
55,-0.778046624346431,0.189510004523146,0.459302325581395,0.316801650887132,0.665901284585279,0.540697674418605,0.334098715414721,0.683198349112868,122,4.03318800504123e-05,100283866
380,-0.944461608840852,0.191070501437356,0.388888888888889,0.267415163119135,0.565542230804087,0.611111111111111,0.434457769195913,0.732584836880865,115,7.69292354639866e-07,183816656
655,-0.953430278823612,0.185329023246947,0.385416666666667,0.268026750091627,0.554220826442371,0.614583333333333,0.445779173557629,0.731973249908373,122,2.68194794999743e-07,763213891
854,-0.812493938192511,0.197698019858253,0.44375,0.301201760858548,0.653761325759567,0.55625,0.346238674240433,0.698798239141452,111,3.96048646999152e-05,773532292
530,-0.845487905141964,0.185465248212762,0.429347826086956,0.298497681895827,0.617557746495091,0.570652173913043,0.382442253504909,0.701502318104173,125,5.14613544066929e-06,990441451
255,-0.738267615840415,0.211651553518461,0.477941176470588,0.315657650236595,0.723656683102332,0.522058823529412,0.276343316897668,0.684342349763405,99,0.000486415967990804,618549422
780,-0.771108722029657,0.196248601338367,0.4625,0.314821674653632,0.679452106451502,0.5375,0.320547893548498,0.685178325346368,114,8.52131912523212e-05,197515855
355,-1.14788333767489,0.185424605679041,0.317307692307692,0.220621020984851,0.45636708210387,0.682692307692308,0.54363291789613,0.779378979015149,118,5.99483991430952e-10,283812094
6,-0.587786664902119,0.200693242850611,0.555555555555556,0.374884165462069,0.823299578226305,0.444444444444444,0.176700421773695,0.625115834537931,116,0.00340293498053977,538336938
230,-0.738609554636703,0.183984046078094,0.477777777777778,0.33313360319157,0.685225395310851,0.522222222222222,0.314774604689149,0.666866396808431,131,5.95642549409227e-05,279155073
480,-0.8754687373539,0.202547873450592,0.416666666666667,0.280142948855723,0.619723294197645,0.583333333333333,0.380276705802355,0.719857051144277,104,1.54424639470162e-05,290290709
805,-0.481838086892738,0.203264671166818,0.617647058823529,0.414687720923387,0.919940162259679,0.382352941176471,0.0800598377403214,0.585312279076613,118,0.0177642368732779,495129078
930,-0.798507696217772,0.197202659471308,0.45,0.305740735297084,0.662325874905853,0.55,0.337674125094147,0.694259264702916,112,5.13989269800014e-05,752301222
880,-0.93237686962578,0.186521069237077,0.393617021276595,0.273090660908224,0.567336718595176,0.606382978723405,0.432663281404824,0.726909339091776,121,5.76956595038924e-07,929010076
305,-1.04054848771335,0.192675234086321,0.353260869565218,0.242153124456796,0.515348469056152,0.646739130434782,0.484651530943848,0.757846875543204,111,6.64440947472511e-08,689216
405,-1.02338886743052,0.18795235291687,0.359375,0.24863515202618,0.519437374693508,0.640625,0.480562625306492,0.75136484797382,117,5.18234969293036e-08,502071122
680,-1.06289420606603,0.177030259920716,0.345454545454545,0.244175722261976,0.488741640117553,0.654545454545455,0.511258359882447,0.755824277738024,131,1.92484375234329e-09,364871383
830,-1.04707863855293,0.181464595382385,0.350961538461538,0.245921546649924,0.500867057633757,0.649038461538461,0.499132942366243,0.754078453350076,125,7.91991791016161e-09,302730407
730,-1.01856958099457,0.193924824656436,0.361111111111111,0.246928797527917,0.528092453668383,0.638888888888889,0.471907546331617,0.753071202472083,110,1.50134889408043e-07,700956433
605,-1.31847176478113,0.184220797629121,0.267543859649123,0.186460120597918,0.383887539096383,0.732456140350877,0.616112460903617,0.813539879402082,118,8.24502215616237e-13,107444107
706,-1.01693425765384,0.18969047975148,0.361702127659575,0.249394134071083,0.524585029398383,0.638297872340425,0.475414970601617,0.750605865928917,115,8.27538326911358e-08,951945979
130,-0.823508998423189,0.186763085438199,0.438888888888889,0.304355784080188,0.632889095149818,0.561111111111111,0.367110904850182,0.695644215919812,124,1.03668046627187e-05,566994618
180,-1.01654733561381,0.210944560652247,0.361842105263158,0.239311057552511,0.547110988018367,0.638157894736842,0.452889011981633,0.76068894244749,93,1.4426070970285e-06,93983843
580,-0.885519073207401,0.200378429889156,0.4125,0.278523294866236,0.610922867624841,0.5875,0.389077132375159,0.721476705133764,106,9.90515753949867e-06,53902834
505,-0.995428052432879,0.190905769422509,0.369565217391304,0.254209516227536,0.537267258646739,0.630434782608696,0.462732741353261,0.745790483772464,114,1.84574708051342e-07,526334010
331,-0.774116243093612,0.185122702566494,0.461111111111111,0.320795935536302,0.662799721681831,0.538888888888889,0.337200278318169,0.679204064463698,128,2.89415711145886e-05,533542416
905,-0.763105769166856,0.203764031823839,0.466216216216216,0.312710970218779,0.695074944479554,0.533783783783784,0.304925055520446,0.687289029781221,106,0.000180360384803761,797422658
556,-1.00785792539965,0.183571866436865,0.365,0.254704259843718,0.523057604461522,0.635,0.476942395538478,0.745295740156282,123,4.01334456631294e-08,142554326
431,-0.863046217355343,0.182151070150214,0.421875,0.295213706944433,0.6028802573808,0.578125,0.3971197426192,0.704786293055567,129,2.15753373555948e-06,479335401
106,-0.81377516834856,0.188541203879056,0.443181818181818,0.306263591544863,0.641310718574823,0.556818181818182,0.358689281425177,0.693736408455137,122,1.58762473940032e-05,780718404
955,-0.945982521681558,0.187016646031184,0.388297872340426,0.269138701740829,0.560213884844003,0.611702127659574,0.439786115155997,0.730861298259171,120,4.23055403632356e-07,263297383
81,-1.2576769832978,0.191961512954917,0.284313725490196,0.195164080628902,0.414186331017633,0.715686274509804,0.585813668982367,0.804835919371098,109,5.68802987087122e-11,491364321
755,-1.06421086195078,0.185722248621457,0.345,0.239735324115059,0.496485031729722,0.655,0.503514968270278,0.760264675884941,119,1.00359322727547e-08,238649475
631,-0.921988752988793,0.192387595818816,0.397727272727273,0.272787680943036,0.579890495509975,0.602272727272727,0.420109504490025,0.727212319056964,114,1.64838759428952e-06,908390578
281,-1.11923157587085,0.189824032395763,0.326530612244898,0.225084398477638,0.473698938949875,0.673469387755102,0.526301061050125,0.774915601522362,113,3.72073548913737e-09,512734793
206,-1.06352096885684,0.202610224647144,0.345238095238095,0.232090078781182,0.513547770027695,0.654761904761905,0.486452229972305,0.767909921218818,100,1.5284557294527e-07,768790727
156,-0.585516516367579,0.181469981862832,0.556818181818182,0.390162817935499,0.794659238017301,0.443181818181818,0.205340761982699,0.609837182064501,142,0.00125305497281415,21564652
980,-0.968090227234297,0.178574906100479,0.379807692307692,0.267645854243047,0.538972978094773,0.620192307692308,0.461027021905227,0.732354145756953,131,5.92003807047034e-08,931610994
56,-0.550046336919272,0.191708467994636,0.576923076923077,0.39621906362066,0.840040945140013,0.423076923076923,0.159959054859987,0.60378093637934,129,0.00411535930228168,547940830
356,-1.18562366565774,0.183493960877206,0.305555555555556,0.213255304073847,0.437804808355594,0.694444444444444,0.562195191644406,0.786744695926153,120,1.03754444354969e-10,46856440
855,-0.833504538254867,0.193670219598703,0.43452380952381,0.297276917166013,0.635134886499255,0.56547619047619,0.364865113500745,0.702723082833987,115,1.679455223037e-05,26879747
381,-0.803689054959769,0.190375489370873,0.447674418604651,0.30825800821456,0.650144942653095,0.552325581395349,0.349855057346905,0.69174199178544,120,2.42574922669103e-05,528911162
7,-1.02766055269583,0.18250061173615,0.357843137254902,0.250234905858612,0.51172601376717,0.642156862745098,0.48827398623283,0.749765094141388,124,1.79169958950702e-08,682276970
231,-0.762140052046897,0.184734902330963,0.466666666666667,0.32490780711719,0.670275607440939,0.533333333333333,0.329724392559061,0.67509219288281,129,3.69789133430679e-05,732303494
881,-1.11696142733631,0.179082961443421,0.327272727272727,0.230395569024418,0.464884973569859,0.672727272727273,0.535115026430141,0.769604430975583,127,4.45707935840087e-10,91018471
931,-1.08554020710076,0.174730857734521,0.337719298245614,0.239786485526329,0.475649510259771,0.662280701754386,0.524350489740229,0.760213514473671,134,5.21011712894612e-10,162614308
831,-0.997636371328107,0.204814922686549,0.36875,0.24682733304894,0.550897507258806,0.63125,0.449102492741194,0.75317266695106,99,1.11081820947276e-06,781679416
406,-0.896088024556636,0.181406072875598,0.408163265306122,0.28603605949213,0.582434436557255,0.591836734693878,0.417565563442745,0.71396394050787,129,7.82507156122808e-07,44972085
606,-0.972732042779106,0.201294004314744,0.378048780487805,0.254803901971918,0.560905383796156,0.621951219512195,0.439094616203844,0.745196098028082,103,1.34900591355176e-06,593836937
681,-0.980829253011726,0.199204768253061,0.375,0.253786117358656,0.554108323432308,0.625,0.445891676567692,0.746213882641344,105,8.49126753275103e-07,801028249
731,-0.967584026261706,0.182093093628413,0.38,0.265941230758994,0.542977106588112,0.62,0.457022893411888,0.734058769241006,126,1.07434518207262e-07,875357247
707,-0.782094666576442,0.181395983233094,0.457446808510638,0.320579731716605,0.652747388289519,0.542553191489362,0.347252611710481,0.679420268283395,133,1.62126980828617e-05,737590173
456,-0.950976289862045,0.193476497518512,0.386363636363636,0.264428798469862,0.564525726274651,0.613636363636364,0.435474273725349,0.735571201530138,112,8.86904435750556e-07,69634462
131,-0.801360765200178,0.199816765915046,0.448717948717949,0.303311657373495,0.663831384672782,0.551282051282051,0.336168615327218,0.696688342626505,109,6.05959191293057e-05,499484942
581,-0.706392407309966,0.199120874901799,0.493421052631579,0.333984013578754,0.728970026353211,0.506578947368421,0.271029973646789,0.666015986421246,113,0.000388823432918303,349853204
332,-0.910211685797772,0.198851097726021,0.402439024390244,0.272544690735418,0.594240775394141,0.597560975609756,0.405759224605859,0.727455309264582,107,4.70896276582055e-06,640972738
506,-0.862223510603879,0.188096031247345,0.422222222222222,0.292034025597515,0.610448061911689,0.577777777777778,0.389551938088311,0.707965974402485,121,4.56265167482259e-06,848562712
31,-0.841567185678219,0.165049626838914,0.431034482758621,0.311904411988986,0.595665589153488,0.568965517241379,0.404334410846512,0.688095588011014,158,3.41680600528516e-07,762296282
256,-0.542864977510607,0.196608580557977,0.581081081081081,0.39526031158914,0.854260376997676,0.418918918918919,0.145739623002324,0.60473968841086,123,0.00575989375410404,880853027
781,-0.910870664404815,0.18775687460059,0.402173913043478,0.278352390446898,0.581075866002163,0.597826086956522,0.418924133997837,0.721647609553102,120,1.22635951222942e-06,462787903
656,-0.879733136140357,0.184654023992328,0.414893617021277,0.288907597807115,0.595819267999738,0.585106382978723,0.404180732000262,0.711092402192885,125,1.89581794447445e-06,353250157
906,-0.907804117996837,0.191863961653947,0.403409090909091,0.276968756169124,0.587571309049482,0.596590909090909,0.412428690950518,0.723031243830876,115,2.22868057376852e-06,545173793
531,-1.3404848250886,0.174786650349651,0.26171875,0.18580447557645,0.368649376658202,0.73828125,0.631350623341798,0.81419552442355,131,1.72987147592842e-14,786579207
481,-0.463961314789773,0.205794127719945,0.628787878787879,0.420079880824091,0.941188127684039,0.371212121212121,0.0588118723159609,0.579920119175909,116,0.0241652027918364,275052368
806,-0.704843220323137,0.187137702905593,0.494186046511628,0.342451109255757,0.713152452907953,0.505813953488372,0.286847547092047,0.657548890744243,128,0.000165590826438177,40625585
306,-0.891598119283784,0.179429991812572,0.41,0.2884381960877,0.582793826476743,0.59,0.417206173523257,0.7115618039123,132,6.72787846902632e-07,188493809
282,-1.04054848771335,0.192675234086321,0.353260869565217,0.242153124456796,0.515348469056152,0.646739130434783,0.484651530943848,0.757846875543204,111,6.64440947472507e-08,625820900
157,-1.18219900477638,0.185074417252818,0.306603773584906,0.213325054932869,0.440669634450986,0.693396226415094,0.559330365549014,0.786674945067131,118,1.68404348076944e-10,240733934
357,-0.84949325095064,0.204206769898776,0.427631578947368,0.286581829630623,0.638103146834954,0.572368421052632,0.361896853165046,0.713418170369377,103,3.18294760501173e-05,360920276
981,-1.0171968971826,0.17378959082318,0.361607142857143,0.257221361484551,0.50835484662171,0.638392857142857,0.49164515337829,0.742778638515449,137,4.82676825656673e-09,622415242
856,-0.987946720780591,0.188579718000837,0.372340425531915,0.257288777698061,0.538839640522465,0.627659574468085,0.461160359477535,0.742711222301939,117,1.61553074864877e-07,177024110
382,-0.973762085788634,0.188045480663287,0.377659574468085,0.261237726857063,0.54596537760204,0.622340425531915,0.45403462239796,0.738762273142937,118,2.23877559811173e-07,137394254
432,-0.910870664404816,0.18775687460059,0.402173913043478,0.278352390446898,0.581075866002163,0.597826086956522,0.418924133997837,0.721647609553102,120,1.22635951222941e-06,983988033
232,-0.896746135801185,0.206021410891499,0.407894736842105,0.272384480047389,0.61082083793667,0.592105263157895,0.38917916206333,0.727615519952611,100,1.34480810796022e-05,241322779
956,-1.02585293438568,0.178957590715259,0.358490566037736,0.252434525978341,0.509104233820547,0.641509433962264,0.490895766179453,0.747565474021659,129,9.90310285291511e-09,749486192
82,-1.06784063000136,0.189696727686742,0.34375,0.237013213970264,0.498554745200092,0.65625,0.501445254799908,0.762986786029736,114,1.81048419229162e-08,940599670
932,-0.980829253011726,0.179028718537414,0.375,0.264022990726223,0.532624070400825,0.625,0.467375929599175,0.735977009273777,130,4.28670240221719e-08,836927596
407,-0.845487905141964,0.185465248212762,0.429347826086956,0.298497681895827,0.617557746495091,0.570652173913044,0.382442253504909,0.701502318104173,125,5.14613544066927e-06,944036576
682,-0.959775843813894,0.187524624101984,0.382978723404255,0.265187712879722,0.553090114876015,0.617021276595745,0.446909885123985,0.734812287120278,119,3.08576053544606e-07,896019083
607,-1.12678316563481,0.181119388285664,0.324074074074074,0.227234979804969,0.46218238748765,0.675925925925926,0.53781761251235,0.772765020195031,124,4.93310740678802e-10,62434835
181,-0.744440474947496,0.195340458560599,0.475,0.323906385542542,0.696574720569583,0.525,0.303425279430417,0.676093614457458,116,0.00013841153666295,459556211
107,-0.954511944694353,0.181623272180071,0.385,0.269688681444944,0.549615205227882,0.615,0.450384794772118,0.730311318555056,127,1.47663325937663e-07,280412062
832,-0.747214401830221,0.200511043030344,0.473684210526316,0.3197522426867,0.701720586591127,0.526315789473684,0.298279413408873,0.6802477573133,110,0.000194118676768532,741892897
756,-0.733421079697885,0.200036045814872,0.480263157894737,0.324495203189863,0.710804654625571,0.519736842105263,0.289195345374429,0.675504796810137,111,0.00024594617236999,776130527
457,-0.810930216216328,0.186338998157482,0.444444444444445,0.308464676957304,0.64036785717566,0.555555555555555,0.35963214282434,0.691535323042696,125,1.34957764499344e-05,420565815
57,-0.58122926435596,0.195142243776904,0.55921052631579,0.381478405512454,0.819748662633469,0.44078947368421,0.180251337366531,0.618521594487546,123,0.00289672274999102,823907888
632,-1.00408611517599,0.170311729488739,0.366379310344828,0.262398491412565,0.511564675262167,0.633620689655172,0.488435324737833,0.737601508587435,143,3.73371688116295e-09,219731235
582,-0.743157601134606,0.192900898744513,0.475609756097561,0.325876626599089,0.694141959354056,0.524390243902439,0.305858040645944,0.674123373400911,119,0.000116900921077023,375994878
207,-0.852995881501841,0.189896303473369,0.426136363636364,0.293703126062701,0.618284874415864,0.573863636363636,0.381715125584136,0.706296873937299,119,7.05893892219314e-06,170654664
32,-1.04982212449868,0.176546965926448,0.35,0.247623007782947,0.49470362668148,0.65,0.50529637331852,0.752376992217053,132,2.74073083488304e-09,525535154
782,-0.837728409371053,0.174189208484013,0.432692307692307,0.307545269558316,0.608764470365537,0.567307692307693,0.391235529634463,0.692454730441684,142,1.51458667851417e-06,253004874
557,-0.98794672078059,0.188579718000837,0.372340425531915,0.257288777698061,0.538839640522465,0.627659574468085,0.461160359477535,0.742711222301939,117,1.61553074864878e-07,637006633
257,-0.798507696217772,0.176383420768635,0.45,0.318474506871149,0.635843672353746,0.55,0.364156327646254,0.681525493128851,140,5.9794938907901e-06,561376202
532,-0.421213465076303,0.207737242273578,0.656250000000001,0.436760199012397,0.986042371703785,0.343749999999999,0.0139576282962153,0.563239800987603,116,0.042598417869952,416265438
807,-0.795426029680364,0.207755609256623,0.451388888888889,0.300406253696958,0.678254618553599,0.548611111111111,0.321745381446401,0.699593746303042,101,0.0001288417514747,647329943
482,-0.8754687373539,0.202547873450592,0.416666666666667,0.280142948855723,0.619723294197645,0.583333333333333,0.380276705802355,0.719857051144277,104,1.54424639470161e-05,330125523
882,-0.92676203174145,0.18436710140672,0.395833333333333,0.275790182574612,0.568127648036886,0.604166666666667,0.431872351963114,0.724209817425388,124,4.98936698347094e-07,531848405
8,-0.961411167154624,0.180078749351268,0.382352941176471,0.268646462317369,0.544186476029563,0.617647058823529,0.455813523970437,0.731353537682631,129,9.35444758758837e-08,853399277
307,-1.19440335330979,0.187360041397357,0.302884615384615,0.209795446640301,0.437278747970041,0.697115384615385,0.562721252029959,0.790204553359699,115,1.83070733966284e-10,133421114
732,-1.145132304303,0.20145574103263,0.318181818181818,0.214385753288851,0.4722313300599,0.681818181818182,0.5277686699401,0.785614246711149,100,1.31359316133777e-08,542932607
283,-1.01856958099457,0.193924824656436,0.361111111111111,0.246928797527917,0.528092453668383,0.638888888888889,0.471907546331617,0.753071202472083,110,1.50134889408043e-07,518377729
708,-0.974049566026348,0.184178383067404,0.377551020408163,0.263149606226074,0.541687198607411,0.622448979591837,0.458312801392589,0.736850393773926,123,1.23242310878337e-07,798230640
132,-0.838654764231183,0.181332639410804,0.432291666666667,0.302988567048473,0.61677602851446,0.567708333333333,0.38322397148554,0.697011432951527,131,3.74685051176056e-06,902351514
358,-0.950976289862045,0.193476497518512,0.386363636363636,0.264428798469862,0.564525726274651,0.613636363636364,0.435474273725349,0.735571201530138,112,8.86904435750552e-07,327756362
333,-1.24204475227534,0.179350919852983,0.288793103448276,0.203199688595526,0.410440868171306,0.711206896551724,0.589559131828694,0.796800311404474,125,4.35295501334345e-12,657513185
507,-0.88889175768604,0.189038979439611,0.411111111111111,0.283823887087362,0.595483161806568,0.588888888888889,0.404516838193432,0.716176112912638,119,2.5742211406519e-06,908704355
857,-1.04145387482816,0.183021124561889,0.352941176470588,0.246555369654285,0.505231235576451,0.647058823529412,0.494768764423549,0.753444630345715,123,1.2678078616786e-08,462601479
657,-0.456758402495715,0.215618245963014,0.633333333333333,0.415047462013605,0.966422271720728,0.366666666666667,0.0335777282792715,0.584952537986395,106,0.0341440668236089,627564212
907,-1.05280275263682,0.1890997262768,0.348958333333333,0.240886019469595,0.50551675298926,0.651041666666667,0.49448324701074,0.759113980530405,115,2.58498282593913e-08,608902277
83,-0.630626823578612,0.217737409767173,0.532258064516129,0.347363219362281,0.815568924546932,0.467741935483871,0.184431075453068,0.652636780637719,97,0.00377624602379642,649635263
383,-1.02417969388534,0.175613342428899,0.359090909090909,0.254520086630189,0.506625165420012,0.640909090909091,0.493374834579988,0.745479913369811,134,5.47619074880285e-09,797976425
957,-0.693147180559946,0.204124145128849,0.5,0.335134560930408,0.745969020043604,0.5,0.254030979956396,0.664865439069592,108,0.000684498868379987,88150775
408,-0.37469344944141,0.220683707161406,0.6875,0.446094008647508,1.05954404416465,0.3125,-0.0595440441646495,0.553905991352492,105,0.0895312709717565,850080470
108,-0.88804751956076,0.183006997660013,0.411458333333333,0.28744186614808,0.588981564648722,0.588541666666667,0.411018435351278,0.71255813385192,127,1.21894411614135e-06,410588519
608,-1.12556809865664,0.194087707951025,0.324468085106383,0.221801372498941,0.474656838532888,0.675531914893617,0.525343161467112,0.778198627501059,108,6.66020173914971e-09,692796277
182,-0.857035035665062,0.192235387228751,0.424418604651163,0.29118121572255,0.618622157775716,0.575581395348837,0.381377842224284,0.70881878427745,116,8.26282469244097e-06,80249658
683,-1.14373272394858,0.18706271282919,0.318627450980392,0.220828498427191,0.459738907076503,0.681372549019608,0.540261092923497,0.779171501572809,116,9.70624310408884e-10,601045199
757,-0.93587786514946,0.168019017698524,0.392241379310345,0.282185932964809,0.545219593431926,0.607758620689655,0.454780406568074,0.717814067035191,149,2.5463548608117e-08,397589731
633,-0.801781021562741,0.214021511406914,0.448529411764706,0.294859745159495,0.68228585461597,0.551470588235294,0.31771414538403,0.705140254840505,95,0.000179487907628833,241331189
58,-0.521296923633286,0.210731807449948,0.59375,0.392851470333483,0.897385116570233,0.40625,0.102614883429767,0.607148529666517,108,0.0133704793187325,5221132
208,-0.916290731874155,0.190029237547352,0.4,0.275617513934954,0.580514633180241,0.6,0.419485366819759,0.724382486065046,117,1.42239445669212e-06,643024921
583,-1.02417969388534,0.175613342428899,0.359090909090909,0.254520086630189,0.506625165420013,0.640909090909091,0.493374834579987,0.745479913369811,134,5.47619074880289e-09,110211058
158,-0.780158557549575,0.179435140673189,0.458333333333333,0.322437818938361,0.651503738414142,0.541666666666667,0.348496261585858,0.677562181061639,136,1.37473399960435e-05,436369583
558,-1.05989777648742,0.173787477989243,0.346491228070175,0.246470005533124,0.487102561911712,0.653508771929825,0.512897438088288,0.753529994466877,136,1.0685727209758e-09,157723490
783,-0.744440474947496,0.195340458560599,0.475,0.323906385542542,0.696574720569583,0.525,0.303425279430417,0.676093614457458,116,0.000138411536662949,58618244
433,-0.806475865866949,0.192724822365591,0.446428571428571,0.30598794395971,0.651327849093286,0.553571428571429,0.348672150906714,0.69401205604029,117,2.85671451140421e-05,977545734
982,-0.96703593087939,0.185827779088801,0.380208333333333,0.264146426114645,0.547266070801843,0.619791666666667,0.452733929198157,0.735853573885355,121,1.95110877274169e-07,867847495
33,-0.903868211875598,0.179849045098771,0.405,0.284686739488181,0.576159607205062,0.595,0.423840392794938,0.715313260511819,131,5.01586915061989e-07,468087340
9,-0.67252789335721,0.176174387846325,0.510416666666667,0.361380684513655,0.720916155111404,0.489583333333333,0.279083844888596,0.638619315486346,146,0.000134866088370194,877858246
258,-0.743157601134607,0.192900898744513,0.475609756097561,0.325876626599089,0.694141959354056,0.524390243902439,0.305858040645944,0.674123373400911,119,0.00011690092107702,36955967
483,-0.59783700075562,0.203858876446595,0.55,0.368839733251855,0.82013940670932,0.45,0.17986059329068,0.631160266748145,112,0.00336134211906176,51213752
883,-0.974049566026347,0.184178383067404,0.377551020408163,0.263149606226074,0.541687198607412,0.622448979591837,0.458312801392588,0.736850393773926,123,1.23242310878339e-07,352321559
808,-0.60077386042893,0.216711667453012,0.548387096774194,0.358609608508997,0.838595511031557,0.451612903225806,0.161404488968443,0.641390391491003,99,0.0055674256512532,680696705
933,-0.778046624346431,0.189510004523146,0.459302325581395,0.316801650887132,0.665901284585279,0.540697674418605,0.334098715414721,0.683198349112868,122,4.03318800504123e-05,754743615
233,-0.680724660561388,0.193250301354135,0.50625,0.346633140177874,0.739366877525,0.49375,0.260633122475,0.653366859822126,121,0.000427493085601464,255156936
833,-0.863046217355343,0.182151070150214,0.421875,0.295213706944433,0.6028802573808,0.578125,0.3971197426192,0.704786293055567,129,2.15753373555948e-06,490655772
458,-0.879733136140358,0.184654023992328,0.414893617021277,0.288907597807115,0.595819267999738,0.585106382978724,0.404180732000262,0.711092402192885,125,1.89581794447444e-06,5035614
733,-0.863046217355342,0.182151070150214,0.421875,0.295213706944434,0.6028802573808,0.578125,0.3971197426192,0.704786293055566,129,2.15753373555948e-06,260973713
709,-0.989879088531645,0.21262371745093,0.371621621621621,0.244971373776015,0.563750072214377,0.628378378378379,0.436249927785623,0.755028626223985,92,3.23126266158834e-06,444596616
284,-0.68209734437336,0.182239494009315,0.505555555555556,0.353709194048131,0.722589132693869,0.494444444444444,0.277410867306131,0.646290805951869,136,0.000181935889423131,854555404
359,-0.602763119091676,0.198425567884504,0.547297297297297,0.370956643992633,0.807464528482404,0.452702702702703,0.192535471517596,0.629043356007367,118,0.00238368145484158,229485273
508,-1.11923157587085,0.189824032395763,0.326530612244898,0.225084398477638,0.473698938949875,0.673469387755102,0.526301061050125,0.774915601522362,113,3.72073548913738e-09,232175701
334,-0.464888528578965,0.189328041278757,0.628205128205128,0.433456137226736,0.910453559679994,0.371794871794872,0.0895464403200062,0.566543862773264,137,0.0140702143898705,915900355
658,-0.763764747773899,0.186875345326805,0.465909090909091,0.323022372254298,0.672000764147838,0.534090909090909,0.327999235852162,0.676977627745702,126,4.36934616147539e-05,848061427
533,-1.20397280432594,0.174801474716265,0.3,0.212975658485414,0.422583503861611,0.7,0.577416496138389,0.787024341514586,132,5.67182987111943e-12,205012928
908,-0.615185639090234,0.198814051261702,0.54054054054054,0.366098074199086,0.798103285866968,0.45945945945946,0.201896714133032,0.633901925800914,117,0.00197293547164584,442406150
958,-0.948672141377195,0.17962758973933,0.387254901960784,0.272331352086734,0.550676071423808,0.612745098039216,0.449323928576192,0.727668647913266,130,1.28251153545617e-07,487525300
84,-0.987655218082126,0.184680246406403,0.372448979591837,0.259338310967323,0.534892981609953,0.627551020408163,0.465107018390047,0.740661689032677,122,8.8970680332493e-08,211007839
409,-0.921988752988793,0.192387595818816,0.397727272727273,0.272787680943036,0.579890495509975,0.602272727272727,0.420109504490025,0.727212319056964,114,1.64838759428952e-06,690701700
308,-1.05280275263682,0.1890997262768,0.348958333333333,0.240886019469595,0.50551675298926,0.651041666666667,0.49448324701074,0.759113980530405,115,2.58498282593913e-08,397619972
109,-1.38629436111989,0.174077655971895,0.25,0.177731677223224,0.351653689294242,0.75,0.648346310705758,0.822268322776776,132,1.67030816373799e-15,630337548
609,-0.772284501118669,0.183040531929653,0.461956521739131,0.322698331165259,0.661310603022697,0.538043478260869,0.338689396977303,0.677301668834741,131,2.45171376183711e-05,172260014
133,-0.782378314287888,0.194225583405369,0.457317073170732,0.312530422470431,0.66917935143812,0.542682926829268,0.33082064856188,0.687469577529569,116,5.62069747424529e-05,628625978
183,-0.615185639090234,0.198814051261702,0.54054054054054,0.366098074199086,0.798103285866968,0.45945945945946,0.201896714133032,0.633901925800914,117,0.00197293547164584,212617604
634,-0.833504538254867,0.193670219598703,0.43452380952381,0.297276917166013,0.635134886499255,0.56547619047619,0.364865113500745,0.702723082833987,115,1.67945522303701e-05,363030146
159,-0.884814599772138,0.193236438096295,0.412790697674419,0.282648540658967,0.602855262189825,0.587209302325581,0.397144737810175,0.717351459341033,114,4.67378176442894e-06,414081515
434,-1.22077992264232,0.192221623526492,0.295,0.202396348689324,0.429973171766958,0.705,0.570026828233042,0.797603651310676,109,2.14061628888711e-10,556484616
559,-1.04707863855293,0.181464595382385,0.350961538461538,0.245921546649924,0.500867057633757,0.649038461538462,0.499132942366243,0.754078453350076,125,7.91991791016152e-09,855754755
858,-0.90078654533819,0.20095923815011,0.40625,0.273991165867584,0.602351765530137,0.59375,0.397648234469863,0.726008834132416,105,7.37964291860999e-06,268917136
784,-1.08481896653577,0.179491360974525,0.337962962962963,0.237730982656617,0.480454684779918,0.662037037037037,0.519545315220082,0.762269017343383,127,1.50478878784424e-09,639482252
384,-0.880358722648092,0.197727403938873,0.414634146341463,0.281422743998283,0.610901140646126,0.585365853658537,0.389098859353874,0.718577256001717,109,8.49213335025346e-06,973059241
884,-0.913935018181696,0.175021799843939,0.400943396226415,0.284514391236167,0.565017489200164,0.599056603773585,0.434982510799836,0.715485608763833,138,1.77158472039794e-07,837608000
809,-0.80437281567017,0.202538075040206,0.447368421052631,0.300790837368304,0.665374337550265,0.552631578947369,0.334625662449735,0.699209162631696,106,7.14320861503053e-05,418542235
983,-1.21263086706905,0.178140767207174,0.297413793103448,0.209762287234105,0.421691456050251,0.702586206896552,0.578308543949749,0.790237712765895,127,9.95513408454941e-12,367877841
10,-0.653406851910431,0.200035096844474,0.52027027027027,0.351527112367765,0.77001501336237,0.47972972972973,0.22998498663763,0.648472887632235,114,0.0010890078886543,347791910
934,-0.607204750759221,0.19340561387199,0.544871794871795,0.372964220192526,0.796015426609977,0.455128205128205,0.203984573390023,0.627035779807474,124,0.00169213043415564,286419002
234,-0.550972691779403,0.199564451978284,0.576388888888889,0.389803766132234,0.852285637286189,0.423611111111111,0.147714362713811,0.610196233867766,119,0.00576465713829465,984967497
459,-0.645519131570691,0.189784485241599,0.524390243902439,0.361501210996163,0.760675537274971,0.475609756097561,0.239324462725029,0.638498789003837,127,0.000670595101215981,569301640
684,-1.27188400994215,0.169307497386826,0.28030303030303,0.201146736056634,0.390609315057142,0.71969696969697,0.609390684942858,0.798853263943366,140,5.81097925835972e-14,674600846
710,-0.941608539858446,0.181164325491948,0.39,0.273436983018783,0.556252480263622,0.61,0.443747519736378,0.726563016981217,128,2.01944824688527e-07,310762150
59,-0.619039208406224,0.193767354063179,0.538461538461538,0.368315178611872,0.787208470460308,0.461538461538462,0.212791529539692,0.631684821388129,123,0.0013994962712715,502234945
734,-1.2776605201171,0.176350007039232,0.278688524590164,0.197246673735962,0.393757178598657,0.721311475409836,0.606242821401343,0.802753326264038,129,4.32353832951614e-13,52699911
758,-0.987946720780591,0.188579718000837,0.372340425531915,0.257288777698061,0.538839640522465,0.627659574468085,0.461160359477535,0.742711222301939,117,1.61553074864877e-07,250312237
209,-1.19440335330979,0.187360041397357,0.302884615384615,0.209795446640301,0.437278747970042,0.697115384615385,0.562721252029958,0.790204553359699,115,1.83070733966286e-10,147543988
335,-0.777230297770487,0.223163447237608,0.459677419354839,0.296822008733909,0.711885654187288,0.540322580645161,0.288114345812712,0.703177991266091,88,0.000496226788210715,974589819
509,-0.980829253011726,0.172516389862142,0.375,0.267414560441362,0.525868897220485,0.625,0.474131102779515,0.732585439558638,140,1.30486603339591e-08,269779190
584,-0.852995881501841,0.189896303473369,0.426136363636364,0.2937031260627,0.618284874415863,0.573863636363636,0.381715125584137,0.7062968739373,119,7.05893892219303e-06,92999414
259,-0.584933595919713,0.20345009544921,0.557142857142857,0.373929330370235,0.830125208305978,0.442857142857143,0.169874791694022,0.626070669629765,113,0.0040393585818682,331269836
659,-1.14373272394858,0.18706271282919,0.318627450980392,0.220828498427191,0.459738907076503,0.681372549019608,0.540261092923497,0.779171501572809,116,9.70624310408884e-10,926208770
534,-0.563094052311748,0.199932237707473,0.569444444444444,0.384829831861903,0.842624319792873,0.430555555555556,0.157375680207127,0.615170168138097,118,0.00485614555551312,800979549
484,-0.719122666963206,0.19697441557752,0.487179487179487,0.331149472372561,0.716727256208469,0.512820512820513,0.283272743791531,0.668850527627439,115,0.000261380984241027,256770485
34,-1.1048819016817,0.209446710502397,0.33125,0.219722495936903,0.499387020123373,0.66875,0.500612979876627,0.780277504063097,93,1.32581643427293e-07,552293599
834,-0.870828357797398,0.192729610737002,0.418604651162791,0.286914374738223,0.610739194001692,0.581395348837209,0.389260805998308,0.713085625261777,115,6.23103917600316e-06,893318028
309,-1.05493722516545,0.175150380206474,0.348214285714286,0.247034898651249,0.490834248268254,0.651785714285714,0.509165751731746,0.752965101348751,134,1.71174264142998e-09,121584339
959,-1.19770319131234,0.185722708726614,0.30188679245283,0.20977641382497,0.434441764904506,0.69811320754717,0.565558235095494,0.79022358617503,117,1.12680816770831e-10,457153404
410,-0.965080896043586,0.198581277621602,0.380952380952381,0.258129715233341,0.562216234663647,0.619047619047619,0.437783765336353,0.741870284766659,106,1.17457772996946e-06,724139687
360,-1.07485820266,0.182524727865589,0.341346153846154,0.238687504399457,0.488157924474186,0.658653846153846,0.511842075525814,0.761312495600543,123,3.88924969809923e-09,195509540
285,-0.957839734787027,0.195977879152367,0.383720930232558,0.26133574482592,0.563419873529432,0.616279069767442,0.436580126470568,0.73866425517408,109,1.02130183395475e-06,971226231
134,-1.14117190308691,0.181690044169626,0.319444444444444,0.22373838226597,0.456089617047082,0.680555555555556,0.543910382952918,0.77626161773403,123,3.36679350832251e-10,832543312
560,-1.02961941718116,0.174233013134951,0.357142857142857,0.253825095933505,0.50251540313247,0.642857142857143,0.49748459686753,0.746174904066495,136,3.43274113335926e-09,661147466
160,-0.847297860387204,0.194160790869993,0.428571428571428,0.2929228492722,0.627037016211307,0.571428571428572,0.372962983788693,0.7070771507278,114,1.27765247015858e-05,468783748
859,-0.733421079697885,0.200036045814872,0.480263157894737,0.324495203189863,0.710804654625571,0.519736842105263,0.289195345374429,0.675504796810137,111,0.00024594617236999,848698767
435,-0.7345323967228,0.202759794052595,0.47972972972973,0.322409020159558,0.713815678831393,0.52027027027027,0.286184321168607,0.677590979840442,108,0.000291574519376704,789426581
785,-0.705123371606661,0.189361338698945,0.494047619047619,0.340866363119398,0.716066694445658,0.505952380952381,0.283933305554342,0.659133636880602,125,0.000196330138004094,208569155
885,-0.608589792531882,0.207184164854768,0.544117647058823,0.36252447351763,0.816673177863212,0.455882352941177,0.183326822136788,0.63747552648237,108,0.00330940696531351,24710247
385,-0.693147180559946,0.198679853459423,0.5,0.338729800599018,0.738051389508374,0.5,0.261948610491626,0.661270199400982,114,0.000485258822342601,280316044
110,-0.714200589757777,0.177402455499496,0.489583333333333,0.345797127253254,0.693157407586654,0.510416666666667,0.306842592413346,0.654202872746746,142,5.67631870672817e-05,250242176
935,-0.927986771637346,0.194837615255976,0.395348837209303,0.269857434347058,0.579197321211216,0.604651162790697,0.420802678788784,0.730142565652942,111,1.90856187734444e-06,393960094
909,-0.936769263217696,0.210400585435278,0.391891891891892,0.259461530258673,0.591915320847349,0.608108108108108,0.408084679152651,0.740538469741328,95,8.49502101564257e-06,494017374
11,-0.999877447982421,0.178012464053525,0.367924528301887,0.259557903517068,0.521534719967656,0.632075471698113,0.478465280032344,0.740442096482932,131,1.94418672364922e-08,662203151
610,-0.667171694156685,0.197828972226269,0.513157894736842,0.348223990702395,0.756211610807137,0.486842105263158,0.243788389192863,0.651776009297605,116,0.000744979946309426,279645009
685,-1.08310810213214,0.190310138269259,0.338541666666667,0.233141638620392,0.491591552447037,0.661458333333333,0.508408447552963,0.766858361379608,113,1.26091246300748e-08,420459611
460,-0.669616683149752,0.188248322033353,0.511904761904762,0.353958142457399,0.740331846702211,0.488095238095238,0.259668153297789,0.646041857542601,128,0.000374982231027142,854599223
85,-1.06995703290773,0.200511761518479,0.343023255813954,0.231551524089053,0.508158840638648,0.656976744186046,0.491841159361352,0.768448475910947,102,9.49507964767597e-08,308103527
635,-0.86222351060388,0.188096031247345,0.422222222222222,0.292034025597515,0.610448061911688,0.577777777777778,0.389551938088312,0.707965974402485,121,4.56265167482249e-06,215766271
184,-0.789478289498378,0.177887937569321,0.454081632653061,0.320416925054627,0.643505735777585,0.545918367346939,0.356494264222415,0.679583074945373,138,9.07710684494549e-06,43382801
210,-0.571786323555678,0.215740072169714,0.564516129032258,0.369860602241686,0.861617750055261,0.435483870967742,0.138382249944739,0.630139397758314,101,0.00804088394416217,837358226
336,-1.05860695405441,0.187387421211516,0.346938775510204,0.240297016803329,0.500907233696679,0.653061224489796,0.499092766303321,0.759702983196671,117,1.6110651846803e-08,473014628
585,-0.938269638592931,0.188753859126204,0.391304347826087,0.27030065447183,0.566476958506798,0.608695652173913,0.433523041493202,0.72969934552817,118,6.66554214111479e-07,551783548
535,-0.880358722648092,0.197727403938873,0.414634146341463,0.281422743998283,0.610901140646126,0.585365853658537,0.389098859353874,0.718577256001717,109,8.49213335025346e-06,676152512
660,-0.85137118577484,0.196662040570364,0.426829268292683,0.290305430266915,0.627557066720257,0.573170731707317,0.372442933279743,0.709694569733085,111,1.49714598757154e-05,568065358
260,-1.17865499634165,0.18669699847483,0.307692307692308,0.213402678344818,0.443642774061353,0.692307692307693,0.556357225938647,0.786597321655182,116,2.73328573742563e-10,630211203
485,-1.05961013086484,0.197789573439589,0.346590909090909,0.235211405508778,0.510711876427183,0.653409090909091,0.489288123572817,0.764788594491222,105,8.44935839815829e-08,355355334
984,-0.725582456313098,0.179626297477553,0.48404255319149,0.3403967159175,0.688306268374579,0.51595744680851,0.311693731625421,0.6596032840825,138,5.35881213327478e-05,490339992
835,-0.381711022100057,0.229229242032417,0.682692307692308,0.435616904760154,1.06990518937474,0.317307692307692,-0.069905189374736,0.564383095239846,97,0.0958741762732021,676731199
35,-0.789478289498378,0.177887937569321,0.454081632653061,0.320416925054628,0.643505735777585,0.545918367346939,0.356494264222415,0.679583074945372,138,9.07710684494555e-06,567784631
810,-0.829722715565696,0.182952774527854,0.436170212765957,0.304737793821107,0.624289006357974,0.563829787234043,0.375710993642026,0.695262206178892,129,5.75559419703772e-06,753931449
361,-0.503905180921418,0.198171719958149,0.604166666666666,0.409706342055777,0.890924361286595,0.395833333333334,0.109075638713405,0.590293657944223,123,0.0109977473835844,278478231
235,-0.93587786514946,0.168019017698524,0.392241379310345,0.282185932964809,0.545219593431926,0.607758620689655,0.454780406568074,0.717814067035191,149,2.54635486081175e-08,846722285
711,-0.782378314287888,0.194225583405369,0.457317073170732,0.312530422470431,0.66917935143812,0.542682926829268,0.33082064856188,0.687469577529569,116,5.62069747424531e-05,924851906
286,-0.934309237376834,0.182743471191186,0.392857142857143,0.274588995989847,0.5620645289791,0.607142857142857,0.4379354710209,0.725411004010153,126,3.17616896805341e-07,662317181
135,-0.883665504558079,0.180980226236291,0.413265306122449,0.289853333671345,0.589222870343565,0.586734693877551,0.410777129656435,0.710146666328655,130,1.04662510873718e-06,169986559
60,-0.81918790145531,0.203079202830633,0.440789473684211,0.296053284690573,0.656285101899395,0.559210526315789,0.343714898100605,0.703946715309427,105,5.48739653759687e-05,93022198
735,-1.18377009700842,0.192548253539762,0.306122448979592,0.209892929201659,0.446470274752457,0.693877551020408,0.553529725247543,0.790107070798341,109,7.85085952083403e-10,542379751
510,-0.829722715565697,0.182952774527854,0.436170212765957,0.304737793821107,0.624289006357974,0.563829787234043,0.375710993642026,0.695262206178892,129,5.75559419703754e-06,283784145
436,-0.875468737353899,0.182574185865576,0.416666666666667,0.291327397721143,0.595931287167473,0.583333333333333,0.404068712832527,0.708672602278857,128,1.62561456404896e-06,419193034
860,-0.889857474806,0.195709676422467,0.410714285714286,0.279866831139806,0.602737465539565,0.589285714285714,0.397262534460435,0.720133168860194,111,5.44614757601557e-06,130017873
561,-0.889857474806,0.195709676422467,0.410714285714285,0.279866831139806,0.602737465539564,0.589285714285715,0.397262534460436,0.720133168860194,111,5.4461475760155e-06,811806848
759,-0.829722715565696,0.182952774527854,0.436170212765958,0.304737793821108,0.624289006357975,0.563829787234042,0.375710993642025,0.695262206178892,129,5.75559419703781e-06,93820324
936,-0.705725962766806,0.194057279848015,0.49375,0.337540005051986,0.722252351872937,0.50625,0.277747648127063,0.662459994948014,119,0.000276165097029614,72762087
111,-1.06179831554539,0.169454594053827,0.345833333333333,0.248100042519042,0.482066400433062,0.654166666666667,0.517933599566938,0.751899957480958,143,3.70498856690894e-10,474184868
386,-1.00785792539965,0.183571866436865,0.365,0.254704259843718,0.523057604461522,0.635,0.476942395538478,0.745295740156282,123,4.01334456631294e-08,246032562
910,-0.880024553889761,0.190855712192217,0.414772727272727,0.285333994017228,0.602929965922214,0.585227272727273,0.397070034077786,0.714666005982772,117,4.00849036648623e-06,903176926
310,-0.80368905495977,0.190375489370873,0.447674418604651,0.30825800821456,0.650144942653094,0.552325581395349,0.349855057346906,0.69174199178544,120,2.425749226691e-05,907301138
960,-0.916290731874156,0.180277563802446,0.4,0.280936036366811,0.569524657887221,0.6,0.430475342112779,0.719063963633189,130,3.72172850219162e-07,722842968
686,-0.858226930919394,0.185902241156443,0.423913043478261,0.294466914094307,0.610263020494893,0.576086956521739,0.389736979505107,0.705533085905693,124,3.90172661309877e-06,537769112
461,-0.892275855670281,0.211487423585719,0.409722222222222,0.27068930574226,0.620165982998079,0.590277777777778,0.379834017001921,0.72931069425774,95,2.45334683677517e-05,265963020
411,-0.875468737353899,0.172132593193549,0.416666666666667,0.297350880826579,0.58385941426676,0.583333333333333,0.41614058573324,0.702649119173421,144,3.65667536843675e-07,625304795
185,-0.919271360012293,0.196811831342508,0.398809523809524,0.271168342431997,0.586532464869364,0.601190476190476,0.413467535130636,0.728831657568003,109,3.00009223692023e-06,535260513
636,-0.829722715565696,0.182952774527854,0.436170212765957,0.304737793821108,0.624289006357975,0.563829787234043,0.375710993642025,0.695262206178892,129,5.75559419703779e-06,566205920
211,-1.00492680459079,0.173355890633744,0.366071428571429,0.260618374915465,0.514193563135347,0.633928571428571,0.485806436864653,0.739381625084535,138,6.75518453312409e-09,591334059
786,-0.902497409741819,0.189527972529084,0.405555555555556,0.279720214317281,0.587999365878558,0.594444444444444,0.412000634121442,0.720279785682719,118,1.91858187810065e-06,466236601
586,-0.913387972216193,0.194289906039794,0.401162790697674,0.274120033346879,0.587084361093371,0.598837209302326,0.412915638906629,0.725879966653121,112,2.58687468041879e-06,151697712
337,-0.892636540976265,0.1851043185423,0.409574468085106,0.284952055636465,0.588699893855865,0.590425531914894,0.411300106144135,0.715047944363535,124,1.41881594325774e-06,141217150
261,-0.757685701697517,0.195789002109726,0.46875,0.319363574123842,0.688013850993522,0.53125,0.311986149006478,0.680636425876158,115,0.000108875801775087,401055304
836,-0.919271360012293,0.196811831342508,0.398809523809524,0.271168342431997,0.586532464869363,0.601190476190476,0.413467535130637,0.728831657568003,109,3.00009223692019e-06,182907924
536,-1.00583055521714,0.176569381196194,0.365740740740741,0.258748124397483,0.516974914307386,0.634259259259259,0.483025085692614,0.741251875602517,133,1.22279405506557e-08,433377256
611,-1.07451473708905,0.205541691078688,0.341463414634146,0.22823738053928,0.510859628944717,0.658536585365854,0.489140371055283,0.77176261946072,97,1.7161165870652e-07,381302517
161,-0.948672141377195,0.17962758973933,0.387254901960784,0.272331352086734,0.550676071423808,0.612745098039216,0.449323928576192,0.727668647913266,130,1.28251153545617e-07,822386922
985,-0.919271360012293,0.196811831342508,0.398809523809524,0.271168342431997,0.586532464869363,0.601190476190476,0.413467535130637,0.728831657568003,109,3.00009223692018e-06,469396898
661,-1.02961941718116,0.174233013134951,0.357142857142857,0.253825095933505,0.50251540313247,0.642857142857143,0.49748459686753,0.746174904066495,136,3.4327411333593e-09,448289658
886,-0.657215171333882,0.190144549606282,0.518292682926829,0.357045647789913,0.752361236828607,0.481707317073171,0.247638763171393,0.642954352210086,126,0.000547447096191684,125949906
12,-0.746635865510931,0.178388184400926,0.473958333333333,0.334114917034416,0.672333051543976,0.526041666666667,0.327666948456024,0.665885082965584,139,2.84594414166717e-05,879260206
811,-0.454736157114947,0.189055641761453,0.634615384615384,0.438113002177654,0.919252988130271,0.365384615384616,0.0807470118697289,0.561886997822346,138,0.016159048808208,561705667
362,-0.713766467762681,0.175570014362687,0.489795918367347,0.347191987937622,0.690972286181944,0.510204081632653,0.309027713818056,0.652808012062378,145,4.79453131098324e-05,943062253
712,-0.718464988544235,0.194474967115041,0.4875,0.332994628426108,0.713693944924209,0.5125,0.286306055075791,0.667005371573892,118,0.000220421462710983,297999621
86,-0.693147180559946,0.182574185742855,0.5,0.349592877349458,0.715117544428962,0.5,0.284882455571038,0.650407122650542,135,0.000146739477969111,870249285
236,-0.911400746579964,0.178333858531777,0.401960784313725,0.283390723109307,0.570140300830472,0.598039215686275,0.429859699169528,0.716609276890693,133,3.2106360295239e-07,895055290
136,-0.680075098992593,0.198249344058722,0.506578947368421,0.343476468999604,0.747131908815544,0.493421052631579,0.252868091184456,0.656523531000396,115,0.00060268592250499,15338636
736,-0.610909082322973,0.204277564253097,0.542857142857143,0.363750985541156,0.810152794809892,0.457142857142857,0.189847205190108,0.636249014458844,111,0.00278445127948892,955482305
61,-0.841992808157511,0.183363777144032,0.430851063829787,0.300779088953687,0.617172689261794,0.569148936170213,0.382827310738206,0.699220911046313,128,4.39175105974985e-06,98236080
511,-0.798507696217772,0.197202659471308,0.45,0.305740735297084,0.662325874905853,0.55,0.337674125094147,0.694259264702916,112,5.13989269800017e-05,895939013
437,-0.643136759985284,0.194515160203995,0.525641025641026,0.359019179032439,0.769592556535774,0.474358974358974,0.230407443464226,0.640980820967561,121,0.000945172366902479,48419431
486,-0.602763119091677,0.198425567884504,0.547297297297297,0.370956643992633,0.807464528482403,0.452702702702703,0.192535471517597,0.629043356007367,118,0.00238368145484155,481961040
861,-1.10866262452161,0.1874873733377,0.33,0.228520096276949,0.476544521791298,0.67,0.523455478208702,0.771479903723051,116,3.35390812250626e-09,131553300
112,-0.958850346292951,0.191611523288465,0.383333333333333,0.263315582954974,0.558054494137445,0.616666666666667,0.441945505862555,0.736684417045026,114,5.61127911368217e-07,463292721
287,-0.914137878513053,0.167314277607997,0.400862068965518,0.288786436895636,0.556433328596339,0.599137931034482,0.443566671403661,0.711213563104364,151,4.66580657883813e-08,217677084
36,-1.16315080980568,0.186052101907581,0.3125,0.217011218462844,0.450005537463586,0.6875,0.549994462536413,0.782988781537156,117,4.05884584596738e-10,535463538
687,-0.822825003868478,0.205940871189591,0.439189189189189,0.293328630015421,0.657580352420822,0.560810810810811,0.342419647579178,0.706671369984579,102,6.45734035633836e-05,743313197
961,-1.18085038690508,0.178408446949123,0.307017543859649,0.216422120358403,0.435536682116939,0.692982456140351,0.564463317883061,0.783577879641597,127,3.62118724827006e-11,742200399
311,-0.832409247893453,0.177466202090432,0.435,0.307206041222607,0.615954683856246,0.565,0.384045316143754,0.692793958777393,137,2.7250800377576e-06,528654726
462,-0.863046217355343,0.223088588984963,0.421875,0.272452275191853,0.653246575018222,0.578125,0.346753424981778,0.727547724808147,86,0.000109450571116457,591499453
412,-0.610455464714832,0.224400923420535,0.543103448275862,0.349842161724314,0.843126952095528,0.456896551724138,0.156873047904472,0.650157838275686,92,0.00652072149668064,724808541
186,-0.780158557549575,0.191824234156189,0.458333333333333,0.314702620534834,0.667517302802988,0.541666666666667,0.332482697197012,0.685297379465166,119,4.76122367995498e-05,264619213
562,-1.00435975042192,0.197810085279547,0.366279069767442,0.248562639857607,0.539744657630601,0.633720930232558,0.460255342369399,0.751437360142393,106,3.8264675026081e-07,980572898
787,-1.10316810520397,0.178550968430647,0.331818181818182,0.23383920154214,0.470850503504145,0.668181818181818,0.529149496495855,0.76616079845786,128,6.47342715135769e-10,18820759
760,-0.896088024556636,0.181406072875598,0.408163265306122,0.28603605949213,0.582434436557255,0.591836734693878,0.417565563442745,0.71396394050787,129,7.82507156122808e-07,28597497
587,-0.850776124763528,0.181737324993475,0.427083333333333,0.299100770766393,0.609828497411568,0.572916666666667,0.390171502588432,0.700899229233607,130,2.84991136110178e-06,990463594
212,-0.578736829382202,0.209324016202132,0.56060606060606,0.371946831039346,0.844957206141649,0.43939393939394,0.155042793858351,0.628053168960654,107,0.00569595497813696,219959619
837,-1.06962475179486,0.184102029952327,0.343137254901961,0.239199319937074,0.4922387560827,0.656862745098039,0.5077612439173,0.760800680062926,121,6.2489145534123e-09,283217963
162,-0.841992808157511,0.183363777144032,0.430851063829787,0.300779088953687,0.617172689261794,0.569148936170213,0.382827310738206,0.699220911046313,128,4.39175105974989e-06,936213154
612,-0.637884501884897,0.182975301231477,0.52840909090909,0.369165767145925,0.756343605513677,0.47159090909091,0.243656394486323,0.630834232854075,137,0.000489974538536985,865354849
262,-1.18562366565774,0.169882397166996,0.305555555555556,0.21902113527606,0.42627939725171,0.694444444444444,0.57372060274829,0.78097886472394,140,2.97108991341238e-12,409671413
13,-0.680724660561387,0.193250301354135,0.50625,0.346633140177874,0.739366877525,0.49375,0.260633122475,0.653366859822126,121,0.000427493085601467,437144468
986,-0.600365447108979,0.201087059691075,0.548611111111111,0.369912480001476,0.813636109907313,0.451388888888889,0.186363890092687,0.630087519998524,115,0.00283022944173223,212598172
887,-0.98794672078059,0.188579718000837,0.372340425531915,0.257288777698061,0.538839640522465,0.627659574468085,0.461160359477535,0.742711222301939,117,1.61553074864878e-07,528782203
911,-0.847297860387204,0.194160790869993,0.428571428571428,0.2929228492722,0.627037016211307,0.571428571428572,0.372962983788693,0.7070771507278,114,1.27765247015858e-05,664385550
713,-1.07077748967467,0.1670141854703,0.342741935483871,0.247061180645669,0.475477507361654,0.657258064516129,0.524522492638346,0.752938819354331,147,1.44287112675214e-10,798569222
387,-0.676052747200646,0.226786046989022,0.508620689655172,0.326101945091707,0.793294887807406,0.491379310344828,0.206705112192594,0.673898054908293,88,0.0028729414386222,901755469
937,-0.808216510344733,0.184212519655584,0.445652173913043,0.310594705525377,0.639437365094411,0.554347826086957,0.360562634905589,0.689405294474623,128,1.14706546871839e-05,968379487
363,-1.02528101558256,0.192069377041755,0.358695652173913,0.246170701017249,0.522655906477894,0.641304347826087,0.477344093522106,0.753829298982751,112,9.39378586095835e-08,357550846
87,-0.871395411966264,0.180563798219513,0.418367346938776,0.293671361942545,0.596010573951824,0.581632653061224,0.403989426048176,0.706328638057455,131,1.39323718815839e-06,409529060
137,-0.809406986675807,0.195163710901192,0.445121951219512,0.303637467258911,0.652533276759675,0.554878048780488,0.347466723240325,0.696362532741089,114,3.36385042877156e-05,382652061
62,-0.405465108108164,0.204124145043771,0.666666666666667,0.446846081315055,0.994625359892286,0.333333333333333,0.00537464010771393,0.553153918684945,121,0.0469927824145501,855050661
637,-0.987138422204991,0.177556054208397,0.372641509433962,0.263120837620395,0.52774875532115,0.627358490566038,0.47225124467885,0.736879162379605,132,2.70412977393755e-08,225352143
438,-1.00233545823269,0.189127865156548,0.367021276595744,0.253340901008904,0.531712869645298,0.632978723404256,0.468287130354702,0.746659098991096,116,1.15944379788007e-07,298682510
487,-0.610909082322973,0.204277564253097,0.542857142857143,0.363750985541156,0.810152794809892,0.457142857142857,0.189847205190108,0.636249014458844,111,0.00278445127948891,101868526
537,-0.81377516834856,0.188541203879056,0.443181818181818,0.306263591544863,0.641310718574823,0.556818181818182,0.358689281425177,0.693736408455137,122,1.58762473940032e-05,421978078
662,-1.13036098698269,0.192255989766787,0.322916666666667,0.221534753143257,0.470694426637796,0.677083333333333,0.529305573362204,0.778465246856743,110,4.11612409487675e-09,754093115
812,-0.918486122437591,0.168916756561852,0.399122807017544,0.286631780515574,0.555761872584495,0.600877192982456,0.444238127415505,0.713368219484426,148,5.4031091475613e-08,566220208
338,-1.10670949890073,0.168297814058886,0.330645161290323,0.237742493025247,0.459851418623314,0.669354838709677,0.540148581376686,0.762257506974752,144,4.83599362135651e-11,807014317
288,-0.994815494986466,0.186863159521092,0.369791666666667,0.25638871768685,0.533353721528148,0.630208333333333,0.466646278471852,0.74361128231315,119,1.01641360419423e-07,356111279
37,-0.961411167154624,0.180078749351268,0.382352941176471,0.268646462317368,0.544186476029563,0.617647058823529,0.455813523970437,0.731353537682631,129,9.35444758758837e-08,718374578
688,-0.607204750759221,0.19340561387199,0.544871794871795,0.372964220192526,0.796015426609977,0.455128205128205,0.203984573390023,0.627035779807474,124,0.00169213043415564,689981279
737,-0.938269638592931,0.188753859126204,0.391304347826087,0.27030065447183,0.566476958506798,0.608695652173913,0.433523041493202,0.72969934552817,118,6.66554214111482e-07,173556573
237,-0.578077850775158,0.187775954460231,0.560975609756098,0.388247615482008,0.810548789463999,0.439024390243902,0.189451210536001,0.611752384517992,133,0.00208009928595603,144533587
862,-0.980829253011726,0.190346746936019,0.375,0.25823067055641,0.544571253666325,0.625,0.455428746333675,0.74176932944359,115,2.56549855831992e-07,902272755
187,-0.8754687373539,0.188561808347934,0.416666666666667,0.287928500858622,0.602966050923723,0.583333333333333,0.397033949076277,0.712071499141378,120,3.43595729024653e-06,64877774
563,-0.857035035665062,0.192235387228751,0.424418604651163,0.29118121572255,0.618622157775716,0.575581395348837,0.381377842224284,0.70881878427745,116,8.26282469244097e-06,511530240
761,-0.664159643686693,0.209039419594147,0.514705882352941,0.341683852466639,0.775342889095368,0.485294117647059,0.224657110904632,0.658316147533361,104,0.00148705430502806,839907286
588,-0.871130335755303,0.18634951954175,0.418478260869565,0.290436974176006,0.602967495158828,0.581521739130435,0.397032504841172,0.709563025823994,123,2.94366411979447e-06,114152081
788,-0.948672141377194,0.17962758973933,0.387254901960784,0.272331352086734,0.550676071423808,0.612745098039216,0.449323928576192,0.727668647913266,130,1.28251153545622e-07,711779629
838,-0.641853886172395,0.197017231300663,0.526315789473684,0.357721487277172,0.774368664174411,0.473684210526316,0.225631335825589,0.642278512722828,118,0.00112257119628869,412002804
613,-0.401795379219203,0.200999441839824,0.669117647058823,0.451244008882479,0.992186969339107,0.330882352941177,0.00781303066089334,0.548755991117521,125,0.0456097023343701,928012474
512,-0.510825623765991,0.217306746675885,0.6,0.391903743810466,0.918592908809018,0.4,0.0814070911909819,0.608096256189534,102,0.018737519538901,359847446
113,-1.00144854021446,0.185194633195897,0.36734693877551,0.255527983363389,0.528097829644879,0.63265306122449,0.471902170355121,0.744472016636611,121,6.38940545533023e-08,258282900
163,-0.597837000755621,0.190692517728959,0.55,0.378481733455086,0.799245969517568,0.45,0.200754030482432,0.621518266544914,128,0.00171805094508917,292973365
388,-0.927986771637346,0.194837615255976,0.395348837209303,0.269857434347058,0.579197321211216,0.604651162790697,0.420802678788784,0.730142565652942,111,1.90856187734444e-06,274077640
938,-1.13036098698269,0.192255989766787,0.322916666666667,0.221534753143257,0.470694426637796,0.677083333333333,0.529305573362204,0.778465246856743,110,4.11612409487677e-09,703058099
14,-1.15336280343952,0.171407279943291,0.315573770491803,0.225527111515457,0.441573538335269,0.684426229508197,0.558426461664731,0.774472888484543,138,1.71085153125306e-11,442567971
962,-0.968090227234297,0.178574906100479,0.379807692307692,0.267645854243047,0.538972978094773,0.620192307692308,0.461027021905227,0.732354145756953,131,5.92003807047034e-08,927281638
912,-1.01278085281833,0.17847951570095,0.363207547169811,0.255995791121251,0.515319887656386,0.636792452830189,0.484680112343614,0.744004208878749,130,1.39099593372277e-08,563537640
714,-1.03147298583048,0.177497976086475,0.356481481481481,0.251738953727952,0.504804857402255,0.643518518518519,0.495195142597745,0.748261046272048,131,6.20333982813224e-09,598108373
312,-0.966440515559627,0.189802119934747,0.380434782608696,0.262252936399438,0.551874178438505,0.619565217391304,0.448125821561495,0.737747063600562,116,3.54620181579759e-07,91792089
413,-1.02232898391848,0.203320919870709,0.359756097560976,0.241513317092754,0.535889495826833,0.640243902439024,0.464110504173167,0.758486682907246,100,4.95222989197585e-07,713661745
88,-0.782759339249633,0.210229466505306,0.457142857142857,0.302764040193265,0.690239143668895,0.542857142857143,0.309760856331105,0.697235959806735,99,0.000196591291021635,814519490
463,-0.938269638592931,0.188753859126204,0.391304347826087,0.27030065447183,0.566476958506798,0.608695652173913,0.433523041493202,0.72969934552817,118,6.66554214111485e-07,370385252
138,-1.02766055269583,0.18250061173615,0.357843137254902,0.250234905858612,0.51172601376717,0.642156862745098,0.48827398623283,0.749765094141388,124,1.79169958950699e-08,626423863
638,-0.680408154782515,0.195701950550376,0.506410256410257,0.345080716113612,0.743163369676877,0.493589743589743,0.256836630323123,0.654919283886388,118,0.000507517294239263,802669256
439,-0.845487905141965,0.185465248212762,0.429347826086956,0.298497681895827,0.617557746495091,0.570652173913044,0.382442253504909,0.701502318104173,125,5.14613544066921e-06,656495524
213,-0.850776124763529,0.181737324993475,0.427083333333333,0.299100770766393,0.609828497411568,0.572916666666667,0.390171502588432,0.700899229233607,130,2.84991136110173e-06,186669593
813,-1.09330723643842,0.192742345186423,0.335106382978723,0.229678381191146,0.488928419517317,0.664893617021277,0.511071580482683,0.770321618808854,110,1.40829670504082e-08,626228431
488,-0.538996500732687,0.199204768080201,0.583333333333333,0.394778404913882,0.861946280602676,0.416666666666667,0.138053719397324,0.605221595086118,120,0.00681521845198322,100995839
663,-0.918953849293639,0.186037440020069,0.398936170212766,0.277043559260732,0.574458645884812,0.601063829787234,0.425541354115188,0.722956440739268,122,7.8275846050785e-07,816125601
263,-0.538996500732688,0.208062594495599,0.583333333333333,0.387983800129518,0.877041200339253,0.416666666666667,0.122958799660747,0.612016199870482,110,0.0095822771953894,15561689
339,-0.925479157928561,0.19943635400766,0.396341463414634,0.26810750817825,0.58590882698151,0.603658536585366,0.41409117301849,0.73189249182175,106,3.4761139703968e-06,456132885
364,-0.826678573184468,0.198206241827255,0.4375,0.296663829433551,0.645195777205028,0.5625,0.354804222794972,0.703336170566449,110,3.03532308688852e-05,623142262
538,-0.778046624346432,0.189510004523146,0.459302325581395,0.316801650887132,0.665901284585279,0.540697674418605,0.334098715414721,0.683198349112868,122,4.03318800504118e-05,902815942
888,-0.769133087537867,0.193773420913971,0.463414634146342,0.316978283522284,0.677501060181906,0.536585365853658,0.322498939818094,0.683021716477716,117,7.21024286540569e-05,488035477
987,-0.751643387241554,0.186481810134144,0.471590909090909,0.327213957137102,0.679671452535278,0.528409090909091,0.320328547464722,0.672786042862898,127,5.56222101725573e-05,288688721
289,-0.627764421297094,0.199211583067715,0.533783783783784,0.361240278944764,0.788741301670017,0.466216216216216,0.211258698329983,0.638759721055236,116,0.00162576289065988,861007446
38,-1.12846525181779,0.186438618043618,0.323529411764706,0.224500301568612,0.466241156673133,0.676470588235294,0.533758843326867,0.775499698431388,117,1.42398952586931e-09,741622236
689,-1.01278085281833,0.17847951570095,0.363207547169811,0.255995791121251,0.515319887656386,0.636792452830189,0.484680112343614,0.744004208878749,130,1.39099593372277e-08,108956786
738,-0.74780559309781,0.180312370104266,0.473404255319149,0.332468106273389,0.674084475248854,0.526595744680851,0.325915524751146,0.667531893726611,136,3.36450891636625e-05,793861717
238,-0.602763119091676,0.198425567884504,0.547297297297297,0.370956643992633,0.807464528482404,0.452702702702703,0.192535471517596,0.629043356007367,118,0.00238368145484156,672612560
863,-0.352220593589352,0.205818150378918,0.703125,0.46972082238113,1.05250766427352,0.296875,-0.0525076642735207,0.53027917761887,122,0.0870221670061217,415195257
63,-0.826678573184468,0.188982236537253,0.4375,0.302075905487316,0.633636269967373,0.5625,0.366363730032627,0.697924094512684,121,1.21782645410316e-05,344140748
564,-1.15336280343952,0.171407279943291,0.315573770491803,0.225527111515457,0.441573538335269,0.684426229508197,0.558426461664731,0.774472888484543,138,1.71085153125305e-11,778615537
589,-0.756061005970515,0.193331986238462,0.469512195121951,0.321427027540616,0.685821920623579,0.530487804878049,0.314178079376421,0.678572972459384,118,9.20337362137188e-05,488095377
789,-1.10930757778486,0.193405346391732,0.329787234042553,0.225739163256626,0.481793314763895,0.670212765957447,0.518206685236105,0.774260836743374,109,9.71325485344427e-09,503271057
114,-0.949867027407759,0.176247117676677,0.386792452830189,0.273814329888202,0.546386310853339,0.613207547169811,0.453613689146661,0.726185670111798,135,7.06914919582163e-08,464974491
762,-1.22465300956347,0.180192210683853,0.293859649122807,0.206423942256273,0.418330802322206,0.706140350877193,0.581669197677794,0.793576057743727,124,1.07287718551296e-11,362218505
839,-0.893817876022096,0.191353499127253,0.409090909090909,0.281150872020887,0.595251121570036,0.590909090909091,0.404748878429964,0.718849127979113,116,2.99693610792978e-06,889827721
513,-0.918953849293639,0.186037440020069,0.398936170212766,0.277043559260732,0.574458645884812,0.601063829787234,0.425541354115188,0.722956440739268,122,7.8275846050785e-07,389509161
614,-0.861284102361943,0.194663892041055,0.422619047619048,0.288569788852455,0.618938178250364,0.577380952380952,0.381061821749636,0.711430211147545,113,9.66803675209522e-06,518003684
939,-0.864418901167315,0.171777558247493,0.421296296296296,0.300864064654429,0.589936087837016,0.578703703703703,0.410063912162984,0.699135935345571,145,4.84884897170386e-07,858452511
963,-0.902497409741819,0.189527972529084,0.405555555555556,0.279720214317281,0.587999365878558,0.594444444444444,0.412000634121442,0.720279785682719,118,1.91858187810065e-06,997748373
715,-1.10758095865087,0.177117634297643,0.330357142857143,0.233464524465124,0.4674622068889,0.669642857142857,0.5325377931111,0.766535475534876,130,4.01705540197059e-10,615594191
414,-0.980829253011726,0.186338998153664,0.375,0.260267071184673,0.54031037948792,0.625,0.45968962051208,0.739732928815327,120,1.41198500445535e-07,78191530
389,-0.798507696217772,0.176383420768635,0.45,0.318474506871149,0.635843672353746,0.55,0.364156327646254,0.681525493128851,140,5.97949389079004e-06,149814200
313,-0.841067310636568,0.198727838102024,0.43125,0.292126977716629,0.636629194447089,0.56875,0.363370805552911,0.707873022283371,109,2.31357683675749e-05,723636049
89,-0.946343076940557,0.208002264482305,0.388157894736842,0.25820020050295,0.58352608151757,0.611842105263158,0.41647391848243,0.74179979949705,97,5.37283751135384e-06,125425654
139,-0.980829253011726,0.190346746936019,0.375,0.25823067055641,0.544571253666325,0.625,0.455428746333675,0.74176932944359,115,2.56549855831994e-07,60507901
639,-0.745790914045368,0.19787505949137,0.474358974358974,0.321866342798072,0.699098994317854,0.525641025641026,0.300901005682146,0.678133657201928,113,0.000163903502142894,776373134
214,-0.679724160227805,0.200898880828734,0.506756756756757,0.341817356058247,0.751285462739541,0.493243243243243,0.248714537260459,0.658182643941753,112,0.000715905285049729,17518284
164,-0.866994110362928,0.18421407004948,0.420212765957447,0.292863967327954,0.602937842728437,0.579787234042553,0.397062157271563,0.707136032672046,126,2.52069112474854e-06,657927661
814,-1.06612683352362,0.180462058822745,0.344339622641509,0.241756086194889,0.490452081629552,0.655660377358491,0.509547918370448,0.75824391380511,126,3.46787231527331e-09,781602770
188,-1.0390981611357,0.179447089335642,0.35377358490566,0.248874134721285,0.502887732858077,0.64622641509434,0.497112267141923,0.751125865278715,128,7.01544048389506e-09,331332953
264,-1.33123458393686,0.191637854801476,0.264150943396226,0.181438617617621,0.384569292983523,0.735849056603774,0.615430707016477,0.818561382382379,109,3.74152361514397e-12,376407643
365,-1.04054848771335,0.192675234086321,0.353260869565218,0.242153124456796,0.515348469056152,0.646739130434782,0.484651530943848,0.757846875543204,111,6.64440947472511e-08,518764931
988,-0.793230639116928,0.192269130542058,0.452380952380952,0.310344840723744,0.659423000555911,0.547619047619048,0.340576999444089,0.689655159276256,118,3.6972672911308e-05,336721182
889,-0.759105148351742,0.180666079052071,0.468085106382979,0.328504692503461,0.666972715512294,0.531914893617021,0.333027284487706,0.671495307496539,135,2.64914918845733e-05,157317217
290,-0.819898886199089,0.193191711354252,0.440476190476191,0.301631959314609,0.64323182071715,0.55952380952381,0.35676817928285,0.698368040685391,116,2.1960449232898e-05,197873193
15,-1.13284546031035,0.184813804609224,0.322115384615385,0.224232042073354,0.462727449861847,0.677884615384615,0.537272550138153,0.775767957926646,119,8.80680442977911e-10,210774052
913,-0.966440515559627,0.189802119934747,0.380434782608696,0.262252936399438,0.551874178438505,0.619565217391304,0.448125821561495,0.737747063600562,116,3.54620181579759e-07,434956710
464,-0.858226930919395,0.185902241156443,0.423913043478261,0.294466914094307,0.610263020494893,0.576086956521739,0.389736979505107,0.705533085905693,124,3.90172661309872e-06,830716277
864,-0.498991166118987,0.200838577946021,0.607142857142857,0.40957815237836,0.900005156132122,0.392857142857143,0.0999948438678784,0.59042184762164,120,0.0129719504181083,799620178
64,-1.13845819721531,0.166793650834002,0.3203125,0.230993029162843,0.444169670522482,0.6796875,0.555830329477518,0.769006970837157,146,8.75898420636887e-12,193465342
489,-1.02036009176836,0.19845615692957,0.36046511627907,0.244307643987569,0.531850325815818,0.63953488372093,0.468149674184182,0.755692356012431,105,2.72570023821833e-07,764463331
340,-1.09861228866811,0.185239643434187,0.333333333333333,0.231847530772744,0.479242158589224,0.666666666666667,0.520757841410776,0.768152469227256,119,3.01531517411992e-09,101644266
115,-0.909370289029581,0.173241944695478,0.402777777777778,0.286814887891125,0.565625931988536,0.597222222222222,0.434374068011464,0.713185112108875,141,1.52815377539675e-07,472366373
790,-1.01160091167848,0.195837362979488,0.363636363636363,0.247725230159323,0.533782549616095,0.636363636363637,0.466217450383905,0.752274769840677,108,2.39777301987277e-07,241022832
615,-0.7407752295492,0.188284189239498,0.476744186046512,0.329623079937247,0.689530050421291,0.523255813953488,0.310469949578709,0.670376920062753,125,8.3423383685096e-05,905318582
440,-1.03174934343898,0.190268149961181,0.356382978723404,0.245448515942633,0.517456082535251,0.643617021276596,0.482543917464749,0.754551484057367,114,5.87361344866207e-08,14965286
514,-1.09861228866811,0.170782512789457,0.333333333333333,0.238510996469875,0.465853200714562,0.666666666666667,0.534146799285438,0.761489003530125,140,1.25262180456654e-10,3157571
664,-0.793230639116927,0.192269130542058,0.452380952380953,0.310344840723744,0.659423000555911,0.547619047619047,0.340576999444089,0.689655159276256,118,3.69726729113082e-05,127880882
940,-0.622529613345992,0.189086964710486,0.536585365853658,0.370414268855327,0.777302277631099,0.463414634146342,0.222697722368901,0.629585731144673,129,0.000993741659275793,714465013
716,-1.22077992264232,0.192221623526492,0.295,0.202396348689324,0.429973171766958,0.705,0.570026828233042,0.797603651310676,109,2.14061628888711e-10,402983210
415,-0.693147180559946,0.201346816462527,0.5,0.336963828159687,0.741919396409293,0.5,0.258080603590707,0.663036171840313,111,0.000576249946143286,22506558
964,-0.744440474947496,0.195340458560599,0.475,0.323906385542542,0.696574720569583,0.525,0.303425279430417,0.676093614457458,116,0.000138411536662951,177658371
539,-1.10809103262265,0.182081407131628,0.330188679245283,0.231086302842419,0.471791545239658,0.669811320754717,0.528208454760342,0.768913697157581,123,1.15990543793390e-09,503268342
314,-0.826678573184467,0.188982236537253,0.4375,0.302075905487317,0.633636269967374,0.5625,0.366363730032626,0.697924094512683,121,1.21782645410318e-05,923346442
690,-0.741937344729377,0.190550580746149,0.476190476190476,0.327780985675746,0.691795374118588,0.523809523809524,0.308204625881412,0.672219014324254,122,9.87469324025885e-05,580464236
739,-1.03174934343898,0.190268149961181,0.356382978723404,0.245448515942634,0.517456082535252,0.643617021276596,0.482543917464748,0.754551484057366,114,5.87361344866216e-08,642777943
239,-0.980829253011726,0.179028718537414,0.375,0.264022990726223,0.532624070400825,0.625,0.467375929599175,0.735977009273777,130,4.28670240221723e-08,161688846
840,-0.602175402354219,0.186223223534622,0.547619047619047,0.380158801996412,0.788845660656368,0.452380952380953,0.211154339343632,0.619841198003588,134,0.00122231370557931,877953340
565,-0.693147180559946,0.213200716247944,0.5,0.329225317867481,0.759358367756604,0.5,0.240641632243396,0.670774682132519,99,0.00114939820676666,847492084
763,-1.04678722080352,0.190861496658571,0.351063829787234,0.241504087566938,0.510325990034102,0.648936170212766,0.489674009965898,0.758495912433062,113,4.14550270300473e-08,985840652
590,-0.980829253011726,0.182574185863157,0.375,0.262194657950271,0.536338158448184,0.625,0.463661841551816,0.737805342049729,125,7.77718148398458e-08,777317489
189,-0.80437281567017,0.202538075040206,0.447368421052632,0.300790837368304,0.665374337550265,0.552631578947368,0.334625662449735,0.699209162631696,106,7.14320861503055e-05,676902856
165,-0.739667196194838,0.186096842113486,0.477272727272728,0.331406253449665,0.687341454264213,0.522727272727272,0.312658545735787,0.668593746550335,128,7.04869944620373e-05,601091447
815,-0.861284102361944,0.194663892041055,0.422619047619047,0.288569788852455,0.618938178250363,0.577380952380953,0.381061821749637,0.711430211147545,113,9.66803675209493e-06,639877008
39,-0.93826963859293,0.188753859126204,0.391304347826087,0.27030065447183,0.566476958506798,0.608695652173913,0.433523041493202,0.72969934552817,118,6.6655421411149e-07,328356635
291,-1.00680473941499,0.179968508293409,0.365384615384615,0.256779758061416,0.519923837329233,0.634615384615385,0.480076162670767,0.743220241938584,128,2.21464613460932e-08,172211339
366,-0.888891757686041,0.189038979439611,0.411111111111111,0.283823887087362,0.595483161806568,0.588888888888889,0.404516838193432,0.716176112912638,119,2.57422114065189e-06,875728505
914,-0.7407752295492,0.188284189239498,0.476744186046511,0.329623079937247,0.68953005042129,0.523255813953489,0.31046994957871,0.670376920062753,125,8.34233836850947e-05,736873101
16,-1.02734926864662,0.196469561539904,0.357954545454545,0.243552553734112,0.52609366909555,0.642045454545455,0.47390633090445,0.756447446265888,107,1.70382778887288e-07,589648625
989,-0.796095149812387,0.183813283572648,0.451086956521739,0.314628542707461,0.6467291256955,0.548913043478261,0.3532708743045,0.685371457292539,129,1.48434347010273e-05,282801022
390,-1.21639532432449,0.184779648572793,0.296296296296296,0.206272580076052,0.425609138968127,0.703703703703703,0.574390861031873,0.793727419923948,118,4.61201983226626e-11,485501593
140,-1.0154347821892,0.185722024320904,0.362244897959184,0.251718655649976,0.521301711860115,0.637755102040816,0.478698288139885,0.748281344350024,120,4.56432555817489e-08,749540843
465,-0.910870664404816,0.18775687460059,0.402173913043478,0.278352390446898,0.581075866002163,0.597826086956522,0.418924133997837,0.721647609553102,120,1.22635951222941e-06,225886369
90,-0.908666806763496,0.181841664984124,0.403061224489796,0.282219562370632,0.575645250536748,0.596938775510204,0.424354749463252,0.717780437629368,128,5.82224180209044e-07,556249254
865,-0.765717873394781,0.175364443896294,0.465,0.329748225878646,0.655727561304834,0.535,0.344272438695166,0.670251774121354,143,1.26289437224322e-05,643739893
640,-0.809680996815896,0.176736965762921,0.445,0.31471774657928,0.629214596737449,0.555,0.370785403262551,0.68528225342072,139,4.62145222163038e-06,183723418
65,-1.12678316563481,0.181119388285664,0.324074074074074,0.227234979804969,0.46218238748765,0.675925925925926,0.53781761251235,0.772765020195031,124,4.93310740678803e-10,183947446
490,-0.965791375647186,0.194042896992758,0.380681818181818,0.260251068661109,0.556841696903552,0.619318181818182,0.443158303096448,0.739748931338891,111,6.45088211508025e-07,158605310
341,-1.37169556169874,0.170876083703063,0.253676470588235,0.181480597543916,0.354593012151239,0.746323529411765,0.645406987848761,0.818519402456084,137,9.95368613925159e-16,183181118
215,-0.500775287912489,0.206888932127952,0.606060606060606,0.40402838496157,0.909117952822762,0.393939393939394,0.0908820471772376,0.59597161503843,113,0.0154990499555234,939885994
441,-1.18716568600955,0.175607634910659,0.305084745762712,0.216243470932693,0.430425490747276,0.694915254237288,0.569574509252724,0.783756529067307,131,1.37677120990785e-11,313511042
616,-1.05252118146784,0.179948431644024,0.349056603773585,0.245314645130016,0.496670358075746,0.650943396226415,0.503329641924254,0.754685354869984,127,4.94490756275136e-09,66059653
665,-0.738267615840415,0.211651553518461,0.477941176470588,0.315657650236594,0.723656683102331,0.522058823529412,0.276343316897669,0.684342349763406,99,0.000486415967990802,991773677
416,-0.845487905141964,0.185465248212762,0.429347826086956,0.298497681895827,0.617557746495091,0.570652173913043,0.382442253504909,0.701502318104173,125,5.14613544066929e-06,67701122
941,-0.668454567969574,0.192860368949493,0.5125,0.351180850311501,0.747923042406843,0.4875,0.252076957593157,0.648819149688499,122,0.000528257888486934,608046459
265,-0.718464988544235,0.194474967115041,0.4875,0.332994628426108,0.713693944924209,0.5125,0.286306055075791,0.667005371573892,118,0.000220421462710983,649488026
890,-0.535244151114136,0.193782724915921,0.585526315789474,0.400496074998422,0.856041014842269,0.414473684210526,0.143958985157731,0.599503925001578,127,0.00574337116180179,28406831
540,-1.14373272394858,0.18706271282919,0.318627450980392,0.220828498427191,0.459738907076503,0.681372549019608,0.540261092923497,0.779171501572809,116,9.70624310408884e-10,934372919
965,-0.706752832615724,0.201805988957337,0.493243243243243,0.332111241032282,0.732552431073735,0.506756756756757,0.267447568926265,0.667888758967718,110,0.000461536976638653,940737353
740,-0.954161005929565,0.211118181808634,0.385135135135135,0.254629676403984,0.582528613358589,0.614864864864865,0.417471386641411,0.745370323596016,94,6.19686778152243e-06,195115552
116,-0.823200308808143,0.195650537450269,0.439024390243902,0.299192435456507,0.644208851520409,0.560975609756098,0.355791148479591,0.700807564543493,113,2.58207477219674e-05,702562995
240,-0.60419969454345,0.184103535500293,0.546511627906976,0.380969487048078,0.78398656478187,0.453488372093024,0.21601343521813,0.619030512951922,137,0.00103129429621107,196783234
841,-0.988264231499244,0.192737114661168,0.372222222222222,0.255119801404728,0.543075770493609,0.627777777777778,0.456924229506391,0.744880198595272,112,2.93577157543235e-07,928085895
566,-1.12247977007475,0.18264905737622,0.325471698113207,0.227531783116541,0.465569358362726,0.674528301886792,0.534430641637274,0.772468216883459,122,7.96845539065678e-10,207749495
591,-1.00900012997842,0.187400767419964,0.364583333333333,0.252511399488491,0.526396064548771,0.635416666666667,0.473603935451229,0.747488600511508,118,7.2774210976618e-08,665992594
764,-0.649975008694737,0.208557598038085,0.522058823529412,0.346892484650703,0.785676909372506,0.477941176470588,0.214323090627494,0.653107515349297,105,0.00182996043172436,277159215
166,-1.08845991720409,0.188572740412547,0.336734693877551,0.232688251691318,0.487305453698756,0.663265306122449,0.512694546301244,0.767311748308682,115,7.82915943408743e-09,729242583
515,-1.04982212449868,0.185164019981253,0.35,0.243475992464626,0.503129687489815,0.65,0.496870312510185,0.756524007535374,120,1.4305823565756e-08,275577271
367,-1.05860695405441,0.187387421211516,0.346938775510204,0.240297016803329,0.500907233696679,0.653061224489796,0.499092766303321,0.759702983196671,117,1.61106518468034e-08,136770910
40,-0.693147180559946,0.180578779537461,0.5,0.350962785685376,0.712326235705557,0.5,0.287673764294443,0.649037214314624,138,0.000123800677515763,644128232
791,-1.01160091167848,0.175162262462575,0.363636363636363,0.257969830342356,0.512584765370397,0.636363636363637,0.487415234629603,0.742030169657644,135,7.68517940472314e-09,132273274
315,-0.519875459285909,0.1959353549865,0.594594594594595,0.404986438201892,0.872974249436135,0.405405405405405,0.127025750563865,0.595013561798108,125,0.00797087726387005,720792767
717,-1.06612683352362,0.180462058822745,0.344339622641509,0.241756086194889,0.490452081629552,0.655660377358491,0.509547918370448,0.75824391380511,126,3.46787231527331e-09,612747181
292,-0.994252273343867,0.183066964588671,0.37,0.258448991179444,0.529698333799835,0.63,0.470301666200165,0.741551008820555,124,5.60123973324921e-08,219083601
915,-0.76120064380496,0.20099825006811,0.467105263157895,0.315010289725737,0.692635555047332,0.532894736842105,0.307364444952668,0.684989710274263,109,0.000152415249140671,331625216
391,-1.04707863855293,0.181464595382385,0.350961538461538,0.245921546649924,0.500867057633757,0.649038461538461,0.499132942366243,0.754078453350076,125,7.91991791016161e-09,863807303
990,-0.895173808433233,0.198281660901171,0.408536585365853,0.276983117420035,0.602571532651538,0.591463414634147,0.397428467348462,0.723016882579965,108,6.34191439312276e-06,941538530
691,-0.959775843813893,0.187524624101984,0.382978723404256,0.265187712879722,0.553090114876015,0.617021276595744,0.446909885123985,0.734812287120278,119,3.08576053544611e-07,984913046
91,-0.806475865866949,0.192724822365591,0.446428571428571,0.30598794395971,0.651327849093286,0.553571428571429,0.348672150906714,0.69401205604029,117,2.85671451140424e-05,232726848
866,-0.833504538254868,0.193670219598703,0.43452380952381,0.297276917166013,0.635134886499255,0.56547619047619,0.364865113500745,0.702723082833987,115,1.679455223037e-05,892042835
641,-0.728653869016856,0.18789360483387,0.482558139534884,0.333898385469148,0.697404863770701,0.517441860465117,0.302595136229299,0.666101614530852,126,0.000105313029248631,704796916
66,-0.830006363277142,0.191282898606837,0.436046511627907,0.299717787499421,0.634385305887906,0.563953488372093,0.365614694112094,0.700282212500579,118,1.4303087838987e-05,967692963
190,-0.727048732235626,0.183620464840141,0.483333333333333,0.337247488760682,0.692699334751419,0.516666666666667,0.307300665248581,0.662752511239318,132,7.510084758904e-05,176081378
216,-0.927986771637346,0.194837615255976,0.395348837209302,0.269857434347058,0.579197321211216,0.604651162790698,0.420802678788784,0.730142565652942,111,1.90856187734443e-06,478566026
342,-0.815749502652278,0.173494479620042,0.442307692307692,0.314807973422998,0.62144580566797,0.557692307692308,0.37855419433203,0.685192026577002,144,2.57782237257279e-06,272119761
816,-1.14373272394858,0.18706271282919,0.318627450980392,0.220828498427191,0.459738907076503,0.681372549019608,0.540261092923497,0.779171501572809,116,9.70624310408884e-10,251846876
442,-0.608589792531883,0.207184164854768,0.544117647058823,0.36252447351763,0.816673177863211,0.455882352941177,0.183326822136789,0.63747552648237,108,0.0033094069653135,140846781
491,-0.858226930919394,0.185902241156443,0.423913043478261,0.294466914094307,0.610263020494893,0.576086956521739,0.389736979505107,0.705533085905693,124,3.90172661309877e-06,342182560
417,-0.820486602936547,0.184620717848642,0.440217391304348,0.306561601314157,0.632144896086357,0.559782608695652,0.367855103913643,0.693438398685843,127,8.82301594174366e-06,715853094
666,-1.18562366565774,0.183493960877206,0.305555555555556,0.213255304073847,0.437804808355594,0.694444444444444,0.562195191644406,0.786744695926153,120,1.03754444354969e-10,24302495
891,-1.0055218656021,0.202625049244834,0.365853658536585,0.245941970171798,0.544229597620556,0.634146341463415,0.455770402379444,0.754058029828202,101,6.96003074349693e-07,971668775
266,-1.02232898391848,0.203320919870709,0.359756097560975,0.241513317092754,0.535889495826833,0.640243902439025,0.464110504173167,0.758486682907246,100,4.95222989197581e-07,559567274
17,-0.678548381138793,0.209534050414531,0.50735294117647,0.336476296567283,0.765007846158764,0.49264705882353,0.234992153841236,0.663523703432717,103,0.00120215601072182,992199281
141,-0.980829253011726,0.182574185863157,0.375,0.262194657950271,0.536338158448184,0.625,0.463661841551816,0.737805342049729,125,7.77718148398458e-08,442165483
541,-1.0154347821892,0.185722024320904,0.362244897959184,0.251718655649976,0.521301711860115,0.637755102040817,0.478698288139885,0.748281344350024,120,4.56432555817481e-08,132794417
466,-0.936377490440893,0.19292492416054,0.392045454545454,0.268607682439814,0.572208646579537,0.607954545454546,0.427791353420463,0.731392317560186,113,1.21249423979826e-06,922429084
117,-0.531304155109532,0.196268387278044,0.587837837837837,0.400123061484639,0.863617613820367,0.412162162162163,0.136382386179633,0.599876938515361,124,0.00678883903731553,401350748
741,-0.790785650123861,0.189937691853771,0.453488372093023,0.312529415241124,0.65802351265053,0.546511627906977,0.34197648734947,0.687470584758876,121,3.13550150812674e-05,847495769
567,-0.805625163986635,0.182157507836089,0.446808510638298,0.312657380537369,0.638519534820171,0.553191489361702,0.361480465179829,0.687342619462631,131,9.74820976325759e-06,743916584
842,-0.845163387858571,0.201411019532695,0.429487179487179,0.289406868282225,0.637369936790757,0.570512820512821,0.362630063209243,0.710593131717775,106,2.71415905950056e-05,571309753
592,-0.893817876022097,0.191353499127253,0.409090909090909,0.281150872020887,0.595251121570035,0.590909090909091,0.404748878429965,0.718849127979113,116,2.99693610792973e-06,63266871
617,-1.13497993283898,0.190476190501333,0.321428571428571,0.221284426735565,0.46689379842385,0.678571428571429,0.53310620157615,0.778715573264435,112,2.54338470312833e-09,121699775
516,-1.31483539713775,0.189102876330103,0.268518518518518,0.185357252010239,0.388990417183122,0.731481481481482,0.611009582816878,0.814642747989761,112,3.57557147583113e-12,326624310
167,-0.885519073207401,0.200378429889156,0.4125,0.278523294866236,0.610922867624841,0.5875,0.389077132375159,0.721476705133764,106,9.90515753949864e-06,102509796
942,-1.05779029414785,0.178470871183451,0.347222222222222,0.24473316755852,0.49263151704237,0.652777777777778,0.50736848295763,0.75526683244148,129,3.08588007349483e-09,194849325
765,-0.731368393380142,0.194902573099658,0.48125,0.328450079647163,0.70513474299899,0.51875,0.29486525700101,0.671549920352837,117,0.000175092421482859,459107505
966,-0.841067310636567,0.198727838102024,0.43125,0.292126977716629,0.63662919444709,0.56875,0.36337080555291,0.707873022283371,109,2.31357683675754e-05,798513160
316,-1.21533656297625,0.176733887060655,0.296610169491526,0.209773140303173,0.419393982082943,0.703389830508474,0.580606017917057,0.790226859696827,129,6.1277678861947e-12,992780574
718,-0.643136759985284,0.194515160203995,0.525641025641025,0.359019179032439,0.769592556535773,0.474358974358975,0.230407443464227,0.640980820967561,121,0.000945172366902471,573464829
792,-0.798507696217772,0.185924450373577,0.45,0.312574348533641,0.647845867551111,0.55,0.352154132448889,0.687425651466359,126,1.74853577291371e-05,618579195
41,-0.913689950174098,0.18390308951005,0.401041666666667,0.279673233016051,0.575079769587914,0.598958333333333,0.424920230412086,0.720326766983949,125,6.75344028752151e-07,743927810
368,-0.949867027407759,0.176247117676677,0.386792452830189,0.273814329888202,0.546386310853339,0.613207547169811,0.453613689146661,0.726185670111798,135,7.06914919582167e-08,906102538
916,-0.857035035665062,0.192235387228751,0.424418604651163,0.29118121572255,0.618622157775716,0.575581395348837,0.381377842224284,0.70881878427745,116,8.26282469244102e-06,68345032
293,-1.12678316563481,0.181119388285664,0.324074074074074,0.227234979804969,0.46218238748765,0.675925925925926,0.53781761251235,0.772765020195031,124,4.93310740678802e-10,860272222
692,-0.789774016249017,0.202011245011977,0.453947368421052,0.30552954921358,0.674462466320555,0.546052631578948,0.325537533679445,0.69447045078642,107,9.2466408895866e-05,950606178
392,-1.00900012997842,0.187400767419964,0.364583333333333,0.252511399488491,0.526396064548771,0.635416666666667,0.473603935451229,0.747488600511508,118,7.2774210976618e-08,392696689
92,-0.668454567969574,0.192860368949493,0.5125,0.351180850311501,0.747923042406843,0.4875,0.252076957593157,0.648819149688499,122,0.000528257888486936,321791463
867,-0.737598943130779,0.181941657710524,0.478260869565217,0.334808002095486,0.683177994330148,0.521739130434783,0.316822005669852,0.665191997904514,134,5.0340383763472e-05,928084732
642,-1.23865836231383,0.205754989913638,0.289772727272727,0.193605880099918,0.433707041479004,0.710227272727273,0.566292958520996,0.806394119900082,95,1.74347310987106e-09,722388221
191,-0.887303195000903,0.177517900653607,0.411764705882353,0.290767329417102,0.583112873617114,0.588235294117647,0.416887126382886,0.709232670582898,135,5.78118216823392e-07,172781103
241,-0.809406986675807,0.195163710901192,0.445121951219512,0.303637467258911,0.652533276759676,0.554878048780488,0.347466723240324,0.696362532741089,114,3.36385042877156e-05,921317273
217,-0.765467842139572,0.189092078010411,0.465116279069767,0.321074689675127,0.673778282787093,0.534883720930233,0.326221717212907,0.678925310324873,123,5.16301861273276e-05,732980463
817,-1.13943428318836,0.188745860906557,0.32,0.221049333737219,0.463245006301317,0.68,0.536754993698683,0.778950666262781,114,1.57131910854584e-09,549828274
443,-0.919271360012293,0.196811831342508,0.398809523809524,0.271168342431997,0.586532464869364,0.601190476190476,0.413467535130636,0.728831657568003,109,3.00009223692023e-06,414365649
343,-1.18149994847388,0.203090598640358,0.306818181818182,0.206067765117146,0.456827377346959,0.693181818181818,0.543172622653041,0.793932234882854,98,5.9698404735833e-09,188557147
418,-0.765120680185035,0.206647407260301,0.465277777777778,0.310322823905181,0.69760711690344,0.534722222222222,0.30239288309656,0.689677176094819,103,0.000213450109795296,3656536
667,-0.776034840365713,0.187277739606465,0.460227272727273,0.318831520346776,0.66432936847527,0.539772727272727,0.33567063152473,0.681168479653224,125,3.41650668611467e-05,137014127
892,-0.924476316460594,0.188249198094427,0.396739130434783,0.274326036747748,0.573776880547739,0.603260869565217,0.426223119452261,0.725673963252252,119,9.06511383348938e-07,350910188
18,-0.845163387858571,0.201411019532695,0.429487179487179,0.289406868282225,0.637369936790757,0.570512820512821,0.362630063209243,0.710593131717775,106,2.71415905950058e-05,897083535
142,-0.980829253011726,0.186338998153664,0.375,0.260267071184673,0.540310379487919,0.625,0.459689620512081,0.739732928815327,120,1.41198500445534e-07,349724255
67,-0.903868211875598,0.179849045098771,0.405,0.284686739488181,0.576159607205061,0.595,0.423840392794939,0.715313260511819,131,5.01586915061986e-07,394806428
467,-1.03431793796271,0.163138012114941,0.35546875,0.258189216334917,0.489400889859993,0.64453125,0.510599110140007,0.741810783665083,155,2.29555537381986e-10,497586145
991,-0.734819876960513,0.176200060014036,0.479591836734694,0.339539276759461,0.677413028789307,0.520408163265306,0.322586971210693,0.660460723240539,143,3.04102216140394e-05,341747651
118,-1.02766055269583,0.18250061173615,0.357843137254902,0.250234905858612,0.51172601376717,0.642156862745098,0.48827398623283,0.749765094141388,124,1.79169958950702e-08,358598667
593,-0.980829253011726,0.186338998153664,0.375,0.260267071184673,0.54031037948792,0.625,0.45968962051208,0.739732928815327,120,1.41198500445535e-07,222556077
943,-0.883665504558079,0.180980226236291,0.413265306122449,0.289853333671345,0.589222870343565,0.586734693877551,0.410777129656435,0.710146666328655,130,1.04662510873718e-06,438567280
517,-0.757685701697517,0.195789002109726,0.46875,0.319363574123842,0.688013850993522,0.53125,0.311986149006478,0.680636425876158,115,0.000108875801775088,800428695
317,-0.8754687373539,0.182574185865576,0.416666666666667,0.291327397721143,0.595931287167473,0.583333333333333,0.404068712832527,0.708672602278857,128,1.62561456404891e-06,335664904
369,-0.916290731874155,0.190029237547352,0.4,0.275617513934954,0.580514633180241,0.6,0.419485366819759,0.724382486065046,117,1.42239445669212e-06,977328184
967,-0.808216510344733,0.184212519655584,0.445652173913043,0.310594705525377,0.639437365094411,0.554347826086957,0.360562634905589,0.689405294474623,128,1.14706546871839e-05,624636357
719,-1.1705857882932,0.182876711642889,0.310185185185185,0.216748505860073,0.44390086439849,0.689814814814815,0.55609913560151,0.783251494139927,121,1.54407049304914e-10,495927373
42,-1.09861228866811,0.185239643434187,0.333333333333333,0.231847530772744,0.479242158589224,0.666666666666667,0.520757841410776,0.768152469227256,119,3.0153151741199e-09,794306779
492,-0.693147180559946,0.191273013822409,0.5,0.343683054722316,0.72741439115173,0.5,0.27258560884827,0.656316945277684,123,0.00029023548146321,279598517
693,-0.72951482473082,0.190145215125357,0.482142857142857,0.332142030708304,0.69988653407744,0.517857142857143,0.30011346592256,0.667857969291696,123,0.000124739553016875,80072070
267,-0.8754687373539,0.188561808347934,0.416666666666667,0.287928500858622,0.602966050923723,0.583333333333333,0.397033949076277,0.712071499141378,120,3.43595729024652e-06,766617011
542,-0.947381318944187,0.183210420044209,0.387755102040816,0.270774977644017,0.55527294459369,0.612244897959184,0.44472705540631,0.729225022355983,125,2.32842956250854e-07,86633645
843,-0.913006656672965,0.206662120647513,0.401315789473684,0.267654858435456,0.601724040513632,0.598684210526316,0.398275959486368,0.732345141564544,99,9.96777301899546e-06,71809578
568,-1.14788333767489,0.185424605679041,0.317307692307692,0.220621020984851,0.45636708210387,0.682692307692308,0.54363291789613,0.779378979015149,118,5.99483991430952e-10,919750450
742,-0.750305594399895,0.18435543961828,0.472222222222222,0.32902036961637,0.677750825641886,0.527777777777778,0.322249174358114,0.67097963038363,130,4.70361791140157e-05,647949001
192,-1.12247977007475,0.182649057376221,0.325471698113208,0.227531783116541,0.465569358362727,0.674528301886792,0.534430641637273,0.772468216883459,122,7.96845539065733e-10,427568438
242,-0.774116243093612,0.185122702566494,0.461111111111111,0.320795935536302,0.662799721681831,0.538888888888889,0.337200278318169,0.679204064463698,128,2.89415711145886e-05,717703243
618,-0.849493250950639,0.204206769898776,0.427631578947368,0.286581829630623,0.638103146834954,0.572368421052632,0.361896853165046,0.713418170369377,103,3.18294760501176e-05,687327860
818,-0.93237686962578,0.186521069237077,0.393617021276595,0.273090660908224,0.567336718595176,0.606382978723405,0.432663281404824,0.726909339091776,121,5.76956595038922e-07,481051782
168,-0.916290731874156,0.180277563802446,0.4,0.280936036366811,0.569524657887221,0.6,0.430475342112779,0.719063963633189,130,3.72172850219162e-07,592481436
218,-0.879476758751439,0.17902009044174,0.415,0.292190384189093,0.589427336830301,0.585,0.410572663169699,0.707809615810907,133,8.98184863697403e-07,561141934
917,-0.866418901833982,0.190370129623792,0.420454545454546,0.289518089202625,0.61060787351931,0.579545454545454,0.38939212648069,0.710481910797375,118,5.33323324856335e-06,164943203
419,-0.519483686509105,0.221304116932183,0.594827586206897,0.385493176961777,0.917836886508125,0.405172413793103,0.0821631134918752,0.614506823038223,98,0.0189062306699597,144241142
344,-1.23214368129263,0.185449546776455,0.291666666666666,0.202783146669947,0.419509440707637,0.708333333333334,0.580490559292363,0.797216853330053,117,3.05093859279254e-11,415199251
766,-0.33794390723267,0.199301387285835,0.713235294117647,0.482599844317816,1.05409189572817,0.286764705882353,-0.0540918957281689,0.517400155682184,131,0.0899535995504375,114369940
893,-1.14373272394858,0.18706271282919,0.318627450980392,0.220828498427191,0.459738907076503,0.681372549019608,0.540261092923497,0.779171501572809,116,9.70624310408884e-10,487098993
294,-0.839750654751821,0.189433807638463,0.431818181818182,0.297889074445395,0.62596099738106,0.568181818181818,0.37403900261894,0.702110925554605,120,9.29522980011135e-06,673889473
668,-1.01856958099457,0.193924824656436,0.361111111111111,0.246928797527917,0.528092453668383,0.638888888888889,0.471907546331617,0.753071202472083,110,1.50134889408041e-07,689768446
19,-0.892636540976266,0.1851043185423,0.409574468085106,0.284952055636465,0.588699893855865,0.590425531914894,0.411300106144135,0.715047944363535,124,1.41881594325771e-06,385571030
793,-1.0820829867169,0.196508689008832,0.338888888888889,0.230562583879079,0.49811065212809,0.661111111111111,0.50188934787191,0.769437416120921,106,3.65954521463141e-08,540182267
393,-0.820486602936547,0.184620717848642,0.440217391304348,0.306561601314157,0.632144896086357,0.559782608695652,0.367855103913643,0.693438398685843,127,8.82301594174374e-06,831751149
143,-1.04642653549754,0.201887781610748,0.351190476190476,0.236426165508914,0.521662863758807,0.648809523809524,0.478337136241193,0.763573834491086,101,2.18100584155084e-07,987363342
93,-0.693147180559946,0.180578779537461,0.5,0.350962785685376,0.712326235705557,0.5,0.287673764294443,0.649037214314624,138,0.000123800677515763,486491338
68,-1.31218638896617,0.192582221650064,0.269230769230769,0.184585850850817,0.392691025701501,0.730769230769231,0.607308974298499,0.815414149149183,108,9.51580802485824e-12,176476215
992,-1.10406189343567,0.195275633575083,0.331521739130435,0.226096110524947,0.486105945214574,0.668478260869565,0.513894054785426,0.773903889475053,107,1.56880271990178e-08,3033676
119,-0.816761136527122,0.190823763465107,0.441860465116279,0.303987456386683,0.642265549221943,0.558139534883721,0.357734450778057,0.696012543613317,119,1.86737464889517e-05,699987235
594,-0.847297860387203,0.194160790869993,0.428571428571429,0.2929228492722,0.627037016211308,0.571428571428571,0.372962983788692,0.7070771507278,114,1.2776524701586e-05,476572965
643,-1.08401348924696,0.18466346896438,0.338235294117647,0.235522874719141,0.485740989376407,0.661764705882353,0.514259010623593,0.764477125280859,120,4.35241388684827e-09,785421106
944,-0.653406851910431,0.200035096844474,0.52027027027027,0.351527112367765,0.77001501336237,0.47972972972973,0.22998498663763,0.648472887632235,114,0.0010890078886543,318821756
868,-0.891598119283784,0.179429991812572,0.41,0.2884381960877,0.582793826476743,0.59,0.417206173523257,0.7115618039123,132,6.72787846902636e-07,722673133
318,-1.27766052011709,0.176350007039232,0.278688524590164,0.197246673735963,0.393757178598657,0.721311475409836,0.606242821401343,0.802753326264037,129,4.32353832951631e-13,883817902
444,-0.980829253011726,0.190346746936019,0.375,0.25823067055641,0.544571253666325,0.625,0.455428746333675,0.74176932944359,115,2.56549855831992e-07,962405393
720,-1.03609193168678,0.165809133131286,0.354838709677419,0.256385819678292,0.491097791771502,0.645161290322581,0.508902208228498,0.743614180321708,150,4.13876590320013e-10,276654441
493,-0.809406986675808,0.195163710901192,0.445121951219512,0.303637467258911,0.652533276759675,0.554878048780488,0.347466723240325,0.696362532741089,114,3.36385042877152e-05,448934688
43,-0.871395411966264,0.180563798219513,0.418367346938775,0.293671361942544,0.596010573951824,0.581632653061225,0.403989426048176,0.706328638057456,131,1.39323718815838e-06,548859547
694,-1.17968011175689,0.172414546844893,0.307377049180328,0.219236019694588,0.430954048948818,0.692622950819672,0.569045951051182,0.780763980305412,136,7.80325477025595e-12,984352978
268,-0.930276973848895,0.190543247784142,0.394444444444444,0.271515818758086,0.573028932401579,0.605555555555556,0.426971067598421,0.728484181241914,116,1.04889978486164e-06,421745626
844,-0.660357357736954,0.181589951148788,0.516666666666667,0.361943512574932,0.737530678600518,0.483333333333333,0.262469321399482,0.638056487425068,138,0.000276335161894358,344559949
468,-0.765467842139572,0.189092078010411,0.465116279069767,0.321074689675127,0.673778282787093,0.534883720930233,0.326221717212907,0.678925310324873,123,5.16301861273278e-05,142079343
543,-0.693147180559945,0.196116135039145,0.5,0.340436132061681,0.734352133793789,0.5,0.265647866206211,0.659563867938319,117,0.000408746902636997,684923612
569,-0.81377516834856,0.188541203879056,0.443181818181818,0.306263591544863,0.641310718574823,0.556818181818182,0.358689281425177,0.693736408455137,122,1.58762473940032e-05,783829535
193,-0.973762085788634,0.188045480663287,0.377659574468085,0.261237726857063,0.54596537760204,0.622340425531915,0.45403462239796,0.738762273142937,118,2.23877559811173e-07,644651999
743,-0.669049628980885,0.190512481922672,0.512195121951219,0.352590753843375,0.744046291886487,0.487804878048781,0.255953708113513,0.647409246156625,125,0.000445013415232656,840845531
243,-0.980829253011726,0.186338998153664,0.375,0.260267071184673,0.54031037948792,0.625,0.45968962051208,0.739732928815327,120,1.41198500445535e-07,628004887
619,-0.717839793150317,0.192068331371898,0.487804878048781,0.334778283954833,0.71077967255573,0.512195121951219,0.28922032744427,0.665221716045167,121,0.000185919101718072,664655725
819,-0.733421079697885,0.200036045814872,0.480263157894737,0.324495203189863,0.710804654625571,0.519736842105263,0.289195345374429,0.675504796810137,111,0.00024594617236999,540354867
169,-0.559615787935423,0.202660870705837,0.571428571428571,0.384110965457105,0.85009448208883,0.428571428571429,0.14990551791117,0.615889034542895,115,0.005756452381573,82562574
518,-0.663294217410264,0.212153040532327,0.515151515151515,0.339899077585993,0.7807643534889,0.484848484848485,0.2192356465111,0.660100922414007,101,0.00176906924296063,898408585
968,-0.790785650123861,0.189937691853771,0.453488372093023,0.312529415241124,0.65802351265053,0.546511627906977,0.34197648734947,0.687470584758876,121,3.13550150812672e-05,651748795
918,-0.835463402740201,0.179367971384832,0.433673469387755,0.305129754993536,0.616369511569909,0.566326530612245,0.383630488430091,0.694870245006464,134,3.19578224052514e-06,690692451
420,-0.784714374085436,0.19671967403058,0.45625,0.310280717716832,0.670889457881088,0.54375,0.329110542118912,0.689719282283168,113,6.63529983428294e-05,853518061
767,-1.07180103121745,0.193938511694884,0.342391304347826,0.234121860138642,0.500729855911719,0.657608695652174,0.499270144088281,0.765878139861358,109,3.26683734447904e-08,33343337
894,-1.15267950993839,0.177292832754577,0.315789473684211,0.223092883377271,0.447002119386792,0.684210526315789,0.552997880613208,0.776907116622729,129,7.94927492146664e-11,832720340
295,-0.945982521681558,0.187016646031184,0.388297872340426,0.269138701740829,0.560213884844003,0.611702127659574,0.439786115155997,0.730861298259171,120,4.23055403632361e-07,108638839
794,-1.09002854497672,0.17338365591714,0.336206896551724,0.239343800211948,0.472270755243482,0.663793103448276,0.527729244756518,0.760656199788052,136,3.24074309576368e-10,814538459
370,-0.732367893713226,0.197419246753113,0.480769230769231,0.32650745181455,0.707913562063878,0.519230769230769,0.292086437936122,0.67349254818545,114,0.000207497866583898,759530625
394,-0.649975008694737,0.208557598038085,0.522058823529412,0.346892484650703,0.785676909372506,0.477941176470588,0.214323090627494,0.653107515349297,105,0.00182996043172437,815909779
144,-0.751643387241553,0.186481810134144,0.471590909090909,0.327213957137102,0.679671452535278,0.528409090909091,0.320328547464722,0.672786042862898,127,5.56222101725574e-05,567893370
94,-0.918953849293638,0.186037440020069,0.398936170212766,0.277043559260732,0.574458645884813,0.601063829787234,0.425541354115187,0.722956440739268,122,7.82758460507869e-07,203236695
69,-0.611230058092059,0.18874903685855,0.542682926829268,0.374871727153676,0.785614752299659,0.457317073170732,0.214385247700341,0.625128272846324,130,0.00120235246875306,285740679
945,-1.13497993283898,0.178174161298468,0.321428571428571,0.226684777494805,0.455770906509062,0.678571428571429,0.544229093490938,0.773315222505195,128,1.8895540736922e-10,365991707
644,-0.962810747509048,0.173454835896798,0.381818181818182,0.27177629965317,0.536415883772747,0.618181818181818,0.463584116227253,0.72822370034683,139,2.84387358733326e-08,231140050
219,-1.10809103262265,0.182081407131628,0.330188679245283,0.231086302842419,0.471791545239658,0.669811320754717,0.528208454760342,0.768913697157581,123,1.15990543793390e-09,58863137
869,-1.12846525181779,0.186438618043618,0.323529411764706,0.224500301568611,0.466241156673133,0.676470588235294,0.533758843326867,0.775499698431389,117,1.42398952586928e-09,732966044
445,-0.913689950174098,0.18390308951005,0.401041666666667,0.279673233016051,0.575079769587914,0.598958333333333,0.424920230412086,0.720326766983949,125,6.75344028752151e-07,712565973
345,-0.902867711542015,0.209030365516628,0.405405405405405,0.269130281271405,0.610683948143978,0.594594594594595,0.389316051856022,0.730869718728595,97,1.56515204358312e-05,462241909
20,-1.09861228866811,0.197202659463747,0.333333333333333,0.226474618741937,0.490611759182251,0.666666666666667,0.509388240817749,0.773525381258063,105,2.53308810084012e-08,160576931
669,-1.01693425765384,0.18969047975148,0.361702127659574,0.249394134071082,0.524585029398383,0.638297872340426,0.475414970601617,0.750605865928918,115,8.27538326911341e-08,479077364
695,-1.10809103262265,0.182081407131628,0.330188679245283,0.231086302842419,0.471791545239658,0.669811320754717,0.528208454760342,0.768913697157581,123,1.15990543793393e-09,523906047
845,-0.988264231499244,0.192737114661168,0.372222222222222,0.255119801404728,0.543075770493609,0.627777777777778,0.456924229506391,0.744880198595272,112,2.93577157543235e-07,714359139
544,-0.751987680582879,0.209100319795833,0.471428571428571,0.312917163589174,0.710235563335755,0.528571428571429,0.289764436664245,0.687082836410826,101,0.000322774346281053,460187228
993,-0.829722715565697,0.182952774527854,0.436170212765957,0.304737793821107,0.624289006357974,0.563829787234043,0.375710993642026,0.695262206178892,129,5.75559419703754e-06,578742692
194,-0.80368905495977,0.190375489370873,0.447674418604651,0.30825800821456,0.650144942653094,0.552325581395349,0.349855057346906,0.69174199178544,120,2.42574922669098e-05,85585054
519,-1.02528101558256,0.192069377041755,0.358695652173913,0.246170701017249,0.522655906477895,0.641304347826087,0.477344093522105,0.753829298982751,112,9.39378586095846e-08,967929058
319,-1.07755887947028,0.192097880662559,0.340425531914894,0.233618973985083,0.49606220249447,0.659574468085106,0.50393779750553,0.766381026014917,111,2.0299857126419e-08,354189693
120,-0.734532396722799,0.202759794052595,0.47972972972973,0.322409020159558,0.713815678831394,0.52027027027027,0.286184321168606,0.677590979840442,108,0.000291574519376705,153109566
620,-0.902238978418505,0.174630557220225,0.40566037735849,0.288082442488341,0.571226557013425,0.59433962264151,0.428773442986575,0.711917557511659,139,2.3844367858888e-07,754491858
969,-0.898999234764094,0.1937563631253,0.406976744186047,0.278383748110652,0.594970329383022,0.593023255813953,0.405029670616978,0.721616251889348,113,3.48672841325413e-06,316040668
919,-1.08481896653577,0.179491360974525,0.337962962962963,0.237730982656617,0.480454684779918,0.662037037037037,0.519545315220082,0.762269017343383,127,1.50478878784417e-09,269909154
595,-0.377294231141468,0.197454033036926,0.685714285714286,0.465661164333999,1.00975584318944,0.314285714285714,-0.00975584318944001,0.534338835666001,131,0.0560308966076586,819985709
371,-0.847297860387204,0.212692489885077,0.428571428571428,0.282474363737847,0.65023058006855,0.571428571428572,0.34976941993145,0.717525636262153,95,6.78575174292114e-05,929144357
296,-1.07121331448,0.178974948082375,0.342592592592593,0.241231610673384,0.486543551119539,0.657407407407407,0.513456448880461,0.758768389326616,128,2.16031737318594e-09,545796445
795,-0.605039913049678,0.195867256572356,0.546052631578947,0.371973493350383,0.80159872083527,0.453947368421053,0.19840127916473,0.628026506649617,121,0.00200810879218425,826495865
44,-0.524811865740731,0.217756378335762,0.591666666666667,0.386120213261479,0.906633303362906,0.408333333333333,0.0933666966370941,0.613879786738521,101,0.0159487070020236,514475142
269,-0.451985123743057,0.205445350729417,0.636363636363636,0.425431805901795,0.951876827421384,0.363636363636364,0.048123172578616,0.574568194098205,117,0.0278050467545784,196317727
494,-0.749027638954402,0.182300255952524,0.472826086956522,0.330770805157856,0.675889483051332,0.527173913043478,0.324110516948668,0.669229194842144,133,3.97792604596859e-05,31584890
721,-0.762140052046897,0.184734902330963,0.466666666666667,0.32490780711719,0.670275607440939,0.533333333333333,0.329724392559061,0.67509219288281,129,3.69789133430679e-05,759753720
95,-0.750305594399895,0.206115647504166,0.472222222222222,0.315282933989525,0.707281629039593,0.527777777777778,0.292718370960407,0.684717066010475,104,0.000272408825614051,3474365
469,-1.01278085281833,0.17847951570095,0.363207547169811,0.255995791121251,0.515319887656386,0.636792452830189,0.484680112343614,0.744004208878749,130,1.39099593372274e-08,899549842
570,-0.487295126355797,0.200497719399862,0.614285714285714,0.414673657586442,0.909985314649144,0.385714285714286,0.0900146853508561,0.585326342413558,121,0.0150810321693159,16696512
820,-0.798507696217772,0.185924450373577,0.45,0.312574348533641,0.64784586755111,0.55,0.35215413244889,0.687425651466359,126,1.7485357729137e-05,537425904
244,-0.8754687373539,0.188561808347934,0.416666666666667,0.287928500858622,0.602966050923723,0.583333333333333,0.397033949076277,0.712071499141378,120,3.43595729024652e-06,54736067
170,-0.669049628980885,0.190512481922672,0.512195121951219,0.352590753843375,0.744046291886487,0.487804878048781,0.255953708113513,0.647409246156625,125,0.000445013415232657,401021954
220,-0.610909082322973,0.204277564253097,0.542857142857143,0.363750985541156,0.810152794809892,0.457142857142857,0.189847205190108,0.636249014458844,111,0.00278445127948891,88967145
744,-0.962137119999574,0.176673720599331,0.382075471698113,0.270249073874799,0.540174528557187,0.617924528301887,0.459825471442813,0.729750926125201,134,5.15609691688776e-08,809480732
346,-0.826678573184468,0.188982236537253,0.4375,0.302075905487316,0.633636269967373,0.5625,0.366363730032627,0.697924094512684,121,1.21782645410315e-05,412287210
895,-0.682565071229408,0.178333708258397,0.50531914893617,0.3562606273646,0.716743368950087,0.49468085106383,0.283256631049913,0.6437393726354,142,0.000129472604132467,23629394
421,-0.733421079697885,0.200036045814872,0.480263157894737,0.324495203189863,0.710804654625571,0.519736842105263,0.289195345374429,0.675504796810137,111,0.00024594617236999,814794288
670,-1.03942341727778,0.204038288624786,0.353658536585366,0.237086289249897,0.527547843004408,0.646341463414634,0.472452156995592,0.762913710750103,99,3.50112139705479e-07,942325336
21,-0.829722715565697,0.182952774527854,0.436170212765957,0.304737793821107,0.624289006357974,0.563829787234043,0.375710993642026,0.695262206178892,129,5.75559419703754e-06,737302498
768,-1.07121331448,0.178974948082375,0.342592592592593,0.241231610673384,0.486543551119539,0.657407407407407,0.513456448880461,0.758768389326616,128,2.16031737318596e-09,857796548
145,-0.786237603625957,0.185519120808679,0.455555555555556,0.316684775514798,0.655323148579442,0.544444444444444,0.344676851420558,0.683315224485202,127,2.25478797569971e-05,519486315
395,-0.888891757686041,0.189038979439611,0.411111111111111,0.283823887087362,0.595483161806567,0.588888888888889,0.404516838193433,0.716176112912638,119,2.57422114065187e-06,292413328
994,-0.816761136527123,0.190823763465107,0.441860465116279,0.303987456386683,0.642265549221943,0.558139534883721,0.357734450778057,0.696012543613317,119,1.86737464889513e-05,439538493
645,-0.718464988544235,0.194474967115041,0.4875,0.332994628426108,0.713693944924209,0.5125,0.286306055075791,0.667005371573892,118,0.000220421462710982,738963771
195,-0.778046624346431,0.189510004523146,0.459302325581396,0.316801650887132,0.665901284585279,0.540697674418605,0.334098715414721,0.683198349112868,122,4.03318800504125e-05,45815087
946,-0.817601355033351,0.182550783420236,0.441489361702128,0.308697231463457,0.631404614716235,0.558510638297872,0.368595385283765,0.691302768536543,130,7.50774850126907e-06,746567488
70,-1.17411984117626,0.181349663752245,0.309090909090909,0.216631256265239,0.441012953207781,0.690909090909091,0.558987046792219,0.783368743734761,123,9.52256604340795e-11,29157097
121,-1.03407376753054,0.194543625527341,0.355555555555556,0.242835197093364,0.520598968352246,0.644444444444444,0.479401031647754,0.757164802906636,109,1.06433557399696e-07,232969844
320,-0.812206540575934,0.178612474788266,0.443877551020408,0.312772071948077,0.629938853148575,0.556122448979592,0.370061146851425,0.687227928051923,136,5.43355772562691e-06,830566052
621,-0.934309237376834,0.216224991081524,0.392857142857143,0.257148270493886,0.600185777635036,0.607142857142857,0.399814222364964,0.742851729506114,90,1.55320252236655e-05,833194582
446,-0.804938586548062,0.173157319837509,0.447115384615385,0.318440161663335,0.627785660312272,0.552884615384615,0.372214339687728,0.681559838336665,145,3.34200551930675e-06,66173819
870,-0.559615787935423,0.202660870705837,0.571428571428571,0.384110965457105,0.85009448208883,0.428571428571429,0.14990551791117,0.615889034542895,115,0.005756452381573,185686497
297,-0.896088024556636,0.181406072875598,0.408163265306122,0.28603605949213,0.582434436557255,0.591836734693878,0.417565563442745,0.71396394050787,129,7.82507156122805e-07,626479954
596,-1.14788333767489,0.185424605679041,0.317307692307692,0.220621020984851,0.45636708210387,0.682692307692308,0.54363291789613,0.779378979015149,118,5.99483991430952e-10,475893125
920,-0.83034830207343,0.200865397736571,0.435897435897436,0.294040652504543,0.646191514688682,0.564102564102564,0.353808485311318,0.705959347495457,107,3.56729565712607e-05,245926925
372,-0.93237686962578,0.186521069237077,0.393617021276596,0.273090660908224,0.567336718595177,0.606382978723405,0.432663281404823,0.726909339091776,121,5.76956595038927e-07,463026960
970,-0.893817876022097,0.191353499127253,0.409090909090909,0.281150872020887,0.595251121570035,0.590909090909091,0.404748878429965,0.718849127979113,116,2.99693610792973e-06,213131194
796,-1.03147298583048,0.177497976086475,0.356481481481481,0.251738953727952,0.504804857402255,0.643518518518519,0.495195142597745,0.748261046272048,131,6.20333982813224e-09,244394074
846,-1.10809103262265,0.182081407131628,0.330188679245283,0.231086302842419,0.471791545239658,0.669811320754717,0.528208454760342,0.768913697157581,123,1.15990543793392e-09,939372659
495,-0.727832738547835,0.185720162131709,0.482954545454546,0.33559924049113,0.695010789159911,0.517045454545454,0.304989210840089,0.66440075950887,129,8.89262053921265e-05,120865734
722,-0.863046217355343,0.182151070150214,0.421875,0.295213706944433,0.6028802573808,0.578125,0.3971197426192,0.704786293055567,129,2.15753373555946e-06,984924577
96,-0.761200643804961,0.20099825006811,0.467105263157895,0.315010289725736,0.692635555047332,0.532894736842105,0.307364444952668,0.684989710274264,109,0.000152415249140667,391762399
545,-0.782094666576442,0.181395983233094,0.457446808510638,0.320579731716605,0.652747388289519,0.542553191489362,0.347252611710481,0.679420268283395,133,1.62126980828618e-05,467737085
696,-0.887303195000903,0.177517900653607,0.411764705882353,0.290767329417102,0.583112873617115,0.588235294117647,0.416887126382885,0.709232670582898,135,5.78118216823397e-07,116086081
470,-0.897447644072675,0.187276436797739,0.407608695652174,0.282379684313885,0.588373944729624,0.592391304347826,0.411626055270376,0.717620315686115,121,1.65043581856037e-06,102515826
571,-0.993732657847635,0.179493125850515,0.370192307692307,0.260400950112944,0.526274365032526,0.629807692307693,0.473725634967474,0.739599049887056,129,3.08880454924157e-08,955680310
821,-0.998528830111127,0.171606006779513,0.368421052631579,0.263192276930764,0.515722093387516,0.631578947368421,0.484277906612484,0.736807723069236,141,5.9296818125491e-09,969818346
520,-0.995428052432879,0.190905769422509,0.369565217391304,0.254209516227536,0.537267258646738,0.630434782608696,0.462732741353262,0.745790483772464,114,1.84574708051342e-07,390938907
245,-1.11259853064285,0.180563079198368,0.328703703703704,0.23073263505219,0.468274133843672,0.671296296296296,0.531725866156328,0.76926736494781,125,7.19102040045473e-10,416371648
171,-0.761200643804961,0.20099825006811,0.467105263157895,0.315010289725736,0.692635555047332,0.532894736842105,0.307364444952668,0.684989710274264,109,0.000152415249140667,355106495
745,-0.85566611005772,0.199263349280289,0.425,0.287591244165474,0.628061541039379,0.575,0.371938458960621,0.712408755834526,108,1.75366271595846e-05,873270539
347,-0.819898886199089,0.193191711354252,0.440476190476191,0.301631959314609,0.64323182071715,0.55952380952381,0.35676817928285,0.698368040685391,116,2.1960449232898e-05,914515382
896,-1.10372738933488,0.189189795337124,0.331632653061225,0.228885689066696,0.480502809174666,0.668367346938775,0.519497190825334,0.771114310933304,114,5.41242016160381e-09,340658206
270,-0.787176130208222,0.199312650620411,0.455128205128205,0.30794879892394,0.672649751604919,0.544871794871795,0.327350248395081,0.69205120107606,110,7.8329686250972e-05,921493751
45,-0.644357016390513,0.192106121357132,0.525,0.360278442371129,0.765033284217638,0.475,0.234966715782362,0.639721557628871,124,0.000796028005120832,235952904
422,-0.921988752988793,0.192387595818816,0.397727272727273,0.272787680943036,0.579890495509975,0.602272727272727,0.420109504490025,0.727212319056964,114,1.64838759428952e-06,703475670
22,-0.810930216216328,0.186338998157482,0.444444444444445,0.308464676957304,0.640367857175661,0.555555555555555,0.359632142824339,0.691535323042696,125,1.34957764499344e-05,242411663
671,-1.02338886743052,0.18795235291687,0.359375,0.24863515202618,0.519437374693508,0.640625,0.480562625306492,0.75136484797382,117,5.18234969293036e-08,746173946
396,-1.01160091167848,0.175162262462575,0.363636363636363,0.257969830342356,0.512584765370397,0.636363636363637,0.487415234629603,0.742030169657644,135,7.68517940472314e-09,698252126
146,-0.893817876022096,0.171151772712394,0.409090909090909,0.292506267137523,0.572142858813155,0.590909090909091,0.427857141186845,0.707493732862477,145,1.76647604870945e-07,780235494
646,-0.645519131570691,0.189784485241599,0.524390243902439,0.361501210996163,0.760675537274971,0.475609756097561,0.239324462725029,0.638498789003837,127,0.000670595101215975,762360911
71,-0.693147180559946,0.193649167212578,0.5,0.342086183908809,0.73080998812464,0.5,0.26919001187536,0.657913816091191,120,0.000344388411298136,71388666
947,-1.48160454092422,0.195401684198989,0.227272727272727,0.154960535451366,0.333329337121415,0.772727272727273,0.666670662878585,0.845039464548634,105,3.3934354609851e-14,157766245
196,-0.810930216216328,0.186338998157482,0.444444444444445,0.308464676957304,0.64036785717566,0.555555555555555,0.35963214282434,0.691535323042696,125,1.34957764499344e-05,41302881
995,-1.07342203983955,0.187972169242157,0.341836734693877,0.236492041767025,0.494106915027978,0.658163265306122,0.505893084972022,0.763507958232975,116,1.12620204967232e-08,255357716
122,-1.00785792539965,0.183571866436865,0.365,0.254704259843718,0.523057604461522,0.635,0.476942395538478,0.745295740156282,123,4.01334456631288e-08,642102682
871,-1.08091271156871,0.176110867361067,0.339285714285714,0.240247972838928,0.47914991563964,0.660714285714286,0.52085008436036,0.759752027161071,132,8.37336329048806e-10,296110896
447,-0.81377516834856,0.188541203879056,0.443181818181818,0.306263591544863,0.641310718574823,0.556818181818182,0.358689281425177,0.693736408455137,122,1.58762473940031e-05,303558938
221,-1.2770950691549,0.190976827256996,0.278846153846154,0.191780695164687,0.405437979292036,0.721153846153846,0.594562020707964,0.808219304835313,110,2.27522969778892e-11,582189913
597,-0.613104472886409,0.201490174819582,0.541666666666667,0.364941592492985,0.803971878824467,0.458333333333333,0.196028121175533,0.635058407507015,114,0.00234348751204321,853001612
298,-0.667171694156684,0.197828972226269,0.513157894736842,0.348223990702395,0.756211610807138,0.486842105263158,0.243788389192862,0.651776009297605,116,0.000744979946309439,666783633
797,-0.925479157928562,0.19943635400766,0.396341463414634,0.26810750817825,0.58590882698151,0.603658536585366,0.41409117301849,0.73189249182175,106,3.47611397039677e-06,486875251
847,-0.754516126936238,0.190965315360579,0.470238095238095,0.323420719122916,0.683703464678506,0.529761904761905,0.316296535321494,0.676579280877084,121,7.78046077119993e-05,130781636
723,-0.667171694156685,0.197828972226269,0.513157894736842,0.348223990702395,0.756211610807137,0.486842105263158,0.243788389192863,0.651776009297605,116,0.000744979946309423,300026306
496,-0.78552050069096,0.213402898246661,0.455882352941177,0.300057098095481,0.692630572788684,0.544117647058823,0.307369427211316,0.699942901904519,96,0.000232387491106452,488898485
97,-0.728653869016855,0.18789360483387,0.482558139534884,0.333898385469148,0.697404863770702,0.517441860465116,0.302595136229298,0.666101614530852,126,0.000105313029248632,506295613
546,-0.841992808157511,0.183363777144032,0.430851063829787,0.300779088953687,0.617172689261794,0.569148936170213,0.382827310738206,0.699220911046313,128,4.39175105974987e-06,134335287
697,-0.896088024556636,0.181406072875598,0.408163265306122,0.28603605949213,0.582434436557255,0.591836734693878,0.417565563442745,0.71396394050787,129,7.82507156122805e-07,719001641
769,-0.944461608840851,0.191070501437356,0.388888888888889,0.267415163119135,0.565542230804088,0.611111111111111,0.434457769195912,0.732584836880865,115,7.6929235463987e-07,759097723
572,-0.728653869016855,0.18789360483387,0.482558139534884,0.333898385469148,0.697404863770701,0.517441860465116,0.302595136229299,0.666101614530852,126,0.000105313029248631,455835219
521,-1.07342203983955,0.187972169242157,0.341836734693877,0.236492041767025,0.494106915027978,0.658163265306123,0.505893084972022,0.763507958232975,116,1.12620204967231e-08,354579579
822,-1.08845991720409,0.188572740412547,0.336734693877551,0.232688251691318,0.487305453698756,0.663265306122449,0.512694546301244,0.767311748308682,115,7.82915943408738e-09,112174073
246,-1.25526609871349,0.193762379366195,0.285,0.194945863150992,0.416654135087178,0.715,0.583345864912822,0.805054136849008,107,9.27133340985302e-11,292767320
971,-1.0154347821892,0.185722024320904,0.362244897959184,0.251718655649976,0.521301711860115,0.637755102040816,0.478698288139885,0.748281344350024,120,4.56432555817487e-08,219284926
172,-0.88889175768604,0.189038979439611,0.411111111111111,0.283823887087362,0.595483161806568,0.588888888888889,0.404516838193432,0.716176112912638,119,2.5742211406519e-06,157881032
348,-0.498991166118988,0.200838577946021,0.607142857142857,0.40957815237836,0.900005156132122,0.392857142857143,0.0999948438678785,0.59042184762164,120,0.0129719504181083,844292308
897,-1.015920572823,0.170722409846516,0.362068965517241,0.259102809679575,0.505953354781624,0.637931034482759,0.494046645218376,0.740897190320425,142,2.66972013075101e-09,608114871
321,-0.578371665967517,0.197674529838179,0.560810810810811,0.38067601303238,0.826184878361452,0.439189189189189,0.173815121638548,0.61932398696762,120,0.00343485006091299,363451532
46,-0.884202417322655,0.186807454838451,0.41304347826087,0.28640788843702,0.595671145319563,0.58695652173913,0.404328854680437,0.71359211156298,122,2.20976200727028e-06,942598487
622,-1.09002854497672,0.17338365591714,0.336206896551724,0.239343800211948,0.472270755243482,0.663793103448276,0.527729244756518,0.760656199788052,136,3.24074309576368e-10,161994103
423,-1.10343157510406,0.183639654930999,0.331730769230769,0.231457574696136,0.475444812721763,0.668269230769231,0.524555187278237,0.768542425303864,121,1.87042057609513e-09,745990183
271,-1.0171968971826,0.17378959082318,0.361607142857143,0.257221361484551,0.508354846621711,0.638392857142857,0.491645153378289,0.742778638515449,137,4.82676825656685e-09,539470150
373,-1.22945188962692,0.187074735853337,0.292452830188679,0.202683093742811,0.421982200419231,0.707547169811321,0.578017799580769,0.797316906257189,115,4.96497006735887e-11,808668411
921,-0.809406986675807,0.195163710901192,0.445121951219512,0.303637467258911,0.652533276759676,0.554878048780488,0.347466723240324,0.696362532741089,114,3.36385042877157e-05,207241948
23,-1.10866262452161,0.1874873733377,0.33,0.228520096276949,0.476544521791298,0.67,0.523455478208702,0.771479903723051,116,3.3539081225063e-09,62674227
672,-1.14117190308691,0.181690044169626,0.319444444444444,0.22373838226597,0.456089617047082,0.680555555555556,0.543910382952918,0.77626161773403,123,3.36679350832251e-10,901802845
147,-0.987655218082127,0.184680246406403,0.372448979591837,0.259338310967322,0.534892981609953,0.627551020408163,0.465107018390047,0.740661689032678,122,8.89706803324918e-08,933785502
397,-0.669049628980885,0.190512481922672,0.512195121951219,0.352590753843375,0.744046291886487,0.487804878048781,0.255953708113513,0.647409246156625,125,0.000445013415232659,978670428
471,-1.19824212961695,0.177558704669122,0.301724137931034,0.213045228399472,0.42731515788528,0.698275862068966,0.57268484211472,0.786954771600528,128,1.494555589088e-11,307483233
948,-0.3983476403393,0.198014460003704,0.671428571428572,0.455459331094035,0.989805885517221,0.328571428571428,0.0101941144827788,0.544540668905965,129,0.044250531306095,156560485
72,-1.04678722080352,0.190861496658571,0.351063829787234,0.241504087566938,0.510325990034102,0.648936170212766,0.489674009965898,0.758495912433062,113,4.1455027030047e-08,409450909
647,-0.726299387876846,0.181590433401707,0.483695652173913,0.338845815268597,0.690465909241021,0.516304347826087,0.309534090758979,0.661154184731403,135,6.34344430802156e-05,515949516
872,-1.13739831370327,0.196693373013279,0.320652173913043,0.218076307986339,0.471476326725054,0.679347826086957,0.528523673274946,0.781923692013661,105,7.35565632708736e-09,714971851
746,-0.973762085788634,0.188045480663287,0.377659574468085,0.261237726857063,0.54596537760204,0.622340425531915,0.45403462239796,0.738762273142937,118,2.23877559811171e-07,965466447
448,-0.538996500732688,0.199204768080201,0.583333333333333,0.394778404913882,0.861946280602675,0.416666666666667,0.138053719397325,0.605221595086118,120,0.00681521845198318,161109254
222,-1.15189365528105,0.183829534273956,0.316037735849056,0.220426070442888,0.453121766767042,0.683962264150944,0.546878233232958,0.779573929557112,120,3.70210264091021e-10,405519404
848,-0.627764421297093,0.199211583067715,0.533783783783784,0.361240278944765,0.788741301670017,0.466216216216216,0.211258698329983,0.638759721055235,116,0.00162576289065989,499260419
299,-1.02036009176836,0.19845615692957,0.36046511627907,0.244307643987569,0.531850325815818,0.63953488372093,0.468149674184182,0.755692356012431,105,2.72570023821833e-07,989838270
798,-0.717839793150317,0.192068331371898,0.48780487804878,0.334778283954833,0.71077967255573,0.51219512195122,0.28922032744427,0.665221716045167,121,0.00018591910171807,576676028
698,-1.01856958099457,0.193924824656436,0.361111111111111,0.246928797527917,0.528092453668383,0.638888888888889,0.471907546331617,0.753071202472083,110,1.50134889408043e-07,898362213
547,-0.753045322141015,0.188683578985221,0.470930232558139,0.325348507172358,0.681654530597784,0.529069767441861,0.318345469402216,0.674651492827642,124,6.5781814157168e-05,40110527
823,-1.06784063000136,0.189696727686742,0.34375,0.237013213970264,0.498554745200091,0.65625,0.501445254799909,0.762986786029736,114,1.81048419229161e-08,885169308
996,-0.907804117996837,0.191863961653947,0.403409090909091,0.276968756169124,0.587571309049482,0.596590909090909,0.412428690950518,0.723031243830876,115,2.22868057376853e-06,473283430
522,-1.05860695405441,0.187387421211516,0.346938775510204,0.240297016803329,0.500907233696679,0.653061224489796,0.499092766303321,0.759702983196671,117,1.6110651846803e-08,958486700
247,-0.681312722912943,0.188611318999927,0.505952380952381,0.349593539441684,0.732244114694473,0.494047619047619,0.267755885305527,0.650406460558316,127,0.000303542480087241,616406438
197,-0.967035930879391,0.185827779088801,0.380208333333333,0.264146426114645,0.547266070801843,0.619791666666667,0.452733929198157,0.735853573885355,121,1.95110877274165e-07,519042100
123,-0.6458942957094,0.21827203175595,0.524193548387097,0.341741861865615,0.804053898081437,0.475806451612903,0.195946101918563,0.658258138134385,96,0.00308513612210569,662239724
173,-1.11119107087497,0.171245129924086,0.329166666666667,0.235316148062403,0.460447340042773,0.670833333333333,0.539552659957227,0.764683851937597,139,8.64701981294485e-11,367335662
322,-1.01278085281833,0.17847951570095,0.363207547169811,0.255995791121251,0.515319887656386,0.636792452830189,0.484680112343614,0.744004208878749,130,1.39099593372276e-08,429771166
972,-1.03798766685167,0.168616050710859,0.354166666666667,0.25449628166286,0.492871750259774,0.645833333333333,0.507128249740226,0.74550371833714,145,7.46408084982276e-10,630056187
598,-0.759838555058618,0.222484704742278,0.467741935483871,0.30243147277226,0.723411873125212,0.532258064516129,0.276588126874788,0.69756852722774,89,0.000637259487560487,581648424
898,-1.07485820266,0.182524727865589,0.341346153846154,0.238687504399457,0.488157924474186,0.658653846153846,0.511842075525814,0.761312495600543,123,3.88924969809923e-09,884130446
374,-0.958850346292951,0.191611523288465,0.383333333333333,0.263315582954974,0.558054494137445,0.616666666666667,0.441945505862555,0.736684417045026,114,5.61127911368214e-07,968681180
47,-0.706050585395853,0.196540170556312,0.493589743589744,0.335792375122011,0.725540104621093,0.506410256410256,0.274459895378907,0.664207624877989,116,0.00032764847203341,375070785
623,-1.09438395255859,0.172067952851907,0.334745762711865,0.238918941127105,0.469007292284687,0.665254237288135,0.530992707715313,0.761081058872895,138,2.01511358410101e-10,338339392
922,-0.648695417989112,0.183294402279282,0.522727272727272,0.364967910747659,0.748678975894445,0.477272727272728,0.251321024105555,0.635032089252341,136,0.000401508674649702,288229215
497,-0.85566611005772,0.199263349280289,0.425,0.287591244165474,0.628061541039379,0.575,0.371938458960621,0.712408755834526,108,1.75366271595846e-05,394016150
272,-0.847297860387205,0.194160790869993,0.428571428571428,0.2929228492722,0.627037016211307,0.571428571428572,0.372962983788693,0.7070771507278,114,1.27765247015856e-05,195400882
24,-1.33750419695046,0.180387589778883,0.2625,0.184324520558648,0.373831163597551,0.7375,0.626168836402449,0.815675479441352,123,1.21980320800533e-13,451187284
573,-0.942801857422487,0.195400069344794,0.38953488372093,0.265595990921748,0.571309171907587,0.61046511627907,0.428690828092413,0.734404009078252,110,1.40015768278672e-06,884459507
724,-0.37469344944141,0.238365647079408,0.6875,0.430899009573916,1.09690725552462,0.3125,-0.0969072555246178,0.569100990426084,90,0.115967430501328,537026104
770,-0.492476485097794,0.228448138768469,0.611111111111111,0.390539325440595,0.956259116036863,0.388888888888889,0.0437408839631367,0.609460674559405,93,0.0311033934199305,911396410
98,-1.11696142733631,0.179082961443421,0.327272727272727,0.230395569024418,0.464884973569859,0.672727272727273,0.535115026430141,0.769604430975583,127,4.45707935840087e-10,969381883
949,-0.409379007429301,0.207399869343273,0.6640625,0.442252062748063,0.99712141796716,0.3359375,0.00287858203284008,0.557747937251937,117,0.0483972795317787,921141310
472,-0.910870664404815,0.18775687460059,0.402173913043478,0.278352390446898,0.581075866002163,0.597826086956522,0.418924133997837,0.721647609553102,120,1.22635951222942e-06,279036644
349,-0.972318563343818,0.206373879637434,0.378205128205128,0.25238390080896,0.566752152344812,0.621794871794872,0.433247847655188,0.74761609919104,98,2.45970109693843e-06,146723991
873,-1.11342737445325,0.185831149920893,0.32843137254902,0.228173326359702,0.472742227127752,0.67156862745098,0.527257772872248,0.771826673640298,118,2.07776475947238e-09,370632675
648,-0.634306680537012,0.21116047105687,0.53030303030303,0.350577459854028,0.802165958032985,0.46969696969697,0.197834041967015,0.649422540145972,103,0.00266535692050142,135419664
747,-1.04400815463326,0.186817870929505,0.352040816326531,0.244103136280337,0.507706448382218,0.647959183673469,0.492293551617782,0.755896863719663,118,2.29205435778446e-08,206600743
223,-0.661730984326566,0.177724151596739,0.515957446808511,0.364195699205629,0.730958897916176,0.484042553191489,0.269041102083824,0.635804300794371,144,0.00019658894891536,209492231
849,-1.1705857882932,0.182876711642889,0.310185185185185,0.216748505860073,0.443900864398491,0.689814814814815,0.556099135601509,0.783251494139927,121,1.54407049304917e-10,457944628
424,-0.85566611005772,0.178226557766004,0.425,0.299696871235809,0.602692311251656,0.575,0.397307688748344,0.700303128764191,135,1.57873471991711e-06,824277237
673,-1.04252282201707,0.209339064284697,0.352564102564103,0.233909767124029,0.531407678888934,0.647435897435897,0.468592321111066,0.766090232875971,94,6.35618621495631e-07,477046651
699,-0.736949803218339,0.208558868719544,0.478571428571428,0.317995618510719,0.720231974633883,0.521428571428572,0.279768025366117,0.682004381489281,102,0.000410043720591451,471094767
548,-0.784714374085436,0.19671967403058,0.45625,0.310280717716832,0.670889457881088,0.54375,0.329110542118912,0.689719282283168,113,6.63529983428294e-05,817356517
824,-0.988992563650887,0.20194971289372,0.371951219512195,0.250372185146186,0.552568208069245,0.628048780487805,0.447431791930755,0.749627814853814,102,9.72010373768677e-07,256302362
997,-0.706392407309966,0.199120874901799,0.493421052631579,0.333984013578754,0.728970026353211,0.506578947368421,0.271029973646789,0.666015986421246,113,0.000388823432918302,718008976
148,-0.776034840365713,0.187277739606465,0.460227272727273,0.318831520346776,0.66432936847527,0.539772727272727,0.33567063152473,0.681168479653224,125,3.41650668611467e-05,238853989
248,-0.96703593087939,0.185827779088801,0.380208333333333,0.264146426114645,0.547266070801843,0.619791666666667,0.452733929198157,0.735853573885355,121,1.95110877274167e-07,254807894
124,-0.81377516834856,0.188541203879056,0.443181818181818,0.306263591544863,0.641310718574823,0.556818181818182,0.358689281425177,0.693736408455137,122,1.58762473940032e-05,907563919
73,-0.823986781518757,0.172106399388848,0.438679245283019,0.313076056536697,0.61467325981705,0.561320754716981,0.38532674018295,0.686923943463303,146,1.68737896251208e-06,955731184
198,-1.08956245314819,0.178031827784036,0.336363636363636,0.237283791025741,0.476815105569073,0.663636363636364,0.523184894430927,0.762716208974259,129,9.35500704872526e-10,869545720
398,-0.934309237376833,0.182743471191186,0.392857142857143,0.274588995989847,0.5620645289791,0.607142857142857,0.4379354710209,0.725411004010153,126,3.17616896805348e-07,673825903
449,-0.807260487327366,0.174919564763244,0.446078431372549,0.316606204496474,0.628496738565999,0.553921568627451,0.371503261434001,0.683393795503526,142,3.9302286863781e-06,244454725
599,-0.568849463882368,0.20590963463621,0.566176470588235,0.378164901234197,0.847661416492038,0.433823529411765,0.152338583507962,0.621835098765803,111,0.00573400010212962,650742356
323,-0.629431366173838,0.196625197878161,0.532894736842105,0.362471411556869,0.783446063606212,0.467105263157895,0.216553936393788,0.637528588443131,119,0.00136869107700251,606494189
375,-0.906721280858004,0.176452631450219,0.403846153846154,0.28577168719896,0.570706348046242,0.596153846153846,0.429293651953758,0.71422831280104,136,2.76777953808871e-07,976111446
48,-0.936377490440893,0.19292492416054,0.392045454545454,0.268607682439814,0.572208646579537,0.607954545454546,0.427791353420463,0.731392317560186,113,1.21249423979825e-06,211995552
300,-1.11923157587085,0.189824032395763,0.326530612244898,0.225084398477638,0.473698938949875,0.673469387755102,0.526301061050126,0.774915601522362,113,3.72073548913734e-09,443116104
923,-0.955511445027436,0.178131325826618,0.384615384615385,0.271269516044096,0.545321111786087,0.615384615384615,0.454678888213913,0.728730483955904,132,8.13609099468892e-08,619102242
498,-0.952255880567671,0.189271332980811,0.385869565217391,0.266276276295603,0.559176068677499,0.614130434782609,0.440823931322501,0.733723723704397,117,4.87500631814103e-07,745431986
799,-0.763105769166856,0.203764031823839,0.466216216216216,0.312710970218779,0.695074944479554,0.533783783783784,0.304925055520446,0.687289029781221,106,0.000180360384803763,216440422
725,-0.717839793150317,0.192068331371898,0.48780487804878,0.334778283954833,0.710779672555729,0.51219512195122,0.289220327444271,0.665221716045167,121,0.000185919101718069,250458846
574,-0.959775843813894,0.187524624101984,0.382978723404255,0.265187712879722,0.553090114876015,0.617021276595745,0.446909885123985,0.734812287120278,119,3.08576053544606e-07,504904131
99,-0.973449145714104,0.192166866516067,0.377777777777778,0.259217115903062,0.550565686550138,0.622222222222222,0.449434313449862,0.740782884096938,113,4.07019605835551e-07,819743010
950,-0.524070850516011,0.193460333220315,0.592105263157895,0.405252019082674,0.865112636459825,0.407894736842105,0.134887363540175,0.594747980917326,128,0.00675002114795071,101902580
523,-0.838329190404444,0.206523671867537,0.432432432432432,0.288486164972137,0.648203731494337,0.567567567567568,0.351796268505663,0.711513835027863,101,4.92326507400266e-05,344539997
350,-0.814844115537465,0.180549270912485,0.442708333333333,0.310766272734956,0.630669044867468,0.557291666666667,0.369330955132532,0.689233727265044,133,6.38748625834583e-06,165111040
624,-1.27932224156772,0.174990816581835,0.278225806451613,0.197444461912421,0.39205758736341,0.721774193548387,0.60794241263659,0.802555538087579,131,2.65563552838773e-13,483031997
174,-0.907804117996836,0.191863961653947,0.403409090909091,0.276968756169124,0.587571309049483,0.596590909090909,0.412428690950517,0.723031243830876,115,2.22868057376857e-06,758049254
224,-1.0154347821892,0.185722024320904,0.362244897959184,0.251718655649976,0.521301711860115,0.637755102040816,0.478698288139885,0.748281344350024,120,4.56432555817491e-08,391597402
973,-1.40691364832263,0.203080025128148,0.244897959183673,0.164483801696828,0.364625633610246,0.755102040816327,0.635374366389754,0.835516198303171,97,4.271997487837e-12,330683057
425,-1.01856958099457,0.193924824656436,0.361111111111111,0.246928797527917,0.528092453668383,0.638888888888889,0.471907546331617,0.753071202472083,110,1.50134889408043e-07,374697356
273,-0.800777844752311,0.178246457580771,0.448979591836735,0.316594190301708,0.636722593341895,0.551020408163265,0.363277406658105,0.683405809698292,137,7.0381468289696e-06,41415349
850,-0.757685701697518,0.195789002109726,0.46875,0.319363574123842,0.688013850993522,0.53125,0.311986149006478,0.680636425876158,115,0.000108875801775086,809617664
25,-0.987138422204991,0.177556054208397,0.372641509433962,0.263120837620395,0.52774875532115,0.627358490566038,0.47225124467885,0.736879162379605,132,2.70412977393751e-08,705525439
899,-0.693147180559946,0.180578779537461,0.5,0.350962785685376,0.712326235705557,0.5,0.287673764294443,0.649037214314624,138,0.000123800677515763,619149323
771,-1.11342737445325,0.185831149920893,0.32843137254902,0.228173326359702,0.472742227127752,0.67156862745098,0.527257772872248,0.771826673640298,118,2.07776475947238e-09,710226151
674,-0.801036142571131,0.188110341522713,0.448863636363636,0.310452106129765,0.648984368511163,0.551136363636364,0.351015631488837,0.689547893870235,123,2.05958621888029e-05,149547668
700,-0.693147180559946,0.188982236409177,0.5,0.345229606357879,0.72415573692379,0.5,0.27584426307621,0.654770393642121,126,0.000244655871334562,963367546
473,-1.16315080980568,0.186052101907581,0.3125,0.217011218462844,0.450005537463587,0.6875,0.549994462536413,0.782988781537156,117,4.05884584596742e-10,78700685
149,-0.578736829382202,0.209324016202131,0.56060606060606,0.371946831039346,0.844957206141648,0.43939393939394,0.155042793858352,0.628053168960654,107,0.00569595497813682,795172995
549,-0.789478289498378,0.177887937569321,0.454081632653061,0.320416925054628,0.643505735777585,0.545918367346939,0.356494264222415,0.679583074945372,138,9.0771068449456e-06,326906404
125,-0.843429383609283,0.191753298484188,0.430232558139535,0.295449030522421,0.626504185023013,0.569767441860465,0.373495814976987,0.704550969477579,117,1.08995079499666e-05,212029094
249,-0.904456274227152,0.196253423346127,0.404761904761905,0.27551700839653,0.594635519962872,0.595238095238095,0.405364480037128,0.72448299160347,110,4.05362097203593e-06,817985017
874,-1.21639532432449,0.184779648572793,0.296296296296296,0.206272580076052,0.425609138968127,0.703703703703704,0.574390861031873,0.793727419923948,118,4.61201983226617e-11,382549899
199,-0.793790706339633,0.18177266471799,0.452127659574468,0.316618220529595,0.645633786363785,0.547872340425532,0.354366213636215,0.683381779470405,132,1.25998097364101e-05,110502830
74,-1.06205469293431,0.191471175741306,0.345744680851064,0.237560891889732,0.503194710989257,0.654255319148936,0.496805289010743,0.762439108110268,112,2.90924585817021e-08,624314004
450,-0.852995881501841,0.189896303473369,0.426136363636364,0.2937031260627,0.618284874415863,0.573863636363636,0.381715125584137,0.7062968739373,119,7.058938922193e-06,843733738
649,-1.22972530042835,0.177318657148513,0.292372881355932,0.206539524651306,0.413876723579598,0.707627118644068,0.586123276420402,0.793460475348694,128,4.05890492291922e-12,135662152
748,-0.845487905141963,0.185465248212763,0.429347826086957,0.298497681895827,0.617557746495092,0.570652173913043,0.382442253504908,0.701502318104173,125,5.14613544066955e-06,10005311
600,-1.04334960999306,0.197120026878631,0.352272727272727,0.23938126111226,0.518403461505575,0.647727272727273,0.481596538494425,0.76061873888774,106,1.20348269380711e-07,463737918
49,-0.871130335755302,0.18634951954175,0.418478260869565,0.290436974176006,0.602967495158828,0.581521739130435,0.397032504841172,0.709563025823994,123,2.94366411979452e-06,893893906
399,-0.987386653557885,0.181013087604533,0.372549019607843,0.261279180566279,0.531204865653493,0.627450980392157,0.468795134346507,0.738720819433721,127,4.90333872009733e-08,31493312
800,-0.778046624346431,0.189510004523146,0.459302325581395,0.316801650887132,0.665901284585279,0.540697674418605,0.334098715414721,0.683198349112868,122,4.03318800504123e-05,873286283
575,-0.973107206917816,0.196571690103327,0.377906976744186,0.257076739880844,0.555529384487003,0.622093023255814,0.444470615512997,0.742923260119156,108,7.40635976104588e-07,67370931
524,-0.668454567969574,0.192860368949493,0.5125,0.351180850311501,0.747923042406843,0.4875,0.252076957593157,0.648819149688499,122,0.000528257888486934,160003666
998,-0.925769475828698,0.175421453770557,0.39622641509434,0.280947009047305,0.558807771440193,0.60377358490566,0.441192228559807,0.719052990952695,137,1.31028460552751e-07,716415289
100,-0.864997437486605,0.204794505511767,0.421052631578947,0.281848019146332,0.629010340737971,0.578947368421053,0.370989659262029,0.718151980853668,102,2.40288044303218e-05,326445093
825,-0.806475865866949,0.192724822365591,0.446428571428571,0.30598794395971,0.651327849093286,0.553571428571429,0.348672150906714,0.69401205604029,117,2.85671451140424e-05,632602486
625,-0.765120680185035,0.206647407260301,0.465277777777778,0.310322823905181,0.69760711690344,0.534722222222222,0.30239288309656,0.689677176094819,103,0.000213450109795296,362872541
324,-0.954511944694353,0.181623272180071,0.385,0.269688681444944,0.549615205227882,0.615,0.450384794772118,0.730311318555056,127,1.47663325937661e-07,981835282
924,-0.866418901833982,0.190370129623792,0.420454545454545,0.289518089202625,0.61060787351931,0.579545454545455,0.38939212648069,0.710481910797375,118,5.33323324856335e-06,612626895
974,-1.09861228866811,0.190940653982726,0.333333333333333,0.229271338250325,0.484627132022044,0.666666666666667,0.515372867977956,0.770728661749675,112,8.73190320301399e-09,234269706
175,-0.940983344464527,0.200038106157736,0.390243902439024,0.263671616214564,0.577575643435629,0.609756097560976,0.422424356564371,0.736328383785436,105,2.55087665918551e-06,80986911
274,-0.822825003868478,0.205940871189591,0.439189189189189,0.293328630015421,0.657580352420822,0.560810810810811,0.342419647579178,0.706671369984579,102,6.45734035633836e-05,935328388
499,-1.12846525181779,0.186438618043618,0.323529411764706,0.224500301568612,0.466241156673133,0.676470588235294,0.533758843326867,0.775499698431388,117,1.42398952586931e-09,805157934
900,-0.852995881501841,0.189896303473369,0.426136363636364,0.293703126062701,0.618284874415863,0.573863636363636,0.381715125584137,0.706296873937299,119,7.05893892219309e-06,453539031
675,-1.11923157587085,0.189824032395763,0.326530612244898,0.225084398477638,0.473698938949875,0.673469387755102,0.526301061050125,0.774915601522362,113,3.72073548913737e-09,529097053
150,-1.05252118146784,0.179948431644024,0.349056603773585,0.245314645130015,0.496670358075746,0.650943396226415,0.503329641924254,0.754685354869985,127,4.94490756275119e-09,158758102
875,-0.897447644072675,0.187276436797739,0.407608695652174,0.282379684313885,0.588373944729624,0.592391304347826,0.411626055270376,0.717620315686115,121,1.65043581856037e-06,784204736
225,-0.693147180559946,0.198679853459423,0.5,0.338729800599018,0.738051389508374,0.5,0.261948610491626,0.661270199400982,114,0.0004852588223426,40558313
650,-0.782378314287888,0.194225583405369,0.457317073170732,0.312530422470431,0.66917935143812,0.542682926829268,0.33082064856188,0.687469577529569,116,5.62069747424531e-05,636786825
749,-0.422856850820034,0.218267389392959,0.655172413793103,0.427135889911464,1.00495159019406,0.344827586206897,-0.00495159019406177,0.572864110088536,105,0.0527045195938245,375233456
772,-0.387765531008763,0.197731495433884,0.678571428571429,0.460559999054083,0.999781102612426,0.321428571428571,0.000218897387573747,0.539440000945917,130,0.0498707236955762,513649426
50,-1.23448834825189,0.174579350646986,0.290983606557377,0.206664703682983,0.409704500943818,0.709016393442623,0.590295499056182,0.793335296317017,132,1.53581537141841e-12,435656026
474,-0.44802472252696,0.196589274705544,0.638888888888889,0.434598518217803,0.93920939726057,0.361111111111111,0.0607906027394304,0.565401481782197,128,0.0226677409841282,500620394
550,-0.756061005970514,0.193331986238462,0.469512195121951,0.321427027540616,0.68582192062358,0.530487804878049,0.31417807937642,0.678572972459384,118,9.20337362137196e-05,155875662
75,-0.613104472886409,0.201490174819581,0.541666666666667,0.364941592492985,0.803971878824467,0.458333333333333,0.196028121175533,0.635058407507015,114,0.00234348751204319,299770671
200,-0.913387972216193,0.194289906039794,0.401162790697674,0.274120033346879,0.587084361093371,0.598837209302326,0.412915638906629,0.725879966653121,112,2.58687468041879e-06,632926995
525,-1.01024313821802,0.191479773292393,0.364130434782609,0.250189512664041,0.529962155979803,0.635869565217391,0.470037844020197,0.749810487335959,113,1.32049678895031e-07,403096994
999,-1.18893492696139,0.181953816459961,0.304545454545455,0.213192907512115,0.435042304955793,0.695454545454545,0.564957695044207,0.786807092487885,122,6.39215676316155e-11,203926805
250,-0.91869747190472,0.176858593265874,0.399038461538461,0.282145059457017,0.564361091749827,0.600961538461539,0.435638908250173,0.717854940542983,135,2.05236408437312e-07,851325817
925,-0.96703593087939,0.185827779088801,0.380208333333333,0.264146426114645,0.547266070801843,0.619791666666667,0.452733929198157,0.735853573885355,121,1.95110877274167e-07,372160581
325,-0.510825623765991,0.201186953888717,0.6,0.404483308626159,0.890024365214851,0.4,0.109975634785149,0.595516691373841,119,0.0111150954090997,649498357
975,-0.948672141377196,0.17962758973933,0.387254901960784,0.272331352086734,0.550676071423807,0.612745098039216,0.449323928576193,0.727668647913266,130,1.28251153545616e-07,879247764
275,-0.826678573184468,0.20892772354542,0.4375,0.29049486283899,0.658897194013683,0.5625,0.341102805986317,0.70950513716101,99,7.59705835486566e-05,786053442
500,-0.890678156017429,0.174247460273906,0.410377358490566,0.291651144212459,0.577434992811183,0.589622641509434,0.422565007188817,0.708348855787541,140,3.19491759009994e-07,584786237
400,-1.17968011175689,0.172414546844893,0.307377049180328,0.219236019694588,0.430954048948819,0.692622950819672,0.569045951051181,0.780763980305412,136,7.80325477025604e-12,960002872
750,-0.987655218082126,0.184680246406403,0.372448979591837,0.259338310967323,0.534892981609953,0.627551020408163,0.465107018390047,0.740661689032677,122,8.8970680332493e-08,666498014
773,-0.958850346292951,0.191611523288465,0.383333333333333,0.263315582954974,0.558054494137445,0.616666666666667,0.441945505862555,0.736684417045026,114,5.61127911368214e-07,709735340
475,-1.02789676386971,0.1711419647254,0.357758620689655,0.255807811960305,0.500341368377076,0.642241379310345,0.499658631622924,0.744192188039695,141,1.90032096692697e-09,479124970
1000,-1.06289420606603,0.177030259920716,0.345454545454545,0.244175722261976,0.488741640117553,0.654545454545455,0.511258359882447,0.755824277738024,131,1.92484375234327e-09,893749976
774,-1.33410860794932,0.186564453759448,0.263392857142857,0.18272587169214,0.379671452933403,0.736607142857143,0.620328547066597,0.81727412830786,115,8.61944332944529e-13,381301349
775,-0.774116243093612,0.185122702566494,0.461111111111111,0.320795935536302,0.662799721681831,0.538888888888889,0.337200278318169,0.679204064463698,128,2.89415711145888e-05,297188187
