"rep","est_V","se_V","IRR_V","IRR_V_CI_Lower","IRR_V_CI_Upper","VE","VE_CI_Lower","VE_CI_Upper","n_event","p_val","seed"
1,-0.791796261248868,0.192069377006821,0.45303030320287,0.310912013160035,0.660111050499819,0.54696969679713,0.339888949500181,0.689087986839965,112,3.74865197900709e-05,553471106
76,-0.799880379617427,0.173789590790749,0.449382716234671,0.319658602956635,0.63175157428141,0.550617283765329,0.36824842571859,0.680341397043365,137,4.17290522975193e-06,179906008
26,-0.851996381168758,0.198581277590622,0.4265625,0.289034698734882,0.629528451783394,0.5734375,0.370471548216606,0.710965301265118,106,1.78338367608775e-05,15138954
51,-0.755022584023635,0.191471175710072,0.470000000119567,0.322936621753874,0.684035148793846,0.529999999880433,0.315964851206154,0.677063378246126,112,8.03780040200275e-05,4234119
151,-0.92610435332248,0.20314040868578,0.39609375,0.266001790731083,0.58980903232968,0.60390625,0.41019096767032,0.733998209268917,103,5.14131564146905e-06,181797076
126,-0.495321437229603,0.179698822107064,0.609375000000257,0.428474241205632,0.866651609161967,0.390624999999743,0.133348390838033,0.571525758794368,124,0.00584418735173391,852776363
226,-0.803987161553697,0.200506774023461,0.447540983798418,0.302107242418784,0.662986198462625,0.552459016201582,0.337013801537375,0.697892757581216,103,6.07764898277399e-05,759528832
251,-0.338975366839406,0.191767121477828,0.712499999999947,0.489274293994415,1.03756983808702,0.287500000000053,-0.0375698380870162,0.510725706005585,109,0.0771209911148416,51362139
276,-0.728617359826518,0.188572740383827,0.482575757663459,0.333466409631307,0.69835928045029,0.517424242336541,0.30164071954971,0.666533590368693,115,0.000111612377729064,207503020
176,-0.68671629013219,0.192255989740084,0.50322580650066,0.345234595584851,0.733519223064074,0.49677419349934,0.266480776935926,0.654765404415149,110,0.000354421016183277,241930469
326,-0.346699798881978,0.183501749057569,0.707017543859603,0.493438712080009,1.01304132628373,0.292982456140397,-0.013041326283725,0.506561287919991,119,0.0588443845342589,726841766
301,-0.903689304996151,0.194289906008204,0.405072463768116,0.276791566560256,0.592805998182216,0.594927536231884,0.407194001817784,0.723208433439744,112,3.29942413967678e-06,611784289
401,-0.912621002985193,0.196253423314002,0.401470588235294,0.273276645196671,0.589800248396626,0.598529411764706,0.410199751603374,0.726723354803329,110,3.31585977111098e-06,648940053
376,-0.801642494603831,0.18572202428605,0.448591549483874,0.311719674772225,0.645562005078398,0.551408450516126,0.354437994921602,0.688280325227775,120,1.58625612280656e-05,455204073
451,-0.319557280982323,0.19274776986097,0.726470588235227,0.497909986641653,1.05994964899281,0.273529411764773,-0.0599496489928124,0.502090013358347,108,0.0973368631793757,629803692
426,-0.785604291024185,0.177497976054807,0.455844156007202,0.321906569806875,0.645509952439249,0.544155843992798,0.354490047560751,0.678093430193125,131,9.60009112776165e-06,880016543
526,-0.990398704027876,0.180936716113936,0.371428571428572,0.260532373485889,0.529527988509042,0.628571428571428,0.470472011490958,0.739467626514111,132,4.4066067505219e-08,890059449
101,-0.836248024200618,0.199204768222399,0.433333333333333,0.293263957854293,0.640302951483299,0.566666666666667,0.359697048516701,0.706736042145707,105,2.69363761623336e-05,607042223
201,-0.483892741406185,0.188210513766269,0.616379310344962,0.426228978074943,0.891359981991955,0.383620689655038,0.108640018008045,0.573771021925057,113,0.0101399865551752,233274303
551,-0.820980551570629,0.195222662896045,0.440000000219648,0.300108879106904,0.645099207892236,0.559999999780352,0.354900792107764,0.699891120893096,109,2.60672963739886e-05,412898052
626,-0.557076641411551,0.190210204177195,0.572881355935179,0.394600352892026,0.831709970791467,0.427118644064821,0.168290029208533,0.605399647107974,111,0.00340336627061893,281504175
576,-0.670733585648646,0.174018636575044,0.511333333371376,0.363562576834093,0.719165817597332,0.488666666628624,0.280834182402668,0.636437423165907,134,0.00011602427205367,71606844
351,-0.465269092163569,0.185722944709305,0.62796610169495,0.436363627631125,0.903699116763471,0.37203389830505,0.0963008832365287,0.563636372368875,116,0.0122389676123204,692045529
676,-0.639537729913196,0.179860769708661,0.527536231905881,0.370812638754151,0.75049889590728,0.472463768094119,0.24950110409272,0.629187361245849,125,0.000376919904268803,43240763
701,-0.950658375378363,0.190370129591767,0.386486486486487,0.266128242129621,0.561277536879817,0.613513513513513,0.438722463120183,0.733871757870379,118,5.92220069052445e-07,124924436
476,-0.657310565332514,0.174535572465002,0.518243243273504,0.368102443165905,0.729623136670113,0.481756756726496,0.270376863329887,0.631897556834095,133,0.000165847272894566,439986502
601,-0.562118918147465,0.181462048466684,0.570000000003463,0.399405535841144,0.813458930457016,0.429999999996537,0.186541069542984,0.600594464158856,122,0.00195014494958523,474497366
776,-0.723170879412969,0.181528046234593,0.485211267687479,0.339949122519805,0.692544733005377,0.514788732312521,0.307455266994623,0.660050877480195,124,6.78228248646715e-05,680921414
726,-1.02549002383915,0.220207582318014,0.358620689655172,0.232913310099851,0.552174536498649,0.641379310344828,0.447825463501351,0.767086689900149,90,3.20968517784331e-06,101315601
501,-1.00031614068522,0.190823763431944,0.367763157894737,0.253010612522217,0.534561530666358,0.632236842105263,0.465438469333642,0.746989387477783,119,1.58764289029093e-07,166496387
901,-0.691796741356292,0.176231022133477,0.500675675728638,0.354444608496569,0.707236409462142,0.499324324271362,0.292763590537858,0.645555391503431,131,8.65459669030287e-05,660383228
801,-0.777059152483445,0.17157068881343,0.459756097711244,0.328462854563742,0.643529904358337,0.540243902288756,0.356470095641663,0.671537145436258,140,5.92381635035163e-06,314649273
876,-0.668111102327579,0.178722270294243,0.512676056374449,0.361172239993242,0.727732393786897,0.487323943625551,0.272267606213103,0.638827760006758,127,0.000185295015178324,759458610
976,-0.597837000739372,0.183211444965613,0.550000000008937,0.384072157293963,0.787612416742569,0.449999999991063,0.212387583257431,0.615927842706037,120,0.00110201190524672,681942853
651,-0.830168977585416,0.174289816483385,0.43597560999101,0.309817848164738,0.613504785579576,0.56402439000899,0.386495214420424,0.690182151835262,137,1.90591678320235e-06,81194779
951,-0.661894636992308,0.189401731440749,0.515873015905791,0.35589653968664,0.747759359430845,0.484126984094209,0.252240640569155,0.64410346031336,113,0.000474666174407854,572004373
2,-0.599405628511355,0.19403490040608,0.549137931043759,0.37542106420185,0.803238006775471,0.450862068956241,0.196761993224529,0.62457893579815,107,0.00200720607273494,619005606
851,-0.789416724144619,0.182500611703204,0.454109589209979,0.317552744435742,0.649389818308388,0.545890410790021,0.350610181691612,0.682447255564258,124,1.52147199580701e-05,930412331
826,-0.770290056105341,0.190861496626054,0.462878788019262,0.318423915757873,0.672866458187457,0.537121211980738,0.327133541812543,0.681576084242127,113,5.44029224888328e-05,899479595
751,-0.718464988386313,0.185239643406647,0.487500000076987,0.339077013826988,0.700891657009594,0.512499999923013,0.299108342990406,0.660922986173012,119,0.000105072142736197,946905096
27,-0.566584457244565,0.184539518951411,0.567460317464262,0.395234796913749,0.814733961713682,0.432539682535738,0.185266038286318,0.604765203086251,118,0.00213871901489413,840359913
52,-0.810272537343062,0.179968508258674,0.444736842307305,0.312545777703948,0.63283804490498,0.555263157692695,0.36716195509502,0.687454222296052,128,6.72214357412152e-06,507296022
77,-0.69589066639285,0.177639446614934,0.49863013704257,0.352023415604875,0.70629396382588,0.50136986295743,0.29370603617412,0.647976584395125,129,8.94968334740572e-05,136227283
227,-0.69314718045187,0.188107988623866,0.500000000054038,0.345821662411425,0.722915962842756,0.499999999945962,0.277084037157244,0.654178337588575,115,0.000228849507728731,281323714
127,-0.673344553185906,0.187062712803865,0.510000000039708,0.353461491989141,0.735865167593683,0.489999999960292,0.264134832406317,0.646538508010859,116,0.000318748907750733,108423463
926,-0.450985623409961,0.201017818278147,0.637000000000008,0.429568824329589,0.944596015861434,0.362999999999992,0.0554039841385656,0.570431175670411,99,0.0248639015409323,406619696
327,-0.34222951875108,0.188328625176555,0.710185185185135,0.490982476440491,1.02725254252037,0.289814814814865,-0.0272525425203742,0.509017523559509,113,0.069187518178745,280325098
252,-0.738267615633933,0.186295148492515,0.477941176569274,0.331741443812067,0.688571694978899,0.522058823430726,0.311428305021101,0.668258556187933,118,7.40471810609167e-05,242054991
177,-0.718464988386313,0.197202659434429,0.487500000076987,0.331219129981422,0.717519697876124,0.512499999923013,0.282480302123876,0.668780870018578,105,0.000269183172413021,821444977
277,-1.02165124753198,0.207755609220047,0.36,0.239585541427179,0.540934144973816,0.64,0.459065855026184,0.760414458572821,101,8.76283665006662e-07,242684874
402,-0.604446410124197,0.178140767185618,0.546376811604637,0.385352839566672,0.774686442157641,0.453623188395363,0.225313557842359,0.614647160433328,127,0.00069110692241259,860132391
302,-0.562359273875053,0.171241438142099,0.569863013702118,0.40738918363082,0.797134208354305,0.430136986297882,0.202865791645695,0.59261081636918,137,0.0010233985194192,804277602
377,-0.636226890268593,0.178408446926459,0.529285714306182,0.373102901972955,0.750847462957851,0.470714285693818,0.249152537042149,0.626897098027045,127,0.000362298091764788,380908106
452,-0.82942205859465,0.184680246368416,0.436301370096683,0.303799088202702,0.626594657259902,0.563698629903317,0.373405342740098,0.696200911797298,122,7.0847976773022e-06,842605495
427,-0.175436224283626,0.179628297392342,0.839090909090895,0.590077604443571,1.19318806275135,0.160909090909105,-0.193188062751354,0.409922395556429,126,0.328736259792158,976163950
527,-0.829130555897454,0.188579717962086,0.436428571661755,0.301573952394452,0.631586039345962,0.563571428338244,0.368413960654038,0.698426047605547,117,1.09903424864062e-05,626732478
102,-1.0245576228392,0.204822850681645,0.358955223880597,0.240267346134571,0.536272842831514,0.641044776119403,0.463727157168486,0.759732653865429,104,5.66901405370013e-07,299833871
152,-0.597837000739372,0.183211444965613,0.550000000008936,0.384072157293963,0.787612416742569,0.449999999991064,0.212387583257431,0.615927842706037,120,0.00110201190524672,826172490
702,-1.02861991684807,0.187689298382387,0.3575,0.247465479873107,0.516460922410412,0.6425,0.483539077589588,0.752534520126893,124,4.24269657315758e-08,107102763
577,-0.836248024200618,0.19034674690672,0.433333333333333,0.298399885993431,0.629282337533841,0.566666666666667,0.370717662466159,0.701600114006569,115,1.11649210115978e-05,224726364
677,-0.451402203295177,0.203080025109905,0.636734693877559,0.427657884427052,0.948026647352754,0.363265306122441,0.0519733526472462,0.572342115572948,97,0.0262306432963578,692816013
552,-0.946596081369484,0.199813345736285,0.388059701492537,0.262311370811457,0.574089988766511,0.611940298507462,0.425910011233489,0.737688629188543,107,2.16475815001899e-06,485513296
477,-1.00330210886378,0.18854120384623,0.366666666666667,0.253387313362822,0.530588697043153,0.633333333333333,0.469411302956847,0.746612686637178,122,1.02974871923473e-07,506947485
777,-0.686129607804762,0.179628297391241,0.503521126809171,0.354093384966872,0.716007516398245,0.496478873190829,0.283992483601755,0.645906615033128,126,0.000133603830106349,268273372
502,-0.887541318588169,0.207322107215682,0.411666666666667,0.274203380886022,0.618042869846627,0.588333333333333,0.381957130153373,0.725796619113978,98,1.8607400176525e-05,121759755
352,-0.828465883227151,0.197182184665434,0.436718750232078,0.296729044827059,0.642752268876901,0.563281249767922,0.357247731123099,0.703270955172941,107,2.65122933992625e-05,593718575
727,-0.761024602689946,0.193298035254145,0.467187500127582,0.319856829834947,0.682380802648761,0.532812499872418,0.317619197351239,0.680143170165053,110,8.2488405681218e-05,605162247
902,-0.289132399029527,0.201511922632593,0.748913043478186,0.504549912322724,1.11162589268871,0.251086956521814,-0.111625892688713,0.495450087677276,99,0.151339723662011,424908438
977,-0.671944972833353,0.201455741005427,0.510714285753095,0.344111010170376,0.757979471633738,0.489285714246905,0.242020528366262,0.655888989829624,100,0.00085162346428666,628600902
802,-0.430782916092454,0.192450089729875,0.65,0.445758407572578,0.947822840405337,0.35,0.0521771595946628,0.554241592427422,108,0.0251940898990231,599680784
602,-0.859237542425317,0.195977879121608,0.423484848484849,0.288417231347996,0.621805486648784,0.576515151515151,0.378194513351216,0.711582768652004,109,1.16327351330465e-05,6008004
877,-0.568933254565821,0.186138525771978,0.566129032262283,0.39307373603459,0.815373940786582,0.433870967737717,0.184626059213418,0.60692626396541,116,0.00223934067324547,823198824
627,-0.818548446612347,0.210173576661511,0.441071428787055,0.292151993232549,0.66589997603542,0.558928571212945,0.33410002396458,0.707848006767451,94,9.83484852941686e-05,195887864
652,-0.805476365099156,0.195837362942277,0.446875000194261,0.304431083780023,0.655968711601469,0.553124999805739,0.344031288398531,0.695568916219977,108,3.90573794928753e-05,426199644
3,-0.712634068088186,0.20198929080964,0.490350877264209,0.330045154079582,0.728518446223883,0.509649122735791,0.271481553776117,0.669954845920418,100,0.000418588048828811,681418207
952,-0.928185519526304,0.189038979408311,0.39527027027027,0.272887648942044,0.572538138553551,0.60472972972973,0.427461861446449,0.727112351057956,119,9.10662451084657e-07,156433106
827,-0.895088524223552,0.192387595787741,0.408571428571429,0.280225320587449,0.595701387351271,0.591428571428571,0.404298612648729,0.719774679412551,114,3.27891455189287e-06,379565691
228,-0.668111102327579,0.178722270294243,0.512676056374449,0.361172239993242,0.727732393786897,0.487323943625551,0.272267606213103,0.638827760006758,127,0.000185295015178325,464294864
752,-0.653926467351864,0.186052101883246,0.520000000028496,0.361106667559184,0.748809214344728,0.479999999971504,0.251190785655272,0.638893332440815,117,0.000440169553191011,459990102
128,-0.658172758228782,0.19551406160887,0.517796610200214,0.35296962374926,0.759593209996145,0.482203389799786,0.240406790003855,0.647030376250739,106,0.000761643502634486,940354267
202,-0.821649224277413,0.190905769384251,0.439705882573697,0.302456547423105,0.639236494687119,0.560294117426303,0.360763505312881,0.697543452576895,114,1.67778202410928e-05,877292285
927,-0.658172758228782,0.19551406160887,0.517796610200214,0.35296962374926,0.759593209996145,0.482203389799786,0.240406790003855,0.647030376250739,106,0.000761643502634489,991340704
328,-0.678191089321701,0.17675545192662,0.507534246618277,0.358930892448093,0.717661858898461,0.492465753381723,0.282338141101539,0.641069107551907,130,0.000124602641633302,394052765
278,-0.381992751923042,0.180387589760722,0.682499999999986,0.479243753469534,0.971961025319015,0.317500000000014,0.0280389746809847,0.520756246530466,123,0.0342070825062996,411367063
303,-0.803987161553697,0.200506774023461,0.447540983798418,0.302107242418784,0.662986198462625,0.552459016201582,0.337013801537375,0.697892757581216,103,6.07764898277399e-05,201531118
453,-1.21671183001996,0.201087059813947,0.296202531670274,0.199720732641685,0.439293099957153,0.703797468329726,0.560706900042847,0.800279267358315,115,1.44242920281351e-09,404085240
378,-0.452761822811214,0.209669627407035,0.635869565217401,0.421596433521105,0.959045361444041,0.364130434782599,0.0409546385559586,0.578403566478895,91,0.0308186934063718,246204051
428,-0.806834138554107,0.191479773255849,0.446268656912874,0.306625667983295,0.649507640546486,0.553731343087126,0.350492359453514,0.693374332016705,113,2.51245231571066e-05,430006262
153,-0.653926467351864,0.186052101883246,0.520000000028496,0.361106667559184,0.748809214344728,0.479999999971504,0.251190785655272,0.638893332440815,117,0.000440169553191011,462682356
578,-0.945681865246081,0.180563798189243,0.388414634146341,0.272646169567414,0.553339620572712,0.611585365853659,0.446660379427288,0.727353830432586,131,1.62869002967622e-07,180702664
28,-0.649836482104452,0.191837446521928,0.522131147567449,0.358498440804042,0.760452220234669,0.477868852432551,0.239547779765331,0.641501559195958,110,0.000705499663576689,389851431
528,-1.02549002383915,0.179798738057019,0.358620689655172,0.252110177455104,0.510129342444552,0.641379310344828,0.489870657555448,0.747889822544896,135,1.17341691199668e-08,594708829
103,-0.700115849755554,0.179082961417857,0.496527777837602,0.349548833079892,0.705308703199127,0.503472222162398,0.294691296800873,0.650451166920108,127,9.25065716517265e-05,112488142
53,-0.53802844644332,0.189254001465411,0.583898305086341,0.402943279239298,0.846117178890151,0.416101694913659,0.153882821109849,0.597056720760702,112,0.00447063947784347,453902457
703,-0.542008551199531,0.192747769860954,0.581578947370251,0.398603839722738,0.848546948919407,0.418421052629749,0.151453051080593,0.601396160277262,108,0.00492330561533371,659846213
678,-0.824271832640612,0.172931592328428,0.438554217092576,0.312481026954794,0.61549273312362,0.561445782907424,0.38450726687638,0.687518973045206,139,1.87489236885157e-06,570889534
553,-1.02730326096333,0.202011244976295,0.357971014492754,0.240932606521254,0.531863449564546,0.642028985507246,0.468136550435454,0.759067393478746,107,3.66897290494855e-07,109954658
78,-0.682097344283034,0.178174161273944,0.50555555560122,0.356538773541171,0.716854487551955,0.49444444439878,0.283145512448045,0.643461226458829,128,0.000129051418784639,78220799
503,-0.212093715127668,0.200198314376932,0.808888888888854,0.546361081124778,1.19756193691698,0.191111111111146,-0.197561936916982,0.453638918875222,101,0.289409416300601,412310907
852,-0.682097344283034,0.178174161273944,0.50555555560122,0.356538773541171,0.716854487551955,0.49444444439878,0.283145512448045,0.643461226458829,128,0.00012905141878464,198698819
253,-0.607239353413599,0.179582131633428,0.544852941187592,0.383194010325548,0.774711293813189,0.455147058812408,0.225288706186811,0.616805989674452,125,0.000721169896150959,992197300
903,-0.448174658804315,0.186508013124015,0.638793103448281,0.443204651937397,0.92069572652122,0.361206896551719,0.0793042734787802,0.556795348062603,115,0.0162621642062056,467866255
353,-0.555946059041449,0.204523997025933,0.57352941176758,0.384117905793421,0.856341194204491,0.42647058823242,0.143658805795509,0.615882094206579,96,0.00656294869567924,217448740
478,-0.517794293080847,0.18667748886377,0.59583333333407,0.413261196872313,0.859062897264173,0.40416666666593,0.140937102735827,0.586738803127687,115,0.00554164267089633,789498347
403,-0.682097344283034,0.178174161273944,0.50555555560122,0.356538773541171,0.716854487551955,0.49444444439878,0.283145512448045,0.643461226458829,128,0.00012905141878464,73803008
728,-0.929774082211442,0.177517900624181,0.394642857142857,0.278676749153841,0.558866088278865,0.605357142857143,0.441133911721135,0.721323250846159,135,1.62646762956606e-07,308869609
803,-0.679678963422334,0.196693372986331,0.506779661060909,0.344662055784282,0.745152013558908,0.493220338939091,0.254847986441092,0.655337944215718,105,0.00054922126474776,413782303
178,-0.302165538270462,0.19196151293319,0.739215686274435,0.507426609656702,1.07688446059988,0.260784313725565,-0.0768844605998804,0.492573390343298,109,0.115465632150027,584182393
628,-1.02990114700412,0.199312650585153,0.357042253521127,0.241581892542902,0.527685123489981,0.642957746478873,0.472314876510019,0.758418107457098,110,2.3754522132222e-07,266478280
603,-0.976009966575777,0.198727838068018,0.376811594202899,0.255250625369076,0.556264954573279,0.623188405797101,0.443735045426721,0.744749374630924,109,9.04793341509483e-07,599775746
653,-0.534323595030909,0.185944241117505,0.58606557377189,0.40707102068954,0.843766417414738,0.41393442622811,0.156233582585262,0.59292897931046,116,0.00405862494073923,145101450
828,-0.829130555897454,0.188579717962086,0.436428571661755,0.301573952394452,0.631586039345962,0.563571428338245,0.368413960654038,0.698426047605548,117,1.09903424864062e-05,182889694
4,-0.607239353413598,0.179582131633428,0.544852941187593,0.383194010325548,0.774711293813189,0.455147058812407,0.225288706186811,0.616805989674452,125,0.000721169896150965,77909313
978,-0.90078654533819,0.190029237516523,0.40625,0.279924037607102,0.589585174288058,0.59375,0.410414825711942,0.720075962392898,117,2.13452172578495e-06,981737084
778,-0.667171694086818,0.199414347204553,0.513157894772695,0.347143641372279,0.758565024917585,0.486842105227305,0.241434975082415,0.652856358627721,102,0.000820883359459826,641088638
229,-0.480379857231653,0.181874090514392,0.618548387096881,0.433074060858953,0.883456530324873,0.381451612903119,0.116543469675127,0.566925939141047,121,0.00825941533304317,826931599
953,-0.650145744515769,0.184443594845762,0.521969696996312,0.363619041898361,0.74927969437469,0.478030303003688,0.25072030562531,0.636380958101639,119,0.000423638200373233,690514419
753,-0.960042241547283,0.192235387196204,0.382876712328767,0.262680536039385,0.558071713473685,0.617123287671233,0.441928286526315,0.737319463960616,116,5.91115712197021e-07,181524146
878,-0.479573080261722,0.180387589760722,0.619047619047721,0.434688211763829,0.88159730187682,0.380952380952279,0.11840269812318,0.56531178823617,123,0.007847298796358,756735076
203,-0.733969174884998,0.190310138239888,0.480000000093697,0.330558975702867,0.697001191996224,0.519999999906303,0.302998808003776,0.669441024297133,113,0.000114927909556134,787014969
928,-0.858226930919393,0.191611523258416,0.423913043478261,0.291190200449398,0.617130206145896,0.576086956521739,0.382869793854104,0.708809799550602,114,7.49955168929209e-06,309863017
329,-0.891598119283783,0.199436353975534,0.41,0.277346905400625,0.606100146519324,0.59,0.393899853480676,0.722653094599375,106,7.80042018975525e-06,243610063
379,-0.767255152420348,0.195180014584936,0.464285714421898,0.316699801723287,0.68064843565831,0.535714285578102,0.31935156434169,0.683300198276713,108,8.45887375840928e-05,921548181
454,-0.52609309589504,0.178376517003161,0.590909090910118,0.416568383445403,0.83821424667959,0.409090909089882,0.16178575332041,0.583431616554597,126,0.0031845284597434,681312402
304,-0.823344618855402,0.179493125814339,0.438961039184606,0.308774302704714,0.624037661923889,0.561038960815394,0.375962338076111,0.691225697295286,129,4.49544937296748e-06,430095240
154,-0.451836325290273,0.205207039543029,0.636458333333342,0.425693901456687,0.951573909523511,0.363541666666658,0.0484260904764892,0.574306098543313,95,0.0276754908318249,372222727
429,-0.866100987350299,0.193476497487974,0.420588235294118,0.287852249147397,0.61453215735424,0.579411764705882,0.38546784264576,0.712147750852603,112,7.58703407035002e-06,71093986
104,-0.53802844644332,0.189254001465411,0.583898305086341,0.402943279239298,0.846117178890151,0.416101694913659,0.153882821109849,0.597056720760702,112,0.00447063947784346,950646921
529,-0.904070620539379,0.206662120613902,0.404918032786885,0.270057350329555,0.607125164621219,0.595081967213115,0.392874835378781,0.729942649670445,99,1.21637786316878e-05,573347660
29,-0.593301845575734,0.190458682668654,0.552500000008009,0.380376394691528,0.802511023998747,0.447499999991991,0.197488976001253,0.619623605308472,111,0.00183869455884704,301852066
579,-0.615925349203089,0.176163729480716,0.540140845083905,0.382433722833315,0.762882860764651,0.459859154916095,0.237117139235349,0.617566277166685,130,0.000471716823749232,68259433
704,-0.670455769283836,0.192942416165952,0.511475409873934,0.350422413653599,0.74654783687528,0.488524590126066,0.25345216312472,0.649577586346401,109,0.000511042168854702,636011573
54,-1.21203736406527,0.195867256690287,0.297590361474768,0.202719884344303,0.43685908527982,0.702409638525232,0.56314091472018,0.797280115655697,121,6.0911064329626e-10,688975589
679,-0.758470322892899,0.187387421180655,0.468382353065314,0.324411366259682,0.676246431166631,0.531617646934686,0.323753568833369,0.675588633740318,117,5.17443012575737e-05,280887582
853,-0.392316635264669,0.196152409277982,0.675490196078424,0.459889841613795,0.992165870411305,0.324509803921576,0.00783412958869523,0.540110158386205,104,0.0454937591881769,314810619
79,-0.467150560263264,0.190724045090443,0.626785714285755,0.431295064102523,0.910885294850761,0.373214285714245,0.0891147051492392,0.568704935897477,110,0.0143113013084024,436499893
504,-1.03469896292446,0.194225583370915,0.355333333333333,0.242834749251823,0.519949381901857,0.644666666666667,0.480050618098143,0.757165250748177,116,9.96805848923635e-08,637583735
254,-0.718464988386313,0.185239643406647,0.487500000076987,0.339077013826988,0.700891657009594,0.512499999923013,0.299108342990406,0.660922986173012,119,0.000105072142736197,622529897
904,-0.661894636992307,0.189401731440749,0.515873015905791,0.35589653968664,0.747759359430846,0.484126984094209,0.252240640569154,0.64410346031336,113,0.000474666174407859,232034248
404,-0.641078324886144,0.196259968039469,0.526724137953511,0.358530769615857,0.773820104199498,0.473275862046489,0.226179895800502,0.641469230384143,105,0.00108895332761139,547249550
279,-0.884700407586566,0.186521069207193,0.412837837837838,0.28642602300076,0.595040487470542,0.587162162162162,0.404959512529458,0.71357397699924,121,2.10403639856776e-06,373195411
629,-0.974398362681436,0.209539519031237,0.37741935483871,0.250301703853942,0.569094685388113,0.62258064516129,0.430905314611887,0.749698296146058,98,3.31631008036312e-06,643862138
479,-0.986728975138914,0.200865397701961,0.372794117647059,0.251473435223475,0.552644672105215,0.627205882352941,0.447355327894785,0.748526564776525,107,8.99733098408342e-07,492902932
179,-0.852777326151829,0.203453784980646,0.426229508196721,0.286064085744957,0.635073057788841,0.573770491803279,0.364926942211159,0.713935914255043,101,2.77111466209894e-05,409054996
804,-0.866100987350299,0.193476497487974,0.420588235294118,0.287852249147397,0.61453215735424,0.579411764705882,0.38546784264576,0.712147750852603,112,7.58703407035002e-06,350520521
354,-0.360578657419253,0.187432576475358,0.697272727272694,0.482902863249174,1.00680549485048,0.302727272727306,-0.00680549485048476,0.517097136750826,114,0.0543824226493628,382395615
979,-0.787457859666628,0.201186954034267,0.455000000165874,0.30673317573249,0.674935144059857,0.544999999834126,0.325064855940143,0.69326682426751,102,9.07569738670448e-05,711318984
829,-0.769998638356922,0.181464595351496,0.463013698770197,0.324437388289602,0.660779839151877,0.536986301229803,0.339220160848123,0.675562611710398,125,2.20311218128132e-05,553627251
129,-0.733063787772508,0.184663468935945,0.480434782701362,0.334540431205973,0.689954214494309,0.519565217298638,0.310045785505691,0.665459568794027,120,7.19546521996174e-05,845975737
779,-0.570544858459804,0.176520311267112,0.565217391308761,0.399908978674078,0.798858531501607,0.434782608691239,0.201141468498393,0.600091021325922,129,0.00122851011704102,159151560
554,-1.22345969193402,0.183799155988621,0.294210526335035,0.205214517926187,0.421801706239285,0.705789473664965,0.578198293760715,0.794785482073813,138,2.80418803292722e-11,370559109
230,-0.691796741356292,0.176231022133477,0.500675675728638,0.354444608496569,0.707236409462142,0.499324324271362,0.292763590537858,0.645555391503431,131,8.65459669030286e-05,854627385
654,-0.734994290297591,0.196508688978426,0.479508196816184,0.326232734328373,0.704797791942216,0.520491803183815,0.295202208057784,0.673767265671627,106,0.000183827391055005,346755864
954,-0.623686582187286,0.197029072458084,0.535964912296598,0.364271260361029,0.788583724470603,0.464035087703402,0.211416275529397,0.635728739638971,104,0.00154840827722773,892192277
754,-0.866100987350299,0.193476497487974,0.420588235294118,0.287852249147397,0.61453215735424,0.579411764705882,0.38546784264576,0.712147750852603,112,7.58703407035002e-06,205502258
729,-0.69314718045187,0.188107988623866,0.500000000054038,0.345821662411425,0.722915962842756,0.499999999945962,0.277084037157244,0.654178337588575,115,0.000228849507728733,75245912
879,-0.702716631450731,0.165920950769622,0.495238095300181,0.357751839306858,0.685561174225526,0.504761904699819,0.314438825774474,0.642248160693142,148,2.28298031322849e-05,128437428
204,-1.10818173904046,0.217078363415418,0.330158730371285,0.215747289304044,0.505242905215662,0.669841269628715,0.494757094784338,0.784252710695956,95,3.30821158646971e-07,107908371
330,-0.682097344283034,0.190476190475115,0.50555555560122,0.348044888519828,0.734349011376726,0.49444444439878,0.265650988623274,0.651955111480172,112,0.000342267166921397,316669892
929,-0.857301433398451,0.187524624072599,0.424305555555556,0.293803840710092,0.612773488733787,0.575694444444444,0.387226511266213,0.706196159289908,119,4.8384345909935e-06,642656778
155,-1.08365619673069,0.200036045753713,0.338356164648756,0.228614147486754,0.500777818933753,0.661643835351244,0.499222181066247,0.771385852513246,111,6.05042049791582e-08,288488066
380,-0.969779416825141,0.194160790836906,0.379166666666667,0.259155354164573,0.554753582362084,0.620833333333333,0.445246417637916,0.740844645835427,114,5.89201968706907e-07,649319237
5,-0.738267615633933,0.186295148492515,0.477941176569274,0.331741443812067,0.688571694978899,0.522058823430726,0.311428305021101,0.668258556187933,118,7.40471810609166e-05,475082040
105,-0.646491488871645,0.182876711619266,0.52388059703981,0.366072727151453,0.749716817448794,0.47611940296019,0.250283182551206,0.633927272848547,121,0.000407586910187042,512056140
530,-1.09726184886207,0.199572801198289,0.333783784020157,0.225729623636657,0.493562221386357,0.666216215979843,0.506437778613642,0.774270376363343,112,3.84007411217431e-08,478234485
705,-0.997889375757035,0.203079202795393,0.36865671641791,0.247605803546237,0.54888767796857,0.63134328358209,0.45111232203143,0.752394196453763,105,8.93305937151177e-07,741312565
580,-0.724544034448708,0.206329983480806,0.484545454628752,0.323374763119527,0.726043972437646,0.515454545371248,0.273956027562354,0.676625236880473,96,0.000445453066981237,469185833
55,-0.138394952603265,0.181528046236816,0.870754716981128,0.610068895096404,1.24283303613614,0.129245283018872,-0.24283303613614,0.389931104903596,124,0.445827978066279,182579761
30,-1.06101627124183,0.193331986203659,0.346103896103896,0.236941974475433,0.505557983820704,0.653896103896104,0.494442016179296,0.763058025524567,118,4.06387140236385e-08,746752243
680,-0.485842693275236,0.191637854781994,0.615178571428722,0.422550637742175,0.89561969842771,0.384821428571278,0.10438030157229,0.577449362257825,109,0.011237911823726,275970893
505,-0.49330327307341,0.176863075314152,0.610606060606291,0.431732743759853,0.863589261268825,0.389393939393709,0.136410738731175,0.568267256240147,128,0.00528413913944387,691466859
854,-0.897805917200052,0.196811831310651,0.407462686567164,0.277052012877649,0.599258742862305,0.592537313432836,0.400741257137695,0.722947987122351,109,5.07295850912755e-06,195685029
255,-0.413083338993054,0.18815154133375,0.661607142857143,0.457557104423869,0.956654387501533,0.338392857142857,0.0433456124984669,0.542442895576131,113,0.0281290343333373,917877856
604,-0.86291627128278,0.211118181775398,0.421929824561404,0.278956254309443,0.638181700909047,0.578070175438596,0.361818299090953,0.721043745690557,94,4.36307492964977e-05,455850913
905,-0.745276245769131,0.193938511664069,0.474603174710321,0.324526285237424,0.694082987084772,0.525396825289679,0.305917012915228,0.675473714762576,109,0.000121614732166909,289266403
455,-0.689644549906545,0.200676686179202,0.501754386016191,0.338590580931993,0.743545385088699,0.498245613983809,0.256454614911301,0.661409419068008,101,0.000589075146797631,117412947
405,-0.610123844726427,0.181059426684741,0.54328358210142,0.380985561808213,0.774719779878512,0.45671641789858,0.225280220121488,0.619014438191787,123,0.000752381553342055,761574768
305,-0.723770040603845,0.192742345157409,0.484920635003112,0.332359489753743,0.707511082129928,0.515079364996888,0.292488917870072,0.667640510246257,110,0.000173260580845853,630096188
280,-0.783604290364866,0.180953813837343,0.456756756916773,0.320373669147931,0.651198132305921,0.543243243083227,0.348801867694079,0.679626330852069,126,1.48831648369225e-05,830346199
630,-0.705886206205875,0.171245129899337,0.493670886140867,0.352917664839059,0.690560343399781,0.506329113859133,0.309439656600219,0.647082335160941,139,3.75465981071923e-05,239119506
180,-0.803022376147472,0.181992737899564,0.447972973163284,0.313573471386103,0.639976920871776,0.552027026836716,0.360023079128224,0.686426528613897,125,1.02237195140146e-05,446447032
430,-1.13852889561561,0.20953405050788,0.320289855219138,0.212416122083747,0.482946352423528,0.679710144780862,0.517053647576472,0.787583877916253,103,5.5221395368289e-08,741161724
830,-0.921903468779113,0.198281660868491,0.397761194029851,0.269677525745945,0.586678356078887,0.602238805970149,0.413321643921113,0.730322474254055,108,3.32798561653803e-06,240804578
980,-0.946596081369484,0.199813345736285,0.388059701492537,0.262311370811456,0.574089988766511,0.611940298507463,0.425910011233489,0.737688629188544,107,2.16475815001895e-06,314363381
780,-0.592424267634696,0.180192210662431,0.552985074634704,0.388448565362791,0.787214885149992,0.447014925365296,0.212785114850008,0.611551434637209,124,0.00100996798503737,494492511
355,-0.8661009873503,0.173050640172671,0.420588235294118,0.299609892280832,0.590415964977594,0.579411764705882,0.409584035022406,0.700390107719168,140,5.58913092023109e-07,678588270
130,-0.713645701960884,0.183639654903998,0.489855072535974,0.341785199216486,0.70207250822829,0.510144927464026,0.29792749177171,0.658214800783514,121,0.000101859246907385,527759479
555,-0.599405628511355,0.19403490040608,0.549137931043759,0.37542106420185,0.803238006775471,0.450862068956241,0.196761993224529,0.62457893579815,107,0.00200720607273495,951685861
80,-0.276632236265292,0.175932887637248,0.758333333333261,0.5371626415116,1.0705685764484,0.241666666666739,-0.0705685764483968,0.4628373584884,130,0.115863922095153,221899547
231,-0.90078654533819,0.201556443707464,0.40625,0.273670646449598,0.603057231899349,0.59375,0.396942768100651,0.726329353550402,104,7.85300172466534e-06,415816850
755,-0.911368654668727,0.185565326722217,0.401973684210526,0.279411405434551,0.57829723359533,0.598026315789474,0.42170276640467,0.720588594565449,123,9.04703977788839e-07,787363418
655,-0.707769699292243,0.193405346363665,0.492741935550511,0.337281558401345,0.719857368427932,0.507258064449489,0.280142631572068,0.662718441598655,109,0.000252693392802375,817245363
955,-0.808077146788635,0.187400767384053,0.445714285912757,0.308702915974671,0.643535303317377,0.554285714087243,0.356464696682623,0.691297084025329,118,1.61764759952462e-05,770921465
730,-0.781439787363156,0.184619898819785,0.457746479030003,0.318769139162934,0.657315321095955,0.542253520969997,0.342684678904045,0.681230860837067,121,2.3090719466102e-05,388725074
880,-0.666097002958379,0.191147052090994,0.513709677454564,0.353193808262106,0.747175138796979,0.486290322545436,0.252824861203021,0.646806191737894,111,0.000492622927407059,121087609
331,-0.813775167879745,0.193322883721567,0.443181818389588,0.30340672181234,0.647349284082716,0.556818181610412,0.352650715917284,0.69659327818766,111,2.56039061767557e-05,574737333
205,-0.498605512430713,0.184220797610023,0.607377049180633,0.423301054232358,0.87150002624107,0.392622950819367,0.12849997375893,0.576698945767642,118,0.00679833286064467,662065205
930,-0.789416724144619,0.182500611703204,0.454109589209979,0.317552744435742,0.649389818308388,0.545890410790021,0.350610181691612,0.682447255564258,124,1.52147199580701e-05,734440147
805,-0.622673923873549,0.187360041374055,0.536507936523501,0.371616504955939,0.774563998406996,0.463492063476499,0.225436001593004,0.628383495044061,115,0.000889246413176793,114135440
156,-0.657840366668831,0.187704137240019,0.517968750030544,0.358533307464116,0.748303213182101,0.482031249969456,0.251696786817899,0.641466692535884,115,0.000457179912526443,335139744
480,-0.571364866705648,0.187780103182507,0.564754098365172,0.390859504946274,0.816014930132246,0.435245901634828,0.183985069867754,0.609140495053726,114,0.0023443962165709,203018724
381,-0.785327933416703,0.190268149927264,0.455970149416357,0.31403631255545,0.662053300355397,0.544029850583643,0.337946699644603,0.68596368744455,114,3.66760738041248e-05,188341176
6,-0.138113302129638,0.186883314221276,0.870999999999997,0.603869075286283,1.2563004648654,0.129000000000003,-0.256300464865396,0.396130924713717,117,0.459885770653421,945447934
106,-0.53457970977169,0.172364459916335,0.585915492959157,0.417943993021087,0.821394662016956,0.414084507040843,0.178605337983044,0.582056006978913,135,0.00192575559175181,682708214
56,-0.576494727264596,0.191198838070746,0.561864406784859,0.386262702813021,0.817297681895318,0.438135593215141,0.182702318104682,0.613737297186979,110,0.00256845325306114,984161400
681,-0.597837000739372,0.204836622599537,0.550000000008937,0.368133585079544,0.821712585512859,0.449999999991063,0.178287414487141,0.631866414920456,96,0.00351602487199656,203061871
506,-0.761637160134407,0.183554760706415,0.466901408579119,0.325824013160819,0.669063410085638,0.533098591420881,0.330936589914362,0.674175986839181,122,3.33387252780651e-05,966669828
31,-1.00330210886378,0.18854120384623,0.366666666666667,0.253387313362822,0.530588697043153,0.633333333333333,0.469411302956847,0.746612686637178,122,1.02974871923473e-07,682555016
605,-0.816445396424442,0.181497042586309,0.442000000212159,0.30969322656617,0.630830717073518,0.557999999787841,0.369169282926482,0.69030677343383,126,6.84683843091553e-06,727624698
906,-0.878807638619415,0.188753859096103,0.415277777777778,0.28686074088155,0.601182414108244,0.584722222222222,0.398817585891756,0.71313925911845,118,3.22663513876993e-06,770265035
456,-0.813775167879745,0.193322883721567,0.443181818389588,0.30340672181234,0.647349284082716,0.556818181610412,0.352650715917284,0.69659327818766,111,2.56039061767557e-05,654852064
855,-0.393042588109617,0.194291759344775,0.674999999999994,0.461235076363504,0.987836839279996,0.325000000000006,0.0121631607200036,0.538764923636496,106,0.04307826374961,329023804
406,-1.10818173904046,0.217078363415418,0.330158730371285,0.215747289304044,0.505242905215662,0.669841269628715,0.494757094784338,0.784252710695956,95,3.30821158646971e-07,886060072
306,-0.626091668381972,0.189041993734754,0.534677419371546,0.369129714217875,0.77447014362295,0.465322580628454,0.22552985637705,0.630870285782125,113,0.000926585492602049,290940008
631,-0.503542270374238,0.190818720720541,0.60438596491267,0.415804496067928,0.878495538258309,0.39561403508733,0.121504461741691,0.584195503932072,110,0.00831874078654468,360775567
281,-0.780456664233276,0.199121210758958,0.458196721466771,0.310141366066522,0.676930775876787,0.541803278533229,0.323069224123213,0.689858633933478,104,8.87308670014668e-05,562020793
181,-0.637119349050898,0.19437717426579,0.528813559342861,0.361283752993361,0.774028110115442,0.471186440657139,0.225971889884558,0.638716247006639,107,0.00104638852545845,179216227
581,-0.923259401190248,0.191353499095683,0.397222222222222,0.272994025750753,0.577981490229463,0.602777777777778,0.422018509770537,0.727005974249247,116,1.40081230117811e-06,307480187
781,-0.924440736236079,0.185104318511735,0.396753246753247,0.276031984557348,0.570271372941344,0.603246753246753,0.429728627058656,0.723968015442652,124,5.90921411079255e-07,273279233
831,-1.14862270884559,0.192860369039712,0.317073170857641,0.217268342893777,0.462724547620225,0.682926829142359,0.537275452379775,0.782731657106223,122,2.58926430258799e-09,583829829
981,-0.60771362423089,0.172170107078796,0.544594594605836,0.388617063302839,0.763176145569233,0.455405405394164,0.236823854430767,0.611382936697161,136,0.000415987313825971,65304132
706,-0.362960319753737,0.184220797610024,0.695614035087689,0.484796313572712,0.998107601613192,0.304385964912311,0.0018923983868081,0.515203686427288,118,0.0488101651818129,175126278
531,-0.713015383630608,0.195275633546412,0.490163934497824,0.334289266841073,0.718720899874453,0.509836065502176,0.281279100125547,0.665710733158927,107,0.000260887820128814,719766654
556,-0.844345234433238,0.201294004283544,0.429838709677419,0.289710180548013,0.637745335658056,0.570161290322581,0.362254664341944,0.710289819451987,103,2.73369089582563e-05,730052873
131,-0.949576709507622,0.178619041271534,0.386904761904762,0.272623488873105,0.549091699337241,0.613095238095238,0.450908300662759,0.727376511126895,134,1.05949640287333e-07,562150070
81,-0.928185519526304,0.189038979408311,0.39527027027027,0.272887648942044,0.572538138553551,0.60472972972973,0.427461861446449,0.727112351057956,119,9.10662451084653e-07,109422181
232,-0.694597507027013,0.182649057350446,0.49927536237405,0.349034997916624,0.714185938263088,0.50072463762595,0.285814061736912,0.650965002083376,122,0.000143007645907642,501735058
756,-0.669193939465039,0.185424605654128,0.512121212158297,0.356073008751137,0.736557193319265,0.487878787841703,0.263442806680735,0.643926991248863,118,0.00030740173256085,724056307
256,-0.755022584023634,0.191471175710072,0.470000000119567,0.322936621753874,0.684035148793847,0.529999999880433,0.315964851206153,0.677063378246126,112,8.03780040200282e-05,567529201
956,-1.12393009610473,0.219970672511952,0.325000000177992,0.211175720844002,0.500175871040219,0.674999999822008,0.499824128959781,0.788824279155998,93,3.23090645076104e-07,763613983
731,-0.77372766690406,0.197120026844705,0.461290322726055,0.313462413214001,0.678833419480622,0.538709677273945,0.321166580519378,0.686537586785999,106,8.66720690096525e-05,683393541
206,-1.05397150804549,0.203764031787299,0.348550724637681,0.233787739440546,0.51964918235735,0.651449275362319,0.48035081764265,0.766212260559454,106,2.30970037235949e-07,733596036
881,-0.575032524928121,0.17935091983219,0.562686567169176,0.395915739902008,0.799705949935195,0.437313432830824,0.200294050064805,0.604084260097992,125,0.00134506710309104,762433919
332,-0.646491488871645,0.182876711619266,0.52388059703981,0.366072727151453,0.749716817448794,0.47611940296019,0.250283182551206,0.633927272848547,121,0.00040758691018704,347282608
806,-0.564314308710482,0.195615199108946,0.568750000003694,0.38762649149428,0.834505818364519,0.431249999996306,0.165494181635481,0.61237350850572,105,0.00391639611729682,361025324
431,-0.827664279981292,0.207080672557668,0.437068965747986,0.291261164995452,0.655869383832881,0.562931034252014,0.344130616167119,0.708738835004548,97,6.41989397175309e-05,761995816
157,-0.63557732870031,0.203090598614585,0.529629629649839,0.355714232711125,0.788575544096447,0.470370370350161,0.211424455903553,0.644285767288875,98,0.00175088518435509,851841355
931,-0.913209065336747,0.179849045069318,0.401234567901234,0.282039903487272,0.570802842038823,0.598765432098766,0.429197157961177,0.717960096512728,131,3.82147876336722e-07,269208941
7,-0.610123844726427,0.181059426684741,0.54328358210142,0.380985561808213,0.774719779878512,0.45671641789858,0.225280220121488,0.619014438191787,123,0.00075238155334205,923195115
382,-1.13522965142822,0.184291149483523,0.321348314760381,0.223927337237326,0.461152893047148,0.678651685239619,0.538847106952852,0.776072662762674,133,7.27544900601274e-10,340888497
356,-0.52609309589504,0.178376517003161,0.590909090910119,0.416568383445403,0.83821424667959,0.409090909089881,0.16178575332041,0.583431616554597,126,0.00318452845974342,715922551
57,-0.599405628511355,0.19403490040608,0.549137931043759,0.37542106420185,0.803238006775471,0.450862068956241,0.196761993224529,0.62457893579815,107,0.00200720607273495,446900624
606,-0.579202921200752,0.192980256270732,0.560344827591797,0.38387539424077,0.817938139613985,0.439655172408203,0.182061860386015,0.61612460575923,108,0.00268777975517002,567806079
507,-0.776528789174019,0.192675234052882,0.46000000014949,0.315320622492725,0.671062991265064,0.53999999985051,0.328937008734936,0.684679377507275,111,5.57182658761733e-05,153124325
656,-0.587351976771569,0.177318657127587,0.555797101456181,0.392628990109011,0.786774348733967,0.444202898543819,0.213225651266033,0.607371009890989,128,0.000924960982503,260940825
907,-0.775623402062376,0.183021124530212,0.460416666814832,0.321634904217622,0.659081164081152,0.539583333185168,0.340918835918848,0.678365095782378,123,2.2563021368748e-05,599972914
856,-0.862565332517992,0.181623272151487,0.422077922077922,0.295661398126218,0.6025466071481,0.577922077922078,0.3974533928519,0.704338601873782,127,2.0422240895539e-06,647595382
32,-0.568933254565822,0.186138525771978,0.566129032262282,0.39307373603459,0.815373940786582,0.433870967737718,0.184626059213418,0.60692626396541,116,0.00223934067324543,745382839
481,-0.463043778310631,0.179628668357717,0.629365079365108,0.442590861503117,0.894958386124424,0.370634920634892,0.105041613875576,0.557409138496883,124,0.00994363394270036,21740383
632,-0.411364830235353,0.197075143962967,0.662745098039215,0.45039738206024,0.97520785526294,0.337254901960785,0.0247921447370605,0.54960261793976,103,0.0368564950952667,717204331
282,-0.866100987350299,0.193476497487974,0.420588235294118,0.287852249147397,0.61453215735424,0.579411764705882,0.38546784264576,0.712147750852603,112,7.58703407035002e-06,981349454
407,-0.791796261248868,0.192069377006821,0.45303030320287,0.310912013160035,0.660111050499819,0.54696969679713,0.339888949500181,0.689087986839965,112,3.74865197900709e-05,997770045
582,-0.430782916092454,0.188982236504614,0.65,0.448798488181295,0.941402458177018,0.35,0.0585975418229818,0.551201511818705,112,0.022638017275615,461536156
832,-0.851285901565159,0.194042896962504,0.426865671641791,0.2918244106238,0.62439705176376,0.573134328358209,0.37560294823624,0.7081755893762,111,1.14871145418469e-05,2947214
107,-0.969779416825141,0.179757962744542,0.379166666666667,0.266575293056497,0.539312400120447,0.620833333333333,0.460687599879553,0.733424706943503,133,6.8554963921602e-08,324569001
782,-0.851285901565159,0.194042896962504,0.426865671641791,0.2918244106238,0.62439705176376,0.573134328358209,0.37560294823624,0.7081755893762,111,1.14871145418468e-05,573523013
707,-0.702716631450731,0.19158901118208,0.495238095300181,0.340199117460811,0.720933002022862,0.504761904699819,0.279066997977138,0.659800882539189,111,0.000244614193021256,948509048
982,-0.728617359826518,0.188572740383827,0.482575757663458,0.333466409631307,0.698359280450289,0.517424242336542,0.301640719549711,0.666533590368693,115,0.000111612377729063,702348205
532,-0.821649224277412,0.190905769384251,0.439705882573697,0.302456547423105,0.639236494687119,0.560294117426303,0.360763505312881,0.697543452576895,114,1.67778202410928e-05,907677725
682,-0.713015383630607,0.195275633546412,0.490163934497824,0.334289266841073,0.718720899874453,0.509836065502176,0.281279100125547,0.665710733158927,107,0.000260887820128815,383096880
557,-0.194394138028252,0.199414347205373,0.82333333333331,0.556972686784144,1.21707543989577,0.17666666666669,-0.217075439895768,0.443027313215856,102,0.329646956954546,617260261
132,-1.10195118925278,0.181246355932079,0.332222222448415,0.232890354153219,0.473920895048967,0.667777777551585,0.526079104951033,0.767109645846781,136,1.20292825620718e-09,735284349
457,-0.682097344283034,0.178174161273944,0.505555555601221,0.356538773541171,0.716854487551955,0.494444444398779,0.283145512448045,0.643461226458829,128,0.00012905141878464,934501999
233,-0.895088524223552,0.192387595787741,0.408571428571428,0.280225320587448,0.595701387351272,0.591428571428572,0.404298612648728,0.719774679412552,114,3.27891455189293e-06,596713352
82,-1.10954135856468,0.207519112820165,0.329710145137105,0.219528910200989,0.495191178723581,0.670289854862895,0.504808821276419,0.780471089799011,104,8.95748748977992e-08,276719862
757,-0.813775167879745,0.193322883721567,0.443181818389589,0.30340672181234,0.647349284082716,0.556818181610411,0.352650715917284,0.69659327818766,111,2.56039061767559e-05,604556814
257,-0.483892741406185,0.188210513766269,0.616379310344962,0.426228978074943,0.891359981991955,0.383620689655038,0.108640018008045,0.573771021925057,113,0.0101399865551752,642549032
957,-0.380352062465584,0.183397987811469,0.683620689655158,0.477206716801999,0.979318251127005,0.316379310344842,0.0206817488729948,0.522793283198001,119,0.0380870919617196,149241900
307,-0.673344553185906,0.187062712803865,0.510000000039708,0.353461491989141,0.735865167593683,0.489999999960292,0.264134832406317,0.646538508010859,116,0.000318748907750734,139800561
732,-0.587625387572909,0.187074735831251,0.555645161297276,0.385087332706516,0.801744225402438,0.444354838702724,0.198255774597562,0.614912667293484,115,0.00168299391686868,307598183
207,-0.72413072590898,0.19918942057413,0.484745762794723,0.328067855215868,0.716249552681176,0.515254237205277,0.283750447318824,0.671932144784132,103,0.000277563123350338,440011978
432,-0.811555411150654,0.202625049205561,0.444166666870803,0.298587215391562,0.660724966741808,0.555833333129197,0.339275033258192,0.701412784608438,101,6.1963007235526e-05,427892118
807,-0.797027310646235,0.180455264710501,0.45066666684743,0.316411046599329,0.641887970695785,0.54933333315257,0.358112029304215,0.683588953400671,127,1.00192098305774e-05,790337134
333,-0.97158937207038,0.185465248181118,0.378481012658228,0.263133287425082,0.544392837350853,0.621518987341772,0.455607162649147,0.736866712574918,125,1.61746734920669e-07,723710678
158,-0.734994290297591,0.196508688978426,0.479508196816185,0.326232734328373,0.704797791942217,0.520491803183815,0.295202208057783,0.673767265671627,106,0.000183827391055006,760096773
882,-0.69314718045187,0.188107988623866,0.500000000054038,0.345821662411425,0.722915962842756,0.499999999945962,0.277084037157244,0.654178337588575,115,0.000228849507728733,259675036
182,-0.950658375378363,0.190370129591767,0.386486486486486,0.266128242129621,0.561277536879817,0.613513513513513,0.438722463120183,0.733871757870379,118,5.92220069052441e-07,721683842
932,-0.642092009716116,0.188363635052279,0.526190476213389,0.363753823061983,0.761164281180611,0.473809523786611,0.238835718819389,0.636246176938017,114,0.000652517727501592,388288397
357,-0.613104472863004,0.191485421551064,0.541666666679344,0.372168339076695,0.788360392287556,0.458333333320656,0.211639607712444,0.627831660923305,110,0.00136555815022303,919833301
58,-0.941608539858445,0.195180014589707,0.39,0.266027833367043,0.571744685790623,0.61,0.428255314209377,0.733972166632957,112,1.40490053712869e-06,93411311
607,-0.415515443961666,0.174745902773515,0.66,0.46859748506089,0.929582453784184,0.34,0.0704175462158164,0.53140251493911,131,0.0174150163492547,51027830
857,-0.613104472863005,0.191485421551064,0.541666666679344,0.372168339076695,0.788360392287556,0.458333333320656,0.211639607712444,0.627831660923305,110,0.00136555815022303,954152567
633,-0.82881304518018,0.192737114621605,0.43656716441176,0.299221598399615,0.636955654477816,0.56343283558824,0.363044345522184,0.700778401600385,112,1.7062443951362e-05,631420782
657,-0.601740714218207,0.176733887039355,0.547857142866942,0.387463833416553,0.774646362071289,0.452142857133058,0.225353637928711,0.612536166583447,129,0.000662164023471462,206425049
283,-0.829130555897454,0.188579717962086,0.436428571661756,0.301573952394453,0.631586039345963,0.563571428338244,0.368413960654037,0.698426047605547,117,1.09903424864063e-05,86005815
408,-0.931558204004943,0.200378429855898,0.393939393939394,0.2659910254176,0.583434143515536,0.606060606060606,0.416565856484464,0.7340089745824,106,3.33557221616835e-06,151672524
8,-0.912621002985192,0.196253423314002,0.401470588235294,0.273276645196671,0.589800248396626,0.598529411764706,0.410199751603374,0.726723354803329,110,3.31585977111098e-06,832678185
482,-0.552672733696981,0.186847427441375,0.575409836068169,0.398962854831623,0.829892997391279,0.424590163931831,0.170107002608721,0.601037145168377,115,0.00309760185356294,180874619
383,-0.613104472863004,0.182574185834861,0.541666666679344,0.378725617069149,0.77471067328921,0.458333333320656,0.22528932671079,0.621274382930851,121,0.000784769509051268,941894
783,-0.682097344283034,0.205737799948295,0.505555555601221,0.337788262386361,0.756646835486901,0.494444444398779,0.243353164513099,0.662211737613639,96,0.000915212390513785,728780032
833,-0.836248024200618,0.186338998124983,0.433333333333333,0.300753060052529,0.624358660706498,0.566666666666667,0.375641339293502,0.699246939947471,120,7.19699245042524e-06,622198774
583,-0.595085967368564,0.18168285006741,0.551515151523516,0.386285784112781,0.787419508741749,0.448484848476484,0.212580491258251,0.613714215887219,122,0.00105508431569191,289424356
983,-0.584933595908059,0.196698948117273,0.55714285714935,0.378910045129363,0.819213339056675,0.44285714285065,0.180786660943325,0.621089954870637,104,0.00294184169576106,164617085
108,-0.669193939465038,0.185424605654128,0.512121212158297,0.356073008751137,0.736557193319265,0.487878787841703,0.263442806680735,0.643926991248863,118,0.00030740173256085,941653017
708,-0.850041346332954,0.185827779059858,0.427397260273973,0.296930521877825,0.615189091826871,0.572602739726027,0.384810908173129,0.703069478122175,121,4.77700147926291e-06,151121254
533,-0.658566846903399,0.204387701371007,0.517592592623528,0.346747170293571,0.772615077758034,0.482407407376472,0.227384922241966,0.65325282970643,97,0.00127234647085507,768206267
458,-0.755022584023635,0.191471175710072,0.470000000119567,0.322936621753874,0.684035148793846,0.529999999880433,0.315964851206154,0.677063378246126,112,8.03780040200279e-05,812715079
558,-0.627493210306306,0.198988123494344,0.533928571445765,0.361496555527605,0.788609780776586,0.466071428554235,0.211390219223414,0.638503444472395,102,0.00161369224112272,576404988
683,-0.802346472102816,0.205527076822178,0.448275862258192,0.299640414816022,0.670641337907335,0.551724137741808,0.329358662092665,0.700359585183978,98,9.46752457858861e-05,438458095
133,-0.677642993940169,0.188745860880797,0.50781250004256,0.350786296260959,0.735130014906958,0.49218749995744,0.264869985093042,0.649213703739041,114,0.00033037326344261,969021906
508,-0.745276245769132,0.193938511664069,0.474603174710321,0.324526285237424,0.694082987084772,0.525396825289679,0.305917012915228,0.675473714762576,109,0.000121614732166908,888545100
83,-0.89260096075175,0.188249198064079,0.409589041095891,0.28321113226894,0.59236083427166,0.59041095890411,0.40763916572834,0.71678886773106,119,2.12044941652406e-06,867792451
908,-0.649836482104452,0.191837446521928,0.522131147567449,0.358498440804042,0.760452220234669,0.477868852432551,0.239547779765331,0.641501559195958,110,0.000705499663576692,11008920
758,-0.536143431747729,0.1875771446237,0.585000000001493,0.40503253590556,0.844932121901292,0.414999999998507,0.155067878098708,0.59496746409444,114,0.00425977056835081,611816221
958,-0.897805917200052,0.196811831310651,0.407462686567164,0.277052012877649,0.599258742862305,0.592537313432836,0.400741257137695,0.722947987122351,109,5.07295850912755e-06,444651323
234,-0.521754694296721,0.174257767391305,0.593478260870432,0.421770630467401,0.835090024489068,0.406521739129568,0.164909975510932,0.578229369532599,132,0.00275206465529382,177831702
33,-1.32326299927276,0.203617183648543,0.266265060241,0.17864666796835,0.396856449165365,0.733734939759,0.603143550834635,0.82135333203165,117,8.09747168119609e-11,887787783
258,-1.00132777456007,0.200334168988253,0.367391304347826,0.248087063816403,0.54406855574818,0.632608695652174,0.45593144425182,0.751912936183597,108,5.78416989941226e-07,103323157
308,-0.638422280830254,0.186696998451029,0.52812500002136,0.366285690909686,0.76147123016152,0.47187499997864,0.23852876983848,0.633714309090314,116,0.000627216429929277,334229693
733,-1.03984697944186,0.223163447197904,0.353508771929825,0.228266996331259,0.547466142017218,0.646491228070175,0.452533857982782,0.771733003668741,88,3.16861826918654e-06,11909102
808,-0.843315191423711,0.188045480634166,0.430281690140845,0.29763792114987,0.622038791815231,0.569718309859155,0.377961208184769,0.70236207885013,118,7.30391299860851e-06,180700742
159,-0.861565832184908,0.205688337801861,0.4225,0.282321844486903,0.632279270930738,0.5775,0.367720729069262,0.717678155513097,99,2.80562449977184e-05,361739470
208,-0.365185633606682,0.181168894723649,0.694067796610141,0.486620781304386,0.9899497201907,0.305932203389859,0.0100502798092998,0.513379218695614,122,0.0438293386230235,902728335
433,-0.843315191423711,0.188045480634166,0.430281690140845,0.29763792114987,0.622038791815231,0.569718309859155,0.377961208184769,0.70236207885013,118,7.30391299860848e-06,181057573
183,-1.41161216844896,0.19543398996354,0.243750000159711,0.166184651545142,0.35751835097551,0.756249999840289,0.64248164902449,0.833815348454858,132,5.0867451430621e-13,351797240
933,-0.820980551570629,0.195222662896045,0.440000000219648,0.300108879106904,0.645099207892236,0.559999999780352,0.354900792107764,0.699891120893096,109,2.60672963739884e-05,373579110
59,-0.527946664544231,0.197298458645325,0.589814814815918,0.400659019960514,0.868273265907306,0.410185185184082,0.131726734092694,0.599340980039486,103,0.00745337038579735,778997129
358,-0.650411525247969,0.177843658001063,0.521830985942237,0.36825535212197,0.739453143913183,0.478169014057763,0.260546856086817,0.63174464787803,128,0.000254975921989335,992424356
608,-0.791796261248868,0.192069377006821,0.45303030320287,0.310912013160035,0.660111050499819,0.54696969679713,0.339888949500181,0.689087986839965,112,3.74865197900709e-05,404295357
409,-0.508341150437518,0.176222601820515,0.60149253731392,0.425823174052614,0.849632651509087,0.39850746268608,0.150367348490913,0.574176825947386,129,0.00391844641913437,875556277
634,-0.889090505574999,0.194837615224652,0.411029411764706,0.280560689870176,0.602169810082148,0.588970588235294,0.397830189917852,0.719439310129824,111,5.03705400416182e-06,58300251
658,-0.464119336359996,0.182599548644907,0.628688524590195,0.439548209886894,0.899217087138413,0.371311475409805,0.100782912861587,0.560451790113106,120,0.0110304333887708,238527940
284,-0.430782916092454,0.185695338177052,0.65,0.451699071895275,0.935357246202081,0.35,0.0646427537979187,0.548300928104725,116,0.0203496967255803,292843654
334,-0.702716631450731,0.19158901118208,0.495238095300181,0.340199117460811,0.720933002022862,0.504761904699819,0.279066997977138,0.659800882539189,111,0.000244614193021255,388088195
858,-0.488770173742511,0.170322870386163,0.613380281690321,0.439289396549494,0.856463581688359,0.386619718309679,0.143536418311641,0.560710603450506,138,0.00410902352644403,773756067
9,-0.39688136441678,0.184141374973175,0.672413793103444,0.468700256203483,0.964668363568094,0.327586206896556,0.0353316364319058,0.531299743796517,118,0.0311377462172187,240011640
384,-0.430782916092454,0.21320071635561,0.65,0.42799291313741,0.987165878291899,0.35,0.0128341217081006,0.57200708686259,88,0.043326267878112,961480727
883,-0.668111102327579,0.178722270294243,0.512676056374449,0.361172239993242,0.727732393786897,0.487323943625551,0.272267606213103,0.638827760006758,127,0.000185295015178323,438978412
483,-0.767255152420348,0.195180014584936,0.464285714421898,0.316699801723287,0.68064843565831,0.535714285578102,0.31935156434169,0.683300198276713,108,8.45887375840934e-05,291313805
784,-0.613104472863004,0.191485421551064,0.541666666679344,0.372168339076695,0.788360392287556,0.458333333320656,0.211639607712444,0.627831660923305,110,0.00136555815022303,195803959
834,-0.584933595908059,0.185449546754646,0.55714285714935,0.387357194476318,0.801348645898246,0.44285714285065,0.198651354101754,0.612642805523682,117,0.00160972550311543,721202708
984,-0.478035800942852,0.177520837207016,0.620000000000092,0.43781000188263,0.878006437375008,0.379999999999908,0.121993562624992,0.56218999811737,127,0.00708455529432347,863876557
709,-0.693147180451869,0.188107988623866,0.500000000054038,0.345821662411425,0.722915962842757,0.499999999945962,0.277084037157243,0.654178337588575,115,0.000228849507728736,752089532
584,-0.773069122266131,0.186817870897415,0.461594203043009,0.32006684291459,0.665702221269351,0.538405796956991,0.334297778730649,0.67993315708541,118,3.50209341008685e-05,871770397
534,-0.808849049564058,0.213414023770065,0.445370370570095,0.29313182691163,0.676674276797453,0.554629629429905,0.323325723202547,0.706868173088369,91,0.000150619154970976,686147608
459,-0.987593653100268,0.175624025103158,0.37247191011236,0.263998880302713,0.52551481909192,0.62752808988764,0.47448518090808,0.736001119697287,140,1.87299946646369e-08,620387692
559,-0.524308974101658,0.193558740423663,0.591964285715245,0.405077393842384,0.865073491854026,0.408035714284755,0.134926508145974,0.594922606157616,107,0.00675301255459766,707109167
684,-0.516305089529456,0.185069137027469,0.596721311476102,0.415183813484959,0.857635370177212,0.403278688523898,0.142364629822788,0.584816186515041,117,0.00527413042722409,818103623
509,-1.14990558266607,0.197828972319373,0.316666666790036,0.214886941315555,0.466653660953073,0.683333333209964,0.533346339046928,0.785113058684445,116,6.15008165297501e-09,679165756
909,-0.886800303363449,0.190543247753563,0.411971830985916,0.283580794653243,0.598491832754115,0.588028169014084,0.401508167245885,0.716419205346757,116,3.25457091089416e-06,631345869
84,-0.923259401190249,0.191353499095683,0.397222222222222,0.272994025750753,0.577981490229463,0.602777777777778,0.422018509770537,0.727005974249247,116,1.40081230117808e-06,478695537
134,-0.898123427918706,0.18603743998995,0.407333333333333,0.282875018373692,0.586550362058678,0.592666666666667,0.413449637941322,0.717124981626307,122,1.38154439786071e-06,372614006
759,-0.908410470448849,0.181841664954453,0.403164556962025,0.282291914782465,0.575792828199283,0.596835443037975,0.424207171800717,0.717708085217535,128,5.86493616483723e-07,300246802
259,-0.86291627128278,0.211118181775398,0.421929824561403,0.278956254309442,0.638181700909047,0.578070175438597,0.361818299090953,0.721043745690558,94,4.36307492964969e-05,175027269
34,-0.72413072590898,0.19918942057413,0.484745762794723,0.328067855215868,0.716249552681176,0.515254237205277,0.283750447318824,0.671932144784132,103,0.000277563123350338,186407238
959,-0.56632840808178,0.173820422563932,0.567605633806733,0.403729501470989,0.798000033079805,0.432394366193267,0.201999966920195,0.596270498529011,133,0.00112151576163681,894592851
734,-0.8280847130317,0.201949712852367,0.436885246133083,0.294081341861949,0.649033757396156,0.563114753866917,0.350966242603844,0.705918658138051,102,4.12347409592908e-05,647852805
309,-0.670455769283836,0.192942416165952,0.511475409873934,0.350422413653599,0.74654783687528,0.488524590126066,0.25345216312472,0.649577586346401,109,0.000511042168854702,293133822
160,-0.376715694822205,0.189900969369936,0.686111111111093,0.472879464250671,0.995493550425266,0.313888888888907,0.00450644957473356,0.527120535749329,111,0.0472839240101399,984313722
209,-0.729275904465093,0.194597437526342,0.482258064604555,0.329334978819128,0.706189308254017,0.517741935395445,0.293810691745983,0.670665021180872,108,0.00017852535171755,607164701
809,-1.07263680142484,0.195340458499755,0.342105263445267,0.233284377622842,0.501688164760742,0.657894736554733,0.498311835239258,0.766715622377159,116,3.99405565891473e-08,477538931
434,-0.733969174884998,0.190310138239888,0.480000000093697,0.330558975702867,0.697001191996224,0.519999999906303,0.302998808003776,0.669441024297133,113,0.000114927909556133,145175819
184,-0.757467146085591,0.197789573407105,0.468852459139192,0.318183319310523,0.690867858557781,0.531147540860808,0.309132141442219,0.681816680689477,105,0.000128319563422177,558264730
109,-0.8754687373539,0.181164325463135,0.416666666666667,0.292133528882719,0.594286837854924,0.583333333333333,0.405713162145076,0.707866471117281,128,1.34858528002772e-06,326146335
235,-0.949576709507622,0.178619041271534,0.386904761904762,0.272623488873105,0.549091699337241,0.613095238095238,0.450908300662759,0.727376511126895,134,1.05949640287332e-07,456762706
60,-0.480379857231653,0.181874090514392,0.618548387096881,0.433074060858953,0.883456530324873,0.381451612903119,0.116543469675127,0.566925939141047,121,0.00825941533304317,661064140
359,-0.541130973258268,0.177741497127119,0.582089552240582,0.410861992237081,0.82467654158705,0.417910447759418,0.17532345841295,0.589138007762919,127,0.0023308057285543,323650478
609,-0.790156916625658,0.214231070464281,0.453773585075686,0.298184725855526,0.690546660033175,0.546226414924314,0.309453339966825,0.701815274144474,90,0.000225722351590048,474662927
635,-0.596297354554392,0.19222162350351,0.550847457635732,0.377930556323021,0.802880096639769,0.449152542364268,0.197119903360231,0.622069443676979,109,0.00192130559305343,275929037
335,-0.676915985548581,0.203562354414775,0.508181818223886,0.34099383917077,0.757341425878383,0.491818181776114,0.242658574121617,0.65900616082923,98,0.00088307742593308,220230503
410,-1.0106014113454,0.192724822331887,0.364,0.249490330003471,0.53106667500162,0.636,0.46893332499838,0.750509669996529,117,1.57342600632651e-07,103353146
859,-0.890315245470894,0.18436710137705,0.410526315789474,0.286027269700663,0.589216042694296,0.589473684210526,0.410783957305704,0.713972730299337,124,1.37196070372708e-06,136513149
659,-0.912621002985193,0.196253423314002,0.401470588235294,0.273276645196671,0.589800248396626,0.598529411764706,0.410199751603374,0.726723354803329,110,3.31585977111098e-06,407043210
10,-0.493961817713594,0.205298060634016,0.610204081632892,0.408060993184298,0.912483740079691,0.389795918367108,0.0875162599203085,0.591939006815702,95,0.0161251073302519,744132038
385,-1.30161127388985,0.198508651586075,0.272093023255816,0.184393893924027,0.401502521200584,0.727906976744184,0.598497478799416,0.815606106075973,122,5.49194709694504e-11,687208283
884,-0.764274524291995,0.189099726245139,0.465671641923079,0.32145324382476,0.674592906611176,0.534328358076921,0.325407093388824,0.67854675617524,115,5.30768726210094e-05,552314672
785,-0.53614343174773,0.1875771446237,0.585000000001492,0.40503253590556,0.844932121901292,0.414999999998508,0.155067878098708,0.59496746409444,114,0.00425977056835076,677036016
484,-0.956876011989233,0.201971633633391,0.384090909090909,0.258532688157057,0.57062736436895,0.615909090909091,0.42937263563105,0.741467311842943,105,2.16183869952366e-06,382284246
835,-0.629911591168888,0.175607634888572,0.532638888906947,0.377533402425637,0.75146777517761,0.467361111093053,0.24853222482239,0.622466597574363,131,0.000334453176361097,907807547
985,-0.494296321814381,0.178264012093203,0.610000000000243,0.430121580351158,0.865104233311216,0.389999999999757,0.134895766688784,0.569878419648842,126,0.00555706437807187,871246863
710,-0.658172758228782,0.19551406160887,0.517796610200214,0.352969623749261,0.759593209996145,0.482203389799786,0.240406790003855,0.647030376250739,106,0.000761643502634491,387244855
585,-0.587625387572909,0.187074735831251,0.555645161297276,0.385087332706516,0.801744225402438,0.444354838702724,0.198255774597562,0.614912667293484,115,0.00168299391686868,266818371
535,-0.600681952870421,0.184779648550559,0.54843750000956,0.38180571123047,0.78779254099521,0.45156249999044,0.21220745900479,0.61819428876953,118,0.00115080188088374,122192382
560,-0.619374085873032,0.185722708703633,0.538281250014518,0.374043227744048,0.774634273863826,0.461718749985482,0.225365726136174,0.625956772255952,117,0.000853178129919609,599541159
934,-0.710367778171086,0.168297814034322,0.491463414703212,0.353375010817942,0.683512644068032,0.508536585296788,0.316487355931968,0.646624989182058,144,2.4333185302947e-05,267612359
460,-0.906865591414572,0.198851097693611,0.403787878787879,0.273458178467375,0.596232491453778,0.596212121212121,0.403767508546222,0.726541821532625,107,5.10256556240551e-06,163062297
910,-0.647453952852645,0.170634244057063,0.523376623401956,0.374602083994917,0.731237496071563,0.476623376598044,0.268762503928437,0.625397916005083,139,0.000148003091856371,543150418
685,-0.623686582187286,0.197029072458084,0.535964912296599,0.364271260361029,0.788583724470603,0.464035087703401,0.211416275529397,0.635728739638971,104,0.00154840827722773,481324596
510,-0.684231816808417,0.18481380458368,0.504477611987506,0.351178647542648,0.724695714780636,0.495522388012494,0.275304285219364,0.648821352457352,119,0.000213673515258718,223531752
760,-0.450985623409961,0.201017818278147,0.637000000000008,0.429568824329589,0.944596015861434,0.362999999999992,0.0554039841385661,0.570431175670411,99,0.0248639015409321,786630390
135,-0.56181117849284,0.193762379344155,0.570175438599923,0.390011729930383,0.833564751605407,0.429824561400077,0.166435248394593,0.609988270069617,107,0.00373775822713237,120383668
285,-0.503542270374238,0.190818720720541,0.60438596491267,0.415804496067928,0.878495538258309,0.39561403508733,0.121504461741691,0.584195503932072,110,0.00831874078654468,995573935
85,-0.8661009873503,0.193476497487974,0.420588235294118,0.287852249147397,0.614532157354239,0.579411764705882,0.385467842645761,0.712147750852603,112,7.58703407034999e-06,137404632
260,-0.273597332570136,0.198641420470401,0.760638297872269,0.515340535668353,1.12269573252115,0.239361702127731,-0.122695732521146,0.484659464331647,102,0.168406284930077,186771156
161,-0.708414652554191,0.187487373310453,0.492424242491479,0.340996470634139,0.711097197406098,0.507575757508521,0.288902802593902,0.65900352936586,116,0.000157797434978836,451849055
735,-0.954853766608465,0.188096031215612,0.384868421052632,0.266197912892408,0.556442009308369,0.615131578947368,0.443557990691631,0.733802087107592,121,3.84620026976526e-07,52658729
810,-0.498605512430713,0.184220797610023,0.607377049180633,0.423301054232358,0.87150002624107,0.392622950819367,0.12849997375893,0.576698945767642,118,0.00679833286064467,785162378
310,-0.836248024200618,0.19034674690672,0.433333333333333,0.298399885993431,0.629282337533841,0.566666666666667,0.370717662466159,0.701600114006569,115,1.11649210115978e-05,166037070
35,-0.466500998694472,0.189012374809008,0.627192982456179,0.433025593233086,0.908424452017403,0.372807017543821,0.0915755479825971,0.566974406766914,112,0.0135833257945586,220782219
210,-0.823344618855402,0.179493125814339,0.438961039184606,0.308774302704714,0.624037661923889,0.561038960815394,0.375962338076111,0.691225697295286,129,4.49544937296752e-06,708008729
435,-0.864821396644674,0.189271332950968,0.42112676056338,0.290606141986426,0.610268410882005,0.57887323943662,0.389731589117995,0.709393858013574,117,4.8955458992226e-06,736042616
185,-0.937052723322584,0.190855712160414,0.391780821917808,0.269517206300364,0.569508027073914,0.608219178082192,0.430491972926086,0.730482793699636,117,9.11952782676191e-07,125316050
110,-0.519730402107608,0.211027035467417,0.594680851064628,0.393239754262596,0.899312215485707,0.405319148935372,0.100687784514293,0.606760245737404,90,0.0137833072669218,553906938
236,-0.864821396644674,0.189271332950968,0.42112676056338,0.290606141986426,0.610268410882005,0.57887323943662,0.389731589117995,0.709393858013574,117,4.8955458992226e-06,935358725
61,-0.761637160134406,0.183554760706415,0.46690140857912,0.32582401316082,0.669063410085639,0.53309859142088,0.330936589914361,0.67417598683918,122,3.33387252780659e-05,222371717
360,-0.676915985548581,0.203562354414775,0.508181818223886,0.34099383917077,0.757341425878383,0.491818181776114,0.242658574121617,0.65900616082923,98,0.000883077425933079,622979137
636,-0.447877349451746,0.18490681937862,0.638983050847463,0.444729940673641,0.918083767087667,0.361016949152537,0.0819162329123325,0.555270059326359,117,0.0154277641363275,628608096
336,-0.506290468599863,0.194395630915594,0.602727272727717,0.411766472790952,0.882248044206901,0.397272727272283,0.117751955793099,0.588233527209048,106,0.00920263118126039,87788093
960,-0.888207763131329,0.18071587602671,0.411392405063291,0.288689266545716,0.586248712911391,0.588607594936709,0.413751287088609,0.711310733454285,129,8.8809464849613e-07,847396329
411,-0.599405628511355,0.19403490040608,0.549137931043759,0.37542106420185,0.803238006775471,0.450862068956241,0.196761993224529,0.62457893579815,107,0.00200720607273495,429455125
660,-0.393741644412115,0.192483097206274,0.674528301886786,0.462549554655074,0.983653373929976,0.325471698113214,0.0163466260700238,0.537450445344926,108,0.0407966516719342,212354111
860,-0.764985003893279,0.165035306026811,0.465340909223927,0.336738619324754,0.643057105334613,0.534659090776073,0.356942894665387,0.663261380675246,151,3.5645307873636e-06,335181964
11,-0.388223301673672,0.206330956882665,0.678260869565208,0.452655220443145,1.01630951418826,0.321739130434792,-0.0163095141882594,0.547344779556855,94,0.0598962910068748,586057199
786,-0.82881304518018,0.192737114621605,0.43656716441176,0.299221598399615,0.636955654477816,0.56343283558824,0.363044345522184,0.700778401600385,112,1.70624439513619e-05,949456699
386,-0.638422280830255,0.186696998451029,0.528125000021359,0.366285690909686,0.761471230161519,0.471874999978641,0.238528769838481,0.633714309090314,116,0.000627216429929272,338144849
836,-0.900786545338189,0.190029237516523,0.40625,0.279924037607102,0.589585174288058,0.59375,0.410414825711942,0.720075962392898,117,2.13452172578497e-06,362464388
711,-0.496380198577821,0.181168894723648,0.608730158730431,0.426789352411538,0.868232546229655,0.391269841269569,0.131767453770345,0.573210647588462,122,0.00614624794710165,482595761
986,-0.770290056105341,0.190861496626054,0.462878788019262,0.318423915757873,0.672866458187457,0.537121211980738,0.327133541812543,0.681576084242127,113,5.44029224888326e-05,344832847
461,-0.447590034408828,0.18334617315079,0.639166666666672,0.446220555344005,0.915542824921708,0.360833333333328,0.0844571750782915,0.553779444655995,119,0.0146373609425808,791767509
935,-0.936718554564253,0.197727403905934,0.391911764705882,0.266000485510014,0.577423123948008,0.608088235294117,0.422576876051992,0.733999514489986,109,2.16451958819781e-06,853043349
561,-0.653926467351864,0.186052101883246,0.520000000028496,0.361106667559184,0.748809214344728,0.479999999971504,0.251190785655272,0.638893332440815,117,0.000440169553191011,762708449
586,-0.821649224277413,0.190905769384251,0.439705882573697,0.302456547423105,0.639236494687118,0.560294117426303,0.360763505312882,0.697543452576895,114,1.67778202410927e-05,972850329
911,-0.950658375378363,0.190370129591767,0.386486486486486,0.266128242129621,0.561277536879817,0.613513513513514,0.438722463120183,0.733871757870379,118,5.92220069052439e-07,32553713
536,-0.77372766690406,0.197120026844705,0.461290322726055,0.313462413214001,0.678833419480622,0.538709677273945,0.321166580519378,0.686537586785999,106,8.66720690096535e-05,354283333
686,-0.686716290132189,0.192255989740084,0.50322580650066,0.345234595584851,0.733519223064074,0.49677419349934,0.266480776935926,0.654765404415149,110,0.00035442101618328,862227205
610,-0.903387327038247,0.183903089480156,0.405194805194805,0.282569494882361,0.581035225423781,0.594805194805195,0.418964774576219,0.717430505117639,125,9.00137325315347e-07,499497102
511,-0.609831147519745,0.189740047855312,0.54344262296261,0.374668063971951,0.788244082833253,0.45655737703739,0.211755917166747,0.625331936028049,112,0.00130883735562057,258262385
761,-0.916290731874155,0.200959238117125,0.4,0.26977591717937,0.59308481525287,0.6,0.40691518474713,0.73022408282063,105,5.12548031177105e-06,234812523
286,-0.670455769283836,0.192942416165952,0.511475409873934,0.350422413653599,0.74654783687528,0.488524590126066,0.25345216312472,0.649577586346401,109,0.000511042168854702,11756802
86,-0.803022376147472,0.181992737899564,0.447972973163284,0.313573471386103,0.639976920871776,0.552027026836716,0.360023079128224,0.686426528613897,125,1.02237195140146e-05,729962618
162,-0.478035800942852,0.177520837207016,0.620000000000092,0.43781000188263,0.878006437375008,0.379999999999908,0.121993562624992,0.56218999811737,127,0.00708455529432345,986377989
811,-0.323537385738947,0.189254001465423,0.723584905660312,0.499339820230689,1.04853467415749,0.276415094339688,-0.0485346741574868,0.500660179769311,112,0.0873508710536169,597903189
885,-0.490206336562937,0.19909528496696,0.612500000000195,0.414606283057926,0.904849408535915,0.387499999999805,0.0951505914640847,0.585393716942074,101,0.0138099388019513,755011249
736,-1.22401355514533,0.195500770784985,0.294047619066453,0.200450484099342,0.43134843334077,0.705952380933547,0.56865156665923,0.799549515900658,122,3.82727031062806e-10,842518373
261,-0.744440474724092,0.213416397455469,0.475000000106117,0.312631866051082,0.721695465503012,0.524999999893883,0.278304534496988,0.687368133948918,90,0.000486272278937167,191798591
211,-0.923259401190248,0.191353499095683,0.397222222222222,0.272994025750753,0.577981490229463,0.602777777777778,0.422018509770537,0.727005974249247,116,1.4008123011781e-06,806795703
436,-0.871094755530787,0.187016646001545,0.418493150684932,0.290067783762071,0.603777899423182,0.581506849315068,0.396222100576818,0.709932216237929,120,3.19534935152159e-06,692177928
311,-0.587968499602238,0.198641420470304,0.55545454546156,0.376326361423502,0.819846239064559,0.44454545453844,0.180153760935441,0.623673638576498,102,0.00307689844435629,186531753
186,-0.867500567704723,0.197975097409092,0.42,0.284926328545115,0.619107405415042,0.58,0.380892594584958,0.715073671454885,107,1.17666575106222e-05,321812392
485,-0.789728008192652,0.196469561504401,0.453968254137617,0.308880356517687,0.667207128637704,0.546031745862383,0.332792871362296,0.691119643482313,107,5.82983451589439e-05,336415288
111,-0.804296423964071,0.178479515667166,0.447402597594956,0.315338111283958,0.634776061541336,0.552597402405044,0.365223938458664,0.684661888716042,130,6.59431166843949e-06,883315707
62,-0.770290056105342,0.190861496626054,0.462878788019262,0.318423915757873,0.672866458187457,0.537121211980738,0.327133541812543,0.681576084242127,113,5.44029224888326e-05,868020510
361,-0.25893265916588,0.195900977492344,0.771874999999935,0.525769949863542,1.1331781433677,0.228125000000065,-0.133178143367704,0.474230050136458,105,0.186250491084744,440263195
136,-1.14990558266607,0.197828972319373,0.316666666790036,0.214886941315555,0.466653660953072,0.683333333209964,0.533346339046928,0.785113058684445,116,6.15008165297497e-09,3657057
637,-0.977326622460524,0.18943380760602,0.376315789473684,0.259600838854516,0.545505068597117,0.623684210526316,0.454494931402883,0.740399161145484,120,2.48009213187274e-07,244621379
36,-0.918078042448251,0.193756363093455,0.399285714285714,0.273122863418506,0.583726604346412,0.600714285714286,0.416273395653588,0.726877136581494,113,2.15506149585554e-06,695618971
337,-0.874275419789858,0.195400069313746,0.417164179104478,0.28443443235351,0.611831524362086,0.582835820895522,0.388168475637914,0.71556556764649,110,7.66677551169642e-06,844317330
412,-0.572753177354519,0.177918618742658,0.563970588239988,0.397934737899792,0.799283887801353,0.436029411760012,0.200716112198647,0.602065262100208,127,0.00128554940890846,965969543
861,-0.767255152420347,0.185164019949984,0.464285714421898,0.322978357465565,0.667416932539312,0.535714285578102,0.332583067460688,0.677021642534435,120,3.41819206907017e-05,273425678
961,-0.554835564757596,0.18850620996391,0.574166666669444,0.39680871240406,0.830796680639937,0.425833333330556,0.169203319360063,0.60319128759594,113,0.00324704426050451,628979275
661,-0.783604290364866,0.180953813837343,0.456756756916773,0.320373669147931,0.651198132305921,0.543243243083227,0.348801867694079,0.679626330852069,126,1.48831648369225e-05,117747381
12,-0.358023561810076,0.190818720720543,0.69905660377355,0.480935851806249,1.01610252894243,0.30094339622645,-0.0161025289424268,0.519064148193751,110,0.0606210045228666,604088007
787,-0.849493250950639,0.182093093600065,0.427631578947369,0.299275969534194,0.611037256341177,0.572368421052631,0.388962743658823,0.700724030465806,126,3.08378358581583e-06,690989442
387,-1.2780807764779,0.199204768222329,0.278571428571917,0.188526830049545,0.411623325954216,0.721428571428083,0.588376674045784,0.811473169950455,120,1.39979924228805e-10,421165381
237,-0.684231816808417,0.18481380458368,0.504477611987505,0.351178647542648,0.724695714780636,0.495522388012495,0.275304285219364,0.648821352457352,119,0.000213673515258715,97440719
837,-0.806834138554107,0.191479773255849,0.446268656912874,0.306625667983295,0.649507640546486,0.553731343087126,0.350492359453514,0.693374332016705,113,2.51245231571067e-05,360995551
712,-0.325422400434716,0.187577144623712,0.722222222222158,0.50004016778331,1.04312607641862,0.277777777777842,-0.0431260764186194,0.49995983221669,114,0.0827634188185123,683740528
462,-0.806834138554107,0.191479773255849,0.446268656912874,0.306625667983295,0.649507640546486,0.553731343087126,0.350492359453514,0.693374332016705,113,2.51245231571066e-05,589173762
987,-0.396296740021292,0.185722944709306,0.672807017543855,0.467522864814974,0.968229186042921,0.327192982456145,0.0317708139570795,0.532477135185026,116,0.0328586617946309,168325821
936,-0.482968669262819,0.186564453740566,0.6169491525425,0.428001628119644,0.889310301213406,0.3830508474575,0.110689698786594,0.571998371880356,115,0.00963250886016395,145203516
912,-0.960042241547283,0.192235387196204,0.382876712328767,0.262680536039385,0.558071713473685,0.617123287671233,0.441928286526315,0.737319463960616,116,5.91115712197021e-07,291192038
687,-0.843027711185997,0.184178383038889,0.430405405405406,0.299988628911377,0.617519449568598,0.569594594594594,0.382480550431402,0.700011371088623,123,4.71162439838771e-06,133039879
537,-0.0253178084305625,0.194624736031695,0.974999999564884,0.665793789638257,1.42780694855689,0.0250000004351159,-0.427806948556886,0.334206210361743,110,0.896498975735402,479487341
562,-0.718464988386313,0.180020574953743,0.487500000076987,0.342563296254557,0.693758650367673,0.512499999923013,0.306241349632327,0.657436703745443,126,6.57908512799619e-05,69165384
611,-1.01338822225258,0.190375489337523,0.362987012987013,0.249944265270289,0.527155809935265,0.637012987012987,0.472844190064735,0.750055734729711,120,1.02012286323855e-07,470983807
587,-0.828465883227151,0.197182184665434,0.436718750232078,0.296729044827059,0.642752268876901,0.563281249767922,0.357247731123099,0.703270955172941,107,2.65122933992625e-05,361858224
512,-0.918078042448251,0.193756363093455,0.399285714285714,0.273122863418505,0.583726604346412,0.600714285714286,0.416273395653588,0.726877136581495,113,2.15506149585552e-06,123721871
287,-0.773069122266132,0.186817870897415,0.461594203043009,0.32006684291459,0.66570222126935,0.538405796956991,0.33429777873065,0.67993315708541,118,3.50209341008684e-05,348163634
163,-0.541130973258268,0.177741497127119,0.582089552240582,0.410861992237081,0.82467654158705,0.417910447759418,0.17532345841295,0.589138007762918,127,0.00233080572855431,605551398
812,-0.486872382743237,0.193423337300821,0.614545454545615,0.420641161127079,0.89783442659474,0.385454545454385,0.10216557340526,0.579358838872921,107,0.0118313953963572,513967958
886,-0.842762705221812,0.180540455644346,0.430519480519481,0.302215331933644,0.613294573511112,0.569480519480519,0.386705426488888,0.697784668066356,128,3.04147062120456e-06,1300197
737,-0.704478746440745,0.180563079172352,0.494366197246748,0.347018953823865,0.704278352197035,0.505633802753252,0.295721647802965,0.652981046176135,125,9.55724482042536e-05,508717839
437,-1.1513290704593,0.203202586808962,0.316216216336762,0.21233314009052,0.470923641178714,0.683783783663238,0.529076358821286,0.78766685990948,110,1.46239972653019e-08,2342711
212,-0.990398704027876,0.188982236504614,0.371428571428572,0.25645627896074,0.537944261815439,0.628571428571428,0.462055738184561,0.74354372103926,121,1.5997090937121e-07,487829316
187,-0.873988352183466,0.177697631506767,0.417283950617284,0.294560957740589,0.591137049452817,0.582716049382716,0.408862950547183,0.705439042259411,133,8.72536664137953e-07,594713662
312,-0.93287485988969,0.186807454807416,0.393421052631579,0.272801530318725,0.567372640735937,0.606578947368421,0.432627359264063,0.727198469681275,122,5.92096157633293e-07,596632159
486,-0.497474290590653,0.182675700541722,0.60806451612932,0.425065465902316,0.869848259704436,0.39193548387068,0.130151740295564,0.574934534097684,120,0.00646402395576437,963785900
63,-0.874275419789858,0.195400069313746,0.417164179104478,0.28443443235351,0.611831524362085,0.582835820895522,0.388168475637915,0.71556556764649,110,7.66677551169639e-06,815420754
112,-0.653926467351864,0.202259958738357,0.520000000028496,0.349815746392936,0.77297835451325,0.479999999971504,0.22702164548675,0.650184253607064,99,0.00122455124657785,827567501
762,-0.580314650053133,0.173256806928127,0.559722222227979,0.398562182424719,0.786047898849514,0.440277777772021,0.213952101150486,0.601437817575281,134,0.000809727792161725,649289327
638,-0.871094755530787,0.187016646001545,0.418493150684932,0.290067783762071,0.603777899423182,0.581506849315068,0.396222100576818,0.709932216237929,120,3.19534935152159e-06,649784113
262,-0.789416724144619,0.182500611703204,0.45410958920998,0.317552744435742,0.649389818308388,0.54589041079002,0.350610181691612,0.682447255564258,124,1.52147199580702e-05,25256815
87,-0.773069122266131,0.186817870897415,0.461594203043009,0.32006684291459,0.665702221269351,0.538405796956991,0.334297778730649,0.67993315708541,118,3.50209341008687e-05,590237570
338,-0.81719982874675,0.178012464018374,0.441666666880069,0.311580406573486,0.626064542306009,0.558333333119931,0.373935457693991,0.688419593426514,131,4.41785579169053e-06,227912135
37,-0.486872382743236,0.193423337300821,0.614545454545615,0.420641161127079,0.89783442659474,0.385454545454385,0.10216557340526,0.579358838872921,107,0.0118313953963573,334858227
413,-0.631453611519583,0.183493960854072,0.531818181836808,0.371169975550094,0.761997459824269,0.468181818163192,0.238002540175731,0.628830024449906,120,0.000578974740436344,458989239
862,-0.686129607804762,0.179628297391241,0.503521126809172,0.354093384966872,0.716007516398246,0.496478873190828,0.283992483601754,0.645906615033128,126,0.000133603830106349,242477829
962,-0.851996381168758,0.198581277590622,0.4265625,0.289034698734882,0.629528451783394,0.5734375,0.370471548216606,0.710965301265118,106,1.78338367608774e-05,550112876
662,-0.712634068088185,0.20198929080964,0.490350877264209,0.330045154079582,0.728518446223884,0.509649122735791,0.271481553776116,0.669954845920418,100,0.000418588048828815,455920454
788,-0.72803443938008,0.183075076172569,0.482857142944205,0.337275560724206,0.69127754169799,0.517142857055795,0.30872245830201,0.662724439275794,122,6.98785769247151e-05,899569306
13,-0.723170879412969,0.181528046234593,0.485211267687479,0.339949122519805,0.692544733005377,0.514788732312521,0.307455266994623,0.660050877480195,124,6.78228248646717e-05,293406027
388,-0.88680030336345,0.190543247753563,0.411971830985915,0.283580794653243,0.598491832754115,0.588028169014085,0.401508167245885,0.716419205346757,116,3.25457091089409e-06,645663095
238,-0.858226930919394,0.191611523258416,0.423913043478261,0.291190200449398,0.617130206145896,0.576086956521739,0.382869793854104,0.708809799550602,114,7.49955168929196e-06,781208658
713,-0.546614731613887,0.182123199096424,0.578906250002136,0.405120938613198,0.827240496229976,0.421093749997864,0.172759503770024,0.594879061386802,121,0.00268788975600958,801189003
838,-0.485842693275236,0.191637854781994,0.615178571428723,0.422550637742175,0.895619698427711,0.384821428571277,0.104380301572289,0.577449362257825,109,0.0112379118237261,16895114
463,-0.531879032961646,0.201264415571769,0.587500000001279,0.395996447450768,0.871614511249912,0.412499999998721,0.128385488750088,0.604003552549232,99,0.00822508164285373,298774752
137,-0.666097002958379,0.191147052090994,0.513709677454565,0.353193808262106,0.747175138796979,0.486290322545435,0.252824861203021,0.646806191737894,111,0.000492622927407062,647388120
362,-0.747120244073596,0.200511761486463,0.473728813668761,0.319781900957403,0.701787650358315,0.526271186331239,0.298212349641685,0.680218099042597,102,0.000194490779136574,992700878
913,-0.843628131498241,0.1921668664863,0.43014705882353,0.295150976494214,0.62688761667763,0.56985294117647,0.37311238332237,0.704849023505786,113,1.13308386111494e-05,365001673
937,-0.573883759724532,0.18946618668621,0.563333333338175,0.388589927665617,0.816656382105138,0.436666666661825,0.183343617894862,0.611410072334383,112,0.00245404636357601,35058799
563,-0.466500998694472,0.189012374809008,0.627192982456179,0.433025593233086,0.908424452017403,0.372807017543821,0.0915755479825968,0.566974406766914,112,0.0135833257945587,359706885
688,-0.576494727264596,0.191198838070746,0.561864406784859,0.386262702813021,0.817297681895317,0.438135593215141,0.182702318104683,0.613737297186979,110,0.00256845325306113,502522913
588,-0.843315191423711,0.188045480634166,0.430281690140845,0.29763792114987,0.622038791815231,0.569718309859155,0.377961208184769,0.70236207885013,118,7.30391299860848e-06,422105732
612,-0.430782916092454,0.179605302026775,0.65,0.457122971747832,0.92425895461904,0.35,0.0757410453809602,0.542877028252168,124,0.0164624768053186,766527334
538,-0.650411525247969,0.177843658001063,0.521830985942237,0.36825535212197,0.739453143913184,0.478169014057763,0.260546856086816,0.63174464787803,128,0.000254975921989339,439455207
513,-0.738267615633933,0.186295148492515,0.477941176569275,0.331741443812067,0.688571694978899,0.522058823430725,0.311428305021101,0.668258556187933,118,7.40471810609174e-05,7673900
164,-0.548565951744898,0.183657721673092,0.577777777780054,0.403116985843908,0.828114845613873,0.422222222219946,0.171885154386127,0.596883014156092,119,0.00281828401134599,411452
288,-0.599405628511355,0.19403490040608,0.549137931043759,0.37542106420185,0.803238006775471,0.450862068956241,0.196761993224529,0.62457893579815,107,0.00200720607273495,94578503
738,-0.375723138909454,0.191637854781994,0.68679245283017,0.471740405823816,0.999880161718952,0.31320754716983,0.000119838281048112,0.528259594176184,109,0.0499269446525864,544830024
813,-0.649472117006952,0.200198314376384,0.522321428597718,0.352800124150063,0.773298125757795,0.477678571402282,0.226701874242205,0.647199875849937,101,0.00117804263592927,257399253
887,-0.463043778310631,0.179628668357717,0.629365079365108,0.442590861503117,0.894958386124424,0.370634920634892,0.105041613875576,0.557409138496883,124,0.00994363394270036,443582086
438,-0.849493250950639,0.182093093600065,0.427631578947368,0.299275969534194,0.611037256341176,0.572368421052632,0.388962743658824,0.700724030465806,126,3.08378358581581e-06,582800821
213,-0.749236646973847,0.189696727656281,0.472727272839376,0.325942138978175,0.685615781950542,0.527272727160624,0.314384218049458,0.674057861021825,114,7.82638857037678e-05,148094340
188,-0.897805917200052,0.196811831310651,0.407462686567164,0.277052012877649,0.599258742862305,0.592537313432836,0.400741257137695,0.722947987122351,109,5.07295850912755e-06,164193847
988,-0.813775167879746,0.193322883721567,0.443181818389588,0.30340672181234,0.647349284082716,0.556818181610412,0.352650715917284,0.69659327818766,111,2.56039061767555e-05,443837612
64,-0.601740714218206,0.176733887039355,0.547857142866943,0.387463833416554,0.77464636207129,0.452142857133057,0.22535363792871,0.612536166583446,129,0.000662164023471469,314511869
763,-0.794748292901618,0.203320919833384,0.451694915431414,0.30323415805138,0.67284074438613,0.548305084568586,0.32715925561387,0.69676584194862,100,9.27415875538553e-05,873452333
639,-0.529222988903741,0.181290869351828,0.589062500001158,0.412901355359197,0.840381423804608,0.410937499998842,0.159618576195392,0.587098644640803,122,0.00350939171483617,496250208
263,-0.739518397532226,0.192097880632491,0.477343750100167,0.327579886608046,0.69557706402263,0.522656249899834,0.30442293597737,0.672420113391954,111,0.000118264629095756,889054333
339,-0.412090783080303,0.193355742213207,0.662264150943396,0.453363487756585,0.96742198582225,0.337735849056604,0.0325780141777502,0.546636512243415,107,0.0330679737549377,798698114
88,-0.254892249628871,0.18804202054018,0.774999999999937,0.536092886365217,1.12037487397422,0.225000000000063,-0.120374873974216,0.463907113634783,114,0.175256123069157,302772752
38,-0.8661009873503,0.193476497487974,0.420588235294118,0.287852249147397,0.614532157354239,0.579411764705882,0.385467842645761,0.712147750852603,112,7.58703407034996e-06,98935486
313,-0.998766953698393,0.214658872103039,0.368333333333333,0.241837174485781,0.56099499480557,0.631666666666667,0.43900500519443,0.758162825514219,94,3.27441884969093e-06,740782492
789,-0.739518397532226,0.192097880632491,0.477343750100167,0.327579886608046,0.69557706402263,0.522656249899833,0.30442293597737,0.672420113391954,111,0.000118264629095756,310263764
963,-0.577386390274844,0.180818624042479,0.561363636368961,0.393850303934404,0.800124131146712,0.438636363631039,0.199875868853288,0.606149696065596,123,0.0014071526623767,379022494
414,-0.876093932747818,0.200038106125905,0.41640625,0.281348429174626,0.616296901133368,0.58359375,0.383703098866632,0.718651570825374,105,1.18878143318518e-05,293542671
863,-0.663714473707161,0.171407279920487,0.514935064968879,0.368002124018931,0.720534213875524,0.485064935031121,0.279465786124476,0.631997875981069,138,0.000107880106136726,684009024
389,-0.355275363584363,0.194395630915597,0.700980392156825,0.478890265356263,1.02606702565313,0.299019607843175,-0.026067025653125,0.521109734643737,106,0.0676112216977277,335243137
663,-0.481213769719163,0.183397987811468,0.618032786885359,0.431422573319606,0.885360547377564,0.381967213114641,0.114639452622436,0.568577426680394,119,0.00869351633097546,514510656
14,-0.596297354554392,0.19222162350351,0.550847457635732,0.377930556323021,0.802880096639769,0.449152542364268,0.197119903360231,0.622069443676979,109,0.00192130559305342,755105109
239,-0.723452529885936,0.186883314218977,0.485074626947813,0.336304898302108,0.699654970523769,0.514925373052187,0.300345029476231,0.663695101697892,117,0.000108325037469182,855937651
487,-0.590413061670879,0.18874377301962,0.554098360663195,0.382761170855268,0.80213202557512,0.445901639336805,0.19786797442488,0.617238829144732,113,0.0017592868529363,256819534
113,-0.316838656743331,0.18062667215824,0.728448275862,0.511268478342637,1.03788305574103,0.271551724138,-0.0378830557410259,0.488731521657363,123,0.079412035297107,898404677
714,-0.606673582535978,0.188042020540015,0.54516129033356,0.377105922154352,0.788109692842496,0.45483870966644,0.211890307157504,0.622894077845648,114,0.00125416726615731,826581269
839,-0.502241880073995,0.18910287631039,0.605172413793469,0.417748080230669,0.876685418193638,0.394827586206531,0.123314581806362,0.582251919769331,112,0.00790926616937565,297619299
464,-0.479573080261722,0.180387589760722,0.619047619047721,0.43468821176383,0.88159730187682,0.380952380952279,0.11840269812318,0.56531178823617,123,0.00784729879635809,674634725
914,-0.918078042448251,0.193756363093455,0.399285714285714,0.273122863418505,0.583726604346412,0.600714285714286,0.416273395653588,0.726877136581495,113,2.15506149585554e-06,427887594
938,-0.787457859666629,0.186262925856941,0.455000000165874,0.315837800730271,0.65547885551466,0.544999999834126,0.34452114448534,0.684162199269729,119,2.36125585868182e-05,132534257
564,-0.962999729839762,0.207123255333733,0.381746031746032,0.25437293248165,0.572899134086741,0.618253968253968,0.427100865913259,0.74562706751835,100,3.32895287311241e-06,834195896
138,-0.829130555897454,0.188579717962086,0.436428571661755,0.301573952394452,0.631586039345962,0.563571428338244,0.368413960654038,0.698426047605547,117,1.09903424864062e-05,610345637
689,-0.729275904465093,0.194597437526342,0.482258064604555,0.329334978819128,0.706189308254016,0.517741935395445,0.293810691745984,0.670665021180872,108,0.000178525351717549,972237512
589,-0.739518397532226,0.192097880632491,0.477343750100167,0.327579886608046,0.69557706402263,0.522656249899833,0.30442293597737,0.672420113391954,111,0.000118264629095756,852115408
613,-0.983572738957477,0.1936702195654,0.373972602739726,0.255851164004353,0.546628381169083,0.626027397260274,0.453371618830917,0.744148835995647,115,3.80234944431505e-07,424457150
539,-0.814741818506803,0.189127865119505,0.442753623397763,0.305616074700315,0.641428207675511,0.557246376602237,0.358571792324489,0.694383925299685,116,1.6482018073142e-05,978485320
289,-0.469249196920173,0.196152409277982,0.625471698113256,0.425836054837161,0.918698265909587,0.374528301886744,0.0813017340904131,0.574163945162839,104,0.0167445953898891,853669617
514,-0.718464988386313,0.197202659434429,0.487500000076987,0.331219129981422,0.717519697876124,0.512499999923013,0.282480302123876,0.668780870018578,105,0.00026918317241302,768092743
814,-0.861565832184909,0.205688337801861,0.4225,0.282321844486903,0.632279270930738,0.5775,0.367720729069262,0.717678155513097,99,2.80562449977182e-05,493112753
165,-1.03691871966277,0.191824234122117,0.354545454545455,0.243439382512624,0.516360492051135,0.645454545454545,0.483639507948865,0.756560617487376,119,6.46037518646967e-08,718702025
739,-0.677642993940169,0.188745860880797,0.50781250004256,0.350786296260959,0.735130014906958,0.49218749995744,0.264869985093042,0.649213703739041,114,0.00033037326344261,193356229
888,-0.636226890268593,0.178408446926459,0.529285714306182,0.373102901972955,0.750847462957852,0.470714285693818,0.249152537042148,0.626897098027045,127,0.00036229809176479,898474603
439,-0.980829253011726,0.18719704870199,0.375,0.259829735361008,0.541219809982931,0.625,0.458780190017069,0.740170264638992,123,1.60964173700806e-07,844817181
363,-0.568933254565822,0.186138525771978,0.566129032262282,0.39307373603459,0.815373940786582,0.433870967737718,0.184626059213418,0.60692626396541,116,0.00223934067324544,620535546
214,-0.764274524291995,0.189099726245139,0.465671641923079,0.32145324382476,0.674592906611176,0.534328358076921,0.325407093388824,0.67854675617524,115,5.30768726210098e-05,213023048
189,-0.599405628511355,0.19403490040608,0.549137931043759,0.37542106420185,0.803238006775471,0.450862068956241,0.196761993224529,0.62457893579815,107,0.00200720607273493,826163305
989,-0.97158937207038,0.185465248181118,0.378481012658228,0.263133287425082,0.544392837350853,0.621518987341772,0.455607162649147,0.736866712574918,125,1.61746734920669e-07,220210418
65,-0.564314308710482,0.195615199108946,0.568750000003694,0.38762649149428,0.834505818364519,0.431249999996306,0.165494181635481,0.61237350850572,105,0.00391639611729679,618536314
764,-0.800143019145147,0.189690479716052,0.449264706068059,0.309768657075129,0.651579078478128,0.550735293931941,0.348420921521872,0.690231342924871,115,2.46314240904776e-05,566383785
340,-0.674979876524411,0.194790303688295,0.509166666707443,0.347579502388999,0.745874519941696,0.490833333292557,0.254125480058304,0.652420497611001,107,0.000529912995189639,273554392
264,-0.374693449441439,0.193423337300821,0.68749999999998,0.470576742754824,1.00441906081668,0.31250000000002,-0.00441906081668009,0.529423257245176,107,0.0527248421374048,333552412
640,-0.461554574759168,0.175432366316809,0.630303030303055,0.446911051339034,0.888950740463631,0.369696969696945,0.111049259536369,0.553088948660966,130,0.00851454328900539,754161108
89,-0.678191089321702,0.17675545192662,0.507534246618277,0.358930892448093,0.717661858898461,0.492465753381723,0.282338141101539,0.641069107551907,130,0.000124602641633301,848389257
964,-0.658566846903399,0.204387701371007,0.517592592623528,0.346747170293571,0.772615077758034,0.482407407376472,0.227384922241966,0.65325282970643,97,0.00127234647085507,724785033
790,-0.923259401190249,0.191353499095683,0.397222222222222,0.272994025750753,0.577981490229463,0.602777777777778,0.422018509770537,0.727005974249247,116,1.40081230117808e-06,913517141
39,-0.864821396644674,0.189271332950968,0.42112676056338,0.290606141986426,0.610268410882005,0.57887323943662,0.389731589117995,0.709393858013574,117,4.89554589922258e-06,440828522
415,-0.283458201335695,0.17196408348839,0.753174603174529,0.537674666086569,1.05504688736027,0.246825396825471,-0.0550468873602732,0.462325333913431,136,0.0992794336884537,500518356
314,-0.53614343174773,0.1875771446237,0.585000000001492,0.40503253590556,0.844932121901292,0.414999999998508,0.155067878098708,0.59496746409444,114,0.00425977056835076,845169189
664,-0.542008551199531,0.192747769860954,0.581578947370252,0.398603839722738,0.848546948919407,0.418421052629748,0.151453051080593,0.601396160277262,108,0.00492330561533372,837571807
390,-0.695475470207422,0.16364419368821,0.498837209358253,0.361963393167863,0.687468860490344,0.501162790641747,0.312531139509656,0.638036606832137,152,2.13842569546819e-05,927767611
240,-0.355275363584363,0.194395630915597,0.700980392156825,0.478890265356263,1.02606702565312,0.299019607843175,-0.0260670256531248,0.521109734643737,106,0.0676112216977276,814145837
488,-0.764274524291995,0.189099726245139,0.465671641923079,0.32145324382476,0.674592906611176,0.534328358076921,0.325407093388824,0.67854675617524,115,5.30768726210094e-05,796405582
114,-0.73715712135286,0.180988434481813,0.478472222319605,0.335582337780938,0.682204162010773,0.521527777680395,0.317795837989227,0.664417662219062,125,4.64210874994804e-05,677400751
715,-0.633307180167522,0.192548253515415,0.530833333352659,0.363965999984585,0.774204260316154,0.469166666647341,0.225795739683846,0.636034000015415,109,0.00100514391060429,124438092
915,-0.882768039835511,0.19738550848793,0.413636363636364,0.280933714891131,0.609022813045483,0.586363636363636,0.390977186954517,0.719066285108869,108,7.73812401158981e-06,738249791
139,-0.635577328700309,0.203090598614585,0.529629629649839,0.355714232711125,0.788575544096447,0.470370370350161,0.211424455903553,0.644285767288875,98,0.00175088518435511,312005350
939,-0.701657870104492,0.197917595892696,0.495762711925565,0.336361356897985,0.730704230719147,0.504237288074435,0.269295769280853,0.663638643102015,104,0.000392312211450738,917289600
690,-0.857301433398451,0.187524624072599,0.424305555555556,0.293803840710092,0.612773488733787,0.575694444444444,0.387226511266213,0.706196159289908,119,4.8384345909935e-06,841516766
614,-0.529873818734669,0.199251744939991,0.588679245284206,0.398359640378635,0.869925611688468,0.411320754715794,0.130074388311532,0.601640359621365,101,0.00782989429154259,951961064
590,-0.53614343174773,0.1875771446237,0.585000000001492,0.40503253590556,0.844932121901292,0.414999999998508,0.155067878098708,0.59496746409444,114,0.00425977056835077,541802130
166,-0.569619360939068,0.199487128063889,0.565740740745041,0.382660560674478,0.836413831555061,0.434259259254959,0.163586168444939,0.617339439325522,101,0.00429800675918041,488497962
815,-0.649836482104452,0.191837446521928,0.522131147567449,0.358498440804042,0.760452220234669,0.477868852432551,0.239547779765331,0.641501559195958,110,0.000705499663576689,579375084
290,-0.767255152420347,0.207019667797646,0.464285714421899,0.309435303145534,0.696627768147287,0.535714285578101,0.303372231852713,0.690564696854466,96,0.000210396754721607,919062541
515,-0.707036292586835,0.199921614731583,0.493103448341828,0.333245622034026,0.729645026639766,0.506896551658172,0.270354973360234,0.666754377965974,102,0.000405362842605821,459581182
864,-1.02990114700412,0.199312650585153,0.357042253521127,0.241581892542902,0.52768512348998,0.642957746478873,0.47231487651002,0.758418107457098,110,2.37545221322216e-07,743603300
889,-0.616500061862259,0.193280407200501,0.539830508488227,0.369604154446408,0.788456986721758,0.460169491511773,0.211543013278242,0.630395845553592,108,0.00142437006593362,21209391
740,-0.907706988182764,0.173241944667225,0.403448275862069,0.287292344319694,0.566567520904587,0.596551724137931,0.433432479095413,0.712707655680306,141,1.60982944322849e-07,749702584
440,-0.514164525030449,0.204301567382095,0.598000000000632,0.400681577141343,0.892489249323806,0.401999999999368,0.107510750676194,0.599318422858657,96,0.0118461669761425,658499978
15,-0.566584457244564,0.184539518951411,0.567460317464262,0.395234796913749,0.814733961713682,0.432539682535738,0.185266038286318,0.604765203086251,118,0.00213871901489413,152313935
364,-0.649836482104452,0.191837446521928,0.522131147567449,0.358498440804042,0.760452220234669,0.477868852432551,0.239547779765331,0.641501559195958,110,0.000705499663576689,822469543
840,-1.02861991684807,0.187689298382387,0.3575,0.247465479873107,0.516460922410412,0.6425,0.483539077589588,0.752534520126893,124,4.2426965731576e-08,590428411
990,-0.702716631450731,0.19158901118208,0.495238095300181,0.340199117460811,0.720933002022862,0.504761904699819,0.279066997977138,0.659800882539189,111,0.000244614193021255,821947454
465,-0.682097344283034,0.205737799948295,0.50555555560122,0.337788262386361,0.7566468354869,0.49444444439878,0.2433531645131,0.662211737613639,96,0.000915212390513779,505318687
565,-0.844758713868527,0.206373879605435,0.429661016949153,0.286721451939589,0.643860402620577,0.570338983050847,0.356139597379423,0.713278548060411,98,4.25201229043929e-05,151895131
66,-0.739518397532226,0.192097880632491,0.477343750100167,0.327579886608046,0.69557706402263,0.522656249899833,0.30442293597737,0.672420113391954,111,0.000118264629095756,100669637
765,-0.895088524223552,0.192387595787741,0.408571428571428,0.280225320587448,0.595701387351271,0.591428571428572,0.404298612648729,0.719774679412552,114,3.27891455189293e-06,570848937
540,-0.872615668371493,0.213623314820552,0.417857142857143,0.274910504716092,0.635132484359061,0.582142857142857,0.364867515640939,0.725089495283908,92,4.41084372268666e-05,823140612
265,-0.595085967368564,0.18168285006741,0.551515151523516,0.386285784112781,0.787419508741748,0.448484848476484,0.212580491258252,0.613714215887219,122,0.00105508431569191,81305717
341,-0.843315191423711,0.188045480634166,0.430281690140845,0.29763792114987,0.622038791815231,0.569718309859155,0.377961208184769,0.70236207885013,118,7.30391299860848e-06,852163004
965,-0.764556095460052,0.179948431613872,0.465540540672964,0.327178776453263,0.662414589844384,0.534459459327036,0.337585410155616,0.672821223546737,127,2.14965607081792e-05,472100068
791,-0.487135852643321,0.1679028997968,0.614383561643998,0.442099862509155,0.85380519839123,0.385616438356002,0.14619480160877,0.557900137490845,142,0.00371623782512604,678455141
215,-0.638422280830255,0.186696998451029,0.528125000021359,0.366285690909686,0.761471230161519,0.471874999978641,0.238528769838481,0.633714309090314,116,0.00062721642992927,944795419
416,-0.604446410124197,0.178140767185618,0.546376811604637,0.385352839566672,0.774686442157641,0.453623188395363,0.225313557842359,0.614647160433328,127,0.000691106922412588,985180604
40,-0.836248024200618,0.204124145231932,0.433333333333334,0.290449952747672,0.64650648416841,0.566666666666666,0.35349351583159,0.709550047252328,100,4.18969407319487e-05,561798432
241,-0.684231816808417,0.18481380458368,0.504477611987506,0.351178647542648,0.724695714780636,0.495522388012494,0.275304285219364,0.648821352457352,119,0.000213673515258718,729443088
665,-0.836248024200618,0.186338998124983,0.433333333333333,0.300753060052529,0.624358660706498,0.566666666666667,0.375641339293502,0.699246939947471,120,7.19699245042524e-06,751349834
391,-0.812717526326012,0.19781008524106,0.443650793856831,0.301068288106965,0.653758747317375,0.556349206143169,0.346241252682625,0.698931711893035,106,3.98108311698409e-05,886045684
190,-1.09726184886207,0.199572801198289,0.333783784020157,0.225729623636657,0.493562221386357,0.666216215979843,0.506437778613642,0.774270376363343,112,3.84007411217431e-08,667691500
489,-1.02990114700412,0.199312650585153,0.357042253521127,0.241581892542902,0.52768512348998,0.642957746478873,0.47231487651002,0.758418107457098,110,2.37545221322216e-07,946060924
115,-0.997178391013256,0.193191711320743,0.368918918918919,0.25263053657622,0.538736015767601,0.631081081081081,0.461263984232399,0.74736946342378,116,2.44847671180096e-07,857857495
716,-0.613104472863004,0.174801474694839,0.541666666679344,0.38453938340159,0.76299799306928,0.458333333320656,0.23700200693072,0.61546061659841,132,0.000452452156386472,755986985
916,-0.589847610708879,0.178737969282557,0.554411764713235,0.390562374285887,0.786999529625582,0.445588235286765,0.213000470374418,0.609437625714113,126,0.000966610998977574,442858145
940,-0.941608539858445,0.167541563316678,0.39,0.280836123581117,0.541596992795933,0.61,0.458403007204067,0.719163876418883,152,1.90792904014243e-08,552798144
140,-0.697845701225163,0.189824032368796,0.497656250057896,0.343044889202694,0.721951415155325,0.502343749942104,0.278048584844675,0.656955110797306,113,0.000236662657605414,166121238
641,-0.88098391804201,0.179186615396504,0.414375,0.291655131641974,0.588731765692987,0.585625,0.411268234307013,0.708344868358026,131,8.80727595768085e-07,33048411
591,-0.554835564757596,0.18850620996391,0.574166666669444,0.39680871240406,0.830796680639937,0.425833333330556,0.169203319360063,0.60319128759594,113,0.00324704426050452,210877470
691,-0.747120244073596,0.200511761486463,0.473728813668761,0.319781900957403,0.701787650358315,0.526271186331239,0.298212349641685,0.680218099042597,102,0.000194490779136574,881166529
615,-0.514866033301906,0.183501749057565,0.597580645161942,0.417060971787152,0.856236022138293,0.402419354838058,0.143763977861707,0.582939028212848,119,0.00501945291645349,985640779
90,-0.686716290132189,0.192255989740084,0.50322580650066,0.345234595584851,0.733519223064074,0.49677419349934,0.266480776935926,0.654765404415149,110,0.000354421016183278,585984631
816,-0.557076641411552,0.190210204177195,0.572881355935179,0.394600352892026,0.831709970791467,0.427118644064821,0.168290029208533,0.605399647107974,111,0.00340336627061893,926078908
315,-0.72803443938008,0.183075076172569,0.482857142944205,0.337275560724206,0.69127754169799,0.517142857055795,0.30872245830201,0.662724439275794,122,6.9878576924715e-05,709860608
865,-0.844758713868527,0.206373879605435,0.429661016949153,0.286721451939589,0.643860402620577,0.570338983050847,0.356139597379423,0.713278548060411,98,4.25201229043926e-05,734319612
291,-0.795426029285492,0.1840893502799,0.45138888906713,0.314668830238174,0.647512271930578,0.54861111093287,0.352487728069422,0.685331169761826,122,1.55415685576974e-05,53656384
741,-0.389110219691899,0.20416845743157,0.677659574468076,0.454174840866397,1.0111139093311,0.322340425531924,-0.0111139093311035,0.545825159133603,96,0.0566723616513318,780338550
890,-1.02384663809542,0.192269130508166,0.359210526315789,0.24642755844701,0.523611088910791,0.640789473684211,0.476388911089209,0.75357244155299,118,1.00913998616163e-07,551611460
441,-0.851996381168757,0.198581277590622,0.4265625,0.289034698734882,0.629528451783394,0.5734375,0.370471548216606,0.710965301265118,106,1.78338367608776e-05,43143880
16,-0.779089610026633,0.188518475710546,0.458823529565029,0.317087019649751,0.663915639041442,0.541176470434971,0.336084360958558,0.682912980350249,116,3.58532306154859e-05,411199902
841,-0.519336313432579,0.18832862517655,0.594915254238074,0.411291267251502,0.860519509909092,0.405084745761926,0.139480490090908,0.588708732748498,113,0.00582261741698977,686026888
466,-1.00330210886378,0.18854120384623,0.366666666666667,0.253387313362822,0.530588697043152,0.633333333333333,0.469411302956848,0.746612686637178,122,1.02974871923472e-07,354514182
365,-0.589847610708879,0.178737969282557,0.554411764713235,0.390562374285887,0.786999529625582,0.445588235286765,0.213000470374418,0.609437625714113,126,0.000966610998977568,415498541
566,-0.618835147568745,0.177558704647168,0.538571428585781,0.38028138485775,0.762748836095224,0.461428571414219,0.237251163904776,0.61971861514225,128,0.000491691174447546,273082986
67,-0.857301433398451,0.187524624072599,0.424305555555556,0.293803840710092,0.612773488733787,0.575694444444444,0.387226511266213,0.706196159289908,119,4.8384345909935e-06,76412206
167,-0.487941329932124,0.195259728709668,0.61388888888906,0.418682096822232,0.900109106077816,0.38611111111094,0.0998908939221836,0.581317903177768,105,0.0124567229135186,676827177
541,-0.764556095460051,0.179948431613872,0.465540540672964,0.327178776453263,0.662414589844384,0.534459459327036,0.337585410155616,0.672821223546737,127,2.14965607081793e-05,826443641
766,-0.850636761652719,0.189802119905171,0.427142857142857,0.294451174485466,0.619630812228833,0.572857142857143,0.380369187771167,0.705548825514534,116,7.40496919070775e-06,775390157
516,-0.702716631450731,0.19158901118208,0.495238095300181,0.340199117460811,0.720933002022862,0.504761904699819,0.279066997977138,0.659800882539189,111,0.000244614193021255,6341301
342,-0.921903468779112,0.198281660868491,0.397761194029851,0.269677525745945,0.586678356078887,0.602238805970149,0.413321643921113,0.730322474254055,108,3.32798561653803e-06,472566323
266,-0.88680030336345,0.190543247753563,0.411971830985916,0.283580794653243,0.598491832754115,0.588028169014084,0.401508167245885,0.716419205346757,116,3.25457091089414e-06,406912579
966,-0.882768039835512,0.19738550848793,0.413636363636364,0.280933714891131,0.609022813045483,0.586363636363636,0.390977186954517,0.719066285108869,108,7.73812401158971e-06,85220652
792,-0.616186139398708,0.184128036711022,0.540000000013559,0.37641219983908,0.774682648807093,0.459999999986441,0.225317351192907,0.62358780016092,119,0.000818360110859615,748994504
991,-0.198981302035162,0.1974348240436,0.819565217391278,0.556578840382536,1.20681401595498,0.180434782608722,-0.206814015954979,0.443421159617464,104,0.313534711160308,551182763
216,-0.484850137362499,0.189900969369935,0.615789473684353,0.42441259395362,0.893462355506563,0.384210526315647,0.106537644493437,0.575587406046379,111,0.0106746283774042,505659568
417,-0.624938930502934,0.180452279592107,0.535294117663374,0.375829799329658,0.762419033605349,0.464705882336626,0.237580966394651,0.624170200670342,124,0.000533828896876117,391977203
242,-0.512128555545442,0.180483108745311,0.599218750000578,0.420685839426508,0.853518413744902,0.400781249999422,0.146481586255098,0.579314160573492,123,0.00454622434612864,468173097
116,-0.737157121352859,0.180988434481813,0.478472222319605,0.335582337780939,0.682204162010773,0.521527777680395,0.317795837989227,0.664417662219061,125,4.64210874994805e-05,247042170
392,-1.08470938272097,0.197419246692874,0.338000000263013,0.229547799129424,0.497691551001903,0.661999999736987,0.502308448998097,0.770452200870576,114,3.91938913686117e-08,374397612
490,-0.596297354554392,0.19222162350351,0.550847457635731,0.377930556323021,0.802880096639769,0.449152542364269,0.197119903360231,0.622069443676979,109,0.00192130559305341,5518024
717,-0.599405628511355,0.19403490040608,0.549137931043759,0.37542106420185,0.803238006775471,0.450862068956241,0.196761993224529,0.62457893579815,107,0.00200720607273495,172058406
917,-0.363341635296965,0.212120117830136,0.695348837209272,0.458823613706944,1.05380366433605,0.304651162790728,-0.0538036643360524,0.541176386293056,89,0.0867299967132622,949030827
642,-0.779089610026633,0.188518475710546,0.458823529565029,0.317087019649751,0.663915639041442,0.541176470434971,0.336084360958558,0.682912980350249,116,3.58532306154859e-05,8870503
941,-0.609831147519744,0.189740047855312,0.54344262296261,0.374668063971951,0.788244082833254,0.45655737703739,0.211755917166746,0.625331936028049,112,0.00130883735562058,106010156
592,-1.00614706099602,0.186338998124983,0.365625,0.253760394419321,0.526802619971108,0.634375,0.473197380028892,0.746239605580679,125,6.68076159852276e-08,815016472
692,-1.03691871966277,0.191824234122117,0.354545454545455,0.243439382512624,0.516360492051135,0.645454545454545,0.483639507948865,0.756560617487376,119,6.46037518646967e-08,173448302
91,-0.912621002985192,0.196253423314002,0.401470588235294,0.273276645196671,0.589800248396626,0.598529411764706,0.410199751603374,0.726723354803329,110,3.31585977111098e-06,448843669
817,-0.637119349050899,0.19437717426579,0.528813559342861,0.361283752993361,0.774028110115442,0.471186440657139,0.225971889884558,0.638716247006639,107,0.00104638852545845,951296579
616,-0.610123844726427,0.181059426684741,0.54328358210142,0.380985561808213,0.774719779878511,0.45671641789858,0.225280220121489,0.619014438191787,123,0.000752381553342047,531402743
866,-0.771108721723403,0.215076256837914,0.462500000141642,0.303416011754423,0.704993282635819,0.537499999858358,0.295006717364181,0.696583988245577,89,0.000336716032090699,497185774
316,-0.53614343174773,0.205480466765619,0.585000000001492,0.391066465037488,0.875106997397334,0.414999999998508,0.124893002602666,0.608933534962512,95,0.00907492810424268,563446914
666,-0.449132054760641,0.19157331938539,0.638181818181825,0.438406436720899,0.928991910119107,0.361818181818175,0.0710080898808928,0.561593563279101,109,0.0190557024253255,303558061
891,-0.937344141071987,0.184654023961553,0.391666666666667,0.272733710937783,0.562463573902578,0.608333333333333,0.437536426097422,0.727266289062217,125,3.85020860717594e-07,418378083
191,-0.836248024200618,0.19034674690672,0.433333333333333,0.298399885993431,0.629282337533841,0.566666666666667,0.370717662466159,0.701600114006569,115,1.11649210115978e-05,367417156
442,-1.10039959855226,0.187511535246285,0.332738095467667,0.230405275261837,0.480521290363825,0.667261904532333,0.519478709636175,0.769594724738163,127,4.39922959208817e-09,660993535
41,-0.946248919414947,0.192729610704679,0.388194444444445,0.26607101952236,0.566371065018852,0.611805555555555,0.433628934981148,0.73392898047764,115,9.12053316661161e-07,197894517
842,-0.650145744515768,0.184443594845762,0.521969696996312,0.363619041898361,0.74927969437469,0.478030303003688,0.25072030562531,0.636380958101639,119,0.000423638200373238,896083533
366,-0.90078654533819,0.201556443707464,0.40625,0.273670646449598,0.603057231899349,0.59375,0.396942768100651,0.726329353550402,104,7.85300172466534e-06,349595580
567,-0.483892741406186,0.188210513766269,0.616379310344961,0.426228978074943,0.891359981991955,0.383620689655039,0.108640018008045,0.573771021925057,113,0.0101399865551752,421832333
467,-0.780456664233275,0.199121210758958,0.458196721466771,0.310141366066522,0.676930775876787,0.541803278533229,0.323069224123213,0.689858633933478,104,8.87308670014673e-05,867771600
141,-0.703649902631945,0.185831149894166,0.494776119465896,0.343739126112085,0.712177898287627,0.505223880534104,0.287822101712373,0.656260873887915,118,0.000152783257518772,405761807
168,-0.924440736236079,0.185104318511735,0.396753246753247,0.276031984557348,0.570271372941344,0.603246753246753,0.429728627058656,0.723968015442652,124,5.90921411079258e-07,860825819
68,-0.478035800942852,0.177520837207016,0.620000000000092,0.43781000188263,0.878006437375008,0.379999999999908,0.121993562624992,0.562189998117369,127,0.00708455529432352,790205717
767,-0.737157121352859,0.180988434481813,0.478472222319605,0.335582337780939,0.682204162010773,0.521527777680395,0.317795837989227,0.664417662219061,125,4.64210874994804e-05,972134950
542,-1.10094057774092,0.185351503086417,0.332558139763278,0.231257643937587,0.478232478891207,0.667441860236722,0.521767521108794,0.768742356062413,130,2.85466567260163e-09,916463453
292,-0.747452525185517,0.184102029922906,0.473571428681283,0.330124351321424,0.679349757645939,0.526428571318717,0.320650242354061,0.669875648678576,121,4.90746752963491e-05,715756518
343,-0.497474290590653,0.182675700541722,0.60806451612932,0.425065465902316,0.869848259704436,0.39193548387068,0.130151740295564,0.574934534097684,120,0.00646402395576438,722276597
517,-0.793688409393661,0.187952352882481,0.452173913218995,0.312838482540675,0.653568084512094,0.547826086781005,0.346431915487906,0.687161517459325,117,2.41267605525172e-05,35493921
742,-0.737157121352859,0.180988434481813,0.478472222319605,0.335582337780939,0.682204162010773,0.521527777680395,0.317795837989227,0.664417662219061,125,4.64210874994805e-05,48289370
967,-0.592424267634696,0.180192210662431,0.552985074634704,0.388448565362791,0.787214885149992,0.447014925365296,0.212785114850008,0.611551434637209,124,0.00100996798503737,239927499
992,-0.321583624127554,0.19097682723596,0.724999999999934,0.4986298074487,1.05413874611574,0.275000000000066,-0.0541387461157377,0.5013701925513,110,0.092203278978045,417826916
217,-0.702716631450731,0.19158901118208,0.495238095300181,0.340199117460811,0.720933002022862,0.504761904699819,0.279066997977138,0.659800882539189,111,0.000244614193021257,954601413
17,-0.980829253011726,0.18719704870199,0.375,0.259829735361008,0.541219809982931,0.625,0.458780190017069,0.740170264638992,123,1.60964173700805e-07,18082848
793,-0.941608539858444,0.188561808316413,0.39,0.26950107682032,0.564376223629738,0.61,0.435623776370262,0.73049892317968,120,5.92538309936875e-07,989164469
393,-0.546295803210649,0.196443328843502,0.579090909093023,0.394034167954679,0.851058888458511,0.420909090906977,0.148941111541489,0.605965832045321,104,0.00542028651609442,193393799
243,-0.823344618855402,0.179493125814339,0.438961039184606,0.308774302704714,0.624037661923889,0.561038960815394,0.375962338076111,0.691225697295286,129,4.4954493729675e-06,178216204
718,-0.68671629013219,0.192255989740084,0.50322580650066,0.345234595584851,0.733519223064074,0.49677419349934,0.266480776935926,0.654765404415149,110,0.000354421016183277,928506533
643,-0.661894636992307,0.189401731440749,0.515873015905791,0.35589653968664,0.747759359430846,0.484126984094209,0.252240640569154,0.64410346031336,113,0.00047466617440786,263956989
818,-0.555946059041449,0.204523997025933,0.57352941176758,0.384117905793421,0.856341194204491,0.42647058823242,0.143658805795509,0.615882094206579,96,0.00656294869567924,408654715
92,-0.972380198525199,0.222332674570829,0.378181818181818,0.244596776794605,0.584723517118973,0.621818181818182,0.415276482881027,0.755403223205395,87,1.22249463407562e-05,31975778
942,-0.769998638356923,0.181464595351496,0.463013698770196,0.324437388289602,0.660779839151877,0.536986301229804,0.339220160848123,0.675562611710398,125,2.2031121812813e-05,522571340
267,-0.813775167879745,0.193322883721567,0.443181818389589,0.30340672181234,0.647349284082716,0.556818181610411,0.352650715917284,0.69659327818766,111,2.56039061767559e-05,535627897
593,-0.90078654533819,0.201556443707464,0.40625,0.273670646449598,0.603057231899349,0.59375,0.396942768100651,0.726329353550402,104,7.85300172466534e-06,621000546
867,-0.806834138554107,0.191479773255849,0.446268656912874,0.306625667983295,0.649507640546486,0.553731343087126,0.350492359453514,0.693374332016705,113,2.51245231571067e-05,228290589
667,-0.882768039835511,0.182743471161952,0.413636363636364,0.289112711496785,0.591793561882929,0.586363636363636,0.408206438117071,0.710887288503215,126,1.36094437960906e-06,681047464
418,-0.430782916092454,0.182574185835055,0.65,0.454470740472169,0.929652807925648,0.35,0.0703471920743522,0.545529259527831,120,0.018299817346038,603627217
317,-0.8754687373539,0.181164325463135,0.416666666666667,0.292133528882719,0.594286837854924,0.583333333333333,0.405713162145076,0.707866471117281,128,1.34858528002773e-06,759244110
443,-0.843027711185997,0.184178383038889,0.430405405405406,0.299988628911377,0.617519449568597,0.569594594594594,0.382480550431403,0.700011371088624,123,4.71162439838768e-06,790025913
192,-0.767255152420347,0.185164019949984,0.464285714421898,0.322978357465565,0.667416932539312,0.535714285578102,0.332583067460688,0.677021642534435,120,3.41819206907016e-05,677236374
117,-0.671944972833352,0.201455741005427,0.510714285753095,0.344111010170377,0.757979471633738,0.489285714246905,0.242020528366262,0.655888989829623,100,0.000851623464286667,271472148
42,-0.931558204004944,0.200378429855898,0.393939393939394,0.2659910254176,0.583434143515536,0.606060606060606,0.416565856484464,0.7340089745824,106,3.33557221616835e-06,561221201
367,-0.72803443938008,0.183075076172569,0.482857142944205,0.337275560724206,0.691277541697991,0.517142857055795,0.308722458302009,0.662724439275794,122,6.98785769247156e-05,47035927
491,-0.82881304518018,0.192737114621605,0.43656716441176,0.299221598399615,0.636955654477816,0.56343283558824,0.363044345522184,0.700778401600385,112,1.7062443951362e-05,890120859
918,-0.828465883227151,0.197182184665434,0.436718750232078,0.296729044827059,0.642752268876901,0.563281249767922,0.357247731123099,0.703270955172941,107,2.65122933992624e-05,693044915
169,-0.754183070894466,0.177030259891904,0.470394736960573,0.332486505571772,0.665504328302559,0.529605263039427,0.334495671697441,0.667513494428228,131,2.04250471266467e-05,709401450
568,-0.623686582187286,0.197029072458084,0.535964912296599,0.364271260361029,0.788583724470603,0.464035087703401,0.211416275529397,0.635728739638971,104,0.00154840827722773,2652702
142,-0.606673582535978,0.188042020540015,0.545161290333561,0.377105922154352,0.788109692842496,0.454838709666439,0.211890307157504,0.622894077845648,114,0.00125416726615731,397463931
693,-0.50956379394471,0.177609002515258,0.600757575758092,0.424148757464445,0.850903506091241,0.399242424241908,0.149096493908759,0.575851242535555,127,0.00411745662787986,685269787
69,-0.775623402062376,0.183021124530212,0.460416666814832,0.321634904217622,0.659081164081151,0.539583333185168,0.340918835918849,0.678365095782378,123,2.25630213687479e-05,136933809
543,-0.513474631936543,0.181973611228,0.598412698413312,0.418894426551227,0.854863982246154,0.401587301586688,0.145136017753846,0.581105573448773,121,0.00477700919692278,180349251
768,-0.575364144894599,0.20360007724204,0.562500000005042,0.37741384423286,0.838353586760461,0.437499999994958,0.161646413239539,0.62258615576714,97,0.0047140255578588,882688350
617,-0.92033114141116,0.206021410857582,0.398387096774194,0.266035455764282,0.596583182569455,0.601612903225806,0.403416817430545,0.733964544235718,100,7.92638838913592e-06,415097971
293,-0.784954729457785,0.206261629118151,0.456140351039252,0.304458620625511,0.683390141552713,0.543859648960748,0.316609858447287,0.695541379374489,97,0.000141445676480536,179903775
743,-0.7010732457101,0.1743538759153,0.496052631639598,0.352466194636518,0.69813280564489,0.503947368360402,0.30186719435511,0.647533805363482,134,5.79568114846791e-05,534376956
968,-0.836248024200618,0.19034674690672,0.433333333333333,0.298399885993431,0.629282337533841,0.566666666666667,0.370717662466159,0.701600114006569,115,1.11649210115978e-05,279950910
18,-0.629633774803917,0.190770654511718,0.532786885263858,0.366580408181345,0.774350889392699,0.467213114736142,0.225649110607301,0.633419591818655,111,0.000965213146884147,539660604
218,-1.08137048143776,0.205597984888941,0.339130435052504,0.22665298601583,0.507425267147674,0.660869564947496,0.492574732852326,0.77334701398417,105,1.44341152051824e-07,476123495
518,-0.481213769719163,0.183397987811468,0.618032786885359,0.431422573319606,0.885360547377564,0.381967213114641,0.114639452622436,0.568577426680394,119,0.00869351633097545,936585449
993,-0.329000221782597,0.184353397351954,0.719642857142796,0.501412461066933,1.03285395168413,0.280357142857204,-0.0328539516841291,0.498587538933067,118,0.0743234489585644,19201504
892,-0.657840366668832,0.187704137240019,0.517968750030544,0.358533307464116,0.7483032131821,0.482031249969456,0.2516967868179,0.641466692535884,115,0.000457179912526434,919415139
843,-0.921903468779113,0.198281660868491,0.397761194029851,0.269677525745945,0.586678356078887,0.602238805970149,0.413321643921113,0.730322474254055,108,3.32798561653801e-06,987014922
468,-1.11068486927367,0.199120874844541,0.329333333540389,0.222917258934958,0.486550234374052,0.670666666459611,0.513449765625948,0.777082741065042,113,2.43379517032523e-08,128397609
719,-0.872615668371494,0.191070501407037,0.417857142857143,0.287334864062431,0.607669356123792,0.582142857142857,0.392330643876208,0.712665135937569,115,4.94794904074832e-06,55093964
644,-0.895088524223552,0.192387595787741,0.408571428571429,0.280225320587449,0.595701387351271,0.591428571428571,0.404298612648729,0.719774679412551,114,3.27891455189285e-06,700053084
344,-0.867500567704723,0.197975097409092,0.42,0.284926328545115,0.619107405415042,0.58,0.380892594584958,0.715073671454885,107,1.17666575106222e-05,348242429
794,-0.789728008192652,0.196469561504401,0.453968254137617,0.308880356517687,0.667207128637704,0.546031745862383,0.332792871362296,0.691119643482313,107,5.82983451589439e-05,355088020
93,-1.07741008020124,0.214886123712694,0.340476190754111,0.223447421434757,0.518797826021357,0.659523809245889,0.481202173978643,0.776552578565243,96,5.33473383454686e-07,274063917
819,-0.704478746440745,0.180563079172352,0.494366197246748,0.347018953823865,0.704278352197035,0.505633802753252,0.295721647802965,0.652981046176135,125,9.55724482042536e-05,133759120
268,-0.713349887730692,0.189189795309325,0.490000000071919,0.338187408959839,0.709961381498366,0.509999999928081,0.290038618501634,0.661812591040161,114,0.000162887109506957,187089973
868,-0.657096042109785,0.168911940729275,0.518354430409893,0.372262003365026,0.721780125548017,0.481645569590107,0.278219874451983,0.627737996634974,142,0.000100174318685832,507489680
419,-0.633019782551161,0.176991204166998,0.530985915512174,0.375342563138109,0.751169918260929,0.469014084487826,0.248830081739071,0.624657436861891,129,0.000348144523747152,285743227
668,-0.514866033301906,0.183501749057565,0.597580645161941,0.417060971787152,0.856236022138293,0.402419354838059,0.143763977861707,0.582939028212848,119,0.00501945291645347,289052879
394,-0.674979876524411,0.194790303688295,0.509166666707443,0.347579502389,0.745874519941697,0.490833333292557,0.254125480058303,0.652420497611,107,0.000529912995189643,413000373
193,-0.450985623409962,0.201017818278147,0.637000000000008,0.429568824329589,0.944596015861434,0.362999999999992,0.0554039841385663,0.570431175670411,99,0.0248639015409321,233416104
118,-0.691509178450409,0.194087707923808,0.500819672183883,0.342352594198471,0.732637486313202,0.499180327816117,0.267362513686798,0.657647405801528,108,0.000366823032434397,921539596
919,-0.557938091572363,0.178534382337662,0.572388059704548,0.403386931062517,0.812193121947128,0.427611940295452,0.187806878052872,0.596613068937483,126,0.00177743631313858,812071651
368,-0.872615668371493,0.213623314820552,0.417857142857143,0.274910504716092,0.635132484359061,0.582142857142857,0.364867515640939,0.725089495283908,92,4.41084372268666e-05,946432002
43,-0.492340809091529,0.17549469794653,0.611194029850965,0.433309035998878,0.862105589984581,0.388805970149035,0.137894410015419,0.566690964001122,130,0.00502470792548489,862161269
170,-0.740937844182597,0.198479065376286,0.476666666768529,0.323049517031783,0.703332149497891,0.523333333231471,0.296667850502109,0.676950482968217,104,0.000189153941483307,174904875
244,-0.639537729913197,0.179860769708661,0.527536231905881,0.370812638754151,0.750498895907279,0.472463768094119,0.249501104092721,0.629187361245849,125,0.000376919904268801,207802125
569,-0.91962963313967,0.187276436766925,0.398666666666667,0.276184901567129,0.575466327845155,0.601333333333333,0.424533672154845,0.723815098432871,121,9.0822959391432e-07,706718144
943,-0.707769699292243,0.193405346363665,0.492741935550511,0.337281558401345,0.719857368427932,0.507258064449489,0.280142631572068,0.662718441598655,109,0.000252693392802374,656949241
544,-0.628608659389396,0.168657975857711,0.533333333350922,0.383209969119632,0.742267861967877,0.466666666649078,0.257732138032123,0.616790030880368,142,0.000193679600123418,973594037
694,-0.684563436774466,0.198654477754966,0.504310344875036,0.341666877658173,0.744376878704718,0.495689655124964,0.255623121295282,0.658333122341827,103,0.000568949231311458,893552338
618,-0.690294111474269,0.181119388260329,0.501428571480354,0.351592800643432,0.715118773298822,0.498571428519646,0.284881226701178,0.648407199356568,124,0.000138257064017314,800634284
294,-0.72803443938008,0.183075076172569,0.482857142944205,0.337275560724206,0.69127754169799,0.517142857055795,0.30872245830201,0.662724439275794,122,6.98785769247154e-05,29826466
744,-0.795426029285492,0.1840893502799,0.45138888906713,0.314668830238174,0.647512271930578,0.54861111093287,0.352487728069422,0.685331169761826,122,1.55415685576975e-05,857191448
318,-0.709954298736647,0.172538880726372,0.491666666735342,0.350594746509357,0.689502947735102,0.508333333264658,0.310497052264898,0.649405253490643,137,3.87599862199555e-05,342879098
994,-0.353224681746637,0.176222601820518,0.702419354838669,0.49727373265362,0.992195882575702,0.297580645161331,0.00780411742429787,0.50272626734638,129,0.0450247399236284,189274868
19,-0.709496318422734,0.177117634271841,0.491891891960137,0.347621684996203,0.696037226155112,0.508108108039863,0.303962773844888,0.652378315003797,130,6.18101475482823e-05,505981258
219,-0.95207983972574,0.204794505477281,0.3859375,0.25834233475452,0.576551861110113,0.6140625,0.423448138889887,0.74165766524548,102,3.33625724722994e-06,584714598
969,-0.864821396644674,0.189271332950968,0.42112676056338,0.290606141986426,0.610268410882005,0.57887323943662,0.389731589117995,0.709393858013574,117,4.8955458992226e-06,506090229
844,-1.20616819477262,0.204277564373749,0.299342105298107,0.200579447508636,0.446734184969,0.700657894701893,0.553265815031,0.799420552491364,111,3.53599046835833e-09,887512372
594,-0.412764410589776,0.189839303198682,0.661818181818182,0.456191497160175,0.960130358657989,0.338181818181818,0.0398696413420111,0.543808502839825,111,0.029683872148444,598841331
893,-0.537755035641917,0.174990816562608,0.584057971016073,0.414479926531652,0.823016246798531,0.415942028983927,0.176983753201469,0.585520073468348,131,0.0021188498437294,277525678
444,-0.592424267634696,0.180192210662431,0.552985074634703,0.388448565362791,0.787214885149992,0.447014925365297,0.212785114850008,0.611551434637209,124,0.00100996798503736,759061358
469,-0.430782916092454,0.2,0.65,0.43921083773908,0.961952583353585,0.35,0.0380474166464146,0.56078916226092,100,0.0312468713142523,590663881
492,-0.800143019145146,0.189690479716052,0.449264706068059,0.309768657075129,0.651579078478128,0.550735293931941,0.348420921521872,0.690231342924871,115,2.46314240904778e-05,985511096
143,-0.319557280982323,0.19274776986097,0.726470588235227,0.497909986641653,1.05994964899281,0.273529411764773,-0.0599496489928126,0.502090013358347,108,0.0973368631793758,513790441
70,-0.682097344283034,0.190476190475115,0.505555555601221,0.348044888519828,0.734349011376726,0.494444444398779,0.265650988623274,0.651955111480172,112,0.000342267166921398,66276161
769,-0.772532209503399,0.177978687638978,0.461842105406843,0.325835043473819,0.654619982100739,0.538157894593158,0.345380017899261,0.674164956526181,130,1.42101749168239e-05,827655693
720,-0.82942205859465,0.184680246368416,0.436301370096683,0.303799088202702,0.626594657259902,0.563698629903317,0.373405342740098,0.696200911797298,122,7.08479767730223e-06,329960023
645,-0.559400293908961,0.191961512933157,0.571551724141124,0.392335496945505,0.832632723554113,0.428448275858876,0.167367276445887,0.607664503054495,109,0.00356684375388889,704174982
795,-0.787457859666629,0.186262925856941,0.455000000165874,0.315837800730271,0.65547885551466,0.544999999834126,0.34452114448534,0.684162199269729,119,2.36125585868183e-05,265704784
345,-0.801642494603831,0.18572202428605,0.448591549483875,0.311719674772225,0.645562005078398,0.551408450516125,0.354437994921602,0.688280325227775,120,1.58625612280658e-05,616273351
519,-1.01270446154217,0.202538075004739,0.363235294117647,0.244223425582626,0.540242520052999,0.636764705882353,0.459757479947001,0.755776574417374,106,5.73096377095755e-07,610740153
269,-0.596575170919454,0.174018193048314,0.550694444453115,0.391549019495932,0.774524659880232,0.449305555546885,0.225475340119768,0.608450980504068,133,0.00060752047267737,446230797
94,-0.606673582535978,0.188042020540015,0.54516129033356,0.377105922154352,0.788109692842496,0.45483870966644,0.211890307157504,0.622894077845648,114,0.00125416726615731,366416798
869,-0.470003629245654,0.198067587532057,0.625000000000051,0.423920658553623,0.921457806120701,0.374999999999949,0.0785421938792987,0.576079341446377,102,0.0176468582210895,6022005
420,-0.80164249460383,0.18572202428605,0.448591549483875,0.311719674772225,0.645562005078398,0.551408450516125,0.354437994921602,0.688280325227775,120,1.5862561228066e-05,872943267
669,-0.517794293080847,0.18667748886377,0.59583333333407,0.413261196872313,0.859062897264173,0.40416666666593,0.140937102735827,0.586738803127687,115,0.00554164267089635,321853421
920,-0.814741818506803,0.189127865119505,0.442753623397763,0.305616074700315,0.641428207675511,0.557246376602237,0.358571792324489,0.694383925299685,116,1.64820180731419e-05,431874634
395,-0.928185519526304,0.189038979408311,0.39527027027027,0.272887648942044,0.572538138553551,0.60472972972973,0.427461861446449,0.727112351057956,119,9.10662451084653e-07,120206285
245,-0.699046902568615,0.184219031544448,0.497058823588322,0.346417851363434,0.7132065311721,0.502941176411678,0.2867934688279,0.653582148636566,120,0.000147851375054553,126869972
171,-0.621136644555627,0.171646047409544,0.537333333348404,0.383829546000396,0.752227425261861,0.462666666651596,0.247772574738139,0.616170453999604,137,0.000296079348234527,538468042
570,-0.916290731874155,0.183449846426336,0.4,0.279194718773873,0.573076742649949,0.6,0.426923257350051,0.720805281226127,126,5.89043592251603e-07,772251957
695,-0.623686582187286,0.197029072458084,0.535964912296599,0.364271260361029,0.788583724470603,0.464035087703401,0.211416275529397,0.635728739638971,104,0.00154840827722773,152470379
820,-0.679678963422334,0.196693372986331,0.50677966106091,0.344662055784282,0.745152013558908,0.49322033893909,0.254847986441092,0.655337944215718,105,0.000549221264747764,545303011
545,-0.463572738915398,0.181095828015808,0.629032258064546,0.441086605008449,0.89706097893905,0.370967741935454,0.10293902106095,0.558913394991551,122,0.0104726363020921,994281997
944,-0.691509178450409,0.194087707923808,0.500819672183883,0.342352594198471,0.732637486313202,0.499180327816117,0.267362513686798,0.657647405801529,108,0.000366823032434396,688065993
745,-0.780456664233275,0.199121210758958,0.458196721466771,0.310141366066522,0.676930775876787,0.541803278533229,0.323069224123213,0.689858633933478,104,8.87308670014676e-05,474550144
295,-0.53614343174773,0.173662690750564,0.585000000001492,0.416230514382648,0.822200651264921,0.414999999998508,0.177799348735079,0.583769485617353,133,0.00202004744270628,794621284
619,-0.699046902568615,0.184219031544448,0.497058823588322,0.346417851363434,0.7132065311721,0.502941176411678,0.2867934688279,0.653582148636566,120,0.000147851375054553,580685548
319,-0.796717185044091,0.198456156892909,0.450806451793177,0.305537088517143,0.665144968045186,0.549193548206823,0.334855031954814,0.694462911482857,105,5.95529302207613e-05,380266611
220,-0.760262116952029,0.204778181332164,0.467543859775672,0.312978751545435,0.698441219202702,0.532456140224328,0.301558780797298,0.687021248454565,98,0.000205130509615346,87979281
20,-0.684231816808417,0.18481380458368,0.504477611987506,0.351178647542648,0.724695714780636,0.495522388012494,0.275304285219364,0.648821352457352,119,0.000213673515258718,748877800
595,-0.815628736521316,0.185194633159517,0.442361111321926,0.307708138468023,0.63593817759976,0.557638888678074,0.36406182240024,0.692291861531977,121,1.06189414214277e-05,946787215
445,-0.542008551199531,0.192747769860954,0.581578947370252,0.398603839722738,0.848546948919407,0.418421052629748,0.151453051080593,0.601396160277262,108,0.00492330561533375,499995372
995,-0.709954298736647,0.172538880726372,0.491666666735342,0.350594746509357,0.689502947735101,0.508333333264658,0.310497052264899,0.649405253490643,137,3.87599862199553e-05,994760419
845,-0.88680030336345,0.190543247753563,0.411971830985916,0.283580794653243,0.598491832754115,0.588028169014085,0.401508167245885,0.716419205346757,116,3.25457091089413e-06,760411884
894,-0.462531614406991,0.178196611241809,0.629687500000027,0.444062236263675,0.89290715416937,0.370312499999973,0.10709284583063,0.555937763736325,126,0.0094418997300705,176077186
493,-0.464684467768083,0.184141374973175,0.628333333333366,0.437974350519059,0.901428993067573,0.371666666666634,0.0985710069324275,0.562025649480941,118,0.0116186406083504,932260240
470,-0.53802844644332,0.189254001465411,0.583898305086341,0.402943279239298,0.846117178890151,0.416101694913659,0.153882821109849,0.597056720760702,112,0.00447063947784347,948926565
194,-0.479573080261722,0.180387589760722,0.619047619047721,0.43468821176383,0.88159730187682,0.380952380952279,0.11840269812318,0.56531178823617,123,0.00784729879635802,362504265
44,-0.916290731874155,0.200959238117125,0.4,0.26977591717937,0.59308481525287,0.6,0.40691518474713,0.73022408282063,105,5.12548031177103e-06,780092894
119,-0.674979876524411,0.194790303688295,0.509166666707443,0.347579502389,0.745874519941697,0.490833333292557,0.254125480058303,0.652420497611,107,0.000529912995189644,369781320
71,-0.564314308710482,0.195615199108946,0.568750000003694,0.38762649149428,0.834505818364519,0.431249999996306,0.165494181635481,0.61237350850572,105,0.00391639611729681,999755652
144,-0.863646998388733,0.185329023217754,0.421621621621622,0.29320442729013,0.606282768175751,0.578378378378378,0.393717231824249,0.70679557270987,122,3.16095425024997e-06,523946393
369,-0.777653859605624,0.204038288589256,0.459482758771833,0.308028934663678,0.685404459938448,0.540517241228167,0.314595540061552,0.691971065336322,99,0.000138230392122931,746827889
770,-0.761024602689946,0.193298035254145,0.467187500127582,0.319856829834947,0.682380802648761,0.532812499872418,0.317619197351239,0.680143170165053,110,8.24884056812188e-05,531470113
646,-0.691509178450409,0.194087707923808,0.500819672183883,0.342352594198471,0.732637486313202,0.499180327816117,0.267362513686798,0.657647405801529,108,0.000366823032434396,215948150
796,-0.854940157212772,0.176673720571701,0.425308641975308,0.300828697796691,0.601297157697136,0.574691358024692,0.398702842302864,0.699171302203309,134,1.30434518317536e-06,789593914
346,-0.653926467351864,0.17320508075636,0.520000000028496,0.370314665462335,0.730189823003751,0.479999999971504,0.269810176996249,0.629685334537665,135,0.000159721483665913,851344464
270,-0.604446410124197,0.178140767185618,0.546376811604637,0.385352839566672,0.774686442157641,0.453623188395363,0.225313557842359,0.614647160433328,127,0.000691106922412591,644795590
520,-0.885038188370051,0.202170759193846,0.412698412698413,0.27768008672267,0.613367641353031,0.587301587301587,0.386632358646969,0.722319913277329,103,1.19951194977038e-05,101489596
970,-0.800143019145146,0.189690479716052,0.449264706068059,0.309768657075129,0.651579078478128,0.550735293931941,0.348420921521872,0.690231342924871,115,2.46314240904778e-05,692989929
870,-1.05587663340738,0.200998250032028,0.347887323943662,0.234611115221175,0.515856164984289,0.652112676056338,0.484143835015711,0.765388884778825,109,1.49508853080288e-07,628143829
421,-0.909273159215508,0.19186396162262,0.402816901408451,0.276562176381374,0.586708776244769,0.597183098591549,0.413291223755231,0.723437823618626,115,2.14610710896586e-06,762277077
670,-0.452289121313403,0.207402329252744,0.636170212765967,0.423674326418381,0.95524442803041,0.363829787234033,0.0447555719695899,0.576325673581619,93,0.0292031644259867,711993413
172,-0.546614731613887,0.182123199096424,0.578906250002136,0.405120938613198,0.827240496229976,0.421093749997864,0.172759503770024,0.594879061386802,121,0.00268788975600958,750990471
921,-0.90078654533819,0.190029237516523,0.40625,0.279924037607102,0.589585174288058,0.59375,0.410414825711942,0.720075962392898,117,2.13452172578496e-06,345732081
396,-0.554835564757596,0.18850620996391,0.574166666669444,0.39680871240406,0.830796680639937,0.425833333330556,0.169203319360063,0.60319128759594,113,0.0032470442605045,991280921
721,-0.874275419789858,0.195400069313746,0.417164179104478,0.28443443235351,0.611831524362086,0.582835820895522,0.388168475637914,0.71556556764649,110,7.66677551169642e-06,55770503
246,-0.603625728913141,0.186389217502681,0.546825396835635,0.379484364854329,0.787958720616151,0.453174603164365,0.212041279383849,0.620515635145671,116,0.00120150420865118,951401174
821,-0.755022584023634,0.191471175710072,0.470000000119567,0.322936621753874,0.684035148793847,0.529999999880433,0.315964851206153,0.677063378246126,112,8.03780040200282e-05,738825481
95,-0.808077146788635,0.187400767384053,0.445714285912756,0.308702915974671,0.643535303317377,0.554285714087243,0.356464696682623,0.691297084025329,118,1.61764759952461e-05,868265997
546,-1.11032444396573,0.201805988899251,0.329452055002368,0.221827125579033,0.489293887129296,0.670547944997632,0.510706112870704,0.778172874420967,110,3.75634784332237e-08,57167666
696,-0.564314308710482,0.195615199108946,0.568750000003694,0.38762649149428,0.834505818364519,0.431249999996306,0.165494181635481,0.61237350850572,105,0.00391639611729679,321598429
945,-0.449132054760641,0.19157331938539,0.638181818181824,0.438406436720899,0.928991910119107,0.361818181818176,0.0710080898808932,0.561593563279101,109,0.0190557024253253,310411455
746,-0.858226930919394,0.191611523258416,0.423913043478261,0.291190200449398,0.617130206145896,0.576086956521739,0.382869793854104,0.708809799550602,114,7.49955168929196e-06,881095347
296,-0.53802844644332,0.189254001465411,0.583898305086341,0.402943279239298,0.846117178890151,0.416101694913659,0.153882821109849,0.597056720760702,112,0.00447063947784347,6723392
320,-0.447312218043657,0.181824391349504,0.639344262295087,0.447677811255489,0.913069791382557,0.360655737704913,0.0869302086174435,0.552322188744511,121,0.013888546694206,978720931
620,-0.761024602689946,0.193298035254145,0.467187500127582,0.319856829834947,0.682380802648761,0.532812499872418,0.317619197351239,0.680143170165053,110,8.24884056812188e-05,613087449
446,-1.21924027638037,0.22019275302212,0.295454545477105,0.191894383938323,0.454903299677286,0.704545454522895,0.545096700322715,0.808105616061677,96,3.07433446845726e-08,694036529
596,-1.01270446154217,0.202538075004739,0.363235294117647,0.244223425582626,0.540242520052999,0.636764705882353,0.459757479947001,0.755776574417374,106,5.73096377095755e-07,517905724
221,-0.587351976771569,0.177318657127587,0.555797101456181,0.392628990109011,0.786774348733967,0.444202898543819,0.213225651266033,0.607371009890989,128,0.000924960982503007,873640067
21,-0.703649902631945,0.185831149894166,0.494776119465896,0.343739126112085,0.712177898287627,0.505223880534104,0.287822101712373,0.656260873887915,118,0.000152783257518773,383209868
471,-0.843027711185997,0.184178383038889,0.430405405405406,0.299988628911377,0.617519449568598,0.569594594594594,0.382480550431402,0.700011371088623,123,4.71162439838771e-06,981076433
195,-0.767255152420347,0.185164019949984,0.464285714421899,0.322978357465565,0.667416932539312,0.535714285578101,0.332583067460688,0.677021642534435,120,3.41819206907021e-05,803785528
494,-0.592424267634696,0.180192210662431,0.552985074634704,0.388448565362791,0.787214885149992,0.447014925365296,0.212785114850008,0.611551434637209,124,0.00100996798503737,400767522
45,-0.829130555897453,0.188579717962086,0.436428571661756,0.301573952394453,0.631586039345963,0.563571428338244,0.368413960654037,0.698426047605547,117,1.09903424864064e-05,563979118
72,-0.634878272398358,0.185074417229358,0.530000000019934,0.368756971911706,0.761748309638436,0.469999999980066,0.238251690361564,0.631243028088294,118,0.000602704180097319,234272925
120,-0.767255152420347,0.207019667797646,0.464285714421899,0.309435303145534,0.696627768147287,0.535714285578101,0.303372231852713,0.690564696854466,96,0.000210396754721606,323141017
571,-0.606673582535978,0.188042020540015,0.54516129033356,0.377105922154352,0.788109692842496,0.45483870966644,0.211890307157504,0.622894077845648,114,0.00125416726615731,758872042
370,-0.964865402022712,0.215993388825277,0.381034482758621,0.249522879892516,0.581859575817939,0.618965517241379,0.418140424182061,0.750477120107484,92,7.9284783563911e-06,229675030
145,-0.776528789174019,0.192675234052882,0.46000000014949,0.315320622492726,0.671062991265065,0.53999999985051,0.328937008734935,0.684679377507274,111,5.57182658761736e-05,977473867
771,-0.713645701960884,0.183639654903998,0.489855072535974,0.341785199216486,0.70207250822829,0.510144927464026,0.29792749177171,0.658214800783514,121,0.000101859246907386,113185204
797,-0.226687559748995,0.185074417229711,0.79716981132071,0.554645142850549,1.14574104952061,0.20283018867929,-0.14574104952061,0.445354857149451,118,0.220633452926514,138124711
347,-0.752866415013688,0.185722248591339,0.471014492870378,0.327300904689379,0.677830856301752,0.528985507129622,0.322169143698248,0.672699095310622,119,5.0409058885323e-05,541636274
521,-1.04388738897886,0.198821313067575,0.352083333333333,0.238456112097319,0.519855299664197,0.647916666666667,0.480144700335803,0.761543887902681,111,1.51785994419516e-07,570906340
996,-0.895671444671419,0.182287344831777,0.408333333333333,0.285661402927844,0.583684422894287,0.591666666666667,0.416315577105713,0.714338597072156,127,8.94582819208761e-07,290436073
971,-0.670455769283836,0.192942416165952,0.511475409873934,0.350422413653599,0.74654783687528,0.488524590126066,0.25345216312472,0.649577586346401,109,0.000511042168854702,39028960
846,-0.734994290297591,0.196508688978426,0.479508196816185,0.326232734328373,0.704797791942216,0.520491803183815,0.295202208057784,0.673767265671627,106,0.000183827391055006,810845618
422,-0.657556235398585,0.180761090406067,0.518115942059377,0.36354890116648,0.738398956934673,0.481884057940623,0.261601043065327,0.63645109883352,124,0.000275074018774481,700839380
895,-0.430782916092454,0.190692517849118,0.65,0.447296593977942,0.944563418743215,0.35,0.0554365812567851,0.552703406022058,110,0.0238806063403445,949040824
671,-0.785604291024185,0.177497976054807,0.455844156007202,0.321906569806875,0.64550995243925,0.544155843992798,0.35449004756075,0.678093430193125,131,9.60009112776169e-06,594945738
173,-0.973647893603061,0.191753298451426,0.377702702702703,0.259375761399687,0.55001026641458,0.622297297297297,0.44998973358542,0.740624238600313,117,3.82218230136108e-07,984855188
922,-0.613104472863004,0.174801474694839,0.541666666679344,0.38453938340159,0.762997993069281,0.458333333320656,0.237002006930719,0.61546061659841,132,0.000452452156386476,165547656
397,-0.884700407586566,0.186521069207193,0.412837837837838,0.28642602300076,0.595040487470542,0.587162162162162,0.404959512529458,0.71357397699924,121,2.10403639856776e-06,489471868
722,-0.52922298890374,0.181290869351828,0.589062500001158,0.412901355359197,0.840381423804609,0.410937499998842,0.159618576195391,0.587098644640803,122,0.00350939171483621,852240331
247,-0.517794293080847,0.18667748886377,0.59583333333407,0.413261196872313,0.859062897264173,0.40416666666593,0.140937102735827,0.586738803127687,115,0.00554164267089635,631355166
647,-1.00031614068522,0.190823763431944,0.367763157894737,0.253010612522217,0.534561530666358,0.632236842105263,0.465438469333642,0.746989387477783,119,1.58764289029093e-07,993457976
822,-0.867500567704723,0.197975097409092,0.42,0.284926328545115,0.619107405415042,0.58,0.380892594584958,0.715073671454885,107,1.17666575106222e-05,519784087
547,-0.775623402062376,0.183021124530212,0.460416666814832,0.321634904217622,0.659081164081152,0.539583333185168,0.340918835918848,0.678365095782378,123,2.25630213687482e-05,509844720
96,-0.752866415013688,0.185722248591339,0.471014492870378,0.327300904689379,0.677830856301752,0.528985507129622,0.322169143698248,0.672699095310621,119,5.04090588853234e-05,382514806
747,-0.730887508355423,0.208610926169518,0.481481481571697,0.319896615986921,0.724685431201793,0.518518518428303,0.275314568798207,0.680103384013079,94,0.000459028589626724,559530491
697,-0.779089610026633,0.188518475710546,0.458823529565029,0.317087019649751,0.663915639041442,0.541176470434971,0.336084360958558,0.682912980350249,116,3.58532306154859e-05,843192656
946,-0.946999388493321,0.207740365083658,0.387903225806452,0.258163280988148,0.582843973841341,0.612096774193548,0.417156026158659,0.741836719011852,99,5.15026356029774e-06,348694697
271,-0.739787757802487,0.172915028720701,0.477215189973905,0.340038991698636,0.669730069496449,0.522784810026095,0.330269930503551,0.659961008301364,137,1.88299726338239e-05,671474748
297,-0.626091668381972,0.189041993734754,0.534677419371546,0.369129714217875,0.77447014362295,0.465322580628454,0.22552985637705,0.630870285782125,113,0.000926585492602049,334986942
321,-0.767255152420347,0.195180014584936,0.464285714421898,0.316699801723287,0.680648435658311,0.535714285578102,0.319351564341689,0.683300198276713,108,8.45887375840936e-05,247775170
871,-0.657556235398585,0.180761090406067,0.518115942059377,0.363548901166481,0.738398956934674,0.481884057940623,0.261601043065326,0.636451098833519,124,0.000275074018774482,369235057
597,-0.967584026261706,0.204206769864027,0.38,0.254661022778341,0.567028273210411,0.62,0.432971726789589,0.745338977221659,103,2.15564998203813e-06,140429145
447,-0.829130555897454,0.188579717962086,0.436428571661756,0.301573952394453,0.631586039345963,0.563571428338244,0.368413960654037,0.698426047605547,117,1.09903424864064e-05,463611284
22,-1.20148833086468,0.217217489277779,0.300746268696894,0.196473682751247,0.460358440217255,0.699253731303106,0.539641559782745,0.803526317248753,98,3.17922619705019e-08,648182827
222,-0.649472117006952,0.200198314376384,0.522321428597718,0.352800124150063,0.773298125757795,0.477678571402282,0.226701874242205,0.647199875849937,101,0.00117804263592927,273806380
196,-0.613104472863004,0.174801474694839,0.541666666679344,0.38453938340159,0.76299799306928,0.458333333320656,0.23700200693072,0.61546061659841,132,0.000452452156386472,678066343
73,-0.727514823885114,0.178031827756994,0.483108108194603,0.340802961440924,0.684833967453144,0.516891891805397,0.315166032546856,0.659197038559076,129,4.38059218028441e-05,526576651
121,-0.696486081711559,0.195973970467691,0.498333333390094,0.339395900224291,0.731700385902036,0.501666666609906,0.268299614097964,0.660604099775709,106,0.000379459036903023,943829973
495,-0.609831147519745,0.189740047855312,0.54344262296261,0.374668063971951,0.788244082833253,0.45655737703739,0.211755917166747,0.625331936028049,112,0.00130883735562057,273001807
572,-0.918486122437591,0.214744704755557,0.399122807017544,0.262008584725711,0.607991586414349,0.600877192982456,0.392008413585651,0.737991415274289,92,1.89337641295477e-05,491838317
46,-0.623686582187285,0.197029072458084,0.535964912296599,0.364271260361029,0.788583724470603,0.464035087703401,0.211416275529397,0.635728739638971,104,0.00154840827722774,990175229
371,-0.863646998388733,0.185329023217754,0.421621621621622,0.29320442729013,0.606282768175751,0.578378378378378,0.393717231824249,0.70679557270987,122,3.16095425024995e-06,56759796
348,-1.13635261617972,0.193250301439306,0.320987654472248,0.219782634290315,0.468795337976961,0.679012345527752,0.531204662023039,0.780217365709685,121,4.0974295437178e-09,469203995
798,-0.894355655007899,0.204377244083313,0.408870967741936,0.273917669870538,0.610312829914328,0.591129032258064,0.389687170085672,0.726082330129462,101,1.20874749457974e-05,393882352
522,-0.591125566153925,0.200643088476172,0.553703703711294,0.37367128195081,0.820474589063989,0.446296296288706,0.179525410936011,0.62632871804919,100,0.00321751498292986,36272717
997,-0.539982208054516,0.190976827235946,0.582758620691363,0.400801129413019,0.847321988556921,0.417241379308637,0.152678011443079,0.599198870586981,110,0.00469166759310583,49078374
472,-0.88820776313133,0.18071587602671,0.411392405063291,0.288689266545715,0.586248712911391,0.588607594936709,0.413751287088609,0.711310733454285,129,8.88094648496127e-07,438541714
847,-0.69314718045187,0.188107988623866,0.500000000054038,0.345821662411425,0.722915962842756,0.499999999945962,0.277084037157244,0.654178337588575,115,0.000228849507728734,130706160
896,-0.649472117006952,0.200198314376384,0.522321428597718,0.352800124150063,0.773298125757795,0.477678571402282,0.226701874242205,0.647199875849937,101,0.00117804263592927,941960477
972,-1.24581991423776,0.231150339951079,0.287704918039598,0.182890757936062,0.452587767683206,0.712295081960402,0.547412232316794,0.817109242063938,88,7.05942121874139e-08,226280845
621,-0.895088524223552,0.192387595787741,0.408571428571429,0.280225320587449,0.595701387351271,0.591428571428571,0.404298612648729,0.719774679412551,114,3.27891455189285e-06,238877580
423,-0.891598119283783,0.199436353975534,0.41,0.277346905400625,0.606100146519324,0.59,0.393899853480676,0.722653094599375,106,7.80042018975525e-06,796149342
174,-0.760262116952029,0.204778181332164,0.467543859775672,0.312978751545435,0.698441219202702,0.532456140224328,0.301558780797298,0.687021248454565,98,0.000205130509615347,459564564
923,-0.464119336359996,0.182599548644907,0.628688524590195,0.439548209886894,0.899217087138413,0.371311475409805,0.100782912861587,0.560451790113106,120,0.0110304333887708,971702013
398,-0.904070620539379,0.206662120613902,0.404918032786885,0.270057350329555,0.607125164621219,0.595081967213115,0.392874835378781,0.729942649670445,99,1.21637786316878e-05,519631854
723,-0.653926467351864,0.17320508075636,0.520000000028496,0.370314665462335,0.730189823003751,0.479999999971504,0.269810176996249,0.629685334537665,135,0.000159721483665913,517665308
772,-0.699046902568616,0.184219031544448,0.497058823588322,0.346417851363434,0.7132065311721,0.502941176411678,0.2867934688279,0.653582148636566,120,0.000147851375054551,362472257
648,-0.755022584023634,0.191471175710072,0.470000000119567,0.322936621753874,0.684035148793847,0.529999999880433,0.315964851206153,0.677063378246126,112,8.03780040200289e-05,886247625
146,-0.354409937307935,0.17486823103685,0.701587301587263,0.498004895253053,0.988393380146157,0.298412698412737,0.0116066198538435,0.501995104746947,131,0.0426904730397269,566260202
823,-0.761024602689946,0.193298035254145,0.467187500127582,0.319856829834947,0.682380802648761,0.532812499872418,0.317619197351239,0.680143170165053,110,8.24884056812188e-05,187881762
748,-0.679998707629227,0.183231566278521,0.506617647103007,0.353763744041252,0.725516519652895,0.493382352896993,0.274483480347105,0.646236255958748,121,0.000206324774604942,996321803
548,-0.755022584023635,0.191471175710072,0.470000000119567,0.322936621753874,0.684035148793846,0.529999999880433,0.315964851206154,0.677063378246126,112,8.03780040200276e-05,839141370
97,-0.694597507027013,0.182649057350446,0.49927536237405,0.349034997916624,0.714185938263087,0.50072463762595,0.285814061736913,0.650965002083376,122,0.00014300764590764,429386768
272,-0.783003509333667,0.19454362549291,0.45703125015911,0.312140457331042,0.669178117466757,0.54296874984089,0.330821882533243,0.687859542668958,109,5.70183704752826e-05,317547769
698,-0.522590465344066,0.191767121477821,0.592982456141247,0.407201505374888,0.863523804922039,0.407017543858753,0.136476195077961,0.592798494625112,109,0.0064276041986864,645767427
947,-0.650411525247969,0.177843658001063,0.521830985942237,0.36825535212197,0.739453143913184,0.478169014057763,0.260546856086816,0.63174464787803,128,0.000254975921989339,525498944
672,-0.490206336562937,0.19909528496696,0.612500000000195,0.414606283057926,0.904849408535915,0.387499999999805,0.0951505914640846,0.585393716942074,101,0.0138099388019513,281169664
872,-0.579818495242796,0.182323224636175,0.560000000005682,0.391736660619017,0.800537788602213,0.439999999994318,0.199462211397787,0.608263339380983,121,0.00147189662947138,881030579
448,-0.378597162921907,0.186564453740566,0.684821428571413,0.475087266417136,0.987145777590293,0.315178571428587,0.0128542224097069,0.524912733582864,115,0.042426697416857,491733248
598,-0.653926467351864,0.167705098311974,0.520000000028496,0.374328164890555,0.722360819706672,0.479999999971504,0.277639180293328,0.625671835109445,144,9.64854935754139e-05,381908983
23,-0.633019782551161,0.176991204166998,0.530985915512174,0.375342563138109,0.751169918260929,0.469014084487826,0.248830081739071,0.62465743686189,129,0.000348144523747152,937947579
74,-0.961411167154624,0.199263349246522,0.382352941176471,0.258732607224817,0.565038064565505,0.617647058823529,0.434961935434495,0.741267392775183,108,1.40124914415951e-06,162596426
573,-0.486872382743237,0.193423337300821,0.614545454545615,0.420641161127079,0.89783442659474,0.385454545454385,0.10216557340526,0.579358838872921,107,0.0118313953963572,146188349
248,-0.900786545338189,0.201556443707464,0.40625,0.273670646449598,0.603057231899349,0.59375,0.396942768100651,0.726329353550402,104,7.85300172466539e-06,828197893
799,-0.961411167154625,0.178226557735802,0.382352941176471,0.269623482788661,0.542214536042058,0.617647058823529,0.457785463957942,0.730376517211339,135,6.87833634716258e-08,967449451
349,-0.449475049104597,0.193355742213207,0.637962962962969,0.436727721916413,0.931923305272541,0.362037037037031,0.0680766947274589,0.563272278083587,107,0.0200932783230869,209549681
298,-0.946248919414947,0.192729610704679,0.388194444444445,0.26607101952236,0.566371065018852,0.611805555555555,0.433628934981148,0.73392898047764,115,9.12053316661161e-07,846891366
998,-0.412764410589776,0.189839303198682,0.661818181818182,0.456191497160175,0.960130358657989,0.338181818181818,0.0398696413420113,0.543808502839825,111,0.0296838721484438,69019451
523,-0.921903468779113,0.198281660868491,0.397761194029851,0.269677525745945,0.586678356078887,0.602238805970149,0.413321643921113,0.730322474254055,108,3.327985616538e-06,441055270
848,-0.564314308710482,0.211288563682083,0.568750000003694,0.37589994156238,0.860539007161619,0.431249999996306,0.139460992838381,0.62410005843762,90,0.00756655841027706,63449093
322,-0.882768039835512,0.19738550848793,0.413636363636364,0.280933714891131,0.609022813045483,0.586363636363636,0.390977186954517,0.719066285108869,108,7.73812401158971e-06,180803856
223,-0.767255152420347,0.176546965896635,0.464285714421898,0.328479500235779,0.656239504935697,0.535714285578102,0.343760495064303,0.671520499764221,132,1.38706852054678e-05,157835654
973,-0.795426029285492,0.1840893502799,0.451388889067129,0.314668830238174,0.647512271930578,0.548611110932871,0.352487728069422,0.685331169761826,122,1.55415685576974e-05,871797096
897,-0.662584530085443,0.197434824042867,0.515517241412477,0.350095370489579,0.759101800808989,0.484482758587523,0.240898199191011,0.649904629510421,104,0.000790883296827954,70269055
424,-0.745276245769131,0.193938511664069,0.474603174710321,0.324526285237424,0.694082987084772,0.525396825289679,0.305917012915228,0.675473714762576,109,0.000121614732166909,212430741
622,-0.808077146788635,0.187400767384053,0.445714285912756,0.308702915974671,0.643535303317377,0.554285714087243,0.356464696682623,0.691297084025329,118,1.61764759952461e-05,42047409
197,-0.814741818506803,0.189127865119505,0.442753623397763,0.305616074700315,0.641428207675511,0.557246376602237,0.358571792324489,0.694383925299685,116,1.64820180731419e-05,161206645
496,-0.860345575779679,0.200657070085893,0.423015873015873,0.285467752739044,0.626839378901611,0.576984126984127,0.373160621098389,0.714532247260956,104,1.80580245753615e-05,590450874
175,-0.930738867621541,0.208375789500551,0.394262295081967,0.262068879663847,0.593137031465487,0.605737704918033,0.406862968534513,0.737931120336153,98,7.94590411113045e-06,964151896
924,-0.503542270374238,0.190818720720541,0.60438596491267,0.415804496067928,0.878495538258309,0.39561403508733,0.121504461741691,0.584195503932072,110,0.00831874078654468,750563532
122,-0.759286982796897,0.178470871153991,0.468000000125234,0.329861152669391,0.663988464069727,0.531999999874766,0.336011535930273,0.670138847330609,129,2.09607639043328e-05,135023001
47,-0.843315191423711,0.188045480634166,0.430281690140845,0.29763792114987,0.622038791815231,0.569718309859155,0.377961208184769,0.70236207885013,118,7.30391299860848e-06,490559718
372,-0.661306574641431,0.182275617873648,0.51617647062068,0.36111449114896,0.737821813726427,0.48382352937932,0.262178186273573,0.63888550885104,122,0.000285560748277119,868728144
724,-0.905676530632381,0.178333858502738,0.404268292682927,0.285017564575859,0.573413265641985,0.595731707317073,0.426586734358015,0.714982435424141,133,3.80336295081395e-07,50282036
773,-0.813775167879745,0.193322883721567,0.443181818389588,0.30340672181234,0.647349284082716,0.556818181610412,0.352650715917284,0.69659327818766,111,2.56039061767558e-05,349884745
649,-0.589847610708879,0.178737969282557,0.554411764713235,0.390562374285887,0.786999529625582,0.445588235286765,0.213000470374418,0.609437625714113,126,0.000966610998977575,10867379
147,-0.514866033301906,0.183501749057565,0.597580645161941,0.417060971787152,0.856236022138293,0.402419354838059,0.143763977861707,0.582939028212848,119,0.00501945291645349,299009830
824,-0.906206612807528,0.187756874570004,0.404054054054054,0.279653672639601,0.583792363806767,0.595945945945946,0.416207636193233,0.720346327360399,120,1.38960608412302e-06,615681310
473,-0.533061765210597,0.171095015337972,0.586805555556891,0.419621639016359,0.820598196126409,0.413194444443109,0.179401803873591,0.580378360983641,137,0.00183577878099815,92113388
749,-0.465269092163568,0.185722944709305,0.62796610169495,0.436363627631125,0.903699116763472,0.37203389830505,0.0963008832365281,0.563636372368875,116,0.0122389676123205,884120382
549,-0.982851498392494,0.203635224421512,0.374242424242424,0.251083630967052,0.557811720196229,0.625757575757576,0.442188279803771,0.748916369032948,104,1.38932546934369e-06,904628366
273,-0.971913889353774,0.201411019498323,0.378358208955224,0.254953976695475,0.561493239443735,0.621641791044776,0.438506760556265,0.745046023304525,106,1.39635018367303e-06,917514546
873,-0.812717526326012,0.19781008524106,0.443650793856831,0.301068288106965,0.653758747317375,0.556349206143169,0.346241252682625,0.698931711893035,106,3.98108311698412e-05,526183304
673,-0.50956379394471,0.177609002515258,0.600757575758092,0.424148757464445,0.850903506091241,0.399242424241908,0.149096493908759,0.575851242535555,127,0.00411745662787986,860159172
449,-0.843027711185997,0.184178383038889,0.430405405405406,0.299988628911377,0.617519449568598,0.569594594594594,0.382480550431402,0.700011371088623,123,4.71162439838771e-06,680690870
599,-0.803987161553697,0.200506774023461,0.447540983798418,0.302107242418784,0.662986198462625,0.552459016201582,0.337013801537375,0.697892757581216,103,6.07764898277399e-05,125677722
399,-0.880699786771452,0.192924924129728,0.414492753623188,0.283987319977043,0.604971527672509,0.585507246376812,0.395028472327491,0.716012680022957,113,4.99525095024481e-06,438792676
75,-0.916290731874155,0.200959238117125,0.4,0.26977591717937,0.59308481525287,0.6,0.40691518474713,0.73022408282063,105,5.12548031177107e-06,768506162
574,-0.967584026261705,0.204206769864027,0.38,0.254661022778341,0.567028273210411,0.62,0.432971726789589,0.745338977221659,103,2.15564998203814e-06,12819112
249,-0.447590034408828,0.18334617315079,0.639166666666672,0.446220555344005,0.915542824921709,0.360833333333328,0.0844571750782914,0.553779444655995,119,0.0146373609425808,687643887
800,-0.812717526326012,0.19781008524106,0.443650793856831,0.301068288106965,0.653758747317375,0.556349206143169,0.346241252682625,0.698931711893035,106,3.98108311698412e-05,20572969
350,-0.718464988386313,0.185239643406647,0.487500000076987,0.339077013826988,0.700891657009594,0.512499999923013,0.299108342990406,0.660922986173012,119,0.000105072142736197,776429021
299,-0.704478746440745,0.180563079172352,0.494366197246749,0.347018953823865,0.704278352197035,0.505633802753251,0.295721647802965,0.652981046176135,125,9.55724482042549e-05,54100197
98,-0.733969174884998,0.190310138239888,0.480000000093697,0.330558975702867,0.697001191996224,0.519999999906303,0.302998808003776,0.669441024297133,113,0.000114927909556133,251922385
948,-0.843315191423711,0.188045480634166,0.430281690140845,0.29763792114987,0.622038791815231,0.569718309859155,0.377961208184769,0.70236207885013,118,7.30391299860851e-06,753171056
699,-0.599118230894896,0.175360125766598,0.549295774657101,0.389528688490796,0.774592108286457,0.450704225342899,0.225407891713543,0.610471311509204,131,0.000634311839372209,281259703
999,-0.791796261248868,0.192069377006821,0.45303030320287,0.310912013160035,0.660111050499819,0.54696969679713,0.339888949500181,0.689087986839965,112,3.74865197900706e-05,914867926
224,-0.540783811303768,0.209974158616755,0.582291666668422,0.385842663595717,0.87876125960699,0.417708333331578,0.12123874039301,0.614157336404283,91,0.0100101661537015,622213874
323,-1.19106939931459,0.201902924105115,0.30389610394942,0.204580884405208,0.451424590641204,0.696103896050581,0.548575409358796,0.795419115594792,113,3.6522803280378e-09,333078787
974,-0.449132054760641,0.19157331938539,0.638181818181824,0.438406436720899,0.928991910119107,0.361818181818176,0.0710080898808931,0.561593563279101,109,0.0190557024253254,636816918
849,-0.60771362423089,0.172170107078796,0.544594594605836,0.388617063302839,0.763176145569233,0.455405405394164,0.236823854430767,0.611382936697161,136,0.000415987313825975,63365072
425,-0.686129607804762,0.179628297391241,0.503521126809171,0.354093384966872,0.716007516398245,0.496478873190829,0.283992483601755,0.645906615033128,126,0.000133603830106349,999640517
198,-1.04596855518269,0.19624860130333,0.351351351351352,0.23916328828507,0.51616522327322,0.648648648648648,0.48383477672678,0.76083671171493,114,9.83133684067364e-08,110557626
623,-0.858226930919393,0.191611523258416,0.423913043478261,0.291190200449398,0.617130206145896,0.576086956521739,0.382869793854104,0.708809799550602,114,7.49955168929205e-06,835860016
925,-0.979890726429462,0.196149817600457,0.375352112676056,0.255549971702283,0.551317644654312,0.624647887323944,0.448682355345688,0.744450028297717,112,5.86458417884691e-07,343689051
24,-1.03937270862434,0.20428634163832,0.353676470588235,0.236983068632334,0.527831150848233,0.646323529411765,0.472168849151767,0.763016931367666,105,3.62197532590645e-07,426891980
725,-0.52794666454423,0.197298458645325,0.589814814815919,0.400659019960515,0.868273265907306,0.410185185184081,0.131726734092694,0.599340980039485,103,0.00745337038579744,334330951
123,-0.718464988386313,0.190940653954339,0.487500000076987,0.335309332262709,0.708767180654736,0.512499999923013,0.291232819345264,0.664690667737291,112,0.000168044464349226,715335746
497,-0.812717526326012,0.19781008524106,0.443650793856831,0.301068288106965,0.653758747317375,0.556349206143169,0.346241252682625,0.698931711893035,106,3.9810831169841e-05,650026253
373,-0.504890888245488,0.192582221629908,0.603571428571844,0.41381134115872,0.88034916676807,0.396428571428156,0.11965083323193,0.58618865884128,108,0.0087494971773859,653091173
48,-0.707036292586835,0.199921614731583,0.493103448341828,0.333245622034026,0.729645026639765,0.506896551658172,0.270354973360235,0.666754377965974,102,0.000405362842605818,754056381
774,-0.604446410124197,0.178140767185618,0.546376811604637,0.385352839566672,0.774686442157641,0.453623188395363,0.225313557842359,0.614647160433328,127,0.00069110692241259,411611930
524,-0.913209065336747,0.179849045069318,0.401234567901235,0.282039903487272,0.570802842038823,0.598765432098765,0.429197157961177,0.717960096512728,131,3.82147876336726e-07,747578978
474,-0.751254811124151,0.195834763203078,0.471774193663064,0.321395157102741,0.69251475912963,0.528225806336936,0.30748524087037,0.678604842897259,107,0.000124969563110502,633449638
825,-0.527946664544231,0.197298458645325,0.589814814815919,0.400659019960514,0.868273265907306,0.410185185184081,0.131726734092694,0.599340980039486,103,0.0074533703857974,741597423
750,-0.878807638619414,0.188753859096103,0.415277777777778,0.28686074088155,0.601182414108244,0.584722222222222,0.398817585891756,0.71313925911845,118,3.22663513876995e-06,240455502
550,-0.241540916453995,0.195127426682355,0.785416666666612,0.535805720619385,1.15131159772723,0.214583333333388,-0.151311597727226,0.464194279380615,106,0.215767063844052,615032203
898,-0.872615668371493,0.191070501407037,0.417857142857143,0.287334864062431,0.607669356123792,0.582142857142857,0.392330643876208,0.712665135937569,115,4.94794904074835e-06,419262226
874,-0.770650741410105,0.201887781576316,0.462711864547768,0.311503868398063,0.687318172625952,0.537288135452232,0.312681827374048,0.688496131601937,101,0.00013496201938011,684264194
274,-0.500987174765135,0.187432576475357,0.605932203390175,0.419644114142389,0.87491715654254,0.394067796609825,0.12508284345746,0.580355885857611,114,0.00752002884611077,112776461
674,-0.723770040603845,0.192742345157409,0.484920635003112,0.332359489753743,0.707511082129928,0.515079364996888,0.292488917870072,0.667640510246257,110,0.000173260580845853,497343533
450,-1.19292296797178,0.204706526281427,0.303333333384162,0.203083026324621,0.45307140043733,0.696666666615838,0.54692859956267,0.796916973675379,110,5.62709530179577e-09,665419825
650,-0.729275904465093,0.194597437526342,0.482258064604555,0.329334978819128,0.706189308254017,0.517741935395445,0.293810691745983,0.670665021180872,108,0.000178525351717551,998412381
600,-0.776528789174019,0.192675234052882,0.46000000014949,0.315320622492725,0.671062991265064,0.53999999985051,0.328937008734936,0.684679377507275,111,5.57182658761733e-05,747493394
148,-0.878807638619415,0.188753859096103,0.415277777777778,0.28686074088155,0.601182414108244,0.584722222222222,0.398817585891756,0.71313925911845,118,3.22663513876992e-06,734486861
400,-0.713349887730692,0.189189795309325,0.490000000071918,0.338187408959839,0.709961381498366,0.509999999928082,0.290038618501634,0.661812591040161,114,0.000162887109506956,258360946
575,-0.860345575779679,0.200657070085893,0.423015873015873,0.285467752739044,0.626839378901611,0.576984126984127,0.373160621098389,0.714532247260956,104,1.80580245753615e-05,64427508
250,-0.791796261248868,0.192069377006821,0.45303030320287,0.310912013160035,0.660111050499819,0.54696969679713,0.339888949500181,0.689087986839965,112,3.74865197900706e-05,609976607
300,-0.548565951744898,0.183657721673092,0.577777777780054,0.403116985843908,0.828114845613873,0.422222222219946,0.171885154386127,0.596883014156092,119,0.00281828401134599,286643536
99,-0.631453611519583,0.183493960854072,0.531818181836808,0.371169975550094,0.761997459824269,0.468181818163192,0.238002540175731,0.628830024449906,120,0.000578974740436343,538685853
700,-0.395691596281192,0.18734599586724,0.67321428571428,0.46632008599691,0.971902107799816,0.32678571428572,0.0280978922001839,0.53367991400309,114,0.0346787342768437,296969000
225,-0.609474704814315,0.199802273802188,0.54363636364806,0.367482358524731,0.804230431814312,0.45636363635194,0.195769568185688,0.632517641475269,101,0.00228544964856824,780560199
975,-0.559400293908961,0.191961512933157,0.571551724141124,0.392335496945505,0.832632723554113,0.428448275858876,0.167367276445887,0.607664503054495,109,0.00356684375388889,299843657
324,-1.25746148926537,0.202660870843986,0.284375000003286,0.191155222603713,0.423054832221458,0.715624999996714,0.576945167778542,0.808844777396287,115,5.47814267641855e-10,853169748
199,-0.642092009716115,0.188363635052279,0.52619047621339,0.363753823061983,0.761164281180611,0.47380952378661,0.238835718819389,0.636246176938017,114,0.000652517727501594,63616141
25,-0.273940444599579,0.187074735831342,0.760377358490494,0.526976043753975,1.0971537210426,0.239622641509506,-0.0971537210425986,0.473023956246025,115,0.143101911114679,684525606
949,-0.815628736521316,0.185194633159517,0.442361111321926,0.307708138468023,0.635938177599759,0.557638888678074,0.364061822400241,0.692291861531977,121,1.06189414214276e-05,416206857
374,-0.93287485988969,0.186807454807416,0.393421052631579,0.272801530318725,0.567372640735937,0.606578947368421,0.432627359264063,0.727198469681275,122,5.92096157633293e-07,839229525
1000,-0.579202921200752,0.192980256270732,0.560344827591797,0.38387539424077,0.817938139613985,0.439655172408203,0.182061860386015,0.61612460575923,108,0.00268777975517002,659334987
525,-0.889090505574999,0.194837615224652,0.411029411764706,0.280560689870176,0.602169810082148,0.588970588235294,0.397830189917852,0.719439310129824,111,5.03705400416184e-06,236085501
475,-0.836248024200618,0.209426954145848,0.433333333333333,0.28744684818392,0.653260868797664,0.566666666666667,0.346739131202336,0.71255315181608,95,6.523442503132e-05,460920001
498,-0.582013885805605,0.194812789401513,0.558771929830581,0.38142542079688,0.818576981351385,0.441228070169419,0.181423018648615,0.61857457920312,106,0.002812188655778,741827941
850,-1.07391967524401,0.192900898684547,0.341666666951524,0.234101970014601,0.498654972012762,0.658333333048476,0.501345027987238,0.765898029985399,119,2.58851424388444e-08,978510611
775,-0.903689304996151,0.194289906008204,0.405072463768116,0.276791566560256,0.592805998182215,0.594927536231884,0.407194001817785,0.723208433439744,112,3.29942413967673e-06,88613501
624,-0.623686582187286,0.197029072458084,0.535964912296599,0.364271260361029,0.788583724470603,0.464035087703401,0.211416275529397,0.635728739638971,104,0.00154840827722773,2430373
899,-1.09726184886207,0.199572801198289,0.333783784020157,0.225729623636657,0.493562221386358,0.666216215979843,0.506437778613642,0.774270376363343,112,3.84007411217433e-08,119596268
875,-0.628142350218297,0.181953816437139,0.533582089569662,0.373526891894082,0.76222047860013,0.466417910430338,0.23777952139987,0.626473108105918,122,0.000556019725082114,521596834
275,-0.900786545338189,0.190029237516523,0.40625,0.279924037607102,0.589585174288058,0.59375,0.410414825711942,0.720075962392898,117,2.13452172578497e-06,83029370
675,-0.72803443938008,0.183075076172569,0.482857142944205,0.337275560724206,0.691277541697991,0.517142857055795,0.308722458302009,0.662724439275794,122,6.98785769247155e-05,184549955
49,-0.707769699292243,0.193405346363665,0.492741935550511,0.337281558401345,0.719857368427932,0.507258064449489,0.280142631572068,0.662718441598655,109,0.000252693392802374,714288725
149,-0.829130555897454,0.188579717962086,0.436428571661756,0.301573952394453,0.631586039345963,0.563571428338244,0.368413960654037,0.698426047605547,117,1.09903424864063e-05,924880397
124,-0.810272537343061,0.207809733377602,0.444736842307306,0.295947818100501,0.66833018122913,0.555263157692695,0.33166981877087,0.704052181899499,96,9.65478149998684e-05,783181554
100,-0.500987174765135,0.187432576475357,0.605932203390175,0.419644114142389,0.87491715654254,0.394067796609825,0.12508284345746,0.580355885857611,114,0.00752002884611077,400916404
950,-0.546295803210649,0.196443328843502,0.579090909093023,0.394034167954679,0.851058888458511,0.420909090906977,0.148941111541489,0.605965832045321,104,0.0054202865160944,142004193
375,-0.770290056105341,0.190861496626054,0.462878788019262,0.318423915757873,0.672866458187457,0.537121211980738,0.327133541812543,0.681576084242127,113,5.4402922488833e-05,702993364
325,-0.677642993940169,0.188745860880797,0.507812500042561,0.350786296260959,0.735130014906959,0.492187499957439,0.264869985093041,0.649213703739041,114,0.000330373263442611,435740422
625,-0.733063787772509,0.184663468935945,0.480434782701361,0.334540431205973,0.689954214494308,0.519565217298639,0.310045785505692,0.665459568794027,120,7.19546521996164e-05,694163935
499,-0.851996381168758,0.198581277590622,0.4265625,0.289034698734882,0.629528451783394,0.5734375,0.370471548216606,0.710965301265118,106,1.78338367608775e-05,565827713
900,-0.667171694086818,0.199414347204553,0.513157894772695,0.347143641372279,0.758565024917585,0.486842105227305,0.241434975082415,0.652856358627721,102,0.000820883359459829,949029806
200,-1.02990114700412,0.199312650585153,0.357042253521127,0.241581892542902,0.52768512348998,0.642957746478873,0.47231487651002,0.758418107457098,110,2.37545221322216e-07,267210130
50,-0.658566846903399,0.204387701371007,0.517592592623528,0.346747170293571,0.772615077758034,0.482407407376472,0.227384922241966,0.65325282970643,97,0.00127234647085507,447287443
125,-0.728617359826518,0.188572740383827,0.482575757663459,0.333466409631307,0.698359280450289,0.517424242336541,0.301640719549711,0.666533590368693,115,0.000111612377729063,79738083
150,-0.924440736236079,0.185104318511735,0.396753246753247,0.276031984557348,0.570271372941344,0.603246753246753,0.429728627058656,0.723968015442652,124,5.90921411079258e-07,344332802
500,-0.495321437229603,0.207498326633144,0.609375000000257,0.405752997815642,0.915182124653172,0.390624999999743,0.0848178753468279,0.594247002184358,93,0.0169813856756332,482822271
