"rep","est_V","se_V","IRR_V","IRR_V_CI_Lower","IRR_V_CI_Upper","VE","VE_CI_Lower","VE_CI_Upper","n_event","p_val","seed"
51,-1.02607430664864,0.162157167386756,0.358411214953271,0.260827368319068,0.492504294438678,0.641588785046729,0.507495705561322,0.739172631680932,166,2.4891791849763e-10,141740232
226,-0.572433433147235,0.142490446983404,0.564150943400878,0.426684857288396,0.745904808909086,0.435849056599122,0.254095191090914,0.573315142711604,198,5.88572639919829e-05,346565291
326,-0.880520847878606,0.142195973080735,0.414566929133858,0.313730847613138,0.547812687337031,0.585433070866142,0.452187312662969,0.686269152386862,208,5.92906455006115e-10,540684368
251,-0.611271291782313,0.1419976158799,0.54266055047089,0.410827646180542,0.716798092278233,0.45733944952911,0.283201907721767,0.589172353819458,200,1.67136900352935e-05,878523235
151,-0.602633173000834,0.138522909625802,0.547368421062637,0.417223559512967,0.718109468042379,0.452631578937363,0.281890531957621,0.582776440487033,210,1.35875516838391e-05,859712859
701,-0.783223555543457,0.154872518994829,0.456930693228749,0.337304864557537,0.618982055560871,0.543069306771251,0.381017944439129,0.662695135442464,172,4.25424541610972e-07,255629491
526,-0.947743528425961,0.156712881765415,0.387614678899083,0.285105744955126,0.526980399225861,0.612385321100917,0.473019600774139,0.714894255044874,174,1.46980391174622e-09,118930898
126,-0.803187161514244,0.143521717151601,0.447899159854441,0.338075999517506,0.593398104818516,0.552100840145559,0.406601895181484,0.661924000482494,201,2.19004782030456e-08,470750640
176,-0.740937844182597,0.150036070696624,0.476666666768529,0.355225265824953,0.639625423829464,0.523333333231471,0.360374576170536,0.644774734175047,182,7.87669248230706e-07,60346710
101,-0.793688409393661,0.145587266518869,0.452173913218995,0.339923662588831,0.601491659152585,0.547826086781005,0.398508340847415,0.660076337411169,195,4.99092526108926e-08,846316326
76,-0.379047241693289,0.131350366831089,0.684513274336267,0.529146879825455,0.885497846830575,0.315486725663733,0.114502153169425,0.470853120174545,232,0.00390454613236465,305736404
1,-0.675905374044074,0.157348193844208,0.508695652215303,0.373699916096717,0.692457384753012,0.491304347784697,0.307542615246988,0.626300083903283,164,1.74219119849891e-05,21896348
201,-0.733593869946298,0.145616382868171,0.480180180273449,0.360956893658597,0.638782662357252,0.519819819726551,0.361217337642748,0.639043106341403,193,4.70783812201089e-07,949063253
276,-0.976605381895541,0.147088878143435,0.376587301587302,0.282269134480292,0.502421194502607,0.623412698412698,0.497578805497393,0.717730865519708,199,3.14621637485169e-11,8807655
26,-0.603802080205292,0.143027638949964,0.546728971972897,0.413072935912368,0.723631452964409,0.453271028027103,0.276368547035591,0.586927064087632,197,2.42599886554514e-05,203950013
651,-0.611271291782313,0.1419976158799,0.54266055047089,0.410827646180542,0.716798092278233,0.45733944952911,0.283201907721767,0.589172353819458,200,1.67136900352933e-05,174113873
901,-0.77287840995573,0.150012296589896,0.461682243134837,0.344074488569528,0.619489385894832,0.538317756865162,0.380510614105168,0.655925511430472,183,2.57585091583166e-07,54245983
826,-0.315713586307762,0.151870626418049,0.729268292682857,0.54152039768437,0.982109344332681,0.270731707317143,0.0178906556673188,0.45847960231563,174,0.037632753240158,354516258
301,-0.70572596263562,0.149243467070042,0.493750000064773,0.36852829611266,0.661520608147375,0.506249999935227,0.338479391852625,0.63147170388734,183,2.25974051026146e-06,634050138
426,-0.603252176424842,0.147192717147718,0.547029702980447,0.409939946968195,0.729964225628621,0.452970297019553,0.270035774371379,0.590060053031805,186,4.16045878519692e-05,663523796
351,-0.779833934583832,0.146924467926268,0.458482143011511,0.343763760530964,0.611483523265373,0.541517856988489,0.388516476734627,0.656236239469036,191,1.11004995895257e-07,588086886
501,-0.85277732615183,0.143863551017884,0.426229508196721,0.321504189323251,0.565067578248444,0.573770491803279,0.434932421751556,0.678495810676749,202,3.07241467010945e-09,676621845
451,-0.503353608926651,0.144057933388073,0.604500000000386,0.455799631766626,0.801712473053436,0.395499999999614,0.198287526946564,0.544200368233374,193,0.000475653117036009,280987677
626,-0.712195375386306,0.148101189271756,0.490566037806654,0.366972497500445,0.655784940529577,0.509433962193346,0.344215059470423,0.633027502499555,186,1.51806331046077e-06,437766502
376,-0.543723327269708,0.143451396233934,0.580582524273785,0.438286313918003,0.769077328650472,0.419417475726215,0.230922671349528,0.561713686081997,195,0.000150467555587551,250983878
601,-0.568933254565822,0.151981469871747,0.566129032262282,0.420289524211544,0.762574517581624,0.433870967737718,0.237425482418376,0.579710475788456,174,0.000181519193619824,677553520
551,-0.80115670397197,0.139394263901303,0.448809523996847,0.341514739151154,0.589813456751346,0.551190476003153,0.410186543248654,0.658485260848846,213,9.06180478139151e-09,485974466
676,-0.590631617020815,0.157152695480997,0.553977272734771,0.407120837228729,0.753807692074079,0.446022727265229,0.246192307925921,0.592879162771271,163,0.000171051510557521,499111234
576,-0.918486122437591,0.151847436956557,0.399122807017544,0.296383329611772,0.537476298988297,0.600877192982456,0.462523701011703,0.703616670388228,184,1.45980304825953e-09,601407159
751,-0.777407523849614,0.156162493529501,0.45959595974674,0.33841565621707,0.624168658674699,0.54040404025326,0.375831341325301,0.66158434378293,169,6.41795984467093e-07,816872550
776,-0.440833251945953,0.14177803109442,0.643500000000001,0.48737906715616,0.849630765671198,0.356499999999999,0.150369234328802,0.51262093284384,199,0.00187518574127571,343303147
476,-0.523156236221923,0.143375764132816,0.592647058824446,0.447460250827825,0.784942429374388,0.407352941175554,0.215057570625612,0.552539749172175,195,0.000263419854071874,205635436
951,-0.820622705799861,0.139649284720357,0.440157480534017,0.334763731757539,0.578732369402469,0.559842519465983,0.421267630597531,0.665236268242461,213,4.19508451646981e-09,599175337
801,-0.518751689037123,0.148393290491975,0.595263157895504,0.445037293838509,0.796198952432752,0.404736842104496,0.203801047567248,0.554962706161491,182,0.000472661624923149,219610932
976,-0.519336313432579,0.133168447953878,0.594915254238073,0.458249412048693,0.77233958281117,0.405084745761927,0.22766041718883,0.541750587951307,226,9.625426739308e-05,649605279
401,-0.727048732057719,0.141567162223615,0.483333333419322,0.366222110114091,0.63789461297532,0.516666666580678,0.36210538702468,0.633777889885909,204,2.8107192930214e-07,559801892
876,-0.809579776667012,0.148885539069374,0.445045045245959,0.332408690691341,0.595848116624277,0.554954954754041,0.404151883375723,0.667591309308659,187,5.40035115285954e-08,708515003
926,-0.692262616043642,0.142631729974102,0.500442477929438,0.378395372937534,0.661854482447647,0.499557522070562,0.338145517552353,0.621604627062466,200,1.21303424461338e-06,551290317
726,-0.953584730905161,0.138531764999734,0.385357142857143,0.293727738266748,0.50557066359242,0.614642857142857,0.49442933640758,0.706272261733252,223,5.83956706663727e-12,101352066
851,-0.593301845575734,0.14752866122326,0.552500000008009,0.413766816809215,0.737749470493669,0.447499999991991,0.262250529506331,0.586233183190785,185,5.78031906581253e-05,466224805
227,-0.808077146788636,0.153012085832311,0.445714285912756,0.330226887060598,0.601590095933839,0.554285714087244,0.398409904066161,0.669773112939402,177,1.28387578349197e-07,987939535
52,-1.02165124753198,0.146905400109038,0.36,0.269933258608251,0.480118680699833,0.64,0.519881319300167,0.730066741391749,202,3.53854915967814e-12,224956499
327,-0.564314308710482,0.143542312940772,0.568750000003694,0.429277347046142,0.753537461806555,0.431249999996306,0.246462538193445,0.570722652953858,195,8.44720613459168e-05,252078631
252,-0.665902658385078,0.146874103553763,0.513809523844618,0.385285519055968,0.68520672004567,0.486190476155382,0.31479327995433,0.614714480944032,188,5.79228298765259e-06,971177926
152,-0.775623402062376,0.141767553461933,0.460416666814832,0.348721140325986,0.607888316959268,0.539583333185168,0.392111683040732,0.651278859674014,205,4.47269697851089e-08,238064465
352,-0.721472509443449,0.145110998134506,0.486036036116106,0.365720887288328,0.645932558446454,0.513963963883894,0.354067441553546,0.634279112711672,194,6.63113654467081e-07,393783298
277,-0.740937844182597,0.150036070696624,0.476666666768529,0.355225265824953,0.639625423829464,0.523333333231471,0.360374576170536,0.644774734175047,182,7.87669248230706e-07,384461149
102,-0.693973968426442,0.137902686636947,0.499586776914208,0.381265892148186,0.654627001280564,0.500413223085792,0.345372998719436,0.618734107851814,214,4.84514975349568e-07,411623442
652,-0.832019687544198,0.145371263037093,0.435169491763418,0.32727904364898,0.578626985859629,0.564830508236582,0.421373014140371,0.67272095635102,197,1.0440542078345e-08,577593105
702,-0.718464988386313,0.139443337754107,0.487500000076987,0.370919986936827,0.640721067736743,0.512499999923013,0.359278932263257,0.629080013063173,210,2.57201946327395e-07,723359412
377,-0.358957181521248,0.143315344507664,0.698404255319115,0.527371473639438,0.924904982974738,0.301595744680885,0.0750950170252616,0.472628526360562,195,0.0122566806852663,88191855
202,-0.941608539858445,0.155699788832305,0.39,0.287430404782491,0.529171574994301,0.61,0.470828425005699,0.71256959521751,176,1.47028221763923e-09,520395687
2,-0.49202654133282,0.142924126334512,0.611386138614077,0.462017420699132,0.809045273495968,0.388613861385923,0.190954726504032,0.537982579300868,196,0.00057621126309455,753347115
127,-0.721367748037696,0.142560720923313,0.486086956601701,0.367592009140395,0.642779286554242,0.513913043398299,0.357220713445758,0.632407990859605,201,4.19094556615293e-07,20878054
527,-0.730887508355423,0.147510200524072,0.481481481571697,0.360594150927217,0.642895666777656,0.518518518428303,0.357104333222344,0.639405849072783,188,7.23947120439644e-07,633241796
77,-0.767255152420348,0.156492159283365,0.464285714421898,0.341648055769917,0.630945269483466,0.535714285578102,0.369054730516534,0.658351944230083,168,9.44635834875881e-07,153494876
952,-0.753556308105551,0.143267063762448,0.470689655290065,0.355455720429382,0.623280872592103,0.529310344709935,0.376719127407897,0.644544279570618,200,1.44211040583808e-07,168870122
177,-0.965325066475761,0.145416069721793,0.380859375,0.286408740486224,0.506457530867037,0.619140625,0.493542469132963,0.713591259513777,203,3.17179897555749e-11,344161356
502,-0.628313891517166,0.144665874129481,0.533490566055219,0.401778718020574,0.708380437550562,0.466509433944781,0.291619562449438,0.598221281979426,193,1.40417471960638e-05,165461556
27,-0.721178694251765,0.13783920530007,0.486178861868384,0.371079641499615,0.636978856539835,0.513821138131616,0.363021143460165,0.628920358500385,215,1.67659604700182e-07,454706232
452,-0.522217122050598,0.142643036060008,0.593203883496028,0.448524337216455,0.7845524048452,0.406796116503972,0.2154475951548,0.551475662783545,197,0.000251226110408175,253622884
302,-0.744440474724092,0.150908181857166,0.475000000106117,0.353378670465758,0.638479396063814,0.524999999893883,0.361520603936186,0.646621329534242,180,8.09475405231545e-07,119066588
827,-0.387765531008778,0.146681037555932,0.678571428571419,0.509026560617474,0.904587735294003,0.321428571428581,0.0954122647059972,0.490973439382526,186,0.00820302906376947,469430958
627,-0.743466290528976,0.148045557537572,0.475462963067886,0.355713285164303,0.635525966214266,0.524537036932114,0.364474033785734,0.644286714835697,187,5.11694708588292e-07,354052670
902,-0.793688409393662,0.145587266518869,0.452173913218995,0.33992366258883,0.601491659152584,0.547826086781005,0.398508340847416,0.66007633741117,195,4.99092526108918e-08,485277786
427,-0.698378229860198,0.141630817752481,0.49739130440617,0.376826830819837,0.656529974685252,0.50260869559383,0.343470025314748,0.623173169180163,203,8.1819589920992e-07,467373752
602,-0.788845784936282,0.153615190496972,0.454368932206839,0.336241365976655,0.613996811353416,0.545631067793161,0.386003188646584,0.663758634023345,175,2.8183380715108e-07,872802899
577,-0.709496318422734,0.144615942804966,0.491891891960137,0.370486468229317,0.653080892623482,0.508108108039863,0.346919107376518,0.629513531770683,195,9.29181305777599e-07,33912408
677,-0.64013314523246,0.157511082937008,0.527222222244296,0.387186343164379,0.7179056713532,0.472777777755704,0.2820943286468,0.612813656835621,163,4.82281874086846e-05,960496420
477,-0.630395969962219,0.145436297052976,0.532380952399187,0.400338085854393,0.707975305103876,0.467619047600813,0.292024694896124,0.599661914145607,191,1.46081102754739e-05,258548228
752,-0.500462836729891,0.141154748293848,0.606250000000335,0.459727636402893,0.799471324752609,0.393749999999665,0.200528675247391,0.540272363597107,201,0.000391882927605651,231197399
552,-0.683618257121434,0.156002974359604,0.504787234089313,0.371807709482096,0.685327778852334,0.495212765910687,0.314672221147666,0.628192290517904,167,1.17549055434783e-05,53660877
777,-0.840682621268483,0.148939218661363,0.43141592920354,0.322195064742189,0.577661560767486,0.56858407079646,0.422338439232514,0.677804935257811,188,1.65693004268576e-08,19163661
977,-0.755443991529638,0.153621678922687,0.469801980318141,0.347657684183982,0.634859836994266,0.530198019681859,0.365140163005734,0.652342315816018,174,8.76291128218055e-07,937044459
877,-0.613104472863004,0.14272480642946,0.541666666679344,0.409491164118831,0.716505760076349,0.458333333320656,0.283494239923651,0.590508835881169,198,1.74134582709553e-05,367755486
802,-0.774116242777044,0.143510282966011,0.461111111257084,0.348056231043832,0.610888235751673,0.538888888742916,0.389111764248327,0.651943768956168,200,6.8848018622277e-08,89693386
402,-1.14640295209407,0.150196280099557,0.31777777790819,0.236742494011106,0.426550867236912,0.68222222209181,0.573449132763088,0.763257505988894,201,2.29889734568449e-14,131534054
727,-0.683373668640706,0.142908447272714,0.504910714332297,0.381566901843084,0.668126161404823,0.495089285667703,0.331873838595177,0.618433098156916,199,1.73647484430692e-06,163838051
927,-0.849853676256397,0.150690540997089,0.427477477477478,0.318159735501343,0.574356127944845,0.572522522522522,0.425643872055155,0.681840264498657,184,1.7031890836215e-08,370153225
852,-0.50816957970707,0.148770127195963,0.601595744681335,0.449439660510952,0.805263691253324,0.398404255318665,0.194736308746676,0.550560339489048,181,0.000635940268322518,339540123
53,-1.08531525974973,0.151741658399753,0.337795275852304,0.250894324817116,0.454795653394349,0.662204724147696,0.545204346605651,0.749105675182884,193,8.52809307606469e-13,120765147
228,-0.738267615633933,0.152109351787561,0.477941176569275,0.354730665265799,0.643947057943981,0.522058823430725,0.356052942056019,0.645269334734201,177,1.2128172374724e-06,983343078
328,-0.671944972833352,0.142450720573898,0.510714285753095,0.386299132595201,0.675199760144463,0.489285714246905,0.324800239855537,0.613700867404799,200,2.39307046039953e-06,845306396
253,-0.80052994118365,0.149160329263728,0.449090909277232,0.335249980675405,0.601588833470281,0.550909090722768,0.398411166529719,0.664750019324595,186,8.00973603958347e-08,391173019
153,-0.553843008844996,0.149770082774328,0.574736842107956,0.428533237420163,0.770821044511782,0.425263157892044,0.229178955488218,0.571466762579837,179,0.000217343507084141,912700088
103,-0.624938930502933,0.14733866930757,0.535294117663374,0.401030651927134,0.714508457216566,0.464705882336626,0.285491542783434,0.598969348072866,186,2.22017696834574e-05,982318595
278,-0.515940724431619,0.145997235397671,0.596938775510886,0.448390825888439,0.794699358539269,0.403061224489114,0.205300641460731,0.551609174111561,188,0.000409464360081047,748112363
653,-0.582013885805605,0.137753444447676,0.558771929830581,0.426558535332999,0.731965354585738,0.441228070169419,0.268034645414262,0.573441464667001,212,2.38897779336625e-05,950027521
703,-0.849151429036526,0.146744749596098,0.427777777777778,0.320855037904452,0.570331787076343,0.572222222222222,0.429668212923657,0.679144962095548,194,7.18304006842121e-09,722287355
528,-0.712422673943461,0.145392922322805,0.490454545525569,0.368841758636266,0.652164934133466,0.509545454474431,0.347835065866534,0.631158241363734,193,9.58455311390546e-07,926337622
353,-0.783003509333667,0.137563116822652,0.45703125015911,0.349021322063833,0.59846648447397,0.54296874984089,0.40153351552603,0.650978677936167,218,1.25590611941609e-08,150308933
378,-0.889090505574998,0.137770998955567,0.411029411764706,0.313763205040911,0.5384480226533,0.588970588235294,0.4615519773467,0.686236794959089,222,1.0937268270899e-10,927712441
128,-0.680724660473108,0.148192657130808,0.506250000044692,0.378637145883534,0.676872476278603,0.493749999955308,0.323127523721397,0.621362854116466,185,4.35849190302643e-06,934311844
3,-0.770865264632339,0.147197951262902,0.462612612753907,0.346674857737263,0.617323191176415,0.537387387246093,0.382676808823585,0.653325142262737,190,1.63270194282241e-07,65789280
203,-0.485441328630079,0.147899468993367,0.615425531915041,0.460556857805534,0.822370960097254,0.384574468084959,0.177629039902746,0.539443142194466,183,0.00102986464739013,259276574
478,-0.680594714400737,0.155047829080978,0.506315789518285,0.373632391532902,0.686117383088156,0.493684210481715,0.313882616911844,0.626367608467098,169,1.1357024845142e-05,343425877
978,-0.763488669637203,0.150305878128391,0.466037735980007,0.347120680376182,0.625693551654704,0.533962264019993,0.374306448345296,0.652879319623818,182,3.78297535738685e-07,350312875
303,-0.595085967368564,0.148343425893245,0.551515151523516,0.412370220589398,0.737611367584353,0.448484848476484,0.262388632415647,0.587629779410602,183,6.03232976493028e-05,46205164
78,-0.639184185628387,0.148647610307516,0.527722772298903,0.39434538255097,0.706211703561268,0.472277227701097,0.293788296438732,0.60565461744903,183,1.708009024467e-05,652080749
553,-0.795756662449728,0.142018395686042,0.451239669600248,0.341602464287785,0.596064902065234,0.548760330399752,0.403935097934766,0.658397535712215,205,2.10437124129568e-08,727390933
178,-0.615211955201414,0.152264715668216,0.540526315802749,0.401059568020874,0.728492028047282,0.459473684197251,0.271507971952718,0.598940431979126,174,5.33577260184853e-05,667736495
953,-0.866884993662508,0.148168900206844,0.420258620689655,0.314336660041177,0.561873082957728,0.579741379310345,0.438126917042272,0.685663339958823,191,4.89643366620525e-09,111710164
503,-0.683485269555779,0.149025963723841,0.504854368978702,0.376977116914484,0.676109828530261,0.495145631021298,0.323890171469739,0.623022883085516,183,4.51061610102401e-06,669715715
828,-0.362574666065965,0.150843352095357,0.695882352941146,0.517771008249613,0.935263352755069,0.304117647058854,0.0647366472449312,0.482228991750387,176,0.0162322934970839,110827108
603,-0.980142203860688,0.167828547058176,0.375257731958763,0.27006837490025,0.521417457511811,0.624742268041237,0.478582542488189,0.729931625099751,153,5.21569868281077e-09,939353570
453,-0.9173158472894,0.146731232683464,0.399590163934426,0.299720837637608,0.53273673052456,0.600409836065574,0.46726326947544,0.700279162362392,197,4.06076077975122e-10,574687713
628,-0.487295126355529,0.150389221574404,0.614285714285879,0.457466059316747,0.824863246334172,0.385714285714121,0.175136753665828,0.542533940683253,177,0.00119434827905904,713462518
28,-0.591125566153925,0.141876088459713,0.553703703711294,0.419287855152663,0.731210760664595,0.446296296288706,0.268789239335405,0.580712144847337,200,3.09322947202408e-05,475654344
903,-0.748140756456395,0.144291796699879,0.473245614145807,0.356668863362588,0.627925323216575,0.526754385854193,0.372074676783425,0.643331136637412,197,2.16112961897529e-07,978700650
428,-0.696486081711559,0.138574523453757,0.498333333390094,0.379808858462883,0.653844968684298,0.501666666609906,0.346155031315702,0.620191141537117,212,5.00617648500438e-07,230103587
753,-0.978078219639836,0.150167163839608,0.37603305785124,0.280158307283605,0.504717714666277,0.62396694214876,0.495282285333723,0.719841692716395,191,7.35356315194315e-11,378175243
578,-0.75030559415962,0.14251917214392,0.472222222335685,0.357136206673703,0.624394343392326,0.527777777664315,0.375605656607674,0.642863793326297,202,1.40499415296982e-07,591770335
678,-0.713187931296963,0.135877973658729,0.490079365151127,0.37549734966186,0.639625777287682,0.509920634848873,0.360374222712318,0.62450265033814,221,1.53144404615396e-07,937392603
878,-0.840354806153272,0.143326202502617,0.43155737704918,0.325866007808475,0.571528681184293,0.56844262295082,0.428471318815707,0.674133992191525,203,4.53942705115847e-09,838167774
778,-0.430782916092454,0.146647115021353,0.65,0.487626283032936,0.86644222163772,0.35,0.13355777836228,0.512373716967064,186,0.00330819125533682,768007095
803,-0.697661860798468,0.144130894991471,0.497747747805488,0.375253596573576,0.660227703898526,0.502252252194512,0.339772296101474,0.624746403426424,196,1.29529753216123e-06,319425736
403,-0.793688409393661,0.145587266518869,0.452173913218995,0.33992366258883,0.601491659152585,0.547826086781005,0.398508340847415,0.66007633741117,195,4.99092526108923e-08,222371055
928,-0.759806328431449,0.149441652087214,0.467757009471728,0.348991893685183,0.626938974425879,0.532242990528272,0.373061025574121,0.651008106314817,184,3.6898256088135e-07,420270417
728,-0.788845784936282,0.153615190496972,0.454368932206839,0.336241365976655,0.613996811353416,0.545631067793161,0.386003188646584,0.663758634023345,175,2.8183380715108e-07,485478641
104,-0.547316732344628,0.14572561564864,0.578500000002185,0.434771927215652,0.769742085570608,0.421499999997815,0.230257914429392,0.565228072784348,189,0.00017278644007447,201203583
279,-0.819854213930534,0.143037004859559,0.44049586798638,0.33280398634332,0.583035713739638,0.55950413201362,0.416964286260362,0.66719601365668,203,9.9392078563431e-09,885206623
853,-0.638422280830255,0.141129665263895,0.528125000021359,0.400504073336418,0.696412431773884,0.471874999978641,0.303587568226116,0.599495926663582,203,6.07800273161889e-06,862355211
654,-0.90078654533819,0.152362350055011,0.40625,0.301371587982635,0.547626481994413,0.59375,0.452373518005587,0.698628412017365,182,3.37704765044151e-09,229179216
54,-0.586787164556794,0.15523570497183,0.556111111117919,0.41022743424326,0.753873442129223,0.443888888882081,0.246126557870777,0.58977256575674,167,0.000156843779057485,224480837
229,-0.746902923634376,0.148883535732584,0.473831775810102,0.353911183441293,0.634386711333178,0.526168224189898,0.365613288666822,0.646088816558707,185,5.2568590953512e-07,130993326
154,-0.836248024200618,0.150075056296916,0.433333333333334,0.322907385355585,0.581522090524495,0.566666666666666,0.418477909475505,0.677092614644415,185,2.51544376189202e-08,894639621
254,-0.502241880073995,0.154401851951032,0.605172413793469,0.447148757437001,0.819042084598016,0.394827586206531,0.180957915401984,0.552851242562999,168,0.00114264688291654,205298921
329,-0.660960494001585,0.145294529403984,0.516355140219167,0.388394952301293,0.686472955559746,0.483644859780833,0.313527044440254,0.611605047698707,192,5.38738113439145e-06,780229195
354,-0.693973968426442,0.137902686636947,0.499586776914208,0.381265892148187,0.654627001280564,0.500413223085792,0.345372998719436,0.618734107851813,214,4.84514975349575e-07,121161746
379,-0.689891615997574,0.15796857997499,0.501630434834078,0.368061828227608,0.6836707146828,0.498369565165922,0.3163292853172,0.631938171772392,163,1.25808526084679e-05,320413827
704,-0.66064541759331,0.142001853806941,0.516517857174932,0.391032760214081,0.682271983131343,0.483482142825068,0.317728016868657,0.608967239785919,201,3.28138773030994e-06,451768573
4,-0.5553456387293,0.138611293340969,0.573873873876696,0.437351184165284,0.753013219220608,0.426126126123304,0.246986780779392,0.562648815834716,209,6.16260811487018e-05,432470168
529,-0.61508663406591,0.147667708060099,0.54059405941918,0.404740149670995,0.72204830016707,0.45940594058082,0.27795169983293,0.595259850329005,185,3.10884990770403e-05,927873606
604,-0.590747565771557,0.137476302709033,0.553913043485781,0.423079079680703,0.72520640816189,0.446086956514219,0.27479359183811,0.576920920319297,213,1.73057669025131e-05,307208220
829,-0.595862666436437,0.153915814775071,0.551086956530262,0.407574263964928,0.745132508376242,0.448913043469738,0.254867491623758,0.592425736035072,170,0.000108232299542362,625428229
454,-0.763927362338585,0.141284253578193,0.465833333464888,0.353158112723049,0.614457623226638,0.534166666535112,0.385542376773362,0.646841887276951,206,6.4080528099579e-08,6993313
204,-0.752682945607246,0.147758383091603,0.47110091754771,0.352648293335866,0.6293411274301,0.52889908245229,0.3706588725699,0.647351706664134,188,3.50564950442795e-07,478667564
129,-0.793688409393661,0.145587266518869,0.452173913218995,0.339923662588831,0.601491659152585,0.547826086781005,0.398508340847415,0.660076337411169,195,4.9909252610893e-08,749180151
554,-0.836248024200618,0.150075056296916,0.433333333333334,0.322907385355585,0.581522090524495,0.566666666666666,0.418477909475505,0.677092614644415,185,2.51544376189205e-08,838078585
979,-0.916290731874155,0.142099640014701,0.4,0.302764225960262,0.528464020121717,0.6,0.471535979878283,0.697235774039737,210,1.13166201177605e-10,196597623
954,-0.619183518935935,0.149318893821825,0.538383838398297,0.401782985561959,0.721427158103948,0.461616161601703,0.278572841896052,0.598217014438041,181,3.37273327397526e-05,543343929
779,-0.626274936044783,0.143907716110348,0.534579439269107,0.403197454004259,0.70877227534838,0.465420560730893,0.29122772465162,0.596802545995741,195,1.34950215047511e-05,581663180
629,-0.857662118704435,0.146497744891174,0.424152542372881,0.318289980769693,0.565224763802899,0.575847457627119,0.434775236197101,0.681710019230307,195,4.78622688262644e-09,392995187
504,-0.607989372198861,0.136934620091587,0.544444444455757,0.416288688852281,0.712053344317316,0.455555555544243,0.287946655682684,0.583711311147719,215,8.99599187447918e-06,103977302
179,-0.621301240062439,0.150165777209517,0.537244897974306,0.400268080502065,0.72109692093705,0.462755102025694,0.27890307906295,0.599731919497935,179,3.51208900706492e-05,363362751
79,-0.648785067856577,0.152084815714468,0.522680412397095,0.38795503732674,0.704191948082658,0.477319587602905,0.295808051917342,0.61204496267326,175,1.99060112757092e-05,386128806
479,-0.598774647314953,0.15001466695528,0.549484536091613,0.409508347328546,0.737306717612707,0.450515463908387,0.262693282387293,0.590491652671454,179,6.56731109161133e-05,307004358
29,-0.622321127962546,0.142426904191803,0.536697247721872,0.405971332853713,0.709517920113896,0.463302752278128,0.290482079886104,0.594028667146287,199,1.24584318981202e-05,766078136
429,-0.683485269555779,0.149025963723841,0.504854368978702,0.376977116914484,0.67610982853026,0.495145631021298,0.32389017146974,0.623022883085516,183,4.510616101024e-06,595587354
904,-0.759286982796896,0.138242942352507,0.468000000125234,0.356921942016115,0.613646779124972,0.531999999874766,0.386353220875028,0.643078057983885,215,3.96484579064021e-08,663878353
729,-0.620403775340425,0.14170363467416,0.537727272742112,0.407327480866462,0.709872604803367,0.462272727257888,0.290127395196633,0.592672519133538,201,1.19675438942083e-05,328736672
929,-0.493961817713594,0.14516765083876,0.610204081632892,0.459100937781165,0.811039557098281,0.389795918367108,0.188960442901719,0.540899062218835,190,0.000667237490530501,111640686
105,-0.683485269555779,0.149025963723841,0.504854368978702,0.376977116914484,0.67610982853026,0.495145631021298,0.32389017146974,0.623022883085516,183,4.510616101024e-06,97680824
754,-0.827879774001232,0.144579947926299,0.436974790147069,0.329146853421615,0.580126971408366,0.563025209852931,0.419873028591634,0.670853146578385,199,1.02763422642473e-08,888831535
679,-0.549842276104332,0.147303545463818,0.577040816328903,0.432336127653348,0.770178762336768,0.422959183671097,0.229821237663232,0.567663872346652,185,0.000189426261803261,52840441
579,-0.689644549906545,0.141899845623358,0.50175438601619,0.379931944113145,0.662638316644177,0.49824561398381,0.337361683355823,0.620068055886855,202,1.17338543504954e-06,581490799
304,-0.724774157565046,0.148634417655186,0.484433962347694,0.362006807156915,0.648264781866834,0.515566037652306,0.351735218133166,0.637993192843085,185,1.08137862764696e-06,572791020
230,-0.493961817713594,0.14516765083876,0.610204081632892,0.459100937781165,0.811039557098281,0.389795918367108,0.188960442901719,0.540899062218835,190,0.000667237490530499,631637517
879,-0.799434050667349,0.142763882347366,0.449583333517911,0.339851637003003,0.594745329342908,0.550416666482089,0.405254670657092,0.660148362996997,203,2.14730546950538e-08,105642447
55,-0.741838339513377,0.153017984602276,0.476237623865323,0.352837355216831,0.642795528964077,0.523762376134677,0.357204471035923,0.647162644783169,175,1.24683035983546e-06,409815533
804,-0.856248690907289,0.158279832102909,0.424752475247525,0.311464017426017,0.579247216804918,0.575247524752475,0.420752783195082,0.688535982573983,167,6.3125328347612e-08,518929880
404,-0.977326622460524,0.154672056222437,0.376315789473684,0.277904351993214,0.509576666905382,0.623684210526316,0.490423333094618,0.722095648006786,180,2.63769446217487e-10,637754066
255,-0.527946664544231,0.139511078025763,0.589814814815919,0.448707813317523,0.775296318564798,0.410185185184081,0.224703681435202,0.551292186682477,206,0.000154164494871626,449807083
854,-0.827437393991511,0.148349089167058,0.437168141823287,0.326868847703167,0.584687055888483,0.562831858176713,0.415312944111517,0.673131152296833,189,2.43807515704238e-08,779059522
355,-0.839986346311226,0.136742976504623,0.431716417910448,0.330219512786955,0.564409607174465,0.568283582089552,0.435590392825535,0.669780487213045,223,8.10734089189466e-10,850241619
280,-0.819854213930534,0.143037004859559,0.44049586798638,0.33280398634332,0.583035713739638,0.55950413201362,0.416964286260362,0.66719601365668,203,9.93920785634317e-09,365169288
655,-0.933240290187928,0.14930589483817,0.39327731092437,0.293500931266329,0.526972921757291,0.60672268907563,0.473027078242709,0.706499068733671,191,4.0907415913411e-10,407376068
155,-0.661306574641432,0.148827418780322,0.516176470620679,0.385581399445057,0.691003635564082,0.483823529379321,0.308996364435918,0.614418600554943,183,8.85294498277345e-06,509366131
330,-0.76553249911458,0.143766763979965,0.46508620703033,0.350880286186048,0.616464328392525,0.53491379296967,0.383535671607475,0.649119713813952,199,1.01051668897693e-07,700151554
830,-0.81755589070379,0.152718208314793,0.441509434176253,0.327300006117477,0.595571575995234,0.558490565823747,0.404428424004766,0.672699993882523,178,8.63347665146461e-08,406306586
205,-0.645558217689507,0.137186107208823,0.524369747923616,0.400741760862837,0.686136707952404,0.475630252076384,0.313863292047596,0.599258239137163,215,2.52982295014594e-06,356503707
705,-0.680724660473108,0.148192657130808,0.506250000044692,0.378637145883534,0.676872476278603,0.493749999955308,0.323127523721397,0.621362854116466,185,4.35849190302643e-06,559511639
380,-0.793688409393661,0.145587266518869,0.452173913218995,0.33992366258883,0.601491659152584,0.547826086781005,0.398508340847416,0.66007633741117,195,4.99092526108921e-08,619812876
955,-0.938787663516803,0.150196815257315,0.391101694915254,0.291368056503564,0.524973593883699,0.608898305084746,0.475026406116301,0.708631943496436,189,4.09446616694856e-10,790631912
630,-0.602633173000834,0.138522909625802,0.547368421062637,0.417223559512967,0.718109468042379,0.452631578937363,0.281890531957621,0.582776440487033,210,1.35875516838391e-05,548385067
505,-0.82317594212468,0.147509127885127,0.439035087942585,0.328805621091083,0.586218106020026,0.560964912057415,0.413781893979974,0.671194378908917,191,2.39816430516137e-08,50610370
530,-0.565702233985054,0.144290848549655,0.567961165052389,0.428053496049532,0.753597127426194,0.432038834947611,0.246402872573806,0.571946503950468,193,8.83401211012094e-05,992951120
605,-0.617112494258308,0.148486338668013,0.539500000013833,0.403273466499099,0.721744112107548,0.460499999986167,0.278255887892452,0.596726533500901,183,3.23836616180949e-05,851010333
455,-0.805476365099156,0.148039131359989,0.446875000194261,0.334329672009196,0.597306438876677,0.553124999805739,0.402693561123323,0.665670327990804,189,5.29914542757486e-08,999862783
5,-0.647311228239677,0.140849453357234,0.523451327458894,0.397177861780914,0.689870505344579,0.476548672541106,0.310129494655421,0.602822138219086,204,4.31160898952215e-06,559470037
980,-0.60771362423089,0.140576303767797,0.544594594605836,0.413441968447274,0.717351636041561,0.455405405394164,0.282648363958439,0.586558031552726,204,1.5391049829081e-05,259703377
130,-0.579995314268934,0.146271128294537,0.559900990104719,0.420344167136321,0.745791528061283,0.440099009895281,0.254208471938717,0.579655832863679,188,7.33322543223762e-05,660556512
555,-0.9606050405491,0.147523375320722,0.382661290322581,0.286577709271525,0.510959709614414,0.617338709677419,0.489040290385586,0.713422290728475,197,7.43819271037807e-11,965038164
480,-0.617368871647079,0.153162693541205,0.539361702141569,0.399491722051386,0.728202938081481,0.460638297858431,0.271797061918519,0.600508277948614,172,5.55862690435504e-05,967232694
180,-0.696892503175482,0.146768240240919,0.498130841178594,0.373606203494736,0.664160103906811,0.501869158821406,0.335839896093189,0.626393796505264,189,2.05182885081544e-06,623198553
780,-1.03958894821865,0.150684711742569,0.3536,0.26317776666538,0.47508937242018,0.6464,0.52491062757982,0.73682223333462,193,5.23328935385287e-12,649334275
30,-0.559037251610609,0.140661206623312,0.571759259262418,0.43399244597783,0.753258849507735,0.428240740737582,0.246741150492265,0.56600755402217,203,7.05709097975608e-05,820273394
80,-0.718464988386313,0.144337567295778,0.487500000076987,0.367378942814892,0.64689676619492,0.512499999923013,0.35310323380508,0.632621057185108,196,6.43537697720986e-07,495256695
106,-0.827664279981292,0.146428147818198,0.437068965747985,0.328027387362334,0.582357718226149,0.562931034252015,0.417642281773851,0.671972612637666,194,1.58261737401484e-08,396427240
430,-0.870734200271787,0.147079811694292,0.41864406779661,0.313798150040754,0.558520996629619,0.58135593220339,0.441479003370381,0.686201849959246,194,3.21652731144672e-09,859385245
730,-0.788619974842459,0.140563111363782,0.454471544883104,0.345031828159815,0.598624150734194,0.545528455116896,0.401375849265806,0.654968171840185,209,2.01820532176456e-08,285578814
930,-0.689194606142661,0.150736534785786,0.501980198070733,0.373576384425756,0.674518330815988,0.498019801929267,0.325481669184012,0.626423615574244,179,4.82675460002855e-06,192795845
755,-0.759806328431449,0.149441652087214,0.467757009471728,0.348991893685183,0.626938974425879,0.532242990528272,0.373061025574121,0.651008106314817,184,3.6898256088135e-07,985374379
905,-0.642092009716115,0.145905844317714,0.52619047621339,0.395319013978831,0.70038730105833,0.47380952378661,0.29961269894167,0.604680986021169,190,1.07888040323153e-05,141810887
281,-0.784422955982703,0.160592070234682,0.456382978884658,0.333144939532639,0.625209627100543,0.543617021115342,0.374790372899457,0.666855060467361,160,1.03655640826734e-06,215255572
305,-0.573883759724532,0.133972825411376,0.563333333338175,0.433239029360096,0.732492741751879,0.436666666661825,0.267507258248121,0.566760970639904,224,1.83907187060893e-05,711948466
680,-0.997636371328108,0.162986309724951,0.36875,0.267915494195254,0.507535269314816,0.63125,0.492464730685184,0.732084505804746,163,9.30000411052673e-10,604405587
805,-0.748140756456394,0.144291796699879,0.473245614145807,0.356668863362589,0.627925323216576,0.526754385854193,0.372074676783424,0.643331136637411,197,2.16112961897533e-07,348599621
580,-0.915291231541071,0.144868951079978,0.4004,0.301426474527334,0.531871529371789,0.5996,0.468128470628211,0.698573525472665,202,2.6486119528786e-10,914587459
231,-0.685965821055003,0.14365554630957,0.503603603652089,0.380022233789421,0.667373029947257,0.496396396347911,0.332626970052743,0.619977766210579,197,1.79641452325676e-06,529534750
880,-0.828643424283216,0.137830418079286,0.436641221606419,0.333275408025393,0.572066080529468,0.563358778393581,0.427933919470532,0.666724591974607,219,1.83191311182536e-09,175313655
405,-0.754832632461291,0.145856951977099,0.470089285833603,0.353204875967122,0.625653697589716,0.529910714166397,0.374346302410284,0.646795124032878,193,2.27719358456439e-07,658519635
56,-1.19625075807813,0.156264534203353,0.302325581441874,0.222567774964356,0.410664828764205,0.697674418558126,0.589335171235795,0.777432225035644,189,1.9287234083495e-14,122104473
855,-0.710096738733746,0.139694210528819,0.491596638724272,0.373853092244733,0.64642304749696,0.508403361275728,0.35357695250304,0.626146907755267,209,3.71084790029445e-07,554137131
256,-0.534161270543918,0.137220849463844,0.586160714287104,0.44793408305931,0.767042285835782,0.413839285712896,0.232957714164218,0.55206591694069,213,9.91297387424416e-05,796274371
356,-0.735443324879629,0.154271320203336,0.47929292938832,0.354229753095991,0.648510493977014,0.52070707061168,0.351489506022986,0.645770246904009,172,1.86797319814293e-06,365574545
656,-0.778184222915039,0.162031418559837,0.459239130586707,0.334285464249938,0.630899640028467,0.540760869413293,0.369100359971533,0.665714535750062,157,1.56559983301585e-06,298548541
156,-0.737937091751456,0.139643896628124,0.478099173652016,0.363624295427559,0.628612616706405,0.521900826347984,0.371387383293595,0.636375704572441,210,1.26103188757157e-07,77159033
331,-0.712634068088185,0.142827997258558,0.490350877264209,0.370622298350474,0.648757465225169,0.509649122735791,0.351242534774831,0.629377701649526,200,6.05494313380494e-07,353591610
606,-0.758286482466446,0.14665950023127,0.46846846859236,0.351433835235654,0.624478021355315,0.53153153140764,0.375521978644685,0.648566164764345,191,2.33608770512624e-07,825621867
531,-0.617112494258308,0.148486338668013,0.539500000013832,0.403273466499099,0.721744112107548,0.460499999986168,0.278255887892452,0.596726533500901,183,3.23836616180946e-05,62373538
831,-0.877070018720873,0.143178210632764,0.416,0.314209865478316,0.550765647464825,0.584,0.449234352535175,0.685790134521684,205,9.02728937075613e-10,605658421
6,-0.547419819814424,0.139583631838108,0.57844036697467,0.439992010121967,0.76045303198356,0.42155963302533,0.23954696801644,0.560007989878033,206,8.78880173033872e-05,517119370
381,-0.784954729457785,0.145848996648029,0.456140351039252,0.342729590006469,0.607079242391312,0.543859648960748,0.392920757608688,0.657270409993531,194,7.36755931819792e-08,911914080
706,-1.0152962556496,0.151336062009081,0.362295081967213,0.269305330150124,0.487393719034303,0.637704918032787,0.512606280965697,0.730694669849876,190,1.96116973328183e-11,565501829
206,-0.774554454877192,0.148025071897417,0.4609090910557,0.344838783763648,0.61604784676249,0.5390909089443,0.38395215323751,0.655161216236352,188,1.67151564161939e-07,425285868
131,-0.49463438807858,0.145939334449374,0.609793814433238,0.458098877913983,0.811721036764599,0.390206185566762,0.188278963235401,0.541901122086017,188,0.000700674479385945,186961470
481,-0.96736103596086,0.151549760456343,0.380084745762712,0.282410636808202,0.511540271975017,0.619915254237288,0.488459728024983,0.717589363191798,187,1.73510374226014e-10,751941466
556,-1.03155677652138,0.150898636448357,0.356451612903226,0.265188955019711,0.479121584576806,0.643548387096774,0.520878415423194,0.734811044980289,192,8.13833865162643e-12,974727042
631,-0.627493210306307,0.140705851498437,0.533928571445765,0.405241695178947,0.703480719772011,0.466071428554235,0.296519280227989,0.594758304821053,204,8.21089571765406e-06,970449488
956,-0.518644271882506,0.139820871207325,0.595327102804502,0.452626433538271,0.783017369452053,0.404672897195498,0.216982630547947,0.547373566461729,205,0.00020779364281857,21220798
506,-0.686716290132189,0.135945514068945,0.50322580650066,0.385519076712686,0.656870768854242,0.49677419349934,0.343129231145758,0.614480923287314,220,4.38564605578607e-07,352576798
456,-0.501163712853681,0.141864035367474,0.605825242718794,0.458767325818184,0.800022591104803,0.394174757281206,0.199977408895197,0.541232674181816,199,0.000411331994412387,723274215
31,-0.973449145714104,0.152488986159492,0.377777777777778,0.280180268577436,0.509372234195257,0.622222222222222,0.490627765804743,0.719819731422564,185,1.72821033449985e-10,117985714
107,-0.930276973848896,0.150437746557379,0.394444444444444,0.293719649704451,0.529710626815882,0.605555555555556,0.470289373184118,0.706280350295549,188,6.25765435879426e-10,544231486
431,-0.66778350199746,0.144229743476082,0.51284403673347,0.386559837245019,0.68038368364268,0.48715596326653,0.31961631635732,0.613440162754981,195,3.65668307576995e-06,346075639
981,-0.814925254258178,0.145872949861725,0.442672414002762,0.332594588614594,0.589182364437406,0.557327585997238,0.410817635562594,0.667405411385406,195,2.31636523775521e-08,992907732
756,-0.773380745826322,0.135596002733573,0.461450381824298,0.353757358923055,0.601927986838305,0.538549618175702,0.398072013161695,0.646242641076945,224,1.17326604967302e-08,175773613
781,-0.706630530764261,0.143851580841321,0.493303571494167,0.372106770531668,0.653974700060423,0.506696428505834,0.346025299939577,0.627893229468332,197,9.00511896605245e-07,523246623
856,-0.826395727235162,0.156865778452283,0.437623762604872,0.321792933676334,0.595148424822389,0.562376237395128,0.404851575177611,0.678207066323666,169,1.37789808721245e-07,435892350
181,-0.670455769283836,0.136430890849461,0.511475409873935,0.391466474089581,0.668274583447074,0.488524590126065,0.331725416552926,0.608533525910419,218,8.91220875722594e-07,638575612
81,-0.576875534580599,0.144722814097305,0.561650485442145,0.422939118600597,0.745855027175423,0.438349514557855,0.254144972824577,0.577060881399403,192,6.71761787856564e-05,834951436
931,-0.87048119584286,0.156654900177789,0.41875,0.308041994909862,0.569245639872287,0.58125,0.430754360127713,0.691958005090138,171,2.74953709760686e-08,611967726
731,-0.674404998670907,0.143189601167037,0.509459459499858,0.384792342660713,0.67451690716918,0.490540540500142,0.32548309283082,0.615207657339287,198,2.47869817072689e-06,427356117
906,-0.734163897891634,0.148337528090421,0.479906542149995,0.358832307193927,0.641832646005022,0.520093457850005,0.358167353994978,0.641167692806073,186,7.44886848075936e-07,94265367
681,-0.782626932414752,0.14325770150687,0.457203389989052,0.345277489490732,0.605411433354077,0.542796610010948,0.394588566645923,0.654722510509268,201,4.67968465454075e-08,385412946
282,-0.510825623765081,0.151306883167198,0.600000000000546,0.446024379729329,0.807130767647996,0.399999999999454,0.192869232352004,0.553975620270671,175,0.000735239196126176,712642228
232,-0.709162595743861,0.147280254631959,0.492056074834289,0.368679863367322,0.656719297251393,0.507943925165711,0.343280702748607,0.631320136632678,188,1.47159006238009e-06,23306429
806,-0.806395060612504,0.157502039516739,0.446464646660391,0.327884657778455,0.607929270213893,0.553535353339609,0.392070729786107,0.672115342221545,167,3.05693920734837e-07,677208579
306,-0.885971459553049,0.138662873363843,0.412313432835821,0.314193670762895,0.541075084307318,0.587686567164179,0.458924915692682,0.685806329237105,219,1.66546569696884e-10,197189738
881,-0.807260486885412,0.155208362701115,0.446078431569695,0.329077074097695,0.604678911945733,0.553921568430304,0.395321088054267,0.670922925902305,172,1.98069391595614e-07,184230688
581,-0.631453611519582,0.149822191658236,0.531818181836808,0.396491882400874,0.713332582799895,0.468181818163192,0.286667417200105,0.603508117599126,180,2.50125070084711e-05,854155526
406,-0.734163897891634,0.148337528090421,0.479906542149995,0.358832307193927,0.641832646005021,0.520093457850005,0.358167353994979,0.641167692806073,186,7.44886848075916e-07,519771399
332,-0.691313999373315,0.145186341751147,0.500917431245242,0.376862831373046,0.665807959917793,0.499082568754758,0.334192040082207,0.623137168626954,193,1.92098742221198e-06,804671553
607,-0.387107852589807,0.132195234314932,0.679017857142847,0.524030311073009,0.879844620771618,0.320982142857153,0.120155379228382,0.475969688926991,229,0.00340816477424302,565725987
257,-0.790156916625658,0.151484242666146,0.453773585075686,0.337206230292153,0.61063660162519,0.546226414924313,0.38936339837481,0.662793769707847,180,1.82729822519057e-07,101663067
357,-0.558616287596887,0.146163047189189,0.572000000003119,0.429518443812986,0.76174610128273,0.427999999996881,0.23825389871727,0.570481556187014,188,0.000132443058706062,882722348
832,-0.854105641600624,0.149542873570215,0.42566371681416,0.317523233184327,0.570634148547052,0.57433628318584,0.429365851452948,0.682476766815673,187,1.12022028478819e-08,662803217
657,-0.891817875355429,0.152626089823213,0.40990990990991,0.303929499348176,0.552845757330923,0.59009009009009,0.447154242669077,0.696070500651824,181,5.1221366057658e-09,737982555
382,-0.58345975629021,0.13841544665471,0.557964601776162,0.42538993072188,0.731856760941468,0.442035398223838,0.268143239058532,0.57461006927812,210,2.49469339314716e-05,611469119
57,-0.680833920238147,0.142173112386055,0.506194690310255,0.383088938986459,0.668860513634803,0.493805309689745,0.331139486365197,0.616911061013541,201,1.67809116266449e-06,332545176
157,-0.6166822942089,0.140289912682873,0.539732142870848,0.409980586476726,0.710547756788711,0.460267857129152,0.289452243211289,0.590019413523274,205,1.10380384724983e-05,840288004
632,-0.813775167879745,0.149747261818884,0.443181818389588,0.330458429635024,0.594356525775505,0.556818181610412,0.405643474224495,0.669541570364976,185,5.50044973077068e-08,474029294
482,-0.656333207379893,0.147185520301182,0.518750000029743,0.388752833715088,0.692217623108258,0.481249999970257,0.307782376891742,0.611247166284912,187,8.225691313499e-06,888180988
32,-0.740104163436289,0.147221981802658,0.477064220284351,0.357487834963163,0.636637804189804,0.52293577971565,0.363362195810196,0.642512165036837,189,4.97872702910056e-07,791740544
457,-0.70329019039854,0.145679458735013,0.494954128502959,0.372016644360091,0.658517819124774,0.505045871497041,0.341482180875226,0.627983355639909,192,1.38150045190388e-06,630664454
532,-0.509035112991365,0.149601454367217,0.601075268817708,0.448319749051862,0.805879017260257,0.398924731182292,0.194120982739743,0.551680250948138,179,0.00066745957197465,970770490
432,-0.450201001949545,0.139353170699529,0.637500000000007,0.485134941109186,0.83771795342307,0.362499999999993,0.16228204657693,0.514865058890814,206,0.00123510067398829,375158765
207,-0.671944972833352,0.152286225967599,0.510714285753095,0.378923670579226,0.688342011660524,0.489285714246905,0.311657988339476,0.621076329420774,175,1.02239610313504e-05,484727340
132,-0.531426441870002,0.149676329974686,0.587765957448066,0.438328496386694,0.788150493483017,0.412234042551934,0.211849506516983,0.561671503613306,179,0.000384493965108768,801617376
957,-0.644357016344964,0.146697465963262,0.525000000023913,0.39381313207887,0.699887783249211,0.474999999976087,0.300112216750789,0.60618686792113,188,1.12095415944123e-05,93215736
7,-0.819006217275303,0.146683894795582,0.440869565433774,0.330713985865836,0.587716220155912,0.559130434566226,0.412283779844088,0.669286014134164,193,2.35756373550052e-08,143221614
707,-0.596909786950552,0.149171962525496,0.550510204090373,0.410950930960587,0.737463920812215,0.449489795909627,0.262536079187785,0.589049069039413,181,6.29454433400677e-05,312229004
782,-0.591125566153925,0.141876088459713,0.553703703711294,0.419287855152663,0.731210760664595,0.446296296288706,0.268789239335405,0.580712144847337,200,3.09322947202408e-05,792807435
507,-0.522801814811182,0.151780116484649,0.592857142858046,0.440305983510733,0.798262129066067,0.407142857141954,0.201737870933933,0.559694016489267,174,0.000572183517106996,688934750
857,-0.712422673943461,0.145392922322805,0.490454545525569,0.368841758636266,0.652164934133466,0.509545454474431,0.347835065866534,0.631158241363734,193,9.58455311390546e-07,436398270
557,-0.752682945607246,0.147758383091603,0.47110091754771,0.352648293335866,0.6293411274301,0.52889908245229,0.3706588725699,0.647351706664134,188,3.50564950442792e-07,113055410
82,-0.501878837775591,0.142584141327501,0.605392156863104,0.457792790585564,0.800579806253764,0.394607843136896,0.199420193746236,0.542207209414435,197,0.000431744706032667,685249329
982,-0.561403098503575,0.147756517992909,0.570408163268696,0.426987494848809,0.762002345850376,0.429591836731304,0.237997654149624,0.573012505151191,184,0.000144979568982628,273808282
932,-0.728827775397529,0.155557601031746,0.482474226892056,0.355683114996853,0.65446283447317,0.517525773107944,0.34553716552683,0.644316885003147,169,2.796050302898e-06,474824909
108,-0.653926467351864,0.146385010941834,0.520000000028496,0.390301478506508,0.692797785610047,0.479999999971504,0.307202214389953,0.609698521493492,189,7.92618059978511e-06,833389816
682,-0.700702532082821,0.157598208155713,0.496236559200114,0.364368578960643,0.675828644141587,0.503763440799886,0.324171355858413,0.635631421039357,164,8.74299908853638e-06,586680883
757,-0.827198188154784,0.15034767241995,0.437272727502696,0.325668850057352,0.58712228137255,0.562727272497304,0.41287771862745,0.674331149942648,184,3.75715383845469e-08,62819159
807,-0.781265889441425,0.145056303499748,0.457826087113025,0.344531064447706,0.608376856749408,0.542173912886975,0.391623143250592,0.655468935552294,196,7.20632948518289e-08,196695935
182,-0.568933254565821,0.151981469871747,0.566129032262283,0.420289524211544,0.762574517581624,0.433870967737717,0.237425482418376,0.579710475788456,174,0.000181519193619827,337943073
283,-0.736164565442724,0.143793921042212,0.478947368517279,0.361318487813652,0.634870867520992,0.521052631482721,0.365129132479008,0.638681512186348,198,3.06215913126824e-07,458769806
732,-0.472894401442479,0.145127414786312,0.623195876288724,0.468912587927103,0.828242001222723,0.376804123711276,0.171757998777277,0.531087412072897,190,0.00112011797094919,556085029
233,-0.601408433105475,0.146396135691279,0.548039215695998,0.41133817749002,0.730170449466661,0.451960784304002,0.269829550533339,0.58866182250998,188,3.98945453362242e-05,562304112
907,-0.682097344283034,0.139771311562133,0.50555555560122,0.384410579167716,0.664878735524467,0.49444444439878,0.335121264475533,0.615589420832284,208,1.0603449879701e-06,359741832
307,-0.604293843185227,0.139197246063152,0.546460177001548,0.415981108414929,0.717866073741743,0.453539822998452,0.282133926258257,0.584018891585071,208,1.41656815493632e-05,658047519
882,-0.689644549906545,0.141899845623358,0.501754386016191,0.379931944113146,0.662638316644177,0.498245613983809,0.337361683355823,0.620068055886855,202,1.17338543504954e-06,280586868
407,-0.698378229860198,0.141630817752481,0.49739130440617,0.376826830819837,0.656529974685253,0.50260869559383,0.343470025314747,0.623173169180163,203,8.18195899209924e-07,540266955
582,-0.618524540329283,0.140991397703374,0.538738738752996,0.408663744381975,0.710215752249079,0.461261261247004,0.289784247750921,0.591336255618025,203,1.14942477939093e-05,440102358
358,-0.701073245710101,0.142359343556339,0.496052631639597,0.375276409720411,0.655698591712429,0.503947368360403,0.344301408287571,0.624723590279589,201,8.45014498316797e-07,566653128
333,-0.777653859605624,0.14427685748316,0.459482758771833,0.34630641474695,0.609646245689225,0.540517241228167,0.390353754310775,0.65369358525305,198,7.04533420007372e-08,195633595
258,-0.691313999373314,0.145186341751147,0.500917431245242,0.376862831373047,0.665807959917794,0.499082568754758,0.334192040082206,0.623137168626953,193,1.92098742221199e-06,865940298
608,-0.753556308105551,0.143267063762448,0.470689655290065,0.355455720429382,0.623280872592103,0.529310344709935,0.376719127407897,0.644544279570618,200,1.44211040583808e-07,421833339
658,-0.777653859605624,0.14427685748316,0.459482758771833,0.34630641474695,0.609646245689225,0.540517241228167,0.390353754310775,0.65369358525305,198,7.04533420007372e-08,193730037
833,-0.573203256125793,0.138034920055635,0.563716814164044,0.430096047893232,0.738850422197195,0.436283185835956,0.261149577802805,0.569903952106768,211,3.28724787468718e-05,792239584
158,-0.441254215959747,0.14471690452791,0.643229166666668,0.484375843823618,0.854179179507882,0.356770833333332,0.145820820492118,0.515624156176382,191,0.00229539140266356,968447033
208,-0.704671666282774,0.155291006833072,0.494270833397156,0.364570093066416,0.670114365915947,0.505729166602844,0.329885634084053,0.635429906933584,169,5.68577807563026e-06,644613269
383,-0.792152703953118,0.141284914950126,0.452868852632137,0.343329020274013,0.597357594533269,0.547131147367863,0.402642405466731,0.656670979725987,207,2.06131557237981e-08,566622595
58,-0.871649951251535,0.149027399116493,0.418260869565217,0.312316467533322,0.560143870706359,0.581739130434783,0.439856129293641,0.687683532466678,189,4.94762671640096e-09,388353686
633,-0.628313891517166,0.144665874129481,0.533490566055219,0.401778718020574,0.708380437550562,0.466509433944781,0.291619562449438,0.598221281979426,193,1.40417471960639e-05,608761259
708,-0.771108721723403,0.152081879682309,0.462500000141643,0.343288619765001,0.62310906279809,0.537499999858357,0.37689093720191,0.656711380234999,178,3.97079792759645e-07,279355329
483,-0.929224480658723,0.157259053084834,0.394859813084112,0.290124087105619,0.537405472066371,0.605140186915888,0.462594527933629,0.709875912894381,172,3.44446711551017e-09,543679525
508,-0.748023790552161,0.151796150137493,0.473300970984358,0.351502386664257,0.637303806840739,0.526699029015642,0.362696193159261,0.648497613335743,178,8.31530473075529e-07,903254061
33,-1.0152962556496,0.151336062009081,0.362295081967213,0.269305330150124,0.487393719034303,0.637704918032787,0.512606280965697,0.730694669849876,190,1.96116973328183e-11,905463144
533,-0.792572960314075,0.147475707313409,0.452678571602347,0.33904581432114,0.604395867851196,0.547321428397653,0.395604132148804,0.66095418567886,190,7.68973523746943e-08,990131575
458,-0.690294111474269,0.14788336125428,0.501428571480354,0.375258493888579,0.670019776744835,0.498571428519646,0.329980223255165,0.624741506111421,186,3.04400386416304e-06,883680580
133,-1.08408418732371,0.154126835090311,0.33821138237813,0.250031784012282,0.457489593261097,0.66178861762187,0.542510406738903,0.749968215987718,187,2.01106115154464e-12,930762322
433,-0.399366719859081,0.144732775219906,0.67074468085106,0.505080353424313,0.890746242335099,0.32925531914894,0.109253757664901,0.494919646575687,191,0.00579185058099302,913231118
8,-0.757467146085591,0.139858348604158,0.468852459139192,0.356441740839613,0.616714046797848,0.531147540860808,0.383285953202152,0.643558259160387,210,6.0960913702319e-08,418236693
958,-0.598774647314953,0.15001466695528,0.549484536091613,0.409508347328546,0.737306717612707,0.450515463908387,0.262693282387293,0.590491652671454,179,6.56731109161133e-05,426878783
933,-0.723944454138366,0.138512570909684,0.484836065656433,0.369566676402732,0.636058458650226,0.515163934343567,0.363941541349774,0.630433323597268,213,1.72691505793111e-07,351677887
758,-0.77372766690406,0.160947827951084,0.461290322726055,0.336492434494717,0.632373093796999,0.538709677273945,0.367626906203001,0.663507565505283,159,1.52967254541116e-06,904546195
858,-0.731368393191565,0.150340937877086,0.481250000090753,0.358426659159322,0.646161653071688,0.518749999909247,0.353838346928312,0.641573340840678,181,1.14611914940937e-06,311265554
783,-0.774554454877193,0.148025071897417,0.4609090910557,0.344838783763648,0.61604784676249,0.5390909089443,0.38395215323751,0.655161216236352,188,1.67151564161938e-07,794352981
109,-0.594412339859346,0.143335527261168,0.551886792461059,0.416718305848664,0.730899092788036,0.448113207538941,0.269100907211964,0.583281694151336,196,3.36861003345524e-05,680165036
983,-0.816445396424441,0.140587004664534,0.442000000212159,0.335547798838343,0.582224055302681,0.557999999787841,0.417775944697319,0.664452201161657,210,6.34492780177742e-09,354424396
284,-0.718464988386313,0.141827157231194,0.487500000076987,0.369191016647868,0.643721649115145,0.512499999923013,0.356278350884855,0.630808983352132,203,4.06734274241105e-07,962673635
83,-0.543723327269708,0.143451396233934,0.580582524273785,0.438286313918003,0.769077328650472,0.419417475726215,0.230922671349528,0.561713686081997,195,0.000150467555587551,349752006
558,-0.861565832184908,0.145443618470685,0.4225,0.317705607943127,0.561860557500624,0.5775,0.438139442499376,0.682294392056873,198,3.147581310737e-09,68640060
234,-0.683485269555779,0.149025963723841,0.504854368978702,0.376977116914484,0.67610982853026,0.495145631021298,0.32389017146974,0.623022883085516,183,4.51061610102398e-06,218320909
808,-0.530312511437437,0.148842946645837,0.588421052632786,0.43953438590922,0.787741178577519,0.411578947367214,0.212258821422481,0.56046561409078,181,0.000366780643157215,44233103
683,-0.968515992778369,0.154922795848897,0.379646017699115,0.280225934285304,0.51433889986804,0.620353982300885,0.48566110013196,0.719774065714696,179,4.06258049010944e-10,363216012
308,-0.761815429142242,0.147475885954373,0.46681818194684,0.349635934084172,0.62327465157998,0.53318181805316,0.37672534842002,0.650364065915828,189,2.39547291080348e-07,7269882
883,-0.66778350199746,0.144229743476082,0.51284403673347,0.386559837245019,0.680383683642679,0.48715596326653,0.319616316357321,0.613440162754981,195,3.6566830757699e-06,507241067
359,-0.613104472863004,0.151382517704713,0.541666666679344,0.402601211957947,0.728767746039867,0.458333333320656,0.271232253960133,0.597398788042053,176,5.12100052422745e-05,497278770
183,-0.617994458154448,0.133917896001231,0.539024390257999,0.414588543839129,0.700808784059764,0.460975609742001,0.299191215940236,0.585411456160871,225,3.93613381164152e-06,963312269
609,-0.648506399887923,0.156150820461419,0.52282608698235,0.384982891190238,0.710024064664739,0.47717391301765,0.289975935335261,0.615017108809762,166,3.28034123299171e-05,931492436
733,-0.466500998694472,0.133651931955623,0.627192982456179,0.482654611209846,0.815015599366664,0.372807017543821,0.184984400633336,0.517345388790154,224,0.000482267076186661,892784562
908,-1.0106014113454,0.149284005458436,0.364,0.271663072240953,0.487721790477588,0.636,0.512278209522412,0.728336927759047,195,1.29088669049552e-11,328894252
159,-0.690294111474269,0.14788336125428,0.501428571480354,0.375258493888579,0.670019776744835,0.498571428519646,0.329980223255165,0.624741506111421,186,3.04400386416306e-06,100856991
834,-0.947473659310843,0.153224711380059,0.387719298245614,0.287139081763723,0.523531151902791,0.612280701754386,0.476468848097209,0.712860918236277,182,6.26732894156536e-10,981831057
408,-0.770650741410105,0.142756219391322,0.462711864547768,0.349781085570112,0.6121036225967,0.537288135452232,0.3878963774033,0.650218914429888,202,6.72494648233411e-08,479307679
634,-0.544896222856397,0.144197546988963,0.579901960786331,0.437132807989843,0.769300034170954,0.420098039213669,0.230699965829046,0.562867192010157,193,0.000157574812491843,981511718
484,-0.70478488451081,0.13832580390864,0.494214876096982,0.376853606618113,0.648125265265316,0.505785123903018,0.351874734734684,0.623146393381887,213,3.48542843024643e-07,343317844
583,-0.613104472863004,0.14272480642946,0.541666666679344,0.409491164118831,0.716505760076349,0.458333333320656,0.283494239923651,0.590508835881169,198,1.74134582709553e-05,149725415
259,-0.721837672857292,0.1536701780241,0.485858585939036,0.359505541569355,0.656620102433496,0.514141414060964,0.343379897566504,0.640494458430645,173,2.63600058137763e-06,863819312
659,-0.629233854782873,0.148980273698051,0.533000000017813,0.398029233401327,0.713739032661819,0.466999999982187,0.286260967338181,0.601970766598673,182,2.40425093996333e-05,378132950
334,-0.822825003361397,0.149473550637394,0.439189189411894,0.327657055771219,0.58868606886023,0.560810810588106,0.41131393113977,0.672342944228781,186,3.69545472876666e-08,339231586
434,-0.520731152753994,0.150057968979973,0.594086021506208,0.442710435312839,0.797221327524552,0.405913978493792,0.202778672475448,0.557289564687161,178,0.000520071099098405,978308578
384,-0.671944972833352,0.152286225967599,0.510714285753095,0.378923670579226,0.688342011660524,0.489285714246905,0.311657988339476,0.621076329420774,175,1.02239610313504e-05,190255278
9,-0.691313999373314,0.145186341751147,0.500917431245242,0.376862831373047,0.665807959917794,0.499082568754758,0.334192040082206,0.623137168626953,193,1.920987422212e-06,18534576
209,-0.795756662449728,0.142018395686042,0.451239669600248,0.341602464287784,0.596064902065234,0.548760330399752,0.403935097934766,0.658397535712216,205,2.10437124129565e-08,160505073
959,-0.988492125757296,0.144799589500775,0.372137404580153,0.280188102659159,0.494261699812847,0.627862595419847,0.505738300187153,0.719811897340841,206,8.69371042477649e-12,707194009
59,-0.668454567898099,0.147683806039862,0.512500000036631,0.383694157403605,0.684545868029105,0.487499999963369,0.315454131970895,0.616305842596395,186,6.00381249028938e-06,581751049
709,-0.750305594159621,0.14251917214392,0.472222222335685,0.357136206673703,0.624394343392325,0.527777777664315,0.375605656607675,0.642863793326297,202,1.40499415296979e-07,178248328
759,-0.504210384646604,0.135548393741619,0.603982300885359,0.463068469035803,0.787776849808722,0.396017699114641,0.212223150191278,0.536931530964198,218,0.000199395334406801,661066531
859,-0.964865402022712,0.152730389929816,0.381034482758621,0.282461939295474,0.514006515048579,0.618965517241379,0.485993484951421,0.717538060704526,184,2.65927946021481e-10,248155205
509,-0.588175089831187,0.145163267487657,0.555339805832294,0.417826140004477,0.738111550269556,0.444660194167706,0.261888449730444,0.582173859995523,191,5.08212675564112e-05,223129989
34,-0.897402447353949,0.148283814978911,0.407627118644068,0.304820139095987,0.545107906409496,0.592372881355932,0.454892093590504,0.695179860904013,192,1.43125583555056e-09,542395674
459,-0.918769047888622,0.161338223484314,0.399009900990099,0.290838788931013,0.547412886958118,0.600990099009901,0.452587113041882,0.709161211068987,163,1.23605798782642e-08,763482808
534,-0.935620498013822,0.154707408172128,0.392342342342342,0.289719679419864,0.531315352491453,0.607657657657658,0.468684647508547,0.710280320580136,178,1.46948811665568e-09,392008438
110,-0.583362503676498,0.142908968413968,0.558018867930763,0.421700920738245,0.738402601591689,0.441981132069237,0.261597398408311,0.578299079261755,197,4.46389135007645e-05,779757819
984,-0.538671878100843,0.154989884223887,0.583522727274359,0.430655647839205,0.790652055660113,0.416477272725641,0.209347944339887,0.569344352160795,167,0.000509846364501249,881935343
134,-0.776144099807284,0.146114877822015,0.460176991299369,0.345582459208992,0.612770867497285,0.539823008700631,0.387229132502715,0.654417540791008,193,1.08502478422004e-07,329220790
809,-0.845464679305542,0.151865732854698,0.429357798165138,0.318824002041895,0.578212799740813,0.570642201834862,0.421787200259187,0.681175997958104,181,2.58887014496723e-08,207339352
934,-0.65145427820899,0.149153173319336,0.521287128740127,0.389150497910735,0.698290949257524,0.478712871259873,0.301709050742476,0.610849502089265,182,1.25569648965932e-05,396425462
784,-0.653926467351863,0.146385010941834,0.520000000028496,0.390301478506508,0.692797785610048,0.479999999971504,0.307202214389952,0.609698521493492,189,7.92618059978514e-06,328967225
285,-0.780678172706085,0.151780509407393,0.458095238250864,0.340220104481913,0.616810248846632,0.541904761749136,0.383189751153368,0.659779895518087,179,2.69712806479162e-07,706251846
84,-0.622321127962546,0.142426904191803,0.536697247721872,0.405971332853713,0.709517920113896,0.463302752278128,0.290482079886104,0.594028667146287,199,1.24584318981202e-05,157722305
734,-0.840682621268484,0.148939218661363,0.43141592920354,0.322195064742189,0.577661560767486,0.56858407079646,0.422338439232514,0.677804935257811,188,1.65693004268572e-08,181878266
684,-0.624938930502933,0.14733866930757,0.535294117663374,0.401030651927134,0.714508457216566,0.464705882336626,0.285491542783434,0.598969348072866,186,2.22017696834574e-05,227724668
235,-0.749236646973847,0.140100318246672,0.472727272839376,0.359217140568776,0.622105821933539,0.527272727160624,0.377894178066461,0.640782859431224,209,8.90011096989231e-08,707650075
309,-0.832318745512521,0.140138223294901,0.435039370317232,0.330554207655441,0.572551337550335,0.564960629682768,0.427448662449665,0.669445792344559,212,2.8629402144813e-09,237281698
559,-0.85566611005772,0.139488399426836,0.425,0.323337584210823,0.558626676329184,0.575,0.441373323670816,0.676662415789177,215,8.55256360233024e-10,607558547
610,-0.664855537871823,0.140302042617955,0.514347826121434,0.390689368635311,0.677145854160143,0.485652173878566,0.322854145839857,0.609310631364689,206,2.15046407231252e-06,695595305
884,-0.730887508355423,0.147510200524072,0.481481481571696,0.360594150927217,0.642895666777656,0.518518518428304,0.357104333222344,0.639405849072783,188,7.23947120439633e-07,927418569
360,-0.862223510603879,0.147325840516355,0.422222222222222,0.316327613139601,0.563566370854881,0.577777777777778,0.436433629145119,0.683672386860399,193,4.84257442966541e-09,938082725
584,-0.770865264632339,0.147197951262902,0.462612612753907,0.346674857737263,0.617323191176415,0.537387387246093,0.382676808823585,0.653325142262737,190,1.63270194282243e-07,266503203
260,-0.688612025294043,0.144414732534438,0.502272727323211,0.378454395846576,0.666600508228657,0.497727272676789,0.333399491771343,0.621545604153424,195,1.85791734639221e-06,736543448
184,-0.470392054187416,0.140747106418171,0.624757281553451,0.474140629919966,0.823219180604588,0.375242718446549,0.176780819395412,0.525859370080034,202,0.000831446524032069,796798210
835,-0.890315245470895,0.150535107909917,0.410526315789474,0.305636547760556,0.55141264089827,0.589473684210526,0.44858735910173,0.694363452239444,186,3.33216551475186e-09,24604560
160,-0.675381402327284,0.146567919528881,0.508962264191986,0.381879851051343,0.678335307972571,0.491037735808014,0.321664692027429,0.618120148948657,189,4.06608292026407e-06,417201221
909,-0.677642993940169,0.154110350073431,0.507812500042561,0.375426063087537,0.686882346629589,0.492187499957439,0.313117653370411,0.624573936912463,171,1.09692470403138e-05,766534182
385,-0.869505245957101,0.15439737049481,0.419158878504673,0.309710115143204,0.56728584840717,0.580841121495327,0.43271415159283,0.690289884856796,176,1.78538598963243e-08,948697499
635,-0.58493359590806,0.148690428533228,0.557142857149349,0.416294856271521,0.745644964371316,0.442857142850651,0.254355035628684,0.583705143728479,182,8.3577820073031e-05,669605307
409,-0.762140051770251,0.143009686562979,0.466666666795768,0.352595459297323,0.617642037513118,0.533333333204232,0.382357962486882,0.647404540702677,201,9.85976070542489e-08,114983534
660,-1.04982212449868,0.156269076979499,0.35,0.257662706820882,0.475427746263482,0.65,0.524572253736518,0.742337293179118,180,1.8418340423251e-11,883939195
485,-0.898919131163394,0.155792065031733,0.407009345794393,0.299912063877422,0.552350597112644,0.592990654205607,0.447649402887356,0.700087936122578,174,7.92748059334464e-09,24119919
35,-0.705219761664021,0.152177182049185,0.494000000064315,0.366600874645336,0.665672170857839,0.505999999935685,0.334327829142161,0.633399125354664,176,3.58317437239099e-06,564068228
460,-0.410580208774936,0.142141062443803,0.663265306122448,0.501991760943095,0.876350770138583,0.336734693877552,0.123649229861417,0.498008239056905,198,0.00387034243438296,566625510
435,-0.780456664233276,0.140799958405735,0.458196721466771,0.347698514710505,0.603811137179282,0.541803278533229,0.396188862820718,0.652301485289495,208,2.97302764310658e-08,147858641
335,-0.632522558707695,0.146219323270423,0.531250000019027,0.398875011257124,0.707556388731221,0.468749999980973,0.292443611268779,0.601124988742876,189,1.51946216064347e-05,276292265
210,-0.878807638619415,0.154116880588882,0.415277777777778,0.307011161928287,0.561724308760905,0.584722222222222,0.438275691239095,0.692988838071713,177,1.18260306072798e-08,727864520
60,-0.988384604656176,0.148825478904944,0.372177419354839,0.278015841447254,0.498230715043292,0.627822580645161,0.501769284956708,0.721984158552746,195,3.11070932839391e-11,865889703
10,-0.759806328431449,0.149441652087214,0.467757009471728,0.348991893685183,0.626938974425879,0.532242990528272,0.373061025574121,0.651008106314817,184,3.6898256088135e-07,8078109
710,-0.739330126798863,0.144560541962662,0.477433628418527,0.359635743770047,0.633815947089587,0.522566371581473,0.366184052910413,0.640364256229953,196,3.1485869066658e-07,912387909
760,-0.710367778171086,0.137414589736634,0.491463414703212,0.375425426637176,0.64336688688156,0.508536585296788,0.35663311311844,0.624574573362824,216,2.34693201336422e-07,287347521
960,-0.891817875355429,0.152626089823213,0.40990990990991,0.303929499348176,0.552845757330922,0.59009009009009,0.447154242669078,0.696070500651824,181,5.12213660576575e-09,645093417
810,-0.665355163162651,0.143475300885936,0.51409090912568,0.388073088153027,0.681030122710937,0.48590909087432,0.318969877289063,0.611926911846973,197,3.5278587864116e-06,403191760
510,-0.944344519677319,0.147970779035801,0.388934426229508,0.291020398202409,0.519791701340695,0.611065573770492,0.480208298659305,0.708979601797591,195,1.74828485747461e-10,323892657
935,-0.815457254055696,0.144045271893969,0.442436975000449,0.333610611780076,0.586763340060032,0.557563024999551,0.413236659939968,0.666389388219924,200,1.5039013338694e-08,153772470
860,-0.575177420965432,0.134581199313291,0.562605042021823,0.43216331222615,0.732418565745212,0.437394957978177,0.267581434254788,0.56783668777385,222,1.92141929573568e-05,247104675
535,-1.03691871966277,0.146508178831922,0.354545454545455,0.266050410868215,0.472476170694991,0.645454545454546,0.527523829305009,0.733949589131785,204,1.46727006153004e-12,397745514
286,-0.632522558707695,0.146219323270423,0.531250000019027,0.398875011257124,0.707556388731221,0.468749999980973,0.292443611268779,0.601124988742876,189,1.51946216064346e-05,690645650
985,-0.70478488451081,0.13832580390864,0.494214876096982,0.376853606618113,0.648125265265315,0.505785123903018,0.351874734734685,0.623146393381887,213,3.4854284302464e-07,266685596
111,-0.704320481029627,0.140651923566096,0.494444444507953,0.375313656389277,0.651389323417549,0.505555555492047,0.348610676582451,0.624686343610723,206,5.51293892536349e-07,514061317
135,-0.861565832184909,0.145443618470685,0.4225,0.317705607943127,0.561860557500624,0.5775,0.438139442499376,0.682294392056873,198,3.14758131073693e-09,640220935
785,-0.628313891517166,0.144665874129481,0.533490566055219,0.401778718020574,0.708380437550562,0.466509433944781,0.291619562449438,0.598221281979426,193,1.40417471960638e-05,107900653
611,-0.7010732457101,0.142359343556339,0.496052631639598,0.375276409720411,0.655698591712429,0.503947368360402,0.344301408287571,0.624723590279589,201,8.45014498316805e-07,922528720
85,-0.958137841809655,0.148612281458715,0.38360655737705,0.286673150358428,0.513316265156624,0.61639344262295,0.486683734843376,0.713326849641572,194,1.13911426326599e-10,66298204
735,-0.584933595908059,0.160604018609833,0.55714285714935,0.406686895488438,0.76326079526053,0.44285714285065,0.23673920473947,0.593313104511562,156,0.000270438027703525,973227796
836,-0.604054637347572,0.157724918377247,0.54659090910125,0.401242299166098,0.74459154115368,0.45340909089875,0.25540845884632,0.598757700833902,162,0.00012824829152643,115724905
236,-0.724774157565046,0.148634417655186,0.484433962347694,0.362006807156915,0.648264781866834,0.515566037652306,0.351735218133166,0.637993192843085,185,1.08137862764696e-06,39003017
636,-0.578418914888757,0.145490748613953,0.560784313730964,0.421651750148653,0.745826494057808,0.439215686269036,0.254173505942192,0.578348249851347,190,7.01900848873833e-05,36760880
685,-0.768995796892328,0.144536411066851,0.463478261008202,0.349140116629353,0.615260430399728,0.536521738991798,0.384739569600272,0.650859883370647,197,1.03522514649896e-07,236864696
310,-1.20257322384194,0.163049622891588,0.300420168106155,0.218243337335176,0.41353966864208,0.699579831893845,0.58646033135792,0.781756662664824,174,1.6372389593842e-13,425646705
885,-0.430782916092454,0.155230105141267,0.65,0.47949187406528,0.881141105516377,0.35,0.118858894483623,0.52050812593472,166,0.00551805268467023,330255504
410,-0.62415430904303,0.155956225660517,0.535714285730338,0.39462359419101,0.72724946039758,0.464285714269662,0.27275053960242,0.60537640580899,166,6.27795206250545e-05,651051682
560,-0.854597162868815,0.151590890160979,0.425454545454546,0.316095831234898,0.572647761727109,0.574545454545454,0.427352238272891,0.683904168765102,182,1.72513351708395e-08,102656478
585,-0.788845784936282,0.153615190496972,0.454368932206839,0.336241365976655,0.613996811353416,0.545631067793161,0.386003188646584,0.663758634023345,175,2.8183380715108e-07,403965231
361,-0.782626932414753,0.14325770150687,0.457203389989052,0.345277489490732,0.605411433354077,0.542796610010948,0.394588566645923,0.654722510509268,201,4.67968465454061e-08,72877924
185,-0.690608033937478,0.13951196099237,0.501271186492706,0.381346658426422,0.658909149603276,0.498728813507294,0.341090850396724,0.618653341573578,209,7.41483840483645e-07,267496928
261,-0.618835147568745,0.144976075258369,0.538571428585781,0.405358655876855,0.715561835139514,0.461428571414219,0.284438164860486,0.594641344123145,192,1.96762806341615e-05,615635973
436,-0.793688409393661,0.162771512297286,0.452173913218995,0.328665516940798,0.622095222215259,0.547826086781005,0.377904777784741,0.671334483059202,156,1.08209704531875e-06,969431932
161,-0.751451487296883,0.145067844378168,0.471681416044133,0.354949682995642,0.626802526948954,0.528318583955867,0.373197473051046,0.645050317004358,195,2.21885462252523e-07,958644865
386,-0.836248024200619,0.152145154862546,0.433333333333333,0.321599901437285,0.583886303878101,0.566666666666667,0.416113696121899,0.678400098562715,180,3.87660353942798e-08,717039811
211,-0.848518116792433,0.143093536937064,0.428048780487805,0.323364116307585,0.566623658089545,0.571951219512195,0.433376341910455,0.676635883692415,204,3.03277275403414e-09,79525198
661,-0.868583404843555,0.152234740230877,0.419545454545455,0.311312510975867,0.565407371126813,0.580454545454545,0.434592628873187,0.688687489024133,181,1.15965848928146e-08,45025283
486,-0.718464988386313,0.146986183946375,0.487500000076987,0.365476749327713,0.650263663864325,0.512499999923013,0.349736336135675,0.634523250672287,189,1.01877774205262e-06,510907122
910,-0.904991176620221,0.135014673458801,0.404545454545455,0.310486432571894,0.527098796033522,0.595454545454545,0.472901203966478,0.689513567428106,232,2.0430960408374e-11,233601970
761,-0.864418901167314,0.153443714582819,0.421296296296297,0.3118718055034,0.569113867111152,0.578703703703703,0.430886132888848,0.6881281944966,178,1.76630349176419e-08,638947045
511,-0.836248024200618,0.14256648712805,0.433333333333334,0.327694599189143,0.573026770176929,0.566666666666666,0.426973229823071,0.672305400810857,205,4.47321592466432e-09,324897348
461,-0.818065704630599,0.150624783611485,0.441284403884555,0.328478183518265,0.592830619756879,0.558715596115445,0.407169380243121,0.671521816481735,183,5.59922293884887e-08,719863568
36,-0.64966206856969,0.138511033564995,0.522222222248603,0.398065503405652,0.685103449249044,0.477777777751397,0.314896550750956,0.601934496594348,211,2.72768501939393e-06,107627933
336,-0.850636761652718,0.154972781955407,0.427142857142857,0.31525361633792,0.578743624030609,0.572857142857143,0.421256375969391,0.68474638366208,174,4.04346143804063e-08,607770071
287,-0.909085348152885,0.146961886702814,0.402892561983471,0.302061284559243,0.537382394895327,0.597107438016529,0.462617605104673,0.697938715440757,196,6.17656276347248e-10,384874772
61,-0.674013225894638,0.160799222593202,0.509659090949233,0.371883773290312,0.69847734061906,0.490340909050767,0.30152265938094,0.628116226709688,157,2.76939340063615e-05,105333145
11,-0.559615787929798,0.153261250774625,0.571428571431785,0.423161100720966,0.771646098122537,0.428571428568215,0.228353901877463,0.576838899279034,171,0.000260830182474791,864180223
961,-0.878095134136119,0.144973218671547,0.415573770491803,0.312785564255204,0.552140438872255,0.584426229508197,0.447859561127745,0.687214435744796,200,1.38729079898625e-09,877624790
711,-0.52609309589504,0.138169855941546,0.590909090910119,0.450723577633278,0.774695558536591,0.409090909089881,0.225304441463409,0.549276422366722,210,0.000140332051693222,459746743
811,-0.732569594534158,0.140595155348991,0.480672268999669,0.364900328454206,0.633175177353357,0.519327731000331,0.366824822646643,0.635099671545794,207,1.88342940382108e-07,299896509
861,-0.718464988386313,0.14978617237713,0.487500000076987,0.363476551509816,0.653842040395401,0.512499999923013,0.346157959604599,0.636523448490184,182,1.61378000725501e-06,707963710
936,-0.836248024200618,0.144337567297406,0.433333333333334,0.326559060227292,0.575019347639844,0.566666666666666,0.424980652360156,0.673440939772708,200,6.88539361901148e-09,710252366
112,-0.818065704630599,0.150624783611485,0.441284403884555,0.328478183518265,0.592830619756879,0.558715596115445,0.407169380243121,0.671521816481735,183,5.59922293884885e-08,883088599
986,-0.656333207379893,0.147185520301182,0.518750000029743,0.388752833715088,0.692217623108258,0.481249999970257,0.307782376891742,0.611247166284912,187,8.22569131349892e-06,981216472
536,-0.894355655007899,0.144516535211529,0.408870967741935,0.308016212565875,0.542748925030929,0.591129032258065,0.457251074969071,0.691983787434125,202,6.06992298305467e-10,238108821
136,-0.818548446612347,0.148615161283585,0.441071428787055,0.329615383009172,0.590215188126827,0.558928571212945,0.409784811873173,0.670384616990828,188,3.63264495757956e-08,58429198
86,-0.522590465344067,0.135599832005592,0.592982456141247,0.454589142090037,0.773507681407976,0.407017543858753,0.226492318592024,0.545410857909963,218,0.000116243129602757,477560711
736,-0.683373668640706,0.142908447272714,0.504910714332297,0.381566901843084,0.668126161404823,0.495089285667703,0.331873838595177,0.618433098156916,199,1.73647484430692e-06,822690381
237,-0.794283824711132,0.152389106103966,0.45190476208121,0.335222434367048,0.609201214045444,0.54809523791879,0.390798785954556,0.664777565632952,178,1.86605445051245e-07,493056574
886,-0.594412339859346,0.143335527261168,0.551886792461059,0.416718305848664,0.730899092788036,0.448113207538941,0.269100907211964,0.583281694151336,196,3.36861003345526e-05,390158149
612,-0.620826518952464,0.145750785905506,0.537500000014972,0.403938431445951,0.715223478444269,0.462499999985028,0.284776521555731,0.596061568554049,190,2.04878118838335e-05,69219190
586,-0.784954729457784,0.145848996648029,0.456140351039252,0.342729590006469,0.607079242391313,0.543859648960748,0.392920757608687,0.657270409993531,194,7.36755931819814e-08,216394075
786,-0.54257432207736,0.142716757206097,0.581250000001866,0.439422450767415,0.768853666698504,0.418749999998134,0.231146333301496,0.560577549232585,197,0.00014367404558798,126144910
362,-0.844758713868528,0.145928369728779,0.429661016949152,0.322783627911001,0.571926744489905,0.570338983050848,0.428073255510095,0.677216372088999,196,7.08662755026615e-09,287480100
437,-0.401224113850914,0.140387812377278,0.669499999999997,0.508454691370941,0.881553966571609,0.330500000000003,0.118446033428391,0.491545308629059,203,0.00426361103749654,550949045
387,-0.907706988182764,0.150031925082834,0.403448275862069,0.300663326191752,0.541371351663511,0.596551724137931,0.458628648336489,0.699336673808248,188,1.44762909326581e-09,545913725
637,-0.715620036260352,0.141105084636301,0.48888888896303,0.370767194961078,0.644642646382446,0.51111111103697,0.355357353617554,0.629232805038922,205,3.94609955473487e-07,921099349
411,-0.620403775340425,0.14170363467416,0.537727272742112,0.407327480866462,0.709872604803367,0.462272727257888,0.290127395196633,0.592672519133538,201,1.19675438942083e-05,7023965
837,-0.419609615494329,0.149489351350826,0.657303370786517,0.490365935128352,0.881072053127488,0.342696629213483,0.118927946872512,0.509634064871648,179,0.00500125046158165,511540936
487,-0.472025874626407,0.143622163646436,0.623737373737434,0.470706678254202,0.82651963392533,0.376262626262566,0.17348036607467,0.529293321745798,194,0.00101411602484139,945270441
686,-0.520395074780762,0.141210750973412,0.594285714286534,0.450605492876989,0.783779860183529,0.405714285713466,0.216220139816471,0.549394507123011,201,0.000228489981154699,926199512
311,-1.03691871966277,0.160491668810489,0.354545454545455,0.258857746275711,0.485604472523517,0.645454545454545,0.514395527476483,0.741142253724289,170,1.04090243511961e-10,971108118
561,-0.583362503676498,0.142908968413968,0.558018867930763,0.421700920738245,0.738402601591689,0.441981132069237,0.261597398408311,0.578299079261755,197,4.46389135007643e-05,941725554
162,-1.09002854422761,0.142231800426801,0.33620689680358,0.254412643229879,0.444298192193845,0.66379310319642,0.555701807806155,0.745587356770121,220,1.80585361934456e-14,26253010
262,-0.751451487296883,0.145067844378168,0.471681416044133,0.354949682995642,0.626802526948954,0.528318583955867,0.373197473051046,0.645050317004358,195,2.21885462252519e-07,750881051
186,-0.817016661790329,0.154901427196731,0.441747573028634,0.326078255052114,0.598448118674767,0.558252426971366,0.401551881325233,0.673921744947886,173,1.33169676681812e-07,32226285
212,-0.712634068088185,0.142827997258558,0.490350877264209,0.370622298350474,0.648757465225169,0.509649122735791,0.351242534774831,0.629377701649527,200,6.05494313380488e-07,515210902
662,-0.99235373886368,0.146666731527591,0.370703125,0.27808867248192,0.494161828521441,0.629296875,0.505838171478559,0.72191132751808,201,1.32350187457456e-11,103592459
962,-0.603252176424841,0.147192717147718,0.547029702980448,0.409939946968195,0.729964225628622,0.452970297019552,0.270035774371378,0.590060053031805,186,4.16045878519704e-05,6517424
911,-0.767255152420347,0.142014320495874,0.464285714421899,0.351481533325462,0.613293172408717,0.535714285578101,0.386706827591283,0.648518466674538,204,6.56596803010502e-08,663016674
862,-0.864647498722316,0.142638280318944,0.4212,0.318474334076513,0.557060400218554,0.5788,0.442939599781446,0.681525665923487,206,1.34590270323989e-09,12939288
812,-0.747300537952589,0.135610603774809,0.473643410962378,0.363094394973462,0.617850575094866,0.526356589037622,0.382149424905134,0.636905605026538,223,3.57541485112828e-08,768898821
462,-0.973107206917816,0.145207683398054,0.377906976744186,0.284304612426423,0.502326296619231,0.622093023255814,0.497673703380769,0.715695387573577,204,2.06311116410392e-11,136051707
762,-0.91517528279029,0.153040272646646,0.400446428571428,0.29667182858168,0.540520961906777,0.599553571428572,0.459479038093223,0.70332817141832,181,2.23187281484246e-09,293907323
512,-0.576875534580599,0.144722814097305,0.561650485442145,0.422939118600597,0.745855027175423,0.438349514557855,0.254144972824577,0.577060881399403,192,6.71761787856564e-05,387010187
37,-0.64013314523246,0.157511082937008,0.527222222244296,0.387186343164379,0.717905671353201,0.472777777755704,0.282094328646799,0.612813656835621,163,4.82281874086851e-05,94666322
288,-0.871649951251534,0.149027399116493,0.418260869565218,0.312316467533322,0.560143870706359,0.581739130434783,0.439856129293641,0.687683532466678,189,4.947626716401e-09,19439933
537,-0.882768039835512,0.145778859224959,0.413636363636364,0.310836150275826,0.550434822881732,0.586363636363636,0.449565177118268,0.689163849724174,198,1.39957372977528e-09,854756176
337,-0.885038188370051,0.142956314783601,0.412698412698413,0.311851733673,0.546156911932972,0.587301587301587,0.453843088067028,0.688148266327,206,5.97952701231202e-10,431205885
62,-0.836248024200618,0.156556072771287,0.433333333333334,0.318831576686568,0.588956024146805,0.566666666666666,0.411043975853195,0.681168423313432,170,9.2168397082537e-08,179168840
12,-0.486872382743237,0.136770953445144,0.614545454545615,0.470039509226545,0.803477384963086,0.385454545454385,0.196522615036914,0.529960490773455,214,0.000371187531730687,781651075
737,-0.715713955020489,0.138756887391274,0.488842975280845,0.372442559061738,0.641622308372702,0.511157024719155,0.358377691627298,0.627557440938262,212,2.49544670778383e-07,712997634
712,-0.895490857763479,0.151439970167646,0.408407079646018,0.303520008402511,0.549539859276075,0.591592920353982,0.450460140723925,0.696479991597489,184,3.35577836353563e-09,581952431
937,-0.789923952152566,0.144797681839612,0.453879310514494,0.341734146508327,0.602826584987148,0.546120689485506,0.397173415012852,0.658265853491673,197,4.88728318354694e-08,417639538
113,-0.916290731874155,0.149786172378819,0.4,0.298237170421507,0.536485776651742,0.6,0.463514223348258,0.701762829578493,189,9.51590297234404e-10,520328478
137,-0.605987005097731,0.13988162603029,0.545535714296524,0.414720717898477,0.717613571564738,0.454464285703476,0.282386428435262,0.585279282101523,206,1.47665946494445e-05,516350201
987,-0.653926467351864,0.143019388386403,0.520000000028496,0.392884612269723,0.688242785757161,0.479999999971504,0.311757214242839,0.607115387730277,198,4.82417019555814e-06,87848782
87,-0.50057867802744,0.152591440871576,0.606179775281236,0.449485175098728,0.817499531278867,0.393820224718764,0.182500468721133,0.550514824901272,172,0.00103617351892901,147783928
613,-0.564314308710481,0.156046945983056,0.568750000003694,0.418884227997451,0.772233808015732,0.431249999996306,0.227766191984268,0.581115772002549,165,0.000298831163947461,53280110
388,-0.898919131163395,0.155792065031733,0.407009345794392,0.299912063877422,0.552350597112644,0.592990654205608,0.447649402887356,0.700087936122578,174,7.92748059334444e-09,410108870
638,-0.687078674625523,0.141179344203902,0.503043478310189,0.381446335740141,0.663403255871894,0.496956521689811,0.336596744128106,0.618553664259859,204,1.13472365625968e-06,557361989
238,-0.809579776667012,0.148885539069374,0.445045045245959,0.332408690691341,0.595848116624277,0.554954954754041,0.404151883375723,0.667591309308659,187,5.40035115285949e-08,524357401
787,-0.788722881968482,0.146655328470597,0.454424778928877,0.34090138266816,0.605752543707257,0.545575221071123,0.394247456292743,0.65909861733184,192,7.52878059640415e-08,504245928
887,-0.741721850492656,0.142777433570038,0.476293103551082,0.360032678480398,0.630095916425744,0.523706896448918,0.369904083574256,0.639967321519602,201,2.04773158058038e-07,726944882
587,-0.647311228239677,0.140849453357234,0.523451327458894,0.397177861780914,0.689870505344579,0.476548672541106,0.310129494655421,0.602822138219086,204,4.31160898952213e-06,560939218
438,-0.480053965099068,0.14041508008898,0.618750000000105,0.469887269601044,0.814773217468071,0.381249999999895,0.185226782531929,0.530112730398956,203,0.000628931832725265,868487133
363,-0.836248024200618,0.150075056296916,0.433333333333334,0.322907385355584,0.581522090524494,0.566666666666666,0.418477909475506,0.677092614644416,185,2.51544376189198e-08,466961604
163,-0.865356108358689,0.144412427303112,0.420901639344262,0.317144026887855,0.558604845064076,0.579098360655738,0.441395154935924,0.682855973112145,201,2.06950912708921e-09,173171497
213,-0.564314308710482,0.149403576166767,0.568750000003694,0.424374084840689,0.762243911820477,0.431249999996306,0.237756088179523,0.575625915159311,180,0.000158656252913958,97278334
838,-0.936114020540804,0.148199503868615,0.392148760330579,0.29329401449696,0.52432249765671,0.607851239669421,0.47567750234329,0.70670598550304,194,2.67415065419594e-10,241695825
687,-0.731368393191565,0.150340937877086,0.481250000090753,0.358426659159322,0.646161653071687,0.518749999909247,0.353838346928313,0.641573340840678,181,1.14611914940937e-06,119437955
312,-0.71571395502049,0.138756887391274,0.488842975280845,0.372442559061738,0.641622308372702,0.511157024719155,0.358377691627298,0.627557440938262,212,2.49544670778382e-07,428132350
412,-0.787457859666628,0.155838744489783,0.455000000165874,0.335244156830426,0.617534999292063,0.544999999834126,0.382465000707937,0.664755843169574,170,4.34855436279948e-07,109084806
863,-0.739330126798864,0.144560541962662,0.477433628418527,0.359635743770047,0.633815947089586,0.522566371581473,0.366184052910414,0.640364256229953,196,3.14858690666574e-07,378327372
488,-0.619183518935934,0.149318893821825,0.538383838398298,0.40178298556196,0.721427158103949,0.461616161601702,0.278572841896051,0.59821701443804,181,3.37273327397535e-05,724141927
562,-0.605585640452756,0.143770363150043,0.545754716991843,0.411737044759062,0.723394251039858,0.454245283008157,0.276605748960142,0.588262955240938,195,2.52925720919591e-05,388876590
463,-0.771108721723403,0.152081879682309,0.462500000141643,0.343288619765001,0.62310906279809,0.537499999858357,0.37689093720191,0.656711380234999,178,3.97079792759641e-07,376089768
187,-0.745863962504922,0.146132433157721,0.474324324432199,0.356194528688668,0.631631163949485,0.525675675567801,0.368368836050515,0.643805471311332,192,3.32499863318982e-07,3416691
263,-0.694073535310406,0.145970723194885,0.499537037091821,0.37524696532759,0.664994722098897,0.500462962908179,0.335005277901103,0.62475303467241,191,1.98562553627058e-06,906729478
663,-0.778325376136595,0.148866802586592,0.459174312078739,0.342974579193928,0.614742495984717,0.540825687921261,0.385257504015283,0.657025420806072,186,1.71044242209266e-07,435361594
63,-0.70329019039854,0.145679458735013,0.494954128502959,0.372016644360091,0.658517819124774,0.505045871497041,0.341482180875226,0.627983355639909,192,1.38150045190387e-06,734553428
13,-0.907706988182763,0.150031925082834,0.403448275862069,0.300663326191752,0.541371351663512,0.596551724137931,0.458628648336488,0.699336673808248,188,1.44762909326586e-09,429262089
912,-0.780678172706085,0.151780509407393,0.458095238250864,0.340220104481913,0.616810248846632,0.541904761749136,0.383189751153368,0.659779895518087,179,2.69712806479162e-07,285804710
963,-0.796242689188876,0.157828907313592,0.451020408342791,0.331018285064936,0.614526199668374,0.548979591657209,0.385473800331626,0.668981714935064,166,4.53583713681745e-07,261959376
763,-0.949576709507622,0.145841836486795,0.386904761904762,0.290712214004405,0.514926059426977,0.613095238095238,0.485073940573023,0.709287785995595,201,7.46503987416598e-11,350222990
813,-0.653926467351864,0.149999999999543,0.520000000028496,0.387545869212849,0.697723860607391,0.479999999971504,0.302276139392609,0.612454130787151,180,1.30354126934004e-05,439269355
713,-0.752366539973533,0.140810461990996,0.471250000116108,0.357596517550973,0.62102551817434,0.528749999883892,0.37897448182566,0.642403482449027,207,9.13625858652846e-08,98490879
513,-0.83167135662783,0.151238031133457,0.435321101154845,0.323650046362369,0.58552273741525,0.564678898845155,0.41447726258475,0.676349953637631,182,3.81758949641395e-08,889842797
938,-0.727048732057719,0.141567162223615,0.483333333419322,0.366222110114091,0.63789461297532,0.516666666580678,0.36210538702468,0.633777889885909,204,2.81071929302138e-07,547187275
289,-0.841067310636567,0.155267956251678,0.43125,0.318100816685912,0.584646604927238,0.56875,0.415353395072762,0.681899183314088,173,6.0649273144392e-08,947789279
114,-0.525093595562025,0.144875846810327,0.591500000000988,0.445283091885685,0.785729924124292,0.408499999999012,0.214270075875708,0.554716908114315,191,0.000289589927546037,269020470
138,-0.784954729457784,0.145848996648029,0.456140351039252,0.342729590006469,0.607079242391313,0.543859648960748,0.392920757608687,0.657270409993531,194,7.36755931819807e-08,428518697
988,-0.609265696557833,0.14529156028107,0.543750000011642,0.409003354211701,0.722889089950162,0.456249999988358,0.277110910049838,0.590996645788299,191,2.74803683950553e-05,402940107
38,-0.870734200271787,0.147079811694292,0.418644067796611,0.313798150040754,0.55852099662962,0.581355932203389,0.44147900337038,0.686201849959246,194,3.21652731144676e-09,613256025
338,-0.669534364999806,0.141723366380176,0.511946902692162,0.387783897831578,0.675865172952407,0.488053097307838,0.324134827047593,0.612216102168422,202,2.30984178938915e-06,532530860
538,-0.984510561402654,0.146876294496484,0.373622047244095,0.280163250336036,0.498257476736996,0.626377952755905,0.501742523263004,0.719836749663964,200,2.04195272110697e-11,433530324
614,-0.679479541744828,0.144703205937997,0.506880733988776,0.38171057529774,0.673096568751318,0.493119266011224,0.326903431248682,0.61828942470226,194,2.65724922767333e-06,135200892
738,-0.676915985548581,0.143940321200987,0.508181818223886,0.383263003971515,0.673816041979698,0.491818181776114,0.326183958020302,0.616736996028485,196,2.56675043052449e-06,810583894
88,-0.938787663516804,0.150196815257315,0.391101694915254,0.291368056503564,0.524973593883699,0.608898305084746,0.475026406116301,0.708631943496436,189,4.09446616694838e-10,305407855
439,-0.799546656939193,0.151192949254666,0.449532710465131,0.334245544746382,0.604584446836713,0.550467289534869,0.395415553163287,0.665754455253618,181,1.23489698049521e-07,650799121
164,-0.687693329778455,0.133841361696538,0.502734375049784,0.386734225246935,0.653528535508637,0.497265624950216,0.346471464491363,0.613265774753065,227,2.77496776960566e-07,901127607
839,-0.80283202685671,0.154250591261348,0.44805825261719,0.33115867747828,0.606223576163233,0.55194174738281,0.393776423836767,0.66884132252172,174,1.94283295801653e-07,600209649
389,-0.797533511616846,0.146390428891701,0.450438596672792,0.338086506475916,0.60012726176934,0.549561403327208,0.39987273823066,0.661913493524084,193,5.09423802676929e-08,136799903
639,-0.774554454877192,0.148025071897417,0.4609090910557,0.344838783763648,0.61604784676249,0.5390909089443,0.38395215323751,0.655161216236352,188,1.67151564161939e-07,44781934
239,-0.663976803194187,0.134539994428689,0.514800000033966,0.395473955212927,0.67013019831428,0.485199999966034,0.32986980168572,0.604526044787073,224,8.00838463544631e-07,527000082
313,-0.638422280830255,0.141129665263895,0.52812500002136,0.400504073336418,0.696412431773884,0.47187499997864,0.303587568226116,0.599495926663582,203,6.07800273161895e-06,680996870
888,-0.711950307379223,0.150966667033431,0.490686274580374,0.365006711597335,0.659639980338717,0.509313725419626,0.340360019661283,0.634993288402665,179,2.40592922901379e-06,192948314
788,-0.642092009716115,0.145905844317714,0.52619047621339,0.395319013978831,0.70038730105833,0.47380952378661,0.29961269894167,0.604680986021169,190,1.07888040323153e-05,546087966
588,-0.80184659706316,0.15650160900547,0.448500000188427,0.330025909411168,0.609504418995208,0.551499999811573,0.390495581004792,0.669974090588833,169,2.9980784632694e-07,549808712
364,-0.58643622579212,0.13976882627562,0.556306306313053,0.423002118593229,0.731619755174971,0.443693693686947,0.268380244825029,0.576997881406771,206,2.71960037761004e-05,231348858
664,-0.956207339279598,0.152975601083487,0.384347826086957,0.284781229885655,0.518725379046515,0.615652173913043,0.481274620953485,0.715218770114345,183,4.08570073976081e-10,666141531
214,-0.988588748782637,0.14108367963622,0.372101449275362,0.282208906340767,0.490627635917469,0.627898550724638,0.509372364082531,0.717791093659233,217,2.43292390727529e-12,792574372
688,-0.596106896502277,0.144082492274262,0.550952380960954,0.415404143792492,0.73073061649134,0.449047619039046,0.26926938350866,0.584595856207508,194,3.51476020117811e-05,266950413
14,-0.76553249911458,0.143766763979965,0.46508620703033,0.350880286186048,0.616464328392524,0.53491379296967,0.383535671607476,0.649119713813952,199,1.01051668897693e-07,860938237
913,-0.803187161514243,0.143521717151601,0.447899159854441,0.338075999517507,0.593398104818516,0.552100840145559,0.406601895181484,0.661924000482493,201,2.19004782030461e-08,807857247
489,-0.567119359637523,0.14505128963507,0.567156862749104,0.42681071124429,0.75365237677762,0.432843137250896,0.24634762322238,0.57318928875571,191,9.23782976565378e-05,97752557
464,-0.761024602689946,0.136682351518243,0.467187500127582,0.357393776744074,0.61071057885755,0.532812499872418,0.38928942114245,0.642606223255926,220,2.57925807428368e-08,695412528
413,-0.656222679609797,0.143765659321119,0.518807339479226,0.391410579656535,0.687669341318529,0.481192660520774,0.312330658681471,0.608589420343465,196,5.0061436935633e-06,950728520
864,-0.368262559111157,0.144408096286369,0.691935483870943,0.521369003990799,0.918302987279552,0.308064516129057,0.0816970127204477,0.478630996009201,192,0.0107676040127556,534408091
814,-0.558122338463688,0.152365495535338,0.572282608698724,0.424538228383965,0.771443800163055,0.427717391301276,0.228556199836945,0.575461771616035,173,0.000249230441096471,973135135
188,-0.794283824711132,0.152389106103966,0.45190476208121,0.335222434367048,0.609201214045444,0.54809523791879,0.390798785954556,0.664777565632952,178,1.86605445051243e-07,977558750
563,-0.81755589070379,0.152718208314793,0.441509434176253,0.327300006117477,0.595571575995234,0.558490565823747,0.404428424004766,0.672699993882523,178,8.63347665146464e-08,30840983
290,-0.709162595743861,0.147280254631959,0.492056074834289,0.368679863367322,0.656719297251393,0.507943925165711,0.343280702748607,0.631320136632678,188,1.47159006238007e-06,604535829
264,-0.887541318588169,0.146598867902094,0.411666666666667,0.308859184405799,0.548694851896599,0.588333333333333,0.451305148103401,0.691140815594201,196,1.41102533260728e-09,39261336
964,-0.859778521610812,0.14020235336562,0.423255813953488,0.321560335312393,0.557113127374344,0.576744186046511,0.442886872625656,0.678439664687607,213,8.65568717515903e-10,719086605
64,-0.699772855412232,0.147579271160104,0.496698113267077,0.37193993167074,0.663303385078515,0.503301886732923,0.336696614921485,0.62806006832926,187,2.11959058833175e-06,221348361
764,-0.647311228239677,0.140849453357234,0.523451327458894,0.397177861780914,0.689870505344579,0.476548672541106,0.310129494655421,0.602822138219086,204,4.31160898952213e-06,251093261
739,-0.96736103596086,0.151549760456343,0.380084745762712,0.282410636808202,0.511540271975017,0.619915254237288,0.488459728024983,0.717589363191798,187,1.73510374226013e-10,684831489
514,-0.580314650053133,0.141463590479271,0.559722222227979,0.424188141372804,0.738561349315252,0.440277777772021,0.261438650684748,0.575811858627196,201,4.09206407590673e-05,747675815
939,-0.609474704814314,0.141281542702018,0.543636363648061,0.412144426958722,0.71707992768779,0.456363636351939,0.28292007231221,0.587855573041278,202,1.60398197501337e-05,969485493
714,-0.567642098802479,0.157991266562634,0.566860465120345,0.415904633607706,0.772606893385908,0.433139534879655,0.227393106614092,0.584095366392294,161,0.000327055642343017,455595796
139,-0.588175089831187,0.145163267487657,0.555339805832293,0.417826140004477,0.738111550269556,0.444660194167707,0.261888449730444,0.582173859995523,191,5.08212675564111e-05,666995882
115,-0.61508663406591,0.147667708060099,0.54059405941918,0.404740149670995,0.72204830016707,0.45940594058082,0.27795169983293,0.595259850329005,185,3.10884990770404e-05,751919678
89,-0.538203164710542,0.139887589191364,0.583796296297901,0.443801538690062,0.767951631211366,0.416203703702099,0.232048368788634,0.556198461309938,205,0.000119379182803771,906257462
539,-0.816445396424442,0.140587004664534,0.442000000212159,0.335547798838343,0.582224055302681,0.557999999787841,0.417775944697319,0.664452201161657,210,6.34492780177733e-09,873446841
39,-0.662225270157442,0.136678928428805,0.515702479371805,0.394509898670747,0.674125156621697,0.484297520628195,0.325874843378303,0.605490101329253,217,1.26537692303436e-06,18300824
989,-0.670924043700587,0.15975502915923,0.511235955094343,0.373798593303105,0.699205953322814,0.488764044905657,0.300794046677186,0.626201406696895,159,2.67262598169252e-05,521735872
339,-0.624938930502933,0.14733866930757,0.535294117663374,0.401030651927134,0.714508457216566,0.464705882336626,0.285491542783434,0.598969348072866,186,2.22017696834574e-05,799713136
615,-0.600074972578903,0.133811281944114,0.548770491812702,0.422172928413229,0.713331036682642,0.451229508187298,0.286668963317358,0.577827071586771,225,7.30895149747232e-06,252296940
240,-0.977976184029319,0.139601347254254,0.376071428571429,0.286049674311285,0.494423633686255,0.623928571428571,0.505576366313745,0.713950325688715,221,2.46118609405853e-12,83091941
440,-0.887541318588169,0.146598867902094,0.411666666666667,0.308859184405799,0.548694851896599,0.588333333333333,0.451305148103401,0.691140815594201,196,1.41102533260728e-09,56361577
165,-0.817016661790329,0.154901427196731,0.441747573028634,0.326078255052114,0.598448118674767,0.558252426971366,0.401551881325233,0.673921744947886,173,1.33169676681813e-07,979269425
390,-0.475234678663167,0.149108019841414,0.621739130434858,0.464180855757822,0.832777874224899,0.378260869565142,0.167222125775101,0.535819144242178,180,0.00143665403019472,220331768
215,-0.921693230157503,0.150682436592411,0.397844827586207,0.296109672232854,0.534533389752399,0.602155172413793,0.465466610247601,0.703890327767146,187,9.5477428615128e-10,991709613
490,-0.624277773454489,0.14316149732166,0.535648148164242,0.404594821990948,0.709151286761155,0.464351851835758,0.290848713238845,0.595405178009052,197,1.29674206358383e-05,892460389
840,-0.912233931178541,0.145903995961917,0.401626016260163,0.30173669629876,0.534583492547079,0.598373983739837,0.465416507452921,0.69826330370124,199,4.04480331669943e-10,937452533
865,-0.520395074780762,0.141210750973412,0.594285714286534,0.450605492876989,0.783779860183529,0.405714285713466,0.216220139816471,0.549394507123011,201,0.000228489981154699,837383999
889,-0.709162595743862,0.147280254631959,0.492056074834288,0.368679863367322,0.656719297251392,0.507943925165712,0.343280702748608,0.631320136632678,188,1.47159006238006e-06,338498027
640,-0.645192787391603,0.140148118224454,0.524561403533062,0.398567642802315,0.690383855904366,0.475438596466938,0.309616144095634,0.601432357197685,206,4.15151316454398e-06,896142054
789,-0.782626932414753,0.14325770150687,0.457203389989052,0.345277489490732,0.605411433354077,0.542796610010948,0.394588566645923,0.654722510509268,201,4.67968465454063e-08,39653678
314,-0.692147680120487,0.151614685920247,0.50050000005324,0.37183428140771,0.673687883497284,0.49949999994676,0.326312116502716,0.62816571859229,177,4.99076162861294e-06,270181294
665,-0.480544425651343,0.141112789982803,0.618446601941856,0.469015054560176,0.815488107971502,0.381553398058144,0.184511892028498,0.530984945439824,201,0.000660690386806996,257273370
589,-0.810272537343061,0.146943671667871,0.444736842307306,0.333445167789538,0.593173564987194,0.555263157692694,0.406826435012806,0.666554832210462,192,3.50427702996039e-08,603779995
365,-0.81093021575932,0.145075871685136,0.44444444464756,0.334448056225653,0.590617468695357,0.55555555535244,0.409382531304643,0.665551943774347,197,2.27465714314838e-08,23816011
689,-0.599603785650531,0.145612467658544,0.549029126222912,0.41271459508913,0.730366662647336,0.450970873777088,0.269633337352664,0.58728540491087,190,3.82497691974923e-05,593294018
15,-0.902497409741819,0.149149719020838,0.405555555555556,0.30275678446798,0.543258870089403,0.594444444444444,0.456741129910597,0.697243215532021,190,1.43994633665338e-09,932749277
465,-0.642092009716115,0.145905844317714,0.52619047621339,0.395319013978831,0.70038730105833,0.47380952378661,0.29961269894167,0.604680986021169,190,1.07888040323152e-05,419628184
414,-0.613104472863004,0.146862614204346,0.541666666679344,0.406183639591486,0.722340215589672,0.458333333320656,0.277659784410328,0.593816360408514,187,2.9840471510538e-05,588979282
965,-0.622321127962546,0.142426904191803,0.536697247721872,0.405971332853713,0.709517920113896,0.463302752278128,0.290482079886104,0.594028667146287,199,1.24584318981203e-05,638132858
765,-0.863972572215474,0.140927970151721,0.421484375,0.319759439285947,0.555571021658806,0.578515625,0.444428978341194,0.680240560714053,211,8.75499919243179e-10,851474048
914,-0.573883759724532,0.143222974807843,0.563333333338175,0.42545519672479,0.745893919954108,0.436666666661825,0.254106080045892,0.57454480327521,196,6.15143105547263e-05,933767570
564,-0.512460947105742,0.142976289785989,0.599019607843724,0.452625898537056,0.792761730473257,0.400980392156276,0.207238269526743,0.547374101462944,196,0.000338064660578999,883400385
815,-0.715519478163045,0.143576681268357,0.488938053171387,0.369012558196155,0.647838168455908,0.511061946828613,0.352161831544092,0.630987441803845,198,6.24328751400976e-07,770663812
291,-0.90229143651761,0.139882056617586,0.405639097744361,0.3083699040099,0.533589936888188,0.594360902255639,0.466410063111812,0.6916300959901,216,1.11575223108004e-10,592602878
189,-0.451836325290273,0.145103289208092,0.636458333333342,0.478914331515862,0.845828122928159,0.363541666666658,0.154171877071841,0.521085668484138,190,0.00184635534917476,170194434
515,-0.609474704814315,0.141281542702018,0.54363636364806,0.412144426958722,0.71707992768779,0.45636363635194,0.28292007231221,0.587855573041278,202,1.60398197501333e-05,346032887
116,-0.858822346239157,0.150423407638431,0.423660714285714,0.315484158940336,0.568929994558067,0.576339285714286,0.431070005441933,0.684515841059664,185,1.13397544723595e-08,193550728
265,-0.626274936044783,0.143907716110348,0.534579439269107,0.403197454004259,0.70877227534838,0.465420560730893,0.29122772465162,0.596802545995741,195,1.34950215047512e-05,395332136
540,-0.877070018720873,0.143178210632764,0.416,0.314209865478316,0.550765647464825,0.584,0.449234352535175,0.685790134521684,205,9.02728937075613e-10,664731903
65,-0.702716631450731,0.148404209924909,0.495238095300181,0.37024751480761,0.662423814415053,0.504761904699819,0.337576185584947,0.62975248519239,185,2.18889969876289e-06,428676905
715,-0.561403098503575,0.147756517992909,0.570408163268696,0.426987494848809,0.762002345850376,0.429591836731304,0.237997654149624,0.573012505151191,184,0.000144979568982627,517072316
140,-0.712634068088185,0.142827997258558,0.490350877264209,0.370622298350474,0.648757465225169,0.509649122735791,0.351242534774831,0.629377701649527,200,6.05494313380492e-07,98055156
740,-0.395276227635553,0.15387039919305,0.673493975903609,0.49814869193481,0.910559724279695,0.326506024096391,0.0894402757203047,0.501851308065191,169,0.0102024650048532,722436818
940,-0.632420262149961,0.139046575096922,0.531304347845075,0.404563511877955,0.697750295692109,0.468695652154925,0.302249704307891,0.595436488122045,209,5.40907537178319e-06,990344225
990,-0.72803443938008,0.149480173747985,0.482857142944205,0.360230852419307,0.647226685128163,0.517142857055795,0.352773314871837,0.639769147580693,183,1.11349173932253e-06,128656457
166,-1.0131787323597,0.158549806896992,0.363063063063063,0.266087349205531,0.495381641232847,0.636936936936937,0.504618358767153,0.733912650794469,173,1.65574949719276e-10,522263095
40,-0.730887508355423,0.147510200524072,0.481481481571696,0.360594150927217,0.642895666777656,0.518518518428304,0.357104333222344,0.639405849072783,188,7.23947120439637e-07,761898788
90,-0.613104472863004,0.14272480642946,0.541666666679344,0.409491164118831,0.716505760076349,0.458333333320656,0.283494239923651,0.590508835881169,198,1.74134582709555e-05,48904752
616,-0.910355996354341,0.157824031466773,0.402380952380952,0.295323056833875,0.548248526799179,0.597619047619048,0.451751473200821,0.704676943166125,170,8.01364873731872e-09,446202739
340,-0.731368393191565,0.150340937877086,0.481250000090753,0.358426659159322,0.646161653071687,0.518749999909247,0.353838346928313,0.641573340840678,181,1.14611914940936e-06,433823401
391,-0.552479851065491,0.148934121506838,0.575520833335913,0.429821460228708,0.770608869616282,0.424479166664087,0.229391130383718,0.570178539771292,181,0.000207620901146636,838422057
841,-0.778325376136595,0.148866802586592,0.459174312078739,0.342974579193928,0.614742495984717,0.540825687921261,0.385257504015283,0.657025420806072,186,1.71044242209266e-07,609573641
241,-0.595862666436437,0.153915814775071,0.551086956530262,0.407574263964928,0.745132508376242,0.448913043469738,0.254867491623758,0.592425736035072,170,0.000108232299542362,970431494
441,-0.902387826705164,0.144293148903588,0.4056,0.305685891754931,0.538171254994944,0.5944,0.461828745005056,0.694314108245069,203,4.00453567056074e-10,397913998
666,-0.799343466854972,0.135603695408709,0.44962406033481,0.344685860500471,0.586510265719717,0.55037593966519,0.413489734280283,0.655314139499529,225,3.75356615627684e-09,749292196
216,-0.755559112694439,0.141531863269217,0.469747899279937,0.355953039849225,0.619921911529067,0.530252100720063,0.380078088470933,0.644046960150775,205,9.37506245595944e-08,229902408
890,-0.888024293724339,0.153841039874911,0.411467889908257,0.304359049317947,0.556270052771419,0.588532110091743,0.443729947228581,0.695640950682053,178,7.81736245769065e-09,801536550
466,-0.891598119283784,0.14102279831122,0.41,0.310989003803556,0.540533581393716,0.59,0.459466418606284,0.689010996196444,212,2.57583950474196e-10,931846144
315,-0.744898245387698,0.143528443445729,0.474782608802332,0.358363005203197,0.629022868845886,0.525217391197668,0.370977131154114,0.641636994796803,199,2.10407231016276e-07,44085140
866,-0.831260482145997,0.157877715753842,0.43550000023673,0.319596786791323,0.59343603579478,0.56449999976327,0.40656396420522,0.680403213208677,167,1.40023626111392e-07,209641202
491,-0.819854213930535,0.143037004859559,0.44049586798638,0.33280398634332,0.583035713739638,0.55950413201362,0.416964286260362,0.66719601365668,203,9.93920785634302e-09,280590302
641,-0.697187589981797,0.136348201008383,0.497983871025086,0.381202269628494,0.650541603655219,0.502016128974914,0.349458396344781,0.618797730371506,219,3.16599405911712e-07,398614358
816,-0.740937844182597,0.150036070696624,0.476666666768529,0.355225265824953,0.639625423829464,0.523333333231471,0.360374576170536,0.644774734175047,182,7.87669248230706e-07,287085536
790,-0.571012257393189,0.14176911710438,0.564953271032509,0.427896206478588,0.745910325022485,0.435046728967491,0.254089674977515,0.572103793521412,200,5.63103110026943e-05,936783050
565,-0.756874436399027,0.144027236813477,0.46913043490462,0.353750777075847,0.622142421206923,0.53086956509538,0.377857578793077,0.646249222924153,198,1.47961342980273e-07,138899878
590,-0.617112494258308,0.148486338668013,0.539500000013832,0.403273466499099,0.721744112107548,0.460499999986168,0.278255887892452,0.596726533500901,183,3.23836616180945e-05,665001135
966,-0.73681412700981,0.146412390536441,0.478636363733346,0.359235491863644,0.63772309216829,0.521363636266654,0.36227690783171,0.640764508136356,191,4.84232079856915e-07,87579600
690,-0.962288745095983,0.153939283351878,0.382017543859649,0.282520491068171,0.516555111683367,0.617982456140351,0.483444888316633,0.717479508931829,181,4.07590600331166e-10,619783853
16,-0.381021406533412,0.141112789982803,0.683163265306108,0.51809461826613,0.900823962668469,0.316836734693892,0.0991760373315312,0.48190538173387,201,0.00693145583912941,921335863
366,-0.78612363665845,0.150595908724051,0.45560747679935,0.339159020700541,0.61203789445645,0.54439252320065,0.38796210554355,0.660840979299459,182,1.78839795689928e-07,934170551
415,-0.791397457655869,0.149439642203588,0.453211009346259,0.338140505126036,0.607440445255428,0.546788990653741,0.392559554744572,0.661859494873964,185,1.18518175954399e-07,260989825
766,-0.813775167879745,0.149747261818884,0.443181818389588,0.330458429635024,0.594356525775505,0.556818181610412,0.405643474224495,0.669541570364976,185,5.50044973077073e-08,720850872
292,-0.982851498392494,0.143991848076895,0.374242424242424,0.28221944562506,0.496271232454047,0.625757575757576,0.503728767545953,0.71778055437494,208,8.74707691049135e-12,756303660
915,-0.807260486885412,0.155208362701115,0.446078431569695,0.329077074097695,0.604678911945733,0.553921568430304,0.395321088054267,0.670922925902305,172,1.98069391595614e-07,12088807
190,-0.544111601396071,0.158865022072483,0.580357142859108,0.425078541730001,0.792358070809237,0.419642857140892,0.207641929190763,0.574921458269999,159,0.000614815078081893,119374966
516,-0.686307876812886,0.149873778281767,0.503431372597761,0.375290425607042,0.675325373690828,0.496568627402239,0.324674626309172,0.624709574392958,181,4.66670323563616e-06,12781815
141,-1.02647476050169,0.148861445759961,0.358267716535433,0.267606454014566,0.479643726023614,0.641732283464567,0.520356273976386,0.732393545985434,197,5.36739963359691e-12,806734580
941,-1.06041669093007,0.153562159063002,0.346311475409836,0.256303499423717,0.467928211164486,0.653688524590164,0.532071788835514,0.743696500576283,187,5.0042513698635e-12,148819899
741,-0.699046902568615,0.150414209397859,0.497058823588322,0.37014763635607,0.667483592599079,0.502941176411678,0.332516407400921,0.62985236364393,180,3.36016038830998e-06,70381633
991,-0.958137841809655,0.148612281458715,0.383606557377049,0.286673150358428,0.513316265156624,0.616393442622951,0.486683734843376,0.713326849641572,194,1.13911426326598e-10,481464540
266,-0.483705317546581,0.145529528164928,0.616494845360958,0.463505071894705,0.819982169349315,0.383505154639042,0.180017830650685,0.536494928105295,189,0.000888123882565001,355046927
117,-0.690608033937478,0.13951196099237,0.501271186492705,0.381346658426422,0.658909149603276,0.498728813507295,0.341090850396724,0.618653341573578,209,7.41483840483642e-07,214008948
617,-0.930276973848895,0.150437746557378,0.394444444444445,0.293719649704452,0.529710626815882,0.605555555555555,0.470289373184118,0.706280350295548,188,6.25765435879451e-10,866555168
716,-1.16224896063579,0.152130854825368,0.312781954986915,0.232138765949559,0.421439956248816,0.687218045013085,0.578560043751184,0.76786123405044,197,2.17563241167381e-14,311062712
541,-0.862223510603879,0.147325840516355,0.422222222222222,0.316327613139601,0.563566370854881,0.577777777777778,0.436433629145119,0.683672386860399,193,4.84257442966541e-09,683615729
66,-0.68671629013219,0.135945514068945,0.50322580650066,0.385519076712686,0.656870768854242,0.49677419349934,0.343129231145758,0.614480923287314,220,4.38564605578601e-07,753802407
167,-0.364824948300698,0.148330489906751,0.694318181818153,0.519157815293898,0.928576481758942,0.305681818181847,0.0714235182410581,0.480842184706102,182,0.0139114736654072,163699693
242,-0.827437393991511,0.148349089167058,0.437168141823287,0.326868847703167,0.584687055888483,0.562831858176713,0.415312944111517,0.673131152296833,189,2.4380751570424e-08,466251460
91,-0.744440474724092,0.134976381197409,0.475000000106117,0.364587274261248,0.618850453730147,0.524999999893883,0.381149546269853,0.635412725738752,225,3.48108655807883e-08,741400694
41,-0.683485269555779,0.149025963723841,0.504854368978702,0.376977116914484,0.676109828530261,0.495145631021298,0.323890171469739,0.623022883085516,183,4.51061610102406e-06,916195337
341,-0.623467259892436,0.151027409268817,0.536082474242629,0.398728102106766,0.720752858079581,0.463917525757371,0.279247141920419,0.601271897893234,177,3.65657111835005e-05,89868266
842,-0.430782916092454,0.14824986333222,0.65,0.486096891883686,0.869168281168718,0.35,0.130831718831282,0.513903108116314,182,0.00366327642098373,176705226
392,-0.559994647566769,0.146953267995528,0.571212121215372,0.428263011087631,0.761875947667591,0.428787878784628,0.238124052332409,0.571736988912369,186,0.000138574501676075,828329649
891,-0.640503447032342,0.141845409231429,0.527027027049258,0.399111145593506,0.69594019186644,0.472972972950742,0.30405980813356,0.600888854406494,201,6.316649241807e-06,486656529
316,-0.514164525030449,0.14446302370292,0.598000000000632,0.450540706022126,0.793721844043973,0.401999999999368,0.206278155956027,0.549459293977874,192,0.000372067254251112,955482790
442,-0.969779416825141,0.15039630187956,0.379166666666667,0.282366120088811,0.509152305757833,0.620833333333333,0.490847694242167,0.717633879911189,190,1.13216215183435e-10,839948866
467,-0.642626912108718,0.142572311992878,0.525909090932237,0.397697541410739,0.69545406527802,0.474090909067763,0.30454593472198,0.602302458589261,199,6.56344927812059e-06,136458228
667,-0.709806925661743,0.142091185676966,0.49173913050332,0.372208710573762,0.649655329386068,0.50826086949668,0.350344670613932,0.627791289426238,202,5.87040572324136e-07,665058530
217,-0.724544034448708,0.145897330481387,0.484545454628752,0.364037808354822,0.644944816755252,0.515454545371248,0.355055183244748,0.635962191645178,192,6.83047727370784e-07,10923529
967,-0.712831170680306,0.14039419976254,0.490254237359552,0.37232105499812,0.645542909869038,0.509745762640448,0.354457090130962,0.62767894500188,207,3.82725687491262e-07,557970342
817,-0.918486122437591,0.151847436956557,0.399122807017544,0.296383329611772,0.537476298988297,0.600877192982456,0.462523701011703,0.703616670388229,184,1.45980304825952e-09,170055320
492,-1.12393009610473,0.158113882993986,0.325000000177992,0.238394691263542,0.443067752708169,0.674999999822008,0.556932247291831,0.761605308736458,180,1.17431573400518e-12,958292426
767,-1.17352703753338,0.158157101228839,0.3092741936283,0.226840248615675,0.421664706453798,0.6907258063717,0.578335293546202,0.773159751384325,183,1.1711280627397e-13,40469051
416,-0.708414652554191,0.153082799275105,0.492424242491479,0.36478343663057,0.664727644525367,0.507575757508521,0.335272355474633,0.63521656336943,174,3.69826263514668e-06,321220824
867,-0.859778521610813,0.14020235336562,0.423255813953488,0.321560335312393,0.557113127374344,0.576744186046512,0.442886872625656,0.678439664687607,213,8.6556871751589e-10,965141462
642,-0.628608659389396,0.137708660634012,0.533333333350922,0.407174811042832,0.698580650739919,0.466666666649078,0.301419349260081,0.592825188957168,213,5.00037125084739e-06,474306518
791,-0.693147180451869,0.148712422531115,0.500000000054038,0.373581843466597,0.669197404601359,0.499999999945962,0.330802595398641,0.626418156533403,184,3.14691334680136e-06,130916579
691,-0.413541109657948,0.131311312235167,0.661304347826087,0.511244897353508,0.855408910128042,0.338695652173913,0.144591089871958,0.488755102646492,232,0.00163651879279977,740765926
566,-0.748023790552161,0.151796150137493,0.473300970984358,0.351502386664257,0.637303806840739,0.526699029015642,0.362696193159261,0.648497613335743,178,8.31530473075534e-07,670450439
591,-0.598774647314953,0.15001466695528,0.549484536091613,0.409508347328546,0.737306717612707,0.450515463908387,0.262693282387293,0.590491652671454,179,6.56731109161136e-05,610064426
17,-0.34652257247478,0.145224037576501,0.707142857142811,0.53197623812626,0.939987511790733,0.292857142857189,0.0600124882092673,0.46802376187374,190,0.0170270053318114,297817812
293,-1.08883877608544,0.161771291435268,0.336607143111513,0.245145177911084,0.462192933016986,0.663392856888487,0.537807066983014,0.754854822088916,170,1.68814745811653e-11,536383392
367,-0.813775167879745,0.149747261818884,0.443181818389589,0.330458429635024,0.594356525775505,0.556818181610411,0.405643474224495,0.669541570364976,185,5.50044973077082e-08,599686497
517,-0.564314308710482,0.149403576166767,0.568750000003694,0.424374084840689,0.762243911820476,0.431249999996306,0.237756088179524,0.575625915159311,180,0.000158656252913956,999770048
142,-0.80052994118365,0.149160329263728,0.449090909277232,0.335249980675405,0.601588833470281,0.550909090722768,0.398411166529719,0.664750019324595,186,8.00973603958351e-08,255928535
916,-0.718464988386313,0.144337567295778,0.487500000076987,0.367378942814892,0.64689676619492,0.512499999923013,0.35310323380508,0.632621057185108,196,6.43537697720988e-07,861220386
191,-0.690294111474268,0.14788336125428,0.501428571480354,0.375258493888579,0.670019776744835,0.498571428519646,0.329980223255165,0.624741506111421,186,3.04400386416307e-06,777980180
942,-0.567119359637522,0.14505128963507,0.567156862749104,0.42681071124429,0.75365237677762,0.432843137250896,0.24634762322238,0.57318928875571,191,9.23782976565385e-05,732102014
118,-0.868583404843555,0.152234740230877,0.419545454545455,0.311312510975867,0.565407371126813,0.580454545454545,0.434592628873187,0.688687489024133,181,1.15965848928146e-08,687207828
742,-0.643876131508044,0.150336323291817,0.525252525276224,0.391202515460586,0.705236301929778,0.474747474723776,0.294763698070222,0.608797484539414,179,1.84469272295811e-05,939295956
267,-0.640503447032342,0.141845409231429,0.527027027049258,0.399111145593506,0.695940191866439,0.472972972950742,0.304059808133561,0.600888854406494,201,6.31664924180698e-06,550546609
92,-0.786123636658451,0.150595908724051,0.45560747679935,0.339159020700541,0.61203789445645,0.54439252320065,0.38796210554355,0.660840979299459,182,1.78839795689927e-07,252030331
243,-1.00412889683978,0.158807875588629,0.366363636363637,0.26837054751544,0.500138019213397,0.633636363636364,0.499861980786603,0.73162945248456,172,2.5667243521473e-10,608245810
992,-0.636915121540907,0.147824606678401,0.528921568648195,0.395879254675159,0.706675135101041,0.471078431351805,0.293324864898959,0.604120745324841,185,1.64301133048853e-05,268556620
542,-0.750305594159621,0.14251917214392,0.472222222335685,0.357136206673703,0.624394343392326,0.527777777664315,0.375605656607674,0.642863793326297,202,1.4049941529698e-07,364477908
618,-0.623467259892437,0.151027409268817,0.536082474242628,0.398728102106766,0.720752858079581,0.463917525757372,0.279247141920419,0.601271897893234,177,3.65657111834998e-05,423701343
67,-0.692262616043642,0.142631729974102,0.500442477929438,0.378395372937534,0.661854482447647,0.499557522070562,0.338145517552353,0.621604627062466,200,1.21303424461338e-06,43551817
717,-0.568933254565821,0.151981469871747,0.566129032262283,0.420289524211544,0.762574517581624,0.433870967737717,0.237425482418376,0.579710475788456,174,0.000181519193619827,55423948
843,-1.19030516541853,0.169653043185189,0.304128440421332,0.218096202005958,0.424097748710841,0.695871559578668,0.575902251289159,0.781903797994042,160,2.2812323591215e-12,523772409
317,-0.549971433353444,0.154577433360356,0.576966292137213,0.426161185072068,0.781136607282216,0.423033707862787,0.218863392717784,0.573838814927932,168,0.000373828042775751,229984720
168,-0.480053965099067,0.14041508008898,0.618750000000105,0.469887269601044,0.814773217468071,0.381249999999895,0.185226782531929,0.530112730398956,203,0.000628931832725271,324826902
443,-0.845726768155162,0.154011936387623,0.429245283018868,0.317402492941012,0.580498002037403,0.570754716981132,0.419501997962597,0.682597507058988,176,3.98970972750495e-08,893861976
42,-0.770865264632339,0.147197951262902,0.462612612753907,0.346674857737263,0.617323191176415,0.537387387246093,0.382676808823585,0.653325142262737,190,1.63270194282241e-07,731405619
393,-0.602633173000834,0.151744244666602,0.547368421062637,0.406550784203053,0.7369612850801,0.452631578937363,0.2630387149199,0.593449215796947,175,7.14592428628332e-05,533766757
342,-0.849853676256397,0.150690540997089,0.427477477477478,0.318159735501343,0.574356127944845,0.572522522522522,0.425643872055155,0.681840264498657,184,1.70318908362151e-08,891565825
892,-0.812493937729027,0.153947691296644,0.443750000205671,0.328169226835275,0.600038171103028,0.556249999794329,0.399961828896972,0.671830773164725,175,1.30795892885248e-07,189802124
968,-0.740104163436289,0.147221981802658,0.477064220284351,0.357487834963163,0.636637804189805,0.522935779715649,0.363362195810195,0.642512165036837,189,4.97872702910062e-07,962841271
818,-0.573883759724532,0.143222974807843,0.563333333338175,0.42545519672479,0.745893919954108,0.436666666661825,0.254106080045892,0.57454480327521,196,6.15143105547267e-05,462595503
668,-0.765296287941467,0.15330541968403,0.465196078564822,0.344462726899991,0.628246177633374,0.534803921435178,0.371753822366626,0.655537273100009,175,5.97660714886467e-07,627422855
692,-0.762140051770251,0.143009686562979,0.466666666795768,0.352595459297323,0.617642037513118,0.533333333204232,0.382357962486882,0.647404540702677,201,9.85976070542495e-08,493330827
468,-0.731368393191565,0.150340937877086,0.481250000090753,0.358426659159322,0.646161653071688,0.518749999909247,0.353838346928312,0.641573340840678,181,1.14611914940938e-06,816619445
218,-0.591556136666345,0.146727288108689,0.553465346542325,0.415141299114063,0.7378786222352,0.446534653457675,0.2621213777648,0.584858700885937,187,5.53817042589029e-05,364263253
18,-0.767255152420348,0.138013111865097,0.464285714421898,0.354248766978734,0.608502399188852,0.535714285578102,0.391497600811148,0.645751233021266,216,2.70871600444706e-08,935005202
417,-0.712634068088186,0.142827997258558,0.490350877264209,0.370622298350473,0.648757465225169,0.509649122735791,0.351242534774831,0.629377701649527,200,6.05494313380483e-07,309605850
768,-0.63770363185992,0.144360823168895,0.528504672918261,0.398261821885199,0.701340610491539,0.471495327081739,0.298659389508461,0.601738178114801,194,9.98820397479978e-06,824980565
868,-0.761815429142242,0.147475885954373,0.46681818194684,0.349635934084172,0.62327465157998,0.53318181805316,0.37672534842002,0.650364065915828,189,2.39547291080347e-07,894646655
643,-0.72433010782523,0.143306090960578,0.484649122890088,0.365969645477786,0.641814902466792,0.515350877109912,0.358185097533208,0.634030354522214,199,4.31685896880001e-07,254255119
192,-0.644357016344964,0.146697465963262,0.525000000023913,0.39381313207887,0.699887783249211,0.474999999976087,0.300112216750789,0.60618686792113,188,1.12095415944124e-05,824594157
792,-0.590747565771557,0.137476302709033,0.553913043485781,0.423079079680703,0.725206408161889,0.446086956514219,0.274793591838111,0.576920920319297,213,1.73057669025131e-05,84795971
119,-0.575364144894599,0.143966995267951,0.562500000005042,0.424206772945516,0.745877412113621,0.437499999994958,0.254122587886379,0.575793227054484,194,6.42857906292202e-05,983931119
743,-0.818065704630599,0.150624783611485,0.441284403884555,0.328478183518265,0.59283061975688,0.558715596115445,0.40716938024312,0.671521816481735,183,5.59922293884896e-08,550038129
567,-0.524114855883066,0.144119933792656,0.592079207921744,0.44637997152771,0.785334940663837,0.407920792078256,0.214665059336163,0.55362002847229,193,0.000276198656738764,35012648
294,-0.667171694086818,0.141007237174228,0.513157894772695,0.389247145936131,0.676513695005363,0.486842105227305,0.323486304994637,0.610752854063869,204,2.22898348892941e-06,187192157
592,-0.994472029415513,0.149719055522426,0.369918699186992,0.275845049426506,0.496075040290526,0.630081300813008,0.503924959709474,0.724154950573494,193,3.08921517120993e-11,159777143
493,-0.776144099807285,0.146114877822015,0.460176991299369,0.345582459208992,0.612770867497285,0.539823008700631,0.387229132502715,0.654417540791008,193,1.08502478422003e-07,412124436
368,-1.01856958099457,0.149071198499986,0.361111111111111,0.269619449310462,0.483649213368678,0.638888888888889,0.516350786631322,0.730380550689538,196,8.32890059409331e-12,120257856
718,-0.721706482303126,0.15065108977551,0.485922330177401,0.361686598369613,0.652831794236788,0.514077669822599,0.347168205763212,0.638313401630387,180,1.66297784943637e-06,754264166
518,-0.854597162868815,0.151590890160979,0.425454545454546,0.316095831234898,0.572647761727109,0.574545454545454,0.427352238272891,0.683904168765102,182,1.72513351708394e-08,83293828
143,-0.826095652215452,0.159234408284107,0.437755102268952,0.320398624280995,0.598097229638658,0.562244897731048,0.401902770361342,0.679601375719005,164,2.12653902417547e-07,983226788
917,-0.852377406130502,0.142109542083632,0.4264,0.322740401164466,0.563353578740046,0.5736,0.436646421259954,0.677259598835534,207,1.99724682305392e-09,613146959
943,-0.609474704814315,0.141281542702018,0.54363636364806,0.412144426958722,0.71707992768779,0.45636363635194,0.28292007231221,0.587855573041278,202,1.60398197501333e-05,781000446
993,-0.542008551199531,0.149301780538019,0.581578947370252,0.434033020410089,0.779281888978666,0.418421052629748,0.220718111021334,0.565966979589911,180,0.000283104500170674,30627418
268,-0.779967187964857,0.159535854660696,0.458421052786146,0.33532612362611,0.626702922411963,0.541578947213854,0.373297077588037,0.66467387637389,162,1.01361130162537e-06,259127687
619,-0.790785649746787,0.137342815954605,0.453488372264022,0.346465295535439,0.593570861003124,0.546511627735978,0.406429138996876,0.653534704464561,219,8.52422833323604e-09,525666490
43,-0.419971999988238,0.147045072645887,0.657065217391305,0.49254224446835,0.876543493993082,0.342934782608695,0.123456506006918,0.50745775553165,185,0.00428911560347604,368486966
93,-1.1959035961222,0.147884473754122,0.30243055560252,0.226332111484871,0.404115175535587,0.69756944439748,0.595884824464413,0.773667888515129,211,6.12818505522063e-16,855922814
244,-0.671062749574822,0.148507295700332,0.511165048581939,0.382077542327608,0.683865650150504,0.488834951418061,0.316134349849496,0.617922457672392,184,6.2214878304349e-06,282351755
543,-0.647590648909048,0.137843723326674,0.523305084771159,0.399412971075573,0.685626736182123,0.476694915228841,0.314373263817877,0.600587028924428,213,2.6271362606975e-06,269290451
893,-0.810930215759319,0.145075871685136,0.44444444464756,0.334448056225653,0.590617468695357,0.55555555535244,0.409382531304643,0.665551943774346,197,2.27465714314845e-08,472433363
68,-0.852777326151829,0.143863551017884,0.426229508196721,0.321504189323251,0.565067578248444,0.573770491803279,0.434932421751556,0.678495810676749,202,3.07241467010948e-09,930342968
169,-0.430782916092454,0.145864991497895,0.65,0.488374355137053,0.865115040451774,0.35,0.134884959548226,0.511625644862947,188,0.00314397400385036,153522241
444,-0.820247682358097,0.14131269593313,0.440322580863597,0.333799262572896,0.580840034588266,0.559677419136403,0.419159965411734,0.666200737427104,208,6.45634351564107e-09,220275278
844,-0.500462836729891,0.141154748293848,0.606250000000335,0.459727636402893,0.799471324752609,0.393749999999665,0.200528675247391,0.540272363597107,201,0.000391882927605652,561111000
318,-0.651570753661803,0.145597624109674,0.521226415121653,0.39182622025883,0.693360887490139,0.478773584878347,0.306639112509861,0.608173779741169,191,7.63588006906442e-06,994201291
969,-0.730887508355423,0.147510200524072,0.481481481571696,0.360594150927217,0.642895666777656,0.518518518428304,0.357104333222344,0.639405849072783,188,7.23947120439637e-07,361215898
394,-0.486045594767255,0.148715582692868,0.615053763441013,0.459542991177385,0.823189862941317,0.384946236558987,0.176810137058683,0.540457008822615,181,0.00108199584975751,916182096
469,-0.658792656997819,0.147999526401769,0.517475728186397,0.387179682253918,0.691619786718115,0.482524271813603,0.308380213281885,0.612820317746082,185,8.53456508774888e-06,88213163
343,-0.598663788715029,0.140867303739813,0.549545454554569,0.416962649539597,0.724285992894211,0.450454545445431,0.275714007105789,0.583037350460403,203,2.13921324115542e-05,382243817
819,-0.751451487296883,0.145067844378168,0.471681416044133,0.354949682995642,0.626802526948954,0.528318583955867,0.373197473051046,0.645050317004358,195,2.21885462252525e-07,246063879
418,-0.734778563838464,0.151217170322154,0.479611650580062,0.356593510666208,0.645068764550373,0.520388349419938,0.354931235449627,0.643406489333792,179,1.17923670840434e-06,607069082
869,-0.560316968278609,0.14136510271229,0.57102803738646,0.432839851108773,0.753334099543181,0.42897196261354,0.246665900456819,0.567160148891227,201,7.3822998534002e-05,20210790
644,-0.66778350199746,0.144229743476082,0.51284403673347,0.386559837245019,0.680383683642679,0.48715596326653,0.319616316357321,0.613440162754981,195,3.65668307576988e-06,319155880
793,-0.491407537908549,0.14219911474863,0.611764705882561,0.46296089826698,0.808396684827043,0.388235294117439,0.191603315172957,0.53703910173302,198,0.000548721846711988,279365909
669,-0.589531305155188,0.141163026669974,0.554587155970598,0.420544174243918,0.731354593415829,0.445412844029402,0.268645406584171,0.579455825756082,202,2.96361351390335e-05,323537917
19,-0.938787663516804,0.150196815257315,0.391101694915254,0.291368056503564,0.524973593883699,0.608898305084746,0.475026406116301,0.708631943496436,189,4.0944661669484e-10,415222735
693,-0.969779416825141,0.15039630187956,0.379166666666667,0.282366120088811,0.509152305757833,0.620833333333333,0.490847694242167,0.717633879911189,190,1.13216215183435e-10,432796061
219,-0.715295413632009,0.148936353424668,0.48904761912144,0.365238285166034,0.654826132642762,0.51095238087856,0.345173867357238,0.634761714833966,184,1.56546691953162e-06,817698519
769,-0.80052994118365,0.149160329263728,0.449090909277232,0.335249980675405,0.601588833470281,0.550909090722768,0.398411166529719,0.664750019324595,186,8.00973603958347e-08,603856150
519,-0.858226930919394,0.148421647704257,0.423913043478261,0.31691299232319,0.56703976417521,0.576086956521739,0.43296023582479,0.68308700767681,190,7.36612450344055e-09,699237281
193,-0.568566618448137,0.145823957094284,0.566336633667541,0.425548513396065,0.753702979888844,0.433663366332459,0.246297020111156,0.574451486603935,189,9.65934833158544e-05,651883268
120,-0.554652397800431,0.143867122210331,0.574271844662956,0.433169238677883,0.761337883962334,0.425728155337044,0.238662116037666,0.566830761322118,194,0.000115582929635055,991546727
994,-0.815963352551141,0.142284623486583,0.442213114965464,0.334594445783376,0.584446160155519,0.557786885034536,0.415553839844481,0.665405554216624,205,9.76700184641117e-09,67775260
620,-0.645894295662451,0.155196718732244,0.524193548411707,0.386712299371787,0.710551168511667,0.475806451588293,0.289448831488333,0.613287700628213,168,3.15779211514709e-05,17469605
744,-0.570544858459805,0.152871073841256,0.565217391308761,0.418881733661607,0.76267517479281,0.434782608691239,0.23732482520719,0.581118266338393,172,0.000189817472929055,964908871
494,-0.685017054381903,0.15284625075289,0.504081632700844,0.373592293308466,0.680148645937261,0.495918367299156,0.319851354062739,0.626407706691534,174,7.40371399542402e-06,897793339
918,-0.569619360939068,0.141058701013405,0.565740740745041,0.429089681278877,0.745910702827483,0.434259259254959,0.254089297172517,0.570910318721123,202,5.38692452416426e-05,418712393
144,-0.715411550906146,0.14618287819498,0.488990825762008,0.36717205454039,0.651226107005123,0.511009174237992,0.348773892994877,0.63282794545961,191,9.88324594711926e-07,115354066
719,-0.706194895820312,0.146473141599718,0.493518518583717,0.370361035285087,0.657630001486481,0.506481481416283,0.342369998513519,0.629638964714913,190,1.42606446435662e-06,365474852
593,-0.759286982796897,0.154560308254895,0.468000000125234,0.345687662753633,0.633589288007984,0.531999999874766,0.366410711992016,0.654312337246367,172,8.98942825032308e-07,890127464
568,-0.583251509725588,0.147870605541955,0.558080808087025,0.417666266456248,0.745701085696114,0.441919191912975,0.254298914303886,0.582333733543752,184,8.00210402798968e-05,382727699
894,-0.611271291782313,0.1419976158799,0.54266055047089,0.410827646180542,0.716798092278233,0.45733944952911,0.283201907721767,0.589172353819458,200,1.67136900352935e-05,601467987
369,-0.967584026261706,0.144395991735054,0.38,0.28633438592284,0.504305480232864,0.62,0.495694519767136,0.71366561407716,206,2.07130679352045e-11,639489649
170,-0.877633240363473,0.151965509413362,0.415765765765766,0.308670730999445,0.560018021219849,0.584234234234234,0.439981978780151,0.691329269000555,182,7.68556329934292e-09,5355637
944,-1.03011134143474,0.152059509554002,0.356967213114754,0.264968983387346,0.480907574954298,0.643032786885246,0.519092425045702,0.735031016612654,189,1.24927014579752e-11,654591235
319,-0.990398704027877,0.143793921044401,0.371428571428572,0.280206174165333,0.492348835939881,0.628571428571428,0.507651164060119,0.719793825834667,209,5.67312450445898e-12,539884033
295,-0.721367748037696,0.142560720923313,0.486086956601701,0.367592009140395,0.642779286554242,0.513913043398299,0.357220713445758,0.632407990859605,201,4.19094556615293e-07,764613185
44,-0.643876131508044,0.150336323291817,0.525252525276224,0.391202515460586,0.705236301929778,0.474747474723776,0.294763698070222,0.608797484539414,179,1.84469272295811e-05,341397348
94,-0.883979427021808,0.147675013473911,0.413135593220339,0.309308185560834,0.5518153943325,0.586864406779661,0.4481846056675,0.690691814439166,193,2.15093037748121e-09,938207463
245,-0.532912411166571,0.143043441080388,0.586893203884823,0.443404690261728,0.776815492327964,0.413106796115177,0.223184507672036,0.556595309738272,196,0.000194906457254444,148971250
269,-0.589531305155187,0.141163026669974,0.554587155970598,0.420544174243918,0.731354593415829,0.445412844029402,0.268645406584171,0.579455825756082,202,2.96361351390343e-05,860550328
69,-0.646302542248679,0.151202875239323,0.523979591861532,0.389592198391528,0.704723076645028,0.476020408138468,0.295276923354972,0.610407801608472,177,1.91647166697187e-05,92106307
845,-0.819854213930534,0.143037004859559,0.44049586798638,0.33280398634332,0.583035713739638,0.55950413201362,0.416964286260362,0.66719601365668,203,9.93920785634317e-09,750147614
544,-0.724774157565046,0.148634417655186,0.484433962347694,0.362006807156915,0.648264781866834,0.515566037652306,0.351735218133166,0.637993192843085,185,1.08137862764696e-06,348432621
445,-0.853639766912488,0.147575690382984,0.425862068965517,0.31889837358524,0.568703125527589,0.574137931034483,0.431296874472411,0.68110162641476,192,7.27629636490771e-09,585385414
419,-0.715411550906145,0.14618287819498,0.488990825762009,0.36717205454039,0.651226107005124,0.511009174237991,0.348773892994876,0.63282794545961,191,9.88324594711954e-07,744481354
395,-0.756874436399028,0.144027236813477,0.469130434904619,0.353750777075847,0.622142421206922,0.530869565095381,0.377857578793078,0.646249222924153,198,1.47961342980268e-07,304753465
970,-0.840567685345135,0.146995587152083,0.431465517241379,0.323461966073799,0.575531320816548,0.568534482758621,0.424468679183452,0.676538033926201,193,1.07582917324572e-08,298754809
470,-0.696064051741916,0.149555894941808,0.4985436893768,0.371878452198113,0.668352276794521,0.5014563106232,0.331647723205479,0.628121547801887,182,3.25230384263775e-06,251235685
670,-0.632522558707695,0.146219323270423,0.531250000019027,0.398875011257124,0.707556388731221,0.468749999980973,0.292443611268779,0.601124988742876,189,1.51946216064348e-05,924818261
820,-0.767255152420347,0.146385010938702,0.464285714421899,0.348483463037498,0.618569451581286,0.535714285578101,0.381430548418714,0.651516536962502,192,1.59405585172979e-07,830772720
20,-0.831909622055602,0.147250348585602,0.435217391542159,0.32611180313978,0.580825888781378,0.564782608457841,0.419174111218622,0.67388819686022,192,1.60795865226433e-08,586319292
344,-0.647006024514109,0.144060793183694,0.523611111136235,0.394806309224609,0.694438232873693,0.476388888863765,0.305561767126307,0.605193690775391,195,7.08225672312606e-06,166530131
870,-0.812493937729027,0.153947691296644,0.443750000205671,0.328169226835275,0.600038171103028,0.556249999794329,0.399961828896972,0.671830773164725,175,1.30795892885248e-07,543544468
645,-0.710096738733747,0.139694210528819,0.491596638724272,0.373853092244733,0.64642304749696,0.508403361275728,0.35357695250304,0.626146907755267,209,3.7108479002944e-07,951249089
794,-0.760262116952029,0.144800040659022,0.467543859775672,0.352020811481898,0.620978231070222,0.532456140224328,0.379021768929778,0.647979188518102,196,1.51746613498533e-07,231078942
694,-0.611044739901081,0.150515638266645,0.542783505166753,0.404117351167302,0.729030645752051,0.457216494833247,0.270969354247949,0.595882648832698,178,4.91408341687085e-05,65944201
770,-0.880050646859011,0.156362344118198,0.414761904761905,0.305283260668302,0.563501049042567,0.585238095238095,0.436498950957433,0.694716739331698,172,1.82018205987376e-08,74805882
220,-0.72502238891735,0.151531568674284,0.484313725574004,0.359867703252071,0.651794486306188,0.515686274425996,0.348205513693812,0.640132296747929,178,1.71303162294118e-06,985524181
520,-0.787457859666628,0.148586412826011,0.455000000165874,0.340043449327273,0.608819256952352,0.544999999834126,0.391180743047648,0.659956550672727,187,1.16016854607502e-07,744300269
194,-0.791397457655868,0.149439642203588,0.45321100934626,0.338140505126037,0.607440445255429,0.54678899065374,0.392559554744571,0.661859494873963,185,1.18518175954403e-07,87345869
145,-0.958137841809655,0.148612281458715,0.383606557377049,0.286673150358428,0.513316265156623,0.616393442622951,0.486683734843377,0.713326849641572,194,1.13911426326596e-10,803540888
995,-0.803987161553697,0.141779699585828,0.447540983798418,0.338960985081223,0.590902614149712,0.552459016201582,0.409097385850288,0.661039014918777,206,1.42232695363354e-08,581008441
121,-0.77287840995573,0.150012296589896,0.461682243134837,0.344074488569528,0.619489385894832,0.538317756865162,0.380510614105168,0.655925511430472,183,2.57585091583166e-07,540865200
594,-0.727353935782833,0.14406359507641,0.483185840794285,0.364323382016746,0.64082781470597,0.516814159205715,0.35917218529403,0.635676617983254,197,4.4450251806646e-07,826911507
45,-0.501400483305828,0.153488626011361,0.605681818182169,0.448326883337935,0.818265597068686,0.394318181817831,0.181734402931314,0.551673116662065,170,0.00108810950586915,700903923
246,-0.86291627128278,0.149283097965158,0.421929824561403,0.31489823155179,0.56534066887936,0.578070175438597,0.43465933112064,0.68510176844821,188,7.45224771305736e-09,520642420
621,-0.462199112325791,0.144732775219906,0.629896907216522,0.4743213947133,0.836500563000671,0.370103092783478,0.163499436999329,0.5256786052867,191,0.00140576174688985,236171590
895,-0.605585640452756,0.143770363150043,0.545754716991843,0.411737044759062,0.723394251039858,0.454245283008157,0.276605748960142,0.588262955240938,195,2.5292572091959e-05,527392087
495,-0.848826806407478,0.144884647845914,0.427916666666667,0.322131478614599,0.568440794419192,0.572083333333333,0.431559205580808,0.677868521385401,199,4.6667672719179e-09,683644923
919,-0.602633173000834,0.138522909625802,0.547368421062637,0.417223559512967,0.718109468042379,0.452631578937363,0.281890531957621,0.582776440487033,210,1.35875516838391e-05,955344772
745,-0.55523709056096,0.150620352686541,0.573936170215578,0.427223682134181,0.771031057632866,0.426063829784422,0.228968942367134,0.572776317865819,177,0.000227506754906963,105145206
70,-0.676915985548581,0.143940321200987,0.508181818223887,0.383263003971515,0.673816041979698,0.491818181776113,0.326183958020302,0.616736996028485,196,2.56675043052454e-06,952508695
720,-0.755443991529639,0.153621678922687,0.469801980318141,0.347657684183982,0.634859836994266,0.530198019681859,0.365140163005734,0.652342315816018,174,8.76291128218043e-07,108503717
370,-0.806395060612504,0.157502039516739,0.446464646660391,0.327884657778455,0.607929270213893,0.553535353339609,0.392070729786107,0.672115342221545,167,3.05693920734838e-07,489289629
945,-0.430782916092454,0.145864991497895,0.65,0.488374355137053,0.865115040451774,0.35,0.134884959548226,0.511625644862947,188,0.00314397400385037,509187900
846,-0.845726768155162,0.154011936387623,0.429245283018868,0.317402492941012,0.580498002037403,0.570754716981132,0.419501997962597,0.682597507058988,176,3.98970972750487e-08,313419462
545,-0.72803443938008,0.149480173747985,0.482857142944205,0.360230852419307,0.647226685128163,0.517142857055795,0.352773314871837,0.639769147580693,183,1.11349173932253e-06,271750344
569,-0.570044983418266,0.146609184137801,0.565500000004352,0.424266406377243,0.753748694683538,0.434499999995648,0.246251305316462,0.575733593622757,187,0.000100992797136907,812621874
171,-0.756874436399027,0.144027236813477,0.46913043490462,0.353750777075847,0.622142421206923,0.53086956509538,0.377857578793077,0.646249222924153,198,1.47961342980273e-07,153512474
446,-0.682097344283034,0.15194743527866,0.505555555601221,0.375345311904282,0.680936757948469,0.494444444398779,0.319063242051531,0.624654688095718,176,7.15465665846138e-06,864688347
320,-0.611530908416408,0.131559788735568,0.542519685051615,0.41920997281263,0.702100684040873,0.457480314948385,0.297899315959127,0.58079002718737,233,3.34662893734537e-06,974628001
296,-0.712422673943461,0.145392922322805,0.490454545525569,0.368841758636266,0.652164934133466,0.509545454474431,0.347835065866534,0.631158241363734,193,9.58455311390538e-07,883630631
95,-0.969779416825141,0.143397247403047,0.379166666666667,0.286266278611946,0.502215496034718,0.620833333333333,0.497784503965282,0.713733721388054,209,1.35268503230479e-11,103591364
270,-0.584933595908059,0.148690428533228,0.55714285714935,0.416294856271521,0.745644964371317,0.44285714285065,0.254355035628683,0.583705143728479,182,8.35778200730326e-05,459349944
971,-0.419609615494329,0.149489351350826,0.657303370786517,0.490365935128352,0.881072053127488,0.342696629213483,0.118927946872512,0.509634064871648,179,0.00500125046158167,222425557
420,-0.88889175768604,0.14852784944421,0.411111111111111,0.307278433381963,0.550029964090975,0.588888888888889,0.449970035909025,0.692721566618037,191,2.16814732428227e-09,502374628
821,-0.642626912108718,0.142572311992878,0.525909090932237,0.397697541410739,0.69545406527802,0.474090909067763,0.30454593472198,0.602302458589261,199,6.56344927812059e-06,906936376
396,-0.682097344283034,0.14547859348984,0.50555555560122,0.380134497518943,0.672357866669341,0.49444444439878,0.327642133330659,0.619865502481057,192,2.7502126402271e-06,681185647
471,-0.607062158410119,0.148826082633572,0.544949494960572,0.40707577954927,0.729520072126618,0.455050505039428,0.270479927873382,0.59292422045073,182,4.52290953485079e-05,874043516
671,-0.671944972833352,0.142450720573898,0.510714285753095,0.386299132595201,0.675199760144463,0.489285714246905,0.324800239855537,0.613700867404799,200,2.39307046039954e-06,210615397
21,-0.951087283812988,0.159081671279776,0.386320754716981,0.282837817084463,0.527665384578081,0.613679245283019,0.472334615421919,0.717162182915537,169,2.25049510472775e-09,919638725
695,-0.53614343174773,0.153156097245437,0.585000000001492,0.433300469643194,0.789809898621977,0.414999999998508,0.210190101378023,0.566699530356806,171,0.000464152932207222,924402274
345,-0.521296923631853,0.141921458577824,0.593750000000851,0.449572624385932,0.784164878772458,0.406249999999149,0.215835121227542,0.550427375614068,199,0.000239591189165518,534991680
221,-0.745493660705778,0.153943594008159,0.474500000107415,0.350912785548316,0.641613128316571,0.525499999892585,0.358386871683429,0.649087214451684,173,1.28124233002477e-06,675744804
521,-0.848224215247335,0.141367254721849,0.428174603174603,0.324555429249968,0.564875747811101,0.571825396825397,0.435124252188899,0.675444570750032,209,1.97139784710812e-09,838980029
195,-0.826945631013482,0.152429273038442,0.437383177799642,0.32442479820784,0.589671459391819,0.562616822200358,0.410328540608181,0.67557520179216,179,5.79187376460269e-08,690164080
871,-0.911008099409727,0.14890670370461,0.402118644067797,0.300334064440032,0.538398480400182,0.597881355932203,0.461601519599818,0.699665935559968,191,9.47694991943927e-10,29359877
646,-0.400629877921771,0.141792354277877,0.669897959183671,0.50735831688802,0.884509548342527,0.330102040816329,0.115490451657473,0.49264168311198,199,0.00472114805606459,149179789
795,-0.410580208774936,0.142141062443803,0.663265306122448,0.501991760943095,0.876350770138583,0.336734693877552,0.123649229861417,0.498008239056905,198,0.00387034243438297,848486352
122,-0.744440474724092,0.150908181857166,0.475000000106117,0.353378670465759,0.638479396063814,0.524999999893883,0.361520603936186,0.646621329534241,180,8.09475405231549e-07,642150374
996,-0.737513183310457,0.149179338663138,0.478301886890252,0.357042907864642,0.640742863010474,0.521698113109748,0.359257136989526,0.642957092135358,184,7.66133315021978e-07,510103921
771,-0.750305594159621,0.14251917214392,0.472222222335685,0.357136206673703,0.624394343392326,0.527777777664315,0.375605656607674,0.642863793326297,202,1.4049941529698e-07,609329230
896,-0.956876011989233,0.156446554693686,0.384090909090909,0.28266138287444,0.521917160901364,0.615909090909091,0.478082839098636,0.71733861712556,175,9.57654667538296e-10,266659536
595,-0.906206612807528,0.153302846132084,0.404054054054054,0.299190534337766,0.54567126917594,0.595945945945946,0.45432873082406,0.700809465662234,180,3.39586311656301e-09,72041140
146,-0.771387389691376,0.157486608866972,0.46237113416266,0.339576688423934,0.629569322614893,0.53762886583734,0.370430677385107,0.660423311576066,166,9.67608135806752e-07,430853679
721,-0.923953604619724,0.141892874332221,0.396946564885496,0.300574832924657,0.524217459729543,0.603053435114504,0.475782540270457,0.699425167075343,211,7.43406717027993e-11,674128485
321,-0.65836106441499,0.141282230422302,0.517699115075071,0.392480216167748,0.682868493006951,0.482300884924929,0.317131506993049,0.607519783832252,203,3.1636305530766e-06,508924885
447,-0.787457859666627,0.142260659483897,0.455000000165874,0.344285636091816,0.601317564395092,0.544999999834126,0.398682435604908,0.655714363908184,204,3.10665793149155e-08,93634774
622,-0.663405211295908,0.146077801765879,0.515094339656277,0.386852250037889,0.685848870518266,0.484905660343723,0.314151129481734,0.613147749962111,190,5.58683131909131e-06,613398086
96,-0.814925254258178,0.145872949861725,0.442672414002762,0.332594588614594,0.589182364437406,0.557327585997238,0.410817635562594,0.667405411385406,195,2.3163652377552e-08,439687162
71,-0.600342221255272,0.141576400377914,0.548623853220492,0.415685270208635,0.724076973358793,0.451376146779508,0.275923026641207,0.584314729791365,201,2.23110214197652e-05,463045571
247,-0.721585115715478,0.147803228625098,0.485981308491402,0.363755216167667,0.649276826023995,0.514018691508598,0.350723173976005,0.636244783832333,187,1.04980110032153e-06,624789471
946,-0.617368871647078,0.153162693541205,0.539361702141569,0.399491722051386,0.728202938081482,0.460638297858431,0.271797061918518,0.600508277948614,172,5.5586269043551e-05,181261824
46,-0.916290731874155,0.149786172378819,0.4,0.298237170421507,0.536485776651742,0.6,0.463514223348258,0.701762829578493,189,9.51590297234404e-10,193087312
546,-0.602633173000834,0.138522909625802,0.547368421062637,0.417223559512967,0.718109468042378,0.452631578937363,0.281890531957622,0.582776440487033,210,1.35875516838391e-05,288300524
496,-0.823175942124681,0.147509127885127,0.439035087942585,0.328805621091083,0.586218106020026,0.560964912057415,0.413781893979974,0.671194378908917,191,2.39816430516136e-08,17732418
920,-0.537266396492246,0.146071780838007,0.584343434344987,0.438865704024267,0.778044960294309,0.415656565655013,0.221955039705691,0.561134295975733,188,0.000234979229425759,455088633
746,-0.484850137362499,0.147096658359681,0.615789473684353,0.461554891787742,0.821563551047436,0.384210526315647,0.178436448952564,0.538445108212258,185,0.000980256261317776,918257288
371,-0.741721850492657,0.142777433570038,0.476293103551082,0.360032678480397,0.630095916425744,0.523706896448918,0.369904083574256,0.639967321519603,201,2.04773158058031e-07,184307796
421,-0.810930215759319,0.145075871685136,0.44444444464756,0.334448056225653,0.590617468695357,0.55555555535244,0.409382531304643,0.665551943774347,197,2.27465714314842e-08,150540580
172,-0.813152308939748,0.151803901555527,0.443457944131983,0.329334117543174,0.597128987670051,0.556542055868017,0.402871012329949,0.670665882456826,180,8.48040269698505e-08,736581976
847,-0.545558430681323,0.15988028735461,0.579518072291219,0.423620176345422,0.792788480967639,0.420481927708781,0.207211519032361,0.576379823654578,157,0.00064418764654121,188491254
570,-0.567358451091092,0.151107312276901,0.567021276599778,0.421673761493258,0.762468897704896,0.432978723400222,0.237531102295104,0.578326238506742,176,0.000173568361567429,357657137
297,-0.623467259892437,0.151027409268817,0.536082474242628,0.398728102106766,0.720752858079581,0.463917525757372,0.279247141920419,0.601271897893234,177,3.65657111834998e-05,822947812
271,-0.692262616043643,0.142631729974102,0.500442477929437,0.378395372937533,0.661854482447647,0.499557522070563,0.338145517552353,0.621604627062467,200,1.21303424461334e-06,907269018
472,-0.737513183310457,0.149179338663138,0.478301886890252,0.357042907864642,0.640742863010474,0.521698113109748,0.359257136989526,0.642957092135358,184,7.66133315021985e-07,828507276
972,-0.783922204847385,0.14152444555991,0.45661157040843,0.346003973088082,0.602577260515376,0.54338842959157,0.397422739484624,0.653996026911918,206,3.03979134739061e-08,688081129
822,-0.631453611519583,0.142133810903491,0.531818181836807,0.40251184182388,0.702663994307926,0.468181818163193,0.297336005692074,0.59748815817612,200,8.88494009098416e-06,664098401
872,-0.872615668371494,0.151054494529161,0.417857142857143,0.310777816862699,0.561830936324115,0.582142857142857,0.438169063675885,0.689222183137301,184,7.61225250980113e-09,385010706
196,-0.583362503676498,0.142908968413968,0.558018867930763,0.421700920738245,0.738402601591689,0.441981132069237,0.261597398408311,0.578299079261755,197,4.46389135007643e-05,494257609
647,-0.687502762841548,0.147068297790849,0.502830188728885,0.376909064150642,0.670820159942008,0.497169811271115,0.329179840057992,0.623090935849358,188,2.94358357497575e-06,375331978
397,-0.737513183310457,0.149179338663138,0.478301886890252,0.357042907864642,0.640742863010474,0.521698113109748,0.359257136989526,0.642957092135358,184,7.66133315021981e-07,117582428
22,-0.668454567898099,0.147683806039862,0.512500000036631,0.383694157403605,0.684545868029105,0.487499999963369,0.315454131970895,0.616305842596395,186,6.00381249028938e-06,545927510
997,-0.571012257393189,0.14176911710438,0.564953271032509,0.427896206478588,0.745910325022485,0.435046728967491,0.254089674977515,0.572103793521412,200,5.63103110026943e-05,152081577
522,-0.721178694251765,0.13783920530007,0.486178861868384,0.371079641499615,0.636978856539835,0.513821138131616,0.363021143460165,0.628920358500385,215,1.67659604700181e-07,706570508
672,-0.613104472863004,0.146862614204346,0.541666666679344,0.406183639591486,0.722340215589672,0.458333333320656,0.277659784410328,0.593816360408514,187,2.98404715105382e-05,361105627
222,-1.00854802253355,0.14147352199203,0.364748201438849,0.276420774088284,0.481299753579244,0.635251798561151,0.518700246420756,0.723579225911716,217,1.01187545932394e-12,494527401
897,-0.759286982796897,0.138242942352507,0.468000000125234,0.356921942016115,0.613646779124971,0.531999999874766,0.386353220875029,0.643078057983885,215,3.96484579064003e-08,277182599
346,-0.889648800927734,0.143729704125839,0.4108,0.309947036988629,0.544469279782762,0.5892,0.455530720217238,0.690052963011371,204,6.02653892294996e-10,50095308
696,-0.702204467548061,0.137656854109051,0.495491803340324,0.378323002669519,0.648948452631922,0.504508196659676,0.351051547368078,0.621676997330481,215,3.37645031517823e-07,65196807
796,-0.521754694296721,0.134979486210762,0.593478260870432,0.455522746580184,0.77321373909435,0.406521739129568,0.22678626090565,0.544477253419816,220,0.00011089049101435,459794906
322,-0.89549085776348,0.151439970167646,0.408407079646018,0.30352000840251,0.549539859276074,0.591592920353982,0.450460140723926,0.69647999159749,184,3.35577836353559e-09,887039632
772,-0.673729094624465,0.149344975035708,0.509803921608585,0.380435029356166,0.683165372356319,0.490196078391415,0.316834627643681,0.619564970643834,182,6.4453676502283e-06,601118345
623,-0.695736737354105,0.140913607260114,0.498706896607866,0.378355014429142,0.657341806608529,0.501293103392134,0.342658193391471,0.621644985570858,205,7.92000928476547e-07,139284361
123,-0.692147680120488,0.151614685920247,0.50050000005324,0.37183428140771,0.673687883497284,0.49949999994676,0.326312116502716,0.62816571859229,177,4.99076162861291e-06,161293294
147,-0.840567685345135,0.146995587152083,0.431465517241379,0.323461966073799,0.575531320816548,0.568534482758621,0.424468679183452,0.676538033926201,193,1.07582917324569e-08,555820036
947,-0.704320481029627,0.140651923566096,0.494444444507953,0.375313656389277,0.651389323417549,0.505555555492047,0.348610676582451,0.624686343610723,206,5.51293892536349e-07,638704631
596,-0.622321127962546,0.142426904191803,0.536697247721872,0.405971332853713,0.709517920113896,0.463302752278128,0.290482079886104,0.594028667146287,199,1.24584318981201e-05,452267073
722,-0.374270705829141,0.150389221574404,0.687790697674398,0.512206116441434,0.923565784598601,0.312209302325602,0.0764342154013991,0.487793883558566,177,0.0128218174828174,573709269
448,-0.617112494258308,0.148486338668013,0.539500000013833,0.403273466499099,0.721744112107548,0.460499999986167,0.278255887892452,0.596726533500901,183,3.23836616180948e-05,910095070
497,-0.840256045598157,0.141591640894102,0.4316,0.32700802658242,0.569645222310927,0.5684,0.430354777689073,0.67299197341758,208,2.94990423654253e-09,559391235
422,-0.740104163436289,0.147221981802658,0.47706422028435,0.357487834963163,0.636637804189804,0.52293577971565,0.363362195810196,0.642512165036837,189,4.97872702910056e-07,81804241
72,-0.893913666050428,0.14939651867483,0.409051724137931,0.305219080938379,0.54820725003754,0.590948275862069,0.45179274996246,0.694780919061621,189,2.18396659695202e-09,86660727
97,-0.789923952152567,0.144797681839612,0.453879310514494,0.341734146508327,0.602826584987148,0.546120689485506,0.397173415012852,0.658265853491673,197,4.88728318354692e-08,158050597
248,-0.848826806407479,0.144884647845914,0.427916666666667,0.322131478614598,0.568440794419192,0.572083333333333,0.431559205580808,0.677868521385402,199,4.6667672719177e-09,95767579
47,-0.756998652286015,0.156827907705211,0.469072165070629,0.344943134470183,0.637869474868667,0.53092783492937,0.362130525131333,0.655056865529817,167,1.38647972773343e-06,602815757
921,-0.751254811124151,0.138476089052958,0.471774193663064,0.359635968270343,0.618878280937475,0.528225806336936,0.381121719062525,0.640364031729657,214,5.79029490103496e-08,485721871
547,-0.709162595743862,0.147280254631959,0.492056074834288,0.368679863367322,0.656719297251392,0.507943925165712,0.343280702748608,0.631320136632678,188,1.47159006238006e-06,602646942
747,-0.692353844433826,0.13507696430839,0.50039682545023,0.384004952393588,0.652067066739343,0.49960317454977,0.347932933260657,0.615995047606412,223,2.96552578813998e-07,653401100
173,-0.844345234433238,0.142336355441088,0.429838709677419,0.32519854847955,0.568149265121236,0.570161290322581,0.431850734878764,0.67480145152045,206,2.99190114331865e-09,713291830
372,-0.622321127962546,0.142426904191803,0.536697247721872,0.405971332853713,0.709517920113896,0.463302752278128,0.290482079886104,0.594028667146287,199,1.24584318981202e-05,639758794
848,-0.679479541744827,0.144703205937997,0.506880733988776,0.38171057529774,0.673096568751318,0.493119266011224,0.326903431248682,0.61828942470226,194,2.65724922767335e-06,142099975
873,-0.8280847130317,0.142800011416585,0.436885246133083,0.330229440325056,0.577988195422207,0.563114753866917,0.422011804577793,0.669770559674944,204,6.67465078018043e-09,517172833
648,-0.759286982796897,0.138242942352507,0.468000000125234,0.356921942016115,0.613646779124971,0.531999999874766,0.386353220875029,0.643078057983885,215,3.96484579064e-08,364100745
571,-0.599603785650531,0.145612467658544,0.549029126222912,0.41271459508913,0.730366662647336,0.450970873777088,0.269633337352664,0.58728540491087,190,3.82497691974916e-05,524000241
298,-0.743998290327237,0.141058903361022,0.475210084139188,0.360425983122022,0.626549235189632,0.524789915860812,0.373450764810368,0.639574016877978,206,1.33205481460501e-07,750383539
973,-0.589006921294373,0.162729334285207,0.554878048787688,0.403350020924829,0.763331183968903,0.445121951212312,0.236668816031097,0.596649979075171,152,0.000295116069791048,426086632
473,-0.774554454877192,0.148025071897417,0.4609090910557,0.344838783763648,0.61604784676249,0.5390909089443,0.38395215323751,0.655161216236352,188,1.6715156416194e-07,603285622
272,-0.95207983972574,0.144811583572731,0.3859375,0.290571580643897,0.51260262127558,0.6140625,0.48739737872442,0.709428419356103,204,4.87805069914252e-11,7545734
23,-0.992466957091936,0.15085495163602,0.370661157024793,0.275784027349674,0.498178573455809,0.629338842975207,0.501821426544191,0.724215972650326,190,4.73786840018875e-11,975576560
823,-0.858822346239158,0.150423407638431,0.423660714285714,0.315484158940336,0.568929994558067,0.576339285714286,0.431070005441933,0.684515841059664,185,1.13397544723594e-08,303317917
898,-0.760665342762668,0.140565698812343,0.467355372027921,0.35481134620649,0.615597686203196,0.532644627972079,0.384402313796804,0.64518865379351,208,6.25137386002157e-08,890545627
197,-0.636915121540907,0.147824606678401,0.528921568648196,0.395879254675159,0.706675135101042,0.471078431351804,0.293324864898958,0.604120745324841,185,1.64301133048855e-05,454259988
398,-0.561622517045282,0.142079732672138,0.570283018871337,0.4316700844014,0.753405745186151,0.429716981128663,0.246594254813849,0.568329915598599,199,7.72198393308549e-05,460262739
998,-0.539263559083668,0.140579020693654,0.583177570095124,0.442730796442515,0.768178046331619,0.416822429904876,0.231821953668381,0.557269203557485,203,0.00012504558999349,711732949
673,-0.715519478163045,0.143576681268357,0.488938053171387,0.369012558196154,0.647838168455908,0.511061946828613,0.352161831544092,0.630987441803845,198,6.24328751400974e-07,194933935
523,-0.702716631450731,0.148404209924909,0.495238095300181,0.37024751480761,0.662423814415053,0.504761904699819,0.337576185584947,0.62975248519239,185,2.18889969876288e-06,932883188
223,-0.81093021575932,0.145075871685136,0.44444444464756,0.334448056225653,0.590617468695357,0.55555555535244,0.409382531304643,0.665551943774347,197,2.27465714314837e-08,780436159
697,-1.08408418732371,0.154126835090311,0.33821138237813,0.250031784012282,0.457489593261097,0.66178861762187,0.542510406738903,0.749968215987718,187,2.01106115154464e-12,976187306
347,-0.449831111063138,0.138019371392336,0.637735849056611,0.486584789351289,0.835839964734974,0.362264150943389,0.164160035265026,0.513415210648711,210,0.00111731509138617,786285631
323,-0.69314718045187,0.148712422531115,0.500000000054038,0.373581843466597,0.669197404601359,0.499999999945962,0.330802595398641,0.626418156533403,184,3.14691334680125e-06,198078706
797,-0.888024293724339,0.153841039874911,0.411467889908257,0.304359049317947,0.556270052771419,0.588532110091743,0.443729947228581,0.695640950682053,178,7.81736245769065e-09,652777087
597,-0.529873818734669,0.14089226001032,0.588679245284206,0.44663321287649,0.775901217906547,0.411320754715794,0.224098782093453,0.55336678712351,202,0.000169340980257926,462300728
624,-0.676915985548582,0.143940321200987,0.508181818223886,0.383263003971514,0.673816041979697,0.491818181776114,0.326183958020303,0.616736996028486,196,2.56675043052443e-06,168748319
124,-0.744898245387698,0.143528443445729,0.474782608802332,0.358363005203197,0.629022868845886,0.525217391197668,0.370977131154114,0.641636994796803,199,2.10407231016277e-07,298728103
773,-0.756874436399028,0.144027236813477,0.469130434904619,0.353750777075847,0.622142421206922,0.530869565095381,0.377857578793078,0.646249222924153,198,1.4796134298027e-07,701963280
73,-0.758816283801685,0.142264831046411,0.468220339107652,0.354286196100122,0.618794320431638,0.531779660892348,0.381205679568362,0.645713803899878,203,9.61630784902112e-08,783037367
249,-0.840567685345135,0.146995587152083,0.431465517241379,0.323461966073799,0.575531320816548,0.568534482758621,0.424468679183452,0.676538033926201,193,1.07582917324572e-08,677584366
498,-0.709162595743861,0.147280254631959,0.492056074834289,0.368679863367322,0.656719297251393,0.507943925165711,0.343280702748607,0.631320136632678,188,1.47159006238007e-06,598095334
449,-0.696064051741916,0.149555894941808,0.4985436893768,0.371878452198112,0.668352276794521,0.5014563106232,0.331647723205479,0.628121547801888,182,3.25230384263774e-06,323716609
148,-0.666505249544482,0.150526502144698,0.513500000035453,0.38230683016128,0.689713678212794,0.486499999964547,0.310286321787206,0.61769316983872,179,9.51873769239456e-06,100259717
548,-0.738609554429306,0.142038429740383,0.477777777876867,0.361678435684834,0.631145190065666,0.522222222123133,0.368854809934334,0.638321564315166,203,1.99215167585616e-07,783671496
748,-0.777653859605624,0.14427685748316,0.459482758771833,0.346306414746951,0.609646245689225,0.540517241228167,0.390353754310775,0.653693585253049,198,7.04533420007378e-08,750912259
174,-0.628313891517166,0.144665874129481,0.533490566055219,0.401778718020574,0.708380437550562,0.466509433944781,0.291619562449438,0.598221281979426,193,1.40417471960637e-05,862613516
723,-0.565957694453884,0.157010023916927,0.567816091957897,0.417407762792321,0.772422420056321,0.432183908042103,0.227577579943679,0.582592237207679,163,0.000312638947466584,589156404
849,-0.872615668371493,0.151054494529161,0.417857142857143,0.310777816862699,0.561830936324115,0.582142857142857,0.438169063675885,0.689222183137301,184,7.61225250980127e-09,246848783
948,-0.670455769283836,0.136430890849461,0.511475409873934,0.391466474089581,0.668274583447074,0.488524590126066,0.331725416552926,0.608533525910419,218,8.91220875722577e-07,158959951
423,-0.430782916092454,0.138013111868471,0.65,0.495948273621478,0.851903358620146,0.35,0.148096641379854,0.504051726378522,210,0.00180043030274198,956216804
98,-0.794283824711133,0.152389106103966,0.45190476208121,0.335222434367048,0.609201214045444,0.54809523791879,0.390798785954556,0.664777565632952,178,1.8660544505124e-07,475119902
974,-0.849151429036527,0.146744749596098,0.427777777777778,0.320855037904452,0.570331787076342,0.572222222222222,0.429668212923658,0.679144962095548,194,7.183040068421e-09,314963807
48,-0.47289440144248,0.145127414786312,0.623195876288723,0.468912587927103,0.828242001222722,0.376804123711277,0.171757998777278,0.531087412072897,190,0.00112011797094916,36957439
922,-0.504890888245488,0.145578475818589,0.603571428571844,0.453745206441943,0.802870122298183,0.396428571428156,0.197129877701817,0.546254793558058,189,0.000524015870589195,829117937
824,-0.505684224264857,0.146357061536593,0.603092783505586,0.452694038333602,0.803458571832306,0.396907216494414,0.196541428167694,0.547305961666398,187,0.000550005940198183,218904778
874,-0.718464988386313,0.141827157231194,0.487500000076987,0.369191016647868,0.643721649115145,0.512499999923013,0.356278350884855,0.630808983352132,203,4.067342742411e-07,470774835
373,-0.705725962635621,0.149243467070042,0.493750000064772,0.36852829611266,0.661520608147375,0.506249999935227,0.338479391852625,0.63147170388734,183,2.25974051026145e-06,854758793
649,-0.605585640452756,0.143770363150043,0.545754716991843,0.411737044759062,0.723394251039858,0.454245283008157,0.276605748960142,0.588262955240938,195,2.5292572091959e-05,907795852
299,-0.922605592732829,0.137691504773059,0.397482014388489,0.303468949112698,0.52061982691896,0.602517985611511,0.47938017308104,0.696531050887302,224,2.0766976688768e-11,564709508
474,-0.623686582187285,0.139320593226007,0.535964912296599,0.407893190347291,0.704249038745955,0.464035087703401,0.295750961254045,0.592106809652709,208,7.5830921732713e-06,316269730
399,-0.627062825105209,0.148152566194534,0.534158415858628,0.399541947589594,0.714130806424567,0.465841584141372,0.285869193575433,0.600458052410406,184,2.3105873584253e-05,720424714
899,-0.380521081311588,0.141821013672668,0.683505154639161,0.517634874699716,0.902526702222907,0.316494845360839,0.0974732977770926,0.482365125300284,199,0.00729414538176005,651057751
572,-0.986728975138914,0.142033284820789,0.372794117647059,0.282208506079202,0.492456645205604,0.627205882352941,0.507543354794396,0.717791493920798,214,3.72693951614025e-12,213905477
273,-0.718464988386313,0.144337567295778,0.487500000076987,0.367378942814892,0.64689676619492,0.512499999923013,0.35310323380508,0.632621057185108,196,6.43537697720986e-07,309237970
24,-0.94434451967732,0.147970779035801,0.388934426229508,0.291020398202409,0.519791701340695,0.611065573770492,0.480208298659305,0.708979601797591,195,1.74828485747459e-10,6761075
524,-0.978078219639836,0.150167163839608,0.37603305785124,0.280158307283605,0.504717714666277,0.62396694214876,0.495282285333723,0.719841692716395,191,7.35356315194309e-11,920848021
224,-0.930738867621541,0.14734393379094,0.394262295081967,0.295369645574072,0.526265171971839,0.605737704918033,0.473734828028161,0.704630354425928,196,2.67073409476668e-10,997711195
324,-0.956876011989233,0.142815511749496,0.384090909090909,0.290314845305414,0.508158052651709,0.615909090909091,0.491841947348291,0.709685154694586,210,2.08298901145134e-11,710292292
798,-0.997889375757035,0.143598681414581,0.36865671641791,0.278221527931027,0.488487629159049,0.63134328358209,0.511512370840951,0.721778472068973,210,3.67482785306367e-12,151363515
198,-0.707036292586835,0.141365929482467,0.493103448341828,0.373772325226574,0.650532407981807,0.506896551658172,0.349467592018193,0.626227674773426,204,5.6897249198902e-07,405969874
625,-0.534161270543918,0.137220849463844,0.586160714287104,0.44793408305931,0.767042285835782,0.413839285712896,0.232957714164218,0.55206591694069,213,9.91297387424411e-05,589126218
999,-0.840458556736962,0.145126114785172,0.431512605042017,0.324684767037742,0.573488956716295,0.568487394957983,0.426511043283705,0.675315232962258,198,6.98732526609211e-09,340412656
674,-0.711397821178477,0.157234871813164,0.490957446878553,0.360749124923331,0.668162991931678,0.509042553121447,0.331837008068322,0.639250875076669,165,6.05591285794477e-06,760287579
499,-0.583362503676498,0.142908968413968,0.558018867930763,0.421700920738245,0.738402601591689,0.441981132069237,0.261597398408311,0.578299079261755,197,4.46389135007643e-05,247593031
74,-0.80146190769661,0.14720757569152,0.448672566559493,0.336222056688837,0.598732498294678,0.551327433440507,0.401267501705322,0.663777943311163,191,5.19704131012469e-08,668114126
450,-0.530312511437437,0.148842946645837,0.588421052632785,0.43953438590922,0.787741178577519,0.411578947367215,0.212258821422481,0.56046561409078,181,0.000366780643157214,935265578
250,-0.678619079911828,0.136186445607795,0.507317073213959,0.388469892684264,0.662523962915087,0.492682926786041,0.337476037084913,0.611530107315736,219,6.26011463920276e-07,493129930
698,-0.712634068088185,0.142827997258558,0.490350877264209,0.370622298350473,0.648757465225169,0.509649122735791,0.351242534774831,0.629377701649527,200,6.05494313380488e-07,799292198
348,-0.663876798193973,0.149669603122473,0.514851485182423,0.383957338625952,0.690368499644115,0.485148514817577,0.309631500355885,0.616042661374048,181,9.18096282696239e-06,411255358
149,-0.780678172706085,0.151780509407393,0.458095238250864,0.340220104481913,0.616810248846632,0.541904761749136,0.383189751153368,0.659779895518087,179,2.69712806479162e-07,677320725
598,-0.645894295662451,0.155196718732244,0.524193548411707,0.386712299371787,0.710551168511667,0.475806451588293,0.289448831488333,0.613287700628213,168,3.1577921151471e-05,468442358
949,-0.498441564565771,0.139089159867055,0.607476635514321,0.462526554498879,0.79785227271031,0.392523364485679,0.20214772728969,0.537473445501121,207,0.000338875524791861,67740723
125,-0.721585115715478,0.147803228625098,0.485981308491402,0.363755216167668,0.649276826023995,0.514018691508598,0.350723173976005,0.636244783832332,187,1.04980110032154e-06,214106082
774,-0.631453611519583,0.142133810903491,0.531818181836807,0.40251184182388,0.702663994307926,0.468181818163193,0.297336005692074,0.59748815817612,200,8.88494009098413e-06,21052266
49,-0.487401810091693,0.137415609705314,0.614220183486404,0.46919751614393,0.80406741472677,0.385779816513596,0.19593258527323,0.53080248385607,212,0.000389766849172913,45877292
549,-0.48155524146569,0.142540018120093,0.617821782178334,0.467232380012193,0.816946279545204,0.382178217821666,0.183053720454796,0.532767619987807,197,0.000729125824783491,148938720
724,-0.70572596263562,0.149243467070042,0.493750000064773,0.36852829611266,0.661520608147376,0.506249999935227,0.338479391852624,0.63147170388734,183,2.25974051026151e-06,465356398
923,-0.804642684353947,0.15002548202937,0.447247706614935,0.333308355193687,0.600136504097175,0.552752293385065,0.399863495902825,0.666691644806313,184,8.16818930978114e-08,490002237
175,-0.567358451091092,0.151107312276901,0.567021276599778,0.421673761493258,0.762468897704896,0.432978723400222,0.237531102295104,0.578326238506742,176,0.000173568361567429,780539538
749,-0.724544034448708,0.145897330481387,0.484545454628752,0.364037808354822,0.644944816755252,0.515454545371248,0.355055183244748,0.635962191645178,192,6.83047727370784e-07,315887426
424,-0.701428801268737,0.154346337383286,0.495876288720752,0.366432091632036,0.67104737639188,0.504123711279248,0.32895262360812,0.633567908367964,171,5.50626386192344e-06,786324497
850,-0.619576987364933,0.154076932598607,0.538172043025334,0.397896950284317,0.727899893897421,0.461827956974666,0.272100106102579,0.602103049715683,170,5.78979075997086e-05,58897532
975,-0.880308013994649,0.148775680703151,0.414655172413793,0.309776877716557,0.555041142117892,0.585344827586207,0.444958857882108,0.690223122283443,190,3.27835739164255e-09,289295027
99,-0.649472117006951,0.141561585677657,0.522321428597718,0.395767751246503,0.689342863113767,0.477678571402282,0.310657136886233,0.604232248753497,202,4.47700978627549e-06,814103395
825,-0.66064541759331,0.142001853806941,0.516517857174932,0.391032760214081,0.682271983131343,0.483482142825068,0.317728016868657,0.608967239785919,201,3.28138773030992e-06,882041100
875,-0.928869514081015,0.142655303232684,0.395,0.298654237629599,0.522426874764481,0.605,0.477573125235519,0.701345762370401,209,7.45100003300876e-11,715649473
475,-0.658566846903399,0.14452392963057,0.517592592623528,0.389914207867875,0.687079584516,0.482407407376472,0.312920415484,0.610085792132125,194,5.19384868272052e-06,834158338
25,-0.693147180451869,0.148712422531115,0.500000000054038,0.373581843466597,0.669197404601359,0.499999999945962,0.330802595398641,0.626418156533403,184,3.14691334680138e-06,496175503
900,-0.638422280830255,0.152437460904734,0.528125000021359,0.391725392466888,0.712019238505548,0.471874999978641,0.287980761494452,0.608274607533112,174,2.81308101014941e-05,90437597
650,-0.559037251610609,0.140661206623312,0.571759259262418,0.43399244597783,0.753258849507735,0.428240740737582,0.246741150492265,0.56600755402217,203,7.0570909797561e-05,361431993
225,-0.705219761664022,0.152177182049185,0.494000000064315,0.366600874645336,0.665672170857839,0.505999999935685,0.334327829142161,0.633399125354664,176,3.58317437239093e-06,139409597
374,-0.86094063679099,0.143631755892675,0.422764227642276,0.319035242138289,0.560218961943077,0.577235772357723,0.439781038056923,0.680964757861711,203,2.04637101125486e-09,995214307
300,-0.769237313617725,0.15423968032482,0.463366336772642,0.342480166138493,0.626922033106212,0.536633663227358,0.373077966893788,0.657519833861506,173,6.12335601172755e-07,67132161
573,-0.682097344283034,0.139771311562133,0.50555555560122,0.384410579167716,0.664878735524467,0.49444444439878,0.335121264475533,0.615589420832284,208,1.0603449879701e-06,821000360
1000,-0.859450921280282,0.152508422616126,0.423394495412844,0.314000111823892,0.570900748106858,0.576605504587156,0.429099251893142,0.685999888176108,180,1.74619532243343e-08,562686854
400,-0.39763070877556,0.148679253003138,0.671910112359546,0.502059475151873,0.899222545206323,0.328089887640454,0.100777454793677,0.497940524848127,181,0.00748587228926446,325253427
274,-0.706630530764261,0.143851580841321,0.493303571494167,0.372106770531668,0.653974700060423,0.506696428505834,0.346025299939577,0.627893229468332,197,9.00511896605245e-07,83816603
525,-0.81093021575932,0.145075871685136,0.44444444464756,0.334448056225653,0.590617468695357,0.55555555535244,0.409382531304643,0.665551943774347,197,2.27465714314837e-08,121781952
500,-0.596909786950552,0.149171962525496,0.550510204090373,0.410950930960587,0.737463920812215,0.449489795909627,0.262536079187785,0.589049069039413,181,6.29454433400679e-05,458466785
325,-0.853639766912488,0.147575690382984,0.425862068965517,0.318898373585241,0.568703125527589,0.574137931034483,0.431296874472411,0.681101626414759,192,7.27629636490787e-09,925881838
799,-0.806267191550768,0.146129668514915,0.446521739325973,0.335317954654734,0.594604795010124,0.553478260674027,0.405395204989876,0.664682045345266,194,3.43899649660402e-08,167343508
199,-0.571555469965496,0.147407316907072,0.564646464651005,0.422963876401288,0.753789266250225,0.435353535348995,0.246210733749775,0.577036123598712,185,0.000105583587242202,517560044
675,-0.59866378871503,0.140867303739813,0.549545454554569,0.416962649539597,0.72428599289421,0.450454545445431,0.27571400710579,0.583037350460403,203,2.13921324115539e-05,838771971
150,-0.895840121402864,0.146363784956387,0.408264462809917,0.30644779371873,0.543909517411816,0.591735537190083,0.456090482588184,0.69355220628127,197,9.31999165300031e-10,646106312
699,-0.751690635928187,0.152700475052419,0.471568627566217,0.349595653711603,0.636097640642107,0.528431372433783,0.363902359357893,0.650404346288397,176,8.53810966831816e-07,65787200
75,-0.756205316269064,0.148592638037196,0.469444444565569,0.350834198806535,0.628154516529906,0.530555555434431,0.371845483470094,0.649165801193465,186,3.59734674405879e-07,342100042
50,-0.774554454877192,0.148025071897417,0.4609090910557,0.344838783763648,0.61604784676249,0.5390909089443,0.38395215323751,0.655161216236352,188,1.6715156416194e-07,836640443
349,-0.773380745826322,0.135596002733573,0.461450381824298,0.353757358923055,0.601927986838305,0.538549618175702,0.398072013161695,0.646242641076945,224,1.17326604967302e-08,226526975
550,-0.75456999293333,0.159198555974143,0.470212766076421,0.34417899279723,0.642398432235223,0.529787233923579,0.357601567764777,0.65582100720277,162,2.13924783440614e-06,512365911
599,-0.740937844182597,0.150036070696624,0.476666666768529,0.355225265824953,0.639625423829464,0.523333333231471,0.360374576170536,0.644774734175047,182,7.87669248230702e-07,465498449
750,-0.772226165125623,0.141040312625925,0.461983471217625,0.350406945585226,0.609088176953318,0.538016528782375,0.390911823046682,0.649593054414774,207,4.36978456609703e-08,279090868
950,-0.929224480658723,0.157259053084834,0.394859813084112,0.290124087105619,0.537405472066371,0.605140186915888,0.462594527933629,0.709875912894381,172,3.44446711551017e-09,635090422
425,-0.332665060134012,0.140196550396359,0.717010309278292,0.544740769556259,0.94375859554286,0.282989690721708,0.0562414044571399,0.455259230443741,204,0.0176515413088753,644227782
775,-0.786237603265936,0.144021284874545,0.455555555719565,0.343518560731315,0.604132900141264,0.544444444280435,0.395867099858736,0.656481439268685,199,4.78348251993879e-08,383908288
725,-0.739330126798863,0.144560541962662,0.477433628418527,0.359635743770047,0.633815947089587,0.522566371581473,0.366184052910413,0.640364256229953,196,3.14858690666577e-07,587534099
924,-0.856129394754447,0.141146053855982,0.424803149606299,0.322139506626049,0.560184988812668,0.575196850393701,0.439815011187332,0.677860493373951,210,1.31497355979451e-09,79426941
100,-0.640854385796832,0.153340564680003,0.526842105285538,0.390082755047467,0.711547999264728,0.473157894714462,0.288452000735272,0.609917244952533,172,2.92423140419404e-05,461871982
375,-0.869864634999603,0.145206665241063,0.41900826446281,0.315226305108468,0.556958359257881,0.58099173553719,0.443041640742119,0.684773694891532,199,2.09160495534277e-09,258608748
275,-0.826945631013482,0.152429273038442,0.437383177799642,0.32442479820784,0.589671459391819,0.562616822200358,0.410328540608181,0.67557520179216,179,5.79187376460266e-08,507252832
800,-0.779833934583833,0.146924467926268,0.458482143011511,0.343763760530964,0.611483523265373,0.541517856988489,0.388516476734627,0.656236239469036,191,1.11004995895257e-07,797921910
574,-0.638422280830255,0.152437460904734,0.528125000021359,0.391725392466888,0.712019238505548,0.471874999978641,0.287980761494452,0.608274607533112,174,2.81308101014938e-05,414981383
200,-0.718464988386313,0.155902391113822,0.487500000076987,0.359145363542865,0.661727184031146,0.512499999923013,0.338272815968854,0.640854636457135,168,4.05724272244562e-06,103165232
700,-0.465071989571032,0.15120800915601,0.628089887640483,0.466996161099451,0.844754068272144,0.371910112359517,0.155245931727856,0.533003838900549,175,0.00210001970136014,591671102
350,-0.718464988386313,0.155902391113822,0.487500000076987,0.359145363542865,0.661727184031146,0.512499999923013,0.338272815968854,0.640854636457135,168,4.05724272244562e-06,684149776
600,-0.804749356709476,0.140099632316355,0.447200000193088,0.339819871897293,0.58851131646928,0.552799999806912,0.41148868353072,0.660180128102707,211,9.23992454842504e-09,918425485
925,-0.510825623765081,0.141534629268072,0.600000000000546,0.454649539491834,0.791818683909876,0.399999999999454,0.208181316090124,0.545350460508166,200,0.0003071524519337,738380798
575,-0.706194895820312,0.146473141599718,0.493518518583716,0.370361035285087,0.657630001486481,0.506481481416284,0.342369998513519,0.629638964714913,190,1.42606446435661e-06,474687954
