"rep","est_V","se_V","IRR_V","IRR_V_CI_Lower","IRR_V_CI_Upper","VE","VE_CI_Lower","VE_CI_Upper","n_event","p_val","n_calendar_group","seed"
26,-0.693147180559946,0.11952286087308,0.5,0.395577845451113,0.631986858907385,0.5,0.368013141092615,0.604422154548887,315,6.65981093913932e-09,NA,226489727
151,-0.82801457872721,0.121216285954001,0.436915887850467,0.344523101219145,0.554086191551889,0.563084112149533,0.445913808448111,0.655476898780855,294,8.43920309406608e-12,NA,166519858
51,-0.719258324563631,0.124901095460549,0.487113402061856,0.381341502501601,0.622223033453535,0.512886597938144,0.377776966546465,0.618658497498399,286,8.4802848625131e-09,NA,901327847
126,-1.02479237643284,0.11697219182853,0.358870967741935,0.285345754705552,0.451341466849331,0.641129032258065,0.548658533150669,0.714654245294448,302,1.93540427465147e-18,NA,481660799
301,-0.759522249504818,0.118643468914128,0.467889908256881,0.370812336614809,0.59038210067979,0.532110091743119,0.40961789932021,0.629187663385191,313,1.53636386090564e-10,NA,630067066
76,-0.726091336279299,0.118507165435726,0.483796296296296,0.383520918858571,0.610289673394129,0.516203703703704,0.389710326605871,0.616479081141429,317,8.95612825668506e-10,NA,90568424
101,-0.851895569635833,0.120626100067817,0.426605504587156,0.336782357278203,0.540385363458113,0.573394495412844,0.459614636541887,0.663217642721797,295,1.63789820407751e-12,NA,578737892
576,-0.894784526653191,0.118384125264768,0.408695652173913,0.324064357546116,0.515428902365761,0.591304347826087,0.484571097634239,0.675935642453884,303,4.08323786298188e-14,NA,361559663
351,-0.64529115938231,0.120319652378553,0.524509803921569,0.41432137230877,0.66400275920311,0.475490196078431,0.33599724079689,0.58567862769123,316,8.17874945253769e-08,NA,536534961
276,-0.719258324563631,0.124901095460549,0.487113402061856,0.381341502501601,0.622223033453535,0.512886597938144,0.377776966546465,0.618658497498399,286,8.48028486251297e-09,NA,827868360
651,-0.7893752126545,0.119267837165503,0.454128440366972,0.359465929573592,0.573719575022804,0.545871559633028,0.426280424977196,0.640534070426408,307,3.62840666482317e-11,NA,798461573
201,-0.841200280519085,0.120388790457149,0.431192660550459,0.340562037748492,0.545941972105217,0.568807339449541,0.454058027894783,0.659437962251508,297,2.80099196746877e-12,NA,89234067
776,-0.894337221658283,0.122719518055509,0.408878504672897,0.321466140778503,0.520059845738889,0.591121495327103,0.479940154261111,0.678533859221497,282,3.15401843416407e-13,NA,304462490
251,-0.799630660962395,0.125375386877253,0.44949494949495,0.351564563804393,0.574704422525028,0.55050505050505,0.425295577474972,0.648435436195607,277,1.79542197332904e-10,NA,71174836
601,-0.799527584118518,0.11948369239334,0.449541284403669,0.355684449875199,0.568164749553174,0.550458715596331,0.431835250446826,0.644315550124801,305,2.20863464812414e-11,NA,664905354
476,-0.731247026792216,0.119164438192532,0.481308411214953,0.381057485794104,0.607933960996724,0.518691588785047,0.392066039003276,0.618942514205896,313,8.4384079827272e-10,NA,875178110
701,-0.842678914530909,0.120977697739229,0.430555555555556,0.339666561164569,0.545764898917844,0.569444444444444,0.454235101082156,0.660333438835431,294,3.27071122715236e-12,NA,2462185
501,-0.631903555319227,0.124405831137069,0.531578947368421,0.41655594535501,0.6783630876868,0.468421052631579,0.3216369123132,0.58344405464499,297,3.78683602026642e-07,NA,69188433
376,-0.7521455213219,0.126259766160369,0.471354166666667,0.368022899556812,0.603698168515002,0.528645833333333,0.396301831484998,0.631977100443188,277,2.56710013372503e-09,NA,716419715
401,-0.6600472321336,0.119442653145664,0.516826923076923,0.408954845793459,0.653152960931199,0.483173076923077,0.346847039068801,0.591045154206541,319,3.27502727026061e-08,NA,38838601
176,-0.703403680727135,0.123930306275705,0.494897959183673,0.388173599659028,0.630965089380902,0.505102040816327,0.369034910619098,0.611826400340972,292,1.38041672134017e-08,NA,455006986
676,-0.909085348152885,0.115726695029676,0.402892561983471,0.321131204545347,0.50547070544396,0.597107438016529,0.49452929455604,0.678868795454653,316,3.98337132692294e-15,NA,943952128
551,-0.808216510344732,0.116506227126036,0.445652173913044,0.354671056850849,0.55997199736809,0.554347826086956,0.44002800263191,0.645328943149151,320,4.00202287496972e-12,NA,64722117
226,-0.802962046567152,0.111643565504935,0.448,0.359953863005699,0.557582569955145,0.552,0.442417430044855,0.640046136994301,349,6.37589135279941e-13,NA,187220089
751,-1.01109291065155,0.117118203041603,0.363821138211382,0.289198964130946,0.457698114539207,0.636178861788618,0.542301885460793,0.710801035869054,302,5.97122958797944e-18,NA,433671542
801,-0.805414482431027,0.117473625024764,0.446902654867257,0.354992521256075,0.562608987425209,0.553097345132743,0.437391012574791,0.645007478743925,315,7.07508394397388e-12,NA,873837968
976,-0.74054941945453,0.11880079206984,0.476851851851851,0.377798349270158,0.601875812993398,0.523148148148149,0.398124187006602,0.622201650729842,314,4.56012561491608e-10,NA,203020578
1,-0.957298755601532,0.121418799704055,0.383928571428571,0.302620652416483,0.487082248954781,0.616071428571429,0.512917751045219,0.697379347583517,284,3.16376303758918e-15,NA,348707705
426,-0.903970247486115,0.115613596218703,0.40495867768595,0.322849589241994,0.507950253299633,0.59504132231405,0.492049746700367,0.677150410758006,317,5.32902142660635e-15,NA,478113303
826,-0.790310929013593,0.119838641850856,0.453703703703704,0.358728174640689,0.57382459841812,0.546296296296296,0.42617540158188,0.641271825359311,304,4.25852178910326e-11,NA,598529137
326,-0.750855498180591,0.119567091823753,0.47196261682243,0.373363541504123,0.596600061110724,0.52803738317757,0.403399938889276,0.626636458495877,309,3.39043952615623e-10,NA,369144078
901,-0.688005781059527,0.124247669849099,0.502577319587629,0.393951789389436,0.641154499019668,0.497422680412371,0.358845500980332,0.606048210610564,292,3.07040934847275e-08,NA,952548565
451,-0.818624838377371,0.121579421993075,0.441037735849057,0.347525885277272,0.559711643602232,0.558962264150943,0.440288356397768,0.652474114722728,293,1.65912789950309e-11,NA,490858511
951,-0.773189888233482,0.114789538640668,0.461538461538462,0.368552079208582,0.577985482911176,0.538461538461538,0.422014517088824,0.631447920791419,333,1.63123106568871e-11,NA,446447953
526,-0.893817876022097,0.115390501623036,0.409090909090909,0.326286612845275,0.512909096825821,0.590909090909091,0.487090903174179,0.673713387154725,319,9.48127797458198e-15,NA,272555314
851,-0.851938239943705,0.112194789234984,0.426587301587302,0.342379336310081,0.531506158744129,0.573412698412698,0.468493841255871,0.657620663689919,341,3.11654565851414e-14,NA,619488532
626,-0.904456274227152,0.113306966798272,0.404761904761905,0.324154881415459,0.505413334610583,0.595238095238095,0.494586665389417,0.675845118584541,330,1.43569042890244e-15,NA,660555437
926,-0.631369820863702,0.120050891219732,0.531862745098039,0.420350982541748,0.672956627608518,0.468137254901961,0.327043372391482,0.579649017458252,319,1.44695429875568e-07,NA,482546607
876,-0.659080625996339,0.121184483652501,0.517326732673267,0.407955226553035,0.656020393707608,0.482673267326733,0.343979606292392,0.592044773446965,310,5.36842243996092e-08,NA,248256539
726,-0.958523495497428,0.111448453469268,0.383458646616541,0.308214764879993,0.477071673455493,0.616541353383459,0.522928326544507,0.691785235120007,337,7.93008723042988e-18,NA,63298639
52,-0.937026630353334,0.110564873865852,0.391791044776119,0.315457976910148,0.48659483672047,0.608208955223881,0.51340516327953,0.684542023089852,344,2.35274592802963e-17,NA,775017940
27,-0.83034830207343,0.115969691454091,0.435897435897436,0.347272772264766,0.547139280119249,0.564102564102564,0.452860719880751,0.652727227735235,321,8.06501122369894e-13,NA,594998080
152,-0.852519804368356,0.119013333402703,0.426339285714285,0.337637767649504,0.538343763521308,0.573660714285715,0.461656236478692,0.662362232350496,303,7.87983443986103e-13,NA,412167524
127,-0.948568390793505,0.116136672101223,0.387295081967213,0.308451060431409,0.48629264009078,0.612704918032787,0.51370735990922,0.691548939568591,311,3.14349180605394e-16,NA,43087171
777,-0.775385278796918,0.116335010170142,0.460526315789474,0.366631615006002,0.578467537588525,0.539473684210526,0.421532462411475,0.633368384993998,324,2.64472783638034e-11,NA,144728240
652,-0.835567520601714,0.118116884242865,0.433628318584071,0.344014194395016,0.546586512247626,0.566371681415929,0.453413487752374,0.655985805604984,309,1.50450533572506e-12,NA,359073693
277,-0.804125688521995,0.114447354840018,0.447478991596639,0.357564904551209,0.560003080200695,0.552521008403361,0.439996919799305,0.642435095448791,332,2.12291528387727e-12,NA,893173082
477,-0.849366113451262,0.114435050088557,0.427685950413223,0.341757215506874,0.535219927718493,0.572314049586776,0.464780072281507,0.658242784493126,328,1.15142922002265e-13,NA,126262126
177,-0.880242016106558,0.112788283682136,0.41468253968254,0.332437638452924,0.517274787288902,0.58531746031746,0.482725212711098,0.667562361547076,335,5.97973317259702e-15,NA,840103763
77,-0.980829253011727,0.124225998769109,0.375,0.293961128449573,0.478379576040181,0.625,0.521620423959819,0.706038871550427,270,2.89099932084811e-15,NA,500704549
352,-0.910211685797774,0.114806734800771,0.402439024390244,0.321348604050571,0.503992132875995,0.597560975609756,0.496007867124005,0.678651395949429,321,2.22330510164857e-15,NA,121030058
102,-0.707535918012046,0.119811215683271,0.492857142857143,0.389706422676123,0.623310649070779,0.507142857142857,0.376689350929221,0.610293577323877,312,3.51742882831406e-09,NA,24297180
252,-0.876996621531953,0.110547472850553,0.416030534351145,0.334986285466535,0.516682064376006,0.583969465648855,0.483317935623994,0.665013714533465,349,2.13548133459436e-15,NA,430709604
377,-0.798507696217772,0.121716123911426,0.45,0.354492916305712,0.571238495003848,0.55,0.428761504996152,0.645507083694288,294,5.36599750092197e-11,NA,652342092
677,-0.916290731874156,0.121543108720818,0.4,0.315211685771969,0.507595394530351,0.600000000000001,0.492404605469649,0.684788314228031,286,4.74269562162566e-14,NA,289339205
302,-0.999178391679923,0.123546544272616,0.368181818181818,0.289000988960002,0.469056703672494,0.631818181818182,0.530943296327506,0.710999011039998,272,6.09191706677792e-16,NA,998093395
577,-0.809286830472599,0.117038618428828,0.445175438596491,0.353922149254668,0.559956961006629,0.554824561403509,0.440043038993371,0.646077850745332,317,4.68857458932776e-12,NA,53660207
402,-0.97788374278197,0.121375081741876,0.376106194690265,0.296480291982079,0.477117277302676,0.623893805309734,0.522882722697324,0.703519708017921,283,7.83757791070115e-16,NA,112427158
602,-0.725235495111446,0.126337240764585,0.484210526315789,0.378003457372532,0.620258437382353,0.515789473684211,0.379741562617647,0.621996542627468,279,9.441258126924e-09,NA,580107496
502,-1.06715733650022,0.113944187523911,0.343984962406015,0.275137628208368,0.430059876331626,0.656015037593985,0.569940123668374,0.724862371791632,316,7.56090165269449e-21,NA,825477477
977,-0.78845736036427,0.118705135086444,0.454545454545454,0.360193046883959,0.573613433227922,0.545454545454546,0.426386566772078,0.639806953116041,310,3.09139272253576e-11,NA,949721677
802,-0.738724689056265,0.122810167554437,0.477722772277228,0.37552576520797,0.607732060743821,0.522277227722773,0.392267939256179,0.62447423479203,294,1.79692115191417e-09,NA,858168905
202,-0.702999477002957,0.12146775960554,0.495098039215686,0.390209341375162,0.628180933781254,0.504901960784314,0.371819066218746,0.609790658624838,304,7.14248242651978e-09,NA,115931907
702,-0.604419064951261,0.12258164407417,0.54639175257732,0.429697127765394,0.694777618917467,0.45360824742268,0.305222381082533,0.570302872234606,309,8.19157990705436e-07,NA,973459199
752,-0.743919505933369,0.122919987950773,0.475247524752475,0.373499633638618,0.604713336886127,0.524752475247525,0.395286663113873,0.626500366361382,293,1.43002555506193e-09,NA,434345150
427,-0.543615446588981,0.124025472302748,0.580645161290323,0.455344544712173,0.740425700154109,0.419354838709677,0.259574299845891,0.544655455287827,309,1.17004976922472e-05,NA,282365734
902,-0.758286482730908,0.117544465295775,0.468468468468468,0.372071439569696,0.589840236603494,0.531531531531532,0.410159763396506,0.627928560430304,319,1.11069985226719e-10,NA,988127737
227,-0.774825211574212,0.122975894020683,0.46078431372549,0.362093238710747,0.586374339745907,0.53921568627451,0.413625660254093,0.637906761289253,290,2.96444413930928e-10,NA,182348246
852,-0.912026333087697,0.11775464953747,0.401709401709402,0.318918018286572,0.505993497290336,0.598290598290598,0.494006502709664,0.681081981713428,305,9.54760360026755e-15,NA,343512292
2,-0.7239188392267,0.123730931621596,0.484848484848484,0.380439921016607,0.617911108360285,0.515151515151516,0.382088891639715,0.619560078983393,291,4.8935914102996e-09,NA,290125283
952,-0.964568732139946,0.116503499525695,0.381147540983606,0.303336843786682,0.478917912457781,0.618852459016394,0.521082087542219,0.696663156213318,308,1.23889752536167e-16,NA,997879441
552,-0.866658107671745,0.118796950388502,0.420353982300885,0.333038942329589,0.530560988454453,0.579646017699115,0.469439011545547,0.666961057670411,303,2.98018265521804e-13,NA,213405937
727,-0.660711904806792,0.127703406013188,0.516483516483516,0.402119495801825,0.663373016190795,0.483516483516484,0.336626983809205,0.597880504198175,279,2.29380133204744e-07,NA,943962192
327,-0.693147180559946,0.123717914763871,0.5,0.392338677989594,0.637204573561392,0.5,0.362795426438608,0.607661322010406,294,2.11109008448624e-08,NA,52859831
827,-0.711839313572096,0.118221150377087,0.490740740740741,0.389244144846648,0.618702883039258,0.509259259259259,0.381297116960742,0.610755855153352,320,1.73073272968532e-09,NA,943507690
927,-0.698538029194822,0.127114490060878,0.497311827956989,0.387640137026295,0.638011987414878,0.502688172043011,0.361988012585122,0.612359862973705,278,3.89946414354951e-08,NA,857867821
527,-0.861028053199106,0.120279895168794,0.422727272727273,0.333947222220895,0.535109547907049,0.577272727272727,0.464890452092951,0.666052777779105,296,8.15427134040745e-13,NA,727016798
452,-0.797507195884187,0.118359659571729,0.450450450450451,0.357189842845434,0.568060969188357,0.549549549549549,0.431939030811643,0.642810157154566,311,1.60583345662016e-11,NA,704338650
627,-0.69815972238349,0.122577019190835,0.4975,0.391250888841966,0.632602396719339,0.5025,0.367397603280661,0.608749111158034,299,1.22879720333801e-08,NA,934036507
877,-0.614584858056843,0.118574149976946,0.540865384615385,0.428705137515466,0.68236962582375,0.459134615384615,0.31763037417625,0.571294862484534,329,2.18196552628464e-07,NA,202388355
53,-0.655406852577099,0.119352478940572,0.519230769230769,0.410929581889983,0.656074917936075,0.480769230769231,0.343925082063925,0.589070418110017,320,3.98861323932763e-08,NA,283111311
153,-0.794243297431314,0.122206929250419,0.451923076923077,0.355665542379479,0.574231808033043,0.548076923076923,0.425768191966957,0.644334457620521,292,8.07657214157739e-11,NA,567687385
78,-0.718988411743833,0.124256523903416,0.487244897959184,0.381926642774359,0.621605208955048,0.512755102040816,0.378394791044952,0.618073357225641,289,7.19437150295594e-09,NA,562155354
653,-0.604419064951261,0.12258164407417,0.54639175257732,0.429697127765394,0.694777618917467,0.45360824742268,0.305222381082533,0.570302872234606,309,8.19157990705433e-07,NA,687722701
28,-0.890582375163948,0.115799289590861,0.410416666666667,0.327081856999028,0.514983746953223,0.589583333333333,0.485016253046777,0.672918143000972,317,1.46284992359858e-14,NA,627617099
103,-0.795276675636325,0.122821341612161,0.451456310679612,0.354870593352835,0.57432992271017,0.548543689320388,0.42567007728983,0.645129406647165,289,9.47685525705571e-11,NA,658739191
128,-0.673538709171569,0.121471638728626,0.50990099009901,0.401873166557003,0.646967852896124,0.49009900990099,0.353032147103876,0.598126833442997,307,2.94252051326411e-08,NA,623514144
378,-0.672738308928738,0.123934593172036,0.510309278350516,0.400258116800385,0.650619059651692,0.489690721649484,0.349380940348308,0.599741883199615,295,5.69341069052218e-08,NA,158147230
503,-0.620122045545056,0.121638175602955,0.537878787878787,0.423785228401579,0.682689180888108,0.462121212121213,0.317310819111892,0.576214771598421,312,3.43102481082752e-07,NA,554522301
353,-0.708895537528085,0.125330251589411,0.4921875,0.384989846866787,0.629233568437643,0.5078125,0.370766431562357,0.615010153133213,285,1.54742649994136e-08,NA,303029454
178,-0.927219802406346,0.119122448232833,0.395652173913043,0.313268223696277,0.499701632278823,0.604347826086957,0.500298367721177,0.686731776303723,297,7.0403735307128e-15,NA,914728381
478,-0.911303190363117,0.113908403475492,0.402,0.321563720088332,0.502556693757641,0.598,0.497443306242359,0.678436279911668,326,1.24100598757585e-15,NA,655175298
778,-0.751519186781853,0.125593627348386,0.471649484536082,0.368734585928949,0.603288231568319,0.528350515463918,0.396711768431681,0.631265414071051,280,2.18075851626468e-09,NA,386724208
953,-0.761200643804961,0.116046393783467,0.467105263157895,0.372079627142535,0.586399552551217,0.532894736842105,0.413600447448783,0.627920372857465,327,5.40062042478264e-11,NA,345249026
978,-0.671071228860746,0.115305609757191,0.511160714285714,0.407764257750242,0.640775327564684,0.488839285714286,0.359224672435316,0.592235742249758,341,5.88702880690768e-09,NA,365865489
303,-0.92174033664172,0.118996357308975,0.397826086956522,0.315067331797905,0.502323089353659,0.602173913043478,0.497676910646341,0.684932668202095,298,9.48666848060505e-15,NA,130850448
403,-0.83845727237708,0.113736791799317,0.432377049180328,0.345978969341796,0.54035051036064,0.567622950819672,0.45964948963936,0.654021030658204,333,1.68201896688357e-13,NA,729360183
278,-0.813291492402009,0.121462385969731,0.443396226415094,0.34946446567033,0.562575691986407,0.556603773584906,0.437424308013593,0.65053553432967,294,2.14450858002934e-11,NA,533840562
3,-0.873775256847567,0.116407553052635,0.417372881355932,0.332229305798586,0.524337013776147,0.582627118644068,0.475662986223853,0.667770694201414,315,6.0880849610746e-14,NA,629325141
578,-0.829279354884525,0.119579439826307,0.436363636363636,0.34519329266944,0.551613334280041,0.563636363636363,0.448386665719959,0.65480670733056,302,4.06318742060254e-12,NA,217826669
428,-0.81377516834856,0.119243927409598,0.443181818181818,0.350817556940133,0.559864009315987,0.556818181818182,0.440135990684013,0.649182443059867,305,8.82579206959406e-12,NA,988468588
203,-0.731247026792216,0.119164438192532,0.481308411214953,0.381057485794104,0.607933960996723,0.518691588785047,0.392066039003277,0.618942514205896,313,8.43840798272714e-10,NA,929579743
703,-0.825415149137697,0.117898526612651,0.438053097345132,0.347673306301411,0.551927664896158,0.561946902654868,0.448072335103842,0.652326693698589,311,2.54025572247129e-12,NA,700644539
603,-0.707962266345086,0.121569099495677,0.492647058823529,0.388200498937339,0.625195292720757,0.507352941176471,0.374804707279243,0.611799501062661,303,5.76147186220291e-09,NA,65837323
753,-1.01208179651583,0.113944341619933,0.363461538461539,0.290715950880401,0.454410188160524,0.636538461538461,0.545589811839476,0.709284049119599,319,6.5523094100109e-19,NA,177283656
678,-0.890972923889865,0.117283169657415,0.41025641025641,0.326004624409411,0.51628200815061,0.58974358974359,0.48371799184939,0.673995375590589,309,3.03620270771301e-14,NA,62976286
903,-0.74100320173758,0.119363960984913,0.476635514018692,0.377210358771964,0.602267164569574,0.523364485981308,0.397732835430426,0.622789641228036,311,5.36868030324675e-10,NA,866113965
728,-0.974998332700933,0.120772030360702,0.37719298245614,0.297688642489122,0.477930715879956,0.62280701754386,0.522069284120044,0.702311357510878,286,6.85649413908371e-16,NA,618818287
228,-0.884202417322654,0.118147408237709,0.41304347826087,0.327663837332186,0.520670563840336,0.58695652173913,0.479329436159664,0.672336162667814,305,7.21533777139727e-14,NA,997586183
803,-0.774337335289958,0.118951403143292,0.461009174311927,0.365138771647539,0.582051196154307,0.538990825688073,0.417948803845693,0.634861228352461,310,7.53036239011454e-11,NA,619082221
553,-0.865264567179658,0.116718253429253,0.420940170940171,0.334864890570352,0.529140654935021,0.579059829059829,0.470859345064979,0.665135109429648,314,1.23217555300272e-13,NA,181486606
253,-0.613104472886409,0.123387029123039,0.541666666666667,0.42530930166602,0.68985742053715,0.458333333333333,0.31014257946285,0.574690698333979,304,6.73150324349315e-07,NA,58484390
853,-0.88793550611903,0.119272384116607,0.411504424778761,0.325723934410429,0.519875494931014,0.588495575221239,0.480124505068986,0.674276065589571,299,9.72366457358427e-14,NA,457053544
328,-0.748576985499276,0.122414332185015,0.473039215686275,0.37213273725609,0.601307214267197,0.526960784313725,0.398692785732803,0.62786726274391,295,9.64909824961656e-10,NA,143463015
928,-0.65232518603969,0.124163870145437,0.520833333333333,0.408329064216589,0.66433517690336,0.479166666666667,0.33566482309664,0.591670935783411,296,1.49038013984944e-07,NA,581758453
878,-0.657337727863235,0.124265008259794,0.518229166666667,0.406206889716086,0.661144544770611,0.481770833333333,0.338855455229389,0.593793110283914,295,1.22446480600673e-07,NA,415927887
828,-0.865264567179657,0.116718253429253,0.420940170940171,0.334864890570352,0.529140654935022,0.579059829059829,0.470859345064978,0.665135109429648,314,1.23217555300275e-13,NA,520373877
453,-0.753490310467414,0.117446575127576,0.470720720720721,0.373931980725792,0.592562306347153,0.529279279279279,0.407437693652847,0.626068019274208,320,1.40268808434702e-10,NA,822796460
628,-0.917275468536695,0.113137633555621,0.399606299212598,0.320132228139366,0.498810117614499,0.600393700787402,0.501189882385501,0.679867771860634,330,5.16264045931477e-16,NA,411152349
528,-0.804125688521995,0.114447354840018,0.447478991596639,0.357564904551209,0.560003080200695,0.552521008403361,0.439996919799305,0.642435095448791,332,2.12291528387727e-12,NA,982094666
54,-0.727048732235627,0.120207811324703,0.483333333333333,0.381878908878699,0.611741328676824,0.516666666666667,0.388258671323176,0.618121091121301,308,1.46413729259146e-09,NA,860409914
154,-0.799576643406677,0.122323252914267,0.449519230769231,0.353693056647216,0.571307621209282,0.550480769230769,0.428692378790718,0.646306943352784,291,6.29383316592715e-11,NA,199817353
129,-0.911303190363117,0.113908403475492,0.402,0.321563720088332,0.502556693757641,0.598,0.497443306242359,0.678436279911668,326,1.24100598757585e-15,NA,675124013
79,-0.651951424121679,0.117601442635024,0.521028037383177,0.413769585764413,0.656090309870992,0.478971962616823,0.343909690129008,0.586230414235587,330,2.96084095918446e-08,NA,636813216
354,-0.849845632466002,0.109990333687382,0.427480916030534,0.34458216043277,0.530323256841842,0.572519083969466,0.469676743158158,0.65541783956723,355,1.10501830979314e-14,NA,367228850
379,-0.802709383071472,0.121231679704771,0.44811320754717,0.353341909355402,0.5683035084758,0.55188679245283,0.4316964915242,0.646658090644598,296,3.56092032635473e-11,NA,596015601
504,-1.02746346952609,0.110541260333251,0.357913669064749,0.288194304311204,0.444499397063241,0.642086330935251,0.555500602936759,0.711805695688796,338,1.47425997088253e-20,NA,41944833
654,-0.775385278796917,0.127438618595559,0.460526315789474,0.35873892571074,0.591194521515725,0.539473684210526,0.408805478484275,0.64126107428926,270,1.16941250997366e-09,NA,573492025
479,-0.634306680537012,0.121913554806892,0.53030303030303,0.417590973768737,0.673437218746776,0.46969696969697,0.326562781253224,0.582409026231263,309,1.96179534216768e-07,NA,358638961
304,-0.84949325095064,0.117898833571402,0.427631578947368,0.339401767468163,0.5387973335471,0.572368421052632,0.4612026664529,0.660598232531837,309,5.79277850160702e-13,NA,117935216
29,-0.752390014122806,0.116380381541568,0.471238938053097,0.375126727368434,0.591976312365785,0.528761061946903,0.408023687634215,0.624873272631566,326,1.01351505218486e-10,NA,40748191
179,-0.80148832435591,0.11791393391605,0.448660714285714,0.356081590316558,0.565309867225693,0.551339285714286,0.434690132774307,0.643918409683442,313,1.06648539464551e-11,NA,228877953
679,-0.801360765200178,0.115364263589653,0.448717948717949,0.357911128812709,0.562563668164134,0.551282051282051,0.437436331835866,0.642088871187291,327,3.7485319828497e-12,NA,696802393
104,-0.780158557549575,0.11962342711546,0.458333333333334,0.362541558760118,0.579435486411203,0.541666666666666,0.420564513588797,0.637458441239882,306,6.9474452830426e-11,NA,665580836
279,-0.948330085618772,0.121749589330193,0.387387387387387,0.305149061406774,0.491789118455712,0.612612612612613,0.508210881544288,0.694850938593226,283,6.74427510799889e-15,NA,627323401
779,-0.619719712005129,0.118104141621395,0.538095238095238,0.426902522649262,0.678249646930895,0.461904761904762,0.321750353069105,0.573097477350738,331,1.54402262113202e-07,NA,538817577
204,-0.909370289029581,0.122500553880117,0.402777777777778,0.316805593571888,0.512080410078973,0.597222222222222,0.487919589921027,0.683194406428112,282,1.1415363307451e-13,NA,6949509
579,-0.925769475828699,0.124041699526763,0.39622641509434,0.310712652925063,0.50527511686618,0.60377358490566,0.49472488313382,0.689287347074937,274,8.43351391490441e-14,NA,869485532
604,-0.881039782403355,0.1218435531449,0.414351851851852,0.326329145460572,0.526117447740513,0.585648148148148,0.473882552259487,0.673670854539428,287,4.79767784819157e-13,NA,979653205
429,-0.850332764082357,0.120041901151143,0.427272727272727,0.337695537194414,0.540611181858682,0.572727272727273,0.459388818141318,0.662304462805586,298,1.40423562784803e-12,NA,820068495
954,-1.09253324259173,0.1191246715225,0.335365853658537,0.265533755121874,0.423562931757953,0.664634146341463,0.576437068242047,0.734466244878126,288,4.67161347378451e-20,NA,23141676
229,-0.79251965437315,0.118254527998089,0.452702702702702,0.35904976811396,0.570783649606159,0.547297297297298,0.429216350393841,0.64095023188604,312,2.05850300713331e-11,NA,709405800
4,-1.09117731018059,0.114097511481737,0.335820895522388,0.268526862519378,0.419979114235993,0.664179104477612,0.580020885764007,0.731473137480622,314,1.13784716686084e-21,NA,1265113
979,-0.766614332441817,0.113215009034389,0.464583333333334,0.372130130518127,0.580005906295721,0.535416666666666,0.419994093704279,0.627869869481873,343,1.27618292316912e-11,NA,17406704
754,-0.931898629540146,0.120281066901036,0.393805309734513,0.311098658038922,0.498499810165345,0.606194690265487,0.501500189834655,0.688901341961078,291,9.35902148366459e-15,NA,919109714
729,-0.76952015934452,0.122861413246907,0.463235294117647,0.364100953725736,0.589361097575986,0.536764705882353,0.410638902424014,0.635899046274264,291,3.76869815710931e-10,NA,150227135
904,-0.856680823488267,0.117033464409934,0.424568965517241,0.337543057605124,0.534032036562448,0.575431034482759,0.465967963437552,0.662456942394876,313,2.48036268101945e-13,NA,337603727
404,-0.660357357736955,0.128403485852642,0.516666666666667,0.40171051347793,0.664519437475738,0.483333333333333,0.335480562524262,0.59828948652207,276,2.70629835781303e-07,NA,305665318
804,-0.566663033450826,0.127225980380856,0.567415730337078,0.442187458352739,0.72810887091494,0.432584269662922,0.27189112908506,0.557812541647261,291,8.42896789737515e-06,NA,491450428
254,-0.809784084285706,0.119703596883573,0.444954128440367,0.35190331197775,0.562609585296102,0.555045871559633,0.437390414703898,0.64809668802225,303,1.33391902914538e-11,NA,806597549
329,-0.55481961567193,0.125593391396332,0.574175824175824,0.448889672585911,0.734429632049269,0.425824175824176,0.265570367950731,0.551110327414089,300,9.98093326214103e-06,NA,995242214
854,-0.761549907444345,0.112646533792808,0.466942148760331,0.374436497436126,0.582301596617485,0.533057851239669,0.417698403382515,0.625563502563874,347,1.3749092028902e-11,NA,172406074
704,-0.851371185774839,0.113542882062681,0.426829268292683,0.341669581355147,0.533214644243959,0.573170731707317,0.466785355756041,0.658330418644853,333,6.4682976108575e-14,NA,310380616
829,-0.670674324707887,0.116341538243725,0.511363636363636,0.407098727367342,0.642332562143054,0.488636363636364,0.357667437856946,0.592901272632658,335,8.18021389615296e-09,NA,428735082
929,-0.674278696255563,0.119149933718231,0.509523809523809,0.403407413897904,0.643554142853109,0.490476190476191,0.356445857146891,0.596592586102096,319,1.52188917945801e-08,NA,183272858
879,-0.913818542728766,0.126782607681054,0.400990099009901,0.312763524223343,0.514104257851848,0.599009900990099,0.485895742148152,0.687236475776657,263,5.68799811146861e-13,NA,349521097
554,-0.790672200693824,0.11716486805975,0.453539823008849,0.360482768480406,0.570619150318912,0.546460176991151,0.429380849681088,0.639517231519594,318,1.49512461460101e-11,NA,938518442
454,-0.631903555319226,0.124405831137069,0.531578947368421,0.41655594535501,0.6783630876868,0.468421052631579,0.3216369123132,0.58344405464499,297,3.78683602026646e-07,NA,719316115
629,-0.863772697590709,0.12497149699937,0.42156862745098,0.329983597334628,0.538572550534026,0.57843137254902,0.461427449465974,0.670016402665372,274,4.78685222870175e-12,NA,845796995
529,-0.717718441290451,0.121176987285455,0.487864077669903,0.384727121189909,0.618649804423894,0.512135922330097,0.381350195576106,0.615272878810091,304,3.16324907113364e-09,NA,723341582
155,-0.830930882922999,0.124831119061699,0.435643564356435,0.341094613774647,0.55640079761144,0.564356435643565,0.44359920238856,0.658905386225353,277,2.80539140492973e-11,NA,772890872
55,-0.775120763519618,0.119517299553198,0.460648148148148,0.364448376371776,0.582240805967688,0.539351851851852,0.417759194032312,0.635551623628224,307,8.84806267706802e-11,NA,855286142
380,-0.864715945577639,0.119819041044121,0.421171171171171,0.333018594678188,0.532658410852738,0.578828828828829,0.467341589147262,0.666981405321812,298,5.32059377316929e-13,NA,623163365
655,-0.775919466843809,0.120091367423469,0.460280373831775,0.363747904314414,0.5824309089396,0.539719626168225,0.4175690910604,0.636252095685586,304,1.03961001384978e-10,NA,173726628
130,-1.01212625973364,0.119095374257749,0.363445378151261,0.287782899583069,0.459000667137917,0.636554621848739,0.540999332862083,0.712217100416931,292,1.92136527622251e-17,NA,599472009
355,-0.693147180559946,0.120677697945427,0.5,0.394683491640072,0.633418942761317,0.5,0.366581057238683,0.605316508359928,309,9.25813831485031e-09,NA,969012377
305,-0.712378542487834,0.119909042449442,0.49047619047619,0.387749429936598,0.62041843224211,0.50952380952381,0.37958156775789,0.612250570063402,311,2.8330416289813e-09,NA,466345082
955,-0.824175442966349,0.117353865847385,0.43859649122807,0.34847639177444,0.552022709882996,0.56140350877193,0.447977290117004,0.65152360822556,314,2.17164240286027e-12,NA,747394523
105,-0.78845736036427,0.12512619894371,0.454545454545455,0.355688403021446,0.580878005841187,0.545454545454545,0.419121994158813,0.644311596978554,279,2.95164901938573e-10,NA,930810267
680,-0.616607103437611,0.128944927152149,0.539772727272727,0.41923044732095,0.694974801971828,0.460227272727273,0.305025198028172,0.58076955267905,278,1.73610173741691e-06,NA,384883171
480,-0.780158557549575,0.11348474736,0.458333333333333,0.366929856767051,0.572505727103611,0.541666666666667,0.427494272896389,0.633070143232949,340,6.21782056111104e-12,NA,116389882
505,-0.8006675242712,0.122939591974222,0.449029126213593,0.352880891506829,0.571374537530721,0.550970873786407,0.428625462469279,0.647119108493171,288,7.38164605916691e-11,NA,13290832
280,-0.972598753875211,0.117170575182042,0.378099173553719,0.300517628967054,0.475709147358133,0.621900826446281,0.524290852641867,0.699482371032946,304,1.03492602484781e-16,NA,610843750
180,-0.708260818369994,0.122784942633621,0.4925,0.387160910185403,0.626499844428625,0.5075,0.373500155571375,0.612839089814597,297,8.00734898274853e-09,NA,172118054
405,-0.986051196992878,0.114228289395576,0.373046875,0.298216802978122,0.466653688046797,0.626953125,0.533346311953203,0.701783197021878,319,6.0138091815712e-18,NA,477449462
605,-0.698210482516492,0.123195585304895,0.497474747474748,0.390757001096135,0.633337659161167,0.502525252525252,0.366662340838833,0.609242998903865,296,1.44899467220926e-08,NA,991310144
80,-0.882573562977645,0.119151798600501,0.413716814159292,0.327552544050263,0.522547009410037,0.586283185840708,0.477452990589963,0.672447455949737,300,1.2905621156176e-13,NA,140228207
205,-0.724563376793324,0.125013708417939,0.484536082474227,0.379240108487724,0.619067471939272,0.515463917525773,0.380932528060728,0.620759891512276,285,6.79673339645257e-09,NA,917723678
755,-0.885778107012761,0.117168066049688,0.412393162393162,0.327776502847989,0.518853910853715,0.587606837606838,0.481146089146285,0.672223497152011,310,4.03399354751144e-14,NA,892233713
5,-0.825415149137696,0.117898526612651,0.438053097345133,0.347673306301411,0.551927664896158,0.561946902654867,0.448072335103842,0.652326693698589,311,2.54025572247141e-12,NA,779431604
580,-0.920204631195291,0.112758417816262,0.3984375,0.319433211064385,0.496981640942312,0.6015625,0.503018359057688,0.680566788935615,332,3.3267272434589e-16,NA,172285253
30,-0.860201265223112,0.116608377066607,0.423076923076923,0.336637200615576,0.531712129595087,0.576923076923077,0.468287870404913,0.663362799384424,315,1.62091387931729e-13,NA,774225809
905,-0.899483613557773,0.116973969792496,0.406779661016949,0.323437823957946,0.511596604850331,0.593220338983051,0.488403395149669,0.676562176042054,310,1.47590061842369e-14,NA,34468792
980,-0.840247302390537,0.122059178858328,0.431603773584905,0.339772536030401,0.548254486807794,0.568396226415095,0.451745513192206,0.660227463969599,289,5.82219545465285e-12,NA,18282913
780,-0.853111830252624,0.117463581568604,0.426086956521739,0.338464448199174,0.536393395182003,0.573913043478261,0.463606604817997,0.661535551800826,311,3.79222100042703e-13,NA,346843576
230,-0.731987013876209,0.120309204047703,0.480952380952381,0.379922224028891,0.608848806713065,0.519047619047619,0.391151193286935,0.620077775971109,307,1.17063734870572e-09,NA,206738864
430,-0.916290731874155,0.116368667050287,0.4,0.318424739619101,0.502473520717617,0.6,0.497526479282383,0.681575260380899,312,3.4338813293891e-15,NA,789597069
880,-0.870481195842861,0.115362288967876,0.41875,0.334009071099399,0.524990419939274,0.58125,0.475009580060726,0.665990928900601,321,4.50104848157574e-14,NA,355379892
255,-0.95955185456444,0.115445545725882,0.383064516129033,0.305495275175903,0.480329600622066,0.616935483870967,0.519670399377934,0.694504724824097,314,9.43192473804042e-17,NA,686712532
730,-0.932627151193849,0.123051258446579,0.393518518518518,0.309188799824737,0.500848751652033,0.606481481481482,0.499151248347967,0.690811200175264,278,3.47756355491227e-14,NA,853016430
830,-0.845615774204218,0.126425325974032,0.42929292929293,0.335073670348145,0.550005671736077,0.57070707070707,0.449994328263923,0.664926329651855,269,2.25226316303823e-11,NA,529479533
330,-0.661253816783992,0.117232948342191,0.516203703703703,0.410234564911368,0.649546104860743,0.483796296296297,0.350453895139257,0.589765435088632,331,1.69545546820059e-08,NA,804989002
930,-0.771618796001441,0.120565347781468,0.462264150943396,0.36497641809831,0.585484800253203,0.537735849056604,0.414515199746797,0.63502358190169,302,1.55372138951323e-10,NA,256273457
805,-0.851895569635833,0.120626100067817,0.426605504587156,0.336782357278203,0.540385363458113,0.573394495412844,0.459614636541887,0.663217642721797,295,1.63789820407751e-12,NA,694266547
705,-0.854634650451059,0.11801088511041,0.425438596491228,0.337587097582777,0.536152005454072,0.574561403508772,0.463847994545928,0.662412902417223,308,4.42120810710147e-13,NA,211583770
855,-0.831983625414162,0.120741079175432,0.435185185185185,0.343478145599539,0.55137757039561,0.564814814814815,0.44862242960439,0.656521854400461,296,5.55409137082724e-12,NA,959989972
555,-0.791002970563703,0.114662432697416,0.453389830508475,0.362135361943109,0.56763950724259,0.546610169491525,0.43236049275741,0.637864638056891,332,5.25410126851392e-12,NA,236712507
630,-0.957706835590872,0.120358695337706,0.383771929824561,0.303126356066484,0.485872941015282,0.616228070175439,0.514127058984718,0.696873643933516,289,1.76110554710989e-15,NA,57810782
455,-0.89428879668067,0.11685856162879,0.408898305084746,0.325195945610608,0.514144859915879,0.591101694915254,0.485855140084121,0.674804054389392,311,1.96733489500426e-14,NA,464121479
530,-0.858939435402689,0.121341419715427,0.423611111111111,0.333949916490005,0.537345166433545,0.576388888888889,0.462654833566455,0.666050083509995,291,1.45513632467391e-12,NA,651196092
156,-0.910211685797773,0.114806734800771,0.402439024390244,0.321348604050572,0.503992132875995,0.597560975609756,0.496007867124005,0.678651395949428,321,2.22330510164867e-15,NA,13322119
381,-0.888277695646482,0.120895702877332,0.411363636363636,0.324578156690322,0.521353756666274,0.588636363636364,0.478646243333726,0.675421843309678,291,2.01991792921385e-13,NA,425878033
56,-0.950482096622434,0.117635640677491,0.38655462184874,0.306958194280828,0.486790965208498,0.61344537815126,0.513209034791502,0.693041805719172,303,6.48294689183947e-16,NA,675146614
181,-0.529192500636066,0.127954295083068,0.589080459770115,0.458415953934094,0.756988898629956,0.410919540229885,0.243011101370044,0.541584046065906,292,3.53730678838417e-05,NA,557728543
131,-0.624879209430942,0.126276313418036,0.535326086956522,0.417957203432912,0.685653978499215,0.464673913043478,0.314346021500785,0.582042796567088,289,7.47849361451424e-07,NA,550943697
106,-0.831616854825051,0.116495427847407,0.435344827586207,0.346475317114063,0.547009006253887,0.564655172413793,0.452990993746113,0.653524682885937,318,9.42709983564505e-13,NA,827854140
506,-0.795276675636325,0.122821341612161,0.451456310679612,0.354870593352835,0.57432992271017,0.548543689320388,0.42567007728983,0.645129406647165,289,9.47685525705548e-11,NA,738813263
656,-1.08052861323481,0.112586030050642,0.339416058394161,0.272206808206828,0.423219615463456,0.660583941605839,0.576780384536544,0.727793191793172,323,8.20185732255362e-22,NA,237699610
681,-0.677315715343265,0.125991666192322,0.507978723404255,0.396827007182205,0.650264167410701,0.492021276595745,0.349735832589299,0.603172992817795,285,7.62107572816584e-08,NA,74252858
356,-0.729187117043142,0.11591683868331,0.482300884955752,0.384281490769666,0.605322268223759,0.517699115044248,0.394677731776241,0.615718509230334,331,3.16229798289372e-10,NA,840209019
81,-0.896746135801185,0.118946517037034,0.407894736842105,0.323072983789112,0.51498616316397,0.592105263157895,0.48501383683603,0.676927016210888,300,4.73334319748305e-14,NA,272152449
306,-0.776144100130914,0.116864236765055,0.460176991150442,0.365973703958002,0.578628630674994,0.539823008849558,0.421371369325006,0.634026296041998,321,3.10682203851249e-11,NA,691652979
956,-0.746949886552922,0.12061896682203,0.473809523809524,0.374052649512958,0.600170765118002,0.526190476190476,0.399829234881998,0.625947350487043,304,5.91646084307698e-10,NA,834787920
406,-0.873470734691227,0.126443758080218,0.4175,0.325857227304568,0.534916016569065,0.5825,0.465083983430935,0.674142772695432,267,4.91609219352208e-12,NA,985076984
6,-0.947135407225254,0.123975363612827,0.387850467289719,0.304183952133377,0.494529655236036,0.612149532710281,0.505470344763964,0.695816047866623,273,2.17717243720503e-14,NA,794473900
606,-0.717962349679669,0.121774575352219,0.487745098039216,0.384183056018333,0.619223770894081,0.512254901960784,0.380776229105919,0.615816943981667,301,3.72799765038147e-09,NA,803799811
906,-0.836935073351658,0.118672703721883,0.433035714285714,0.343170010014354,0.546434491286388,0.566964285714286,0.453565508713612,0.656829989985646,306,1.75775807456129e-12,NA,891243954
756,-0.939671180518219,0.117386990058308,0.390756302521008,0.310445954206314,0.491842415373904,0.609243697478992,0.508157584626096,0.689554045793686,305,1.19563265306064e-15,NA,246193364
231,-0.830930882922998,0.124831119061699,0.435643564356436,0.341094613774647,0.556400797611441,0.564356435643564,0.443599202388559,0.658905386225353,277,2.80539140492984e-11,NA,434955761
931,-0.750906014712138,0.124937932765409,0.471938775510204,0.369435223223671,0.602882978744079,0.528061224489796,0.397117021255921,0.630564776776329,283,1.85257535506164e-09,NA,715923082
581,-0.770533844175365,0.128005563609456,0.462765957446809,0.360083208804855,0.5947301238579,0.537234042553191,0.4052698761421,0.639916791195145,268,1.7491989826517e-09,NA,784474181
731,-0.751854781386723,0.115858071018392,0.471491228070176,0.375711984458028,0.591687216120615,0.528508771929824,0.408312783879385,0.624288015541972,329,8.6152154427136e-11,NA,834498734
481,-0.655406852577099,0.119352478940572,0.519230769230769,0.410929581889983,0.656074917936075,0.480769230769231,0.343925082063925,0.589070418110017,320,3.98861323932763e-08,NA,769585236
881,-0.857769160254499,0.119129044855197,0.424107142857143,0.335793867224871,0.535646675470691,0.575892857142857,0.464353324529309,0.664206132775129,302,6.00643252816306e-13,NA,278980748
281,-0.845027711852664,0.11992461960258,0.429545454545455,0.339569837188555,0.543361857602824,0.570454545454545,0.456638142397176,0.660430162811445,299,1.83706373416164e-12,NA,138769989
206,-0.551266593324502,0.132235120969753,0.576219512195122,0.444661185409246,0.746700942491303,0.423780487804878,0.253299057508697,0.555338814590754,271,3.06158560988169e-05,NA,835666709
256,-0.945561114174268,0.112440218542216,0.388461538461538,0.311629625860524,0.484236267483261,0.611538461538462,0.515763732516739,0.688370374139476,332,4.11915348717132e-17,NA,325457509
706,-0.712755651948322,0.121075319198335,0.490291262135922,0.386718238507256,0.621603787436379,0.509708737864078,0.378396212563621,0.613281761492744,305,3.93558631561044e-09,NA,950735101
806,-0.967149149107646,0.117043775669105,0.380165289256198,0.302234904637806,0.478189795213913,0.619834710743802,0.521810204786087,0.697765095362194,305,1.41889208335014e-16,NA,848473640
981,-0.9695931797448,0.118579797833897,0.379237288135593,0.300590828494234,0.478460774844292,0.620762711864407,0.521539225155708,0.699409171505766,297,2.91687478880276e-16,NA,999647537
781,-0.703958096664161,0.127229991695051,0.494623655913978,0.385457515553114,0.63470694205727,0.505376344086022,0.36529305794273,0.614542484446886,277,3.14876353295344e-08,NA,720361777
331,-0.776733896668211,0.120673805763882,0.459905660377359,0.363037113156535,0.582621469766739,0.540094339622641,0.417378530233261,0.636962886843465,301,1.22146829131705e-10,NA,331222906
431,-0.832188228995438,0.123045708982674,0.435096153846154,0.341860203543621,0.55376045860091,0.564903846153846,0.44623954139909,0.658139796456379,285,1.34935123860275e-11,NA,913172479
556,-0.887303195000903,0.116212745279258,0.411764705882353,0.327890361468293,0.51709410502686,0.588235294117647,0.48290589497314,0.672109638531707,315,2.25535772948757e-14,NA,827733177
31,-0.767948393642644,0.117742846687205,0.463963963963964,0.368350579513182,0.58439587672605,0.536036036036036,0.41560412327395,0.631649420486818,317,6.92600062503863e-11,NA,940331770
856,-0.763105769166856,0.117643218624656,0.466216216216216,0.370210972204315,0.587118093687965,0.533783783783784,0.412881906312035,0.629789027795685,318,8.77887421287632e-11,NA,220115997
831,-0.92245724678982,0.115548087353468,0.397540983606557,0.316976596316435,0.498582026191928,0.602459016393443,0.501417973808072,0.683023403683565,316,1.42450079263774e-15,NA,152482129
631,-0.943840683642386,0.119508344299546,0.389130434782609,0.307871517405407,0.491836648450685,0.610869565217391,0.508163351549315,0.692128482594593,294,2.84103924687083e-15,NA,750662196
531,-0.688058111052475,0.12361320216306,0.502551020408163,0.394421345879482,0.640324188210788,0.497448979591837,0.359675811789212,0.605578654120518,295,2.6032656185288e-08,NA,75144363
456,-0.815749502652278,0.122679123037763,0.442307692307692,0.347776180550412,0.562534485153441,0.557692307692308,0.437465514846559,0.652223819449588,288,2.94177101001022e-11,NA,518797864
157,-0.789375212654499,0.119267837165503,0.454128440366973,0.359465929573593,0.573719575022804,0.545871559633027,0.426280424977196,0.640534070426407,307,3.6284066648233e-11,NA,248450788
382,-0.649975008694737,0.12041078536883,0.522058823529412,0.412311638528036,0.661018001330034,0.477941176470588,0.338981998669966,0.587688361471964,315,6.73953859334396e-08,NA,360780461
107,-0.945019800315016,0.113303246344547,0.388671875,0.311271398775104,0.485318686556107,0.611328125,0.514681313443893,0.688728601224896,327,7.3899388479487e-17,NA,237351842
507,-1.01361907583472,0.116705062823597,0.362903225806452,0.288703001494043,0.456173820913482,0.637096774193548,0.543826179086518,0.711296998505957,304,3.77727207926061e-18,NA,901379605
57,-0.779368356007074,0.115909398547222,0.458695652173913,0.365478946769436,0.575687609869315,0.541304347826087,0.424312390130685,0.634521053230564,326,1.76869896264168e-11,NA,904019069
182,-0.788938245201621,0.122091727449727,0.454326923076923,0.35763812286045,0.577155901003,0.545673076923077,0.422844098997,0.64236187713955,293,1.03431629471875e-10,NA,716311352
682,-0.834501298865676,0.119693404956471,0.434090909090909,0.34331871611084,0.54886293264168,0.565909090909091,0.45113706735832,0.65668128388916,301,3.12487352497529e-12,NA,819676285
582,-0.932039088842294,0.116723342261544,0.39375,0.313231534261289,0.494966328551936,0.60625,0.505033671448064,0.686768465738711,309,1.40491070393858e-15,NA,91490067
132,-0.749717532048339,0.123656804489398,0.4725,0.370804460750671,0.602086203461607,0.5275,0.397913796538393,0.629195539249329,289,1.33697588184275e-09,NA,877726180
907,-1.00458333901983,0.108857456485034,0.366197183098591,0.295838958101928,0.453288430197691,0.633802816901409,0.546711569802309,0.704161041898072,350,2.74629386022193e-20,NA,735357803
407,-0.647337644528651,0.124063657158047,0.5234375,0.410451319943287,0.66752572861529,0.4765625,0.33247427138471,0.589548680056713,297,1.81074252448737e-07,NA,323927257
357,-0.761466424537422,0.12035143256254,0.466981132075472,0.368855283372953,0.591211208147438,0.533018867924528,0.408788791852562,0.631144716627047,304,2.49934194817088e-10,NA,506474748
307,-1.00222044299304,0.11550720040735,0.367063492063492,0.292699031029317,0.460321329838465,0.632936507936508,0.539678670161535,0.707300968970683,311,4.07445327758638e-18,NA,318077383
657,-0.904705557538926,0.117090470875793,0.404661016949152,0.321679791874652,0.50904826095551,0.595338983050848,0.49095173904449,0.678320208125348,309,1.10499076535203e-14,NA,922946399
232,-0.716350077639609,0.117767345272164,0.488532110091743,0.387837115494668,0.615370765343814,0.511467889908257,0.384629234656186,0.612162884505332,322,1.1813373683315e-09,NA,318110469
957,-0.87710942681136,0.114554919973967,0.415983606557377,0.33232796734858,0.520697557611748,0.584016393442623,0.479302442388252,0.66767203265142,325,1.90813422788096e-14,NA,644350395
757,-1.0106014113454,0.116165853410333,0.364,0.289881720291601,0.457069179342244,0.636,0.542930820657756,0.710118279708399,307,3.32930940236731e-18,NA,56066829
207,-0.659731183640101,0.120014888780769,0.516990291262136,0.408625560093998,0.654092615248604,0.483009708737864,0.345907384751396,0.591374439906002,316,3.86136319972515e-08,NA,68792224
607,-0.756998652546479,0.125713101348698,0.469072164948453,0.366633780080874,0.600132087885883,0.530927835051547,0.399867912114117,0.633366219919126,279,1.72661870545507e-09,NA,166553642
807,-0.583251509736728,0.120937574640028,0.558080808080808,0.440306237251034,0.70735811123783,0.441919191919192,0.29264188876217,0.559693762748966,320,1.41593440559437e-06,NA,319562387
482,-0.852211875189633,0.115453322704244,0.426470588235294,0.340106583509867,0.534765192584052,0.573529411764706,0.465234807415948,0.659893416490133,322,1.56585552215581e-13,NA,903005165
932,-0.771618796001441,0.120565347781468,0.462264150943396,0.36497641809831,0.585484800253203,0.537735849056604,0.414515199746797,0.63502358190169,302,1.55372138951317e-10,NA,664856770
882,-0.697702997095805,0.116863677597596,0.497727272727273,0.395837464055213,0.625843838727642,0.502272727272727,0.374156161272358,0.604162535944787,329,2.36919813678547e-09,NA,317861685
732,-0.900117872628554,0.118504201450468,0.406521739130435,0.322264758638622,0.512807931850069,0.593478260869565,0.487192068149931,0.677735241361378,302,3.06222612462592e-14,NA,495162824
7,-0.725482561202882,0.117412711308032,0.484090909090909,0.384578539585557,0.609352795704631,0.515909090909091,0.390647204295369,0.615421460414443,323,6.45457276623943e-10,NA,150713897
782,-0.755818287522721,0.119670041262587,0.469626168224299,0.371440251407264,0.593766391890624,0.530373831775701,0.406233608109376,0.628559748592736,308,2.6867682345912e-10,NA,808138246
982,-0.863674160861063,0.116188217577677,0.421610169491525,0.33574649506951,0.529432585683051,0.578389830508475,0.470567414316949,0.66425350493049,317,1.05836637859961e-13,NA,915740131
257,-0.660711904806792,0.127703406013188,0.516483516483516,0.402119495801825,0.663373016190795,0.483516483516484,0.336626983809205,0.597880504198175,279,2.29380133204739e-07,NA,19998355
82,-0.748023790785779,0.121806990758526,0.473300970873787,0.372782139741268,0.600924199816943,0.526699029126213,0.399075800183057,0.627217860258732,298,8.19736615380281e-10,NA,964559738
707,-0.844873616775696,0.123929235386349,0.429611650485437,0.336966939854317,0.547727828470699,0.570388349514563,0.452272171529301,0.663033060145683,280,9.2710969881645e-12,NA,811004391
557,-0.617161273582024,0.124114320492691,0.539473684210526,0.422984022839862,0.688044560174464,0.460526315789474,0.311955439825536,0.577015977160138,300,6.6087236727378e-07,NA,932243021
282,-0.838858991741339,0.11565698016153,0.432203389830508,0.344540888068606,0.542170107089833,0.567796610169492,0.457829892910167,0.655459111931394,322,4.07668339404102e-13,NA,391808614
432,-0.693147180559946,0.121267812456926,0.5,0.394227263343291,0.634151980966118,0.5,0.365848019033882,0.605772736656709,306,1.09164647800979e-08,NA,830825934
332,-0.728063445666174,0.121983866580968,0.482843137254902,0.380165942474946,0.61325192276928,0.517156862745098,0.38674807723072,0.619834057525054,299,2.39411715263199e-09,NA,68573000
32,-0.527823200134562,0.126482646219625,0.589887640449438,0.460370061502174,0.755842869581045,0.410112359550562,0.244157130418955,0.539629938497826,299,3.00498944280926e-05,NA,446645137
632,-0.790139446547255,0.114162125850785,0.453781512605042,0.362803794591421,0.567573063600446,0.546218487394958,0.432426936399554,0.637196205408578,335,4.4781870633498e-12,NA,689874198
832,-0.767255152713667,0.125294002780564,0.464285714285714,0.363190828085495,0.593520562251238,0.535714285714286,0.406479437748762,0.636809171914505,280,9.14624013040161e-10,NA,816698149
532,-0.711329499643136,0.116602594213509,0.490990990990991,0.390680032659798,0.617057778952936,0.509009009009009,0.382942221047064,0.609319967340202,329,1.05763433562765e-09,NA,493627565
857,-0.767255152713667,0.125294002780564,0.464285714285714,0.363190828085495,0.593520562251239,0.535714285714286,0.406479437748761,0.636809171914505,280,9.14624013040182e-10,NA,706344535
457,-0.902048375158612,0.115096595806849,0.405737704918033,0.323798601204961,0.508411971452428,0.594262295081967,0.491588028547572,0.676201398795039,320,4.60279227549345e-15,NA,531120880
158,-0.9075570519054,0.119191914314257,0.403508771929825,0.319445400184417,0.509693765915299,0.596491228070176,0.490306234084701,0.680554599815583,298,2.65226685365233e-14,NA,477280249
383,-0.777830267789984,0.11488329444441,0.459401709401709,0.36677841492225,0.575415351652991,0.54059829059829,0.424584648347009,0.633221585077751,332,1.28238333877755e-11,NA,630563585
183,-0.849637042740376,0.121697474385791,0.427570093457944,0.336835799386959,0.542745709192313,0.572429906542056,0.457254290807687,0.663164200613041,290,2.91940275730964e-12,NA,980839071
508,-0.773568747870519,0.118393485759527,0.461363636363636,0.365819324649716,0.58186211229408,0.538636363636364,0.41813788770592,0.634180675350284,313,6.40875932910015e-11,NA,87956851
108,-0.545295734160675,0.125412708525637,0.579670329670329,0.45334578332763,0.741195139466579,0.420329670329671,0.258804860533421,0.54665421667237,302,1.37378225293607e-05,NA,776020321
58,-0.825368815302404,0.120041301333449,0.438073394495413,0.346232265150857,0.554276184748747,0.561926605504587,0.445723815251253,0.653767734849143,300,6.16831677396549e-12,NA,395421151
408,-0.996096725142514,0.112711856997485,0.369318181818182,0.29611484634839,0.460618307739333,0.630681818181818,0.539381692260667,0.70388515365161,327,9.78400436450834e-19,NA,797683204
583,-0.69815972238349,0.122577019190835,0.4975,0.391250888841966,0.632602396719339,0.5025,0.367397603280661,0.608749111158034,299,1.22879720333799e-08,NA,280436097
133,-0.986308718776351,0.117009515895826,0.372950819672132,0.296519244886979,0.46908359673967,0.627049180327868,0.53091640326033,0.703480755113022,304,3.47728727749348e-17,NA,823448725
908,-0.826678573184468,0.125356634127252,0.4375,0.342195502230437,0.559347649961528,0.5625,0.440652350038472,0.657804497769563,275,4.26364636543707e-11,NA,817640286
683,-0.716136698784644,0.131063304774149,0.488636363636364,0.377941424943622,0.631752647657996,0.511363636363636,0.368247352342004,0.622058575056378,260,4.65387386952658e-08,NA,852692630
258,-0.726404402316427,0.119065999647687,0.483644859813085,0.382981163141502,0.61076724637027,0.516355140186916,0.38923275362973,0.617018836858498,314,1.05502567250483e-09,NA,910603125
358,-0.882047708451943,0.114661311545592,0.413934426229508,0.330621934084995,0.518240599166975,0.586065573770492,0.481759400833025,0.669378065915005,324,1.44134380912785e-14,NA,468442859
308,-0.85015092936961,0.11639161718791,0.427350427350427,0.340182069163357,0.536854832489404,0.572649572649573,0.463145167510596,0.659817930836643,317,2.78862810022762e-13,NA,210027252
608,-0.760805829033761,0.119773930375833,0.467289719626168,0.369517041635678,0.590932643056806,0.532710280373832,0.409067356943194,0.630482958364322,307,2.12512287150913e-10,NA,969134347
208,-0.850539354311375,0.124058679870173,0.427184466019417,0.33497817490172,0.544771515522869,0.572815533980583,0.455228484477131,0.66502182509828,279,7.08431571147604e-12,NA,874869084
933,-0.765717873394781,0.124001387458077,0.465,0.364672303662916,0.592929591384233,0.535,0.407070408615767,0.635327696337084,286,6.61320505314869e-10,NA,391032963
808,-0.837921664758649,0.117135723870897,0.432608695652174,0.343865920062252,0.544253654214975,0.567391304347826,0.455746345785025,0.656134079937748,314,8.46387773753773e-13,NA,149116891
233,-0.911628718768343,0.123124927962748,0.401869158878505,0.315704337824761,0.511550845232164,0.598130841121495,0.488449154767836,0.684295662175239,279,1.32047425291991e-13,NA,638022932
658,-0.709676482511156,0.111190772920688,0.491803278688524,0.39549924812577,0.611557331840658,0.508196721311476,0.388442668159342,0.60450075187423,362,1.7420596111064e-10,NA,727198608
758,-0.985970652512146,0.113344372915035,0.373076923076923,0.298757957151048,0.465883459171509,0.626923076923077,0.534116540828491,0.701242042848952,324,3.35135243886311e-18,NA,789087884
883,-0.848901709969178,0.123423507277426,0.427884615384616,0.335945162535377,0.544985505077961,0.572115384615384,0.455014494922039,0.664054837464623,282,6.07165270000571e-12,NA,745952225
983,-0.980829253011726,0.116881145571036,0.375,0.298223495462066,0.471542323592299,0.625,0.528457676407701,0.701776504537934,305,4.79241040471507e-17,NA,958854390
83,-0.842678914530909,0.120977697739229,0.430555555555555,0.339666561164569,0.545764898917844,0.569444444444445,0.454235101082156,0.660333438835431,294,3.27071122715227e-12,NA,635425025
8,-0.725937003382936,0.127703734219336,0.483870967741935,0.376728043021214,0.621485758123753,0.516129032258065,0.378514241876247,0.623271956978786,273,1.31165113052e-08,NA,670345424
733,-0.867305426714739,0.114344960957444,0.420081967213115,0.335740267276979,0.525611242907771,0.579918032786885,0.474388757092229,0.664259732723021,327,3.32511783249527e-14,NA,544720831
483,-0.632522558743511,0.123768442799918,0.53125,0.416818564472448,0.67709691111576,0.46875,0.32290308888424,0.583181435527552,300,3.21253285174616e-07,NA,587294389
958,-0.787981283230784,0.121488318875808,0.454761904761905,0.358404152128076,0.577025653287556,0.545238095238095,0.422974346712444,0.641595847871924,296,8.81064440695796e-11,NA,278271592
558,-0.955076756909312,0.119772157417952,0.384782608695652,0.304274242180431,0.486592801591252,0.615217391304348,0.513407198408748,0.695725757819569,292,1.53478660116024e-15,NA,146945897
283,-0.893817876022096,0.121022579097032,0.409090909090909,0.322704649351747,0.518602295433339,0.590909090909091,0.481397704566661,0.677295350648253,290,1.51828551062194e-13,NA,129875449
433,-0.640122712251724,0.120813185385679,0.527227722772278,0.416065655910937,0.668089441439366,0.472772277227722,0.331910558560634,0.583934344089063,314,1.16789370735271e-07,NA,432845663
783,-0.934309237376833,0.113960576477869,0.392857142857143,0.314218126793048,0.491177056744176,0.607142857142857,0.508822943255824,0.685781873206952,324,2.43343767301197e-16,NA,740770295
708,-0.941608539858446,0.114578379864532,0.39,0.311555421700101,0.488195644839104,0.61,0.511804355160896,0.688444578299899,320,2.06873573619929e-16,NA,792611651
333,-0.70262592451449,0.119146410064705,0.495283018867924,0.392135201398969,0.625562989254169,0.504716981132076,0.374437010745831,0.607864798601031,316,3.69802189415713e-09,NA,807754092
833,-0.893817876022096,0.115390501623036,0.409090909090909,0.326286612845275,0.512909096825821,0.590909090909091,0.487090903174179,0.673713387154725,319,9.48127797458216e-15,NA,116730742
33,-0.825368815302405,0.120041301333449,0.438073394495413,0.346232265150857,0.554276184748747,0.561926605504587,0.445723815251253,0.653767734849143,300,6.16831677396537e-12,NA,856119864
633,-0.776917063625404,0.117400768164078,0.459821428571428,0.365306576992212,0.578789869906932,0.540178571428572,0.421210130093068,0.634693423007788,318,3.64956560691358e-11,NA,752213720
458,-0.866166344691586,0.122071085655421,0.420560747663551,0.331071380389787,0.534239299896855,0.579439252336449,0.465760700103145,0.668928619610213,287,1.28801029573617e-12,NA,48566736
533,-0.710846757659347,0.115048752899474,0.491228070175438,0.392060870323706,0.615478450397387,0.508771929824562,0.384521549602613,0.607939129676294,338,6.46492667914011e-10,NA,886748955
858,-0.752570601030745,0.121315396537372,0.471153846153846,0.371448738695427,0.597622023230457,0.528846153846154,0.402377976769543,0.628551261304573,300,5.52484255904363e-10,NA,274759574
159,-0.886050846684437,0.118705849752265,0.412280701754386,0.326700955083368,0.520278176094449,0.587719298245614,0.479721823905551,0.673299044916633,302,8.37716169201977e-14,NA,65261294
384,-0.790911349325837,0.123326100154842,0.45343137254902,0.356070667369276,0.577413498086499,0.54656862745098,0.422586501913501,0.643929332630724,287,1.42523648544087e-10,NA,290878828
184,-0.883979427021808,0.11663096245814,0.413135593220339,0.328712453163574,0.519241107974048,0.586864406779661,0.480758892025952,0.671287546836426,313,3.47461665032981e-14,NA,157521991
59,-0.834797697622972,0.121937462979824,0.433962264150943,0.341710724911875,0.551118923046914,0.566037735849057,0.448881076953086,0.658289275088125,290,7.58833421213437e-12,NA,714336263
109,-0.62057648772511,0.125509713381748,0.537634408602151,0.420390597571618,0.687576646534635,0.462365591397849,0.312423353465365,0.579609402428382,293,7.63591815601709e-07,NA,845417161
509,-0.752390014122805,0.116380381541568,0.471238938053098,0.375126727368435,0.591976312365785,0.528761061946902,0.408023687634215,0.624873272631565,326,1.01351505218491e-10,NA,929510154
934,-0.790139446547255,0.114162125850785,0.453781512605042,0.362803794591421,0.567573063600446,0.546218487394958,0.432426936399554,0.637196205408578,335,4.4781870633498e-12,NA,537646935
684,-0.811446878588968,0.113646933989083,0.444214876033058,0.355513954920821,0.555046724208092,0.555785123966942,0.444953275791908,0.644486045079179,336,9.32845090323456e-13,NA,123798596
909,-0.794616640724805,0.11673173844932,0.451754385964912,0.359368611624328,0.567890513075404,0.548245614035088,0.432109486924596,0.640631388375672,320,9.95144643378113e-12,NA,709054417
134,-0.896194867871017,0.117399363907089,0.408119658119658,0.324232835583032,0.513710016581748,0.591880341880342,0.486289983418252,0.675767164416968,308,2.28059970819515e-14,NA,1278230
409,-0.791928725119729,0.123957536998555,0.452970297029703,0.355268643567168,0.577540668748564,0.547029702970297,0.422459331251436,0.644731356432832,284,1.67291244743864e-10,NA,536981006
209,-0.591364486250003,0.121706107260876,0.553571428571428,0.436091117149301,0.702700225892696,0.446428571428572,0.297299774107304,0.563908882850699,315,1.18007008333738e-06,NA,500495859
234,-1.09064411901893,0.118120197071657,0.336,0.266560124984017,0.423529213181339,0.664,0.576470786818661,0.733439875015983,293,2.62318112176188e-20,NA,438543209
584,-0.678109303195405,0.122784911382969,0.507575757575757,0.399012191528035,0.645677388182016,0.492424242424243,0.354322611817984,0.600987808471965,300,3.33750938686185e-08,NA,83792942
609,-1.16167042463525,0.11543208901398,0.312962962962963,0.249595627227013,0.392417997361279,0.687037037037037,0.607582002638721,0.750404372772987,304,7.9960937604464e-24,NA,520299252
259,-0.759522249504818,0.118643468914128,0.467889908256881,0.370812336614809,0.59038210067979,0.532110091743119,0.40961789932021,0.629187663385191,313,1.53636386090566e-10,NA,83978743
309,-0.824175442966349,0.117353865847385,0.43859649122807,0.34847639177444,0.552022709882996,0.56140350877193,0.447977290117004,0.65152360822556,314,2.17164240286026e-12,NA,306598316
359,-0.646866427995938,0.124705418487204,0.523684210526316,0.410128580732118,0.668680909448002,0.476315789473684,0.331319090551998,0.589871419267882,294,2.13530147856193e-07,NA,689787761
809,-0.866418901833983,0.120400641614535,0.420454545454545,0.332073209738551,0.532358587230125,0.579545454545455,0.467641412769875,0.667926790261449,295,6.19446942014497e-13,NA,653570266
884,-0.789914732494939,0.122704243823447,0.453883495145631,0.356860392489025,0.577285211532547,0.546116504854369,0.422714788467453,0.643139607510975,290,1.21417152968291e-10,NA,576713914
484,-0.868156090507613,0.120990879019213,0.419724770642202,0.331113568287769,0.532049725420921,0.580275229357798,0.467950274579079,0.668886431712231,292,7.21041940945038e-13,NA,111848604
9,-0.833376521868595,0.121334819749354,0.434579439252336,0.342601128678417,0.551251216682791,0.565420560747663,0.448748783317209,0.657398871321583,293,6.49242883127645e-12,NA,582262486
984,-0.839289080776397,0.117677831222732,0.432017543859649,0.343031365376114,0.54408773377876,0.567982456140351,0.45591226622124,0.656968634623886,311,9.88549910158267e-13,NA,498399020
759,-0.734155204287322,0.116532116707004,0.479910714285714,0.381916242046509,0.603049224751687,0.520089285714286,0.396950775248313,0.618083757953491,327,2.97598370355176e-10,NA,943494215
84,-0.601516857714021,0.121281923688148,0.547979797979798,0.432045202792381,0.695024171205253,0.452020202020202,0.304975828794747,0.567954797207619,316,7.06174081171771e-07,NA,147462962
959,-0.740104163647717,0.118245525240385,0.477064220183486,0.378378169731923,0.601488902862771,0.522935779816514,0.398511097137229,0.621621830268077,317,3.87339998402073e-10,NA,848049886
659,-0.674455047547793,0.118590015932688,0.509433962264151,0.403779150487411,0.642734924759924,0.490566037735849,0.357265075240076,0.596220849512589,322,1.29076039348975e-08,NA,207765200
434,-0.795426029680363,0.119947756929966,0.451388888888889,0.356821610241703,0.57101902789556,0.548611111111111,0.42898097210444,0.643178389758297,303,3.3243374356866e-11,NA,711833558
559,-1.04982212449868,0.114833850369228,0.35,0.279461054656478,0.438343726107313,0.65,0.561656273892687,0.720538945343522,312,6.12532280410092e-20,NA,794535437
784,-1.02879331221885,0.118510799654995,0.357438016528926,0.283350619133127,0.45089697016016,0.642561983471074,0.54910302983984,0.716649380866873,294,3.92273284822542e-18,NA,166602491
284,-0.693147180559946,0.116774841565257,0.5,0.397714183205398,0.628592116039493,0.5,0.371407883960507,0.602285816794602,330,2.92491264065211e-09,NA,674648174
734,-0.858766887735969,0.129373474558574,0.423684210526316,0.328790589015429,0.545965475431791,0.576315789473684,0.454034524568209,0.671209410984571,256,3.18205267131434e-11,NA,993866112
709,-0.877288574070886,0.120645720894221,0.415909090909091,0.328325481192975,0.526856372135054,0.584090909090909,0.473143627864946,0.671674518807025,293,3.5522916553229e-13,NA,401340014
334,-0.980829253011726,0.118845672153675,0.375,0.297077423148066,0.473361450728321,0.625,0.526638549271679,0.702922576851934,295,1.54511440768698e-16,NA,13549840
34,-0.77399927718904,0.122359698284001,0.461165048543689,0.362830361011494,0.586150512336992,0.538834951456311,0.413849487663008,0.637169638988506,293,2.52240204231623e-10,NA,732669931
634,-1.04769219824085,0.113056780013558,0.350746268656716,0.281034057682542,0.437751018474697,0.649253731343284,0.562248981525303,0.718965942317458,322,1.91534121737935e-20,NA,992129057
834,-0.727718524625034,0.121383126906511,0.483009708737864,0.380745128530702,0.612741598652454,0.516990291262136,0.387258401347546,0.619254871469298,302,2.03210409342062e-09,NA,951457751
459,-1.16171299503605,0.11376014699538,0.31294964028777,0.25040422021036,0.391117519001753,0.68705035971223,0.608882480998247,0.74959577978964,313,1.75304758630543e-24,NA,13304259
859,-0.798507696217772,0.116303783485591,0.45,0.35827339060463,0.565210828686597,0.55,0.434789171313403,0.64172660939537,322,6.61627648818143e-12,NA,244226223
534,-0.659245628884264,0.130574914935572,0.517241379310345,0.400449441280568,0.668095936444126,0.482758620689655,0.331904063555874,0.599550558719432,267,4.44611728764572e-07,NA,352593302
160,-0.698061195362375,0.121367334767112,0.497549019607843,0.392218263145399,0.631166496244859,0.502450980392157,0.368833503755141,0.607781736854601,305,8.83819412223155e-09,NA,287401643
385,-0.896441860734179,0.123346297431137,0.408018867924528,0.320396444368669,0.519604382347176,0.591981132075472,0.480395617652824,0.679603555631331,279,3.65704160098367e-13,NA,405918736
60,-0.640122712251725,0.120813185385679,0.527227722772277,0.416065655910937,0.668089441439366,0.472772277227723,0.331910558560634,0.583934344089063,314,1.16789370735268e-07,NA,202907017
185,-0.879046558701784,0.119603158484061,0.415178571428572,0.328419198705659,0.524857398266648,0.584821428571428,0.475142601733352,0.671580801294341,298,1.98661839644975e-13,NA,115126173
510,-0.777704568588009,0.117944774357626,0.459459459459459,0.364630021759684,0.578951217093993,0.540540540540541,0.421048782906007,0.635369978240316,315,4.28701428012542e-11,NA,689329678
410,-0.788938245201621,0.122091727449727,0.454326923076923,0.35763812286045,0.577155901002999,0.545673076923077,0.422844098997001,0.642361877139551,293,1.03431629471873e-10,NA,499184597
110,-0.819898886199089,0.122185166589049,0.440476190476191,0.346671576664912,0.559663057014777,0.55952380952381,0.440336942985223,0.653328423335088,290,1.94227269221041e-11,NA,3287809
610,-0.680075098992593,0.11445931215897,0.506578947368421,0.404780137959036,0.633979303457987,0.493421052631579,0.366020696542013,0.595219862040964,345,2.82198558419427e-09,NA,920458129
935,-0.972018623329571,0.121233290572586,0.378318584070797,0.298307183413686,0.479790494534789,0.621681415929203,0.52020950546521,0.701692816586314,284,1.07696777202518e-15,NA,993426846
235,-0.708260818369994,0.122784942633621,0.4925,0.387160910185403,0.626499844428625,0.5075,0.373500155571375,0.612839089814597,297,8.00734898274846e-09,NA,633190656
910,-0.712195375530639,0.119338403613787,0.490566037735849,0.388254452619087,0.619838448101341,0.509433962264151,0.380161551898659,0.611745547380913,314,2.40379435856903e-09,NA,153199962
10,-0.955931701389999,0.11776180290406,0.384453781512605,0.305214462469091,0.484265093218871,0.615546218487395,0.515734906781129,0.694785537530909,302,4.75875941500843e-16,NA,248885347
585,-0.64529115938231,0.120319652378553,0.524509803921569,0.41432137230877,0.66400275920311,0.475490196078431,0.33599724079689,0.58567862769123,316,8.17874945253785e-08,NA,60041526
260,-0.743409015340834,0.122305195103507,0.475490196078431,0.374140908112036,0.604293520608557,0.524509803921569,0.395706479391443,0.625859091887964,296,1.21455007487828e-09,NA,276628152
985,-0.743966428956158,0.117253339000993,0.475225225225226,0.377653280945876,0.598006229747896,0.524774774774774,0.401993770252104,0.622346719054124,322,2.22499476346069e-10,NA,488946681
810,-0.673344553263765,0.122073587513926,0.51,0.401477258616348,0.647857367803121,0.49,0.352142632196879,0.598522741383652,304,3.47018096556022e-08,NA,454598899
135,-0.997923686371026,0.119254780668453,0.36864406779661,0.291808135914121,0.465711650896625,0.63135593220339,0.534288349103375,0.70819186408588,292,5.86057206805319e-17,NA,941719930
885,-0.746257005873894,0.114743819900646,0.474137931034483,0.378647055286219,0.593710619182629,0.525862068965517,0.406289380817371,0.621352944713781,336,7.83789018435512e-11,NA,865255376
685,-0.562118918153542,0.119941506129887,0.57,0.450588870571757,0.721056424646554,0.43,0.278943575353446,0.549411129428243,328,2.77769183114025e-06,NA,554476476
85,-0.693147180559946,0.121866669493815,0.5,0.393764815184918,0.634896746380439,0.5,0.365103253619561,0.606235184815082,303,1.28723886416504e-08,NA,840681557
760,-0.815364813284195,0.117684143056496,0.442477876106195,0.351332751287806,0.557268487283908,0.557522123893805,0.442731512716092,0.648667248712194,313,4.25575840732413e-12,NA,112315994
360,-0.575364144903562,0.125301568509796,0.5625,0.440013132295473,0.719083651775033,0.4375,0.280916348224967,0.559986867704527,299,4.39365394918756e-06,NA,415912190
210,-0.568693006086539,0.131785210414328,0.566265060240964,0.437364965027134,0.733154559898983,0.433734939759036,0.266845440101017,0.562635034972865,271,1.5938472450589e-05,NA,934928166
485,-0.897559695168092,0.116438827391283,0.407563025210084,0.324400763471042,0.51204447776592,0.592436974789916,0.48795552223408,0.675599236528958,313,1.27382280499907e-14,NA,215432694
310,-0.670674324707887,0.116341538243725,0.511363636363636,0.407098727367342,0.642332562143054,0.488636363636364,0.357667437856946,0.592901272632658,335,8.18021389615296e-09,NA,396895683
560,-0.818310323513951,0.123933357614149,0.441176470588235,0.346035038773284,0.562476791051829,0.558823529411765,0.437523208948171,0.653964961226716,282,4.03394506019787e-11,NA,147373988
735,-0.732756318654991,0.121487624554774,0.480582524271845,0.378754255207768,0.609787373897103,0.519417475728156,0.390212626102897,0.621245744792232,301,1.62414015245104e-09,NA,435181136
960,-0.772396552214086,0.121154647885686,0.461904761904762,0.364271686370252,0.585705716511374,0.538095238095238,0.414294283488626,0.635728313629748,299,1.82611779878737e-10,NA,500841146
785,-0.858661619037519,0.116080042538518,0.423728813559322,0.337505213380038,0.531980248963495,0.576271186440678,0.468019751036505,0.662494786619962,318,1.39137157897752e-13,NA,458427943
435,-0.761200643804961,0.116046393783467,0.467105263157895,0.372079627142535,0.586399552551217,0.532894736842105,0.413600447448783,0.627920372857465,327,5.4006204247827e-11,NA,637637836
710,-0.78845736036427,0.12512619894371,0.454545454545455,0.355688403021446,0.580878005841187,0.545454545454545,0.419121994158813,0.644311596978554,279,2.95164901938571e-10,NA,419103321
335,-0.743966428956158,0.117253339000993,0.475225225225225,0.377653280945876,0.598006229747896,0.524774774774775,0.401993770252104,0.622346719054124,322,2.22499476346065e-10,NA,366416795
35,-0.904196026990811,0.119641290536034,0.404867256637168,0.320238692396296,0.511860369745884,0.595132743362832,0.488139630254116,0.679761307603704,296,4.10705993282079e-14,NA,81787716
285,-1.04518712199453,0.117942478037637,0.351626016260163,0.27905395432055,0.443071504261737,0.648373983739837,0.556928495738263,0.72094604567945,296,7.87059833794996e-19,NA,93109071
660,-0.822681232751848,0.121098898978363,0.439252336448598,0.346445169686371,0.556921071378248,0.560747663551402,0.443078928621752,0.653554830313629,295,1.09471172827886e-11,NA,111393176
635,-0.640224779105602,0.126586746440098,0.527173913043478,0.411342020841268,0.675623497023699,0.472826086956522,0.324376502976301,0.588657979158732,286,4.24571953610159e-07,NA,156221656
835,-0.902136984436062,0.119068615657595,0.405701754385965,0.32125914289184,0.512340013206299,0.594298245614035,0.487659986793701,0.678740857108159,299,3.54689034853459e-14,NA,734840961
860,-0.722303764851401,0.131952312004209,0.485632183908046,0.374963892596669,0.628963542100249,0.514367816091954,0.371036457899751,0.625036107403331,256,4.4004914388987e-08,NA,555517333
460,-0.838654764231184,0.128221538977834,0.432291666666667,0.336228475778362,0.555800886991591,0.567708333333333,0.444199113008409,0.663771524221638,262,6.12438649625532e-11,NA,390322640
535,-0.975467309870341,0.115810663222641,0.377016129032258,0.300456576739142,0.473083874858483,0.622983870967742,0.526916125141517,0.699543423260858,311,3.67124312240986e-17,NA,215565612
161,-0.658055860748675,0.123004837264263,0.517857142857143,0.406919089047832,0.659040157186236,0.482142857142857,0.340959842813764,0.593080910952168,301,8.80333624106199e-08,NA,974773695
386,-0.847297860387204,0.122798066289761,0.428571428571429,0.33689712992182,0.545191552775704,0.571428571428571,0.454808447224296,0.66310287007818,285,5.20287700757865e-12,NA,150789599
186,-0.765818370857304,0.119878772206802,0.464953271028037,0.367593913185159,0.588098813624206,0.535046728971963,0.411901186375794,0.632406086814841,306,1.67769202292619e-10,NA,792816389
61,-0.76952015934452,0.122861413246907,0.463235294117647,0.364100953725736,0.589361097575986,0.536764705882353,0.410638902424014,0.635899046274264,291,3.76869815710931e-10,NA,82495327
111,-0.688109386529988,0.122988356008539,0.502525252525253,0.39488443171598,0.639507686662111,0.497474747474747,0.360492313337889,0.605115568284019,298,2.20730000188668e-08,NA,488415086
911,-0.91952872714793,0.118431816101576,0.398706896551724,0.316114489859777,0.502878528056156,0.601293103448276,0.497121471943844,0.683885510140223,301,8.21598595500437e-15,NA,222526598
411,-0.772074439149616,0.11730084956162,0.462053571428571,0.367151804707561,0.581485641994724,0.537946428571429,0.418514358005276,0.632848195292439,319,4.64155003294201e-11,NA,360236985
511,-0.938982143076226,0.118370137390272,0.391025641025641,0.31006189218962,0.493130745154602,0.608974358974359,0.506869254845398,0.68993810781038,300,2.14616598912991e-15,NA,81834101
11,-0.894288796680669,0.11685856162879,0.408898305084746,0.325195945610608,0.514144859915879,0.591101694915254,0.485855140084121,0.674804054389392,311,1.96733489500428e-14,NA,766872523
936,-0.726723476093549,0.119632817612355,0.483490566037736,0.382433885132384,0.6112510855741,0.516509433962264,0.3887489144259,0.617566114867616,311,1.2428445554908e-09,NA,865327357
611,-0.850332764082357,0.120041901151143,0.427272727272727,0.337695537194414,0.540611181858682,0.572727272727273,0.459388818141318,0.662304462805586,298,1.40423562784803e-12,NA,995248484
236,-1.02552943192963,0.117944932192419,0.358606557377049,0.284592413274336,0.45186961069779,0.641393442622951,0.54813038930221,0.715407586725664,297,3.46875201687775e-18,NA,497203915
136,-0.962036753662359,0.115970816334068,0.382113821138211,0.304423523741492,0.479631043325133,0.617886178861789,0.520368956674867,0.695576476258508,311,1.0812278484525e-16,NA,143602188
986,-0.645207718270827,0.114821124200103,0.524553571428571,0.418845573622825,0.656940091113987,0.475446428571429,0.343059908886013,0.581154426377175,347,1.9179671761115e-08,NA,119314343
811,-0.76120064380496,0.116046393783467,0.467105263157895,0.372079627142535,0.586399552551217,0.532894736842105,0.413600447448783,0.627920372857465,327,5.40062042478292e-11,NA,961881607
886,-0.730887508542793,0.118604180247086,0.481481481481481,0.381613321569895,0.607485126713905,0.518518518518519,0.392514873286095,0.618386678430105,316,7.16463503128116e-10,NA,58673706
586,-0.663294217410264,0.122486615060737,0.515151515151515,0.405204430922726,0.654931346526935,0.484848484848485,0.345068653473065,0.594795569077274,303,6.12071102434718e-08,NA,571691315
261,-1.03574501060784,0.11406108835221,0.354961832061069,0.283852473351884,0.443885165883176,0.645038167938931,0.556114834116824,0.716147526648116,317,1.07961500316063e-19,NA,489676159
86,-0.872026393162928,0.117368346819093,0.418103448275862,0.332184704518588,0.526244860411338,0.581896551724138,0.473755139588662,0.667815295481412,310,1.08740638693076e-13,NA,14251872
561,-0.758816284067802,0.114015188258792,0.468220338983051,0.374455635343097,0.585463977959719,0.531779661016949,0.414536022040281,0.625544364656903,339,2.82537336877238e-11,NA,16423251
486,-0.738724689056264,0.122810167554437,0.477722772277228,0.37552576520797,0.607732060743822,0.522277227722772,0.392267939256178,0.62447423479203,294,1.79692115191429e-09,NA,477685246
761,-0.873684615560398,0.119482906795232,0.417410714285714,0.330262723434296,0.527554858715906,0.582589285714286,0.472445141284094,0.669737276565704,299,2.62775642044516e-13,NA,6793761
786,-1.03845836584836,0.11683200553834,0.354,0.281550095258634,0.445093083292633,0.646,0.554906916707367,0.718449904741366,302,6.1953295512926e-19,NA,884299097
311,-0.856144464527497,0.113643170936067,0.42479674796748,0.339975750269896,0.530779848093551,0.57520325203252,0.469220151906449,0.660024249730104,332,4.93526181123185e-14,NA,820002912
211,-0.959886079166483,0.114533205189053,0.382936507936508,0.305939766970503,0.47931124012638,0.617063492063492,0.52068875987362,0.694060233029497,319,5.25450134262152e-17,NA,52788733
686,-0.693147180559946,0.118957737797648,0.5,0.396016238472107,0.631287244595169,0.5,0.368712755404831,0.603983761527893,318,5.64882115878389e-09,NA,643390581
361,-0.790310929013593,0.119838641850856,0.453703703703704,0.358728174640689,0.57382459841812,0.546296296296296,0.42617540158188,0.641271825359311,304,4.25852178910331e-11,NA,569970550
36,-1.01024313821802,0.110550898654731,0.364130434782609,0.293194543871387,0.452228652635276,0.635869565217391,0.547771347364724,0.706805456128613,339,6.3463697130638e-20,NA,42810075
336,-0.872026393162928,0.117368346819093,0.418103448275862,0.332184704518588,0.526244860411339,0.581896551724138,0.473755139588661,0.667815295481412,310,1.08740638693077e-13,NA,830678024
961,-0.90144422375716,0.117516664547105,0.405982905982906,0.322461137509898,0.511137935017878,0.594017094017094,0.488862064982122,0.677538862490102,307,1.70956452751466e-14,NA,401478909
736,-0.776733896668211,0.120673805763882,0.459905660377359,0.363037113156535,0.582621469766739,0.540094339622641,0.417378530233261,0.636962886843465,301,1.22146829131705e-10,NA,270849069
436,-0.884814599772138,0.11156510955214,0.412790697674419,0.331715303864423,0.513681937798615,0.587209302325581,0.486318062201385,0.668284696135577,342,2.17518253191944e-15,NA,665487031
286,-0.935060834556146,0.116308300258321,0.392561983471074,0.31254059502405,0.493071662754356,0.607438016528926,0.506928337245644,0.68745940497595,311,9.0204175047889e-16,NA,884446648
711,-0.649975008694736,0.12041078536883,0.522058823529412,0.412311638528036,0.661018001330034,0.477941176470588,0.338981998669966,0.587688361471964,315,6.73953859334402e-08,NA,57829300
861,-0.950431775827356,0.123479889926135,0.386574074074074,0.303477467656518,0.492423756861469,0.613425925925926,0.507576243138531,0.696522532343482,275,1.39235579304085e-14,NA,88036366
461,-0.724054718023022,0.114803994318461,0.484782608695652,0.38710224875946,0.607111372891548,0.515217391304348,0.392888627108452,0.61289775124054,338,2.8472116945345e-10,NA,950892746
636,-0.713981267462788,0.124789567877212,0.489690721649484,0.383442990069999,0.625378502357852,0.510309278350516,0.374621497642148,0.616557009930001,287,1.05598842068237e-08,NA,320391267
836,-0.960742494444989,0.11990608975458,0.382608695652174,0.302475767580772,0.483970716594897,0.617391304347826,0.516029283405103,0.697524232419228,291,1.12438345761468e-15,NA,444586455
661,-0.875468737353901,0.121716123910384,0.416666666666666,0.328234181765218,0.52892453240989,0.583333333333334,0.47107546759011,0.671765818234782,288,6.35179322970251e-13,NA,614059725
536,-0.900161349944271,0.114586566861588,0.406504065040651,0.324734649211557,0.508863329785667,0.593495934959349,0.491136670214333,0.675265350788443,323,3.97444362017845e-15,NA,220510976
162,-0.801781021562741,0.123565377223152,0.448529411764706,0.352056110711892,0.571439117506554,0.551470588235294,0.428560882493446,0.647943889288108,285,8.65692034617584e-11,NA,65002677
187,-0.845615774204219,0.126425325974032,0.429292929292929,0.335073670348145,0.550005671736077,0.570707070707071,0.449994328263923,0.664926329651855,269,2.25226316303818e-11,NA,215782397
387,-0.97788374278197,0.121375081741876,0.376106194690265,0.296480291982079,0.477117277302676,0.623893805309735,0.522882722697324,0.703519708017921,283,7.83757791070104e-16,NA,112187129
62,-0.989879088531644,0.122758360506394,0.371621621621622,0.292152003003724,0.472708139039949,0.628378378378378,0.527291860960051,0.707847996996276,276,7.40563100198574e-16,NA,392578603
112,-0.865264567179658,0.116718253429253,0.420940170940171,0.334864890570352,0.529140654935021,0.579059829059829,0.470859345064979,0.665135109429648,314,1.23217555300273e-13,NA,47933616
912,-0.962810747509048,0.122651090692226,0.381818181818182,0.300231189954256,0.485576212082276,0.618181818181818,0.514423787917724,0.699768810045744,278,4.16045774640867e-15,NA,282184031
412,-0.850991990927346,0.118452119766399,0.426991150442478,0.338526169454011,0.538574145834121,0.573008849557522,0.461425854165879,0.661473830545989,306,6.75673030575686e-13,NA,726721869
512,-0.904705557538926,0.117090470875793,0.404661016949152,0.321679791874652,0.50904826095551,0.595338983050848,0.49095173904449,0.678320208125348,309,1.10499076535204e-14,NA,48845944
937,-0.677801610885285,0.124037979935032,0.507731958762887,0.398155922925698,0.647464290007073,0.492268041237113,0.352535709992927,0.601844077074302,294,4.64296306316547e-08,NA,546992370
12,-0.880888804823239,0.120182326581387,0.414414414414415,0.327442819367788,0.524486404087372,0.585585585585585,0.475513595912628,0.672557180632212,295,2.30834602884935e-13,NA,862233292
812,-0.761824046356164,0.116571411674956,0.466814159292036,0.371465303504843,0.586637452433531,0.533185840707964,0.413362547566469,0.628534696495157,324,6.35007244758451e-11,NA,157866103
487,-0.738724689056265,0.122810167554437,0.477722772277228,0.37552576520797,0.607732060743821,0.522277227722772,0.392267939256179,0.62447423479203,294,1.79692115191421e-09,NA,321051452
612,-0.869037847023609,0.113455755433771,0.419354838709677,0.335743755801793,0.523787792655295,0.580645161290323,0.476212207344705,0.664256244198207,332,1.86357714920318e-14,NA,190003247
987,-0.728415319397403,0.122593618238082,0.482673267326733,0.379578293713871,0.613769245634159,0.517326732673267,0.386230754365841,0.620421706286129,296,2.82069821101036e-09,NA,178247037
237,-0.619039208406224,0.126850509600833,0.538461538461538,0.419932355653248,0.690446507631769,0.461538461538462,0.309553492368231,0.580067644346752,287,1.06048863089017e-06,NA,489681934
887,-0.742154759666639,0.115160159015109,0.476086956521739,0.379893425886774,0.596637832415893,0.523913043478261,0.403362167584107,0.620106574113226,334,1.15948176309163e-10,NA,772749151
87,-1.02165124753198,0.116428327994428,0.36,0.28654875660583,0.452279052036771,0.64,0.547720947963229,0.71345124339417,305,1.70999512518519e-18,NA,664125112
787,-0.830768558435993,0.122426673577657,0.435714285714286,0.342761492992453,0.553874757394905,0.564285714285714,0.446125242605095,0.657238507007547,288,1.15408171715938e-11,NA,299212703
137,-0.626965273678644,0.124307779907811,0.53421052631579,0.418698559951218,0.681590322306918,0.46578947368421,0.318409677693082,0.581301440048782,298,4.56727887387342e-07,NA,115270999
562,-0.742418229566728,0.121102806206991,0.475961538461538,0.375395415144128,0.603468707809598,0.524038461538462,0.396531292190402,0.624604584855872,302,8.76147943323266e-10,NA,547497262
262,-0.956338233003431,0.116793864993954,0.384297520661157,0.305669751894187,0.4831507974575,0.615702479338843,0.5168492025425,0.694330248105813,307,2.6503545293951e-16,NA,842892439
587,-0.583947888594953,0.126155139977424,0.557692307692308,0.435523109669075,0.714131358713652,0.442307692307692,0.285868641286348,0.564476890330925,294,3.67777012667895e-06,NA,562974037
212,-0.606579164251487,0.124564628340661,0.545212765957447,0.427106727556184,0.695978173567557,0.454787234042553,0.304021826432443,0.572893272443816,299,1.11827788356082e-06,NA,979462326
762,-0.899483613557774,0.116973969792496,0.406779661016949,0.323437823957946,0.511596604850331,0.593220338983051,0.488403395149669,0.676562176042054,310,1.47590061842364e-14,NA,829448431
312,-0.895307079573564,0.119971047789175,0.408482142857143,0.322889211700526,0.516764434941607,0.591517857142857,0.483235565058393,0.677110788299474,295,8.47718107890698e-14,NA,392429303
687,-0.862749964946126,0.112868669245224,0.422,0.338250514235612,0.526485526274629,0.578,0.473514473725371,0.661749485764388,336,2.10838592795999e-14,NA,884770535
962,-0.63743657354594,0.123865955869074,0.528645833333333,0.414696071055369,0.673906594748956,0.471354166666667,0.326093405251044,0.585303928944631,299,2.65843560346327e-07,NA,86350526
737,-0.722417562860059,0.120689186219089,0.485576923076923,0.383289760439296,0.61516109367131,0.514423076923077,0.38483890632869,0.616710239560704,306,2.15370143966776e-09,NA,655176531
337,-0.825415149137695,0.117898526612651,0.438053097345133,0.347673306301411,0.551927664896158,0.561946902654867,0.448072335103842,0.652326693698589,311,2.54025572247152e-12,NA,827762346
37,-0.989268121657591,0.118545682599395,0.371848739495798,0.294754229542386,0.469107721640786,0.628151260504202,0.530892278359214,0.705245770457614,296,7.11915204979364e-17,NA,2812436
862,-0.871838969303322,0.12052257757148,0.418181818181818,0.330199295627605,0.529607529069578,0.581818181818182,0.470392470930422,0.669800704372395,294,4.69584415612173e-13,NA,889684879
362,-0.954161005929565,0.121889139098039,0.385135135135135,0.303291973459539,0.489063626127735,0.614864864864865,0.510936373872265,0.696708026540461,282,4.95277369282313e-15,NA,98318285
287,-0.83161685482505,0.116495427847407,0.435344827586207,0.346475317114063,0.547009006253887,0.564655172413793,0.452990993746113,0.653524682885937,318,9.42709983564523e-13,NA,232739758
437,-0.746428547172882,0.120037855060288,0.474056603773585,0.374674204033254,0.599800202848766,0.525943396226415,0.400199797151234,0.625325795966746,307,5.02645948657395e-10,NA,575008031
662,-0.824339390831295,0.113444341032019,0.438524590163935,0.351099291587585,0.547719180260649,0.561475409836065,0.452280819739351,0.648900708412415,336,3.69015391713455e-13,NA,225551442
837,-0.893326354753906,0.119394149489138,0.40929203539823,0.323895421734181,0.517203884338659,0.59070796460177,0.482796115661341,0.676104578265819,298,7.31098066553004e-14,NA,908407372
712,-0.863368330419813,0.117687260796742,0.421739130434783,0.334863891743146,0.531152801259072,0.578260869565217,0.468847198740928,0.665136108256854,309,2.19868439725959e-13,NA,886137694
462,-0.703403680727134,0.123930306275705,0.494897959183674,0.388173599659028,0.630965089380903,0.505102040816326,0.369034910619097,0.611826400340972,292,1.38041672134023e-08,NA,37208407
637,-0.978122891413984,0.116342110649562,0.376016260162601,0.299347779860481,0.472320950476289,0.623983739837399,0.527679049523711,0.700652220139519,308,4.19561109373099e-17,NA,127441791
537,-0.969959580774822,0.116628155781987,0.379098360655738,0.301632296199762,0.476459480176783,0.620901639344262,0.523540519823217,0.698367703800238,307,9.04580958400652e-17,NA,686659168
163,-0.777704568588009,0.117944774357626,0.459459459459459,0.364630021759684,0.578951217093994,0.540540540540541,0.421048782906006,0.635369978240316,315,4.28701428012554e-11,NA,937481083
188,-0.935107003673631,0.119827050401499,0.392543859649123,0.310378205668742,0.496461023789431,0.607456140350877,0.503538976210569,0.689621794331258,293,6.0067712016811e-15,NA,955176964
63,-0.825498632044619,0.113936139773472,0.43801652892562,0.350354646241985,0.547612202863537,0.56198347107438,0.452387797136463,0.649645353758015,333,4.31563580685889e-13,NA,713747069
388,-0.609765571620894,0.125974462483122,0.543478260869565,0.424573144327561,0.695683709589338,0.456521739130435,0.304316290410662,0.575426855672438,292,1.29584344989446e-06,NA,376522630
913,-0.763527977321744,0.122135462510934,0.466019417475728,0.366810803710793,0.5920602535896,0.533980582524272,0.4079397464104,0.633189196289207,295,4.06568891799269e-10,NA,515519512
113,-0.889120826522228,0.116744230910811,0.411016949152542,0.326954155712814,0.516693027260527,0.588983050847458,0.483306972739473,0.673045844287186,312,2.61713853858336e-14,NA,684449220
413,-0.811537196508105,0.12317961983902,0.444174757281554,0.348901784895842,0.565463472951347,0.555825242718446,0.434536527048653,0.651098215104158,286,4.45063554251136e-11,NA,561741328
813,-1.16007861076871,0.117589442642641,0.313461538461539,0.248938429716048,0.394708588010107,0.686538461538461,0.605291411989893,0.751061570283952,293,5.87412297784911e-23,NA,49937906
13,-0.843551134385594,0.119350790144502,0.430180180180181,0.340454297342929,0.543553096154496,0.569819819819819,0.456446903845504,0.659545702657071,302,1.57374797831089e-12,NA,638341273
938,-0.634878272435969,0.12131356525552,0.53,0.417843427840194,0.672261381379035,0.47,0.327738618620965,0.582156572159806,312,1.6645080106727e-07,NA,253284653
488,-0.932729458217314,0.119249796884194,0.393478260869565,0.311469217683249,0.497080074007148,0.606521739130435,0.502919925992852,0.688530782316751,296,5.21378836211486e-15,NA,239765842
238,-0.948568390793506,0.116136672101223,0.387295081967213,0.308451060431408,0.486292640090779,0.612704918032787,0.513707359909221,0.691548939568592,311,3.14349180605371e-16,NA,983512278
988,-0.855203039894317,0.111819700330042,0.425196850393701,0.341514334649977,0.529384401301983,0.574803149606299,0.470615598698017,0.658485665350023,343,2.04044475979198e-14,NA,590056015
888,-0.693147180559947,0.121866669493815,0.499999999999999,0.393764815184918,0.634896746380439,0.500000000000001,0.365103253619561,0.606235184815082,303,1.28723886416501e-08,NA,968729967
513,-0.698315150718388,0.124461341413775,0.497422680412371,0.389748002024754,0.634844365341769,0.502577319587629,0.365155634658231,0.610251997975246,290,2.0151074630853e-08,NA,576615024
88,-0.806475865866949,0.118019368891056,0.446428571428571,0.354236829952412,0.562613631717879,0.553571428571429,0.437386368282121,0.645763170047588,312,8.29139880942187e-12,NA,758586124
313,-0.626007877722316,0.116568707516988,0.534722222222223,0.425505099558156,0.671972804168926,0.465277777777777,0.328027195831074,0.574494900441844,339,7.86097016010691e-08,NA,419705465
613,-0.812008383436674,0.116082120035381,0.443965517241379,0.353622556956649,0.557389161471306,0.556034482758621,0.442610838528694,0.646377443043351,322,2.65031595162138e-12,NA,942222120
788,-0.764243102243676,0.122748032443557,0.465686274509804,0.366108762287248,0.59234776275764,0.534313725490196,0.40765223724236,0.633891237712751,292,4.78149714880458e-10,NA,378267749
563,-0.723300218730633,0.122486860196637,0.485148514851485,0.381604688409358,0.616787708881906,0.514851485148515,0.383212291118094,0.618395311590642,297,3.52379491460507e-09,NA,947616552
213,-0.791587253373198,0.117705903878458,0.453125,0.359771350886588,0.57070210042857,0.546875,0.42929789957143,0.640228649113412,315,1.75438319983838e-11,NA,635826496
588,-0.736164565643637,0.126573383022688,0.478947368421052,0.37372171436516,0.6138005176047,0.521052631578948,0.3861994823953,0.62627828563484,277,6.02332735921418e-09,NA,679772848
763,-0.743409015340833,0.122305195103507,0.475490196078432,0.374140908112036,0.604293520608558,0.524509803921568,0.395706479391442,0.625859091887964,296,1.21455007487833e-09,NA,33030544
138,-0.858021823750179,0.112769593137418,0.424,0.339919598325213,0.528878007875269,0.576,0.471121992124731,0.660080401674787,337,2.7702196202601e-14,NA,169713359
688,-0.778507029511103,0.11849643093953,0.459090909090908,0.363943819078262,0.579112631569639,0.540909090909091,0.420887368430361,0.636056180921738,312,5.0356689599923e-11,NA,150601152
263,-0.72951482473082,0.124479263049373,0.482142857142857,0.377762458664724,0.615364839363762,0.517857142857143,0.384635160636238,0.622237541335276,287,4.61383927059461e-09,NA,896860253
38,-0.813559720755353,0.114641606068678,0.44327731092437,0.354072657483625,0.554956080982978,0.55672268907563,0.445043919017022,0.645927342516375,330,1.27911046457497e-12,NA,647080444
338,-0.501069448820625,0.128914990551085,0.605882352941177,0.470604054387435,0.780047307674318,0.394117647058823,0.219952692325682,0.529395945612565,291,0.000101565732827311,NA,39365525
963,-0.909954913425069,0.117208080653179,0.402542372881356,0.319921850499799,0.50649982710404,0.597457627118644,0.49350017289596,0.680078149500201,308,8.25616534218017e-15,NA,488245468
738,-0.617923759322359,0.123481109983205,0.539062499999999,0.42318650469625,0.686667404752959,0.460937500000001,0.313332595247041,0.57681349530375,303,5.60954648816495e-07,NA,314774302
438,-0.721639136354252,0.130446547992753,0.485955056179775,0.376322168130388,0.627526987846399,0.514044943820225,0.372473012153601,0.623677831869612,262,3.16477678168642e-08,NA,516702794
363,-0.95633823300343,0.116793864993954,0.384297520661157,0.305669751894187,0.4831507974575,0.615702479338843,0.5168492025425,0.694330248105813,307,2.65035452939514e-16,NA,833168533
838,-0.880610136854319,0.117054037635746,0.414529914529915,0.329548469777025,0.521425725801255,0.585470085470085,0.478574274198745,0.670451530222975,311,5.34893084449246e-14,NA,117590235
288,-0.835895228289392,0.120271847173717,0.43348623853211,0.342452020541176,0.54872013515868,0.56651376146789,0.45127986484132,0.657547979458824,298,3.6515941955991e-12,NA,777508368
863,-0.928975891401471,0.117143118812489,0.394957983193277,0.313934100753769,0.496893482146598,0.605042016806723,0.503106517853402,0.686065899246231,307,2.18680004341873e-15,NA,183729377
638,-0.576559602308336,0.12464901582746,0.561827956989247,0.440049884761392,0.717306524067985,0.438172043010753,0.282693475932015,0.559950115238608,302,3.73759754685642e-06,NA,327910497
713,-0.864997437486604,0.118238162885774,0.421052631578947,0.333958021398204,0.530861087921484,0.578947368421053,0.469138912078516,0.666041978601796,306,2.56002648536563e-13,NA,175854831
538,-0.846533626494447,0.120506869158755,0.428899082568808,0.338672149580968,0.543163715280302,0.571100917431193,0.456836284719698,0.661327850419032,296,2.14411677320617e-12,NA,205193178
663,-0.838329190404444,0.119236497546752,0.432432432432432,0.342313453409904,0.546276539109635,0.567567567567568,0.453723460890365,0.657686546590096,303,2.05337578935559e-12,NA,725853588
463,-1.00998583730318,0.120573004536035,0.364224137931035,0.287565510037359,0.461318266694677,0.635775862068965,0.538681733305323,0.71243448996264,285,5.45016076538854e-17,NA,242485891
164,-0.915231970525912,0.117326815207188,0.40042372881356,0.318164000992122,0.503951302149124,0.59957627118644,0.496048697850876,0.681835999007878,307,6.15618707570414e-15,NA,973646482
64,-0.854535527687434,0.12355202197733,0.425480769230769,0.333973696874226,0.542060307981033,0.574519230769231,0.457939692018967,0.666026303125774,281,4.63256619616375e-12,NA,272627999
389,-0.826678573184468,0.127941578951886,0.4375,0.340466187760241,0.562188719118241,0.5625,0.437811280881759,0.659533812239759,264,1.03755556147986e-10,NA,998691196
189,-0.763527977321745,0.122135462510934,0.466019417475728,0.366810803710793,0.5920602535896,0.533980582524272,0.4079397464104,0.633189196289207,295,4.0656889179926e-10,NA,588375249
914,-0.640629146276499,0.120229299019744,0.526960784313726,0.416331174768408,0.666987449015813,0.473039215686274,0.333012550984187,0.583668825231592,317,9.90846761619935e-08,NA,368198831
114,-0.838329190404444,0.119236497546752,0.432432432432432,0.342313453409904,0.546276539109635,0.567567567567568,0.453723460890365,0.657686546590096,303,2.05337578935564e-12,NA,152822446
414,-0.793230639116928,0.12160167525063,0.452380952380952,0.356448488067278,0.574132119866,0.547619047619048,0.425867880134,0.643551511932722,295,6.88283116049495e-11,NA,130639539
814,-0.809146094422827,0.121948362481382,0.445238095238095,0.350582054519728,0.565450966173432,0.554761904761905,0.434549033826568,0.649417945480272,292,3.24165185633632e-11,NA,822359133
14,-0.73068509987901,0.126454721816248,0.481578947368421,0.375862535199207,0.617029527631851,0.518421052631579,0.382970472368149,0.624137464800793,278,7.54883222405892e-09,NA,708852920
489,-0.51082562376599,0.12909944477603,0.6,0.465866630738693,0.772753350951909,0.4,0.227246649048091,0.534133369261307,289,7.59483126940138e-05,NA,803748548
889,-0.918308896030393,0.114520832968443,0.399193548387096,0.318935750961075,0.499647620543267,0.600806451612904,0.500352379456733,0.681064249038925,322,1.06864901977244e-15,NA,897669965
939,-0.797507195884188,0.118359659571729,0.45045045045045,0.357189842845434,0.568060969188356,0.54954954954955,0.431939030811644,0.642810157154566,311,1.60583345662006e-11,NA,155503662
989,-0.806849767535167,0.120753453333076,0.446261682242991,0.352211938318303,0.565425152790725,0.553738317757009,0.434574847209275,0.647788061681697,298,2.36033769096617e-11,NA,483631545
514,-0.774825211574212,0.122975894020683,0.46078431372549,0.362093238710747,0.586374339745907,0.53921568627451,0.413625660254093,0.637906761289253,290,2.96444413930928e-10,NA,637877417
239,-0.890256437508279,0.121494461232846,0.410550458715596,0.323556604251293,0.520934133122127,0.589449541284404,0.479065866877873,0.676443395748707,288,2.34402576084509e-13,NA,337754439
789,-0.643385671000882,0.122712878491072,0.525510204081632,0.4131690311818,0.668397081465683,0.474489795918368,0.331602918534317,0.5868309688182,304,1.5797223649278e-07,NA,552218178
564,-0.971350509057183,0.108902884620259,0.378571428571428,0.305808484465847,0.468647319517448,0.621428571428572,0.531352680482552,0.694191515534153,352,4.68738785392524e-19,NA,762049482
89,-0.629556077778414,0.121820961153972,0.532828282828283,0.419655654507547,0.676521276270878,0.467171717171717,0.323478723729122,0.580344345492453,310,2.36764560222115e-07,NA,427939209
764,-0.818916567848979,0.119354716166189,0.440909090909091,0.348942714209176,0.557113871504267,0.559090909090909,0.442886128495733,0.651057285790824,304,6.82845244485371e-12,NA,630066044
614,-0.824260192320186,0.115349443649224,0.438559322033898,0.349818459044133,0.549811692237109,0.561440677966102,0.450188307762891,0.650181540955867,325,8.94950662363099e-13,NA,97794380
214,-0.693147180559946,0.129822696656814,0.5,0.387672258701133,0.644874618673016,0.5,0.355125381326984,0.612327741298867,267,9.33661848462974e-08,NA,24494333
589,-0.610626156871942,0.125312342577694,0.543010752688172,0.424758785317232,0.694183823213351,0.456989247311828,0.305816176786649,0.575241214682768,295,1.10009039183302e-06,NA,260864789
314,-0.725937003382936,0.127703734219336,0.483870967741936,0.376728043021214,0.621485758123754,0.516129032258064,0.378514241876246,0.623271956978786,273,1.31165113052012e-08,NA,484650236
264,-0.625589029548653,0.125609767858602,0.534946236559141,0.418206624896535,0.684272938238571,0.465053763440859,0.315727061761429,0.581793375103465,292,6.34473934526107e-07,NA,255313139
689,-0.775120763519618,0.119517299553198,0.460648148148148,0.364448376371776,0.582240805967688,0.539351851851852,0.417759194032312,0.635551623628224,307,8.84806267706815e-11,NA,470537731
339,-0.655047334327674,0.119923454938642,0.519417475728156,0.41061756891855,0.657045714829912,0.480582524271844,0.342954285170088,0.58938243108145,317,4.70238037647426e-08,NA,526470946
39,-0.668208232212693,0.122585147792345,0.512626262626263,0.403140272481134,0.651846771638196,0.487373737373737,0.348153228361804,0.596859727518866,302,5.00952029359574e-08,NA,361591593
139,-0.591727002114042,0.12771882072477,0.553370786516854,0.430825867222292,0.710772612945923,0.446629213483146,0.289227387054077,0.569174132777708,286,3.6032674412589e-06,NA,500928423
964,-0.762508308357448,0.125833780181036,0.466494845360825,0.364533076953375,0.596975842540768,0.533505154639175,0.403024157459232,0.635466923046625,278,1.36420470157649e-09,NA,879839737
439,-0.944461608840852,0.114186464858898,0.388888888888889,0.310906527237174,0.48643098375952,0.611111111111111,0.51356901624048,0.689093472762826,322,1.3259280963878e-16,NA,817846989
289,-0.858939435402691,0.121341419715427,0.423611111111111,0.333949916490004,0.537345166433544,0.57638888888889,0.462654833566456,0.666050083509996,291,1.4551363246738e-12,NA,233772747
739,-0.754301603713275,0.113925768728449,0.470338983050848,0.376215934206857,0.588010073107833,0.529661016949152,0.411989926892167,0.623784065793143,340,3.56796275480844e-11,NA,217455263
364,-0.683577729543794,0.119905335004011,0.504807692307693,0.399082200226279,0.638542150134809,0.495192307692307,0.361457849865191,0.600917799773721,314,1.19121704147956e-08,NA,186507472
839,-0.756428630507466,0.120245947530452,0.469339622641509,0.370794841591015,0.594074287646756,0.530660377358491,0.405925712353244,0.629205158408985,305,3.16080788302927e-10,NA,197129618
714,-1.0583874873576,0.113309446459079,0.347014925373134,0.277906675434959,0.433308621476079,0.652985074626866,0.566691378523921,0.722093324565041,320,9.57157285333566e-21,NA,724302087
464,-0.867949904939872,0.122686347232688,0.419811320754717,0.330083136682122,0.53393077515361,0.580188679245283,0.46606922484639,0.669916863317878,284,1.49941487227889e-12,NA,111254854
539,-0.783469818853231,0.118600309755101,0.456818181818182,0.36206839283121,0.576363072202642,0.543181818181818,0.423636927797358,0.63793160716879,311,3.94928920360109e-11,NA,251190286
864,-0.920537022755607,0.117446690936006,0.398305084745763,0.316406244530456,0.501402684924123,0.601694915254237,0.498597315075877,0.683593755469544,306,4.58093822008189e-15,NA,121507626
639,-0.85015092936961,0.11639161718791,0.427350427350428,0.340182069163357,0.536854832489405,0.572649572649572,0.463145167510595,0.659817930836643,317,2.78862810022765e-13,NA,589533629
664,-1.07613943281605,0.119687379763087,0.340909090909091,0.26962521238832,0.431039097697889,0.659090909090909,0.568960902302111,0.73037478761168,286,2.44429153206903e-19,NA,853382948
390,-0.95885034629295,0.117337615223539,0.383333333333334,0.304578067261971,0.48245248177393,0.616666666666666,0.51754751822607,0.695421932738029,304,3.04018989860259e-16,NA,19258807
65,-0.723300218730633,0.122486860196637,0.485148514851485,0.381604688409358,0.616787708881906,0.514851485148515,0.383212291118094,0.618395311590642,297,3.52379491460506e-09,NA,183629496
190,-0.791882021245635,0.115169395603884,0.452991452991453,0.361457832990233,0.567704550170454,0.547008547008547,0.432295449829546,0.638542167009767,329,6.16418410425075e-12,NA,570134538
165,-0.806849767535167,0.120753453333076,0.446261682242991,0.352211938318303,0.565425152790726,0.553738317757009,0.434574847209274,0.647788061681697,298,2.36033769096625e-11,NA,720473282
915,-0.801488324355909,0.11791393391605,0.448660714285714,0.356081590316558,0.565309867225694,0.551339285714286,0.434690132774306,0.643918409683442,313,1.06648539464554e-11,NA,228351589
415,-0.709062635865845,0.125991703608671,0.492105263157895,0.384426818446302,0.629944578285263,0.507894736842105,0.370055421714737,0.615573181553698,282,1.82467752341145e-08,NA,962964706
115,-0.918308896030392,0.114520832968443,0.399193548387097,0.318935750961075,0.499647620543267,0.600806451612903,0.500352379456733,0.681064249038925,322,1.0686490197725e-15,NA,519368778
815,-0.892860480065769,0.117829739686098,0.40948275862069,0.325041463055273,0.515860739831511,0.59051724137931,0.484139260168489,0.674958536944727,306,3.52147403424673e-14,NA,63828226
15,-0.885778107012761,0.117168066049688,0.412393162393162,0.327776502847989,0.518853910853715,0.587606837606838,0.481146089146285,0.672223497152011,310,4.0339935475116e-14,NA,869074693
790,-0.693147180559946,0.11952286087308,0.5,0.395577845451113,0.631986858907384,0.5,0.368013141092616,0.604422154548887,315,6.65981093913927e-09,NA,923945528
890,-1.01113460250706,0.112209142671808,0.363805970149254,0.291982771291798,0.453296553528388,0.636194029850746,0.546703446471612,0.708017228708202,329,2.03887242800869e-19,NA,572654747
490,-0.731987013876209,0.120309204047703,0.480952380952381,0.379922224028891,0.608848806713065,0.519047619047619,0.391151193286935,0.620077775971109,307,1.17063734870571e-09,NA,335484693
990,-0.89199803930511,0.114876983403272,0.409836065573771,0.327210105670931,0.51332644601725,0.590163934426229,0.48667355398275,0.672789894329069,322,8.17672017149121e-15,NA,468358701
240,-0.79652553501378,0.117809449888199,0.450892857142857,0.357926430952156,0.568006023141736,0.549107142857143,0.431993976858264,0.642073569047844,314,1.3691535187911e-11,NA,516767223
515,-0.840682621268485,0.118227588384073,0.43141592920354,0.342184765952276,0.543915809497234,0.56858407079646,0.456084190502766,0.657815234047724,308,1.15443769489174e-12,NA,701415877
940,-0.677481063815547,0.125330215523833,0.507894736842105,0.397276100638617,0.649314326477851,0.492105263157895,0.350685673522149,0.602723899361383,288,6.46031583822808e-08,NA,299966228
90,-0.743044151704568,0.116192600098784,0.475663716814159,0.378788429542057,0.597314896252235,0.52433628318584,0.402685103747765,0.621211570457943,328,1.60615425311205e-10,NA,812651379
215,-0.781875296168629,0.12078328296824,0.457547169811321,0.361097894785133,0.579758053496603,0.542452830188679,0.420241946503397,0.638902105214867,300,9.58386912173413e-11,NA,233580570
615,-0.486226464752623,0.127150108313688,0.614942528735632,0.479296393347564,0.788978007964172,0.385057471264368,0.211021992035828,0.520703606652436,301,0.000131285264603419,NA,481854611
565,-0.819187901455311,0.117247832421081,0.44078947368421,0.350291564356563,0.554667539504402,0.55921052631579,0.445332460495598,0.649708435643437,315,2.81213940578254e-12,NA,369757839
765,-0.8225263180837,0.123424469809704,0.439320388349515,0.344923083314485,0.559552007261856,0.560679611650485,0.440447992738144,0.655076916685515,284,2.66096692595719e-11,NA,900824852
590,-0.919674829858396,0.121073227956791,0.398648648648648,0.314436227972358,0.505414869317681,0.601351351351352,0.494585130682319,0.685563772027642,288,3.05374062891673e-14,NA,447459372
315,-0.688058111052474,0.12361320216306,0.502551020408163,0.394421345879482,0.640324188210788,0.497448979591837,0.359675811789212,0.605578654120518,295,2.60326561852881e-08,NA,62225943
690,-0.832699060966051,0.115040337375582,0.434873949579832,0.347089023872897,0.544861228721586,0.565126050420168,0.455138771278414,0.652910976127103,326,4.54268266046567e-13,NA,334139627
40,-0.868156090507613,0.120990879019213,0.419724770642202,0.331113568287769,0.532049725420922,0.580275229357798,0.467950274579078,0.668886431712231,292,7.21041940945057e-13,NA,233659455
340,-0.697744889808574,0.117399347794573,0.497706422018349,0.395405529688367,0.626475008363026,0.502293577981651,0.373524991636974,0.604594470311633,326,2.79262896841311e-09,NA,789819899
265,-0.93357636816118,0.114859571919195,0.393145161290323,0.313894921996567,0.492404008522586,0.606854838709677,0.507595991477414,0.686105078003433,319,4.36501183124362e-16,NA,518068230
140,-0.754107880349632,0.128323707444352,0.470430107526882,0.365818589595101,0.604956916795016,0.529569892473118,0.395043083204984,0.634181410404899,268,4.18763077343284e-09,NA,112211978
440,-0.721585115880479,0.118968427346936,0.485981308411215,0.38490491517151,0.613600457712622,0.514018691588785,0.386399542287378,0.61509508482849,315,1.31666845004813e-09,NA,793938148
290,-0.910448456249927,0.112547185376477,0.40234375,0.322698481304781,0.501646281412679,0.59765625,0.498353718587321,0.677301518695219,334,5.99188944984307e-16,NA,303154797
965,-0.708260818369994,0.122784942633621,0.4925,0.387160910185403,0.626499844428625,0.5075,0.373500155571375,0.612839089814597,297,8.00734898274844e-09,NA,920844477
740,-0.784954729813068,0.116531635777863,0.456140350877193,0.362999965776386,0.573179171665651,0.543859649122807,0.426820828334349,0.637000034223614,322,1.62829051576996e-11,NA,347133990
365,-0.734390139093995,0.123952281146181,0.479797979797979,0.376313710906098,0.611739872203769,0.520202020202021,0.388260127796231,0.623686289093902,289,3.12713563504702e-09,NA,553460384
840,-0.943291333692661,0.116016719529936,0.389344262295082,0.310155986569103,0.488750696895955,0.610655737704918,0.511249303104045,0.689844013430897,312,4.26994777450941e-16,NA,213246950
465,-0.800476200790444,0.117369782743873,0.449115044247788,0.35682252565007,0.565279119086502,0.550884955752212,0.434720880913498,0.64317747434993,316,9.09634259893626e-12,NA,840403426
540,-0.663294217410265,0.122486615060737,0.515151515151515,0.405204430922726,0.654931346526935,0.484848484848485,0.345068653473065,0.594795569077274,303,6.12071102434703e-08,NA,497321830
865,-0.684178510577185,0.116074522223374,0.504504504504505,0.401848392870732,0.633385126283712,0.495495495495495,0.366614873716288,0.598151607129268,335,3.7626410659769e-09,NA,630408686
715,-0.758993746357532,0.12263573569019,0.468137254901961,0.368116663185347,0.595334336486691,0.531862745098039,0.404665663513309,0.631883336814653,293,6.05433938066505e-10,NA,446863761
640,-0.856237375426012,0.12418946647598,0.424757281553398,0.332989521328703,0.541815092296963,0.575242718446602,0.458184907703037,0.667010478671297,278,5.40144969325706e-12,NA,708968419
665,-0.918308896030392,0.114520832968443,0.399193548387097,0.318935750961075,0.499647620543268,0.600806451612903,0.500352379456732,0.681064249038924,322,1.06864901977255e-15,NA,608983272
66,-0.668208232212693,0.122585147792345,0.512626262626263,0.403140272481134,0.651846771638196,0.487373737373737,0.348153228361804,0.596859727518866,302,5.00952029359572e-08,NA,122139000
166,-0.722417562860059,0.120689186219089,0.485576923076923,0.383289760439296,0.61516109367131,0.514423076923077,0.38483890632869,0.616710239560704,306,2.15370143966774e-09,NA,181529426
916,-0.819440905884237,0.115248724867079,0.440677966101695,0.351577799721687,0.552358738126399,0.559322033898305,0.447641261873601,0.648422200278313,326,1.15879123248838e-12,NA,149658145
391,-0.92174033664172,0.118996357308975,0.397826086956522,0.315067331797905,0.502323089353658,0.602173913043478,0.497676910646342,0.684932668202095,298,9.48666848060491e-15,NA,405088157
416,-0.898308229323723,0.114083351909108,0.407258064516129,0.325658012289739,0.50930462280737,0.592741935483871,0.49069537719263,0.674341987710261,326,3.43095921049951e-15,NA,728973284
191,-0.841067310636567,0.114735570823675,0.43125,0.344402276227004,0.539998064291011,0.56875,0.460001935708989,0.655597723772996,327,2.29322345942245e-13,NA,255708022
816,-0.548255826145484,0.124112251374169,0.577956989247312,0.4531593864661,0.737123165482099,0.422043010752688,0.262876834517901,0.5468406135339,308,9.98864510756334e-06,NA,202333232
116,-1.10058273265541,0.117435835736484,0.33267716535433,0.264278253280721,0.41877867351663,0.66732283464567,0.58122132648337,0.735721746719279,296,7.1319933651609e-21,NA,182725748
16,-0.955511445027436,0.118754217217745,0.384615384615385,0.304749413915815,0.485411906727096,0.615384615384615,0.514588093272904,0.695250586084186,297,8.54557160409156e-16,NA,782129703
791,-0.915231970525912,0.117326815207188,0.40042372881356,0.318164000992122,0.503951302149124,0.59957627118644,0.496048697850876,0.681835999007878,307,6.15618707570427e-15,NA,500217287
516,-0.81495205444415,0.119815103730121,0.442660550458715,0.350012873915608,0.559831873440341,0.557339449541285,0.440168126559659,0.649987126084392,302,1.03357807179909e-11,NA,564009857
241,-0.98886142470899,0.115656145924506,0.372,0.296548853950835,0.466648237402876,0.628,0.533351762597124,0.703451146049165,311,1.23075815019998e-17,NA,325391974
991,-0.870077888719024,0.119938955722726,0.418918918918919,0.33115990543152,0.529934505203818,0.581081081081081,0.470065494796182,0.66884009456848,297,4.03626949672048e-13,NA,557335793
891,-0.766529726493969,0.120457894723944,0.464622641509434,0.366915808525893,0.588348046028575,0.535377358490566,0.411651953971425,0.633084191474107,303,1.97250976734103e-10,NA,265586575
941,-0.781978394266562,0.124356265945086,0.4575,0.358541022695444,0.583772111839462,0.5425,0.416227888160538,0.641458977304556,283,3.21145985263543e-10,NA,409258110
216,-0.66916521587346,0.120200142851421,0.512135922330097,0.404641751796233,0.64818620860701,0.487864077669903,0.35181379139299,0.595358248203767,314,2.59026120917786e-08,NA,530879293
566,-0.758333160444641,0.122024936056902,0.468446601941748,0.368801160603524,0.595014989951942,0.531553398058252,0.404985010048058,0.631198839396476,296,5.14636323964584e-10,NA,255157439
616,-0.658404232116073,0.122388965454603,0.517676767676768,0.407268666726561,0.658015844789241,0.482323232323232,0.341984155210759,0.592731333273439,304,7.46496436060789e-08,NA,603965206
491,-0.977934894985363,0.120316245782479,0.376086956521739,0.297081013848711,0.476103797524447,0.623913043478261,0.523896202475553,0.702918986151289,288,4.36298129869561e-16,NA,284958198
91,-0.737997746725298,0.115581511465805,0.478070175438596,0.381161028380662,0.599618207598177,0.521929824561404,0.400381792401823,0.618838971619338,332,1.7130256712166e-10,NA,509658097
766,-0.660047232133603,0.119442653145664,0.516826923076922,0.408954845793458,0.653152960931197,0.483173076923078,0.346847039068803,0.591045154206542,319,3.27502727026023e-08,NA,539047303
591,-0.842959458788606,0.117244007220482,0.430434782608696,0.342065345880882,0.541633650735007,0.569565217391304,0.458366349264993,0.657934654119118,313,6.48923966336619e-13,NA,367128523
41,-0.628286546357905,0.12304550461957,0.533505154639175,0.419181489418479,0.679008394243334,0.466494845360825,0.320991605756666,0.580818510581521,304,3.28820633528965e-07,NA,851696117
316,-0.770306261106564,0.123485155736812,0.462871287128713,0.363370349239309,0.589618357405079,0.537128712871287,0.410381642594921,0.636629650760691,288,4.43066270405929e-10,NA,489214295
141,-0.748717031714756,0.117349536751924,0.472972972972973,0.375792594803102,0.595284303779596,0.527027027027027,0.404715696220404,0.624207405196898,321,1.76822247771132e-10,NA,886371078
341,-0.889120826522227,0.116744230910811,0.411016949152543,0.326954155712814,0.516693027260527,0.588983050847457,0.483306972739473,0.673045844287186,312,2.6171385385835e-14,NA,98635478
691,-0.95280194075707,0.1130356740886,0.385658914728682,0.309020459921276,0.481304048759733,0.614341085271318,0.518695951240267,0.690979540078724,328,3.47993252028218e-17,NA,981987172
441,-0.806806499032467,0.113552157372971,0.446280991735537,0.357233861353519,0.557524762153941,0.553719008264463,0.442475237846059,0.642766138646481,337,1.20181289156215e-12,NA,578214192
291,-0.801627823554015,0.120640489600143,0.448598130841122,0.354134378269197,0.568259664531,0.551401869158878,0.431740335469,0.645865621730803,299,3.03699171922463e-11,NA,419322282
266,-0.71771844129045,0.121176987285455,0.487864077669903,0.384727121189909,0.618649804423894,0.512135922330097,0.381350195576106,0.615272878810091,304,3.16324907113367e-09,NA,207312737
741,-0.615304693796012,0.118021590611777,0.54047619047619,0.428860854653571,0.681140536148075,0.45952380952381,0.318859463851925,0.571139145346429,332,1.85317888192735e-07,NA,8427370
966,-0.835567520601713,0.118116884242865,0.433628318584071,0.344014194395016,0.546586512247626,0.566371681415929,0.453413487752374,0.655985805604984,309,1.50450533572516e-12,NA,632641842
366,-0.78889223751833,0.116104871447726,0.454347826086957,0.361876022902417,0.570449363885071,0.545652173913044,0.429550636114929,0.638123977097583,324,1.08574026961229e-11,NA,757908801
466,-0.840682621268485,0.118227588384073,0.43141592920354,0.342184765952276,0.543915809497234,0.56858407079646,0.456084190502766,0.657815234047724,308,1.15443769489174e-12,NA,737526439
841,-0.745917216540009,0.119465069254882,0.474299065420561,0.375286910946824,0.59943365168601,0.525700934579439,0.40056634831399,0.624713089053176,310,4.27038175603757e-10,NA,185321559
541,-0.797408190884355,0.124078586383509,0.45049504950495,0.353243467043899,0.574520999147727,0.54950495049505,0.425479000852273,0.646756532956101,283,1.30456764868064e-10,NA,699909276
866,-0.850991990927346,0.118452119766399,0.426991150442478,0.338526169454011,0.538574145834121,0.573008849557522,0.461425854165879,0.661473830545989,306,6.7567303057567e-13,NA,980619766
716,-0.764021520146602,0.127185035713313,0.465789473684211,0.363019179684332,0.597653914549844,0.534210526315789,0.402346085450156,0.636980820315668,272,1.8879512950724e-09,NA,833049979
641,-0.575364144903562,0.117851130119798,0.5625,0.44648560649628,0.70865946269342,0.4375,0.29134053730658,0.553514393503719,338,1.0494780457132e-06,NA,533676407
666,-0.813291492402009,0.121462385969731,0.443396226415094,0.34946446567033,0.562575691986406,0.556603773584906,0.437424308013594,0.65053553432967,294,2.14450858002929e-11,NA,473553997
67,-0.637995360484865,0.123236874000898,0.528350515463918,0.414975749626426,0.672700193787928,0.471649484536082,0.327299806212072,0.585024250373574,302,2.25501198241839e-07,NA,18038322
167,-0.799630660962395,0.125375386877253,0.44949494949495,0.351564563804394,0.574704422525028,0.55050505050505,0.425295577474972,0.648435436195606,277,1.79542197332908e-10,NA,808899801
392,-1.0134544803278,0.111845644651343,0.362962962962963,0.291513805043815,0.451924094857367,0.637037037037037,0.548075905142633,0.708486194956185,331,1.29036676971864e-19,NA,58755742
917,-0.890972923889866,0.117283169657415,0.41025641025641,0.32600462440941,0.51628200815061,0.58974358974359,0.48371799184939,0.67399537559059,309,3.03620270771282e-14,NA,559796238
817,-0.94204322797657,0.117937945057157,0.389830508474576,0.309376173449201,0.491207269271172,0.610169491525424,0.508792730728828,0.690623826550799,302,1.37571190468278e-15,NA,730592329
192,-0.667700514898781,0.123832160451893,0.512886597938145,0.402360393992603,0.653773746800237,0.487113402061855,0.346226253199763,0.597639606007397,296,6.96855807961098e-08,NA,561592319
417,-0.580427446860109,0.128217699535206,0.559659090909091,0.435295782091498,0.719552798173799,0.440340909090909,0.280447201826201,0.564704217908502,285,5.985802238629e-06,NA,672677021
117,-0.814225112113182,0.117142754273764,0.442982456140351,0.352106817173227,0.557312289558984,0.557017543859649,0.442687710441016,0.647893182826773,316,3.63456755713835e-12,NA,140671855
17,-0.779276334289884,0.122473438591452,0.45873786407767,0.360840277558881,0.583195505119862,0.54126213592233,0.416804494880138,0.639159722441119,292,1.98083940968266e-10,NA,434008307
992,-0.708571650885576,0.124038013482106,0.492346938775511,0.386091191494443,0.627845217559452,0.507653061224489,0.372154782440548,0.613908808505557,291,1.11304683504592e-08,NA,702534838
792,-1.04982212449868,0.117108008770738,0.35,0.278218193623616,0.440301902634458,0.65,0.559698097365542,0.721781806376384,300,3.11513585489185e-19,NA,340665866
242,-0.894337221658283,0.122719518055509,0.408878504672897,0.321466140778503,0.520059845738889,0.591121495327103,0.479940154261111,0.678533859221497,282,3.15401843416402e-13,NA,282498628
942,-0.70361848042724,0.125219106238628,0.494791666666667,0.387111149634366,0.632425063535407,0.505208333333333,0.367574936464593,0.612888850365634,286,1.91956505719273e-08,NA,937113128
492,-0.888639200543645,0.122587163191416,0.411214953271028,0.323386969336017,0.522895953850236,0.588785046728972,0.477104046149764,0.676613030663983,283,4.19737164389816e-13,NA,807631011
892,-0.863368330419812,0.117687260796742,0.421739130434783,0.334863891743146,0.531152801259072,0.578260869565217,0.468847198740928,0.665136108256854,309,2.19868439725966e-13,NA,924903197
567,-0.776144100130914,0.116864236765055,0.460176991150442,0.365973703958002,0.578628630674994,0.539823008849558,0.421371369325006,0.634026296041998,321,3.10682203851253e-11,NA,841942758
517,-0.702999477002957,0.12146775960554,0.495098039215686,0.390209341375162,0.628180933781254,0.504901960784314,0.371819066218746,0.609790658624838,304,7.14248242651972e-09,NA,24242031
617,-0.510825623765991,0.125462108690044,0.6,0.469199682811471,0.767263945795656,0.4,0.232736054204344,0.530800317188529,306,4.67007352981622e-05,NA,815380835
42,-0.877288574070886,0.120645720894221,0.415909090909091,0.328325481192975,0.526856372135054,0.584090909090909,0.473143627864946,0.671674518807025,293,3.5522916553229e-13,NA,511896749
92,-0.725482561202882,0.117412711308032,0.484090909090909,0.384578539585557,0.609352795704631,0.515909090909091,0.390647204295369,0.615421460414443,323,6.45457276623948e-10,NA,591716962
592,-0.944461608840852,0.118496894668047,0.388888888888889,0.308290963680608,0.490557900548505,0.611111111111111,0.509442099451495,0.691709036319392,299,1.58226857236855e-15,NA,713034163
317,-0.972171190268612,0.12017811204697,0.378260869565217,0.298879151878683,0.478726216080511,0.621739130434783,0.521273783919489,0.701120848121317,289,5.99496488652165e-16,NA,603441302
142,-0.707962266345087,0.121569099495677,0.492647058823529,0.388200498937339,0.625195292720757,0.507352941176471,0.374804707279243,0.611799501062661,303,5.76147186220274e-09,NA,549790592
217,-0.744923450083666,0.118343693562749,0.474770642201835,0.376486598524519,0.598712314276608,0.525229357798165,0.401287685723392,0.623513401475482,316,3.08239938664854e-10,NA,57647639
267,-0.805414482431025,0.117473625024764,0.446902654867257,0.354992521256075,0.562608987425209,0.553097345132743,0.437391012574791,0.645007478743925,315,7.07508394397442e-12,NA,298259270
692,-0.83657964416718,0.116601089351465,0.433189655172414,0.344688702851218,0.544413773344332,0.566810344827586,0.455586226655668,0.655311297148782,317,7.24576996587294e-13,NA,830126008
767,-0.702115850542706,0.115901147268033,0.495535714285714,0.394838710643212,0.621913803063106,0.504464285714286,0.378086196936894,0.605161289356788,334,1.37922724216733e-09,NA,810661969
342,-0.827966403368896,0.119011126325042,0.436936936936937,0.346032033885628,0.551723159026758,0.563063063063063,0.448276840973242,0.653967966114372,305,3.47470692138159e-12,NA,21569882
292,-0.742908690119009,0.121699542668713,0.475728155339806,0.374772759751309,0.603878675529121,0.524271844660194,0.396121324470879,0.625227240248691,299,1.0315571720653e-09,NA,619874033
742,-0.81377516834856,0.119243927409598,0.443181818181818,0.350817556940133,0.559864009315987,0.556818181818182,0.440135990684013,0.649182443059867,305,8.82579206959435e-12,NA,795394080
967,-0.769374545947829,0.118847831200905,0.463302752293578,0.367029880956374,0.58482824265831,0.536697247706422,0.41517175734169,0.632970119043626,311,9.568849382916e-11,NA,16186407
442,-0.741465757830753,0.119935221344169,0.476415094339623,0.376614006246405,0.602663040540592,0.523584905660377,0.397336959459408,0.623385993753595,308,6.32069103606067e-10,NA,693329710
842,-0.661058866008445,0.127014657006671,0.516304347826087,0.402523008714116,0.66224830335959,0.483695652173913,0.33775169664041,0.597476991285884,282,1.94428246641982e-07,NA,324967556
367,-0.703729289890482,0.125878769979303,0.494736842105263,0.386568132615087,0.633173100122055,0.505263157894737,0.366826899877945,0.613431867384913,283,2.2637497890163e-08,NA,588217395
467,-0.643475570762707,0.116895447248099,0.525462962962963,0.41786935743695,0.660759925397204,0.474537037037037,0.339240074602796,0.58213064256305,335,3.69775850721416e-08,NA,465016300
542,-0.843551134385594,0.119350790144502,0.430180180180181,0.340454297342929,0.543553096154496,0.569819819819819,0.456446903845504,0.659545702657071,302,1.57374797831089e-12,NA,716403424
867,-0.683844787897632,0.118217697523309,0.504672897196262,0.400297516388403,0.636263585800872,0.495327102803738,0.363736414199128,0.599702483611597,323,7.26752193762841e-09,NA,471980345
717,-0.807986440172315,0.121346477329595,0.445754716981132,0.351403140771016,0.565439646540911,0.554245283018868,0.434560353459089,0.648596859228984,295,2.76622009340334e-11,NA,20369445
642,-0.850584094038022,0.11172426183758,0.427165354330709,0.343159603594964,0.531735781335882,0.572834645669291,0.468264218664118,0.656840396405036,344,2.67299962199889e-14,NA,769677880
667,-0.631951619533025,0.119477813392577,0.531553398058253,0.420578627745384,0.671810207052008,0.468446601941747,0.328189792947992,0.579421372254616,322,1.22798724693194e-07,NA,385022922
168,-0.697966466995894,0.120192772225023,0.497596153846154,0.393159470620144,0.629774813593919,0.502403846153846,0.370225186406081,0.606840529379856,311,6.35799033051679e-09,NA,116478743
68,-0.663588378318401,0.121878500630442,0.515,0.405568354968387,0.653958812986466,0.485,0.346041187013534,0.594431645031613,306,5.19011270503474e-08,NA,748234963
918,-0.851236423966132,0.122306271906592,0.42688679245283,0.335896463118415,0.54252531235026,0.57311320754717,0.45747468764974,0.664103536881585,287,3.40573607113243e-12,NA,360567480
393,-0.933615515531461,0.11174952672068,0.393129770992366,0.31580177289582,0.489392492712495,0.606870229007634,0.510607507287505,0.68419822710418,337,6.56900561765128e-17,NA,428812147
818,-0.589962944324715,0.125584736259964,0.554347826086956,0.433395529709078,0.70905556523302,0.445652173913044,0.29094443476698,0.566604470290922,296,2.63071318647965e-06,NA,16948995
418,-0.707675281122855,0.120388676382876,0.492788461538462,0.389211356122833,0.623929553969142,0.507211538461538,0.376070446030858,0.610788643877167,309,4.14615084458142e-09,NA,27706853
18,-0.849637042740376,0.121697474385791,0.427570093457944,0.336835799386959,0.542745709192313,0.572429906542056,0.457254290807687,0.663164200613041,290,2.91940275730968e-12,NA,769196085
193,-0.983587875450806,0.117427955328385,0.37396694214876,0.29708338004943,0.470747551737243,0.62603305785124,0.529252448262757,0.70291661995057,302,5.47120972893791e-17,NA,950443042
993,-1.12085789761543,0.11889057712428,0.326,0.258236577573215,0.411545107198723,0.674,0.588454892801277,0.741763422426785,288,4.19407954931474e-21,NA,741800846
118,-0.734155204287322,0.116532116707004,0.479910714285715,0.381916242046509,0.603049224751687,0.520089285714285,0.396950775248313,0.618083757953491,327,2.97598370355178e-10,NA,946489803
243,-0.826678573184468,0.118450885390293,0.4375,0.346858611235477,0.551827873951953,0.5625,0.448172126048047,0.653141388764523,308,2.97112694196919e-12,NA,218515267
793,-0.72461045001573,0.115826454545996,0.484513274336283,0.386112643564679,0.60799126089416,0.515486725663717,0.39200873910584,0.613887356435321,332,3.94973458126137e-10,NA,151669852
943,-0.822681232751848,0.121098898978363,0.439252336448598,0.346445169686371,0.556921071378248,0.560747663551402,0.443078928621752,0.653554830313629,295,1.09471172827886e-11,NA,125991220
518,-0.623513488801145,0.118742113554281,0.536057692307692,0.424754571869819,0.67652679573822,0.463942307692308,0.32347320426178,0.575245428130181,327,1.51285014860245e-07,NA,586128247
493,-0.774337335289959,0.118951403143292,0.461009174311927,0.365138771647539,0.582051196154307,0.538990825688073,0.417948803845693,0.634861228352461,310,7.5303623901144e-11,NA,509107321
618,-0.859382599602276,0.119700283834347,0.423423423423423,0.334877379717456,0.535382221560861,0.576576576576577,0.464617778439139,0.665122620282544,299,6.99907172117996e-13,NA,478721590
568,-0.763105769166856,0.117643218624656,0.466216216216216,0.370210972204315,0.587118093687965,0.533783783783784,0.412881906312035,0.629789027795685,318,8.77887421287632e-11,NA,13834206
93,-0.71771844129045,0.121176987285455,0.487864077669903,0.38472712118991,0.618649804423894,0.512135922330097,0.381350195576106,0.615272878810091,304,3.16324907113373e-09,NA,249185154
893,-0.729848547410373,0.116969680730797,0.481981981981982,0.383235763410064,0.606171587140499,0.518018018018018,0.393828412859501,0.616764236589936,325,4.3858269918437e-10,NA,511096396
43,-0.980829253011726,0.118845672153675,0.375,0.297077423148067,0.473361450728321,0.625,0.526638549271679,0.702922576851933,295,1.54511440768701e-16,NA,95657813
218,-0.784581386519577,0.122588281681296,0.45631067961165,0.358850287641531,0.580240405256813,0.54368932038835,0.419759594743187,0.641149712358469,291,1.5524100516025e-10,NA,626024129
318,-0.710339581100317,0.130935034237457,0.491477272727273,0.380234339848855,0.635265898665164,0.508522727272727,0.364734101334836,0.619765660151145,261,5.79123780719192e-08,NA,306624617
593,-0.826678573184468,0.116390712834985,0.4375,0.348262010599562,0.54960416058725,0.5625,0.45039583941275,0.651737989400438,319,1.22416942896392e-12,NA,442223494
693,-0.643822113997443,0.128777127706067,0.525280898876405,0.408109137557823,0.676093714479281,0.474719101123595,0.323906285520719,0.591890862442177,276,5.747717232517e-07,NA,489325429
143,-0.722134717433199,0.120107328308514,0.485714285714285,0.383835672110767,0.614633772962241,0.514285714285715,0.385366227037759,0.616164327889233,309,1.82783290598983e-09,NA,675031493
343,-0.78100853635128,0.120199148141656,0.457943925233645,0.361825025970768,0.579596831633589,0.542056074766355,0.420403168366411,0.638174974029232,303,8.15999342756347e-11,NA,64233166
293,-0.802917846695324,0.124200853390265,0.448019801980198,0.351218393187997,0.571501227895361,0.551980198019802,0.428498772104639,0.648781606812003,282,1.01518402759335e-10,NA,758435523
743,-0.796610162441581,0.115266409003553,0.4508547008547,0.35968444531297,0.565134144474642,0.5491452991453,0.434865855525358,0.64031555468703,328,4.81131040612024e-12,NA,674812612
768,-0.797507195884188,0.118359659571729,0.450450450450451,0.357189842845434,0.568060969188356,0.549549549549549,0.431939030811644,0.642810157154566,311,1.60583345662012e-11,NA,77882503
268,-0.574143888498333,0.125964517815341,0.563186813186813,0.439978328476045,0.720897748864436,0.436813186813187,0.279102251135564,0.560021671523955,296,5.1647689599575e-06,NA,528563333
443,-0.842359578746621,0.125092431989878,0.430693069306931,0.337045871667475,0.550359863573801,0.569306930693069,0.449640136426199,0.662954128332525,275,1.65177889967582e-11,NA,674338572
843,-0.962036753662359,0.115970816334068,0.382113821138211,0.304423523741492,0.479631043325133,0.617886178861789,0.520368956674867,0.695576476258508,311,1.08122784845248e-16,NA,604715107
368,-0.709954298876327,0.112118782875842,0.491666666666666,0.394670880506821,0.612500498645055,0.508333333333334,0.387499501354945,0.605329119493179,356,2.41749424359593e-10,NA,96810946
968,-0.815749502652278,0.122679123037763,0.442307692307692,0.347776180550412,0.562534485153441,0.557692307692308,0.437465514846559,0.652223819449588,288,2.94177101001022e-11,NA,272163075
468,-0.672093771362112,0.125883403150807,0.510638297872341,0.398989288710771,0.653530003515912,0.489361702127659,0.346469996484088,0.601010711289229,286,9.34513012671548e-08,NA,193707280
543,-0.56769287440691,0.119447906247439,0.566831683168317,0.448517998129121,0.716355103660592,0.433168316831683,0.283644896339408,0.551482001870879,330,2.00777841945521e-06,NA,763118299
868,-0.850584094038022,0.11172426183758,0.427165354330709,0.343159603594964,0.531735781335882,0.572834645669291,0.468264218664118,0.656840396405036,344,2.67299962199891e-14,NA,553731801
718,-0.437213806422745,0.12850313928812,0.645833333333333,0.502040075236773,0.830811552738554,0.354166666666667,0.169188447261446,0.497959924763227,301,0.000668068294126758,NA,815804207
643,-0.724895878874526,0.125670246114452,0.484375,0.378626504828213,0.619658522668532,0.515625,0.380341477331468,0.621373495171787,282,8.01046650430685e-09,NA,51446230
169,-0.890582375163948,0.115799289590861,0.410416666666667,0.327081856999028,0.514983746953223,0.589583333333333,0.485016253046777,0.672918143000972,317,1.46284992359857e-14,NA,401214476
69,-0.747214401830221,0.115765104669062,0.473684210526316,0.377528265481617,0.594330946361591,0.526315789473684,0.405669053638409,0.622471734518383,330,1.08523943039658e-10,NA,440386560
919,-0.773999277189041,0.122359698284001,0.461165048543689,0.362830361011494,0.586150512336992,0.538834951456311,0.413849487663008,0.637169638988506,293,2.52240204231619e-10,NA,99765980
668,-0.67409898558925,0.119717858869501,0.509615384615385,0.403031048217519,0.644386682825787,0.490384615384615,0.355613317174213,0.596968951782481,316,1.7944806008794e-08,NA,95598019
819,-0.897327531166399,0.1205565049769,0.407657657657658,0.32186794088904,0.516313508539884,0.592342342342342,0.483686491460116,0.67813205911096,292,9.82667730236809e-14,NA,631358743
394,-0.74914144991452,0.123030858725445,0.472772277227723,0.371473592051607,0.601694523911232,0.527227722772277,0.398305476088768,0.628526407948393,292,1.13580341456096e-09,NA,626307382
19,-0.961411167154624,0.117889214279309,0.382352941176471,0.303470831159321,0.481739121574906,0.617647058823529,0.518260878425094,0.696529168840679,301,3.48576899285583e-16,NA,829686870
419,-1.11248763516173,0.117737163648015,0.328740157480315,0.260996512046896,0.414067185391213,0.671259842519685,0.585932814608787,0.739003487953104,294,3.42383640215113e-21,NA,607238363
194,-0.788026418750189,0.115585579346162,0.454741379310345,0.362558299503915,0.570362676402729,0.545258620689655,0.429637323597271,0.637441700496085,327,9.25172851975783e-12,NA,131638634
994,-0.807986440172315,0.121346477329595,0.445754716981132,0.351403140771016,0.565439646540911,0.554245283018868,0.434560353459089,0.648596859228984,295,2.76622009340335e-11,NA,265786369
244,-0.81615216019748,0.120394606849892,0.44212962962963,0.349196229170388,0.559795877122862,0.55787037037037,0.440204122877138,0.650803770829612,299,1.210305604622e-11,NA,179284924
794,-0.754055933646938,0.117990791887854,0.470454545454545,0.373322121221503,0.592859267526563,0.529545454545455,0.407140732473437,0.626677878778497,317,1.65016620643066e-10,NA,925810484
619,-0.95633823300343,0.116793864993954,0.384297520661157,0.305669751894187,0.4831507974575,0.615702479338843,0.5168492025425,0.694330248105813,307,2.6503545293951e-16,NA,2358653
119,-0.890582375163947,0.115799289590861,0.410416666666667,0.327081856999028,0.514983746953224,0.589583333333333,0.485016253046776,0.672918143000972,317,1.4628499235986e-14,NA,674671373
494,-0.823881368563407,0.124058509392641,0.438725490196078,0.344028223832814,0.559489141917984,0.561274509803922,0.440510858082016,0.655971776167186,281,3.11411982658529e-11,NA,754594236
569,-0.886642037952025,0.121972278786139,0.412037037037037,0.32442421582475,0.523310257400671,0.587962962962963,0.476689742599329,0.67557578417525,286,3.61597453320385e-13,NA,851676956
519,-0.778411832214634,0.12186462454259,0.459134615384615,0.36158356317898,0.583003810214771,0.540865384615385,0.416996189785229,0.63841643682102,295,1.68605652922849e-10,NA,365670198
944,-0.773568747870519,0.118393485759527,0.461363636363637,0.365819324649716,0.581862112294081,0.538636363636363,0.418137887705919,0.634180675350284,313,6.40875932910029e-11,NA,430843124
219,-0.781059052882825,0.123719018383796,0.457920792079208,0.359319299148252,0.583579708397273,0.542079207920792,0.416420291602727,0.640680700851748,286,2.73378940669775e-10,NA,728566097
894,-0.854634650451058,0.11801088511041,0.425438596491228,0.337587097582778,0.536152005454073,0.574561403508772,0.463847994545927,0.662412902417222,308,4.42120810710167e-13,NA,932623128
94,-0.961124181932393,0.111088862409852,0.382462686567164,0.307630973806863,0.475497329823522,0.617537313432836,0.524502670176478,0.692369026193137,339,5.06711873934829e-18,NA,161843502
319,-0.779324876800998,0.119055919347352,0.458715596330275,0.363247742649328,0.579274070038131,0.541284403669725,0.420725929961869,0.636752257350672,309,5.91490006237962e-11,NA,25986530
44,-0.838858991741339,0.11565698016153,0.432203389830508,0.344540888068606,0.542170107089833,0.567796610169492,0.457829892910167,0.655459111931394,322,4.07668339404112e-13,NA,947206053
144,-0.698061195362374,0.121367334767112,0.497549019607843,0.392218263145399,0.63116649624486,0.502450980392157,0.36883350375514,0.607781736854601,305,8.83819412223194e-09,NA,695365041
744,-0.642374855186522,0.123964356565314,0.526041666666667,0.412573655887005,0.670716200903608,0.473958333333333,0.329283799096392,0.587426344112995,298,2.19599384657631e-07,NA,456051374
344,-0.840682621268485,0.118227588384073,0.43141592920354,0.342184765952276,0.543915809497234,0.56858407079646,0.456084190502766,0.657815234047724,308,1.15443769489175e-12,NA,578516006
294,-0.80866006768179,0.119134167694215,0.445454545454545,0.352692486176704,0.562614061380086,0.554545454545455,0.437385938619914,0.647307513823296,306,1.13848624227582e-11,NA,923252926
594,-0.816628237330966,0.12575887968964,0.441919191919192,0.345379622350264,0.565443238537267,0.558080808080808,0.434556761462733,0.654620377649736,274,8.38074253913579e-11,NA,424974220
269,-0.858226930919395,0.117574900836851,0.423913043478261,0.336664126785296,0.533773141043937,0.576086956521739,0.466226858956063,0.663335873214704,310,2.89041018006487e-13,NA,109315202
444,-0.794779826103758,0.114256396494173,0.451680672268907,0.361057429708926,0.565049803477977,0.548319327731093,0.434950196522023,0.638942570291074,334,3.49801905870928e-12,NA,305116612
844,-0.959206788998561,0.116380045104863,0.383196721311475,0.305041487839154,0.48137624906056,0.616803278688525,0.51862375093944,0.694958512160846,309,1.69325676225532e-16,NA,199713256
694,-0.829377630153634,0.121816943298842,0.436320754716981,0.343649013618835,0.55398326039706,0.563679245283019,0.44601673960294,0.656350986381165,291,9.86949171092261e-12,NA,464305409
769,-1.02722229258144,0.116561538179545,0.358,0.284882430212445,0.449883834199338,0.642,0.550116165800662,0.715117569787555,304,1.2216318726201e-18,NA,31556556
469,-0.928643499841157,0.120740585336418,0.395089285714285,0.311831999738302,0.500575770983171,0.604910714285715,0.499424229016829,0.688168000261698,289,1.4572825151908e-14,NA,18559318
369,-0.766478453645494,0.124642660093835,0.464646464646465,0.363937336598693,0.593223930048494,0.535353535353535,0.406776069951506,0.636062663401307,283,7.77731441154561e-10,NA,304492113
969,-0.727380352202187,0.120791179308865,0.483173076923077,0.381316052618319,0.612238117593736,0.516826923076923,0.387761882406264,0.618683947381681,305,1.72487701013593e-09,NA,197630374
719,-0.698315150718388,0.124461341413775,0.497422680412371,0.389748002024754,0.63484436534177,0.502577319587629,0.36515563465823,0.610251997975246,290,2.01510746308535e-08,NA,779112445
869,-0.825498632044619,0.113936139773472,0.43801652892562,0.350354646241984,0.547612202863537,0.56198347107438,0.452387797136463,0.649645353758016,333,4.31563580685867e-13,NA,287805132
644,-0.574285977683216,0.11840220721369,0.563106796116505,0.446484747442553,0.710190584670294,0.436893203883495,0.289809415329706,0.553515252557447,335,1.23276181304513e-06,NA,22640971
544,-0.724237767629977,0.124367357184478,0.48469387755102,0.379844504548074,0.61848506987077,0.51530612244898,0.38151493012923,0.620155495451926,288,5.76709276005332e-09,NA,567809978
170,-0.798507696217772,0.124721912914382,0.45,0.352410653673698,0.574613729434802,0.55,0.425386270565198,0.647589346326302,280,1.5304878239764e-10,NA,915011963
920,-0.721318057526642,0.118410996222073,0.486111111111111,0.385428589071308,0.613094147777294,0.513888888888889,0.386905852222706,0.614571410928691,318,1.11754499682981e-09,NA,817134452
395,-0.964568732139946,0.116503499525695,0.381147540983606,0.303336843786682,0.478917912457781,0.618852459016394,0.521082087542219,0.696663156213318,308,1.23889752536167e-16,NA,624068118
70,-0.706392407309966,0.114962490725828,0.493421052631579,0.393877729641625,0.618121606930086,0.506578947368421,0.381878393069914,0.606122270358375,339,8.01921320567586e-10,NA,948512174
669,-0.997358554962937,0.117270102205138,0.368852459016393,0.293111049936706,0.464165839369819,0.631147540983607,0.535834160630181,0.706888950063294,302,1.81911725391467e-17,NA,724128345
820,-0.750855498180591,0.119567091823753,0.47196261682243,0.373363541504123,0.596600061110724,0.52803738317757,0.403399938889276,0.626636458495877,309,3.39043952615623e-10,NA,5344400
420,-0.830618171188547,0.120156022846617,0.435779816513762,0.344342096740962,0.551498205645262,0.564220183486238,0.448501794354738,0.655657903259038,299,4.75078827885265e-12,NA,589967851
20,-0.728774358203097,0.123212609564944,0.4825,0.378981974623241,0.614293727904713,0.5175,0.385706272095287,0.621018025376759,293,3.32337825820925e-09,NA,162668763
995,-0.642885345779057,0.123333852277094,0.525773195876289,0.412872993826438,0.669545980568964,0.474226804123711,0.330454019431036,0.587127006173562,301,1.86250338077816e-07,NA,231579716
195,-0.806475865866949,0.126168012398177,0.446428571428571,0.348624235419534,0.571671298605845,0.553571428571429,0.428328701394155,0.651375764580466,273,1.63645618104367e-10,NA,523426489
245,-0.67116827384117,0.128630842732912,0.511111111111111,0.397214003100838,0.657667065767861,0.488888888888889,0.342332934232139,0.602785996899162,274,1.81074015273122e-07,NA,955836014
620,-0.941387520960429,0.118935072783959,0.390086206896552,0.308974669826617,0.492491015190109,0.609913793103448,0.507508984809891,0.691025330173383,297,2.46978878117306e-15,NA,508074946
495,-0.854634650451058,0.11801088511041,0.425438596491228,0.337587097582778,0.536152005454072,0.574561403508772,0.463847994545928,0.662412902417222,308,4.42120810710153e-13,NA,238630930
570,-0.897559695168092,0.116438827391283,0.407563025210084,0.324400763471042,0.51204447776592,0.592436974789916,0.48795552223408,0.675599236528958,313,1.27382280499908e-14,NA,503282654
795,-1.0230296075021,0.118370559054402,0.359504132231405,0.285066828544901,0.453378675278237,0.640495867768595,0.546621324721763,0.714933171455099,295,5.49471556264352e-18,NA,15144228
220,-0.704575876383568,0.130808114452971,0.494318181818182,0.382527371194627,0.638779034590206,0.505681818181818,0.361220965409794,0.617472628805373,262,7.19102526463015e-08,NA,435953105
120,-0.724237767629977,0.124367357184478,0.48469387755102,0.379844504548074,0.61848506987077,0.51530612244898,0.38151493012923,0.620155495451926,288,5.76709276005328e-09,NA,751319486
520,-0.837186550782883,0.113247150012547,0.432926829268293,0.346751502688736,0.540518607841598,0.567073170731707,0.459481392158402,0.653248497311264,336,1.44026562803534e-13,NA,133443599
95,-0.972732042779107,0.116217147577376,0.378048780487805,0.301039598497264,0.474757743306037,0.621951219512195,0.525242256693963,0.698960401502736,309,5.76413048552629e-17,NA,533013606
895,-0.830768558435992,0.122426673577657,0.435714285714286,0.342761492992453,0.553874757394905,0.564285714285714,0.446125242605095,0.657238507007547,288,1.15408171715944e-11,NA,904893346
45,-0.810377271773156,0.117578407477978,0.444690265486725,0.353162596144921,0.559938777144756,0.555309734513275,0.440061222855244,0.646837403855079,314,5.49249846544025e-12,NA,448458412
945,-0.724330107996634,0.115311823796419,0.484649122807017,0.386610663571975,0.607548612517469,0.515350877192983,0.392451387482531,0.613389336428025,335,3.35342627191294e-10,NA,348217694
320,-0.831983625414162,0.120741079175432,0.435185185185185,0.343478145599539,0.55137757039561,0.564814814814815,0.44862242960439,0.656521854400461,296,5.55409137082728e-12,NA,473433681
595,-0.611469149545678,0.124660573709777,0.542553191489362,0.424943362217494,0.69271341022767,0.457446808510638,0.30728658977233,0.575056637782506,298,9.33928459882673e-07,NA,63685590
745,-0.85802182375018,0.112769593137418,0.424,0.339919598325212,0.528878007875269,0.576,0.471121992124731,0.660080401674788,337,2.77021962025991e-14,NA,579762541
345,-0.760157890842905,0.119204674043717,0.467592592592593,0.370169319127015,0.590656279032246,0.532407407407407,0.409343720967754,0.629830680872985,310,1.80692489399869e-10,NA,5192664
845,-0.798507696217772,0.116303783485591,0.45,0.35827339060463,0.565210828686597,0.55,0.434789171313403,0.64172660939537,322,6.61627648818141e-12,NA,245502101
470,-0.828122616756702,0.126021255855114,0.436868686868687,0.341256890918449,0.559268558805395,0.563131313131313,0.440731441194605,0.658743109081551,272,4.9880140974708e-11,NA,264647123
770,-0.634306680537013,0.121913554806892,0.53030303030303,0.417590973768737,0.673437218746776,0.46969696969697,0.326562781253224,0.582409026231263,309,1.96179534216757e-07,NA,911394396
270,-0.761466424537423,0.12035143256254,0.466981132075471,0.368855283372953,0.591211208147437,0.533018867924529,0.408788791852563,0.631144716627047,304,2.49934194817078e-10,NA,355092394
445,-0.74054941945453,0.11880079206984,0.476851851851851,0.377798349270158,0.601875812993398,0.523148148148149,0.398124187006602,0.622201650729842,314,4.56012561491599e-10,NA,532927028
695,-0.889479474423499,0.118265199740025,0.410869565217391,0.325864050845891,0.51804977929819,0.589130434782609,0.48195022070181,0.674135949154109,304,5.43345690418965e-14,NA,702532299
145,-0.761466424537422,0.12035143256254,0.466981132075472,0.368855283372953,0.591211208147438,0.533018867924528,0.408788791852562,0.631144716627047,304,2.49934194817093e-10,NA,573670723
295,-0.688304556084158,0.12058049478922,0.502427184466019,0.396674996133583,0.636372542133819,0.497572815533981,0.363627457866181,0.603325003866417,310,1.14138415668382e-08,NA,995982011
370,-0.6600472321336,0.119442653145664,0.516826923076923,0.408954845793459,0.653152960931199,0.483173076923077,0.346847039068801,0.591045154206541,319,3.27502727026061e-08,NA,711653093
970,-0.911836381524775,0.120350018649116,0.401785714285714,0.31736013302474,0.508670571396242,0.598214285714286,0.491329428603758,0.68263986697526,292,3.54900243731355e-14,NA,955806647
720,-0.866418901833982,0.10991024558396,0.420454545454545,0.338971574987893,0.521524628723522,0.579545454545455,0.478475371276478,0.661028425012107,354,3.196960562671e-15,NA,924775009
870,-0.861408751785601,0.118680915151173,0.422566371681416,0.334867927509063,0.533232130661913,0.577433628318584,0.466767869338087,0.665132072490937,304,3.92301314079233e-13,NA,70981475
645,-0.860626164315971,0.121945300344045,0.422897196261682,0.332992749978773,0.537074872102748,0.577102803738318,0.462925127897252,0.667007250021227,288,1.69552699219662e-12,NA,829755859
545,-0.859074927578223,0.11464079376404,0.423553719008264,0.338318758808734,0.530262506038434,0.576446280991735,0.469737493961566,0.661681241191266,326,6.69978154453918e-14,NA,291712470
171,-0.865264567179658,0.116718253429253,0.420940170940171,0.334864890570352,0.529140654935021,0.579059829059829,0.470859345064979,0.665135109429648,314,1.23217555300269e-13,NA,62569782
396,-0.833637543508771,0.12367429016618,0.434466019417476,0.340944797813485,0.55364012954299,0.565533980582524,0.44635987045701,0.659055202186515,282,1.57745985356666e-11,NA,434695555
921,-0.667171694156684,0.12511802788104,0.513157894736842,0.401559917494933,0.655770193831836,0.486842105263158,0.344229806168164,0.598440082505067,290,9.69559145783831e-08,NA,385753105
821,-0.972171190268612,0.12017811204697,0.378260869565217,0.298879151878683,0.478726216080511,0.621739130434783,0.521273783919489,0.701120848121317,289,5.99496488652165e-16,NA,262894354
71,-0.472111111585301,0.121431977041231,0.623684210526315,0.49158844170189,0.791275712490654,0.376315789473685,0.208724287509346,0.50841155829811,332,0.00010112991916816,NA,222393071
21,-0.951454644331822,0.115729163134346,0.386178861788618,0.307807824849858,0.484503970505288,0.613821138211382,0.515496029494712,0.692192175150142,313,2.01157089434981e-16,NA,31437362
670,-0.822526318083701,0.123424469809704,0.439320388349514,0.344923083314485,0.559552007261855,0.560679611650486,0.440447992738145,0.655076916685515,284,2.66096692595709e-11,NA,910318051
196,-0.980829253011726,0.119865825389796,0.375,0.29648402109425,0.474308866565515,0.625,0.525691133434485,0.70351597890575,290,2.77492741755009e-16,NA,323377878
421,-0.898137537166614,0.117947848436304,0.407327586206896,0.323255879704102,0.513264484584196,0.592672413793104,0.486735515415804,0.676744120295898,305,2.64303663747801e-14,NA,282091866
996,-0.743919505933369,0.122919987950773,0.475247524752475,0.373499633638617,0.604713336886127,0.524752475247525,0.395286663113873,0.626500366361383,293,1.43002555506192e-09,NA,605568724
246,-0.688396577801348,0.119428413713511,0.502380952380952,0.397535131599573,0.634878784925642,0.497619047619048,0.365121215074358,0.602464868400427,316,8.20977539447211e-09,NA,701196884
496,-0.668454567969573,0.121975607252163,0.5125,0.403522768572068,0.65090812825619,0.4875,0.34909187174381,0.596477231427932,305,4.24769622770834e-08,NA,223677327
621,-0.901444223757161,0.117516664547105,0.405982905982906,0.322461137509897,0.511137935017878,0.594017094017094,0.488862064982122,0.677538862490103,307,1.70956452751464e-14,NA,925275757
571,-0.750906014712138,0.124937932765409,0.471938775510204,0.369435223223671,0.602882978744079,0.528061224489796,0.397117021255921,0.630564776776329,283,1.85257535506164e-09,NA,666680765
796,-0.779324876800998,0.119055919347352,0.458715596330275,0.363247742649328,0.579274070038131,0.541284403669725,0.420725929961869,0.636752257350672,309,5.91490006237968e-11,NA,34813600
221,-0.807986440172315,0.121346477329595,0.445754716981132,0.351403140771016,0.565439646540911,0.554245283018868,0.434560353459089,0.648596859228984,295,2.76622009340327e-11,NA,722209064
121,-0.70290335550531,0.120874722972983,0.495145631067961,0.390700710194593,0.62751151858306,0.504854368932039,0.37248848141694,0.609299289805407,307,6.05834034893735e-09,NA,961905804
521,-0.798507696217772,0.121716123911426,0.45,0.354492916305712,0.571238495003849,0.55,0.428761504996151,0.645507083694288,294,5.36599750092205e-11,NA,262373480
96,-0.78187529616863,0.12078328296824,0.457547169811321,0.361097894785133,0.579758053496603,0.542452830188679,0.420241946503397,0.638902105214867,300,9.58386912173395e-11,NA,96440501
896,-0.825368815302404,0.120041301333449,0.438073394495413,0.346232265150857,0.554276184748747,0.561926605504587,0.445723815251253,0.653767734849143,300,6.16831677396544e-12,NA,232944967
46,-0.859074927578223,0.11464079376404,0.423553719008264,0.338318758808734,0.530262506038434,0.576446280991735,0.469737493961566,0.661681241191266,326,6.69978154453918e-14,NA,80898272
596,-0.913271102000435,0.114409972298877,0.401209677419355,0.320616194437009,0.50206199202632,0.598790322580645,0.49793800797368,0.679383805562991,323,1.43464865770665e-15,NA,725654976
346,-0.861769892995738,0.117144058646313,0.422413793103448,0.335756854283138,0.531436396093862,0.577586206896552,0.468563603906138,0.664243145716862,312,1.88799400815167e-13,NA,622831674
746,-0.792967515842156,0.12459880370183,0.4525,0.354454006394596,0.577666626151928,0.5475,0.422333373848072,0.645545993605404,281,1.96353224355457e-10,NA,909867779
946,-0.948568390793505,0.116136672101223,0.387295081967213,0.308451060431408,0.48629264009078,0.612704918032787,0.51370735990922,0.691548939568592,311,3.14349180605385e-16,NA,494659694
471,-0.856776604341748,0.122431686359305,0.424528301886792,0.333958581836477,0.539660571415201,0.575471698113208,0.460339428584799,0.666041418163523,286,2.59647188160359e-12,NA,273191112
271,-0.76937454594783,0.118847831200905,0.463302752293578,0.367029880956374,0.58482824265831,0.536697247706422,0.41517175734169,0.632970119043627,311,9.56884938291597e-11,NA,168935597
846,-0.653141845946246,0.122906640992955,0.520408163265306,0.409002326065731,0.662159208233074,0.479591836734694,0.337840791766926,0.590997673934269,302,1.07168199548674e-07,NA,219280238
321,-0.882573562977643,0.119151798600501,0.413716814159293,0.327552544050263,0.522547009410038,0.586283185840707,0.477452990589962,0.672447455949737,300,1.29056211561775e-13,NA,754838511
446,-0.822825003868477,0.118900017418456,0.43918918918919,0.347891456047743,0.554446338211269,0.56081081081081,0.445553661788731,0.652108543952257,306,4.5065572359882e-12,NA,750580395
971,-0.921303273697699,0.114127672509128,0.398,0.318227290518814,0.497770005022982,0.602,0.502229994977018,0.681772709481186,324,6.88354218740435e-16,NA,952011097
146,-0.820980552069831,0.125227066512214,0.44,0.344238312583864,0.56240108355991,0.56,0.43759891644009,0.655761687416136,276,5.52941843072906e-11,NA,759404612
371,-1.00764051046238,0.115634296595876,0.365079365079365,0.291044364772532,0.457947168676228,0.634920634920635,0.542052831323772,0.708955635227468,310,2.93263623003558e-18,NA,119926703
696,-1.145132304303,0.121482382703316,0.318181818181818,0.250766412872487,0.403721009770824,0.681818181818182,0.596278990229176,0.749233587127514,275,4.24712842219552e-21,NA,409272916
771,-0.628608659422374,0.127747580897812,0.533333333333333,0.415202337597634,0.685074284721622,0.466666666666667,0.314925715278378,0.584797662402366,282,8.62313017067966e-07,NA,351964511
296,-0.937745666875415,0.124330441383538,0.391509433962264,0.306839995618915,0.499542559868305,0.608490566037736,0.500457440131695,0.693160004381085,272,4.61521028371162e-14,NA,656834648
721,-0.6597311836401,0.120014888780769,0.516990291262137,0.408625560093998,0.654092615248604,0.483009708737863,0.345907384751396,0.591374439906002,316,3.86136319972532e-08,NA,426358068
646,-0.708110053236658,0.122172483533149,0.492574257425743,0.387684381216006,0.625842594735164,0.507425742574257,0.374157405264836,0.612315618783994,300,6.79207672174495e-09,NA,518521557
871,-0.877150823536884,0.115990803081691,0.415966386554622,0.331380300139654,0.522143394373141,0.584033613445378,0.477856605626859,0.668619699860346,317,3.96172501933066e-14,NA,556831232
546,-0.903442589396306,0.118067093620152,0.405172413793103,0.321470389494713,0.510668136984448,0.594827586206897,0.489331863015552,0.678529610505287,304,1.97966050560396e-14,NA,286851056
172,-0.974894517491911,0.121843059697623,0.377232142857143,0.297095237598898,0.478984755039102,0.622767857142857,0.521015244960898,0.702904762401102,281,1.23181027752919e-15,NA,526364271
397,-0.816152160197481,0.120394606849892,0.442129629629629,0.349196229170388,0.559795877122862,0.557870370370371,0.440204122877138,0.650803770829612,299,1.21030560462196e-11,NA,579041605
922,-0.698061195362374,0.121367334767112,0.497549019607843,0.392218263145399,0.631166496244859,0.502450980392157,0.368833503755141,0.607781736854601,305,8.83819412223174e-09,NA,711223607
822,-0.77356874787052,0.118393485759527,0.461363636363636,0.365819324649716,0.58186211229408,0.538636363636364,0.41813788770592,0.634180675350284,313,6.40875932909992e-11,NA,851145224
22,-0.717244732139006,0.120007742706824,0.488095238095238,0.385792512774962,0.617526140509145,0.511904761904762,0.382473859490855,0.614207487225038,310,2.27767510002375e-09,NA,941517019
197,-0.682675880692651,0.125437829646812,0.505263157894737,0.395134324802045,0.646086261560944,0.494736842105263,0.353913738439056,0.604865675197955,287,5.25838606048552e-08,NA,658176581
671,-0.713349887877465,0.122890360980365,0.49,0.385116046956537,0.623448443391134,0.51,0.376551556608866,0.614883953043463,296,6.44556483507966e-09,NA,584148938
422,-0.978122891413984,0.116342110649562,0.376016260162601,0.299347779860481,0.472320950476289,0.623983739837399,0.527679049523711,0.700652220139519,308,4.19561109373105e-17,NA,769182689
997,-0.755818287522721,0.119670041262587,0.469626168224299,0.371440251407265,0.593766391890624,0.530373831775701,0.406233608109376,0.628559748592735,308,2.68676823459128e-10,NA,659718248
72,-0.825415149137696,0.117898526612651,0.438053097345133,0.347673306301411,0.551927664896158,0.561946902654867,0.448072335103842,0.652326693698589,311,2.54025572247144e-12,NA,245606776
247,-0.950976289862045,0.116670717822006,0.386363636363636,0.307387320944149,0.485631154354786,0.613636363636364,0.514368845645214,0.692612679055851,308,3.61099372320587e-16,NA,675205395
497,-0.836248024200619,0.122549235099493,0.433333333333333,0.340806602279573,0.550980457895409,0.566666666666667,0.449019542104591,0.659193397720427,287,8.8680665861398e-12,NA,503896174
572,-0.763527977321745,0.122135462510934,0.466019417475728,0.366810803710793,0.5920602535896,0.533980582524272,0.4079397464104,0.633189196289207,295,4.0656889179926e-10,NA,963166226
622,-0.884437407336661,0.119724587444429,0.412946428571428,0.326575770985,0.52215984166728,0.587053571428572,0.47784015833272,0.673424229015,297,1.49878263322481e-13,NA,568306152
797,-0.864418901167315,0.12146507629247,0.421296296296296,0.332044568674495,0.534538390377864,0.578703703703704,0.465461609622136,0.667955431325505,290,1.10618362983105e-12,NA,22134185
222,-0.683096844706444,0.122886167184831,0.505050505050505,0.396948270978536,0.642592577675098,0.494949494949495,0.357407422324902,0.603051729021465,299,2.71670965589246e-08,NA,997721001
122,-0.622766383798146,0.123576031577723,0.536458333333333,0.421063782229221,0.683477315192382,0.463541666666667,0.316522684807618,0.578936217770779,302,4.6665150935955e-07,NA,184021751
522,-0.877032459330083,0.111836200243607,0.416015625,0.33412925028003,0.517970216911848,0.583984375,0.482029783088152,0.66587074971997,341,4.43016691874387e-15,NA,921077099
97,-0.641125995809067,0.119653803861741,0.526699029126213,0.416594004404252,0.665904608202912,0.473300970873787,0.334095391797088,0.583405995595748,320,8.40668893075391e-08,NA,922903958
897,-0.863368330419812,0.117687260796742,0.421739130434783,0.334863891743146,0.531152801259072,0.578260869565217,0.468847198740928,0.665136108256854,309,2.19868439725967e-13,NA,472235833
472,-0.697787560116447,0.117942452302444,0.497685185185186,0.394968004401277,0.62711546452549,0.502314814814814,0.37288453547451,0.605031995598723,323,3.29185881606121e-09,NA,827757240
747,-0.953633510203236,0.111341123475893,0.385338345864662,0.309790783210747,0.479309420554001,0.614661654135338,0.520690579445999,0.690209216789253,338,1.08102910478879e-17,NA,257358339
47,-0.863674160861063,0.116188217577677,0.421610169491525,0.335746495069511,0.529432585683051,0.578389830508475,0.470567414316949,0.664253504930489,317,1.05836637859962e-13,NA,993174849
947,-0.840682621268484,0.118227588384073,0.43141592920354,0.342184765952276,0.543915809497234,0.56858407079646,0.456084190502766,0.657815234047724,308,1.15443769489176e-12,NA,180361222
272,-0.885778107012761,0.117168066049688,0.412393162393163,0.327776502847989,0.518853910853715,0.587606837606838,0.481146089146285,0.67222349715201,310,4.03399354751163e-14,NA,618877181
597,-0.707535918012045,0.119811215683271,0.492857142857143,0.389706422676123,0.62331064907078,0.507142857142857,0.37668935092922,0.610293577323877,312,3.51742882831413e-09,NA,412330300
347,-0.707004215221373,0.117581778870736,0.493119266055045,0.391621186634203,0.620923021669402,0.506880733944955,0.379076978330598,0.608378813365797,324,1.82264670859734e-09,NA,575830672
847,-0.68339100561458,0.121071427205198,0.504901960784314,0.398245494901349,0.640122721456005,0.495098039215686,0.359877278543995,0.601754505098651,308,1.65635463956054e-08,NA,863988646
322,-1.02608584459985,0.122565888536477,0.358407079646018,0.281869643541005,0.455727098266613,0.641592920353982,0.544272901733387,0.718130356458995,275,5.67889647518977e-17,NA,510001176
697,-0.802519737707733,0.118465753034665,0.448198198198198,0.355329998853849,0.565338208189779,0.551801801801802,0.434661791810221,0.644670001146151,310,1.25030565541443e-11,NA,109345360
972,-0.56531380905006,0.120604537749602,0.568181818181818,0.448568283972827,0.719691048268479,0.431818181818182,0.280308951731521,0.551431716027173,324,2.76786387731341e-06,NA,977067672
447,-0.996577609979865,0.114470543350609,0.369140625,0.294954033850872,0.461986565317788,0.630859375,0.538013434682212,0.705045966149128,317,3.14858154487368e-18,NA,765166130
147,-0.742418229566729,0.121102806206991,0.475961538461538,0.375395415144128,0.603468707809598,0.524038461538462,0.396531292190402,0.624604584855872,302,8.76147943323253e-10,NA,749682597
772,-0.716350077639609,0.117767345272164,0.488532110091743,0.387837115494668,0.615370765343814,0.511467889908257,0.384629234656186,0.612162884505332,322,1.1813373683315e-09,NA,194880267
372,-0.830618171188548,0.120156022846617,0.435779816513762,0.344342096740962,0.551498205645262,0.564220183486238,0.448501794354738,0.655657903259038,299,4.75078827885249e-12,NA,206656777
297,-0.919394717811746,0.115956069114681,0.398760330578513,0.317694694658042,0.500511352303942,0.601239669421487,0.499488647696058,0.682305305341958,314,2.21239201673256e-15,NA,723379496
647,-0.832909122935104,0.117028424660956,0.434782608695652,0.345666576441693,0.546873576178932,0.565217391304348,0.453126423821068,0.654333423558307,315,1.10179711151344e-12,NA,333133395
722,-0.796433006676911,0.120528592242232,0.450934579439252,0.356056908140215,0.571094087167603,0.549065420560748,0.428905912832397,0.643943091859785,300,3.89981934884862e-11,NA,672896615
547,-0.603535021870258,0.12320134499948,0.546875,0.429555115533652,0.696237234314976,0.453125,0.303762765685024,0.570444884466348,306,9.64385745726249e-07,NA,962929204
872,-0.580427446860109,0.128217699535206,0.559659090909091,0.435295782091498,0.719552798173799,0.440340909090909,0.280447201826201,0.564704217908502,285,5.98580223862898e-06,NA,714873366
398,-1.05605267424931,0.11160067270632,0.347826086956522,0.27949078028077,0.432869329878964,0.652173913043478,0.567130670121036,0.72050921971923,330,2.99861263540652e-21,NA,928169375
173,-0.841200280519085,0.120388790457149,0.431192660550459,0.340562037748492,0.545941972105217,0.568807339449541,0.454058027894783,0.659437962251508,297,2.80099196746876e-12,NA,320550373
923,-0.888147195613671,0.112510909459665,0.411417322834645,0.329999372505316,0.51292283449933,0.588582677165355,0.48707716550067,0.670000627494684,336,2.92942655103225e-15,NA,178581957
823,-0.857769160254499,0.119129044855197,0.424107142857143,0.335793867224871,0.535646675470691,0.575892857142857,0.464353324529309,0.664206132775129,302,6.00643252816317e-13,NA,362634936
198,-0.534542150383307,0.121906156898248,0.5859375,0.46140743129669,0.744077209466289,0.4140625,0.255922790533711,0.53859256870331,321,1.16057251208001e-05,NA,51427080
23,-0.748206957742973,0.116814179642629,0.473214285714285,0.37637904584754,0.594963409027795,0.526785714285715,0.405036590972205,0.62362095415246,324,1.50267013291183e-10,NA,161329640
672,-0.779324876800998,0.119055919347352,0.458715596330275,0.363247742649328,0.579274070038131,0.541284403669725,0.420725929961869,0.636752257350672,309,5.91490006237955e-11,NA,707188935
998,-0.731247026792215,0.119164438192532,0.481308411214953,0.381057485794104,0.607933960996724,0.518691588785047,0.392066039003276,0.618942514205896,313,8.43840798272748e-10,NA,966650447
423,-0.877393665763485,0.124079536754995,0.415865384615384,0.326088947733861,0.530358416999924,0.584134615384616,0.469641583000076,0.673911052266139,277,1.53577753149943e-12,NA,35753950
73,-0.882389180198474,0.117596866425541,0.413793103448276,0.328612904471221,0.521052977931214,0.586206896551724,0.478947022068786,0.671387095528779,308,6.21315757789819e-14,NA,91559694
248,-0.952366788347965,0.113912495225281,0.385826771653543,0.308624121944047,0.482341745638352,0.614173228346457,0.517658254361648,0.691375878055953,323,6.24466222244623e-17,NA,458797376
798,-0.945737933200456,0.121143294779388,0.388392857142857,0.306304850974865,0.492479995009841,0.611607142857143,0.507520004990159,0.693695149025135,286,5.86718388244314e-15,NA,121831706
498,-0.961411167154624,0.117889214279309,0.382352941176471,0.303470831159321,0.481739121574906,0.617647058823529,0.518260878425094,0.696529168840679,301,3.48576899285583e-16,NA,579366027
623,-0.659080625996339,0.121184483652501,0.517326732673267,0.407955226553035,0.656020393707608,0.482673267326733,0.343979606292392,0.592044773446965,310,5.36842243996082e-08,NA,301835867
123,-0.726723476093549,0.119632817612355,0.483490566037736,0.382433885132384,0.6112510855741,0.516509433962264,0.3887489144259,0.617566114867616,311,1.24284455549079e-09,NA,120694284
573,-0.894784526653191,0.118384125264768,0.408695652173913,0.324064357546116,0.515428902365761,0.591304347826087,0.484571097634239,0.675935642453884,303,4.08323786298191e-14,NA,533743455
223,-1.00921825627441,0.113442451861564,0.364503816793893,0.291836555098706,0.455265216560614,0.635496183206107,0.544734783439386,0.708163444901294,322,5.77385841030099e-19,NA,121950168
98,-0.902727665326533,0.11655345768895,0.40546218487395,0.322656094893416,0.509519534776072,0.59453781512605,0.490480465223928,0.677343905106584,312,9.54455324971867e-15,NA,35413843
898,-0.621043886658601,0.117019743902855,0.537383177570094,0.427244696492422,0.675914018140312,0.462616822429906,0.324085981859688,0.572755303507578,337,1.11339220189093e-07,NA,149680427
948,-0.800476200790444,0.117369782743873,0.449115044247788,0.35682252565007,0.565279119086502,0.550884955752212,0.434720880913498,0.64317747434993,316,9.09634259893632e-12,NA,435728126
48,-0.70244957322226,0.118034556214166,0.49537037037037,0.393059982185383,0.624311339140958,0.50462962962963,0.375688660859042,0.606940017814617,322,2.66151568719459e-09,NA,257078451
748,-0.713556052191152,0.123513761508107,0.48989898989899,0.384566491063911,0.624081988111037,0.51010101010101,0.375918011888963,0.615433508936089,293,7.59819393279329e-09,NA,208363954
473,-0.745415609105702,0.118900412298974,0.474537037037037,0.375890976047432,0.5990710441835,0.525462962962963,0.4009289558165,0.624109023952568,313,3.62806945432675e-10,NA,713983764
598,-0.674098985589251,0.119717858869501,0.509615384615385,0.403031048217518,0.644386682825787,0.490384615384615,0.355613317174213,0.596968951782482,316,1.79448060087936e-08,NA,913704539
848,-0.678109303195405,0.122784911382969,0.507575757575758,0.399012191528035,0.645677388182016,0.492424242424242,0.354322611817984,0.600987808471965,300,3.33750938686194e-08,NA,37284501
523,-0.796219365699759,0.126584217303898,0.451030927835052,0.351931095971487,0.578036155919082,0.548969072164948,0.421963844080918,0.648068904028513,272,3.17391035863818e-10,NA,209566443
273,-0.693147180559946,0.115727512413127,0.5,0.39853142050959,0.627303111208476,0.5,0.372696888791524,0.60146857949041,336,2.10517942219869e-09,NA,77639503
323,-0.760355930253396,0.123885405066135,0.4675,0.366716260392836,0.595981890101837,0.5325,0.404018109898163,0.633283739607164,287,8.37908124074099e-10,NA,966061442
348,-0.825498632044619,0.113936139773472,0.43801652892562,0.350354646241984,0.547612202863537,0.56198347107438,0.452387797136463,0.649645353758016,333,4.3156358068587e-13,NA,409973729
698,-0.829102816795974,0.115451051133466,0.436440677966102,0.348059192947687,0.547264572357207,0.563559322033898,0.452735427642793,0.651940807052313,324,6.8989611338116e-13,NA,570363805
448,-0.777704568588009,0.117944774357626,0.459459459459459,0.364630021759684,0.578951217093994,0.540540540540541,0.421048782906006,0.635369978240316,315,4.28701428012554e-11,NA,828161108
148,-0.619039208406224,0.118657786565999,0.538461538461538,0.426729824055637,0.67944824115355,0.461538461538462,0.32055175884645,0.573270175944363,328,1.81831557734823e-07,NA,764927817
373,-0.830478451094243,0.118007201724735,0.435840707964602,0.345843708196486,0.549257130365847,0.564159292035398,0.450742869634153,0.654156291803514,310,1.95686591370552e-12,NA,446066978
973,-1.02608584459985,0.122565888536477,0.358407079646018,0.281869643541005,0.455727098266613,0.641592920353982,0.544272901733387,0.718130356458995,275,5.67889647518977e-17,NA,73190501
298,-0.784337418624542,0.119161392908015,0.456422018348624,0.361356794954788,0.576496863327272,0.543577981651376,0.423503136672728,0.638643205045212,308,4.63712884400463e-11,NA,878944217
773,-0.752145521321901,0.126259766160369,0.471354166666667,0.368022899556812,0.603698168515001,0.528645833333333,0.396301831484999,0.631977100443188,277,2.56710013372495e-09,NA,785331563
648,-0.744440474947496,0.117794728622086,0.475,0.377073971232344,0.598357397257143,0.525,0.401642602742857,0.622926028767656,319,2.61882631751016e-10,NA,447912604
548,-0.905479815769939,0.11862544526592,0.404347826086957,0.320465255350347,0.510186866537234,0.595652173913043,0.489813133462766,0.679534744649653,301,2.29176033053918e-14,NA,946666981
873,-0.783876033949708,0.125660947859793,0.456632653061224,0.356947357514499,0.584157230617017,0.543367346938776,0.415842769382983,0.643052642485501,277,4.43132111936362e-10,NA,286097895
399,-0.773568747870519,0.118393485759527,0.461363636363637,0.365819324649716,0.581862112294081,0.538636363636363,0.418137887705919,0.634180675350284,313,6.40875932910034e-11,NA,772228598
723,-0.934309237376833,0.120873444623144,0.392857142857143,0.309989505430653,0.497877289360055,0.607142857142857,0.502122710639945,0.690010494569347,288,1.07843958527302e-14,NA,299299062
924,-0.980829253011726,0.115934723957887,0.375,0.298777199201958,0.470668445837277,0.625,0.529331554162723,0.701222800798042,310,2.66952891719073e-17,NA,585295686
174,-0.947492832744135,0.118063784243587,0.387711864406779,0.307618900635269,0.48865817247039,0.612288135593221,0.51134182752961,0.692381099364731,301,1.01309268846968e-15,NA,539966694
424,-0.773189888233482,0.121752691773138,0.461538461538462,0.363556420624698,0.585927628821029,0.538461538461538,0.414072371178971,0.636443579375302,296,2.14622867496078e-10,NA,957538001
824,-0.873684615560398,0.119482906795232,0.417410714285714,0.330262723434296,0.527554858715906,0.582589285714286,0.472445141284094,0.669737276565704,299,2.62775642044516e-13,NA,663524518
199,-0.764243102243676,0.122748032443557,0.465686274509804,0.366108762287248,0.59234776275764,0.534313725490196,0.40765223724236,0.633891237712751,292,4.78149714880458e-10,NA,683797864
24,-0.850150929369609,0.11639161718791,0.427350427350428,0.340182069163357,0.536854832489405,0.572649572649572,0.463145167510595,0.659817930836643,317,2.78862810022773e-13,NA,251873569
673,-0.823986781518757,0.121697602093455,0.438679245283018,0.345587400837488,0.556847500156909,0.561320754716982,0.443152499843091,0.654412599162512,292,1.280965384181e-11,NA,533439698
249,-0.780158557549575,0.11962342711546,0.458333333333333,0.362541558760118,0.579435486411202,0.541666666666667,0.420564513588798,0.637458441239882,306,6.94744528304252e-11,NA,492844741
999,-0.889479474423499,0.118265199740025,0.410869565217391,0.325864050845891,0.518049779298191,0.589130434782609,0.481950220701809,0.674135949154109,304,5.43345690418975e-14,NA,216621819
74,-0.957706835590872,0.120358695337706,0.383771929824562,0.303126356066484,0.485872941015282,0.616228070175438,0.514127058984718,0.696873643933516,289,1.76110554710992e-15,NA,353261390
499,-0.738724689056265,0.122810167554437,0.477722772277228,0.37552576520797,0.607732060743821,0.522277227722772,0.392267939256179,0.62447423479203,294,1.79692115191421e-09,NA,731226302
799,-0.713556052191152,0.123513761508107,0.48989898989899,0.384566491063911,0.624081988111037,0.51010101010101,0.375918011888963,0.615433508936089,293,7.59819393279349e-09,NA,643969485
574,-0.744440474947496,0.112779866333587,0.475,0.380798486293443,0.592504981299042,0.525,0.407495018700958,0.619201513706557,348,4.08868304418295e-11,NA,980173384
124,-0.889120826522228,0.116744230910811,0.411016949152542,0.326954155712814,0.516693027260527,0.588983050847458,0.483306972739473,0.673045844287186,312,2.61713853858336e-14,NA,155603799
224,-0.657337727863235,0.124265008259794,0.518229166666666,0.406206889716086,0.66114454477061,0.481770833333334,0.33885545522939,0.593793110283914,295,1.2244648060067e-07,NA,936179795
624,-0.679095427104296,0.118680769462142,0.507075471698113,0.401838319762898,0.639873106550861,0.492924528301887,0.360126893449139,0.598161680237102,321,1.05256084538622e-08,NA,619401334
99,-0.913144426184789,0.116785972801594,0.401260504201681,0.319167024076102,0.504469384637293,0.598739495798319,0.495530615362707,0.680832975923898,310,5.32630650197336e-15,NA,177945712
949,-0.880610136854319,0.117054037635746,0.414529914529914,0.329548469777025,0.521425725801255,0.585470085470086,0.478574274198745,0.670451530222975,311,5.34893084449238e-14,NA,828957630
749,-0.6226573028054,0.128341564314829,0.536516853932584,0.417194747181983,0.689966344250629,0.463483146067416,0.310033655749371,0.582805252818017,280,1.22491718818448e-06,NA,878905775
474,-0.865518406500732,0.115255491788072,0.420833333333333,0.33574107727793,0.527491887142064,0.579166666666667,0.472508112857936,0.664258922722071,322,5.93249465641544e-14,NA,219993130
49,-0.867100487683383,0.115772886934054,0.420168067226891,0.334870571192552,0.527192354014498,0.579831932773109,0.472807645985502,0.665129428807448,319,6.90480448131718e-14,NA,572631686
899,-0.703097511413114,0.122069611716106,0.495049504950495,0.389711111539674,0.628860725534587,0.504950495049505,0.371139274465413,0.610288888460326,301,8.42097281976857e-09,NA,475915221
849,-0.861769892995739,0.117144058646313,0.422413793103448,0.335756854283138,0.531436396093861,0.577586206896552,0.468563603906139,0.664243145716862,312,1.88799400815158e-13,NA,340400611
599,-0.859382599602276,0.119700283834347,0.423423423423423,0.334877379717456,0.535382221560861,0.576576576576577,0.464617778439139,0.665122620282544,299,6.99907172118003e-13,NA,38584557
274,-0.729514824730821,0.124479263049373,0.482142857142857,0.377762458664724,0.615364839363761,0.517857142857143,0.384635160636239,0.622237541335277,287,4.61383927059447e-09,NA,668295181
699,-0.58192154544972,0.119121309858466,0.558823529411765,0.442464509370328,0.705782566535412,0.441176470588235,0.294217433464588,0.557535490629672,330,1.03367411550124e-06,NA,374793151
524,-0.779324876800998,0.119055919347352,0.458715596330275,0.363247742649328,0.579274070038131,0.541284403669725,0.420725929961869,0.636752257350672,309,5.91490006237944e-11,NA,769674612
974,-0.945561114174268,0.112440218542216,0.388461538461538,0.311629625860524,0.484236267483261,0.611538461538462,0.515763732516739,0.688370374139476,332,4.11915348717126e-17,NA,101586923
149,-0.729514824730821,0.124479263049373,0.482142857142857,0.377762458664724,0.615364839363762,0.517857142857143,0.384635160636238,0.622237541335276,287,4.61383927059456e-09,NA,430804507
349,-0.885519073207401,0.115688540436299,0.4125,0.328813536946234,0.517485537792269,0.5875,0.482514462207731,0.671186463053766,318,1.94312133775326e-14,NA,348580893
374,-0.711666228327183,0.117674165082941,0.490825688073394,0.389729116680223,0.618146927601485,0.509174311926606,0.381853072398515,0.610270883319777,323,1.4686485416982e-09,NA,166270230
449,-0.76937454594783,0.118847831200905,0.463302752293578,0.367029880956373,0.584828242658309,0.536697247706422,0.415171757341691,0.632970119043627,311,9.56884938291579e-11,NA,358562171
324,-0.707675281122854,0.120388676382876,0.492788461538462,0.389211356122833,0.623929553969142,0.507211538461538,0.376070446030858,0.610788643877167,309,4.14615084458151e-09,NA,901909989
299,-0.8754687373539,0.120060045057603,0.416666666666667,0.329301313234804,0.527210503370571,0.583333333333333,0.472789496629429,0.670698686765196,296,3.05559274730451e-13,NA,883957364
774,-0.785520500690961,0.123208220748556,0.455882352941176,0.358078094267928,0.580400541250864,0.544117647058824,0.419599458749136,0.641921905732072,288,1.82304322350604e-10,NA,448189531
649,-0.983634303939335,0.118411734540684,0.373949579831933,0.296497337904005,0.471634211777488,0.626050420168067,0.528365788222512,0.703502662095995,297,9.82356005430812e-17,NA,555442952
874,-0.818020510441353,0.11671229820815,0.441304347826087,0.351069028842783,0.554732862799531,0.558695652173913,0.445267137200469,0.648930971157217,318,2.40262539922207e-12,NA,280198009
175,-0.912026333087697,0.11775464953747,0.401709401709402,0.318918018286572,0.505993497290336,0.598290598290598,0.494006502709664,0.681081981713428,305,9.54760360026748e-15,NA,373604561
400,-0.845163387858572,0.116284706344958,0.429487179487179,0.341954625654086,0.539426062715254,0.570512820512821,0.460573937284746,0.658045374345914,318,3.64706196113916e-13,NA,916283535
549,-0.693147180559946,0.124354000780653,0.5,0.39184985190415,0.63799947552654,0.5,0.36200052447346,0.60815014809585,291,2.48978958304682e-08,NA,85378966
425,-0.835895228289392,0.120271847173717,0.43348623853211,0.342452020541176,0.54872013515868,0.56651376146789,0.45127986484132,0.657547979458824,298,3.65159419559905e-12,NA,395582054
925,-0.994039484748533,0.114861502202506,0.37007874015748,0.295477114369999,0.463515674330864,0.62992125984252,0.536484325669136,0.704522885630001,315,4.96188860879708e-18,NA,170118293
724,-0.698013370211118,0.12077577012784,0.497572815533981,0.392692062643798,0.630465268616815,0.502427184466019,0.369534731383185,0.607307937356202,308,7.49605459573239e-09,NA,447962952
825,-0.809146094422827,0.121948362481382,0.445238095238095,0.350582054519728,0.565450966173432,0.554761904761905,0.434549033826568,0.649417945480272,292,3.24165185633622e-11,NA,814644312
200,-0.806134043952836,0.11546297045758,0.446581196581197,0.356137884325012,0.559993120411444,0.553418803418803,0.440006879588556,0.643862115674988,326,2.91517477322031e-12,NA,402906367
25,-0.84949325095064,0.117898833571402,0.427631578947368,0.339401767468163,0.5387973335471,0.572368421052632,0.4612026664529,0.660598232531837,309,5.7927785016069e-13,NA,534128044
674,-0.734819876960513,0.124592257281402,0.479591836734694,0.375680506341038,0.612244516231988,0.520408163265306,0.387755483768012,0.624319493658962,286,3.68386153370297e-09,NA,615127162
250,-0.664159643686694,0.120688965173924,0.514705882352941,0.40628285743898,0.652063311257253,0.485294117647059,0.347936688742747,0.59371714256102,312,3.73237297983974e-08,NA,475083236
1000,-0.627395802997165,0.119390922572508,0.533980582524272,0.422571037036538,0.674762909717133,0.466019417475728,0.325237090282867,0.577428962963462,323,1.48048018483083e-07,NA,842719906
75,-0.860201265223112,0.116608377066607,0.423076923076923,0.336637200615576,0.531712129595087,0.576923076923077,0.468287870404913,0.663362799384424,315,1.62091387931727e-13,NA,860516565
800,-0.538996500732688,0.128141957314944,0.583333333333333,0.453776668317586,0.749879404420207,0.416666666666667,0.250120595579793,0.546223331682414,290,2.59648448180488e-05,NA,371719432
500,-0.891598119283784,0.113481490934619,0.41,0.328237530469608,0.512129127219243,0.59,0.487870872780757,0.671762469530392,330,3.94161631810362e-15,NA,705190511
575,-0.82824966541651,0.131447020396333,0.436813186813186,0.337604194703329,0.56517591655389,0.563186813186814,0.43482408344611,0.662395805296671,250,2.9570250808351e-10,NA,108979877
125,-0.647890588971825,0.116978792970858,0.523148148148148,0.415960568634526,0.657956560183719,0.476851851851852,0.342043439816281,0.584039431365474,334,3.05020486167235e-08,NA,56314216
225,-0.816874573087847,0.116184071371043,0.441810344827586,0.351835631449165,0.554794237276885,0.558189655172414,0.445205762723115,0.648164368550835,321,2.05256368100366e-12,NA,501573300
625,-0.827840688364646,0.113054164434232,0.436991869918699,0.3501397988514,0.5453875709116,0.563008130081301,0.4546124290884,0.6498602011486,338,2.43368132948105e-13,NA,501332714
100,-0.923670839171778,0.117022932111451,0.397058823529412,0.315678315925035,0.499418874814319,0.602941176470588,0.500581125185681,0.684321684074965,308,2.94829113445985e-15,NA,737583959
750,-0.817709903201708,0.118789939937005,0.441441441441441,0.349750964693194,0.557169431663585,0.558558558558559,0.442830568336415,0.650249035306806,307,5.83328189953327e-12,NA,469668750
950,-0.763256746746972,0.126503987491212,0.466145833333333,0.36378217669869,0.597313315088563,0.533854166666667,0.402686684911437,0.63621782330131,275,1.60485742013298e-09,NA,654597914
475,-0.845027711852664,0.11992461960258,0.429545454545455,0.339569837188555,0.543361857602824,0.570454545454545,0.456638142397176,0.660430162811445,299,1.83706373416166e-12,NA,849497539
50,-0.832909122935103,0.117028424660956,0.434782608695652,0.345666576441693,0.546873576178933,0.565217391304347,0.453126423821067,0.654333423558307,315,1.10179711151349e-12,NA,995672405
850,-0.916290731874154,0.124403337902212,0.4,0.313449569803681,0.510448937927116,0.6,0.489551062072884,0.686550430196319,273,1.76505966374344e-13,NA,103168564
600,-0.801488324355909,0.11791393391605,0.448660714285714,0.356081590316558,0.565309867225694,0.551339285714286,0.434690132774306,0.643918409683442,313,1.06648539464554e-11,NA,796665317
700,-0.877150823536885,0.115990803081691,0.415966386554622,0.331380300139654,0.522143394373141,0.584033613445378,0.477856605626859,0.668619699860346,317,3.96172501933052e-14,NA,111520530
275,-0.787556865031019,0.118150345168568,0.454954954954955,0.360909773669212,0.573506250423061,0.545045045045045,0.426493749576939,0.639090226330788,313,2.63374811021517e-11,NA,857486391
900,-0.977718830597334,0.12472760128195,0.376168224299065,0.294587137445465,0.480341858097955,0.623831775700935,0.519658141902045,0.705412862554536,268,4.54753044085042e-15,NA,590738288
525,-0.848069763165786,0.121097748408714,0.42824074074074,0.337760914056255,0.54295841939732,0.57175925925926,0.45704158060268,0.662239085943745,293,2.5021062545289e-12,NA,592787072
975,-0.843773006543769,0.115761326228359,0.430084745762712,0.342781851107412,0.539622759898727,0.569915254237289,0.460377240101273,0.657218148892588,321,3.12490357617772e-13,NA,908035615
350,-0.808458027070939,0.124324356664192,0.445544554455446,0.349193423397732,0.568481353610141,0.554455445544554,0.431518646389859,0.650806576602268,281,7.88318344915891e-11,NA,412343883
150,-0.980829253011726,0.115934723957887,0.375,0.298777199201958,0.470668445837277,0.625,0.529331554162723,0.701222800798042,310,2.66952891719073e-17,NA,865381796
375,-0.7339691750802,0.123322071580365,0.48,0.376937460004802,0.611241981619617,0.52,0.388758018380383,0.623062539995198,292,2.65460891139064e-09,NA,265338032
300,-0.864757081758972,0.110718190655821,0.421153846153846,0.338998109647661,0.523219915044742,0.578846153846154,0.476780084955258,0.661001890352339,349,5.69915559709239e-15,NA,386974161
325,-0.806475865866948,0.126168012398177,0.446428571428572,0.348624235419534,0.571671298605845,0.553571428571428,0.428328701394155,0.651375764580466,273,1.63645618104372e-10,NA,645692115
650,-0.889120826522227,0.116744230910811,0.411016949152542,0.326954155712814,0.516693027260527,0.588983050847458,0.483306972739473,0.673045844287186,312,2.61713853858338e-14,NA,605365014
450,-0.872026393162927,0.117368346819093,0.418103448275862,0.332184704518589,0.526244860411339,0.581896551724138,0.473755139588661,0.667815295481411,310,1.08740638693085e-13,NA,818016562
775,-0.744923450083665,0.118343693562749,0.474770642201835,0.376486598524519,0.598712314276608,0.525229357798165,0.401287685723392,0.623513401475481,316,3.08239938664868e-10,NA,330353255
550,-0.855059865722693,0.127944849121299,0.425257731958763,0.330937030459113,0.54646087305438,0.574742268041237,0.45353912694562,0.669062969540887,262,2.34044135900455e-11,NA,657530874
725,-0.645744941665361,0.119742922452594,0.524271844660194,0.414601791865453,0.662951710523724,0.475728155339806,0.337048289476276,0.585398208134547,319,6.93832782383251e-08,NA,634189664
675,-0.841757680011588,0.122673026405198,0.430952380952381,0.338851814126333,0.548086056813273,0.569047619047619,0.451913943186727,0.661148185873667,286,6.79985813356654e-12,NA,417274476
875,-0.741465757830754,0.119935221344169,0.476415094339622,0.376614006246404,0.602663040540591,0.523584905660378,0.397336959459409,0.623385993753596,308,6.32069103606034e-10,NA,947828323
