"rep","est_V","se_V","IRR_V","IRR_V_CI_Lower","IRR_V_CI_Upper","VE","VE_CI_Lower","VE_CI_Upper","n_event","p_val","seed"
126,-0.703536066693771,0.106259194177641,0.494832445975571,0.401800227536635,0.609405203902829,0.505167554024429,0.390594796097171,0.598199772463365,735,3.56914616163775e-11,781794492
26,-0.722470795406449,0.110212388029842,0.485551075268818,0.391220825783678,0.602626013639331,0.514448924731182,0.397373986360669,0.608779174216322,674,5.55452282300585e-11,498289535
201,-0.703386177861039,0.110641681377584,0.49490662139219,0.398423452395352,0.614754383621947,0.50509337860781,0.385245616378053,0.601576547604648,678,2.05284654420785e-10,439343144
101,-0.745355089240039,0.106063054574376,0.474565756823821,0.385491993125807,0.584221362741163,0.525434243176179,0.415778637258837,0.614508006874193,716,2.10309804193263e-12,439478148
176,-0.979940328148147,0.0955735626591026,0.375333495027893,0.311218180163987,0.452657464983644,0.624666504972107,0.547342535016356,0.688781819836013,752,1.14421299050949e-24,337593201
151,-0.684299015345351,0.108790638408234,0.504443712969059,0.407577268436631,0.624331824319033,0.495556287030941,0.375668175680967,0.592422731563369,711,3.17355085981316e-10,480287074
301,-0.770108221696073,0.104269662352647,0.462962962962963,0.377391184590065,0.567937762797145,0.537037037037037,0.432062237202855,0.622608815409935,728,1.51612106990158e-13,666781129
351,-0.808001956437242,0.103612962196007,0.44574780058651,0.363825969780403,0.546115775758492,0.55425219941349,0.453884224241508,0.636174030219597,718,6.27611266697894e-15,883515944
451,-0.709407701431724,0.107885792690931,0.491935483870968,0.398176474163956,0.607772020683763,0.508064516129032,0.392227979316237,0.601823525836044,710,4.8475833062569e-11,105471726
401,-0.815322738433029,0.101392495924115,0.442496493688639,0.362747463831692,0.539778127897784,0.557503506311361,0.460221872102216,0.637252536168308,746,8.89242534826508e-16,7768193
776,-0.803898544852649,0.0991707357877561,0.44758064516129,0.368516565197494,0.543607676945642,0.55241935483871,0.456392323054358,0.631483434802506,786,5.22243031013086e-16,71283461
326,-0.751174935972801,0.104609934920521,0.471811878203195,0.384348094529984,0.579179268953707,0.528188121796805,0.420820731046293,0.615651905470016,733,6.93438660942375e-13,13167165
76,-0.811382209339818,0.100923906404779,0.444243604004451,0.364514323841525,0.541411864474943,0.555756395995549,0.458588135525057,0.635485676158475,755,9.01732348318401e-16,161343103
951,-0.78587396860761,0.105372725826261,0.455721241631162,0.370685710771115,0.560263975759465,0.544278758368838,0.439736024240535,0.629314289228885,705,8.7819237072108e-14,407236193
476,-0.664379110383502,0.104958786384945,0.514592933947773,0.418911938598155,0.632127813198933,0.485407066052227,0.367872186801067,0.581088061401845,775,2.45312737891298e-10,681748537
501,-0.740189026090137,0.105018372668826,0.477023737066342,0.38828283286319,0.586046115010488,0.522976262933658,0.413953884989512,0.61171716713681,733,1.81265215105145e-12,137977420
1,-0.659467358375196,0.109164991616604,0.517126704356501,0.417518338829266,0.640498879901825,0.482873295643499,0.359501120098175,0.582481661170734,719,1.53147682283036e-09,389645400
226,-0.826678573184468,0.0993450131887154,0.4375,0.360093621694962,0.531545793838419,0.5625,0.468454206161581,0.639906378305038,771,8.7011746210176e-17,449668982
276,-0.950583184581682,0.104348973445069,0.38651554780587,0.31502495711522,0.474229946934112,0.61348445219413,0.525770053065888,0.68497504288478,643,8.26440852593035e-20,540046666
676,-0.816321064851206,0.104634833829363,0.44205495818399,0.360089894886749,0.542677228186333,0.55794504181601,0.457322771813667,0.639910105113251,700,6.11181332843545e-15,74462205
51,-0.934555512467352,0.0959217697241427,0.392760403841419,0.325446001058906,0.473997942281531,0.607239596158581,0.526002057718469,0.674553998941094,769,1.97840817846947e-22,173116254
701,-0.808257206796686,0.100899712881557,0.4456340378198,0.36567255295278,0.543080671655504,0.5543659621802,0.456919328344496,0.63432744704722,757,1.14242493597977e-15,828652740
851,-0.752773657336495,0.104622150592588,0.471058185107025,0.383724932579359,0.578267907338633,0.528941814892975,0.421732092661367,0.616275067420641,732,6.23851839049269e-13,952151995
376,-0.590723524575429,0.107571363933919,0.553926360377973,0.448628771095064,0.683938330510173,0.446073639622027,0.316061669489827,0.551371228904936,779,3.98631277796733e-08,930662907
751,-0.809922659456029,0.0992164671478891,0.44489247311828,0.366270421538214,0.540391200048483,0.55510752688172,0.459608799951517,0.633729578461786,782,3.26296447238635e-16,39146089
826,-0.804408618824432,0.105520815663803,0.44735240413877,0.363772859987457,0.550134975697851,0.55264759586123,0.449865024302149,0.636227140012543,694,2.47420539850608e-14,187473265
801,-0.782555897382445,0.103886644502543,0.457235868600177,0.373002566344382,0.56049115582099,0.542764131399823,0.43950884417901,0.626997433655618,727,4.96688461812005e-14,901931385
251,-0.82081624157318,0.100997368718412,0.440072302558398,0.361039666640661,0.53640541295924,0.559927697441602,0.46359458704076,0.638960333359339,749,4.396637465453e-16,520713114
726,-0.737440827864421,0.10703650841098,0.478336495888678,0.387814351499769,0.589987973405868,0.521663504111322,0.410012026594132,0.612185648500231,707,5.59417695838608e-12,291582266
901,-0.816088100377233,0.100960470982986,0.442157953281424,0.36277698955022,0.538908644377937,0.557842046718576,0.461091355622063,0.63722301044978,752,6.30663704999593e-16,583747435
426,-0.68511500886268,0.107703296153189,0.504032258064517,0.408113649635214,0.622494536501518,0.495967741935483,0.377505463498482,0.591886350364786,725,2.00270722268077e-10,553843707
651,-0.784146389468859,0.10249809021054,0.456509216589862,0.373424679982428,0.55807951644036,0.543490783410138,0.44192048355964,0.626575320017572,746,2.00431116550766e-14,503972625
601,-0.916697428822754,0.100490181612838,0.399837354296558,0.328356764329664,0.486878685801535,0.600162645703442,0.513121314198465,0.671643235670336,709,7.35746836855491e-20,280122916
576,-0.773601675030635,0.102877656274954,0.461348445219413,0.377102526040863,0.564415174146316,0.538651554780587,0.435584825853684,0.622897473959137,746,5.49324361780195e-14,386946145
926,-0.952783639218302,0.0987464266267399,0.385665972944849,0.317803160813453,0.46802002317027,0.614334027055151,0.53197997682973,0.682196839186547,717,4.97386157462919e-22,209494265
626,-0.906620558172653,0.0991634132347857,0.403886832363828,0.332545935450692,0.490532452714565,0.596113167636172,0.509467547285436,0.667454064549308,733,6.09166160173765e-20,965321700
551,-0.87164881456433,0.100541350702784,0.418261344997266,0.343452574999737,0.50936451042493,0.581738655002734,0.49063548957507,0.656547425000263,730,4.33810758082822e-18,172348913
526,-0.496464317017078,0.116112225771979,0.608678955453149,0.484789696428252,0.764228434599928,0.391321044546851,0.235771565400072,0.515210303571748,718,1.90513548718085e-05,24691462
876,-0.770457018351164,0.102853622803177,0.462801511188607,0.37830807021558,0.566166189995377,0.537198488811393,0.433833810004623,0.62169192978442,748,6.84494819761203e-14,614323152
976,-0.784118958765673,0.101152115579178,0.456521739130434,0.374421368410671,0.55662447681161,0.543478260869566,0.44337552318839,0.625578631589329,766,9.05426597933236e-15,202268575
127,-0.786280133290405,0.102975265684313,0.455536181342633,0.372280399953472,0.557411060421562,0.544463818657367,0.442588939578438,0.627719600046528,738,2.24733982402182e-14,880530060
102,-0.691287867969762,0.105656860797853,0.500930521091811,0.407232293825607,0.616187347530873,0.499069478908189,0.383812652469127,0.592767706174393,750,6.03922368121072e-11,362137638
27,-0.503616836223933,0.118292541916856,0.604340900039824,0.479282081606612,0.762031249398385,0.395659099960176,0.237968750601615,0.520717918393389,688,2.06832441470825e-05,204219338
352,-0.843720039039319,0.102062072625417,0.430107526881721,0.35212888297877,0.52535447565505,0.569892473118279,0.47464552434495,0.64787111702123,722,1.37678307349507e-16,468037245
452,-0.834278147178901,0.102892887136298,0.434187788018433,0.354891027921397,0.53120259581793,0.565812211981567,0.46879740418207,0.645108972078603,715,5.13667464335177e-16,961539589
302,-0.903431519428576,0.0983343915798085,0.405176899063475,0.334150634771457,0.491300337187678,0.594823100936525,0.508699662812322,0.665849365228543,747,4.02674230511908e-20,187550595
827,-0.92156990481513,0.0996970645893712,0.397893894961344,0.327269083622276,0.483759571466996,0.602106105038656,0.516240428533004,0.672730916377724,718,2.38114224759287e-20,4243849
402,-0.629310167693863,0.111867341355582,0.532959326788219,0.428028229929159,0.663614276230247,0.467040673211781,0.336385723769753,0.571971770070842,700,1.84967201993692e-08,228752338
152,-0.83985583329249,0.102481462158069,0.4317727662004,0.353201766727427,0.527822166235695,0.5682272337996,0.472177833764305,0.646798233272573,718,2.50181817078457e-16,970255246
777,-0.911597461442407,0.100027866806223,0.401881720430107,0.330334838166061,0.488924868211058,0.598118279569893,0.511075131788942,0.669665161833939,718,7.98140488965809e-20,696931201
77,-0.899747870508981,0.101202390303264,0.40667218086573,0.333503836263798,0.495893134372443,0.59332781913427,0.504106865627557,0.666496163736202,707,6.07911630681494e-19,829224619
177,-0.571786323555681,0.112687233975033,0.564516129032257,0.452644041081451,0.70403767864961,0.435483870967743,0.29596232135039,0.547355958918549,720,3.89333743618178e-07,611566418
202,-0.783616114969616,0.102039490022721,0.456751355980587,0.373958728068484,0.557873865567057,0.543248644019413,0.442126134432943,0.626041271931516,753,1.59663669959245e-14,467308482
752,-0.744456051150173,0.103595097989328,0.47499260136135,0.387709584884829,0.581925183549545,0.52500739863865,0.418074816450455,0.612290415115171,751,6.66149276698773e-13,205827555
477,-0.793035336886106,0.102111921881528,0.45246931201827,0.370400277816418,0.552722259079287,0.54753068798173,0.447277740920713,0.629599722183582,747,8.07900528493235e-15,558020645
502,-0.52628828041648,0.113003085754463,0.590793765857194,0.473420983098732,0.737266167399541,0.409206234142806,0.262733832600459,0.526579016901268,741,3.20397056164877e-06,142885317
2,-0.882635455288994,0.0955075024593082,0.413691209061807,0.343067958960083,0.498852813226235,0.586308790938193,0.501147186773765,0.656932041039917,803,2.42997198922196e-20,288962097
227,-0.809763664305046,0.101792705759025,0.444963214487832,0.364483607364506,0.543213078028335,0.555036785512168,0.456786921971665,0.635516392635494,743,1.79093277905263e-15,136924284
852,-0.835136295347928,0.101110107109215,0.433815350389322,0.355827767713855,0.528895649270269,0.566184649610678,0.471104350729731,0.644172232286145,740,1.46073609825486e-16,722945890
702,-0.682549495269345,0.103142817355448,0.505327019828352,0.412835651882363,0.618540079579576,0.494672980171648,0.381459920420424,0.587164348117637,792,3.65278677782276e-11,290566103
377,-0.685931668769237,0.108802888578683,0.503620803159973,0.406902609123232,0.623328304338011,0.496379196840027,0.376671695661989,0.593097390876768,710,2.89402785716451e-10,765742722
52,-0.665101566766523,0.111530394132223,0.514221297259798,0.413252239752374,0.639859913920845,0.485778702740202,0.360140086079155,0.586747760247626,686,2.47026197202026e-09,702243564
677,-0.880812583568143,0.101920064526725,0.414446002805049,0.339401251315629,0.506083841987217,0.585553997194951,0.493916158012783,0.660598748684371,706,5.51455221142427e-18,835067822
902,-0.774497836052682,0.103824122270556,0.460935187925422,0.376066467319389,0.564956639134227,0.539064812074578,0.435043360865773,0.623933532680611,732,8.67131661480343e-14,497692165
602,-0.664528375254293,0.107551839228291,0.514516129032258,0.416726100380568,0.635253819697355,0.485483870967742,0.364746180302645,0.583273899619432,738,6.46398491688189e-10,120558672
327,-0.706705641455048,0.106282827651364,0.493266520513624,0.400510155465847,0.60750484585494,0.506733479486376,0.39249515414506,0.599489844534153,733,2.94504599431515e-11,946145010
802,-0.60438180180513,0.108213241940902,0.546412113232389,0.441986536109279,0.675509711484212,0.453587886767611,0.324490288515788,0.558013463890721,762,2.33565477824909e-08,56788690
577,-0.785296849042055,0.104874624941355,0.4559843231836,0.371261973765155,0.560040396490292,0.5440156768164,0.439959603509708,0.628738026234845,712,6.99530870326771e-14,912511152
627,-0.639368987074478,0.110744363896851,0.527625257378174,0.424678039271261,0.65552815657973,0.472374742621826,0.34447184342027,0.575321960728739,709,7.76982314608355e-09,60936954
727,-0.681086437217585,0.103132440254146,0.5060668836934,0.413448505405974,0.619433103330911,0.4939331163066,0.380566896669089,0.586551494594026,793,4.00214715697414e-11,268501966
427,-0.746394050372458,0.104573512486945,0.474072957491709,0.386217588104507,0.581913346121672,0.525927042508291,0.418086653878328,0.613782411895493,736,9.50396229821225e-13,916336443
952,-0.760141081153799,0.101413949388682,0.467600452744766,0.383310938430354,0.570425107883629,0.532399547255234,0.429574892116371,0.616689061569646,775,6.60817493751506e-14,491118562
652,-0.84207665329559,0.10204884100903,0.430814940577249,0.352717189395426,0.526204899009059,0.569185059422751,0.473795100990941,0.647282810604574,723,1.56154057267953e-16,688315217
552,-0.640358496677148,0.109025526456432,0.527103425340871,0.425689699981385,0.65267733989859,0.472896574659129,0.34732266010141,0.574310300018615,731,4.26758310922496e-09,232845107
277,-0.880087683210195,0.100186567335503,0.414746543778802,0.340803318421369,0.504733041841402,0.585253456221198,0.495266958158598,0.659196681578631,731,1.57078560645889e-18,485585288
252,-0.936290074032777,0.0990066770739374,0.392079727248885,0.322923574462804,0.476046113311147,0.607920272751115,0.523953886688853,0.677076425537196,721,3.17396949254231e-21,477769512
527,-0.911654149178031,0.100872476648094,0.401858939311098,0.329769758204553,0.489707145929584,0.598141060688902,0.510292854070416,0.670230241795447,706,1.60017770823715e-19,697992260
977,-0.834523328289646,0.101543887364671,0.434081346423562,0.355743365906928,0.529670075034344,0.565918653576438,0.470329924965656,0.644256634093072,734,2.06320028240532e-16,499308145
877,-0.805858945402079,0.101318857517043,0.446704067321178,0.366249583046819,0.544832084452571,0.553295932678822,0.455167915547429,0.633750416953181,752,1.81034458041103e-15,205664570
927,-0.796194897176474,0.102136359858303,0.451041964030831,0.369214137803597,0.551005046900475,0.548958035969169,0.448994953099525,0.630785862196403,745,6.41992031412566e-15,53866659
103,-0.817205517495885,0.105129819919138,0.441664154356346,0.359422688342149,0.542723738846486,0.558335845643654,0.457276261153514,0.640577311657851,693,7.64679898264821e-15,146571895
128,-0.971771965899216,0.0966004759626924,0.378411910669975,0.313139838552335,0.457289544501599,0.621588089330025,0.542710455498401,0.686860161447665,740,8.3250265216169e-24,739389212
353,-0.70632853199456,0.107327131139288,0.493452571063558,0.399841986531575,0.608979166999029,0.506547428936442,0.391020833000971,0.600158013468425,719,4.67040381705054e-11,369621126
403,-0.895013333426872,0.0998902907055708,0.408602150537634,0.335949406713144,0.496966847054257,0.591397849462366,0.503033152945743,0.664050593286856,728,3.24786646985302e-19,620061964
453,-0.62057648772511,0.111200680754633,0.53763440860215,0.432347413048073,0.668561320339955,0.46236559139785,0.331438679660045,0.567652586951927,713,2.3956678047015e-08,835127241
778,-0.779324876800998,0.103861519122624,0.458715596330275,0.374228122740981,0.562277353116726,0.541284403669725,0.437722646883274,0.62577187725902,729,6.21361292202144e-14,110713454
153,-0.7479851406047,0.104585616040247,0.473319264395538,0.385594422298255,0.581001988339568,0.526680735604462,0.418998011660432,0.614405577701745,735,8.55892437506404e-13,568251526
78,-0.710899126018393,0.108440697600076,0.491202346041057,0.397150892845855,0.607526633082216,0.508797653958943,0.392473366917784,0.602849107154145,702,5.54004859061698e-11,165244126
178,-0.968292805118951,0.097704946406842,0.379730759461519,0.313551712240186,0.459877730059294,0.620269240538481,0.540122269940706,0.686448287759814,725,3.7522946511304e-23,943441632
753,-0.807231745776183,0.103139097853926,0.446091252542865,0.364444623741073,0.546029197941041,0.553908747457135,0.453970802058959,0.635555376258927,725,5.01113828726341e-15,674722796
503,-0.790865464084818,0.101646407850994,0.453452178834181,0.371543710361215,0.553417734590538,0.546547821165819,0.446582265409462,0.628456289638786,755,7.2207081012675e-15,92201705
853,-0.796419078421355,0.0991143092641489,0.450940860215054,0.371324270025855,0.547628247939015,0.549059139784946,0.452371752060985,0.628675729974145,791,9.33051386395299e-16,369337833
478,-0.911804663183641,0.103081309936913,0.401798458464174,0.32829577688607,0.491757776342679,0.598201541535826,0.508242223657321,0.67170422311393,676,9.11278047506873e-19,557967664
828,-0.912957080958445,0.0968625764389809,0.401335685483871,0.331938940137507,0.485240846934333,0.598664314516129,0.514759153065667,0.668061059862493,765,4.28952079483455e-21,893392508
228,-0.990950276022004,0.0982885846331819,0.371223758320533,0.306176862492784,0.450089786731905,0.628776241679467,0.549910213268095,0.693823137507215,706,6.6328636862804e-24,143811621
303,-0.764243102243676,0.107246046267874,0.465686274509804,0.377403077949073,0.574620926372212,0.534313725490196,0.425379073627788,0.622596922050927,691,1.03273326381131e-12,331421562
378,-0.755978788285444,0.104646695271348,0.469550798914682,0.382478612573859,0.576445180235641,0.530449201085318,0.423554819764359,0.617521387426141,730,5.04410124283417e-13,876910360
603,-0.892991088046103,0.101145984756502,0.409429280397022,0.335802001034472,0.499199930703256,0.590570719602978,0.500800069296744,0.664197998965528,711,1.05866288430198e-18,726299704
678,-0.922881079044433,0.0984945548844748,0.397372528616025,0.327611488383858,0.481988367616945,0.602627471383975,0.518011632383055,0.672388511616142,735,7.26225889058217e-21,712851285
53,-0.683927595305394,0.107160013914995,0.504631108272117,0.409033850149792,0.622570858970936,0.495368891727883,0.377429141029064,0.590966149850208,733,1.7444524761361e-10,242728980
803,-0.755978788285444,0.104646695271348,0.469550798914682,0.382478612573859,0.576445180235641,0.530449201085318,0.423554819764359,0.617521387426141,730,5.04410124283417e-13,434756436
628,-0.773793024560571,0.104784451722169,0.461260174856799,0.375623947356311,0.56642008691502,0.538739825143201,0.43357991308498,0.624376052643689,719,1.52893065362014e-13,681856492
203,-0.67479804189175,0.10356415847763,0.509259259259258,0.415704726588433,0.623868280906155,0.490740740740742,0.376131719093845,0.584295273411567,790,7.23279265487586e-11,726189097
28,-0.876825037575381,0.100160001205484,0.416101924640823,0.341934858381784,0.506356130255893,0.583898075359177,0.493643869744107,0.658065141618215,733,2.05477077100569e-18,389220326
428,-0.741635912926041,0.104537423325978,0.476334036780223,0.388087093144088,0.584647411891902,0.523665963219777,0.415352588108098,0.611912906855912,739,1.29863412763453e-12,291231076
3,-0.828476642699122,0.100197412641119,0.436714051394204,0.358846713769465,0.531478080659431,0.563285948605796,0.468521919340569,0.641153286230535,757,1.35719225335608e-16,771118778
653,-0.887780028833349,0.10153757356877,0.411568409343716,0.337297477278245,0.502193366332187,0.588431590656284,0.497806633667813,0.662702522721755,708,2.26268958768082e-18,968661078
553,-0.80931861232199,0.0972073832797339,0.445161290322579,0.367937724299186,0.538592705543083,0.554838709677421,0.461407294456917,0.632062275700814,815,8.38384093066591e-17,869298848
953,-0.797032925066666,0.0995345203680743,0.450664136622391,0.370790895148886,0.547743126098211,0.549335863377609,0.452256873901789,0.629209104851114,784,1.16965761559945e-15,810518094
703,-0.784730740563616,0.104383525867123,0.456242532855436,0.371829935511755,0.559818424785658,0.543757467144564,0.440181575214342,0.628170064488245,719,5.57208526500174e-14,858681486
728,-1.06025329234908,0.0941768893189907,0.346368066836853,0.287987960485348,0.416582823539259,0.653631933163147,0.583417176460741,0.712012039514652,736,2.1125292118244e-29,943067206
328,-0.834670203519402,0.103827252116689,0.434017595307918,0.35410284753578,0.531967687771372,0.565982404692082,0.468032312228628,0.64589715246422,702,9.05537708985742e-16,676033066
978,-0.802544124855134,0.102185684966083,0.448187268055951,0.366841873151151,0.547570607253692,0.551812731944049,0.452429392746308,0.633158126848849,741,4.03674698546048e-15,183336026
903,-0.891016753742384,0.102005165973105,0.410238429172511,0.335899522040568,0.501029497593638,0.589761570827489,0.498970502406362,0.664100477959432,700,2.4362171030731e-18,738158934
528,-0.661717410648643,0.108623100520581,0.515964450296247,0.417022636052097,0.63838096773301,0.484035549703753,0.36161903226699,0.582977363947903,725,1.11601843322525e-09,548960354
278,-0.426655795087804,0.122395995574828,0.652688172043011,0.5134782852359,0.829639465141421,0.347311827956989,0.170360534858579,0.4865217147641,682,0.000490550324454851,62765489
578,-0.946177795039186,0.0967586892443004,0.388222055513878,0.32115823250605,0.469290054349085,0.611777944486122,0.530709945650915,0.67884176749395,750,1.38933083709627e-22,21787943
253,-0.882725258171727,0.101495625156725,0.41365406006674,0.339034628426667,0.504696768597812,0.58634593993326,0.495303231402188,0.660965371573333,711,3.40247190806482e-18,784133350
878,-0.725937003382938,0.10252078088143,0.483870967741934,0.395788998589588,0.591555384959796,0.516129032258066,0.408444615040204,0.604211001410412,777,1.43245366800744e-12,488416551
928,-0.720899209352979,0.108517519227689,0.486314760508309,0.393139944064675,0.601572162429131,0.513685239491691,0.398427837570869,0.606860055935325,696,3.07028874902e-11,683342904
129,-0.683577729543797,0.105600582043146,0.504807692307691,0.41042951622118,0.620888109021108,0.495192307692309,0.379111890978892,0.58957048377882,755,9.59245015162735e-11,381471283
354,-1.01544223039623,0.100107636229247,0.362242199894236,0.297705781085707,0.440768771455058,0.637757800105764,0.559231228544942,0.702294218914293,670,3.54162244135571e-24,211191760
454,-0.864033666439035,0.10178185342501,0.421458625525946,0.3452375896114,0.514507627139205,0.578541374474054,0.485492372860795,0.6547624103886,716,2.082904046672e-17,952554068
104,-0.815322738433028,0.101392495924115,0.442496493688639,0.362747463831693,0.539778127897784,0.55750350631136,0.460221872102216,0.637252536168307,746,8.89242534826572e-16,502357350
804,-0.778826467303308,0.103384491982088,0.458944281524927,0.374764913042481,0.562031946466013,0.541055718475073,0.437968053533987,0.625235086957519,736,4.94734957591443e-14,886030955
154,-0.718179012571995,0.104361819880283,0.487639433222792,0.397434785136008,0.598317574926086,0.512360566777208,0.401682425073914,0.602565214863992,754,5.91732040792079e-12,480826180
79,-0.771193594971056,0.101944923368674,0.462460747930346,0.378703397292809,0.564742605704519,0.537539252069654,0.435257394295481,0.621296602707191,761,3.88443099416945e-14,884652215
179,-0.717720030280656,0.107413459642495,0.487863302459278,0.395246150385628,0.60218322595743,0.512136697540722,0.39781677404257,0.604753849614373,712,2.35953391163067e-11,77029534
404,-0.861577656439328,0.102658398162302,0.422495004282043,0.345492473788196,0.516659673323924,0.577504995717957,0.483340326676076,0.654507526211804,705,4.7523995569977e-17,179057206
854,-0.865333515459857,0.102237967973678,0.420911148839841,0.34448103165895,0.514298840677755,0.579088851160159,0.485701159322245,0.65551896834105,709,2.58547319820755e-17,364759931
504,-0.864198570382861,0.103600902225867,0.42138913106655,0.343952192171863,0.516260119349075,0.57861086893345,0.483739880650925,0.656047807828137,691,7.32843247822281e-17,377217987
304,-0.699619695065564,0.107811764783045,0.496774193548386,0.402151308792075,0.613661062342197,0.503225806451614,0.386338937657803,0.597848691207925,716,8.6253036224271e-11,866516496
479,-0.812158178830064,0.101367800641052,0.443899018232819,0.363914831805647,0.541462785153246,0.55610098176718,0.458537214846754,0.636085168194352,748,1.12863661760715e-15,17884007
379,-0.843720039039319,0.0994778032284896,0.430107526881721,0.353916966727447,0.522700243480483,0.569892473118279,0.477299756519517,0.646083033272553,760,2.2232729844216e-17,165367528
604,-0.887953294016145,0.101104156318674,0.411497105045492,0.3375256407077,0.501680011941557,0.588502894954508,0.498319988058443,0.6624743592923,714,1.59795631930632e-18,68033391
779,-0.647498145291375,0.109643983444726,0.523353494623656,0.422149229113469,0.648820041457832,0.476646505376344,0.351179958542168,0.577850770886531,719,3.51664364220981e-09,733361030
229,-0.751330451471644,0.101795956836178,0.471738509848702,0.386413646343917,0.575904147743815,0.528261490151298,0.424095852256185,0.613586353656083,774,1.57400981010089e-13,249306570
754,-0.803645987710252,0.105020455522247,0.447693699125716,0.364407585218899,0.55001502813524,0.552306300874284,0.44998497186476,0.635592414781101,701,1.97445900075401e-14,507090410
679,-0.876509861862312,0.098117358967663,0.416233090530697,0.343414759244517,0.504491961946744,0.583766909469303,0.495508038053256,0.656585240755483,764,4.13560445417487e-19,43688554
204,-0.826259725010805,0.103759100656108,0.437683284457478,0.35714128279494,0.536389005477918,0.562316715542522,0.463610994522082,0.64285871720506,707,1.67577528480653e-15,911994427
29,-0.899959757362196,0.0999311057535084,0.406586021505376,0.334265020672049,0.494554268799067,0.593413978494624,0.505445731200933,0.665734979327951,725,2.140950868331e-19,419695617
4,-0.710336062940457,0.104794798928085,0.491479001825928,0.400224317781593,0.603540560890226,0.508520998174072,0.396459439109774,0.599775682218407,752,1.2155418179063e-11,697793079
954,-0.759222981016403,0.102308518555554,0.468029953917051,0.382990921898633,0.57195099214799,0.531970046082949,0.42804900785201,0.617009078101367,762,1.16312566903649e-13,907045852
829,-0.843194966829831,0.0998907628161517,0.430333423692057,0.353816357584774,0.523398230682867,0.569666576307943,0.476601769317133,0.646183642415226,754,3.14175296482443e-17,733452391
654,-0.770787569548289,0.101493752587484,0.462648556876061,0.379192355149366,0.564472580401017,0.537351443123939,0.435527419598983,0.620807644850634,768,3.091415076401e-14,873556998
329,-0.87599769795867,0.0989142199108058,0.416446324695928,0.343054481395198,0.505539355286713,0.583553675304072,0.494460644713287,0.656945518604802,752,8.28364528635388e-19,578550552
704,-0.639063149600564,0.106835618617306,0.527786649632705,0.42807489330256,0.650724328589935,0.472213350367295,0.349275671410065,0.57192510669744,762,2.20763216174254e-09,865533407
629,-0.934968710504466,0.0966658919891027,0.392598149537384,0.324837449441495,0.474493649932251,0.607401850462616,0.525506350067749,0.675162550558505,757,3.95902299695591e-22,841168260
979,-0.790267861764076,0.104913888321378,0.453723243895086,0.369392577670486,0.557306222417711,0.546276756104914,0.442693777582289,0.630607422329514,709,4.97633959305464e-14,510742815
729,-0.839955581783877,0.101148384145286,0.431729699666296,0.354090491856134,0.526392371048698,0.568270300333704,0.473607628951302,0.645909508143866,737,1.00501185155849e-16,555438321
904,-0.791298908675712,0.104435174722459,0.453255675029869,0.369358304985926,0.556209794591217,0.546744324970131,0.443790205408783,0.630641695014074,715,3.53804060047589e-14,716829146
54,-0.770960684756891,0.10525539942618,0.462568472306756,0.376341810973157,0.56855120885696,0.537431527693244,0.43144879114304,0.623658189026843,714,2.39493774659094e-13,691027279
279,-0.673857854338046,0.104529898018316,0.509738283627511,0.415308903539308,0.625638207081993,0.490261716372489,0.374361792918007,0.584691096460692,776,1.1442025658618e-10,251344964
579,-0.799811902467195,0.103548203573211,0.449413489736071,0.366864520829482,0.550536978337651,0.550586510263929,0.449463021662349,0.633135479170518,723,1.12687181755093e-14,87400260
554,-0.63382171447513,0.110119552268726,0.53056027164686,0.42756366790798,0.658367917992911,0.46943972835314,0.341632082007089,0.57243633209202,720,8.62528537519168e-09,227428248
429,-0.797910503008025,0.10448748276239,0.450268817204301,0.366886697020764,0.552601141968051,0.549731182795699,0.447398858031949,0.633113302979236,711,2.2334160787551e-14,844900922
529,-0.874357008501208,0.101426605600891,0.417130144605117,0.341929910646343,0.508869075564001,0.582869855394883,0.491130924435999,0.658070089353657,716,6.66110013025453e-18,944738747
929,-0.890714250525983,0.102901350617113,0.410362546388809,0.335411483587231,0.502062176517316,0.589637453611191,0.497937823482684,0.664588516412769,688,4.88601994560243e-18,726831275
254,-0.646704340306143,0.110213707563134,0.52376910016978,0.422012967083363,0.650060760427937,0.47623089983022,0.349939239572063,0.577987032916637,712,4.41800416336786e-09,993625614
879,-0.8519777242783,0.102128862811594,0.426570458404075,0.349187372404017,0.521102337493833,0.573429541595925,0.478897662506167,0.650812627595983,717,7.2931102950346e-17,129144359
130,-0.85824813960223,0.10086141387589,0.423904052936311,0.347867757633524,0.516560221959799,0.576095947063689,0.483439778040201,0.652132242366476,732,1.75164520727143e-17,654724599
355,-0.752773657336496,0.104622150592588,0.471058185107024,0.383724932579358,0.578267907338633,0.528941814892976,0.421732092661367,0.616275067420642,732,6.23851839049199e-13,231609264
105,-0.951454644331822,0.0991356352267259,0.386178861788618,0.317983139209726,0.469000066050644,0.613821138211382,0.530999933949356,0.682016860790274,712,8.19038467350637e-22,51115006
455,-0.628528815915605,0.106761397936161,0.533375918236985,0.432671148933351,0.657519852794644,0.466624081763015,0.342480147205356,0.567328851066649,769,3.92723987205424e-09,453561486
155,-0.578085556983667,0.112110614227546,0.560971286777737,0.450310324831053,0.698826491946715,0.439028713222263,0.301173508053285,0.549689675168947,724,2.51762175951826e-07,524837558
80,-0.66201748566965,0.106999895875431,0.515809645480676,0.418225955992244,0.636162310250861,0.484190354519324,0.363837689749139,0.581774044007756,747,6.12867958873891e-10,603856613
855,-0.712143681250601,0.103833180036864,0.490591397849462,0.400255184304599,0.601316182979728,0.509408602150538,0.398683817020272,0.599744815695401,765,6.95694355859893e-12,582700471
505,-0.773165886985413,0.102414031426666,0.461549539170508,0.377609872336644,0.564148325334543,0.538450460829492,0.435851674665457,0.622390127663356,753,4.37222152485673e-14,884809475
180,-0.89336994768314,0.0998767713731984,0.409274193548387,0.336510871626015,0.497771036921629,0.590725806451613,0.502228963078371,0.663489128373985,729,3.72887356896096e-19,630673773
305,-0.678735401898641,0.107656050092412,0.507258064516129,0.41076361217953,0.626420491949975,0.492741935483871,0.373579508050025,0.58923638782047,729,2.88816669196072e-10,160774754
405,-0.86903784702361,0.0996789718933605,0.419354838709677,0.344933014403911,0.5098337167091,0.580645161290323,0.4901662832909,0.655066985596089,744,2.82243132654063e-18,977355984
780,-0.768496617801731,0.106243237056341,0.463709677419355,0.376540549617939,0.571058456122566,0.536290322580645,0.428941543877434,0.623459450382061,702,4.71154296934445e-13,537238551
605,-0.736299790418481,0.109751489575055,0.478882607249751,0.386196582821938,0.593813000235828,0.521117392750249,0.406186999764172,0.613803417178062,673,1.96243684921726e-11,783859157
380,-0.846930314669567,0.10077065838173,0.428728977116074,0.351889815759661,0.522346847186209,0.571271022883926,0.477653152813791,0.648110184240339,739,4.29567831973738e-17,596532318
480,-1.04241580032367,0.0947033217805562,0.352601836590535,0.292868697961387,0.424518072543928,0.647398163409465,0.575481927456072,0.707131302038613,736,3.52905752823452e-28,843474639
805,-0.951708677103415,0.0975640947880193,0.386080772161544,0.318883071927887,0.467438932181896,0.613919227838456,0.532561067818104,0.681116928072113,735,1.76117037659018e-22,742376399
205,-0.816840950488078,0.100533929354207,0.441825199889716,0.362807157931229,0.538053075828757,0.558174800110284,0.461946924171243,0.637192842068771,758,4.47260635737899e-16,883751105
755,-0.811354754537289,0.101805139921341,0.444255800792303,0.363895273748382,0.542362681726059,0.555744199207697,0.457637318273941,0.636104726251618,742,1.59081120090694e-15,640797722
330,-0.829987332151737,0.102402239893502,0.436054810162718,0.356759984982152,0.532974003448161,0.563945189837282,0.467025996551839,0.643240015017848,724,5.26727930432937e-16,645098097
680,-0.610424116261091,0.108255407024894,0.543120473996051,0.439287661483361,0.671495867372245,0.456879526003949,0.328504132627755,0.560712338516639,758,1.71298742986696e-08,907528194
705,-0.52936047945345,0.113023964703082,0.588981515041681,0.471949457989224,0.735034693203768,0.411018484958319,0.264965306796232,0.528050542010776,739,2.81862326840288e-06,989927917
5,-0.738966503673271,0.106527377366355,0.477607265894143,0.387609718140149,0.588500983745718,0.522392734105857,0.411499016254282,0.612390281859851,713,4.00884123209569e-12,731133436
30,-0.705734296065417,0.108952963711972,0.493745885450954,0.398806803563969,0.611285959068758,0.506254114549046,0.388714040931242,0.601193196436031,698,9.33031358327422e-11,531988748
955,-0.600134678559933,0.111655762544177,0.548737727910238,0.440882908756961,0.682977471004848,0.451262272089762,0.317022528995152,0.559117091243039,718,7.66399738875589e-08,841948837
830,-0.788179312260156,0.10074592619486,0.454671857619578,0.373201160958985,0.553927800170903,0.545328142380422,0.446072199829097,0.626798839041015,770,5.14006681973258e-15,996221998
630,-0.826719355387119,0.102376163702243,0.437482158150158,0.35794606902222,0.534691271292711,0.562517841849842,0.465308728707289,0.64205393097778,726,6.73049109414813e-16,59302446
655,-0.736223648093213,0.101237516272273,0.478919071873231,0.392725048589895,0.584030680567643,0.521080928126769,0.415969319432357,0.607274951410105,791,3.53571242569466e-13,774829029
230,-0.634256591629189,0.111903788058508,0.530329593267883,0.425885824620982,0.660387036234364,0.469670406732117,0.339612963765636,0.574114175379018,697,1.44580062885147e-08,820419198
280,-0.83415058802317,0.100669310796262,0.43424317617866,0.356486534392102,0.528960052808963,0.56575682382134,0.471039947191037,0.643513465607898,747,1.17075049382751e-16,956808503
55,-0.8936863533178,0.104798044793822,0.409144717372004,0.333175218147216,0.502436527795564,0.590855282627996,0.497563472204436,0.666824781852784,662,1.49285261882277e-17,260162002
980,-0.571786323555677,0.112687233975033,0.564516129032258,0.452644041081452,0.704037678649612,0.435483870967742,0.295962321350388,0.547355958918548,720,3.89333743618238e-07,50318761
730,-0.777400641012531,0.106828438999274,0.459599123081741,0.37277489731147,0.566645864463915,0.540400876918259,0.433354135536085,0.62722510268853,690,3.41086455626488e-13,990234382
430,-0.950458914667269,0.0999429874613743,0.386563583044521,0.317796648588053,0.470210760245997,0.613436416955479,0.529789239754003,0.682203351411947,701,1.9064229299941e-21,935556567
555,-0.809922659456028,0.0992164671478891,0.44489247311828,0.366270421538214,0.540391200048484,0.55510752688172,0.459608799951516,0.633729578461786,782,3.26296447238635e-16,738912922
580,-0.730710282135595,0.105445274231186,0.481566820276497,0.391652926889803,0.592122735384194,0.518433179723503,0.407877264615806,0.608347073110197,732,4.21559740830697e-12,441432848
530,-0.850499726024698,0.103487628647561,0.427201394943331,0.348773783756937,0.52326476455786,0.572798605056669,0.47673523544214,0.651226216243063,699,2.06285971580056e-16,125018777
930,-0.878455029786308,0.100173263482216,0.415424234209813,0.341369087696659,0.505544586749936,0.584575765790187,0.494455413250064,0.658630912303341,732,1.79690733246456e-18,231025780
905,-0.908258560176892,0.0991769407450027,0.403225806451612,0.331992868029925,0.489742601861849,0.596774193548388,0.510257398138151,0.668007131970075,732,5.28870985674405e-20,321201516
880,-0.867436565656636,0.0996661092606405,0.42002688172043,0.345494501579748,0.510637884426839,0.57997311827957,0.489362115573161,0.654505498420252,745,3.22013557631572e-18,247311281
255,-0.921141186007905,0.0980853992430387,0.398064516129032,0.328445278141544,0.482440666821685,0.601935483870968,0.517559333178315,0.671554721858456,742,5.93114089632909e-21,103520819
131,-0.800487159934755,0.100839859545653,0.449110122358175,0.368568147294664,0.547252668156696,0.550889877641825,0.452747331843304,0.631431852705336,762,2.05133313482514e-15,874150250
356,-0.839043491155418,0.0994411549033492,0.432123655913979,0.355601494232681,0.525112680989689,0.567876344086021,0.474887319010311,0.644398505767319,763,3.23953319562394e-17,555797834
456,-0.899070134122486,0.0960036350242731,0.406947890818858,0.337147822910316,0.491198740102705,0.593052109181142,0.508801259897295,0.662852177089684,786,7.60796118134089e-21,792363593
156,-0.646704340306145,0.110213707563134,0.523769100169779,0.422012967083362,0.650060760427935,0.476230899830221,0.349939239572065,0.577987032916638,712,4.41800416336739e-09,567634609
856,-0.691803997013478,0.109975083623583,0.500672043010752,0.403591843483906,0.621103966048206,0.499327956989248,0.378896033951794,0.596408156516094,692,3.16338784776662e-10,921083890
81,-0.557281637352797,0.113857965756579,0.572763929618768,0.458204746689778,0.715964907483686,0.427236070381232,0.284035092516314,0.541795253310222,713,9.85391482548467e-07,707002346
506,-0.701722745262343,0.106765246698442,0.495730550284629,0.402130432677537,0.611117086685563,0.504269449715371,0.388882913314437,0.597869567322463,729,4.9451984366151e-11,319633820
306,-0.84853932547527,0.100783503149166,0.42803970223325,0.351315231934814,0.521520190510627,0.57196029776675,0.478479809489373,0.648684768065186,738,3.78330818409304e-17,893870100
181,-0.668228685762291,0.107044955509386,0.512615777706802,0.415599616180978,0.63227906216237,0.487384222293198,0.36772093783763,0.584400383819022,743,4.30617602354019e-10,845254843
106,-0.790475524520508,0.0990697472322916,0.453629032258064,0.373570453732507,0.550844684988752,0.546370967741936,0.449155315011248,0.626429546267493,795,1.47547565493597e-15,592423304
756,-0.710480745146244,0.104305017740852,0.491407898703648,0.40055074221819,0.60287423653504,0.508592101296352,0.39712576346496,0.59944925778181,759,9.65404897644775e-12,330798659
606,-0.733541602768154,0.103041868433199,0.480205278592376,0.39238963979341,0.587673797171069,0.519794721407624,0.412326202828931,0.60761036020659,765,1.08815965787626e-12,532850150
806,-0.857534533482509,0.0983650159187212,0.424206661421452,0.349823540364686,0.51440589563166,0.575793338578548,0.48559410436834,0.650176459635314,770,2.83455875133738e-18,825019984
981,-0.891864750401216,0.0994508877379778,0.409890695814449,0.337299200032051,0.49810489470265,0.590109304185551,0.50189510529735,0.662700799967949,736,3.02245127355893e-19,304775559
481,-0.741489416390422,0.104051224790777,0.476403823178016,0.388514001655091,0.584176121765923,0.523596176821984,0.415823878234077,0.611485998344909,746,1.03180802028696e-12,248598089
431,-0.785179836945796,0.102051471086964,0.456037681986869,0.373365649911082,0.557015267584163,0.543962318013131,0.442984732415837,0.626634350088918,752,1.42650755134266e-14,295643968
831,-0.826020461939919,0.102826593217169,0.437788018433179,0.357880237276029,0.535537671882747,0.562211981566821,0.464462328117253,0.642119762723971,720,9.50088244869989e-16,339041810
31,-0.70132037574758,0.104237954860688,0.495930057280675,0.404289928704678,0.608342192699218,0.504069942719325,0.391657807300782,0.595710071295322,765,1.71926867203027e-11,549085397
631,-0.80958703266986,0.104580646442378,0.445041816009558,0.362561438628483,0.546285944656239,0.554958183990442,0.453714055343761,0.637438561371517,704,9.84285361355833e-15,342688260
681,-0.751793957219238,0.102712419211775,0.471519907003777,0.385541438210841,0.576672182716878,0.528480092996223,0.423327817283122,0.614458561789159,760,2.49069896029359e-13,372065290
406,-0.880319191487649,0.0997701301898346,0.414650537634409,0.34100264218259,0.504204504868445,0.585349462365591,0.495795495131555,0.65899735781741,737,1.10962050056021e-18,415860730
706,-0.72934416170455,0.109135540849838,0.482225148123766,0.389361955469497,0.597236299582961,0.517774851876234,0.402763700417039,0.610638044530503,684,2.34226387417378e-11,456066830
6,-0.729086612285832,0.104934500201407,0.482349360925137,0.392682275485691,0.592491488690495,0.517650639074863,0.407508511309505,0.607317724514309,740,3.70458349158326e-12,609805070
781,-0.789885727983211,0.102087631807773,0.453896660005709,0.371586422894095,0.554439466220906,0.546103339994291,0.445560533779094,0.628413577105905,749,1.01526048742472e-14,606456872
531,-0.929800403951645,0.0993567470747482,0.394632469592808,0.324803124868868,0.47947440813506,0.605367530407192,0.52052559186494,0.675196875131132,719,8.1105883337022e-21,64737536
56,-0.73922623550162,0.107578951955806,0.477483232194187,0.386711204229968,0.5895620156147,0.522516767805813,0.4104379843853,0.613288795770032,699,6.35407801060398e-12,676544589
231,-0.793655177437888,0.102571575587275,0.452188940092166,0.369837421438535,0.552877631328767,0.547811059907834,0.447122368671233,0.630162578561465,740,1.01331542446096e-14,438354150
331,-0.834909409357165,0.102441663234155,0.433913788181559,0.354980869456933,0.530398091204499,0.566086211818441,0.469601908795501,0.645019130543067,721,3.63634909631346e-16,54753014
206,-0.790282306473339,0.101199047574298,0.453716690042076,0.372086548322407,0.553255245992834,0.546283309957924,0.446744754007166,0.627913451677593,762,5.75579593771971e-15,956801896
381,-0.852018841854016,0.099131038588986,0.42655291922154,0.351230664604567,0.518028211179293,0.57344708077846,0.481971788820707,0.648769335395433,761,8.33558022013694e-18,894862728
731,-0.77472716755237,0.102425931436163,0.460829493087557,0.377011983996502,0.563281356332973,0.539170506912443,0.436718643667027,0.622988016003498,752,3.91523005867748e-14,516948425
281,-0.99526993716652,0.096065863548474,0.369623655913979,0.306188127598696,0.446201647603651,0.630376344086022,0.553798352396349,0.693811872401304,737,3.75831817647881e-25,705088055
581,-0.911654149178029,0.100872476648094,0.401858939311099,0.329769758204554,0.489707145929585,0.598141060688901,0.510292854070415,0.670230241795446,706,1.60017770823746e-19,214585273
656,-0.777385565218977,0.101991923970259,0.459606051955467,0.376331052980756,0.561308245282893,0.540393948044533,0.438691754717107,0.623668947019244,757,2.49715820971826e-14,267480002
931,-0.897408544152826,0.104352624518771,0.407624633431085,0.332227291982573,0.500133028771586,0.592375366568915,0.499866971228414,0.667772708017427,666,7.98761844146949e-18,835432699
956,-1.03472581125573,0.0960483296869174,0.355323793354354,0.294352550639324,0.428924423618909,0.644676206645646,0.571075576381091,0.705647449360676,719,4.61855622192306e-27,57907957
556,-0.647433941894991,0.107428264677299,0.523387096774194,0.424013717540298,0.646049978427137,0.476612903225806,0.353950021572863,0.575986282459702,749,1.67379555935035e-09,492226489
906,-0.779832771588069,0.104345214343731,0.458482676224611,0.373683672966374,0.562524882956278,0.541517323775389,0.437475117043722,0.626316327033626,722,7.8039315447577e-14,955759689
881,-0.731000305339483,0.108595844674685,0.481427174975562,0.389129047095294,0.59561764030479,0.518572825024438,0.40438235969521,0.610870952904706,690,1.68057063238232e-11,917659892
256,-0.658654996299613,0.112700220756774,0.517546969159873,0.414972357238987,0.6454764049074,0.482453030840127,0.3545235950926,0.585027642761013,675,5.08673082408752e-09,237433657
357,-0.730371600450803,0.101641718824487,0.481729945760776,0.394717204416373,0.587924058151477,0.518270054239224,0.412075941848523,0.605282795583627,788,6.68410817017229e-13,960334618
132,-0.56251268677035,0.111391322634799,0.56977559607293,0.458023096397089,0.708794452581074,0.43022440392707,0.291205547418926,0.541976903602911,742,4.42090296449366e-07,158016397
457,-0.84043596383813,0.102035651067593,0.431522354272779,0.353305497230839,0.527055320952045,0.568477645727221,0.472944679047955,0.646694502769161,724,1.77041341795908e-16,197572252
157,-0.520997358001211,0.115594766207179,0.593927893738139,0.473521037971684,0.744951786030923,0.406072106261861,0.255048213969077,0.526478962028316,711,6.57191636252119e-06,970650127
857,-0.901558367607071,0.100363391872519,0.405936568175657,0.333448449081085,0.494182827469559,0.594063431824343,0.505817172530441,0.666551550918915,718,2.63625342160756e-19,667697359
507,-0.745937670089606,0.107631276981802,0.474289364420313,0.384085115278894,0.585678518259897,0.525710635579687,0.414321481740103,0.615914884721106,695,4.19380421076306e-12,187581601
82,-0.691287867969763,0.105656860797853,0.500930521091811,0.407232293825606,0.616187347530872,0.499069478908189,0.383812652469128,0.592767706174394,750,6.03922368121032e-11,213345884
182,-0.783661188100777,0.106363421752022,0.456730769230769,0.370786199556649,0.562596439165097,0.543269230769231,0.437403560834903,0.629213800443351,693,1.73506275083736e-13,776949606
307,-1.02710599188906,0.0932182528932212,0.358041638069092,0.29825381993369,0.429814493640684,0.641958361930908,0.570185506359316,0.70174618006631,767,3.11919155831835e-28,867861646
757,-0.84043596383813,0.102035651067593,0.431522354272779,0.353305497230839,0.527055320952045,0.568477645727221,0.472944679047955,0.646694502769161,724,1.77041341795905e-16,128877617
607,-0.612742088392498,0.113614241455069,0.541862993838348,0.433691464159137,0.677014717503684,0.458137006161652,0.322985282496316,0.566308535840863,687,6.92214329400801e-08,314305267
807,-0.837600409370879,0.10291970142472,0.432747695852534,0.353695354289863,0.529468555338173,0.567252304147466,0.470531444661827,0.646304645710137,713,4.00577086337723e-16,174032863
832,-0.712513983050796,0.102423095503512,0.490409764603313,0.401214307637508,0.599434598019288,0.509590235396687,0.400565401980712,0.598785692362491,786,3.48643784195079e-12,897936519
482,-0.812948380372567,0.100936057859443,0.443548387096774,0.363935211155591,0.540577459024816,0.556451612903226,0.459422540975184,0.636064788844409,754,8.00704307801913e-16,597288639
682,-0.839955581783879,0.101148384145286,0.431729699666295,0.354090491856134,0.526392371048697,0.568270300333705,0.473607628951303,0.645909508143866,737,1.00501185155816e-16,836852864
407,-0.819348402218036,0.101867886318993,0.440718732314657,0.360953625332322,0.538110680656585,0.559281267685343,0.461889319343415,0.639046374667678,737,8.74899145323778e-16,105281884
107,-0.843167094596147,0.102508206094798,0.43034541821296,0.352015705436602,0.526104875767372,0.56965458178704,0.473895124232628,0.647984294563398,716,1.94602343801223e-16,487512412
707,-0.62829853381902,0.112472843653987,0.533498759305211,0.427953276412669,0.665074768362665,0.466501240694789,0.334925231637335,0.572046723587331,693,2.32059461922521e-08,892660705
57,-0.786651428082105,0.100734339797038,0.455367074527252,0.373780292987292,0.554762186380323,0.544632925472748,0.445237813619677,0.626219707012708,771,5.75665199491074e-15,494985879
207,-0.790865464084818,0.101646407850994,0.453452178834181,0.371543710361214,0.553417734590538,0.546547821165819,0.446582265409462,0.628456289638786,755,7.22070810126745e-15,235247046
432,-0.882663012987927,0.105187040137544,0.413679808841099,0.336611503140566,0.508393155451214,0.586320191158901,0.491606844548786,0.663388496859434,662,4.80523463324134e-17,330893850
982,-0.825143653466383,0.0993331549205144,0.438172043010753,0.36065514306837,0.532349927531244,0.561827956989247,0.467650072468756,0.63934485693163,772,9.82924251905568e-17,756469106
632,-0.602557982222432,0.107652707078845,0.547409579667644,0.443280107933301,0.675999763014395,0.452590420332356,0.324000236985605,0.556719892066699,771,2.1779177050881e-08,37815712
382,-0.936060841488843,0.0986047205941784,0.392169614984391,0.323252171850055,0.475780274071434,0.607830385015609,0.524219725928566,0.676747828149945,727,2.24342955948252e-21,308095773
782,-0.949416632670398,0.0987177207985009,0.386966701352757,0.318892950759859,0.469572085551046,0.613033298647243,0.530427914448954,0.681107049240141,719,6.74575072497815e-22,371456037
732,-0.575153330103582,0.115978646852954,0.562618595825427,0.448221700892183,0.706212313545963,0.437381404174573,0.293787686454037,0.551778299107817,678,7.08091229880947e-07,466308191
32,-0.867767198822155,0.0992560547222399,0.419888029858704,0.345657979514152,0.510058983352373,0.580111970141296,0.489941016647627,0.654342020485848,751,2.27578299712101e-18,439982764
7,-0.668778589542988,0.106522915128113,0.512333965844402,0.41579635629234,0.631285215913011,0.487666034155598,0.368714784086989,0.58420364370766,750,3.4238235361333e-10,158591867
282,-0.709570025918731,0.107351603269908,0.491855637176621,0.398528883825201,0.607037476180847,0.508144362823379,0.392962523819153,0.601471116174799,717,3.8490258463732e-11,795352534
332,-0.978839994348981,0.0948537428264961,0.375746714456391,0.312000679251233,0.452516942474621,0.624253285543608,0.547483057525379,0.687999320748767,764,5.75421659655518e-25,848611398
932,-0.857769160254499,0.103084258254099,0.424107142857143,0.346521437421527,0.519064188238517,0.575892857142857,0.480935811761483,0.653478562578473,701,8.71882205083875e-17,16013712
532,-0.714990842485439,0.104829252690367,0.48919659160073,0.398338790935652,0.600778309015932,0.51080340839927,0.399221690984068,0.601661209064348,749,9.07065701469674e-12,900405519
232,-0.634502797423303,0.110708720759039,0.530199039121483,0.426779452920943,0.658679838406882,0.469800960878517,0.341320161593118,0.573220547079057,712,9.96749303450339e-09,669823532
957,-0.760805829033759,0.104683798270898,0.467289719626169,0.380609142392224,0.573711079812371,0.532710280373831,0.426288920187629,0.619390857607776,727,3.65778959314691e-13,49343153
557,-0.911625566724796,0.100447508615977,0.401870425589591,0.330053978743222,0.489313413455935,0.598129574410409,0.510686586544065,0.669946021256778,712,1.13009923241818e-19,190028153
882,-0.668778589542987,0.106522915128113,0.512333965844403,0.41579635629234,0.631285215913012,0.487666034155597,0.368714784086988,0.58420364370766,750,3.42382353613355e-10,519656230
907,-0.816321064851207,0.104634833829363,0.44205495818399,0.360089894886749,0.542677228186333,0.55794504181601,0.457322771813667,0.639910105113251,700,6.11181332843505e-15,911613422
582,-0.859468396007459,0.103098262364772,0.423387096774194,0.345923620908953,0.518197147809286,0.576612903225806,0.481802852190714,0.654076379091047,700,7.65862680562228e-17,653771492
657,-0.804864261972607,0.102659034617931,0.447148617511521,0.365652345562241,0.546808706600873,0.552851382488479,0.453191293399127,0.634347654437759,733,4.4993762296262e-15,143484462
257,-0.736900308180204,0.104501662877821,0.478595116068738,0.389956609498077,0.587381466414093,0.521404883931262,0.412618533585907,0.610043390501923,742,1.76916063877848e-12,67012364
133,-0.808001956437241,0.103612962196007,0.44574780058651,0.363825969780404,0.546115775758493,0.55425219941349,0.453884224241507,0.636174030219596,718,6.27611266697953e-15,364460384
358,-1.01745785214188,0.0918423282806716,0.361512791991101,0.301958554485432,0.432812705028055,0.638487208008899,0.567187294971945,0.698041445514568,795,1.59860152889842e-28,107413423
458,-0.774255580653745,0.105281181997352,0.461046865489957,0.375084889879451,0.566709611380055,0.538953134510043,0.433290388619945,0.624915110120549,712,1.92118872946963e-13,525261458
158,-0.802357650017938,0.103100701035248,0.448270851496658,0.366252859626339,0.548655801640839,0.551729148503342,0.451344198359161,0.633747140373661,728,7.12337737217061e-15,675563749
858,-0.698028215265861,0.104704413727642,0.497565429093122,0.405252440897776,0.610906514665686,0.502434570906878,0.389093485334314,0.594747559102224,760,2.61699082933415e-11,430267288
508,-0.936523118346523,0.0994135903890073,0.391988365943945,0.322590947392993,0.476314912979302,0.608011634056055,0.523685087020698,0.677409052607007,715,4.49057290677847e-21,652440739
83,-0.821682060341321,0.101442340802913,0.43969144460028,0.360412743401837,0.536408797951776,0.56030855539972,0.463591202048224,0.639587256598163,742,5.49631967619327e-16,441152169
308,-1.00634631650564,0.0943905505473488,0.365552154461973,0.303811329752084,0.439840007747022,0.634447845538027,0.560159992252978,0.696188670247916,758,1.54066212536332e-26,477723698
758,-0.847014934936172,0.102088661676949,0.428692699490662,0.350952274427572,0.523653624688272,0.571307300509338,0.476346375311728,0.649047725572428,720,1.06902742229487e-16,246102282
808,-0.817830407969874,0.102761339037877,0.441388248847927,0.360869482087262,0.539872712688763,0.558611751152073,0.460127287311237,0.639130517912738,725,1.74078647286466e-15,933844396
608,-1.02550982235624,0.0932045863396617,0.358613589567605,0.298738265617405,0.430489567035465,0.641386410432395,0.569510432964535,0.701261734382595,768,3.70517962896486e-28,65952774
183,-0.841672955417594,0.0986431125044588,0.430988894764675,0.355222863046975,0.522915180113034,0.569011105235325,0.477084819886966,0.644777136953025,774,1.4321104455776e-17,157324449
833,-0.832564544867534,0.10065681597774,0.434932451061483,0.357061130137729,0.529786697626208,0.565067548938517,0.470213302373792,0.64293886986227,748,1.3248603315227e-16,638714188
483,-0.810579646537016,0.101355509184686,0.444600280504909,0.364498517712626,0.54230511187123,0.555399719495091,0.45769488812877,0.635501482287374,749,1.27083090528201e-15,19383940
683,-0.903229211771889,0.100377298972568,0.405258877744646,0.332882700228295,0.493371262244075,0.594741122255354,0.506628737755925,0.667117299771705,717,2.29153122962378e-19,461894543
408,-0.724220264763881,0.109656482795344,0.4847023611573,0.390962738413122,0.600917570469873,0.5152976388427,0.399082429530127,0.609037261586878,680,3.99007951312885e-11,30749938
108,-0.83262114597127,0.102879543980393,0.434907834101383,0.355488866916874,0.532069613890285,0.565092165898617,0.467930386109715,0.644511133083126,716,5.81339308431765e-16,288508320
708,-0.940167228630721,0.0998546316067307,0.390562516662223,0.321139808469326,0.474992745834247,0.609437483337777,0.525007254165753,0.678860191530674,707,4.71467373704421e-21,15649627
58,-0.835351789368803,0.0998291608017915,0.433721875847113,0.356645371109248,0.527455788934704,0.566278124152887,0.472544211065296,0.643354628890752,759,5.86972475353391e-17,191390873
783,-0.659467358375196,0.109164991616604,0.517126704356501,0.417518338829266,0.640498879901825,0.482873295643499,0.359501120098175,0.582481661170734,719,1.53147682283037e-09,326130480
433,-0.699057914831693,0.105713986870481,0.497053349875931,0.40403510074619,0.61148655690211,0.502946650124069,0.38851344309789,0.59596489925381,745,3.77299566604616e-11,709872541
383,-0.579414125604564,0.110316324462477,0.560226492793411,0.451296761343518,0.695448649561009,0.439773507206589,0.304551350438991,0.548703238656482,747,1.50213793324138e-07,996657670
733,-0.838054301503642,0.0990216888416076,0.432551319648094,0.356246188885585,0.525200409061494,0.567448680351906,0.474799590938506,0.643753811114415,770,2.5982496118965e-17,165367265
33,-0.940991887420647,0.101123141555753,0.39024056861673,0.320078307280501,0.475782637968186,0.60975943138327,0.524217362031814,0.679921692719499,689,1.3348139156534e-20,794960224
533,-0.856189704545761,0.101278580500475,0.424777530589544,0.348299661061824,0.518048022049963,0.575222469410456,0.481951977950037,0.651700338938176,727,2.81952096727513e-17,630707293
933,-0.913188726284749,0.0992177795116859,0.401242728714966,0.330333674424666,0.487373040689944,0.598757271285034,0.512626959310056,0.669666325575334,729,3.45246646442488e-20,605924714
983,-0.79912140123873,0.103075302067518,0.449723917465852,0.367458357017953,0.550406864010856,0.550276082534148,0.449593135989144,0.632541642982047,730,8.98936334743953e-15,355717410
233,-0.70677650564386,0.101923625549647,0.493231566820277,0.403918101393271,0.602293825577083,0.506768433179723,0.397706174422917,0.596081898606729,797,4.08024828982995e-12,62838345
208,-0.931425619458426,0.0958962344823361,0.393991627677911,0.326482547398795,0.475460032755378,0.606008372322089,0.524539967244622,0.673517452601206,771,2.65802412803669e-22,430142374
633,-0.727426206934405,0.102072936649747,0.483150921658986,0.39554706936136,0.590156851564657,0.516849078341014,0.409843148435343,0.60445293063864,783,1.02928163591094e-12,339494022
958,-0.700275217868454,0.103269670738314,0.496448653447765,0.405481490245979,0.607823714371246,0.503551346552235,0.392176285628754,0.594518509754021,780,1.19318234554172e-11,672397948
583,-0.996669517520943,0.0968141516660221,0.369106699751861,0.30531178824561,0.446231560807314,0.630893300248139,0.553768439192686,0.69468821175439,725,7.4476295081267e-25,19187374
558,-0.899674816485499,0.101637057053214,0.406701890989989,0.333244178879458,0.496352040389772,0.593298109010011,0.503647959610228,0.666755821120542,701,8.6089202097604e-19,157370667
883,-0.792574161177429,0.105425967081921,0.452678027997565,0.368171926000694,0.55658072373334,0.547321972002435,0.44341927626666,0.631828073999306,701,5.56942128743816e-14,563305769
333,-0.517127911017816,0.112941187782172,0.596230518303732,0.477835584356409,0.743960564250447,0.403769481696268,0.256039435749553,0.522164415643591,747,4.67793598850898e-06,873425267
283,-0.724320188156032,0.106415444140228,0.484653930472909,0.393414849933335,0.597052786295794,0.515346069527091,0.402947213704206,0.606585150066665,722,9.99790931919749e-12,826768576
908,-0.847434556443736,0.100346761805186,0.42851284855112,0.352004754790709,0.521649946128063,0.57148715144888,0.478350053871937,0.647995245209291,745,3.03885903696855e-17,180875397
8,-0.792947713665896,0.104448189442525,0.452508960573477,0.368740400863457,0.555307633554132,0.547491039426523,0.444692366445868,0.631259599136543,714,3.15539549507511e-14,662288607
658,-0.816143271269084,0.101842671933251,0.442133559705716,0.362130280742626,0.539811485019067,0.557866440294284,0.460188514980933,0.637869719257374,739,1.11248904908537e-15,390740638
258,-1.0331318900583,0.0942783800129303,0.355890603085554,0.295846624505371,0.428120893981333,0.644109396914446,0.571879106018667,0.704153375494629,747,6.06195738482008e-28,112424955
359,-0.797125265433325,0.101694584611118,0.450622524052065,0.369190322530746,0.550016202459216,0.549377475947935,0.449983797540784,0.630809677469254,751,4.56236482110066e-15,807149823
134,-1.06482762086843,0.0945584055876346,0.344787283777466,0.286459334947986,0.414991786098464,0.655212716222534,0.585008213901536,0.713540665052014,728,2.04292865752627e-29,765589991
459,-0.783602645232746,0.100711268844728,0.456757508342603,0.37493856053587,0.556430955325501,0.543242491657397,0.443569044674499,0.62506143946413,773,7.21329750880728e-15,115649196
859,-0.819705162835445,0.104662192388393,0.440561529271207,0.358854132054635,0.540872860965786,0.559438470728793,0.459127139034214,0.641145867945365,698,4.8050281495151e-15,194131728
159,-0.749193865547203,0.10045535273145,0.472747497219132,0.388258960136203,0.575621477089807,0.527252502780868,0.424378522910193,0.611741039863797,796,8.78599710300407e-14,963793496
509,-0.880333534471421,0.102814045343615,0.414644590351127,0.338969427359175,0.50721428668927,0.585355409648873,0.49278571331073,0.661030572640825,694,1.10555411189438e-17,954761555
84,-0.972038561475311,0.0993135617906911,0.378311041174927,0.311396093144299,0.459605136434826,0.621688958825073,0.540394863565174,0.688603906855701,700,1.27317335543319e-22,907943455
759,-0.752032114165789,0.103180032207259,0.471407624633431,0.385096525237417,0.577063499665516,0.528592375366569,0.422936500334484,0.614903474762583,753,3.13324609603569e-13,757207377
309,-0.727556436935239,0.106440046078589,0.483088005010962,0.392124811273905,0.595152395043056,0.516911994989038,0.404847604956944,0.607875188726095,720,8.17971853685802e-12,265407935
609,-0.692837054956591,0.105668217617487,0.500155086848635,0.406592852844148,0.615247191756353,0.499844913151365,0.384752808243647,0.593407147155852,749,5.50036650068617e-11,98182618
834,-0.766038607551462,0.105217030358161,0.464850882531954,0.378227203067766,0.57131359468087,0.535149117468046,0.42868640531913,0.621772796932234,717,3.32444198572054e-13,855763231
184,-0.556209684626941,0.111958054849177,0.573378234668557,0.460407441148026,0.714068823848419,0.426621765331443,0.285931176151581,0.539592558851974,738,6.76405206679196e-07,293143782
409,-0.790475524520507,0.102546930806636,0.453629032258065,0.371033169160185,0.554611598130591,0.546370967741935,0.445388401869409,0.628966830839815,742,1.27378001390412e-14,216749009
484,-0.899747870508982,0.101202390303264,0.406672180865729,0.333503836263798,0.495893134372443,0.593327819134271,0.504106865627557,0.666496163736202,707,6.07911630681424e-19,912203899
709,-0.875210706130691,0.0977138046431662,0.416774193548387,0.344133283703153,0.504748411832612,0.583225806451613,0.495251588167388,0.655866716296847,771,3.33998467927298e-19,581000096
684,-0.702406505972742,0.105234011245693,0.495391705069124,0.403063412634718,0.608869308794603,0.504608294930876,0.391130691205397,0.596936587365282,750,2.47721543799933e-11,897972265
59,-0.47418694015722,0.115278341976878,0.622390891840606,0.496521576803549,0.780168355904924,0.377609108159394,0.219831644095076,0.503478423196451,741,3.89859192920423e-05,56954181
809,-0.892258218830451,0.0982436650277376,0.409729448491155,0.33796522818142,0.496732228531949,0.590270551508846,0.503267771468051,0.66203477181858,754,1.06505550074423e-19,358925101
434,-0.757685701697516,0.102296968385495,0.46875,0.383588822255312,0.572817949199137,0.53125,0.427182050800863,0.616411177744688,763,1.294547196597e-13,132084800
109,-0.53356511073548,0.113693167632129,0.586510263929619,0.46935323646872,0.732911297859382,0.413489736070381,0.267088702140618,0.530646763531279,728,2.69191884514622e-06,52674166
34,-0.793709618464658,0.10035635900536,0.452164323132065,0.371426430629336,0.550452413327341,0.547835676867935,0.449547586672659,0.628573569370664,773,2.5964792969182e-15,305076458
384,-1.08679168172438,0.0951024225375223,0.337296915469744,0.279937474882382,0.406409357065196,0.662703084530256,0.593590642934804,0.720062525117618,710,3.04434303462531e-30,484956451
734,-0.721140831119443,0.105878614220666,0.486197270471464,0.395083121625245,0.598324182621315,0.513802729528536,0.401675817378685,0.604916878374755,731,9.69125155416932e-12,510346360
534,-0.928984690694009,0.101450526104685,0.394954507857733,0.32373692008324,0.481838967384492,0.605045492142267,0.518161032615508,0.67626307991676,690,5.33492425560286e-20,910783536
984,-0.792680155135872,0.103024974873139,0.452630049404243,0.369869367906838,0.553908972735722,0.547369950595757,0.446091027264278,0.630130632093162,734,1.42540140105976e-14,902671311
209,-0.921460072035426,0.0992867104971283,0.397937599153887,0.327568381000675,0.483423742965085,0.602062400846113,0.516576257034915,0.672431618999325,724,1.68211268032794e-20,244620725
934,-0.966877894656514,0.0940598622720041,0.380268424770426,0.316246964596457,0.45725047531097,0.619731575229574,0.54274952468903,0.683753035403543,783,8.7279318508377e-25,479835926
234,-0.767734132061398,0.101470784319552,0.464063384267119,0.38036908747955,0.566173308258206,0.535936615732881,0.433826691741794,0.61963091252045,770,3.8471179593182e-14,640469687
784,-0.917828011193041,0.0976681731209163,0.399385560675883,0.32980486653528,0.48364606548135,0.600614439324117,0.51635393451865,0.67019513346472,750,5.59218711914015e-21,305309289
959,-0.858633322890038,0.102183065662984,0.423740803621958,0.34683419015048,0.517700600901771,0.576259196378042,0.482299399098229,0.65316580984952,713,4.35613181453582e-17,618742951
884,-0.796483876736622,0.101246541319644,0.450911640953717,0.369751747482879,0.549885996027613,0.549088359046283,0.450114003972387,0.630248252517121,758,3.63896923389362e-15,223711999
584,-0.843720039039319,0.102062072625417,0.430107526881721,0.35212888297877,0.52535447565505,0.569892473118279,0.47464552434495,0.64787111702123,722,1.37678307349507e-16,344582500
284,-0.588290824227143,0.109222369380649,0.555275537634408,0.448268572268676,0.687826320579926,0.444724462365592,0.312173679420074,0.551731427731324,757,7.19727839370009e-08,930434074
559,-0.716084706939925,0.107401010373951,0.488661769402747,0.395902694383412,0.603154078675117,0.511338230597253,0.396845921324883,0.604097305616588,713,2.60387790585913e-11,697547082
634,-0.85824813960223,0.10086141387589,0.423904052936311,0.347867757633524,0.516560221959799,0.576095947063689,0.483439778040201,0.652132242366476,732,1.75164520727153e-17,677066115
334,-0.856717362635568,0.0991681477312378,0.42455345241269,0.349558845622111,0.515637456219283,0.57544654758731,0.484362543780717,0.650441154377889,758,5.66884899829938e-18,458689871
9,-1.02961941718116,0.0986337803871763,0.357142857142857,0.294364031736616,0.433310481772075,0.642857142857143,0.566689518227925,0.705635968263384,684,1.64862179058309e-25,534608089
909,-0.800269922112796,0.101718891933195,0.449207696661007,0.368013636111396,0.548315428938092,0.550792303338993,0.451684571061908,0.631986363888604,749,3.61896626894823e-15,703667068
659,-0.845840930608459,0.100334106668408,0.429196282121377,0.352574910905823,0.522468964435241,0.570803717878623,0.477531035564759,0.647425089094177,746,3.44947272866731e-17,553464523
259,-0.787422087033617,0.103924627441295,0.455016277005031,0.371164241852971,0.557811849832058,0.544983722994969,0.442188150167942,0.628835758147029,724,3.54025410648741e-14,635768922
460,-0.762916006624024,0.107765109698588,0.466304694985628,0.377519996655452,0.575969671784269,0.533695305014372,0.424030328215731,0.622480003344548,685,1.44744172420688e-12,48471126
360,-0.812114699623988,0.104120020146489,0.443918319029299,0.361972806848609,0.544415133516419,0.556081680970701,0.455584866483581,0.638027193151391,709,6.20083558120789e-15,941456310
760,-0.732494403929097,0.106998403786865,0.480708412397216,0.389766505985137,0.592869254286986,0.519291587602784,0.407130745713014,0.610233494014863,710,7.60261761638974e-12,459877988
160,-0.795895591989846,0.103050060500441,0.451176983435048,0.368663859794084,0.552157921026618,0.548823016564952,0.447842078973382,0.631336140205916,732,1.13277760853631e-14,851206433
510,-0.707754684299745,0.1033238279884,0.492749334122522,0.402417301276148,0.603358517410196,0.507250665877478,0.396641482589804,0.597582698723852,775,7.39176558665356e-12,652523826
135,-0.585707662074287,0.110951884045496,0.556711758584807,0.447907133737069,0.691946965793411,0.443288241415193,0.308053034206589,0.552092866262931,735,1.29937663280794e-07,952986125
310,-0.988424732261967,0.0949344186559747,0.372162485065711,0.308975660522954,0.448271281484957,0.627837514934289,0.551728718515043,0.691024339477046,758,2.19366537845352e-25,797165382
835,-0.842158758472366,0.0994655505070116,0.430779569892474,0.354478474648315,0.523504390558139,0.569220430107526,0.476495609441861,0.645521525351685,761,2.52143184746822e-17,656985773
860,-0.849690206025824,0.0971262782478287,0.427547363031234,0.353435520517932,0.517199706942549,0.572452636968766,0.482800293057451,0.646564479482068,794,2.16583197991583e-18,805830802
185,-0.937014535164194,0.0974410657405828,0.391795783591567,0.323681421259914,0.474243889076561,0.608204216408432,0.525756110923439,0.676318578740086,744,6.82961695418423e-22,548935675
610,-0.843720039039319,0.0982571704584633,0.430107526881721,0.354764689998348,0.521451232029805,0.569892473118279,0.478548767970195,0.645235310001652,779,8.938261286467e-18,180739221
485,-0.937720592907206,0.0986186883854063,0.391519250780438,0.32270726392291,0.475004255771241,0.608480749219562,0.524995744228759,0.67729273607709,726,1.93341117769709e-21,32902896
85,-0.708361858561428,0.111267507177458,0.49245024021963,0.395959967393381,0.612453932373024,0.50754975978037,0.387546067626976,0.604040032606619,668,1.93647868956207e-10,41590471
710,-0.775636671935208,0.103359884775657,0.460410557184751,0.375980377843027,0.563800383369142,0.539589442815249,0.436199616630858,0.624019622156973,738,6.17892517504215e-14,872557019
685,-0.863379233999458,0.0988135589501292,0.421734531993654,0.347479276847782,0.511857907295635,0.578265468006346,0.488142092704365,0.652520723152218,760,2.38416146163278e-18,238127113
810,-0.862449024145597,0.0964626213366717,0.422127016129032,0.34940894247019,0.509978984757102,0.577872983870968,0.490021015242898,0.65059105752981,798,3.86507391643565e-19,46507822
60,-0.865488883789043,0.100068313189075,0.420845757657902,0.345895292127474,0.512036896048247,0.579154242342098,0.487963103951753,0.654104707872526,740,5.19615651637278e-18,984426228
385,-0.699057914831695,0.10571398687048,0.49705334987593,0.40403510074619,0.611486556902107,0.50294665012407,0.388513443097893,0.59596489925381,745,3.77299566604387e-11,36511249
585,-0.718250570458781,0.103878067124356,0.487604540023894,0.397783321294239,0.597707783922003,0.512395459976106,0.402292216077997,0.602216678705761,761,4.69973320546685e-12,186844758
410,-0.772606775663561,0.105268270263403,0.461807668898356,0.37571334972512,0.56763041081549,0.538192331101644,0.43236958918451,0.62428665027488,713,2.14540816143627e-13,493376401
110,-0.904874462192651,0.100815502092709,0.404592673592127,0.33205016722631,0.492983433472745,0.595407326407873,0.507016566527255,0.66794983277369,710,2.81942614225883e-19,152795257
35,-0.799364471937754,0.102160947095219,0.449614616043391,0.368028002900158,0.549287829640203,0.550385383956609,0.450712170359797,0.631971997099842,743,5.09435054015752e-15,52361708
735,-0.970670492567422,0.100956773482303,0.378828950935213,0.310819745098664,0.461718974838998,0.621171049064787,0.538281025161002,0.689180254901336,678,6.93017438550512e-22,451966637
985,-0.775698512942,0.10681487788859,0.460382085812715,0.373419873346513,0.567596103115238,0.539617914187285,0.432403896884762,0.626580126653487,691,3.81174062706772e-13,901552673
935,-0.750938305588355,0.104122705220083,0.471923536439665,0.384806350175142,0.578763380969034,0.528076463560335,0.421236619030966,0.615193649824858,740,5.5115146161908e-13,508637741
535,-0.669723858542384,0.108682099155127,0.511849901250823,0.41364926150937,0.633363445288157,0.488150098749177,0.366636554711843,0.58635073849063,720,7.17285381768175e-10,928122135
885,-0.786196194901133,0.10161065326811,0.45557441992077,0.373308764182472,0.555968870810376,0.54442558007923,0.444031129189624,0.626691235817528,758,1.01518134639183e-14,191411291
210,-0.557281637352798,0.113857965756579,0.572763929618768,0.458204746689778,0.715964907483685,0.427236070381232,0.284035092516315,0.541795253310222,713,9.85391482548457e-07,793762500
235,-0.76080582903376,0.104683798270898,0.467289719626168,0.380609142392224,0.57371107981237,0.532710280373832,0.42628892018763,0.619390857607776,727,3.65778959314653e-13,348463446
960,-0.744119322466126,0.102655058320567,0.475152571926766,0.388555392226139,0.581049629282257,0.524847428073234,0.418950370717743,0.61144460777386,765,4.20681785141836e-13,964813403
435,-0.844236701411959,0.0990699268629691,0.429885363902959,0.354017054656032,0.522012777823756,0.570114636097041,0.477987222176244,0.645982945343968,766,1.57330966283948e-17,682859876
560,-0.771499623061503,0.100620321285488,0.462319243604004,0.379571676577305,0.563105985499019,0.537680756395996,0.436894014500981,0.620428323422695,781,1.75471932619439e-14,277391857
285,-0.92780315624986,0.0985355416733662,0.395421436004163,0.325976733717577,0.47966034344973,0.604578563995837,0.52033965655027,0.674023266282423,732,4.68940148494434e-21,492004287
660,-0.742007473415545,0.100838515587742,0.476157082748948,0.390765621504181,0.580208582779749,0.523842917251052,0.419791417220251,0.609234378495819,794,1.86164382016217e-13,693596439
335,-0.852230728707228,0.100384960903565,0.42646254784035,0.350294294398957,0.519192883294147,0.57353745215965,0.480807116705853,0.649705705601043,742,2.07303955700383e-17,815113535
10,-0.978302403909819,0.0944998848901752,0.375948766603415,0.312385032080865,0.452446374172121,0.624051233396585,0.547553625827879,0.687614967919135,770,4.08043534731146e-25,574844315
785,-0.618028715646311,0.108308814009872,0.539005924950625,0.435914092623672,0.666478537968933,0.460994075049375,0.333521462031067,0.564085907376328,753,1.15545280351365e-08,232893403
910,-0.801360765200179,0.100414674521203,0.448717948717948,0.368553309802384,0.546319330599974,0.551282051282052,0.453680669400026,0.631446690197616,768,1.45724589644543e-15,915273637
635,-0.627032929324022,0.106750917617469,0.534174385180454,0.43332776114872,0.658490637725342,0.465825614819546,0.341509362274658,0.56667223885128,770,4.25931884345749e-09,475128344
260,-0.774944582489629,0.101082749225947,0.460729312762974,0.37792363392324,0.56167828784732,0.539270687237026,0.43832171215268,0.62207636607676,772,1.76839229406531e-14,550494637
461,-0.658278354909122,0.107506429579915,0.517741935483871,0.419376126553455,0.639179711924821,0.482258064516129,0.360820288075179,0.580623873446545,742,9.1741318202252e-10,727345417
161,-0.615899939841209,0.109416071133901,0.540154569892473,0.435896042544749,0.66934986991943,0.459845430107527,0.33065013008057,0.564103957455251,739,1.81287406118034e-08,398487210
761,-0.762841560318386,0.100992136200574,0.466339410939692,0.382593385661759,0.568416638514082,0.533660589060308,0.431583361485918,0.617406614338241,780,4.23796395423762e-14,570736674
311,-0.753087992448887,0.102262522061313,0.470910138248848,0.38538253034675,0.575418813369725,0.529089861751152,0.424581186630275,0.61461746965325,766,1.78129711130191e-13,184236788
511,-0.816088100377234,0.100960470982986,0.442157953281424,0.36277698955022,0.538908644377937,0.557842046718576,0.461091355622063,0.63722301044978,752,6.30663704999584e-16,275642141
836,-0.719667390369343,0.104864017976977,0.486914181375531,0.396453274843298,0.598016046451664,0.513085818624469,0.401983953548336,0.603546725156702,746,6.74939441294579e-12,496909022
361,-0.827326229263643,0.0989386327763077,0.437216742202079,0.36014722017924,0.530778717566285,0.562783257797921,0.469221282433715,0.63985277982076,777,6.16565423956302e-17,920921394
861,-0.984205190628423,0.0952522573320675,0.373736157920077,0.310088919838198,0.45044729689066,0.626263842079923,0.54955270310934,0.689911080161802,755,5.01721992776166e-25,559767789
611,-0.721318057526642,0.103900710159442,0.486111111111111,0.396547396675848,0.59590357754597,0.513888888888889,0.40409642245403,0.603452603324152,759,3.85552486831632e-12,71677975
186,-0.860593888529192,0.0968272546923481,0.422910845821692,0.349807659287007,0.511291216087623,0.577089154178308,0.488708783912377,0.650192340712993,793,6.22577273485225e-19,336373222
136,-0.792312072327809,0.103962968679967,0.452796685409884,0.369325929632102,0.555132531643283,0.547203314590116,0.444867468356717,0.630674070367898,721,2.51525016766747e-14,358927826
86,-0.721401848217545,0.102952439110975,0.486070381231671,0.397251808512431,0.594747237011784,0.513929618768329,0.405252762988216,0.602748191487569,773,2.43244015134899e-12,351187692
486,-0.658671620988943,0.105932040338905,0.517538365173817,0.420506809929475,0.63695986153401,0.482461634826183,0.36304013846599,0.579493190070524,764,5.03949847304946e-10,714304036
711,-0.82508936317619,0.102363186835861,0.438195832143876,0.358539113130257,0.535549903138476,0.561804167856124,0.464450096861524,0.641460886869743,727,7.60383202239583e-16,705564977
686,-0.829315357836771,0.10285298462876,0.436347926267281,0.356684549234114,0.533803645732874,0.563652073732719,0.466196354267126,0.643315450765886,718,7.43750015224756e-16,633420660
586,-0.910078396893877,0.104462446446751,0.402492668621701,0.327973971258368,0.493942698174056,0.597507331378299,0.506057301825944,0.672026028741632,659,2.98520256103267e-18,294047179
111,-0.722855336845529,0.103912082068475,0.485364396654719,0.395929436105557,0.595001472629059,0.514635603345281,0.404998527370941,0.604070563894443,758,3.49046156030978e-12,38049735
961,-0.773165886985414,0.102414031426666,0.461549539170508,0.377609872336644,0.564148325334543,0.538450460829492,0.435851674665457,0.622390127663356,753,4.37222152485646e-14,691042847
986,-0.705936336676268,0.108402837231277,0.493646138807429,0.399156386219102,0.610503849550638,0.506353861192572,0.389496150449362,0.600843613780898,705,7.40790420441273e-11,66867276
36,-0.713436840618706,0.104817733696801,0.489957395009129,0.398967298696347,0.601699060821622,0.510042604990871,0.398300939178378,0.601032701303653,750,1.0003530108013e-11,452414060
536,-0.756995400402908,0.103689917518082,0.469073690440959,0.382807164209256,0.574780588337225,0.530926309559041,0.425219411662775,0.617192835790744,743,2.86553232135021e-13,879287271
736,-0.854717793248862,0.0995646130215158,0.425403225806451,0.349986446719965,0.517071178677192,0.574596774193549,0.482928821322808,0.650013553280035,753,9.11895371446413e-18,79882483
386,-0.949446118583506,0.102956706393133,0.386955291454442,0.316245156307659,0.473475702625223,0.613044708545557,0.526524297374777,0.683754843692341,661,2.9215495522018e-20,702952226
886,-0.756559863596917,0.105643129152219,0.469278033794164,0.381510619699401,0.577236547635903,0.530721966205836,0.422763452364097,0.618489380300599,716,7.98177870769124e-13,317467143
811,-0.851291735570214,0.101239093991296,0.426863181312569,0.350036895751893,0.520551341220441,0.573136818687431,0.479448658779559,0.649963104248107,730,4.14490439670179e-17,639238945
936,-0.906620558172653,0.0991634132347857,0.403886832363828,0.332545935450692,0.490532452714565,0.596113167636172,0.509467547285435,0.667454064549308,733,6.09166160173783e-20,193971729
411,-0.806906065916604,0.106042349661783,0.446236559139784,0.3624947628545,0.549323982351826,0.553763440860215,0.450676017648174,0.6375052371455,686,2.75624321432222e-14,85459879
211,-0.803815896809294,0.104053853799972,0.447617638354542,0.365036583114979,0.548880740818758,0.552382361645458,0.451119259181242,0.634963416885021,714,1.11854388071503e-14,160923851
61,-0.784175330934747,0.103899265982009,0.456496004735129,0.372389790160729,0.559598055170071,0.543503995264871,0.440401944829929,0.627610209839271,726,4.43836104917908e-14,843889874
286,-0.714990842485437,0.104829252690367,0.489196591600731,0.398338790935653,0.600778309015933,0.510803408399269,0.399221690984067,0.601661209064347,749,9.07065701469796e-12,256463574
236,-0.809648047343909,0.103626037031796,0.445014662756598,0.363218263778022,0.545231531059237,0.554985337243402,0.454768468940763,0.636781736221978,717,5.57664279016537e-15,753108629
661,-0.650923644114401,0.112027842471256,0.521563814866761,0.418744562658288,0.649629481160225,0.478436185133239,0.350370518839775,0.581255437341712,687,6.23334951812485e-09,568714452
436,-0.859862019315041,0.0991930741601116,0.423220474540122,0.348444305994737,0.514043613250124,0.576779525459878,0.485956386749876,0.651555694005263,756,4.37584520537641e-18,475019728
336,-0.777230297770486,0.103372169488102,0.459677419354839,0.375372644794919,0.562916165561739,0.540322580645161,0.437083834438261,0.624627355205081,737,5.52991497503571e-14,431260976
561,-0.882635455288996,0.0955075024593082,0.413691209061806,0.343067958960082,0.498852813226234,0.586308790938194,0.501147186773766,0.656932041039918,803,2.42997198922144e-20,770212680
911,-0.841006333167723,0.101595612287094,0.431276297335203,0.35340870960043,0.52630068130878,0.568723702664797,0.47369931869122,0.64659129039957,730,1.25283436954307e-16,320699506
11,-0.839157293480903,0.0982218508553767,0.432074482035142,0.356411761298963,0.523799656177282,0.567925517964858,0.476200343822718,0.643588238701037,782,1.30229019797928e-17,718200766
786,-0.785360423853739,0.106376994174664,0.455955334987592,0.370146834813993,0.561656207618578,0.544044665012408,0.438343792381422,0.629853165186007,692,1.54990925866444e-13,939751621
636,-0.756427170140723,0.102747246323814,0.469340308049985,0.383733079927829,0.57404570073001,0.530659691950015,0.42595429926999,0.616266920072171,757,1.81149305136605e-13,120544234
261,-0.7356931783283,0.106502229058195,0.479173191356092,0.388899737984484,0.590401393696857,0.520826808643908,0.409598606303143,0.611100262015516,715,4.92322352084868e-12,794435186
462,-0.990588828560018,0.099074868739881,0.371357960457856,0.305815896638415,0.450946913850179,0.628642039542144,0.549053086149821,0.694184103361585,695,1.5490027080512e-23,540111679
362,-0.884728062766697,0.0974006957630798,0.412826420890937,0.341082833218986,0.499660602022155,0.587173579109063,0.500339397977845,0.658917166781014,771,1.05249103313968e-19,904823212
162,-0.8290258971001,0.101944471990626,0.436474250141482,0.35742369127011,0.533008235574956,0.563525749858518,0.466991764425044,0.64257630872989,731,4.21805334961751e-16,63812235
762,-0.75385946400256,0.100925542562747,0.47054698457223,0.386095746423915,0.573470354803949,0.52945301542777,0.426529645196051,0.613904253576085,786,8.05236061422284e-14,963091875
312,-0.73859540025486,0.105006280546301,0.477784540474741,0.388911320866556,0.586966886456326,0.522215459525259,0.413033113543674,0.611088679133444,734,2.00952636151408e-12,280170177
512,-0.848539325475268,0.100783503149166,0.428039702233251,0.351315231934815,0.521520190510628,0.571960297766749,0.478479809489372,0.648684768065185,738,3.78330818409372e-17,99520481
612,-0.944093013186107,0.0982770308587125,0.389032258064516,0.320872171696395,0.471670999122909,0.610967741935484,0.528329000877091,0.679127828303605,728,7.50961745517913e-22,347261102
862,-0.780425188667006,0.103396852432447,0.458211143695015,0.374157182591458,0.561147726076251,0.541788856304985,0.438852273923749,0.625842817408542,735,4.4246087788535e-14,118297700
187,-0.77675625177915,0.102901835950501,0.459895379250217,0.375896986882939,0.56266415330849,0.540104620749783,0.43733584669151,0.624103013117061,744,4.40242457928193e-14,166402204
137,-0.6380756475916,0.108451436291661,0.528308097432522,0.427142944646422,0.653433351319454,0.471691902567478,0.346566648680546,0.572857055353578,740,4.01643779063474e-09,183789554
487,-0.70643150875868,0.102843537444024,0.493401759530791,0.403329619000447,0.603588937780964,0.506598240469209,0.396411062219036,0.596670380999553,783,6.46568109532048e-12,34319489
87,-0.781548626504585,0.101575217846746,0.457696661007358,0.375073828943804,0.558519996148999,0.542303338992642,0.441480003851001,0.624926171056196,761,1.42288113610529e-14,744365061
837,-0.815500487244803,0.105115992633708,0.442417847452516,0.360045795101855,0.543635155325578,0.557582152547484,0.456364844674422,0.639954204898145,694,8.62104873149369e-15,638506674
112,-0.843181391032759,0.101174100155957,0.430339265850946,0.352932314695305,0.524723512192448,0.569660734149054,0.475276487807552,0.647067685304695,735,7.81791666016763e-17,507725832
687,-0.79242674465177,0.101658397717619,0.452744765138653,0.370955361543149,0.55256735340813,0.547255234861347,0.44743264659187,0.629044638456851,754,6.44108147802843e-15,687330638
987,-0.923643479016373,0.0958330599782523,0.397069687269145,0.329073935631225,0.47911523665825,0.602930312730855,0.52088476334175,0.670926064368775,776,5.52290089483167e-22,523238703
712,-0.765546141477981,0.106734434695422,0.46507986219856,0.377289761205689,0.573297503572356,0.53492013780144,0.426702496427644,0.622710238794311,697,7.36736522127455e-13,279899717
37,-0.800487159934755,0.100839859545653,0.449110122358175,0.368568147294664,0.547252668156697,0.550889877641825,0.452747331843303,0.631431852705336,762,2.05133313482523e-15,702341152
887,-0.756995400402909,0.103689917518082,0.469073690440959,0.382807164209256,0.574780588337225,0.530926309559041,0.425219411662775,0.617192835790744,743,2.86553232135009e-13,883104081
937,-0.67186978211266,0.10814761409775,0.510752688172043,0.413195178388435,0.631344028486539,0.489247311827957,0.368655971513461,0.586804821611565,726,5.21398024045752e-10,452582701
537,-0.835937898597265,0.102906272882879,0.433467741935484,0.354293190376838,0.53033557630277,0.566532258064516,0.46966442369723,0.645706809623162,714,4.53698885304454e-16,400053011
412,-0.854554381205029,0.101265377030688,0.425472747497219,0.348878737887568,0.518882463170259,0.574527252502781,0.481117536829741,0.651121262112432,728,3.20717312669752e-17,793281841
387,-0.644293014342427,0.109620557693485,0.525033602150537,0.423523888404307,0.650873046207056,0.474966397849463,0.349126953792944,0.576476111595693,721,4.16550329338022e-09,324327437
737,-0.832564544867536,0.10065681597774,0.434932451061483,0.357061130137729,0.529786697626207,0.565067548938517,0.470213302373793,0.642938869862271,748,1.32486033152254e-16,903059002
62,-0.790475524520506,0.102546930806636,0.453629032258065,0.371033169160185,0.554611598130592,0.546370967741935,0.445388401869408,0.628966830839815,742,1.27378001390418e-14,532641321
587,-0.708462372859672,0.105783683841885,0.492400744416874,0.400198508653784,0.605845568785078,0.507599255583126,0.394154431214922,0.599801491346216,739,2.12342468985706e-11,159069048
962,-0.829315357836772,0.10285298462876,0.436347926267281,0.356684549234113,0.533803645732873,0.563652073732719,0.466196354267127,0.643315450765887,718,7.43750015224724e-16,306212595
287,-0.863512073171269,0.100475478680073,0.421678512848551,0.346303267307475,0.51345968977038,0.578321487151449,0.48654031022962,0.653696732692524,735,8.38053655764368e-18,209163566
812,-0.85906831598612,0.100016805319798,0.423556519381946,0.348158427188293,0.515283018020772,0.576443480618054,0.484716981979228,0.651841572811707,744,8.75466971078248e-18,457604955
212,-0.880770976711327,0.0989526030228478,0.414463246959281,0.341395204664139,0.503169876826551,0.585536753040719,0.496830123173449,0.658604795335861,749,5.53767259606578e-19,437060788
562,-0.889939979653206,0.100267274635658,0.410680401192735,0.337408732734626,0.499863742579766,0.589319598807265,0.500136257420234,0.662591267265374,725,6.95090699417084e-19,802700282
912,-0.837330240940551,0.100694415122138,0.432864626413013,0.355337346810533,0.527306759285238,0.567135373586987,0.472693240714762,0.644662653189467,745,9.13216328391171e-17,316082616
12,-0.708724874501816,0.110105182941833,0.492271505376343,0.396718995991124,0.610838496402409,0.507728494623657,0.389161503597591,0.603281004008876,682,1.22019758489632e-10,115425939
662,-0.761407182831244,0.103250994211484,0.467008797653959,0.381450032649143,0.571758286587438,0.532991202346041,0.428241713412562,0.618549967350857,747,1.65170247295608e-13,58055887
237,-0.707244870370783,0.104772000757943,0.493000608642727,0.401481341584591,0.605382056268958,0.506999391357273,0.394617943731042,0.598518658415409,754,1.47516149185453e-11,33475989
437,-0.582042823722864,0.108059408128356,0.558755760368665,0.452107465514984,0.690561478319181,0.441244239631335,0.309438521680819,0.547892534485016,777,7.19138705907965e-08,350418675
337,-0.759497199875237,0.107737991177046,0.467901628872565,0.378833008297772,0.577911453084135,0.532098371127435,0.422088546915865,0.621166991702228,687,1.79583021675473e-12,62404640
787,-0.591117780573985,0.108677411886573,0.553708014632524,0.447480823900359,0.685152411216086,0.446291985367476,0.314847588783914,0.552519176099641,763,5.35214482933934e-08,912270110
637,-0.719607868331291,0.105361741596277,0.486943164362518,0.396090290577477,0.598635338860956,0.513056835637482,0.401364661139044,0.603909709422523,739,8.49867227010225e-12,437323581
262,-0.846930314669568,0.10077065838173,0.428728977116074,0.351889815759661,0.522346847186209,0.571271022883926,0.477653152813791,0.648110184240339,739,4.29567831973701e-17,71363869
463,-0.794929874869888,0.0991031209058631,0.451612903225806,0.37188581431249,0.5484323588333,0.548387096774194,0.4515676411667,0.62811418568751,792,1.04683331780314e-15,728956928
363,-0.800487159934755,0.100839859545653,0.449110122358175,0.368568147294664,0.547252668156697,0.550889877641825,0.452747331843303,0.631431852705336,762,2.05133313482528e-15,471096733
163,-0.787195884270151,0.101175511983666,0.455119214586255,0.373253955980999,0.554939863775092,0.544880785413745,0.445060136224908,0.626746044019001,764,7.22395205696001e-15,546659214
763,-0.774497836052683,0.103824122270556,0.460935187925421,0.376066467319388,0.564956639134227,0.539064812074579,0.435043360865773,0.623933532680611,732,8.67131661480271e-14,102872640
313,-0.662345900601406,0.108077698598106,0.515640273704789,0.417206365882189,0.637298261986326,0.484359726295211,0.362701738013674,0.582793634117811,732,8.87541224349685e-10,248488461
513,-0.794929874869888,0.103509833911121,0.451612903225806,0.368687668061603,0.553189683377106,0.548387096774194,0.446810316622894,0.631312331938397,726,1.59396614730736e-14,652158274
613,-0.835529985069276,0.101996329330053,0.433644595359366,0.355070429185688,0.529606578378418,0.566355404640634,0.470393421621582,0.644929570814312,727,2.57422378174527e-16,41212293
863,-0.717878942053173,0.106366697339262,0.487785781396806,0.395994943007372,0.600853553143639,0.512214218603194,0.399146446856361,0.604005056992628,726,1.48770191771823e-11,827681245
188,-0.928632779372029,0.100591387367633,0.395093521279479,0.324396652525034,0.481197599734702,0.604906478720521,0.518802400265298,0.675603347474967,702,2.66289393505747e-20,365722519
488,-0.751912489786198,0.106113719469472,0.471464019851116,0.382934409815718,0.58046056012867,0.528535980148884,0.41953943987133,0.617065590184282,712,1.38131459971565e-12,962864814
138,-0.740465103945845,0.106025472777567,0.47689205955335,0.387410194943066,0.587041950453728,0.52310794044665,0.412958049546272,0.612589805056934,719,2.87215951205506e-12,900764606
838,-0.841672955417595,0.0986431125044588,0.430988894764675,0.355222863046974,0.522915180113033,0.569011105235325,0.477084819886967,0.644777136953026,774,1.43211044557747e-17,583818291
88,-0.713436840618704,0.104817733696801,0.48995739500913,0.398967298696347,0.601699060821624,0.51004260499087,0.398300939178376,0.601032701303653,750,1.00035301080143e-11,800252562
113,-0.826020461939921,0.102826593217169,0.437788018433179,0.357880237276029,0.535537671882746,0.562211981566821,0.464462328117254,0.642119762723971,720,9.50088244869824e-16,43445497
688,-0.764913098139694,0.103750359266341,0.465374371115715,0.379743191835222,0.570315176013275,0.534625628884285,0.429684823986725,0.620256808164778,738,1.67293272754903e-13,980118335
988,-0.909899249634351,0.0991905108265727,0.402564780539397,0.331439802047661,0.488952749577822,0.597435219460603,0.511047250422178,0.668560197952339,731,4.58972906856202e-20,522350420
888,-1.00886847307612,0.0933950532699313,0.36463133640553,0.303637897608226,0.437876867598496,0.63536866359447,0.562123132401504,0.696362102391775,773,3.3619355357925e-27,646548007
38,-0.698538029194823,0.103734086793358,0.497311827956989,0.405816941818437,0.609435015496649,0.502688172043011,0.390564984503351,0.594183058181563,774,1.65141195741167e-11,629515871
413,-0.683096844706443,0.108230833541563,0.505050505050505,0.408515516847513,0.624397365907114,0.494949494949495,0.375602634092886,0.591484483152487,719,2.76377816423343e-10,968108443
538,-0.770108221696073,0.104269662352647,0.462962962962963,0.377391184590065,0.567937762797145,0.537037037037037,0.432062237202855,0.622608815409935,728,1.51612106990162e-13,237576441
588,-0.867436565656637,0.0996661092606405,0.42002688172043,0.345494501579748,0.510637884426839,0.57997311827957,0.489362115573161,0.654505498420252,745,3.22013557631563e-18,961325514
713,-0.803538249406487,0.0971644080513956,0.447741935483871,0.370101868944452,0.541669355419904,0.552258064516129,0.458330644580096,0.629898131055548,819,1.34090965919322e-16,384320916
738,-0.81212971475173,0.103177857227871,0.443911653589073,0.362636400246221,0.54340258192059,0.556088346410927,0.45659741807941,0.637363599753779,722,3.51359968210166e-15,619753953
63,-0.764197217002656,0.102805989190906,0.465707643126998,0.380719173441572,0.56966820689998,0.534292356873002,0.43033179310002,0.619280826558428,752,1.05847623920041e-13,768369443
388,-0.649038952388871,0.108530570737348,0.522547728768927,0.422420100101087,0.646408939291054,0.477452271231073,0.353591060708946,0.577579899898913,733,2.2280793593016e-09,126415032
288,-0.859875479261604,0.100874541109211,0.423214778053488,0.347293183415116,0.515733555728256,0.576785221946512,0.484266444271744,0.652706816584884,731,1.53860127414836e-17,885465538
938,-0.511067286406125,0.112900527354256,0.599855019934758,0.480778673100983,0.74842347440264,0.400144980065242,0.25157652559736,0.519221326899017,751,5.99107193899627e-06,474613313
913,-0.782597036948428,0.0998466052702243,0.457217058501914,0.375952381989695,0.556047650180528,0.542782941498086,0.443952349819472,0.624047618010305,787,4.57802932794342e-15,867833701
813,-0.773999277189039,0.106801361112656,0.46116504854369,0.374064850900478,0.568546340257151,0.53883495145631,0.431453659742849,0.625935149099522,692,4.25815117220308e-13,850442773
563,-0.725937003382935,0.103934927420412,0.483870967741936,0.394693518467673,0.593197259312718,0.516129032258064,0.406802740687282,0.605306481532327,756,2.85803632396454e-12,987057762
663,-0.774497836052683,0.103824122270556,0.460935187925421,0.376066467319389,0.564956639134227,0.539064812074579,0.435043360865773,0.623933532680611,732,8.67131661480311e-14,151237291
963,-0.662687973075235,0.109188742911796,0.515463917525774,0.416156462897335,0.638469119093234,0.484536082474226,0.361530880906766,0.583843537102665,717,1.28551510685065e-09,503572060
438,-0.677310491942781,0.109297481965405,0.507981376787494,0.410028085587944,0.629335131501796,0.492018623212506,0.370664868498204,0.589971914412056,708,5.75695812065361e-10,324439782
213,-0.724394983031121,0.103923487771774,0.484617682198327,0.395311476701163,0.594099366552968,0.515382317801673,0.405900633447032,0.604688523298837,757,3.15896213055503e-12,116642072
13,-0.621640883780897,0.110615288112519,0.537062457103638,0.432383278808284,0.667084267516477,0.462937542896362,0.332915732483523,0.567616721191716,720,1.91127753278057e-08,620425979
788,-1.03131865293412,0.0960181090530357,0.356536502546689,0.295374661776134,0.430362837773027,0.643463497453311,0.569637162226973,0.704625338223866,721,6.5420298654573e-27,199561634
238,-0.821247183187261,0.103718733889237,0.439882697947214,0.358964361814845,0.539041778339896,0.560117302052786,0.460958221660104,0.641035638185155,710,2.41319301927172e-15,201165838
338,-0.786951109138084,0.104887671028003,0.455230630087428,0.370638840305759,0.559129006552141,0.544769369912572,0.440870993447859,0.629361159694241,711,6.2469325514429e-14,812527815
638,-0.703846045568745,0.109498632967493,0.494679082141669,0.399133463697324,0.613096662058118,0.505320917858331,0.386903337941882,0.600866536302676,692,1.29380491386494e-10,922580191
464,-0.725937003382937,0.106948157996941,0.483870967741935,0.392369397925619,0.596710942956619,0.516129032258065,0.403289057043381,0.607630602074381,714,1.13898415405792e-11,149992909
263,-0.761976939866135,0.101875460793422,0.466742791892663,0.382261949414771,0.569894110876784,0.533257208107337,0.430105889123216,0.617738050585229,767,7.46090832169497e-14,362830251
364,-0.796844972805988,0.102596371865742,0.450748847926267,0.368641678903683,0.551143659368862,0.549251152073733,0.448856340631138,0.631358321096317,738,8.04970604406418e-15,625587001
164,-0.735069486946213,0.103053195393059,0.479472140762461,0.391781873817115,0.586789612106078,0.520527859237539,0.413210387893922,0.608218126182885,764,9.82666056766714e-13,821332542
764,-0.54271005947417,0.11125583510905,0.581171107994389,0.467307635706029,0.722778381862141,0.418828892005611,0.277221618137859,0.532692364293971,755,1.07146929815139e-06,671436940
314,-0.801360765200178,0.100414674521203,0.448717948717949,0.368553309802384,0.546319330599974,0.551282051282051,0.453680669400026,0.631446690197616,768,1.45724589644552e-15,730194120
514,-1.0374199531303,0.0946593875037202,0.354367789027549,0.294360832300406,0.426607469882806,0.645632210972451,0.573392530117194,0.705639167699594,739,5.98262346619966e-28,125105175
614,-0.86641145024139,0.100927463116694,0.420457678522195,0.344994900575325,0.512426876842126,0.579542321477805,0.487573123157874,0.655005099424675,727,9.12351548070567e-18,22353438
864,-0.721047018088743,0.106910887336126,0.486242884250475,0.394321581132618,0.599592195296823,0.513757115749525,0.400407804703177,0.605678418867382,717,1.53688101872632e-11,304509720
189,-0.759838555058617,0.103239077931115,0.467741935483871,0.382057778345098,0.572642491818554,0.532258064516129,0.427357508181446,0.617942221654902,748,1.83924355147178e-13,174244613
989,-0.686654655048275,0.105622993078522,0.503256823821339,0.409150623785346,0.619007807881566,0.496743176178661,0.380992192118434,0.590849376214654,753,7.97899560626368e-11,30271184
114,-0.674478706107462,0.107090560836955,0.509421909932928,0.412973295287668,0.628395795275195,0.490578090067072,0.371604204724805,0.587026704712332,739,3.01104859314427e-10,541536712
139,-0.799825845482095,0.100402942587337,0.449407223600772,0.369127931610856,0.547145949490142,0.550592776399228,0.452854050509858,0.630872068389144,769,1.6368177611894e-15,636388073
89,-0.668333531900679,0.105490492091218,0.512562034739453,0.416824046482533,0.63028954704814,0.487437965260547,0.36971045295186,0.583175953517467,765,2.36594355274391e-10,655515288
839,-0.577575051731923,0.107482039956358,0.561257738677093,0.454646093563476,0.692869143020458,0.438742261322907,0.307130856979542,0.545353906436524,788,7.7141881643224e-08,737515549
489,-0.857129213654286,0.0987641317079518,0.424378635642517,0.349691705265629,0.515017152760318,0.575621364357483,0.484982847239682,0.650308294734371,764,4.0085493778067e-18,727318935
889,-0.837759577068854,0.10156966928556,0.432678821879383,0.354576035009932,0.527985380900564,0.567321178120617,0.472014619099436,0.645423964990068,732,1.60895727617089e-16,167752370
64,-0.814544549905389,0.101830122831908,0.442840973401245,0.362718610431664,0.540661885227168,0.557159026598755,0.459338114772832,0.637281389568336,740,1.25379741629732e-15,332936908
739,-0.678345520807434,0.104562003811607,0.507455873402313,0.413423295459,0.622876035963586,0.492544126597687,0.377123964036414,0.586576704541,773,8.72749922190998e-11,806699913
689,-0.794929874869887,0.103509833911121,0.451612903225807,0.368687668061603,0.553189683377106,0.548387096774193,0.446810316622894,0.631312331938397,726,1.59396614730746e-14,120378781
289,-0.740189026090136,0.105018372668826,0.477023737066343,0.38828283286319,0.586046115010488,0.522976262933657,0.413953884989512,0.61171716713681,733,1.81265215105151e-12,886564712
39,-0.749578766439979,0.1045977567941,0.472565571299366,0.38497125777152,0.58009062928546,0.527434428700634,0.41990937071454,0.61502874222848,734,7.70525706390469e-13,403463962
539,-0.821098384734491,0.102787317513765,0.439948156682027,0.359673779959323,0.538138700546377,0.560051843317973,0.461861299453623,0.640326220040677,723,1.36785683814849e-15,541188578
389,-0.790865464084817,0.101646407850994,0.453452178834182,0.371543710361215,0.553417734590539,0.546547821165818,0.446582265409461,0.628456289638785,755,7.22070810126805e-15,581779294
914,-0.715986672529768,0.10793593015653,0.488709677419355,0.39552661151951,0.603845965978824,0.511290322580645,0.396154034021176,0.60447338848049,706,3.27949108830241e-11,291038758
564,-0.955769542847941,0.0983760761094176,0.384516129032259,0.317085727166666,0.466286057108582,0.615483870967741,0.533713942891418,0.682914272833334,721,2.59058181268588e-22,807523754
414,-0.647374680879834,0.105341663642871,0.523418114143921,0.425776572630901,0.643451377611317,0.476581885856079,0.356548622388683,0.574223427369099,779,7.97239953679313e-10,944007914
714,-0.947098393493155,0.0979115567984451,0.387864823348694,0.320138514673972,0.469918845423896,0.612135176651306,0.530081154576104,0.679861485326028,732,3.92698216781453e-22,584038759
814,-0.701485907518773,0.107290708168867,0.495847971893963,0.401811650438557,0.61189169344146,0.504152028106037,0.38810830655854,0.598188349561443,722,6.2272164854891e-11,180579957
589,-0.885381745523136,0.0993980467464627,0.412556651559584,0.339528177871148,0.501292681547771,0.587443348440416,0.498707318452229,0.660471822128852,740,5.22263079967335e-19,260083858
439,-0.747182111996673,0.102677900944257,0.47369950595757,0.387349807118587,0.579298654138089,0.52630049404243,0.420701345861911,0.612650192881413,763,3.41447776596753e-13,394380172
939,-0.603482054365811,0.114844103594464,0.546903967371152,0.436672251759573,0.684962115914318,0.453096032628848,0.315037884085682,0.563327748240427,677,1.48190610685232e-07,627344423
214,-0.70353606669377,0.106259194177641,0.494832445975571,0.401800227536636,0.609405203902829,0.505167554024429,0.390594796097171,0.598199772463364,735,3.56914616163792e-11,80706404
14,-0.802036346921581,0.100851758804626,0.448414905450501,0.36798902598302,0.546418271286874,0.551585094549499,0.453581728713126,0.63201097401698,761,1.82598556243757e-15,582859317
239,-0.747915910101711,0.100881780601579,0.473352033660589,0.388430675407308,0.576839477303549,0.526647966339411,0.423160522696451,0.611569324592692,790,1.22744133245146e-13,301449173
664,-0.71445205351604,0.107388600286769,0.489460236346215,0.396559239732371,0.604124930050234,0.510539763653785,0.395875069949766,0.603440760267629,714,2.87256441945678e-11,886024669
964,-0.824377076196188,0.102813459991091,0.438508064516129,0.358478083427499,0.536404682839061,0.561491935483871,0.463595317160939,0.641521916572501,721,1.07321353621964e-15,798199942
789,-0.788314635751168,0.102075541814928,0.454610333999429,0.37217949731848,0.555298067916462,0.545389666000571,0.444701932083538,0.62782050268152,750,1.13752314181848e-14,866046737
339,-0.721094378907147,0.106390995034336,0.486219855934858,0.394704893860188,0.598953172313731,0.513780144065142,0.401046827686269,0.605295106139812,724,1.22039498206466e-11,3305738
639,-0.809003602081551,0.101343254957831,0.445301542776998,0.365082204892168,0.543147437323448,0.554698457223002,0.456852562676552,0.634917795107832,750,1.43042965400466e-15,978936031
264,-0.62553927706724,0.1067404675589,0.534972852123922,0.433984374417735,0.65946142160898,0.465027147876078,0.34053857839102,0.566015625582265,771,4.61820210907337e-09,821888621
465,-0.717110820754666,0.111336279437681,0.488160603980782,0.392457935334497,0.607200807586613,0.511839396019218,0.392799192413387,0.607542064665503,663,1.18732118343077e-10,863584600
765,-0.74225057887446,0.106552685129765,0.476041340432195,0.386319703782305,0.586600568342176,0.523958659567805,0.413399431657824,0.613680296217695,711,3.25979710240884e-12,902508166
165,-0.607772215479122,0.108793363355089,0.544562687063518,0.439989995683148,0.673989233962933,0.455437312936482,0.326010766037067,0.560010004316852,752,2.317149474528e-08,244192397
315,-0.858661619037519,0.100436445072739,0.423728813559322,0.34801369932177,0.515916780834492,0.576271186440678,0.484083219165508,0.65198630067823,738,1.23833844435606e-17,441502281
615,-0.797762737954193,0.108046470310701,0.450335356116256,0.36439022880932,0.556551512456934,0.549664643883744,0.443448487543066,0.63560977119068,665,1.54164249569182e-13,129018393
515,-0.709073197330934,0.108978541179583,0.492100065832783,0.397457522143262,0.609278882147671,0.507899934167217,0.390721117852329,0.602542477856738,696,7.69016207265338e-11,365952779
365,-0.62057648772511,0.111200680754633,0.537634408602151,0.432347413048074,0.668561320339956,0.462365591397849,0.331438679660044,0.567652586951926,713,2.39566780470155e-08,852714730
865,-0.70132037574758,0.10423795486069,0.495930057280676,0.404289928704676,0.60834219269922,0.504069942719324,0.39165780730078,0.595710071295324,765,1.71926867203173e-11,912974616
190,-0.911569821480548,0.0996134408822432,0.401892828579045,0.330612402893103,0.488541398477083,0.598107171420955,0.511458601522917,0.669387597106897,724,5.63710692444966e-20,899636271
140,-0.665918993656684,0.109212642721425,0.513801130695045,0.414794592113291,0.636439353171229,0.486198869304955,0.363560646828771,0.585205407886709,715,1.07771559042594e-09,787153309
90,-0.761407182831245,0.103250994211483,0.467008797653958,0.381450032649144,0.571758286587436,0.532991202346041,0.428241713412564,0.618549967350857,747,1.65170247295511e-13,770043333
990,-0.890811646573171,0.0978382698424307,0.410322580645161,0.338723502322457,0.497056209660425,0.589677419354839,0.502943790339575,0.661276497677543,761,8.63135643857631e-20,374369045
840,-0.573392749603951,0.113329925882531,0.563610003624502,0.451348584809489,0.703793579677869,0.436389996375498,0.296206420322131,0.548651415190511,711,4.203574803705e-07,184971540
115,-0.710188646414799,0.105291545367885,0.491551459293394,0.399893793566949,0.60421752230324,0.508448540706606,0.39578247769676,0.600106206433051,745,1.53055325597082e-11,534364955
490,-0.779611960104975,0.099824291827191,0.458583925642427,0.377092796647786,0.557685584893428,0.541416074357573,0.442314415106572,0.622907203352214,789,5.72596607396953e-15,806484189
890,-0.722797283378268,0.10488736999943,0.485392574558734,0.395196270158789,0.596174532067549,0.514607425441266,0.403825467932451,0.604803729841211,744,5.53331888605147e-12,311370989
690,-0.691194054939062,0.108291395611358,0.50097751710655,0.405172940202928,0.619435425575417,0.49902248289345,0.380564574424583,0.594827059797072,714,1.73965650289192e-10,611037689
740,-0.717956115051921,0.105854663273697,0.487748138957817,0.396361960848289,0.600204536650459,0.512251861042183,0.399795463349541,0.603638039151712,733,1.18138113709731e-11,60144000
290,-0.780083366752894,0.100253518379214,0.458367797077474,0.376598121019058,0.557891889712918,0.541632202922526,0.442108110287082,0.623401878980942,782,7.18925811054726e-15,939848684
65,-0.866058205686514,0.101358681024569,0.420606229143493,0.344825230000214,0.51304134559469,0.579393770856507,0.48695865440531,0.655174769999786,721,1.29105481214753e-17,832405293
915,-0.847014934936172,0.102088661676949,0.428692699490662,0.350952274427572,0.523653624688272,0.571307300509338,0.476346375311728,0.649047725572428,720,1.06902742229486e-16,346808159
715,-0.740325740835037,0.105518318239443,0.476958525345622,0.387849522072782,0.586540454359979,0.523041474654378,0.413459545640021,0.612150477927218,726,2.28167393472919e-12,825382906
590,-0.909899249634353,0.0991905108265727,0.402564780539396,0.33143980204766,0.488952749577822,0.597435219460604,0.511047250422178,0.66856019795234,731,4.58972906856143e-20,73986679
390,-0.778826467303309,0.103384491982088,0.458944281524927,0.374764913042481,0.562031946466012,0.541055718475073,0.437968053533988,0.625235086957519,736,4.9473495759143e-14,505296050
815,-0.730620852695362,0.104454485885205,0.481609888453422,0.392449315314786,0.591026855200577,0.518390111546578,0.408973144799423,0.607550684685214,746,2.65953117160588e-12,928486762
440,-0.832909122935106,0.101531056340595,0.434782608695651,0.356327033397954,0.530512420069673,0.565217391304349,0.469487579930327,0.643672966602046,735,2.33504841216603e-16,251383595
340,-0.779218369995874,0.105320164541074,0.458764455264759,0.373199518821136,0.563947204645891,0.541235544735241,0.436052795354109,0.626800481178864,709,1.37661181374354e-13,783388833
940,-0.869939695874753,0.0965207718587128,0.41897681451613,0.346761889328346,0.506230864764566,0.58102318548387,0.493769135235434,0.653238110671654,793,2.00533570953934e-19,154099793
415,-0.712822061305109,0.10737622919602,0.490258703289684,0.397215786426378,0.605095780088867,0.509741296710316,0.394904219911133,0.602784213573622,715,3.1679199728008e-11,241470411
565,-0.978913942437454,0.0970352075121933,0.375718929732434,0.310646566739624,0.454422257554214,0.624281070267566,0.545577742445786,0.689353433260376,730,6.22794519720285e-24,329518781
40,-0.66924165970639,0.107586259122025,0.512096774193549,0.414738593326857,0.632309388031231,0.487903225806451,0.367690611968769,0.585261406673143,735,4.95533877965096e-10,173789527
540,-0.755207385683051,0.106139293544101,0.469913151364764,0.381655626464558,0.578580150569506,0.530086848635236,0.421419849430494,0.618344373535442,710,1.1171186062404e-12,578064053
665,-0.815500487244803,0.105115992633708,0.442417847452517,0.360045795101855,0.543635155325578,0.557582152547483,0.456364844674422,0.639954204898145,694,8.62104873149381e-15,630458670
240,-0.880812583568143,0.101920064526725,0.414446002805049,0.339401251315629,0.506083841987217,0.585553997194951,0.493916158012783,0.660598748684371,706,5.51455221142427e-18,149636046
790,-0.755696443034771,0.104158938073363,0.46968339307049,0.382952541379531,0.576056993724392,0.53031660692951,0.423943006275608,0.617047458620469,737,4.00997210069908e-13,540369958
965,-0.754107880349633,0.104146823516783,0.470430107526881,0.383570476374839,0.576959124068471,0.529569892473118,0.423040875931529,0.616429523625161,738,4.45996478705009e-13,780921603
15,-0.750938305588352,0.104122705220083,0.471923536439666,0.384806350175143,0.578763380969036,0.528076463560334,0.421236619030964,0.615193649824857,740,5.51151461619196e-13,492091217
640,-0.638231422963831,0.107362551942111,0.528225806451613,0.427988840191726,0.651938733908256,0.471774193548387,0.348061266091744,0.572011159808274,755,2.77069776300107e-09,199903163
215,-0.977251431663843,0.100593477029048,0.376344086021505,0.309000920315833,0.45836391341034,0.623655913978495,0.54163608658966,0.690999079684167,680,2.60609823014848e-22,919705860
265,-0.730411283777858,0.102094758638686,0.481710829493087,0.394351224623547,0.588422981245796,0.518289170506913,0.411577018754204,0.605648775376453,781,8.41324794149148e-13,569580199
466,-0.681787218770005,0.109899027462164,0.505712365591398,0.407715621171913,0.627263179117225,0.494287634408602,0.372736820882775,0.592284378828087,698,5.5129750159566e-10,626679816
766,-0.706705641455048,0.106282827651364,0.493266520513624,0.400510155465847,0.60750484585494,0.506733479486376,0.39249515414506,0.599489844534153,733,2.94504599431521e-11,868171338
166,-0.680589183404477,0.109322067660847,0.506318589956767,0.408666238555416,0.627305341987644,0.493681410043233,0.372694658012356,0.591333761444584,706,4.79892398936354e-10,717309628
616,-0.7322461725762,0.104958280984804,0.480827754108339,0.391425285583353,0.590649959611863,0.519172245891661,0.409350040388137,0.608574714416647,738,3.02527424925244e-12,602474990
516,-0.70988529437243,0.106306606352405,0.491700595051674,0.399220088410305,0.605604482822739,0.508299404948326,0.394395517177261,0.600779911589695,731,2.42695255749051e-11,158615301
366,-0.945796479495956,0.102924357910058,0.388370118845501,0.31742157020798,0.475176747166997,0.611629881154499,0.524823252833003,0.68257842979202,663,3.95631857288915e-20,196502533
866,-0.914947548327689,0.100055912789395,0.400537634408602,0.32921194238907,0.487316454601876,0.599462365591398,0.512683545398124,0.67078805761093,716,5.99825282849304e-20,56166422
316,-0.658926293099975,0.106977567638257,0.517406579367615,0.419539132890102,0.638103927346921,0.482593420632385,0.361896072653079,0.580460867109898,749,7.29837455801653e-10,375506510
191,-0.908258560176891,0.0983738753764305,0.403225806451613,0.33251582935579,0.488972363521924,0.596774193548387,0.511027636478076,0.66748417064421,744,2.63842258555535e-20,220023180
91,-0.805330908075171,0.10503397086375,0.446940006029545,0.363784467809364,0.549103622242522,0.553059993970455,0.450896377757478,0.636215532190636,700,1.75603222172772e-14,427282687
991,-0.724365911150895,0.10489909903803,0.484631771150335,0.394567769645497,0.595253773057362,0.515368228849665,0.404746226942638,0.605432230354503,743,5.00767144027482e-12,98696367
116,-0.796844972805987,0.102596371865742,0.450748847926268,0.368641678903683,0.551143659368863,0.549251152073732,0.448856340631137,0.631358321096317,738,8.04970604406517e-15,222748058
841,-0.856400908939597,0.0979587142573175,0.424687825182102,0.350499338134547,0.514579427789586,0.575312174817898,0.485420572210414,0.649500661865453,777,2.28072816391413e-18,848338385
141,-0.779611960104974,0.099824291827191,0.458583925642428,0.377092796647786,0.557685584893428,0.541416074357572,0.442314415106572,0.622907203352214,789,5.72596607396969e-15,623751384
891,-0.85607280700632,0.103070299721918,0.424827188940092,0.347119255482207,0.519931227128344,0.575172811059908,0.480068772871656,0.652880744517793,702,9.92179224666362e-17,64899205
691,-0.801232765200003,0.104513887939028,0.448775388291517,0.36565090162835,0.550796807116603,0.551224611708483,0.449203192883397,0.63434909837165,709,1.77055970047977e-14,679019928
741,-0.763324535454558,0.1037381969959,0.466114234980763,0.380355983770771,0.571208261002775,0.533885765019237,0.428791738997225,0.619644016229228,739,1.86431732244046e-13,330880433
291,-0.786196194901133,0.10161065326811,0.45557441992077,0.373308764182472,0.555968870810376,0.54442558007923,0.444031129189624,0.626691235817528,758,1.01518134639183e-14,66797050
916,-0.62542694185886,0.11123593716707,0.535032951786333,0.430225679256237,0.665372322712293,0.464967048213667,0.334627677287707,0.569774320743763,710,1.88185301524484e-08,40506281
491,-0.824377076196191,0.102813459991091,0.438508064516128,0.358478083427498,0.536404682839059,0.561491935483872,0.463595317160941,0.641521916572502,721,1.07321353621944e-15,345735941
591,-0.882155936274253,0.0993718711197834,0.413889629432152,0.340642675087621,0.502886566715167,0.586110370567849,0.497113433284833,0.659357324912379,742,6.84903162426421e-19,109719007
816,-0.703536066693772,0.106259194177641,0.49483244597557,0.401800227536635,0.609405203902828,0.50516755402443,0.390594796097172,0.598199772463365,735,3.56914616163741e-11,67350687
66,-0.827406463547796,0.101931608462953,0.437181663837012,0.358012010227941,0.53385864645605,0.562818336162988,0.46614135354395,0.641987989772059,732,4.76784306948855e-16,840794995
391,-0.810494391410999,0.103164896835653,0.444638186573671,0.363239140024085,0.544278121973346,0.555361813426329,0.455721878026654,0.636760859975915,723,3.95646424574422e-15,36742442
341,-0.772160371136685,0.10477173170718,0.46201386795297,0.376247091989436,0.567331465745541,0.53798613204703,0.432668534254459,0.623752908010564,720,1.70717133542453e-13,369287187
941,-0.696949466509684,0.106729673278538,0.498102466793169,0.404082674454757,0.613998280822651,0.501897533206831,0.386001719177349,0.595917325545243,732,6.57503566968944e-11,219254039
666,-0.583347145956757,0.114696915583145,0.558027437893955,0.445682274592526,0.698691958811219,0.441972562106045,0.301308041188781,0.554317725407474,689,3.6571701464569e-07,188985420
416,-0.728999792913481,0.103479728739294,0.482391240011838,0.393837719342068,0.590855819571833,0.517608759988162,0.409144180428167,0.606162280657932,761,1.85653337949717e-12,672645879
566,-0.679911180987654,0.112248247318518,0.506661991584853,0.406604746972195,0.631341310273203,0.493338008415147,0.368658689726797,0.593395253027805,670,1.3850291938906e-09,335427244
716,-0.874296404277076,0.104155548758477,0.417155425219942,0.340126548675992,0.511629125888089,0.582844574780058,0.488370874111911,0.659873451324008,679,4.69311057302111e-17,754511597
541,-0.932907695451547,0.102362998051378,0.393408134642356,0.321893193720366,0.480811534453348,0.606591865357645,0.519188465546652,0.678106806279634,676,7.96046232712852e-20,317074089
241,-0.944093013186107,0.0982770308587125,0.389032258064516,0.320872171696395,0.471670999122909,0.610967741935484,0.528329000877091,0.679127828303605,728,7.50961745517913e-22,921874778
966,-0.435210788549929,0.117110540912867,0.647128245476002,0.514405594186784,0.814094890929177,0.352871754523998,0.185905109070823,0.485594405813216,740,0.00020221011845026,54882076
441,-0.988424732261967,0.0949344186559747,0.372162485065711,0.308975660522954,0.448271281484957,0.627837514934289,0.551728718515043,0.691024339477046,758,2.19366537845352e-25,188442879
641,-0.862371155665421,0.101768274741797,0.422159887798036,0.34582123166688,0.51534999747304,0.577840112201964,0.48465000252696,0.65417876833312,717,2.37371813546247e-17,515256050
41,-0.756427170140725,0.102747246323814,0.469340308049985,0.383733079927828,0.574045700730009,0.530659691950015,0.425954299269991,0.616266920072172,757,1.8114930513658e-13,578765360
791,-0.747182111996672,0.102677900944257,0.473699505957571,0.387349807118588,0.579298654138089,0.526300494042429,0.420701345861911,0.612650192881412,763,3.41447776596784e-13,110011730
16,-0.711478920207706,0.106318550582696,0.490917632320702,0.39857505677718,0.604654299423692,0.509082367679298,0.395345700576308,0.60142494322282,730,2.20209099937999e-11,51412846
266,-0.747197002809786,0.10659094909156,0.473692452239273,0.384384692642964,0.583749934904082,0.526307547760727,0.416250065095918,0.615615307357036,708,2.38406836297964e-12,480992118
467,-0.780495987633371,0.102015635678321,0.458178703968027,0.375144888078699,0.559591057857576,0.541821296031973,0.440408942142424,0.624855111921301,755,1.99812556441417e-14,627826784
767,-0.740752089168076,0.107062114510841,0.476755218216319,0.386512922161973,0.588067112543366,0.523244781783681,0.411932887456634,0.613487077838027,705,4.55163252272481e-12,177172771
167,-0.847531641802645,0.101647987618806,0.428471248246845,0.351074075442191,0.522931265554068,0.571528751753155,0.477068734445932,0.648925924557809,726,7.56159109124386e-17,919827262
216,-0.749818735386323,0.101784731380672,0.472452183842421,0.387006750454916,0.576762719914043,0.527547816157579,0.423237280085957,0.612993249545084,775,1.74888593588658e-13,951830855
617,-0.884407344354712,0.10150956280345,0.412958843159065,0.338455576514536,0.503862302697055,0.587041156840935,0.496137697302945,0.661544423485464,710,2.97108946433529e-18,154227305
517,-0.757503469350771,0.0996609362820092,0.468835429196282,0.385646043819385,0.569969958702875,0.531164570803718,0.430030041297125,0.614353956180615,804,2.94291393473957e-14,487945245
867,-0.842573907108699,0.104367260130001,0.430600769458419,0.350943520707584,0.528338640600455,0.569399230541581,0.471661359399545,0.649056479292416,691,6.850003997445e-16,600819975
367,-0.68868573275181,0.107195220138237,0.502235707441712,0.4070641441849,0.619658374319753,0.497764292558288,0.380341625680247,0.5929358558151,730,1.32222222676466e-10,307269134
317,-0.803255251166906,0.102646424547349,0.44786866359447,0.366250209579056,0.547675699791236,0.55213133640553,0.452324300208764,0.633749790420943,734,5.05813334778553e-15,850603951
192,-0.852201854095229,0.103501625705892,0.426474861958733,0.348171079300994,0.522389189383201,0.573525138041267,0.477610810616799,0.651828920699006,698,1.81510335054796e-16,951433793
92,-0.904874462192651,0.100815502092709,0.404592673592127,0.33205016722631,0.492983433472744,0.595407326407873,0.507016566527256,0.66794983277369,710,2.81942614225871e-19,336470010
992,-0.699310528267612,0.105211237898126,0.496927803379417,0.404331268565712,0.610730015136982,0.503072196620583,0.389269984863018,0.595668731434288,752,2.99679170346251e-11,197291163
117,-0.719485368101448,0.10637882734861,0.487002818665831,0.395349917784159,0.599903363374287,0.512997181334169,0.400096636625713,0.604650082215841,725,1.3476586064958e-11,834598783
842,-0.858661619037519,0.100436445072739,0.423728813559322,0.34801369932177,0.515916780834492,0.576271186440678,0.484083219165508,0.65198630067823,738,1.23833844435606e-17,4253752
892,-0.97835093699726,0.0966564675043527,0.375930521091811,0.311052325369486,0.454340781797686,0.624069478908189,0.545659218202314,0.688947674630514,736,4.4157633005895e-24,426712109
142,-0.837162638493161,0.102009395423159,0.432937181663837,0.354482117132325,0.528756160630407,0.567062818336163,0.471243839369593,0.645517882867675,726,2.27311114659568e-16,103170690
692,-0.857595385532938,0.0968040378175439,0.424180848361696,0.350874098633708,0.512803289890839,0.575819151638304,0.487196710109161,0.649125901366292,795,8.06724512725048e-19,999723531
917,-0.800487159934755,0.100839859545653,0.449110122358175,0.368568147294664,0.547252668156697,0.550889877641825,0.452747331843303,0.631431852705336,762,2.05133313482522e-15,524883417
292,-0.884353039323335,0.0981800350396732,0.412981269510927,0.340689977541541,0.500612111332394,0.587018730489073,0.499387888667606,0.659310022458459,759,2.10878047726324e-19,314574001
742,-0.884608809293297,0.101076493957146,0.412875654811139,0.338674741381926,0.503333391915078,0.587124345188861,0.496666608084922,0.661325258618074,716,2.09837331760149e-18,782631712
492,-0.861005675326345,0.097994783888017,0.422736732570239,0.348864416934829,0.512251569346913,0.577263267429761,0.487748430653087,0.651135583065171,774,1.54649229893408e-18,800971810
817,-0.753845791500013,0.103665997186575,0.470553418171056,0.384032761968622,0.576566744507481,0.529446581828944,0.423433255492519,0.615967238031378,745,3.54541261883505e-13,904016853
567,-0.6328859821964,0.110696913959043,0.531056966369251,0.427479926716933,0.659730396454521,0.468943033630749,0.340269603545479,0.572520073283067,713,1.0823847870091e-08,484676049
342,-0.814544549905387,0.101830122831908,0.442840973401246,0.362718610431664,0.540661885227169,0.557159026598754,0.459338114772831,0.637281389568336,740,1.25379741629748e-15,929513343
417,-0.823611086116605,0.0993213315623703,0.438844086021506,0.36121666563374,0.533154060038093,0.561155913978494,0.466845939961907,0.63878333436626,773,1.1099652692921e-16,916254531
392,-0.767363045037234,0.101025868934567,0.464235624123422,0.380842220268938,0.56588976546002,0.535764375876578,0.43411023453998,0.619157779731062,777,3.06113064437416e-14,732964937
592,-0.810494391410999,0.103164896835653,0.444638186573671,0.363239140024085,0.544278121973346,0.555361813426329,0.455721878026654,0.636760859975915,723,3.95646424574431e-15,604723750
717,-0.785125874773266,0.100722787396876,0.456062291434928,0.374359426181227,0.555596571430228,0.543937708565072,0.444403428569772,0.625640573818773,772,6.44502864631956e-15,892387173
967,-0.789146872906241,0.100321778451964,0.454232147780535,0.373150317128246,0.552932249033587,0.545767852219465,0.447067750966413,0.626849682871754,776,3.65701159403321e-15,42528067
67,-0.843720039039319,0.100745087480494,0.430107526881721,0.353038987447577,0.524000156520333,0.569892473118279,0.475999843479667,0.646961012552423,741,5.53173591092604e-17,397772679
242,-0.650429450874792,0.106391132553438,0.521821631878557,0.423605687419254,0.642809630709467,0.478178368121443,0.357190369290533,0.576394312580746,762,9.74276698782855e-10,866371917
442,-0.772893986470707,0.103811733591243,0.461675051790471,0.376679251484119,0.565849731849963,0.538324948209529,0.434150268150037,0.623320748515881,733,9.68339187320343e-14,514090729
542,-0.816034802575755,0.100100805826721,0.442181519956261,0.363408120699995,0.538030069923068,0.557818480043739,0.461969930076932,0.636591879300005,765,3.57569006526885e-16,964636420
642,-0.555862420198957,0.113206598260456,0.573577383109821,0.459441675500035,0.716066982946317,0.426422616890179,0.283933017053683,0.540558324499965,722,9.10024814690789e-07,848652121
942,-0.76080582903376,0.104683798270898,0.467289719626168,0.380609142392224,0.57371107981237,0.532710280373832,0.42628892018763,0.619390857607776,727,3.65778959314653e-13,838122555
667,-0.769287444256551,0.103311120282155,0.463343108504399,0.378411322878351,0.567337241828609,0.536656891495601,0.432662758171391,0.621588677121649,742,9.59813643332744e-14,173945863
267,-0.722609213290262,0.107986710156194,0.485483870967742,0.392876771029111,0.599919889263086,0.514516129032258,0.400080110736914,0.607123228970889,702,2.20668925394269e-11,14479929
792,-0.550172847135141,0.115799148214223,0.57685009487666,0.459721224422704,0.723821338414539,0.42314990512334,0.276178661585461,0.540278775577296,693,2.02317242070953e-06,217571689
17,-0.816321064851206,0.104634833829363,0.44205495818399,0.360089894886749,0.542677228186333,0.55794504181601,0.457322771813667,0.639910105113251,700,6.11181332843523e-15,354064211
42,-0.849664395910841,0.10122601403408,0.427558398220243,0.350615976777872,0.521385778162855,0.572441601779756,0.478614221837145,0.649384023222128,731,4.70934624641335e-17,659963532
468,-0.821837327789812,0.102337354604551,0.439623180131316,0.359725205491102,0.537267162708042,0.560376819868684,0.462732837291958,0.640274794508898,729,9.69432957772067e-16,805608755
618,-0.719783137808558,0.103889371894497,0.486857825567503,0.39716535840706,0.596805681308644,0.513142174432497,0.403194318691356,0.60283464159294,760,4.25742307770542e-12,288420706
168,-0.796844972805988,0.102596371865742,0.450748847926267,0.368641678903683,0.551143659368863,0.549251152073733,0.448856340631137,0.631358321096317,738,8.04970604406427e-15,191896259
217,-0.602990103223035,0.111074183446796,0.547173083593478,0.440127200241416,0.680254215701668,0.452826916406522,0.319745784298332,0.559872799758584,724,5.67611895307629e-08,109860714
868,-0.793307814498021,0.103497123804876,0.452346041055718,0.369295386535479,0.554073915675964,0.547653958944282,0.445926084324036,0.630704613464521,727,1.787994258872e-14,39964599
368,-0.883373916861013,0.0970057424075253,0.413385826771654,0.341809512435701,0.499950515004552,0.586614173228347,0.500049484995448,0.658190487564299,778,8.51542315664587e-20,848970932
518,-0.562611947279638,0.110791507750883,0.569719042663891,0.458516357289065,0.707891403248748,0.430280957336109,0.292108596751252,0.541483642710935,750,3.81199218979588e-07,345752015
768,-0.473945297731073,0.117366523272029,0.622541306058219,0.494613091028364,0.783557258751261,0.377458693941781,0.216442741248739,0.505386908971636,715,5.38711303738868e-05,856095446
318,-0.743058044163048,0.104063048072089,0.475657108721625,0.387896056640441,0.583274001383151,0.524342891278375,0.416725998616849,0.612103943359559,745,9.30190205683794e-13,804999491
193,-0.80712715811295,0.104080193703433,0.446137910624445,0.363811068282228,0.547094502198982,0.553862089375555,0.452905497801018,0.636188931717772,712,8.84421469895428e-15,241383702
118,-0.706328531994562,0.107327131139288,0.493452571063557,0.399841986531575,0.608979166999028,0.506547428936443,0.391020833000972,0.600158013468425,719,4.67040381705011e-11,851235412
93,-0.830042813731866,0.10020965219069,0.436030617823948,0.358276543491112,0.530659076442301,0.563969382176052,0.469340923557699,0.641723456508888,756,1.20047361804799e-16,912080313
918,-0.847434556443735,0.100346761805186,0.428512848551121,0.352004754790709,0.521649946128064,0.571487151448879,0.478350053871936,0.647995245209291,745,3.03885903696892e-17,639786547
843,-0.899959757362195,0.0999311057535084,0.406586021505377,0.334265020672049,0.494554268799067,0.593413978494623,0.505445731200933,0.665734979327951,725,2.14095086833118e-19,132419179
893,-0.754647109265369,0.105128898232652,0.470176506390748,0.382626499196872,0.577759113981451,0.529823493609252,0.422240886018549,0.617373500803128,724,7.05818827867732e-13,228658212
993,-0.681625957058024,0.106097716668989,0.505793924209208,0.410830868818206,0.622707574294168,0.494206075790792,0.377292425705832,0.589169131181794,749,1.32294019481062e-10,241127723
143,-0.815364813284197,0.102286170863368,0.442477876106194,0.362097406619262,0.540701665530883,0.557522123893806,0.459298334469117,0.637902593380738,733,1.56876501414175e-15,922089410
693,-0.740607193130729,0.106540011221386,0.47682430316317,0.386964710272286,0.587550776728609,0.52317569683683,0.412449223271391,0.613035289727714,712,3.61559407855111e-12,281472272
293,-0.752032114165788,0.103180032207259,0.471407624633431,0.385096525237417,0.577063499665516,0.528592375366569,0.422936500334484,0.614903474762583,753,3.13324609603573e-13,918502248
743,-0.813767716755969,0.103190858477386,0.443185120604475,0.362033661863831,0.542527040480226,0.556814879395525,0.457472959519774,0.637966338136169,721,3.119150634352e-15,466785210
818,-0.756844540846013,0.100947612585801,0.46914446002805,0.384928288438587,0.571785787082068,0.53085553997195,0.428214212917932,0.615071711561413,784,6.50965427146671e-14,736196316
68,-0.660767368308357,0.108066170328858,0.51645487129358,0.41787490144076,0.63829062995467,0.48354512870642,0.36170937004533,0.58212509855924,733,9.68783255537912e-10,476458168
343,-0.681920117966164,0.107679600361446,0.505645161290321,0.409438628389104,0.624457516727845,0.494354838709679,0.375542483272155,0.590561371610896,727,2.40653801209214e-10,680452148
393,-0.763677331365783,0.104220071789916,0.465949820788531,0.379862885677412,0.571546322841442,0.534050179211469,0.428453677158558,0.620137114322588,732,2.34405876204905e-13,117165794
493,-0.692489069315395,0.108852278235526,0.500329163923634,0.404203985318656,0.619314211054042,0.499670836076366,0.380685788945958,0.595796014681344,706,1.99490731818511e-10,233248220
593,-0.92103828682329,0.0976945493874236,0.39810547875064,0.328730804973369,0.482120841167032,0.60189452124936,0.517879158832968,0.671269195026631,748,4.19041142020023e-21,480029444
643,-0.819833089150063,0.105646003156727,0.440505173463177,0.358117028607721,0.541847475397153,0.559494826536823,0.458152524602847,0.641882971392279,685,8.48020418839077e-15,376276894
243,-0.927241011089183,0.101435540258748,0.395643782740556,0.324311431426284,0.482665696157666,0.604356217259444,0.517334303842334,0.675688568573716,691,6.177185186785e-20,166652075
543,-0.710188646414798,0.105291545367885,0.491551459293394,0.399893793566949,0.60421752230324,0.508448540706606,0.39578247769676,0.600106206433051,745,1.53055325597086e-11,880917333
568,-0.607398395344554,0.108234262842694,0.54476629361422,0.440637096646869,0.673502791563666,0.45523370638578,0.326497208436334,0.559362903353131,760,2.00132728442371e-08,810190871
943,-0.812171681304395,0.100497778980228,0.443893024538185,0.364530990706982,0.540532964979222,0.556106975461815,0.459467035020778,0.635469009293018,761,6.39807732612908e-16,134672976
718,-0.88978616254145,0.100689968635611,0.410743575724439,0.337181177408574,0.500354991033398,0.589256424275561,0.499645008966602,0.662818822591426,719,9.8420085041657e-19,602238340
668,-0.661398482245366,0.110322493780574,0.516129032258064,0.415768527966169,0.640715109541244,0.483870967741936,0.359284890458756,0.584231472033831,703,2.03313763379942e-09,479576891
418,-0.794339730267338,0.0986883431082074,0.451879498800319,0.372407971354187,0.548310179004797,0.548120501199681,0.451689820995203,0.627592028645813,799,8.34922073922809e-16,283041371
968,-0.749310354568245,0.10765769498935,0.472692430533376,0.382772079585263,0.583736760856873,0.527307569466624,0.416263239143127,0.617227920414737,693,3.39985740528545e-12,940469826
443,-0.930163395564939,0.100184384251699,0.394489247311829,0.32415898778288,0.480078517362869,0.605510752688171,0.519921482637131,0.67584101221712,707,1.62445648761541e-20,535255294
18,-1.02624322906311,0.0993951616697044,0.358350676378772,0.294919109250758,0.435425183493067,0.641649323621228,0.564574816506933,0.705080890749242,675,5.43861282595389e-25,132023619
268,-0.642759496904028,0.108485145812164,0.525839368005267,0.4251188612824,0.650422896105047,0.474160631994733,0.349577103894953,0.5748811387176,737,3.12560125340533e-09,752534513
43,-0.785236745664229,0.103434163286295,0.456011730205278,0.372333999104891,0.558495057085104,0.543988269794722,0.441504942914896,0.627666000895109,732,3.15838854914469e-14,742818104
619,-0.81035434519552,0.106070378724101,0.444700460829493,0.361227087446263,0.547463096580159,0.555299539170507,0.452536903419841,0.638772912553737,684,2.17593419554992e-14,619551869
469,-0.787750196767867,0.10162253578739,0.45486700622524,0.372720411686169,0.5551184932864,0.54513299377476,0.4448815067136,0.627279588313831,757,9.0650819592709e-15,869148373
169,-0.812948380372567,0.0984227325317401,0.443548387096774,0.365732388715575,0.537921107799801,0.556451612903226,0.462078892200199,0.634267611284425,793,1.45962784588292e-16,35444504
218,-0.750478112299054,0.1031683290744,0.472140762463343,0.385704278261316,0.577947697610033,0.527859237536657,0.422052302389967,0.614295721738684,754,3.48202954439641e-13,744220487
793,-0.926015281766151,0.0981257585796289,0.396129032258064,0.326822445871402,0.48013290451738,0.603870967741936,0.51986709548262,0.673177554128598,739,3.83511852511567e-21,564234703
869,-0.612544316027847,0.111142647865203,0.541970169961845,0.435883661356549,0.673876291243229,0.458029830038155,0.326123708756771,0.564116338643451,718,3.56123072812729e-08,426187910
519,-0.844249840376216,0.100321490181749,0.429879715691634,0.353145068336842,0.523287981433328,0.570120284308366,0.476712018566672,0.646854931663158,747,3.91410955118341e-17,279833708
769,-0.830647957471968,0.10195737565215,0.435766836445953,0.356835373680803,0.532157823332776,0.564233163554047,0.467842176667224,0.643164626319197,730,3.73026842285946e-16,477665309
319,-0.805141939479738,0.100875664113947,0.44702447163515,0.366830787014111,0.544749473912062,0.552975528364851,0.455250526087938,0.633169212985889,759,1.44532761618664e-15,6370170
194,-0.837162638493161,0.102009395423159,0.432937181663837,0.354482117132325,0.528756160630407,0.567062818336163,0.471243839369593,0.645517882867676,726,2.27311114659561e-16,431721580
369,-0.614145597394818,0.111154182454159,0.541103017689907,0.435176409189188,0.672813299550519,0.458896982310093,0.327186700449481,0.564823590810812,717,3.29169375480188e-08,193553566
119,-0.805141939479736,0.100875664113947,0.447024471635151,0.366830787014112,0.544749473912064,0.552975528364849,0.455250526087936,0.633169212985888,759,1.44532761618692e-15,466116178
94,-0.873746507871747,0.0954385354121248,0.417384880571288,0.346177856448695,0.503238827337667,0.582615119428712,0.496761172662333,0.653822143551305,809,5.43223923938381e-20,984293544
844,-0.807231745776182,0.103139097853926,0.446091252542866,0.364444623741074,0.546029197941041,0.553908747457134,0.453970802058959,0.635555376258926,725,5.01113828726383e-15,265012076
894,-0.797125265433323,0.101694584611118,0.450622524052066,0.369190322530746,0.550016202459217,0.549377475947934,0.449983797540783,0.630809677469254,751,4.5623648211012e-15,989587840
919,-0.752168015531806,0.106629580484782,0.471343564046351,0.382449694134078,0.580899288914142,0.528656435953649,0.419100711085858,0.617550305865922,705,1.7381174134391e-12,860453214
144,-0.76080582903376,0.104683798270898,0.467289719626168,0.380609142392224,0.57371107981237,0.532710280373832,0.42628892018763,0.619390857607776,727,3.65778959314653e-13,206844726
694,-0.582149110591224,0.108615715211744,0.558696375124709,0.451566784300817,0.691241363247729,0.441303624875291,0.308758636752271,0.548433215699183,769,8.33540535472762e-08,26485918
294,-0.868700522007762,0.102265685678466,0.419496321448783,0.343304461461946,0.512597951566577,0.580503678551217,0.487402048433423,0.656695538538054,707,1.98708908466001e-17,877007137
994,-0.720795603882517,0.109629740774295,0.486365147988028,0.392324511015353,0.602947433911821,0.513634852011972,0.397052566088179,0.607675488984647,682,4.87126825261366e-11,433617222
744,-0.871950941817133,0.100120461891269,0.418134995933857,0.343632178833239,0.508790752420928,0.581865004066143,0.491209247579072,0.656367821166761,736,3.06517605290873e-18,101384876
819,-0.856072807006322,0.103070299721917,0.424827188940092,0.347119255482207,0.519931227128342,0.575172811059908,0.480068772871658,0.652880744517793,702,9.92179224665603e-17,500411008
69,-0.56531380905006,0.113914615357434,0.568181818181819,0.454488643505497,0.710316051073106,0.431818181818181,0.289683948926894,0.545511356494503,708,6.95521526981509e-07,766562794
644,-0.769349496318251,0.107286561192244,0.463314358001265,0.375451006265935,0.571739563212353,0.536685641998735,0.428260436787647,0.624548993734065,688,7.44642447663043e-13,563851592
594,-0.750938305588354,0.104122705220083,0.471923536439665,0.384806350175142,0.578763380969035,0.528076463560335,0.421236619030965,0.615193649824858,740,5.51151461619126e-13,716872929
494,-0.576405269411973,0.110886870507899,0.561914672216441,0.452150792994856,0.698324770726881,0.438085327783559,0.301675229273119,0.547849207005144,741,2.01294533323779e-07,707129474
544,-0.832909122935105,0.101531056340595,0.434782608695652,0.356327033397954,0.530512420069673,0.565217391304348,0.469487579930327,0.643672966602046,735,2.33504841216603e-16,20597248
244,-0.741345628735785,0.103571747883877,0.476472329091445,0.388935202260748,0.583711320215302,0.523527670908555,0.416288679784698,0.611064797739252,753,8.19833584332246e-13,855486973
344,-0.804137750690411,0.10219811082318,0.447473594062233,0.366248810223785,0.546711994123955,0.552526405937767,0.453288005876045,0.633751189776215,740,3.59145529718838e-15,439368786
719,-0.848303698706978,0.0982928017239611,0.428140571728298,0.353117629318558,0.5191027973131,0.571859428271702,0.4808972026869,0.646882370681442,776,6.11513670972171e-18,966743222
944,-0.87164881456433,0.100541350702784,0.418261344997266,0.343452574999737,0.50936451042493,0.581738655002734,0.49063548957507,0.656547425000263,730,4.33810758082822e-18,822051031
669,-0.816908781588663,0.101404900094324,0.44179523141655,0.362163781775956,0.538935797349134,0.55820476858345,0.461064202650866,0.637836218224044,745,7.88894566637223e-16,813289589
394,-0.755207385683051,0.106139293544101,0.469913151364764,0.381655626464558,0.578580150569506,0.530086848635236,0.421419849430494,0.618344373535442,710,1.11711860624039e-12,636462086
969,-0.750706071495346,0.103642221356862,0.472033145901154,0.385258364696359,0.578352895737777,0.527966854098846,0.421647104262223,0.614741635303641,747,4.38072324298994e-13,430818381
620,-1.03402794746592,0.096405241743987,0.355571847507331,0.294352058780244,0.429524220974338,0.644428152492669,0.570475779025662,0.705647941219756,714,7.69779052752006e-27,273116107
569,-0.849664395910839,0.10122601403408,0.427558398220244,0.350615976777873,0.521385778162856,0.572441601779756,0.478614221837144,0.649384023222127,731,4.70934624641427e-17,539502135
269,-0.919256314386432,0.0969137700878538,0.398815524193548,0.329821455999175,0.482242193297978,0.601184475806452,0.517757806702022,0.670178544000825,761,2.41683732003752e-21,435767306
470,-0.667668095258959,0.107574750970154,0.512903225806453,0.415401094469862,0.633290866453773,0.487096774193547,0.366709133546227,0.584598905530137,736,5.41603157292895e-10,178161067
444,-0.701722745262343,0.106765246698442,0.495730550284629,0.402130432677537,0.611117086685563,0.504269449715371,0.388882913314437,0.597869567322463,729,4.9451984366151e-11,608483893
419,-0.786651428082104,0.100734339797038,0.455367074527252,0.373780292987292,0.554762186380324,0.544632925472748,0.445237813619676,0.626219707012708,771,5.75665199491117e-15,40838208
170,-0.826719355387121,0.102376163702243,0.437482158150157,0.35794606902222,0.53469127129271,0.562517841849843,0.46530872870729,0.64205393097778,726,6.73049109414706e-16,205736214
44,-0.885381745523136,0.0993980467464627,0.412556651559584,0.339528177871148,0.501292681547771,0.587443348440416,0.498707318452229,0.660471822128852,740,5.22263079967335e-19,775578037
19,-0.683927595305392,0.107160013914995,0.504631108272118,0.409033850149793,0.622570858970937,0.495368891727882,0.377429141029063,0.590966149850207,733,1.74445247613635e-10,19862352
520,-0.542395190183753,0.111863314967056,0.581354129741226,0.466898561154061,0.723867349969534,0.418645870258774,0.276132650030466,0.533101438845939,747,1.24253404142079e-06,103917330
770,-0.721274990277127,0.104384778543268,0.486132047030448,0.396188410511881,0.596494902121644,0.513867952969552,0.403505097878356,0.603811589488119,752,4.85434237557625e-12,716845441
870,-0.855990131631135,0.09835289105633,0.42486231313926,0.350372552155746,0.515188715598372,0.57513768686074,0.484811284401628,0.649627447844254,771,3.2250276976444e-18,419315965
219,-0.807615034397205,0.107596334585304,0.445920303605313,0.361136247464851,0.550609135923991,0.554079696394687,0.449390864076009,0.638863752535149,666,6.09746253659787e-14,399588823
794,-0.786746007978541,0.102063488296345,0.455324007993149,0.372772572992617,0.556156668369085,0.544675992006851,0.443843331630915,0.627227427007383,751,1.27406703258289e-14,715794918
320,-0.630626823578611,0.110096376523496,0.532258064516129,0.428951355728703,0.660444694856338,0.467741935483871,0.339555305143662,0.571048644271297,722,1.01649971586318e-08,85043143
195,-0.754107880349633,0.104146823516783,0.470430107526881,0.383570476374839,0.576959124068471,0.529569892473118,0.423040875931529,0.616429523625161,738,4.45996478705009e-13,45610935
95,-0.738595400254861,0.105006280546301,0.477784540474741,0.388911320866556,0.586966886456325,0.522215459525259,0.413033113543675,0.611088679133444,734,2.00952636151392e-12,624253860
370,-0.763836275973922,0.0984635870577922,0.465875766462277,0.384111900844718,0.565044273034786,0.534124233537723,0.434955726965214,0.615888099155282,820,8.65852182291977e-15,231507859
120,-0.399034217777873,0.122212509079489,0.670967741935485,0.528048927402541,0.852568175703933,0.329032258064515,0.147431824296067,0.471951072597459,699,0.00109431271516058,426173656
895,-0.692804068530502,0.11114658672651,0.500171585449554,0.402263724034943,0.621909458754449,0.499828414550446,0.378090541245551,0.597736275965057,677,4.56866516556944e-10,351312612
845,-0.586623390986144,0.108646429595153,0.556202194878617,0.449523799420538,0.688196891881086,0.443797805121383,0.311803108118914,0.550476200579462,766,6.68714861631356e-08,180357610
920,-0.606985060521571,0.10992701301601,0.544991511035653,0.439359169365009,0.676020367414186,0.455008488964347,0.323979632585814,0.560640830634991,737,3.3571671777318e-08,858952215
295,-0.724350960227302,0.105397322450982,0.484639016897081,0.394188555738061,0.595844230584523,0.515360983102919,0.404155769415477,0.605811444261939,736,6.3053390802597e-12,374328848
70,-0.65717564017344,0.109715141215688,0.51831317204301,0.418025281798476,0.642660996859991,0.48168682795699,0.357339003140009,0.581974718201524,713,2.10053478099882e-09,116173737
995,-0.577404315859902,0.105888489813981,0.561353573687539,0.456146183827664,0.690826418950872,0.438646426312461,0.309173581049128,0.543853816172336,812,4.95418569587478e-08,673809151
745,-0.893612244659652,0.0990567019365704,0.409175039661554,0.336970525835768,0.49685120877199,0.590824960338446,0.50314879122801,0.663029474164232,741,1.86007084944115e-19,93694623
820,-0.700376506403401,0.106235704603093,0.49639837143752,0.403090304578567,0.611305557010224,0.50360162856248,0.388694442989776,0.596909695421433,737,4.31998033247558e-11,604247378
645,-0.895229059886558,0.0990698959855961,0.408514013749338,0.336417447136321,0.496061369141687,0.591485986250662,0.503938630858313,0.663582552863679,740,1.62008273830457e-19,180836225
695,-0.871764501746318,0.102742601513165,0.418212960319726,0.341934424890567,0.511507667692027,0.581787039680274,0.488492332307973,0.658065575109433,699,2.1583562407009e-17,228373134
145,-0.737328501669031,0.106514783374837,0.478390228625118,0.388254727379627,0.589451189399738,0.521609771374882,0.410548810600262,0.611745272620373,714,4.44333082749697e-12,300699568
595,-0.826719355387119,0.102376163702243,0.437482158150158,0.35794606902222,0.534691271292711,0.562517841849842,0.465308728707289,0.64205393097778,726,6.73049109414794e-16,169181247
545,-0.599141207005045,0.112882383408349,0.549283154121864,0.440261410825337,0.685301904694436,0.450716845878136,0.314698095305564,0.559738589174663,703,1.11042083251898e-07,782319059
245,-0.61543508822469,0.108847323767382,0.540405719986699,0.436585117539371,0.668915019000862,0.459594280013301,0.331084980999138,0.563414882460629,747,1.56652962336316e-08,291240733
345,-0.69285127879717,0.103216286842277,0.50014797277301,0.408545705968182,0.612288884731134,0.49985202722699,0.387711115268866,0.591454294031818,785,1.91165970591937e-11,212192741
670,-0.82671935538712,0.102376163702243,0.437482158150157,0.35794606902222,0.53469127129271,0.562517841849843,0.46530872870729,0.64205393097778,726,6.73049109414745e-16,906610010
945,-0.749310354568244,0.10765769498935,0.472692430533376,0.382772079585263,0.583736760856873,0.527307569466624,0.416263239143127,0.617227920414737,693,3.39985740528566e-12,139619653
495,-0.897120815766436,0.0978891131982723,0.407741935483871,0.336559625606239,0.493979293127223,0.592258064516129,0.506020706872777,0.663440374393761,757,4.97016393013951e-20,10526805
395,-0.793307814498021,0.103497123804876,0.452346041055718,0.369295386535479,0.554073915675964,0.547653958944282,0.445926084324036,0.630704613464521,727,1.78799425887198e-14,539179659
471,-0.852688709022082,0.0999659265230825,0.42626728110599,0.3504215836338,0.518529118718265,0.57373271889401,0.481470881281735,0.6495784163662,748,1.46609197751264e-17,699038632
445,-0.89159150769168,0.100280875087642,0.410002710761724,0.336842973508216,0.499052187674211,0.589997289238276,0.500947812325789,0.663157026491784,724,6.05926565891406e-19,802024038
270,-0.742092443605221,0.106037960715291,0.476116625310174,0.386770792984467,0.586101755894097,0.523883374689826,0.413898244105903,0.613229207015533,718,2.58965139784207e-12,791634935
171,-0.906620558172653,0.0991634132347857,0.403886832363828,0.332545935450692,0.490532452714565,0.596113167636172,0.509467547285436,0.667454064549308,733,6.09166160173765e-20,496196325
720,-0.579414125604565,0.110316324462477,0.560226492793411,0.451296761343517,0.695448649561008,0.439773507206589,0.304551350438992,0.548703238656483,747,1.5021379332413e-07,507716507
420,-0.843207875135678,0.0986550537153068,0.430327868852459,0.354669741795382,0.522125382824271,0.569672131147541,0.477874617175729,0.645330258204618,773,1.26294472202588e-17,355292078
621,-0.869668562907022,0.098863584698872,0.419090428344791,0.345266868772408,0.508698641589025,0.580909571655209,0.491301358410975,0.654733131227592,756,1.40958426028169e-18,80221612
970,-0.66609700302692,0.107563277725168,0.513709677419354,0.416063596822864,0.63427234367406,0.486290322580646,0.36572765632594,0.583936403177136,737,5.91775116399501e-10,26855822
570,-0.668685066045139,0.10812416576573,0.512381883349626,0.414532235924625,0.633328777915952,0.487618116650374,0.366671222084048,0.585467764075375,728,6.23318969427566e-10,929484568
45,-0.895738834831962,0.0971042002339771,0.408305816611634,0.337543944898828,0.493902030827014,0.591694183388366,0.506097969172986,0.662456055101172,770,2.848557108765e-20,562286396
521,-0.776395224653065,0.105798197563752,0.460061443932412,0.373904118715068,0.566071678805089,0.539938556067588,0.433928321194911,0.626095881284932,704,2.16074863800378e-13,443213034
771,-0.520997358001211,0.115594766207179,0.593927893738139,0.473521037971684,0.744951786030923,0.406072106261861,0.255048213969077,0.526478962028316,711,6.57191636252128e-06,754637754
871,-0.713552944183213,0.104327637436547,0.489900512511306,0.399304355892411,0.601051575363999,0.510099487488694,0.398948424636001,0.600695644107589,757,7.94484327280423e-12,989368264
20,-0.61094559466415,0.111131148936496,0.542837322233783,0.436590914765524,0.674939281703105,0.457162677766217,0.325060718296895,0.563409085234476,719,3.85171984858849e-08,984073557
321,-0.729057130719178,0.104442780481112,0.482363581549594,0.393072494830325,0.591938199353757,0.517636418450406,0.408061800646243,0.606927505169675,747,2.94245618809077e-12,544524504
795,-0.612195861893556,0.106647757366647,0.542159054615138,0.439893940535065,0.668198430157167,0.457840945384862,0.331801569842833,0.560106059464935,780,9.44789420397906e-09,239427641
196,-0.943803497596303,0.0978838330895413,0.389144905273937,0.321212530831049,0.471444114925617,0.610855094726063,0.528555885074383,0.678787469168951,734,5.31022556394767e-22,664542042
371,-0.778205431928693,0.104332523795259,0.459229390681003,0.374301588191277,0.563427032955775,0.540770609318997,0.436572967044225,0.625698411808723,723,8.72505188833563e-14,380227462
220,-0.688833253179557,0.109384219574484,0.502161622879948,0.40526164476012,0.622230844576184,0.497838377120052,0.377769155423816,0.59473835523988,701,3.02731810752958e-10,43743131
96,-0.768888390578536,0.102841660479327,0.463528044173205,0.378910844170598,0.567041696062678,0.536471955826795,0.432958303937322,0.621089155829402,749,7.63692719951167e-14,859306362
121,-0.764551839510717,0.10327493520961,0.465542521994134,0.380234544982672,0.569989872420812,0.534457478005866,0.430010127579188,0.619765455017328,745,1.33068984293866e-13,721231750
896,-0.818697882863828,0.103230109314061,0.441005521650683,0.360225455153083,0.539900407770297,0.558994478349317,0.460099592229703,0.639774544846917,718,2.17729603152481e-15,38980759
846,-0.738244851057532,0.103548537144499,0.477952056821545,0.390160824435397,0.585497452109702,0.522047943178455,0.414502547890298,0.609839175564603,755,1.00765594098752e-12,777426135
921,-0.779920811382113,0.102926163170021,0.458442313281022,0.374691452785903,0.560913127438071,0.541557686718978,0.439086872561929,0.625308547214097,742,3.52334780069594e-14,397255268
296,-0.780878121414237,0.105333241829735,0.45800365185636,0.372571064649625,0.563026399570328,0.54199634814364,0.436973600429672,0.627428935350375,708,1.23095998340515e-13,845533918
646,-0.773423669648926,0.101071306584812,0.461430575035062,0.37850734890587,0.562520585644266,0.538569424964938,0.437479414355734,0.62149265109413,773,1.97481196531493e-14,93517106
746,-0.775636671935208,0.103359884775657,0.460410557184751,0.375980377843027,0.563800383369142,0.539589442815249,0.436199616630858,0.624019622156973,738,6.17892517504213e-14,147218628
996,-0.629112818747395,0.107297993021104,0.533064516129033,0.431964002963958,0.657827449523818,0.466935483870967,0.342172550476182,0.568035997036042,761,4.53948550807964e-09,919917116
821,-0.764913098139695,0.103750359266341,0.465374371115714,0.379743191835221,0.570315176013274,0.534625628884286,0.429684823986726,0.620256808164779,738,1.67293272754885e-13,773389372
146,-0.809818487363639,0.100911791467024,0.444938820912124,0.365093437775717,0.542246268683384,0.555061179087876,0.457753731316616,0.634906562224283,756,1.0151479120348e-15,171965580
71,-0.90016134994427,0.0987065576766681,0.406504065040651,0.335000703208821,0.493269277681393,0.593495934959349,0.506730722318607,0.664999296791179,743,7.54230705131531e-20,249683849
596,-0.798443694169684,0.102608827254559,0.450028801843318,0.368043809595671,0.550276671440352,0.549971198156682,0.449723328559648,0.631956190404329,737,7.17077168121545e-15,169766293
696,-0.94810446872409,0.0971520265451067,0.387474798387097,0.320293043348347,0.468747987204438,0.612525201612903,0.531252012795562,0.679706956651653,743,1.68848490221188e-22,458606528
546,-0.843194966829829,0.0998907628161517,0.430333423692058,0.353816357584774,0.523398230682868,0.569666576307942,0.476601769317132,0.646183642415226,754,3.14175296482491e-17,710503093
246,-0.736408303250231,0.1021387821989,0.47883064516129,0.391959548238791,0.584955227588678,0.52116935483871,0.415044772411322,0.608040451761209,777,5.60014469238127e-13,387838753
346,-0.972393122512766,0.0958710929459316,0.378176930596285,0.313393085599436,0.456352732102157,0.621823069403715,0.543647267897843,0.686606914400564,751,3.57037906523032e-24,360710748
671,-0.682764831517726,0.106624888266119,0.505218216318786,0.409939466701706,0.622641796736459,0.494781783681214,0.377358203263541,0.590060533298294,741,1.51926176958092e-10,949875669
446,-0.88694877359014,0.0959079339281358,0.411910669975186,0.341323397991591,0.497095719302509,0.588089330024814,0.502904280697491,0.658676602008409,794,2.28906398017352e-20,884452975
496,-0.88783365532485,0.0974254478643779,0.411546338965694,0.340008716710508,0.498135432393258,0.588453661034307,0.501864567606742,0.659991283289492,769,8.01685744316125e-20,474548994
721,-0.868412651629692,0.0984509080841254,0.4196170993968,0.345980492448723,0.508926121412121,0.5803829006032,0.491073878587879,0.654019507551277,763,1.13676995815656e-18,249747158
421,-0.843167094596145,0.102508206094798,0.430345418212961,0.352015705436603,0.526104875767373,0.569654581787039,0.473895124232627,0.647984294563397,716,1.9460234380125e-16,957371788
622,-0.91335627724856,0.100886836533748,0.401175505740842,0.329199659874139,0.488888070139417,0.598824494259158,0.511111929860583,0.670800340125861,705,1.38743293634168e-19,165581060
172,-0.832564544867534,0.10065681597774,0.434932451061483,0.357061130137729,0.529786697626208,0.565067548938517,0.470213302373792,0.64293886986227,748,1.32486033152276e-16,146884827
271,-0.713197977605507,0.10581901104511,0.490074441687345,0.398280229141974,0.603025058292683,0.509925558312655,0.396974941707317,0.601719770858026,736,1.58615040121166e-11,308155302
396,-0.667096503360003,0.10811249553405,0.513196480938416,0.415200766561619,0.634321150773907,0.486803519061584,0.365678849226093,0.584799233438381,729,6.81207895880103e-10,615416390
946,-0.589205608027742,0.112189371515175,0.55476781283233,0.445261853232245,0.69120524006407,0.44523218716767,0.30879475993593,0.554738146767755,717,1.50550959452847e-07,778764735
472,-0.738840408218844,0.106013023921221,0.477667493796526,0.388049598246365,0.587982143676891,0.522332506203474,0.412017856323109,0.611950401753635,720,3.18439827341543e-12,482575063
971,-0.932749580185186,0.0985769176467726,0.3934703433923,0.324341992170859,0.477332306227242,0.6065296566077,0.522667693772758,0.675658007829141,729,3.01675439604579e-21,334230889
46,-0.932481197752736,0.101480648568819,0.393575958092087,0.3225879024738,0.480185504788684,0.606424041907913,0.519814495211316,0.6774120975262,688,3.97400351313669e-20,599371099
522,-0.552273509332099,0.114475145050422,0.57563959955506,0.459948537500711,0.720430486368047,0.42436040044494,0.279569513631953,0.540051462499289,708,1.40427690629791e-06,313529236
772,-0.755419355947443,0.103677939207276,0.469813554306008,0.383419962465177,0.575673667042547,0.530186445693992,0.424326332957453,0.616580037534823,744,3.18793230337547e-13,12321583
872,-0.807815777146046,0.105548315514186,0.445830797321972,0.362515997660939,0.548293319807227,0.554169202678028,0.451706680192773,0.637484002339061,692,1.95556493004809e-14,670423785
322,-0.775907108692217,0.105294134823555,0.460286062081558,0.374456431442577,0.56578881054427,0.539713937918442,0.43421118945573,0.625543568557423,711,1.71978441796108e-13,106528935
571,-0.527739720015304,0.111155068804395,0.589936886395512,0.474449710107049,0.733535130312351,0.410063113604488,0.266464869687649,0.525550289892951,765,2.05662409860575e-06,801377080
197,-0.975105508093566,0.0955327903698968,0.377152558816396,0.312751499037467,0.454814934731022,0.622847441183604,0.545185065268978,0.687248500962533,755,1.84434528725955e-24,253513584
372,-0.68832013981163,0.107727138822386,0.502419354838709,0.406788675962964,0.620531551226187,0.497580645161291,0.379468448773813,0.593211324037036,723,1.66453423724132e-10,218169918
21,-0.715192464099959,0.103855557475747,0.489097968936678,0.399019250516837,0.599511985720324,0.510902031063322,0.400488014279676,0.600980749483163,763,5.72159390449389e-12,577454463
97,-0.852921727781144,0.101252214925766,0.426167964404894,0.349457816119698,0.519716902891657,0.573832035595106,0.480283097108343,0.650542183880302,729,3.64671611254006e-17,34953217
796,-0.971271528005626,0.0962268364232461,0.378601329721743,0.313526102208671,0.457183519513379,0.621398670278257,0.54281648048662,0.686473897791329,746,5.8989351746528e-24,368331651
221,-0.73506948694621,0.103053195393059,0.479472140762463,0.391781873817116,0.58678961210608,0.520527859237537,0.41321038789392,0.608218126182884,764,9.82666056766949e-13,615541136
897,-0.816908781588664,0.101404900094324,0.441795231416549,0.362163781775956,0.538935797349134,0.558204768583451,0.461064202650866,0.637836218224044,745,7.88894566637165e-16,88572485
122,-0.681041683475045,0.108766253475627,0.506089532587229,0.408926591055404,0.626338860315537,0.493910467412771,0.373661139684463,0.591073408944596,713,3.81251632983484e-10,856851424
847,-0.851563216500344,0.0995396226874929,0.426747311827957,0.351109446053077,0.518679489257768,0.573252688172043,0.481320510742232,0.648890553946923,755,1.17850827449945e-17,474666632
922,-0.693147180559945,0.107763181226549,0.5,0.404801225082679,0.617587063747001,0.5,0.382412936252999,0.595198774917321,720,1.25825054042879e-10,627001945
647,-0.716084706939924,0.107401010373951,0.488661769402747,0.395902694383412,0.603154078675117,0.511338230597253,0.396845921324883,0.604097305616588,713,2.60387790585919e-11,446589595
822,-0.722883565896048,0.103434530852001,0.485350695472032,0.396289005863945,0.594428041428078,0.514649304527968,0.405571958571922,0.603710994136055,765,2.77241260100614e-12,822209376
997,-0.862648048924839,0.0996277572921049,0.422043010752688,0.347178971121051,0.513050379606914,0.577956989247312,0.486949620393086,0.652821028878949,748,4.7712496840234e-18,829964978
747,-0.917308395696807,0.104053788153659,0.399593141528626,0.325872175912856,0.489991753083628,0.600406858471374,0.510008246916372,0.674127824087144,661,1.18925131819694e-18,384709638
147,-0.919896264257102,0.0996830156765285,0.398560383897627,0.327826299734029,0.484556546382952,0.601439616102373,0.515443453617048,0.672173700265971,719,2.75180175398691e-20,341857792
297,-0.581463818437743,0.11338739172275,0.559079376585719,0.447669956407277,0.698214711194758,0.440920623414281,0.301785288805242,0.552330043592723,706,2.9265445200397e-07,285279062
72,-0.831625334155977,0.102415339604824,0.435341136168997,0.356166945062731,0.532115367436843,0.564658863831003,0.467884632563157,0.643833054937269,723,4.65704724366222e-16,837741034
672,-0.786196194901134,0.10161065326811,0.455574419920769,0.373308764182472,0.555968870810375,0.544425580079231,0.444031129189625,0.626691235817528,758,1.01518134639178e-14,675491629
697,-0.724350960227301,0.105397322450982,0.484639016897082,0.394188555738062,0.595844230584523,0.515360983102918,0.404155769415477,0.605811444261938,736,6.30533908026004e-12,794972027
547,-0.678080982205301,0.106590590436493,0.507590132827324,0.411891752604097,0.625522947023673,0.492409867172676,0.374477052976327,0.588108247395903,744,1.99732608573039e-10,283898326
347,-0.654655801377974,0.109129640120609,0.519620884602593,0.4195611622787,0.643543511627098,0.480379115397407,0.356456488372902,0.5804388377213,722,1.98681026266765e-09,119143158
247,-0.931285893448201,0.0989645128991505,0.394046682402308,0.324570413871305,0.478394768211475,0.605953317597692,0.521605231788525,0.675429586128695,724,4.94716285424792e-21,63139551
597,-0.826719355387119,0.102376163702243,0.437482158150157,0.35794606902222,0.534691271292711,0.562517841849843,0.465308728707289,0.64205393097778,726,6.73049109414774e-16,477537855
623,-0.928780195897689,0.0969917333251132,0.395035282258064,0.326645269385196,0.477744173434464,0.604964717741936,0.522255826565536,0.673354730614804,755,1.01003646637422e-21,399712294
497,-0.734905673365698,0.102127728517184,0.479550691244239,0.392557465687231,0.585822167641703,0.520449308755761,0.414177832358297,0.607442534312769,778,6.20289366455121e-13,235573343
422,-0.738132276476754,0.103075949785776,0.478005865102639,0.390566345326903,0.58502123853318,0.521994134897361,0.41497876146682,0.609433654673097,762,8.00600433888127e-13,162225029
947,-0.869037847023609,0.101822850964249,0.419354838709677,0.343486672322194,0.511980507308483,0.580645161290323,0.488019492691517,0.656513327677806,713,1.40395950158271e-17,164894408
447,-0.781462763799,0.104357944746121,0.457735961768219,0.373065759107355,0.561622731598865,0.54226403823178,0.438377268401135,0.626934240892645,721,6.9775650615754e-14,459699315
173,-0.727588531421408,0.1074889885673,0.483072500798468,0.391306915121674,0.596358081111662,0.516927499201532,0.403641918888338,0.608693084878326,706,1.29712501002843e-11,952818211
722,-0.794929874869887,0.105945692682793,0.451612903225807,0.366931676128857,0.555837033509253,0.548387096774193,0.444162966490747,0.633068323871143,693,6.22867023951616e-14,206624745
272,-0.673465951645483,0.108159392531365,0.509938090583252,0.412526651500355,0.630351651904045,0.490061909416748,0.369648348095955,0.587473348499645,725,4.76646959286482e-10,65195510
473,-0.64356600594981,0.107941640251583,0.525415444770283,0.425228871736704,0.649206598967926,0.474584555229717,0.350793401032074,0.574771128263296,744,2.48915677821035e-09,269147044
397,-0.654307347243683,0.106944323886532,0.519801980198019,0.421508906864539,0.641016344417639,0.480198019801981,0.358983655582361,0.578491093135461,752,9.46349972910594e-10,330780084
523,-0.592839732753511,0.109253940468724,0.552755376344086,0.446206459123014,0.684746936827864,0.447244623655914,0.315253063172136,0.553793540876986,754,5.75487495434409e-08,836309671
773,-0.690738266417045,0.104161191396469,0.501205908953873,0.408652363997678,0.61472142412886,0.498794091046127,0.38527857587114,0.591347636002322,772,3.3243685129949e-11,197788985
873,-0.844278230513482,0.102973847682708,0.429867511520738,0.351304024652598,0.526000456851484,0.570132488479262,0.473999543148516,0.648695975347402,709,2.42480045543805e-16,633386322
972,-0.674881832582653,0.105033828607302,0.509216589861751,0.414474281319745,0.625615501557245,0.490783410138249,0.374384498442755,0.585525718680255,768,1.31544031914761e-10,328304814
323,-0.732367893713228,0.105963615658174,0.48076923076923,0.390607224785914,0.591742903324743,0.51923076923077,0.408257096675257,0.609392775214086,724,4.79543917976557e-12,307179456
572,-0.84318139103276,0.101174100155957,0.430339265850945,0.352932314695305,0.524723512192447,0.569660734149055,0.475276487807553,0.647067685304695,735,7.81791666016701e-17,263986130
47,-0.805604406116809,0.103126258882842,0.446817785527462,0.365047367667711,0.546904733868388,0.553182214472538,0.453095266131612,0.634952632332289,726,5.63652722994651e-15,335429452
373,-1.04587993805294,0.0937134003576503,0.351382488479262,0.29242272722987,0.422230017411816,0.648617511520738,0.577769982588184,0.70757727277013,750,6.36973817351094e-29,589525669
198,-0.879612962099927,0.101035331033135,0.414943479459608,0.340398403593088,0.505813450734828,0.585056520540392,0.494186549265172,0.659601596406912,719,3.14804149376154e-18,29371755
98,-0.745355089240038,0.106063054574376,0.474565756823821,0.385491993125808,0.584221362741163,0.525434243176179,0.415778637258837,0.614508006874192,716,2.10309804193279e-12,129181076
222,-0.831625334155975,0.102415339604824,0.435341136168998,0.356166945062732,0.532115367436844,0.564658863831002,0.467884632563156,0.643833054937268,723,4.65704724366296e-16,870160490
22,-0.562411254890223,0.112000986356634,0.569833392414037,0.45752252780173,0.709713894680187,0.430166607585963,0.290286105319813,0.54247747219827,734,5.12735517895649e-07,797492962
898,-0.87328413790506,0.100554649241913,0.417577911427009,0.342882440751827,0.508545470364143,0.58242208857299,0.491454529635857,0.657117559248173,729,3.79837097076081e-18,904394452
848,-0.832909122935104,0.101531056340595,0.434782608695652,0.356327033397955,0.530512420069674,0.565217391304348,0.469487579930326,0.643672966602045,735,2.33504841216623e-16,592683911
797,-0.749804484789577,0.105091713395486,0.472458916615947,0.384511931957645,0.580521459382183,0.527541083384053,0.419478540617817,0.615488068042355,727,9.69539566735003e-13,8039668
648,-0.919431860775016,0.0976813409756909,0.398745519713262,0.329267835069786,0.482883454005462,0.601254480286738,0.517116545994538,0.670732164930214,749,4.84179656204935e-21,621370002
823,-0.621086822005133,0.108330398333614,0.537360105332455,0.43456467279751,0.664471598540307,0.462639894667545,0.335528401459693,0.56543532720249,751,9.85158466493035e-09,821461996
123,-0.680079166339725,0.106086440794147,0.506576886940182,0.411475923559847,0.623657734726932,0.493423113059818,0.376342265273068,0.588524076440153,750,1.44935233772821e-10,142273577
998,-0.743722435816153,0.106050487918976,0.475341191066997,0.38613139237667,0.585161559991939,0.524658808933003,0.414838440008061,0.61386860762333,717,2.33413047321642e-12,152292935
148,-0.809648047343909,0.103626037031796,0.445014662756598,0.363218263778022,0.545231531059237,0.554985337243402,0.454768468940763,0.636781736221978,717,5.57664279016517e-15,50960059
748,-0.790071565718811,0.10347182214609,0.453812316715543,0.370510827541325,0.555842376238675,0.546187683284457,0.444157623761325,0.629489172458675,729,2.24735409965718e-14,356751806
298,-0.78572492176191,0.102510244666204,0.455789170506912,0.372826800368529,0.557212538760706,0.544210829493088,0.442787461239294,0.627173199631471,745,1.79050216959299e-14,228341893
923,-0.719358032284896,0.107425948278501,0.487064835515809,0.394589607745189,0.601212371891044,0.512935164484192,0.398787628108956,0.605410392254811,711,2.13740144013116e-11,359737163
548,-0.817051791957159,0.103216984324813,0.44173205463528,0.360828189310867,0.540775953411436,0.55826794536472,0.459224046588564,0.639171810689133,719,2.45538433704362e-15,664160586
698,-0.860711404247055,0.101754739292672,0.422861150070127,0.346404875190625,0.516192366346551,0.577138849929873,0.483807633653449,0.653595124809375,718,2.70406704706017e-17,554222828
248,-0.916101737637918,0.0968880960246718,0.400075604838709,0.33088019545921,0.483741522713138,0.599924395161291,0.516258477286862,0.66911980454079,763,3.2223293081463e-21,536190392
673,-0.85455438120503,0.101265377030688,0.425472747497219,0.348878737887568,0.518882463170259,0.574527252502781,0.481117536829741,0.651121262112432,728,3.20717312669729e-17,716274931
73,-0.712269364654272,0.103356700579192,0.490529742527375,0.400578800969184,0.600679386232632,0.509470257472625,0.399320613767368,0.599421199030816,772,5.52572337980669e-12,570561611
624,-0.79459924170437,0.104461245556918,0.451762246117085,0.368122498157437,0.554405471108885,0.548237753882915,0.445594528891115,0.631877501842564,713,2.81310293244298e-14,79716070
948,-0.793947395668543,0.103975829594075,0.452056821544834,0.368713161647445,0.554239422840614,0.547943178455166,0.445760577159386,0.631286838352555,720,2.24275817429441e-14,683461277
348,-0.788179312260157,0.10074592619486,0.454671857619577,0.373201160958984,0.553927800170903,0.545328142380423,0.446072199829097,0.626798839041016,770,5.14006681973219e-15,337349265
423,-0.82691292072294,0.100185209851845,0.437397484964461,0.359416885302102,0.532297083628744,0.562602515035539,0.467702916371256,0.640583114697898,758,1.53381746871788e-16,910334607
174,-0.775636671935209,0.103359884775657,0.460410557184751,0.375980377843026,0.563800383369141,0.539589442815249,0.436199616630859,0.624019622156974,738,6.17892517504146e-14,437642648
723,-0.832909122935103,0.101531056340595,0.434782608695653,0.356327033397955,0.530512420069674,0.565217391304347,0.469487579930326,0.643672966602045,735,2.33504841216652e-16,341567383
598,-0.607366255988302,0.110512899809781,0.544783802333563,0.438687677689943,0.676539156166543,0.455216197666437,0.323460843833457,0.561312322310057,729,3.88754451059683e-08,918783590
273,-0.854448111279318,0.0983408020706688,0.425517964857068,0.35092156516752,0.51597153435032,0.574482035142932,0.48402846564968,0.64907843483248,772,3.66794645224257e-18,773325439
474,-0.788608110345713,0.104900758754682,0.454476936991257,0.370015708272016,0.558217615196787,0.545523063008743,0.441782384803213,0.629984291727984,710,5.57658127911818e-14,911196599
398,-0.733982099067768,0.105975910011875,0.479993796526054,0.389967816164053,0.590802715387601,0.520006203473946,0.409197284612399,0.610032183835947,723,4.33110075559812e-12,54116244
524,-0.791242101790702,0.100769201586496,0.453281423804228,0.372042900419066,0.552259024253801,0.546718576195772,0.447740975746199,0.627957099580934,768,4.09378961740087e-15,892028777
448,-0.849806485095723,0.107425507667925,0.427497651111807,0.346332282353607,0.527684686117476,0.572502348888193,0.472315313882524,0.653667717646393,649,2.56031360181495e-15,901249243
774,-0.825351640155986,0.100173043657239,0.438080918534718,0.359987058083613,0.533116085355623,0.561919081465281,0.466883914644377,0.640012941916387,759,1.73280633733947e-16,791208491
374,-0.848418559820876,0.0995147830620133,0.428091397849462,0.352232450514961,0.520287794735488,0.571908602150538,0.479712205264512,0.647767549485039,757,1.5208145113763e-17,726796386
498,-0.80471788123605,0.0987662684193071,0.447214076246335,0.368506764663551,0.542732045028981,0.552785923753665,0.457267954971019,0.631493235336449,792,3.70912491876777e-16,662836764
874,-0.788889481364874,0.10253466479412,0.454349078341013,0.37163104495182,0.555478579611374,0.545650921658987,0.444521420388626,0.628368955048179,743,1.42738122658516e-14,606735726
573,-0.652911868368045,0.108009052075362,0.520527859237537,0.421217597380076,0.643252451767651,0.479472140762463,0.356747548232349,0.578782402619924,738,1.49434468854685e-09,420032
48,-0.781506854537747,0.102938382532076,0.457715780296426,0.374088687649139,0.560037612601804,0.542284219703574,0.439962387398196,0.625911312350861,741,3.15036808617053e-14,272430194
199,-0.805141939479738,0.100875664113947,0.447024471635149,0.366830787014111,0.544749473912062,0.552975528364851,0.455250526087938,0.633169212985889,759,1.44532761618663e-15,68515075
973,-0.828215852503355,0.0993569065220681,0.436827956989247,0.359532101518587,0.530741658954574,0.563172043010753,0.469258341045426,0.640467898481413,770,7.69985283835345e-17,480013529
324,-0.746990412580768,0.102217064473016,0.473790322580645,0.387774157334056,0.578886616153977,0.526209677419355,0.421113383846023,0.612225842665944,770,2.71382646122533e-13,341628473
99,-0.976135982579978,0.0973896339674473,0.376764112903225,0.311294410319636,0.456003037850887,0.623235887096775,0.543996962149113,0.688705589680364,726,1.20784059916243e-23,518385878
223,-0.916101737637917,0.0968880960246718,0.40007560483871,0.33088019545921,0.483741522713138,0.59992439516129,0.516258477286862,0.66911980454079,763,3.22232930814679e-21,483597634
899,-0.903688864486826,0.0956731133956342,0.405072642206353,0.335811690512187,0.488618621983564,0.594927357793647,0.511381378016436,0.664188309487812,789,3.53412542342727e-21,947094861
849,-0.72755643693524,0.106440046078588,0.483088005010961,0.392124811273905,0.595152395043054,0.516911994989039,0.404847604956946,0.607875188726095,720,8.17971853685325e-12,290016772
798,-0.908258560176893,0.0983738753764305,0.403225806451612,0.33251582935579,0.488972363521923,0.596774193548388,0.511027636478077,0.66748417064421,744,2.63842258555501e-20,697364190
23,-0.612362889187721,0.108825643504408,0.542068506817426,0.437947065448026,0.670944708312347,0.457931493182574,0.329055291687653,0.562052934551974,749,1.83361029927797e-08,35453793
649,-0.787305949759229,0.102522436137527,0.455069124423963,0.372228922023136,0.556345559819557,0.544930875576037,0.443654440180443,0.627771077976863,744,1.59894413997838e-14,884504635
999,-0.768496617801731,0.100597912661806,0.463709677419355,0.380729966858665,0.564774731830302,0.536290322580645,0.435225268169698,0.619270033141335,783,2.18423016292901e-14,549694277
149,-0.822603115598396,0.0980949469444949,0.439286650931026,0.362451111476476,0.532410456406397,0.560713349068974,0.467589543593603,0.637548888523524,793,5.03884402609822e-17,669500722
299,-0.606611947374735,0.109350348505814,0.545194892473119,0.440020178830487,0.675508726824285,0.454805107526881,0.324491273175715,0.559979821169513,745,2.89921240732537e-08,997688463
749,-0.692150005805553,0.109409359384614,0.500498836049218,0.403899816888654,0.620201036029881,0.499501163950782,0.379798963970119,0.596100183111346,699,2.51204923229091e-10,130496528
124,-0.783630319615954,0.103421687907,0.456744868035191,0.37294172561683,0.559379281391595,0.543255131964809,0.440620718608405,0.62705827438317,733,3.53526402245532e-14,131020198
824,-0.662962204221546,0.107540435321712,0.515322580645162,0.417388605137701,0.636235294528894,0.484677419354838,0.363764705471106,0.582611394862299,739,7.05850191891411e-10,831197795
924,-0.641937028970198,0.109036953294832,0.526272031925507,0.425008746439411,0.651662474966231,0.473727968074493,0.348337525033769,0.574991253560589,730,3.92473598355489e-09,183270408
249,-0.570358771564493,0.106894964922658,0.565322580645161,0.458466042154314,0.697084605624367,0.434677419354839,0.302915394375633,0.541533957845685,801,9.51800539076546e-08,90453595
74,-0.846930314669568,0.10077065838173,0.428728977116074,0.351889815759661,0.522346847186209,0.571271022883926,0.477653152813791,0.648110184240339,739,4.29567831973726e-17,355598194
625,-0.843194966829828,0.0998907628161517,0.430333423692058,0.353816357584775,0.523398230682869,0.569666576307942,0.476601769317131,0.646183642415225,754,3.14175296482513e-17,331175239
549,-0.841567185678218,0.101161222229053,0.431034482758621,0.353511402597284,0.525557942295407,0.568965517241379,0.474442057704593,0.646488597402715,736,8.86569453569025e-17,670241500
674,-0.918225420092283,0.0996690117012087,0.399226872833911,0.328383517361676,0.485353519790711,0.600773127166089,0.514646480209289,0.671616482638324,720,3.17882674551971e-20,797986976
349,-0.884608809293298,0.101076493957146,0.412875654811139,0.338674741381926,0.503333391915078,0.587124345188861,0.496666608084922,0.661325258618074,716,2.09837331760133e-18,338898429
699,-1.00024094988854,0.0961087256467012,0.367790811339199,0.304644245682422,0.444026377726363,0.632209188660801,0.555973622273637,0.695355754317578,734,2.29426489467325e-25,285119514
424,-0.825351640155986,0.100173043657239,0.438080918534718,0.359987058083612,0.533116085355622,0.561919081465282,0.466883914644378,0.640012941916388,759,1.73280633733942e-16,958335222
175,-0.824671844068626,0.100594908384682,0.438378825475599,0.359934128187715,0.53391990249155,0.561621174524401,0.46608009750845,0.640065871812285,753,2.44524754405933e-16,68747298
599,-0.889965367129565,0.0959316512528758,0.410669975186104,0.340279497172629,0.495621481519343,0.589330024813896,0.504378518480657,0.659720502827371,792,1.74190699021287e-20,903194044
475,-0.783616114969614,0.102039490022721,0.456751355980588,0.373958728068485,0.557873865567059,0.543248644019412,0.442126134432941,0.626041271931515,753,1.59663669959269e-14,326127021
949,-0.782584039047588,0.101140469185882,0.457223001402525,0.375005076401982,0.557466781562823,0.542776998597475,0.442533218437177,0.624994923598018,767,1.01314578599372e-14,608838032
274,-0.713552944183213,0.104327637436547,0.489900512511306,0.399304355892411,0.601051575363999,0.510099487488694,0.398948424636001,0.600695644107589,757,7.94484327280429e-12,33553595
449,-0.895931747696234,0.0963500469866075,0.40822705676419,0.337978035378239,0.493077396842823,0.59177294323581,0.506922603157177,0.662021964621761,782,1.42151571853497e-20,629522114
775,-0.735153658487861,0.103525464525453,0.479431784551642,0.391386451367572,0.58728357927368,0.520568215448358,0.41271642072632,0.608613548632428,757,1.23690087503439e-12,813658890
525,-0.636519227043945,0.10844026737478,0.529131007241606,0.427817641450273,0.654436834057157,0.470868992758394,0.345563165942843,0.572182358549727,741,4.36405001558723e-09,54159568
375,-0.698270470664797,0.107266614274167,0.497444905780901,0.403124766206267,0.613833371281276,0.502555094219099,0.386166628718724,0.596875233793733,724,7.53150966458126e-11,595351992
875,-0.864406677648042,0.101345225213422,0.421301446051168,0.345404298252771,0.513875795242456,0.578698553948832,0.486124204757544,0.654595701747229,722,1.47200145819196e-17,644061453
399,-0.733682975497593,0.103992640194798,0.480137395459975,0.3916037450411,0.588686705472885,0.519862604540025,0.411313294527115,0.6083962549589,751,1.72422977689285e-12,979226263
499,-0.663313580181465,0.108634827400896,0.515141540487162,0.416347958618622,0.637377465752313,0.484858459512838,0.362622534247687,0.583652041381378,724,1.02221893485409e-09,814295080
724,-0.63232750426063,0.103750827037467,0.531353632800723,0.433581546479191,0.651173200020116,0.468646367199277,0.348826799979884,0.566418453520809,812,1.09660456604871e-09,381212882
49,-0.804864261972607,0.102659034617931,0.447148617511521,0.365652345562241,0.546808706600873,0.552851382488479,0.453191293399127,0.634347654437759,733,4.49937622962614e-15,851966194
574,-0.755207385683048,0.106139293544101,0.469913151364765,0.381655626464559,0.578580150569507,0.530086848635235,0.421419849430493,0.618344373535441,710,1.1171186062406e-12,32115825
974,-0.958689413803783,0.099603510200404,0.38339502908514,0.315401544808652,0.466046380389076,0.61660497091486,0.533953619610924,0.684598455191348,702,6.26724694253266e-22,494952450
325,-0.866618003132575,0.0968740923460909,0.420370840741681,0.347674794333451,0.508267054805203,0.579629159258319,0.491732945194797,0.652325205666549,789,3.69204893824073e-19,64514702
200,-0.690957284486909,0.106166086234127,0.501096147823364,0.406960565097827,0.617006587119944,0.498903852176636,0.382993412880056,0.593039434902173,743,7.60224760214078e-11,417929882
850,-0.865134133543137,0.100488570974096,0.420995079278294,0.345733126057783,0.512640656674926,0.579004920721706,0.487359343325074,0.654266873942217,734,7.35215802170771e-18,431416471
100,-0.744805487687319,0.104561445963235,0.47482665058788,0.386840755184634,0.582824702637384,0.52517334941212,0.417175297362616,0.613159244815366,737,1.05497984122018e-12,56743105
224,-0.77428478754073,0.101968353621109,0.461033399942906,0.377517222732637,0.563025427884777,0.538966600057094,0.436974572115223,0.622482777267363,759,3.11659018135365e-14,49055116
799,-0.840933745790637,0.102946687719127,0.431307603686636,0.352499686515543,0.527734509033969,0.568692396313364,0.472265490966031,0.647500313484457,711,3.1190252790991e-16,100150170
900,-0.557015006235365,0.109008909401319,0.572916666666667,0.46270362777343,0.709381745122538,0.427083333333333,0.290618254877462,0.53729637222657,778,3.22479964441059e-07,818950800
650,-0.875468737353901,0.102321662885937,0.416666666666666,0.340951339447512,0.509196155065516,0.583333333333334,0.490803844934484,0.659048660552488,703,1.16805865606515e-17,558862197
150,-0.684299015345351,0.108790638408234,0.504443712969059,0.407577268436631,0.624331824319034,0.495556287030941,0.375668175680966,0.592422731563369,711,3.17355085981318e-10,587101785
24,-0.868052139698852,0.100940797865236,0.419768403639371,0.344420333405586,0.511600203599035,0.580231596360629,0.488399796400965,0.655579666594414,726,7.99829921967585e-18,167626445
1000,-0.783661188100777,0.106363421752022,0.456730769230769,0.370786199556649,0.562596439165098,0.543269230769231,0.437403560834902,0.629213800443351,693,1.73506275083738e-13,413715524
125,-0.719839423514817,0.103412130659694,0.486830423202131,0.397514655982044,0.596214145538,0.513169576797869,0.403785854462,0.602485344017956,767,3.3815392412849e-12,610370316
750,-0.793655177437887,0.102571575587275,0.452188940092166,0.369837421438535,0.552877631328767,0.547811059907834,0.447122368671233,0.630162578561465,740,1.01331542446099e-14,237731096
300,-0.778462204301398,0.101551769437196,0.459111488398415,0.37625054479325,0.560220740398485,0.540888511601585,0.439779259601515,0.62374945520675,763,1.77902080434388e-14,71528748
925,-0.926015281766151,0.0981257585796289,0.396129032258064,0.326822445871402,0.48013290451738,0.603870967741936,0.51986709548262,0.673177554128598,739,3.83511852511562e-21,425591717
825,-1.0341032005043,0.0946303292478095,0.355545090652225,0.295355596213008,0.42800039378882,0.644454909347775,0.57199960621118,0.704644403786992,741,8.4862685032056e-28,330871185
250,-0.850629447340254,0.100372188742933,0.427145981410607,0.350864446531423,0.520011905563336,0.572854018589393,0.479988094436664,0.649135553468577,743,2.35580045980781e-17,959773560
425,-0.945752764604471,0.0982910452167761,0.388387096774194,0.320331246511911,0.470901726207587,0.611612903225806,0.529098273792413,0.679668753488089,727,6.45868633220263e-22,517822001
700,-0.783645321003583,0.10486162029603,0.456738016279771,0.37188510864368,0.560951785017717,0.543261983720229,0.439048214982283,0.628114891356319,713,7.83048697593517e-14,218152830
550,-0.886645083756355,0.10024020245624,0.412035782054757,0.338540255546202,0.501486848054634,0.587964217945243,0.498513151945366,0.661459744453798,727,9.13608900781006e-19,435778098
75,-0.781314472851891,0.108997107915156,0.457803844900619,0.36974382471136,0.566836675553409,0.542196155099381,0.433163324446591,0.63025617528864,661,7.59830885399108e-13,229964061
600,-0.742092443605222,0.106037960715291,0.476116625310173,0.386770792984467,0.586101755894096,0.523883374689827,0.413898244105904,0.613229207015533,718,2.58965139784185e-12,680405545
350,-0.939130223843979,0.098235253438907,0.390967741935483,0.322494956187788,0.473978808974374,0.609032258064517,0.526021191025626,0.677505043812212,731,1.17742795047424e-21,408113690
950,-0.68632786528789,0.108254944832282,0.503421309872923,0.407178482263024,0.622412593675468,0.496578690127077,0.377587406324532,0.592821517736976,717,2.29882081506646e-10,980172627
275,-0.88924055434113,0.0978256546845044,0.410967741935483,0.33926447474262,0.497825435568166,0.589032258064517,0.502174564431834,0.66073552525738,762,9.89892220562762e-20,266794163
675,-0.742092443605221,0.106037960715291,0.476116625310174,0.386770792984467,0.586101755894097,0.523883374689826,0.413898244105903,0.613229207015533,718,2.58965139784207e-12,990396797
725,-1.01957400623513,0.0966440501503441,0.360748584092588,0.298497755974863,0.435981639124168,0.639251415907412,0.564018360875832,0.701502244025137,717,5.09131528324583e-26,34420095
400,-0.706518917525837,0.106801150150191,0.49335863377609,0.400178202301885,0.608235881218219,0.50664136622391,0.391764118781781,0.599821797698115,726,3.70863097213367e-11,101473172
450,-0.920400947002616,0.10181301662903,0.398359288097887,0.326295850348545,0.48633815675052,0.601640711902113,0.51366184324948,0.673704149651455,689,1.56513152601573e-19,477465711
975,-0.64513297096764,0.106878716854562,0.524592781858831,0.42544848538799,0.646841148176657,0.475407218141169,0.353158851823343,0.57455151461201,758,1.57861951155631e-09,762181223
500,-0.791076305553899,0.103012490085323,0.45335658238884,0.370472123949636,0.554784496615,0.54664341761116,0.445215503385,0.629527876050364,735,1.59808916703599e-14,201465808
575,-0.790865464084818,0.101646407850994,0.453452178834182,0.371543710361215,0.553417734590539,0.546547821165818,0.446582265409461,0.628456289638785,755,7.22070810126774e-15,996438683
50,-0.730803193034109,0.106464802288943,0.481522079549013,0.390834777929557,0.59325199850817,0.518477920450987,0.40674800149183,0.609165222070443,718,6.68319259381872e-12,981239164
225,-0.729147279013184,0.105939141299844,0.482320099255583,0.391886045968033,0.593623275284704,0.517679900744417,0.406376724715296,0.608113954031967,726,5.87288150011309e-12,463052026
800,-0.845323888621295,0.100757853219909,0.429418251998897,0.352464400932569,0.523173502520801,0.570581748001103,0.476826497479199,0.647535599067431,740,4.87560094888727e-17,455629143
25,-0.758881159102289,0.104183278855445,0.468189964157707,0.381716675226725,0.57425272922069,0.531810035842293,0.42574727077931,0.618283324773275,735,3.23830804715861e-13,48533693
