"rep","est_V","se_V","IRR_V","IRR_V_CI_Lower","IRR_V_CI_Upper","VE","VE_CI_Lower","VE_CI_Upper","n_event","p_val","seed"
501,-0.791794033463309,0.141460839217622,0.453031312458361,0.343333780653666,0.597777968940308,0.546968687541639,0.402222031059692,0.656666219346334,215,2.17757690863386e-08,95377164
1,-0.918107262800552,0.138094208625501,0.399274047186933,0.304596619062627,0.523379954930674,0.600725952813067,0.476620045069326,0.695403380937373,219,2.9627102156084e-11,81420720
2,-1.09298903111375,0.145775705463759,0.335213032581454,0.25190476901089,0.446072448940405,0.664786967418546,0.553927551059595,0.74809523098911,191,6.49251686624656e-14,954453312
502,-0.974718181417408,0.14300893021884,0.377298668357641,0.285072845218805,0.499361084480659,0.622701331642359,0.500638915519341,0.714927154781195,202,9.3750142649028e-12,511882583
503,-1.10778419003049,0.135403703563454,0.330290010741139,0.253302570903258,0.430676604688098,0.669709989258861,0.569323395311902,0.746697429096742,221,2.80696829068115e-16,519050313
3,-0.914151039784696,0.138785787347532,0.400856793145655,0.305389830851909,0.526167384692449,0.599143206854345,0.473832615307551,0.694610169148091,217,4.49476417633424e-11,377495998
504,-0.911773502284335,0.133397682511147,0.401810979060555,0.309366643903966,0.521879349551724,0.598189020939445,0.478120650448276,0.690633356096034,235,8.20035608724244e-12,784374887
4,-0.954853766608466,0.145075871715615,0.384868421052631,0.289616614328641,0.511447528198305,0.615131578947369,0.488552471801695,0.710383385671359,197,4.64928935432277e-11,287703309
505,-0.851574417154464,0.147806788933362,0.42674253200569,0.31941298165936,0.570137092351615,0.57325746799431,0.429862907648385,0.68058701834064,194,8.34177995662833e-09,458138595
5,-0.946343076940557,0.144826020722289,0.388157894736842,0.292235042165502,0.515566340470592,0.611842105263158,0.484433659529408,0.707764957834498,198,6.38888374105137e-11,712489114
506,-0.937699269263336,0.142800011448239,0.391527599486521,0.295944853223173,0.51798116943118,0.608472400513479,0.48201883056882,0.704055146776827,204,5.15043982577082e-11,648559752
6,-0.92123715580948,0.144098795335235,0.398026315789474,0.30009217399031,0.5279209582655,0.601973684210526,0.4720790417345,0.69990782600969,201,1.6256216612074e-10,237511387
507,-0.986048168887519,0.136897585733259,0.373048004626952,0.285257640165509,0.487856569504696,0.626951995373048,0.512143430495304,0.714742359834491,220,5.89813912860302e-13,828921918
7,-0.757484068467677,0.133962180342186,0.468844525105868,0.360578671495652,0.609617834049837,0.531155474894132,0.390382165950163,0.639421328504348,242,1.56335109570524e-08,980531661
508,-0.881907909634921,0.141234060845128,0.413992297817715,0.313887203453247,0.546022968655108,0.586007702182285,0.453977031344892,0.686112796546753,211,4.25701019518377e-10,903139446
8,-0.881995013855175,0.135568477920085,0.413956238911887,0.317364492185984,0.539946250929841,0.586043761088113,0.460053749070159,0.682635507814016,229,7.72293883321302e-11,370768906
509,-1.17137164295054,0.14333552728016,0.309941520467836,0.234030433561828,0.410475443932104,0.690058479532164,0.589524556067896,0.765969566438172,196,3.0272759503188e-16,169326576
9,-0.976055974259069,0.138924959263889,0.376794258373206,0.286979673156337,0.494717662688505,0.623205741626794,0.505282337311495,0.713020326843663,214,2.12876133361783e-12,793596239
510,-1.03162008473745,0.148337528115635,0.356429047301799,0.266506592752267,0.476692394167377,0.643570952698201,0.523307605832623,0.733493407247733,186,3.5370053922061e-12,215011962
10,-1.06146350166672,0.14065192358848,0.34594914251922,0.262596615332866,0.45575914624062,0.65405085748078,0.54424085375938,0.737403384667134,206,4.46288183366239e-14,783159904
511,-0.635027921101995,0.143182929157548,0.529920692141312,0.400251849821118,0.701598106504769,0.470079307858688,0.298401893495231,0.599748150178882,220,9.20375797881049e-06,225166937
11,-0.753771802376379,0.135438743480323,0.470588235294118,0.360873837728102,0.613658470204994,0.529411764705882,0.386341529795006,0.639126162271898,237,2.6154045186074e-08,308555070
512,-1.00749750009389,0.146659500257748,0.365131578947369,0.27391297334063,0.486727840301324,0.634868421052631,0.513272159698676,0.72608702665937,191,6.43655673444143e-12,794963117
12,-0.809990807974393,0.137648158116927,0.444862155388471,0.339671521898629,0.582628582433643,0.555137844611529,0.417371417566357,0.660328478101371,226,3.99255254129908e-09,195444895
513,-0.948878921467307,0.13894874191605,0.387174833635814,0.294872136758302,0.508370690594588,0.612825166364186,0.491629309405412,0.705127863241698,215,8.55173124380611e-12,902700945
13,-0.730146493318074,0.147569694433583,0.481838398813936,0.360819379512814,0.643447264071726,0.518161601186064,0.356552735928274,0.639180620487186,201,7.50539416645476e-07,918032276
514,-0.913006656672966,0.14386355104282,0.401315789473684,0.302711813869775,0.532038577622778,0.598684210526316,0.467961422377222,0.697288186130225,202,2.2050114296555e-10,335817971
14,-0.968150794751955,0.138699863439092,0.379784688995215,0.289384932211602,0.498424050253331,0.620215311004785,0.501575949746669,0.710615067788398,215,2.94790278649318e-12,196602297
515,-0.813704143099053,0.144811583599772,0.443213296398892,0.333694414484709,0.588676398459087,0.556786703601108,0.411323601540913,0.666305585515291,204,1.92005575178799e-08,313709837
15,-0.842524581634546,0.135307356839096,0.430622009569378,0.330310509884776,0.561396957033719,0.569377990430622,0.438603042966281,0.669689490115224,232,4.76221366031812e-10,238260157
516,-0.848566896090508,0.139483333002844,0.428027901077997,0.325644427775636,0.562601010410847,0.571972098922003,0.437398989589153,0.674355572224364,218,1.17481545988831e-09,375862396
16,-1.1099176506003,0.132138850659242,0.329586101175268,0.25438534918632,0.427017508812398,0.670413898824732,0.572982491187602,0.74561465081368,232,4.47881958349116e-17,593458567
517,-0.550882107966668,0.152050625295453,0.576441102756892,0.427887119628001,0.776570103901388,0.423558897243108,0.223429896098612,0.572112880371999,201,0.000291185879192711,519971214
17,-0.97398772119501,0.135813558966729,0.377574370709382,0.289332884174898,0.492727972567434,0.622425629290618,0.507272027432566,0.710667115825102,224,7.41773126423012e-13,927318794
518,-0.938119702315567,0.146428147850613,0.391363022941971,0.293724331806588,0.521458385092638,0.60863697705803,0.478541614907362,0.706275668193412,194,1.48713076510305e-10,153991523
18,-1.07828121988453,0.14706829781349,0.340179717586649,0.254990296658691,0.453829976174461,0.659820282413351,0.546170023825539,0.745009703341309,188,2.27014132605734e-13,194240761
519,-1.01848344464067,0.13561060379861,0.361142217245241,0.27685113279098,0.47109686625439,0.638857782754759,0.52890313374561,0.72314886720902,223,5.89683381605937e-14,313670460
19,-1.09227038214283,0.140034640892469,0.335454019664546,0.254938424666183,0.441398347292872,0.664545980335454,0.558601652707128,0.745061575333817,207,6.19065337185633e-15,905024422
520,-0.569880386547305,0.147884473660569,0.565593087195601,0.423276931904802,0.755759447706915,0.434406912804399,0.244240552293085,0.576723068095198,211,0.000116416919204066,997434504
20,-0.979546379198837,0.144021284902641,0.375481386392811,0.283137421569184,0.497942909651801,0.624518613607189,0.502057090348199,0.716862578430816,199,1.0360724577382e-11,231228051
521,-1.36609165380237,0.143980545304512,0.255102040816327,0.192378914822882,0.338275383706003,0.744897959183673,0.661724616293997,0.807621085177118,193,2.35442784110392e-21,334531785
21,-1.05628766426332,0.144615942828229,0.347744360902256,0.261916454036417,0.461697379739666,0.652255639097744,0.538302620260334,0.738083545963583,195,2.79152326262371e-13,509309033
522,-0.925797636513569,0.136742976528072,0.396215257244234,0.303064705839091,0.517996741449877,0.603784742755766,0.482003258550123,0.696935294160909,223,1.28472353898877e-11,792292007
22,-1.03022456092126,0.141311107670129,0.356926799758015,0.270579521949622,0.47082920195719,0.643073200241985,0.52917079804281,0.729420478050378,205,3.08872827611487e-13,492416414
523,-0.777195234042157,0.141083679581456,0.459693537641572,0.348640433345017,0.606120599730617,0.540306462358427,0.393879400269383,0.651359566654983,217,3.61383240338491e-08,901669752
23,-0.53150582900353,0.155336258481862,0.587719298245614,0.433458464731047,0.796879059091948,0.412280701754386,0.203120940908052,0.566541535268953,194,0.000622430880881857,447760860
524,-0.958765596939113,0.144292256515964,0.383365821962314,0.288929309973239,0.508668897116921,0.616634178037686,0.491331102883079,0.711070690026761,199,3.04023471001512e-11,268038468
24,-0.984024143908245,0.139153283719568,0.373803827751196,0.284574678840724,0.491011014088335,0.626196172248804,0.508988985911665,0.715425321159276,213,1.53254323601801e-12,860648130
525,-0.73716406597672,0.141879773443354,0.478468899521531,0.362314263676975,0.631861648189077,0.521531100478469,0.368138351810923,0.637685736323025,217,2.03956134143135e-07,131058170
25,-0.891314745803977,0.146014883925811,0.410116199589884,0.308048309431227,0.546002987247686,0.589883800410116,0.453997012752314,0.691951690568773,197,1.03269501642837e-09,378944604
526,-1.09112161693895,0.130332252707905,0.335839598997494,0.260131465746815,0.433581673524163,0.664160401002506,0.566418326475837,0.739868534253185,239,5.67222901453999e-17,391959790
26,-1.01961639173122,0.139401134764977,0.36073329390893,0.274490783201798,0.474072418084506,0.63926670609107,0.525927581915494,0.725509216798202,211,2.58800187702256e-13,151696364
527,-0.852149295008755,0.136332136570508,0.426497277676951,0.326490191317877,0.557137496632323,0.573502722323049,0.442862503367677,0.673509808682123,228,4.09039373175233e-10,92968468
27,-0.921438748391556,0.142336355465585,0.397946084724005,0.301069880877579,0.525994449811996,0.602053915275995,0.474005550188004,0.698930119122421,206,9.56499989693872e-11,415168923
528,-1.09752768986331,0.135791603778199,0.333695062398264,0.255719447750779,0.435447501738326,0.666304937601736,0.564552498261674,0.744280552249221,220,6.3482808711337e-16,893798769
28,-1.08610501931572,0.139083217874191,0.337528604118993,0.256993851832691,0.443300716285944,0.662471395881007,0.556699283714056,0.743006148167309,210,5.76297881752242e-15,815905136
529,-0.876892225138754,0.148527849470708,0.416073968705548,0.310987842003771,0.55666982451451,0.583926031294452,0.44333017548549,0.689012157996229,191,3.55026901271989e-09,615039933
29,-1.2275808181115,0.139887589208459,0.293000542593597,0.222738808828192,0.385425954335429,0.706999457406403,0.614574045664571,0.777261191171808,205,1.7017560201556e-18,700352346
530,-0.812614620565274,0.136104587387073,0.443696450428397,0.33980793774245,0.579346502117232,0.556303549571604,0.420653497882768,0.66019206225755,231,2.36504345525164e-09,900544468
30,-0.837598463298489,0.133670744272752,0.432748538011696,0.333008152320057,0.562362500276787,0.567251461988304,0.437637499723213,0.666991847679943,238,3.70127769489039e-10,567970978
531,-0.771065617652401,0.154182375088387,0.462519936204147,0.341892978287314,0.625706595256582,0.537480063795853,0.374293404743418,0.658107021712686,182,5.70345572830884e-07,652329768
31,-1.21043834409058,0.138611293358333,0.298066595059076,0.227157541471864,0.391110480041516,0.701933404940924,0.608889519958484,0.772842458528136,209,2.48862381427112e-18,220159105
532,-0.876693477249796,0.137770998980149,0.416156670746634,0.317677146863337,0.545164725624491,0.583843329253366,0.454835274375509,0.682322853136663,222,1.97321873082294e-10,199212539
32,-0.978326122793608,0.142260659511749,0.37593984962406,0.28446305539743,0.496833482780055,0.62406015037594,0.503166517219945,0.71553694460257,204,6.11274149348291e-12,936142287
533,-1.18518878850368,0.137100920054505,0.3056884635832,0.23365685907818,0.399925930428567,0.6943115364168,0.600074069571433,0.76634314092182,214,5.39728170249368e-18,899018145
33,-0.74721440183022,0.154698493565259,0.473684210526316,0.349791548485274,0.641458412227434,0.526315789473684,0.358541587772566,0.650208451514726,182,1.3644142547528e-06,296172455
534,-0.748717031714756,0.145025206389309,0.472972972972973,0.355951350599296,0.628466313686561,0.527027027027027,0.371533686313439,0.644048649400704,207,2.43454354536825e-07,866131011
34,-0.568242068829149,0.142620130995342,0.566520467836257,0.428368107389023,0.749228140333858,0.433479532163743,0.250771859666142,0.571631892610977,227,6.76779686102937e-05,634831033
535,-1.11847275453685,0.140849453377449,0.326778484673222,0.247948898025418,0.43067010539559,0.673221515326778,0.569329894604411,0.752051101974582,204,2.00704170025828e-15,352478589
35,-1.0444162346226,0.142560720946843,0.351897184822522,0.266114100403207,0.465332834669004,0.648102815177478,0.534667165330996,0.733885899596793,201,2.36920526704629e-13,178116333
536,-0.813704143099054,0.144811583599772,0.443213296398892,0.333694414484709,0.588676398459086,0.556786703601108,0.411323601540914,0.666305585515291,204,1.92005575178793e-08,809237847
36,-0.921813912530265,0.13899717506374,0.397796817625459,0.302933075862937,0.52236721811302,0.602203182374541,0.47763278188698,0.697066924137063,216,3.3141654750972e-11,260735123
537,-1.01022486987432,0.141531863294588,0.364137086903305,0.275926093969365,0.480548309697547,0.635862913096695,0.519451690302453,0.724073906030635,205,9.48426398832852e-13,148190407
37,-0.694497619657817,0.139918796300323,0.499325236167341,0.379563480850623,0.656874815550796,0.500674763832659,0.343125184449204,0.620436519149377,226,6.92068389780516e-07,18340513
538,-0.911386640118498,0.134845302475241,0.401966454598034,0.308609493483979,0.523564679744698,0.598033545401966,0.476435320255302,0.691390506516021,230,1.39180538537007e-11,485354423
38,-0.808302093810059,0.145627432475182,0.44561403508772,0.33496587546725,0.592812231962936,0.55438596491228,0.407187768037064,0.66503412453275,202,2.84886947977384e-08,608548132
539,-1.1326325779931,0.130304958399468,0.322183964584358,0.249567563848109,0.415929479916192,0.677816035415642,0.584070520083808,0.750432436151891,238,3.55588016980995e-18,801579530
39,-0.840588472607679,0.136821436789584,0.431456548347613,0.329969992317214,0.56415661255972,0.568543451652387,0.43584338744028,0.670030007682786,227,8.06262005061868e-10,951507278
540,-0.800458916349033,0.145416069749187,0.449122807017544,0.337743287728248,0.597232582000615,0.550877192982456,0.402767417999385,0.662256712271752,203,3.69984014142161e-08,676659975
40,-0.79714677057843,0.147304548962954,0.450612833453497,0.33761186176939,0.601435994010442,0.549387166546503,0.398564005989558,0.66238813823061,198,6.24795558854229e-08,179483321
541,-0.893168314453302,0.151054494555767,0.409356725146198,0.304455701014208,0.550401677039381,0.590643274853802,0.449598322960619,0.695544298985792,184,3.36160685696464e-09,843683466
41,-0.757926057425148,0.146256411181619,0.468637346791637,0.351838380247238,0.624209793864946,0.531362653208363,0.375790206135054,0.648161619752762,203,2.1931538733545e-07,371145572
542,-0.803696911622808,0.135096297644243,0.44767090139141,0.343530015609506,0.58338202441211,0.55232909860859,0.41661797558789,0.656469984390494,235,2.69675419828237e-09,777223183
42,-0.984024143908245,0.139153283719568,0.373803827751196,0.284574678840724,0.491011014088335,0.626196172248804,0.508988985911665,0.715425321159276,213,1.53254323601802e-12,248212261
543,-0.691450827311766,0.156855374485562,0.500848896434635,0.36829106641955,0.681117843825266,0.499151103565365,0.318882156174734,0.63170893358045,180,1.0423031007762e-05,87460772
43,-1.09552109609844,0.144996431499882,0.334365325077399,0.251651803339102,0.444265326656386,0.665634674922601,0.555734673343613,0.748348196660898,193,4.17241486033389e-14,384225101
544,-0.911678341224169,0.149542873596163,0.401849217638691,0.299758841993215,0.538709025705682,0.598150782361309,0.461290974294318,0.700241158006785,187,1.08460326933388e-09,556126190
44,-1.20716769522246,0.146163047207585,0.299043062200957,0.224553340392122,0.398242809010837,0.700956937799043,0.601757190989163,0.775446659607878,188,1.46838265482981e-16,658257503
545,-1.24964121778118,0.137811099677824,0.286607608129234,0.218767444679102,0.375485123748888,0.713392391870766,0.624514876251112,0.781232555320898,211,1.21462592986479e-19,220946616
45,-0.804372815670169,0.140900465520634,0.447368421052632,0.339414687067561,0.589657760199656,0.552631578947368,0.410342239800344,0.660585312932439,216,1.13774362013856e-08,822500953
546,-0.824175442966349,0.149071198527624,0.43859649122807,0.327473015339098,0.587428194406734,0.56140350877193,0.412571805593266,0.672526984660902,192,3.22544563176093e-08,93933728
46,-0.921025268956267,0.145928369753904,0.398110661268556,0.299081365259609,0.529929701498161,0.601889338731444,0.470070298501839,0.700918634740391,196,2.76363834007551e-10,31002279
547,-0.784954729813069,0.145002210443987,0.456140350877193,0.343298880348276,0.606072526328336,0.543859649122807,0.393927473671664,0.656701119651724,205,6.18396990110458e-08,680898443
47,-0.95032672829325,0.14404527192466,0.386614684860299,0.291518948052468,0.512731386924208,0.613385315139701,0.487268613075792,0.708481051947532,200,4.18382723342813e-11,329465531
548,-0.871870316774367,0.149396518701585,0.418168709444845,0.31202183400213,0.560425747505777,0.581831290555155,0.439574252494223,0.68797816599787,189,5.34855714625641e-09,764593958
48,-0.841186788792886,0.13928795337237,0.431198478123018,0.328182257804813,0.566551430230547,0.568801521876982,0.433448569769453,0.671817742195187,219,1.54887201477795e-09,204283680
49,-0.614825213784476,0.142707031289193,0.540735400144196,0.408801383643467,0.715248980722907,0.459264599855804,0.284751019277093,0.591198616356533,223,1.64511481712517e-05,60366975
550,-1.04165325674488,0.140848190051979,0.352870813397129,0.26774757235385,0.465056731804804,0.647129186602871,0.534943268195196,0.73225242764615,206,1.40798386945678e-13,850691070
50,-0.70990734941741,0.14212722553759,0.491689750692521,0.3721450457796,0.649635978438506,0.508310249307479,0.350364021561494,0.6278549542204,218,5.88746952902341e-07,233219721
551,-1.03022456092126,0.141311107670129,0.356926799758016,0.270579521949622,0.47082920195719,0.643073200241984,0.52917079804281,0.729420478050378,205,3.08872827611502e-13,955002672
51,-0.818784594331473,0.146894620904159,0.440967283072546,0.330650695699963,0.588089325893425,0.559032716927454,0.411910674106575,0.669349304300037,198,2.49014362788738e-08,901032598
552,-1.07103552089787,0.135708019925681,0.34265350877193,0.262627565189483,0.4470643703718,0.65734649122807,0.5529356296282,0.737372434810517,221,2.96893376470262e-15,16152580
52,-1.00015352583813,0.139619904278352,0.367822966507177,0.27976550474575,0.483596913826435,0.632177033492823,0.516403086173565,0.72023449525425,211,7.86990291451736e-13,353061340
553,-0.895402952254717,0.130874275809507,0.40844298245614,0.316031995371826,0.527875887127785,0.59155701754386,0.472124112872215,0.683968004628174,245,7.82570950036254e-12,195687742
53,-0.895634406948494,0.137483309123749,0.408348457350272,0.311892487686393,0.534634430785047,0.591651542649728,0.465365569214953,0.688107512313607,222,7.29343387843226e-11,80772860
554,-1.09752768986331,0.135791603778199,0.333695062398264,0.255719447750779,0.435447501738326,0.666304937601736,0.564552498261674,0.744280552249221,220,6.34828087113361e-16,298967173
54,-1.02691012264935,0.133734946561671,0.358111774281064,0.275539082172572,0.465429593027429,0.641888225718936,0.534570406972571,0.724460917827428,229,1.60714960214864e-14,263155123
555,-0.81651257022078,0.143017833204103,0.441970310391363,0.333930506358851,0.584965289327363,0.558029689608637,0.415034710672637,0.666069493641149,209,1.1353102790544e-08,468774492
55,-0.787035896016893,0.146034288855797,0.455192034139403,0.341892867922334,0.606037175338316,0.544807965860598,0.393962824661684,0.658107132077666,202,7.06968052237645e-08,42255722
556,-1.04145387482816,0.143306090984389,0.352941176470588,0.266513960555994,0.467395680843787,0.647058823529412,0.532604319156213,0.733486039444006,199,3.66639212233718e-13,633454705
56,-0.897533227538001,0.141665584057302,0.407573812580231,0.30875948522382,0.538012338570805,0.592426187419769,0.461987661429195,0.69124051477618,209,2.36454564247076e-10,494279838
557,-0.685656508830787,0.147473390247601,0.503759398496241,0.37730588955475,0.67259361329548,0.496240601503759,0.32740638670452,0.62269411044525,204,3.32970683600041e-06,953923930
57,-0.995323699162179,0.138693745577705,0.369603784742756,0.28163075502464,0.485056959365882,0.630396215257244,0.514943040634118,0.71836924497536,214,7.15637766695998e-13,406547005
558,-0.86891133680774,0.130202205761542,0.419407894736842,0.324943820755528,0.54133351961763,0.580592105263158,0.45866648038237,0.675056179244472,249,2.49683143911235e-11,136332084
58,-0.620034838777755,0.147986914730561,0.537925696594427,0.402490469029838,0.718933930917873,0.462074303405573,0.281066069082127,0.597509530970162,207,2.79206554886925e-05,898434069
559,-1.00778815552392,0.136031710135633,0.365025466893039,0.279597165003833,0.476555588389655,0.634974533106961,0.523444411610344,0.720402834996167,222,1.27755517152411e-13,979020411
59,-1.0331343592886,0.128709218978564,0.355889724310777,0.276540002781107,0.458007863586577,0.644110275689223,0.541992136413423,0.723459997218893,247,9.99770758931898e-16,8094925
560,-0.959613413861453,0.136911281140785,0.383040935672515,0.292891046527661,0.500938352811748,0.616959064327485,0.499061647188252,0.707108953472339,221,2.39999337652961e-12,149564606
60,-0.858918391410223,0.14060895965097,0.423620025673941,0.321580657450434,0.558037064712606,0.576379974326059,0.441962935287394,0.678419342549566,214,1.00533506235077e-09,892581559
561,-1.19721736436929,0.145823957112901,0.302033492822966,0.226949655418894,0.401958005260961,0.697966507177034,0.598041994739039,0.773050344581106,189,2.21154687540967e-16,93980026
61,-0.767017029126401,0.151786744045208,0.464396284829721,0.344895577808063,0.625302042821976,0.535603715170279,0.374697957178024,0.655104422191937,188,4.34344783477156e-07,90908501
562,-0.797267990046424,0.154922795878143,0.450558213716109,0.332567946179121,0.610409711096191,0.549441786283891,0.389590288903809,0.667432053820879,179,2.65776731906473e-07,778596425
62,-1.03650807817634,0.137601167699525,0.354691075514874,0.270846940977831,0.46449023421016,0.645308924485126,0.53550976578984,0.729153059022169,216,4.97023720580049e-14,425385953
563,-1.11185751541813,0.136930639395741,0.328947368421053,0.251519027305494,0.430211472866856,0.671052631578947,0.569788527133144,0.748480972694506,216,4.66724737004204e-16,764660064
63,-1.22870640808272,0.13322595746096,0.2926709296606,0.225412214951802,0.379998364714686,0.7073290703394,0.620001635285314,0.774587785048198,226,2.89643135097599e-20,395407635
564,-0.901811410609321,0.140927970176372,0.405833861762841,0.307886165588621,0.534941617264493,0.594166138237159,0.465058382735507,0.692113834411379,211,1.5630100351341e-10,991197432
64,-0.804372815670169,0.140900465520634,0.447368421052632,0.339414687067561,0.589657760199656,0.552631578947368,0.410342239800344,0.660585312932439,216,1.13774362013857e-08,896753458
565,-0.942274984401605,0.14562017855462,0.389740173217855,0.29296993393373,0.518474372371067,0.610259826782145,0.481525627628933,0.70703006606627,196,9.75034188652803e-11,892692268
65,-0.641853886172394,0.159448200946759,0.526315789473685,0.385055955063443,0.719397548867066,0.473684210526315,0.280602451132934,0.614944044936557,177,5.68617256225435e-05,17989308
566,-1.00569731958974,0.131126826430738,0.365789473684211,0.282888860713153,0.472984120763405,0.634210526315789,0.527015879236595,0.717111139286847,239,1.72461638504829e-14,143383173
66,-0.948878921467307,0.13894874191605,0.387174833635814,0.294872136758302,0.508370690594588,0.612825166364186,0.491629309405412,0.705127863241698,215,8.55173124380589e-12,576156611
567,-0.739834294532598,0.143827238351852,0.477192982456141,0.359971469630793,0.6325866400994,0.522807017543859,0.3674133599006,0.640028530369207,211,2.69079226703756e-07,351784748
67,-1.02406213211629,0.142777433594753,0.359133126934985,0.271470782699067,0.475103072160344,0.640866873065016,0.524896927839656,0.728529217300933,201,7.36743804106177e-13,533559804
568,-0.762140052046896,0.14440266724994,0.466666666666667,0.351634118824771,0.61933062270986,0.533333333333333,0.38066937729014,0.648365881175229,208,1.3068649022859e-07,550990525
68,-0.913406576694292,0.142109542108255,0.401155327342747,0.303632812545996,0.530000678471102,0.598844672657253,0.469999321528898,0.696367187454004,207,1.29734635575403e-10,486306892
569,-1.06445527652355,0.130828686749571,0.344915687276443,0.266901716672766,0.445732731930084,0.655084312723557,0.554267268069916,0.733098283327234,238,4.07699854156459e-16,381894995
69,-0.890315245470894,0.147920052352841,0.410526315789474,0.307207083202773,0.548593652850246,0.589473684210526,0.451406347149754,0.692792916797227,192,1.75611864001107e-09,342200766
570,-0.942958978956317,0.149473550669983,0.389473684210526,0.29056680751073,0.52204775897164,0.610526315789474,0.47795224102836,0.70943319248927,186,2.81690825522635e-10,670268764
70,-1.06859639272784,0.136348201029772,0.343490304709141,0.262938804575103,0.448718817368315,0.656509695290859,0.551281182631685,0.737061195424897,219,4.60481502641143e-15,129458213
571,-0.84752280696334,0.143855929930233,0.428475033738192,0.323202813062976,0.568036066261503,0.571524966261808,0.431963933738497,0.676797186937024,205,3.82776583574588e-09,20935253
71,-1.14725944246905,0.140991397722728,0.317505720823799,0.240846011983406,0.41856571311127,0.682494279176201,0.58143428688873,0.759153988016594,203,4.04897666042593e-16,426503167
572,-0.742324416536029,0.151115729274453,0.476006191950464,0.353983207500964,0.640092213341972,0.523993808049536,0.359907786658028,0.646016792499036,191,9.00183784076573e-07,608235316
72,-0.757235960291239,0.141473521933822,0.468960863697706,0.355397297269339,0.618812504681003,0.531039136302294,0.381187495318997,0.644602702730661,217,8.6750916188197e-08,696050807
573,-0.702889776758764,0.14195387177031,0.495152354570637,0.374893140272155,0.653988638092603,0.504847645429363,0.346011361907397,0.625106859727845,219,7.36298074778555e-07,718838375
73,-0.949338585920356,0.140587004694581,0.386996904024768,0.293791762970106,0.509771282253392,0.613003095975232,0.490228717746608,0.706208237029894,210,1.45142162651941e-11,949894029
574,-0.918362658026051,0.136540698950976,0.399172087522176,0.305447455457074,0.521655533906402,0.600827912477824,0.478344466093598,0.694552544542926,224,1.74479042252011e-11,851481719
74,-0.724920484871008,0.149555238460804,0.484363081617086,0.361301183214296,0.649340787501515,0.515636918382914,0.350659212498485,0.638698816785704,196,1.25231649138123e-06,235998518
575,-0.905765739290264,0.130463357891877,0.404232230059685,0.313025938252093,0.522013277019332,0.595767769940315,0.477986722980668,0.686974061747907,246,3.84722034451054e-12,638740975
75,-0.913787601656036,0.140418168025339,0.401002506265664,0.304524981617446,0.528045381292724,0.598997493734336,0.471954618707276,0.695475018382554,212,7.63524821472066e-11,907485935
576,-0.811752922967792,0.141093612239718,0.444078947368421,0.336791470717943,0.585543663191522,0.555921052631579,0.414456336808478,0.663208529282057,215,8.75214844808409e-09,895028092
76,-0.816512570220779,0.143017833204103,0.441970310391363,0.333930506358851,0.584965289327363,0.558029689608637,0.415034710672637,0.666069493641149,209,1.13531027905442e-08,607194871
577,-1.05597705702367,0.142091185699838,0.347852389594676,0.26329751155396,0.459561065475275,0.652147610405324,0.540438934524725,0.73670248844604,202,1.07222196795562e-13,599558098
77,-0.921438748391556,0.142336355465585,0.397946084724005,0.301069880877579,0.525994449811996,0.602053915275995,0.474005550188004,0.698930119122421,206,9.56499989693872e-11,22600429
578,-0.717077307409982,0.149349434557543,0.488176964149504,0.364292989009567,0.654189774483877,0.511823035850496,0.345810225516123,0.635707010990433,197,1.57607971874954e-06,18500324
78,-1.06005802005799,0.149243467093862,0.346435709526982,0.258574909816405,0.464150605024591,0.653564290473018,0.535849394975409,0.741425090183595,183,1.22185965905422e-12,781030204
579,-0.954853766608466,0.145075871715615,0.384868421052631,0.289616614328641,0.511447528198305,0.615131578947369,0.488552471801695,0.710383385671359,197,4.64928935432277e-11,287092472
79,-0.662332417515935,0.142863799529413,0.515647226173542,0.389714710419676,0.682273608748653,0.484352773826458,0.317726391251347,0.610285289580324,219,3.55025548166483e-06,737795535
580,-0.948440113263329,0.137366454597855,0.387344766410408,0.295917844082355,0.507018995528292,0.612655233589592,0.492981004471708,0.704082155917645,220,5.039753956974e-12,582434628
80,-0.89106967779638,0.155370024861974,0.410216718266254,0.302525613973622,0.556243002814987,0.589783281733746,0.443756997185013,0.697474386026378,174,9.74287484032253e-09,760367963
581,-0.987355529513002,0.138464663358231,0.372560615020698,0.284011291494853,0.488717934889276,0.627439384979302,0.511282065110724,0.715988708505147,215,9.98306560285121e-13,479152887
81,-0.601687844447059,0.155780160293754,0.547886108714409,0.403729028282497,0.743516485300077,0.452113891285591,0.256483514699923,0.596270971717503,188,0.000112270994917253,356567688
582,-1.04731899428056,0.152752523188522,0.350877192982456,0.260094971860387,0.473345577096865,0.649122807017544,0.526654422903135,0.739905028139612,175,7.0660846463387e-12,315987658
82,-1.08716490282776,0.136186445628417,0.337171052631579,0.258183312848009,0.440324037516755,0.662828947368421,0.559675962483245,0.741816687151991,219,1.42916617796304e-15,213985622
583,-0.965467967850238,0.141048882270488,0.380804953560372,0.288829509590776,0.502069240991253,0.619195046439628,0.497930759008747,0.711170490409224,208,7.65199368937858e-12,338711513
83,-0.802784252985031,0.146458258415464,0.448079658605975,0.336271246072053,0.597063777535788,0.551920341394025,0.402936222464212,0.663728753927947,200,4.22169445802536e-08,853946879
584,-0.891314745803978,0.146014883925811,0.410116199589884,0.308048309431227,0.546002987247686,0.589883800410116,0.453997012752314,0.691951690568773,197,1.03269501642836e-09,809517307
84,-0.834619402127432,0.144433475145908,0.434039644565961,0.327029855321432,0.576064876002772,0.56596035543404,0.423935123997228,0.672970144678568,204,7.53367863136973e-09,559682783
585,-0.895634406948494,0.137483309123749,0.408348457350272,0.311892487686393,0.534634430785047,0.591651542649728,0.465365569214953,0.688107512313607,222,7.29343387843234e-11,729141074
85,-0.922155851326553,0.135882494435205,0.39766081871345,0.30468383500952,0.519010556417968,0.60233918128655,0.480989443582032,0.69531616499048,226,1.14949180383676e-11,151604160
586,-0.826587989371734,0.138904894045606,0.437539632213063,0.333258578280609,0.57445161875457,0.562460367786937,0.42554838124543,0.666741421719391,221,2.66920152307233e-09,68851654
86,-0.864997437486605,0.138266579713634,0.421052631578947,0.321102480152521,0.552114447933718,0.578947368421053,0.447885552066282,0.678897519847479,221,3.9494535295454e-10,480435806
587,-0.925879647421066,0.135234171230038,0.396182764603817,0.303937329280503,0.516424827910049,0.603817235396183,0.483575172089951,0.696062670719497,228,7.56829699330369e-12,617510184
87,-0.86652299079544,0.140814451476438,0.420410783055199,0.319015928707354,0.554032606538658,0.5795892169448,0.445967393461342,0.680984071292646,213,7.57192119281196e-10,312026940
588,-1.25877370134446,0.138113366587258,0.284002084418968,0.216650261097456,0.372292115161757,0.715997915581032,0.627707884838243,0.783349738902544,210,7.9354373753618e-20,438526937
88,-0.787705763184957,0.150167163868131,0.454887218045113,0.338907525135087,0.61055705699761,0.545112781954887,0.38944294300239,0.661092474864913,191,1.55837076079018e-07,569059708
589,-0.970027319978914,0.142018395714536,0.37907268170426,0.286969809905763,0.500735941741214,0.62092731829574,0.499264058258786,0.713030190094237,205,8.47411007569528e-12,530979123
89,-0.968150794751956,0.138699863439092,0.379784688995215,0.289384932211602,0.498424050253331,0.620215311004785,0.501575949746669,0.710615067788398,215,2.94790278649315e-12,714063403
590,-0.75723596029124,0.141473521933822,0.468960863697706,0.355397297269338,0.618812504681002,0.531039136302294,0.381187495318998,0.644602702730662,217,8.67509161881921e-08,559376740
90,-1.04460528840896,0.137839205322811,0.351830663615561,0.268537377407738,0.46095935342444,0.648169336384439,0.53904064657556,0.731462622592262,215,3.49751364611106e-14,532559636
591,-0.965467967850239,0.141048882270488,0.380804953560372,0.288829509590776,0.502069240991253,0.619195046439628,0.497930759008747,0.711170490409224,208,7.65199368937834e-12,467553267
91,-0.771728967593807,0.141844220459037,0.46221322537112,0.350029258909408,0.610352021352783,0.53778677462888,0.389647978647217,0.649970741090592,215,5.30776761190544e-08,347394765
92,-0.866435252256232,0.136705879480735,0.420447670901392,0.32162344200946,0.549637311453204,0.579552329098608,0.450362688546796,0.67837655799054,226,2.32839890325363e-10,371964448
592,-0.954228571214547,0.14327754636167,0.385109114249037,0.290820976581048,0.509966755566363,0.614890885750963,0.490033244433637,0.709179023418952,202,2.73826122801019e-11,29081126
93,-0.75048772717519,0.151336061945603,0.472136222910217,0.350953705228585,0.635162443544333,0.527863777089783,0.364837556455667,0.649046294771415,190,7.08275831783589e-07,176149885
593,-0.988478494257626,0.131315906307865,0.372142477405635,0.287695416171786,0.481377233368605,0.627857522594365,0.518622766631395,0.712304583828214,239,5.17270110643634e-14,911513419
94,-1.09461570898362,0.139343366437114,0.33466819221968,0.254686044939327,0.439768103157244,0.66533180778032,0.560231896842756,0.745313955060673,209,3.9809171802409e-15,387508055
594,-1.0018566202038,0.141284253604086,0.3671970624235,0.278379867305319,0.484351415056056,0.6328029375765,0.515648584943944,0.721620132694681,206,1.33078406281326e-12,325389493
95,-0.869943861421931,0.146363784982637,0.418975069252077,0.314487292636646,0.558178701540096,0.581024930747923,0.441821298459904,0.685512707363354,197,2.78642740656667e-09,869748036
595,-0.91836265802605,0.136540698950976,0.399172087522176,0.305447455457074,0.521655533906402,0.600827912477824,0.478344466093598,0.694552544542926,224,1.74479042252012e-11,479107713
96,-0.826587989371733,0.138904894045606,0.437539632213063,0.333258578280609,0.57445161875457,0.562460367786937,0.42554838124543,0.666741421719391,221,2.66920152307238e-09,669058145
596,-0.990623650604014,0.137786526428686,0.371345029239766,0.283461127970161,0.486476335321712,0.628654970760234,0.513523664678288,0.716538872029839,217,6.50033823426998e-13,899880116
97,-1.05026450451032,0.143576681291752,0.34984520123839,0.264036050862368,0.46354149151143,0.65015479876161,0.53645850848857,0.735963949137632,198,2.57366962791134e-13,366122215
597,-0.874785443852768,0.145546330445185,0.416951469583048,0.313470190483461,0.55459349330582,0.583048530416952,0.44540650669418,0.686529809516539,199,1.85114934009634e-09,228901728
98,-1.08716490282776,0.136186445628417,0.337171052631579,0.258183312848009,0.440324037516755,0.662828947368421,0.559675962483245,0.741816687151991,219,1.42916617796304e-15,918620038
598,-1.10388934576895,0.133927248689919,0.331578947368421,0.25502800157618,0.43110794759182,0.668421052631579,0.56889205240818,0.74497199842382,226,1.6871231401968e-16,913106834
99,-0.722979430984764,0.141524791079152,0.485304169514695,0.367745952963355,0.640442498552302,0.514695830485305,0.359557501447698,0.632254047036645,219,3.24725971112846e-07,239741407
599,-1.01145308109206,0.139161907011689,0.363690124186872,0.276870495648039,0.47773420610048,0.636309875813128,0.522265793899521,0.723129504351961,212,3.6437680135349e-13,699460667
100,-1.04183952851593,0.138512570932679,0.352805089647195,0.26892595998706,0.462846470035672,0.647194910352805,0.537153529964328,0.73107404001294,213,5.40998312883932e-14,90530945
600,-0.821825265621396,0.137138468018513,0.439628482972136,0.33601088495889,0.575199232203528,0.560371517027864,0.424800767796472,0.663989115041109,227,2.06426404397779e-09,207716393
101,-1.01452917145757,0.138476089077507,0.362573099415205,0.276391395337361,0.475627152788494,0.637426900584795,0.524372847211506,0.723608604662639,214,2.36443528912701e-13,382995814
601,-0.964322074709591,0.147207575721565,0.381241565452092,0.285691242963546,0.508748989715822,0.618758434547908,0.491251010284178,0.714308757036454,191,5.72434955664136e-11,298335855
102,-0.956102986008897,0.137580023094957,0.384387936132466,0.293536033283371,0.503359276854231,0.615612063867534,0.496640723145769,0.706463966716629,219,3.667604007745e-12,313239571
602,-0.984024143908245,0.139153283719568,0.373803827751196,0.284574678840724,0.491011014088335,0.626196172248804,0.508988985911665,0.715425321159276,213,1.53254323601804e-12,11568669
103,-0.656891763536934,0.15000376890554,0.518460329929301,0.386395528800863,0.695663106000722,0.481539670070699,0.304336893999278,0.613604471199137,199,1.19133052082367e-05,87201588
603,-0.771728967593807,0.141844220459037,0.46221322537112,0.350029258909408,0.610352021352783,0.53778677462888,0.389647978647217,0.649970741090592,215,5.30776761190536e-08,906129411
104,-0.900427874466106,0.144412427328401,0.406395736175882,0.306214013505107,0.539353155302878,0.593604263824117,0.460646844697122,0.693785986494893,201,4.51450664581387e-10,639681637
604,-0.96030761729093,0.130558241988492,0.382775119617225,0.296355044297791,0.49439614751674,0.617224880382775,0.50560385248326,0.703644955702209,243,1.90361413185875e-13,188968928
105,-1.00443726679729,0.133104041124139,0.366250678241997,0.282150011559585,0.475419294053067,0.633749321758003,0.524580705946933,0.717849988440415,232,4.47946599146708e-14,182619161
605,-0.910117872767074,0.139488399451071,0.402476780185759,0.306202046588312,0.529021802412992,0.597523219814241,0.470978197587008,0.693797953411688,215,6.8144576994976e-11,967616944
106,-1.04731899428056,0.141827157254453,0.350877192982456,0.265724528347447,0.463317426211665,0.649122807017544,0.536682573788335,0.734275471652553,203,1.53056943382715e-13,39996417
606,-0.903656510636355,0.136144133680623,0.40508574807806,0.310213623936653,0.528972458441963,0.59491425192194,0.471027541558037,0.689786376063347,226,3.19050769233542e-11,627246304
107,-1.05016394641279,0.141105084659299,0.34988038277512,0.265344889229835,0.461347805138354,0.65011961722488,0.538652194861646,0.734655110770165,205,9.88539205852075e-14,456033777
607,-1.15451269102005,0.141997615899184,0.315211104684789,0.238634328716829,0.41636105354526,0.684788895315211,0.58363894645474,0.761365671283171,200,4.27496605705944e-16,347258170
108,-0.641853886172394,0.146385010860515,0.526315789473685,0.395041982335351,0.701212333463222,0.473684210526315,0.298787666536778,0.604958017664649,210,1.16147447401026e-05,521581453
608,-0.902455000021504,0.139277757288791,0.405572755417957,0.308684861512973,0.532871159055532,0.594427244582043,0.467128840944468,0.691315138487027,216,9.20061747876531e-11,756355857
109,-1.19653139246723,0.136094378131158,0.302240750390829,0.231477761639458,0.394636057260196,0.697759249609171,0.605363942739804,0.768522238360542,217,1.47020568757072e-18,414154582
609,-1.12417799980617,0.135899022983022,0.324919441460795,0.248942037587773,0.424085238725387,0.675080558539205,0.575914761274613,0.751057962412227,219,1.3155734808379e-16,864193875
110,-0.860792806204573,0.135014673483184,0.422826729745712,0.324517211683964,0.550918216201006,0.577173270254288,0.449081783798994,0.675482788316036,232,1.82307456790344e-10,495669610
610,-0.78255376827553,0.140336184257029,0.457236842105263,0.347285651279147,0.601998755227429,0.542763157894737,0.398001244772571,0.652714348720853,219,2.45717214824568e-08,246863310
111,-0.948020773298279,0.135837025741815,0.387507229612493,0.296930714614915,0.50571343957021,0.612492770387507,0.49428656042979,0.703069285385085,225,2.97067838555141e-12,600156841
611,-0.937904208294692,0.144579947958327,0.391447368421053,0.294853782170155,0.519684845539272,0.608552631578947,0.480315154460728,0.705146217829845,199,8.75057579083634e-11,576942571
112,-0.691686259920271,0.145561529742632,0.500730994152047,0.376445643345124,0.666049754956593,0.499269005847953,0.333950245043407,0.623554356654876,209,2.0156590642888e-06,5070121
612,-0.952008814476234,0.136699922067032,0.385964912280702,0.295249139491473,0.50455325210576,0.614035087719298,0.49544674789424,0.704750860508527,222,3.30219927909095e-12,634108855
113,-0.83742066971637,0.145457535881147,0.432825484764543,0.325461142830813,0.575607578318642,0.567174515235457,0.424392421681358,0.674538857169187,201,8.55465290925355e-09,675587241
613,-0.866522990795441,0.140814451476438,0.420410783055199,0.319015928707354,0.554032606538657,0.579589216944801,0.445967393461343,0.680984071292646,213,7.57192119281169e-10,449253653
114,-1.01936291701397,0.133521816002486,0.360824742268041,0.277742496111056,0.46875971972521,0.639175257731959,0.53124028027479,0.722257503888944,230,2.26822224170484e-14,137949191
614,-0.757926057425149,0.146256411181619,0.468637346791637,0.351838380247238,0.624209793864946,0.531362653208363,0.375790206135054,0.648161619752762,203,2.19315387335447e-07,497124605
115,-0.913787601656036,0.140418168025339,0.401002506265664,0.304524981617446,0.528045381292724,0.598997493734336,0.471954618707276,0.695475018382554,212,7.63524821472074e-11,325881458
615,-0.860261832740771,0.14329076593958,0.423051299133911,0.319465314363792,0.560224830840584,0.576948700866089,0.439775169159416,0.680534685636208,206,1.92978271916226e-09,430058596
116,-0.929535958624175,0.142566487152419,0.394736842105263,0.298507225967755,0.521987948566669,0.605263157894737,0.478012051433331,0.701492774032245,205,7.02992960662673e-11,850296493
616,-1.17137164295054,0.14333552728016,0.309941520467836,0.234030433561828,0.410475443932105,0.690058479532164,0.589524556067895,0.765969566438172,196,3.02727595031889e-16,683677283
117,-1.20606738335645,0.131296717628347,0.299372283920811,0.231447035215897,0.387232285331978,0.700627716079189,0.612767714668022,0.768552964784103,233,4.08421926596728e-20,104369348
617,-1.19886889240776,0.139669523384795,0.301535087719298,0.229324756825409,0.396483181251588,0.698464912280702,0.603516818748412,0.770675243174591,206,9.19403043871653e-18,939614430
118,-1.21504175165336,0.136013138141652,0.296697626418989,0.227268622102745,0.387336715065157,0.703302373581011,0.612663284934843,0.772731377897255,217,4.1360786648878e-19,804096557
618,-1.17625267765645,0.141163026688547,0.308432371250708,0.233884675251797,0.40674117503816,0.691567628749292,0.59325882496184,0.766115324748204,202,7.90971735456419e-17,698687166
119,-1.00607603574651,0.13454394587271,0.365650969529086,0.280894163204994,0.475982234703777,0.634349030470914,0.524017765296223,0.719105836795006,227,7.56484173598072e-14,88224967
619,-0.846648298818408,0.141143319343757,0.428849902534113,0.325210009783342,0.56551838310894,0.571150097465887,0.43448161689106,0.674789990216658,213,1.99147671223772e-09,104236541
120,-0.891314745803978,0.146014883925811,0.410116199589884,0.308048309431227,0.546002987247686,0.589883800410116,0.453997012752314,0.691951690568773,197,1.03269501642835e-09,513901199
620,-1.03034065774614,0.154271320229639,0.356885364095169,0.263762318717753,0.482886121582949,0.643114635904831,0.517113878417051,0.736237681282247,172,2.40977365789842e-11,36830644
121,-0.990731519651095,0.152994666601924,0.371304974765682,0.27510689272621,0.50114114888045,0.628695025234318,0.49885885111955,0.72489310727379,176,9.44389577398921e-11,995326977
621,-0.722979430984763,0.141524791079152,0.485304169514696,0.367745952963355,0.640442498552302,0.514695830485304,0.359557501447698,0.632254047036645,219,3.24725971112855e-07,597592562
122,-0.95032672829325,0.14404527192466,0.386614684860299,0.291518948052468,0.512731386924208,0.613385315139701,0.487268613075792,0.708481051947532,200,4.18382723342816e-11,152883584
622,-0.952525476848874,0.13825908416642,0.385765550239234,0.294196224986402,0.505836061486709,0.614234449760766,0.494163938513291,0.705803775013598,217,5.60186735640358e-12,317471916
123,-0.956102986008897,0.137580023094957,0.384387936132466,0.293536033283371,0.503359276854231,0.615612063867534,0.496640723145769,0.706463966716629,219,3.66760400774493e-12,188160863
623,-0.735111379658978,0.145662030436492,0.479452054794521,0.360377309936949,0.637871104834281,0.52054794520548,0.362128895165719,0.639622690063051,206,4.49525522196313e-07,460075938
124,-0.883015942989283,0.145778859250843,0.413533834586466,0.310759102548681,0.550298385293468,0.586466165413534,0.449701614706532,0.689240897451319,198,1.38486320122757e-09,480064855
624,-0.955511445027437,0.14694367169868,0.384615384615384,0.288368601945401,0.512985786541519,0.615384615384616,0.487014213458481,0.711631398054599,192,7.89594951450555e-11,931908518
125,-0.775385278796918,0.140152977590652,0.460526315789473,0.349909731696837,0.606112000675582,0.539473684210527,0.393887999324418,0.650090268303163,220,3.15840677601132e-08,618643970
625,-0.892264563826944,0.1441815146135,0.409726848767489,0.308863718536623,0.543528036884108,0.590273151232511,0.456471963115892,0.691136281463377,202,6.07467277799376e-10,970723856
126,-1.09298903111375,0.145775705463759,0.335213032581454,0.25190476901089,0.446072448940405,0.664786967418546,0.553927551059595,0.74809523098911,191,6.49251686624656e-14,366234957
626,-1.02961941718116,0.14379392106677,0.357142857142857,0.2694290136087,0.473412342270642,0.642857142857143,0.526587657729358,0.7305709863913,198,8.04525026459924e-13,316494514
127,-0.689000664598096,0.141613722643998,0.50207756232687,0.380389914822029,0.662693380580377,0.49792243767313,0.337306619419623,0.619610085177971,221,1.14253052668247e-06,547571292
627,-0.711812474779305,0.144082928571451,0.490753911806543,0.370015706011001,0.650889673170425,0.509246088193457,0.349110326829575,0.629984293988999,212,7.80036232591178e-07,371366844
128,-0.946343076940557,0.144826020722289,0.388157894736842,0.292235042165502,0.515566340470592,0.611842105263158,0.484433659529408,0.707764957834498,198,6.38888374105135e-11,454477196
628,-0.987355529513002,0.138464663358231,0.372560615020698,0.284011291494853,0.488717934889276,0.627439384979302,0.511282065110724,0.715988708505147,215,9.98306560285088e-13,619391999
129,-1.12428003541669,0.149484711655071,0.32488628979857,0.242376085580506,0.435484800599363,0.67511371020143,0.564515199400637,0.757623914419494,181,5.43434992564313e-14,536045836
629,-0.800543838433072,0.131297341844679,0.44908466819222,0.347190416190635,0.58088308259805,0.55091533180778,0.41911691740195,0.652809583809365,249,1.0795433451578e-09,787955290
130,-0.818994084224351,0.144010246091125,0.440874914559125,0.332455593905937,0.584651586107797,0.559125085440875,0.415348413892203,0.667544406094063,206,1.29249396268601e-08,836058194
630,-1.03367621787677,0.138271805859863,0.355696934644303,0.271258245226946,0.466420142213562,0.644303065355697,0.533579857786438,0.728741754773054,214,7.68037714734107e-14,259630411
131,-0.933764294733697,0.14537126306972,0.39307128580946,0.29561813714484,0.522650731853443,0.60692871419054,0.477349268146557,0.704381862855159,197,1.33344920532675e-10,170892419
631,-0.920802278655421,0.147829452134145,0.39819944598338,0.2980354974257,0.532026554390555,0.60180055401662,0.467973445609445,0.7019645025743,191,4.6997697032024e-10,542459985
132,-0.620651678521792,0.145872277193792,0.537593984962406,0.403912871790589,0.715518897396261,0.462406015037594,0.284481102603739,0.596087128209411,213,2.09272408953631e-05,631282055
632,-0.843880514045682,0.140206307010677,0.430038510911425,0.326710825116971,0.566045281177031,0.569961489088575,0.433954718822969,0.673289174883029,216,1.75662230286123e-09,230682485
133,-0.718015247137958,0.143274484535117,0.487719298245614,0.368310820371275,0.645840688691715,0.512280701754386,0.354159311308285,0.631689179628725,214,5.40168516319346e-07,952156679
633,-0.803609165384873,0.143598749232107,0.44771018455229,0.337882342874138,0.593237301620438,0.55228981544771,0.406762698379562,0.662117657125862,208,2.19084709285177e-08,981776320
134,-0.896278736867693,0.154397370521938,0.408085430968726,0.301528113296208,0.552299144343253,0.591914569031274,0.447700855656747,0.698471886703792,176,6.43610255046955e-09,25016422
634,-0.84183037820507,0.141892874358203,0.430921052631579,0.326300905083335,0.569085009291296,0.569078947368421,0.430914990708704,0.673699094916665,211,2.97704995816961e-09,663807306
135,-0.963437510299857,0.145329589768153,0.381578947368421,0.286998505046465,0.507328402464046,0.618421052631579,0.492671597535954,0.713001494953535,196,3.37218645032552e-11,33660240
635,-0.850398638065451,0.137880682841602,0.427244582043344,0.326071104120588,0.559810208812263,0.572755417956656,0.440189791187737,0.673928895879412,223,6.93160237263578e-10,914911631
136,-0.79387009347102,0.142419097719905,0.452091767881242,0.341978846656942,0.597659675690463,0.547908232118758,0.402340324309537,0.658021153343058,212,2.48694404758449e-08,923596174
636,-1.05037243176745,0.146182878218794,0.349807445442876,0.262662429771847,0.4658650610731,0.650192554557125,0.5341349389269,0.737337570228153,191,6.70443404248527e-13,850165655
137,-1.16637835429655,0.137203393882307,0.311493018259936,0.238045829038485,0.407601766502693,0.688506981740064,0.592398233497307,0.761954170961515,214,1.87819214453774e-17,722945294
637,-0.952909309809484,0.129064893992696,0.385617509119333,0.299430825802694,0.496611739759164,0.614382490880667,0.503388260240836,0.700569174197306,249,1.54553158424925e-13,246610294
138,-0.979368332372051,0.133101227437807,0.375548245614035,0.289314211503291,0.487485505986543,0.624451754385965,0.512514494013457,0.710685788496709,233,1.86586271534838e-13,796080090
638,-0.834619402127432,0.144433475145908,0.434039644565961,0.327029855321433,0.576064876002772,0.565960355434039,0.423935123997228,0.672970144678567,204,7.53367863137001e-09,334220228
139,-0.938585794144094,0.150347672453184,0.391180654338549,0.291340725918092,0.525234856357695,0.608819345661451,0.474765143642305,0.708659274081908,184,4.29891463718788e-10,755980740
639,-1.02567981917708,0.147221981828042,0.358552631578948,0.268681235202938,0.478485181576175,0.641447368421052,0.521514818423825,0.731318764797062,189,3.24016526501086e-12,877569552
140,-0.806156937463671,0.155177596930501,0.446570972886762,0.329460293156397,0.605310072162051,0.553429027113238,0.394689927837949,0.670539706843603,178,2.04653748197858e-07,816514792
640,-0.914498081259635,0.137209048307022,0.400717703349282,0.306228760102894,0.524361845450342,0.599282296650718,0.475638154549658,0.693771239897106,222,2.6466831977639e-11,987325564
141,-0.571895297565484,0.145772117882613,0.564454614797864,0.42417744940035,0.751121995327699,0.435545385202136,0.248878004672301,0.57582255059965,217,8.73752658195958e-05,413809374
641,-0.785893256395333,0.138698866180163,0.455712451861361,0.347240366912568,0.598069402552449,0.544287548138639,0.401930597447551,0.652759633087432,224,1.46012974412821e-08,577991258
142,-0.809990807974394,0.137648158116927,0.444862155388471,0.339671521898629,0.582628582433643,0.555137844611529,0.417371417566357,0.660328478101371,226,3.99255254129904e-09,41051878
642,-1.14292333499302,0.146538198952712,0.318885448916409,0.239277113669087,0.424979756614963,0.681114551083591,0.575020243385037,0.760722886330913,188,6.21574695510913e-15,32805896
143,-0.877419957485162,0.141979502110464,0.41585445094217,0.3148387524626,0.549280935131887,0.58414554905783,0.450719064868113,0.6851612475374,209,6.41398359624557e-10,81805735
643,-0.828892432844488,0.137320444475259,0.436532507739938,0.333525632217328,0.571352279723881,0.563467492260062,0.428647720276119,0.666474367782672,226,1.5779445831326e-09,121573960
144,-0.933874360222773,0.147250348618639,0.393028024606972,0.294498979754881,0.524521437239032,0.606971975393028,0.475478562760968,0.705501020245119,192,2.26674854474571e-10,325748894
644,-0.797267990046425,0.154922795878143,0.450558213716109,0.332567946179121,0.610409711096191,0.549441786283891,0.389590288903809,0.667432053820879,179,2.65776731906469e-07,209342635
145,-0.620034838777755,0.147986914730561,0.537925696594427,0.402490469029838,0.718933930917873,0.462074303405573,0.281066069082127,0.597509530970162,207,2.79206554886926e-05,431901038
645,-0.839101093183025,0.140941392117845,0.432098765432099,0.327803431103005,0.569577147071638,0.567901234567901,0.430422852928362,0.672196568896995,214,2.62393696057647e-09,255421556
146,-1.02847590647908,0.137366536038692,0.357551487414188,0.27315677812229,0.468020845138479,0.642448512585812,0.531979154861521,0.72684322187771,217,7.04162923541048e-14,797359567
646,-0.937699269263336,0.142800011448239,0.391527599486521,0.295944853223173,0.51798116943118,0.608472400513479,0.48201883056882,0.704055146776827,204,5.15043982577072e-11,600056981
147,-0.965254041226254,0.149160329294086,0.380886426592798,0.284334785027534,0.510224135779174,0.619113573407202,0.489775864220826,0.715665214972466,186,9.71943440201584e-11,133166146
647,-0.960307617290929,0.148039131390575,0.382775119617225,0.286373326168627,0.511628628818966,0.617224880382775,0.488371371181034,0.713626673831373,189,8.76496090356790e-11,550045911
148,-0.856698634671909,0.146961886729435,0.424561403508772,0.318307099739173,0.56628452678888,0.575438596491228,0.43371547321112,0.681692900260827,196,5.56292599266539e-09,841830923
648,-1.08101284006703,0.146266835509304,0.339251743817375,0.254694479997355,0.451881586457331,0.660748256182625,0.548118413542669,0.745305520002645,190,1.46068798898218e-13,34595864
149,-0.936808717953256,0.134791822068538,0.39187643020595,0.30089442158477,0.510368838817752,0.60812356979405,0.489631161182248,0.69910557841523,229,3.65179525590928e-12,365256659
649,-0.933874360222773,0.147250348618639,0.393028024606972,0.294498979754881,0.524521437239032,0.606971975393028,0.475478562760968,0.705501020245119,192,2.26674854474569e-10,897720395
150,-0.840304824896233,0.146503974833502,0.431578947368421,0.323858904116274,0.575128197632515,0.568421052631579,0.424871802367485,0.676141095883726,198,9.71026908843895e-09,606670665
650,-0.904843346033803,0.143631755917738,0.404605263157895,0.305331742033975,0.536155913186561,0.595394736842105,0.463844086813439,0.694668257966025,203,2.98136918193943e-10,932231951
151,-1.04460528840896,0.137839205322811,0.351830663615561,0.268537377407738,0.46095935342444,0.648169336384439,0.53904064657556,0.731462622592262,215,3.49751364611101e-14,237950655
651,-1.14346285483346,0.142426904211465,0.318713450292398,0.241082891253573,0.421341650869965,0.681286549707602,0.578658349130035,0.758917108746427,199,9.87368184932282e-16,701984831
152,-0.678758443107845,0.148362901674419,0.507246376811594,0.37925579260328,0.678431000413585,0.492753623188406,0.321568999586415,0.62074420739672,202,4.76248075639268e-06,94073017
652,-0.94165731915652,0.142050251948821,0.38998097653773,0.295209295783222,0.515177415595343,0.61001902346227,0.484822584404657,0.704790704216778,206,3.37868694186265e-11,578235680
153,-1.26417501416373,0.133121450103714,0.282472235634959,0.217601850056903,0.366681459205179,0.717527764365041,0.633318540794821,0.782398149943097,226,2.17264456883729e-21,277194039
653,-0.879812523271745,0.138662873388525,0.414860681114551,0.316134740873632,0.544417814566056,0.585139318885449,0.455582185433944,0.683865259126368,219,2.22460962540075e-10,226219579
154,-0.863286573082976,0.149149719047723,0.421773612112473,0.314863946062738,0.564983644837369,0.578226387887527,0.435016355162631,0.685136053937262,190,7.12066781938133e-09,485026345
654,-0.689106771022939,0.153131092500506,0.502024291497976,0.371859867020291,0.677750979888056,0.497975708502024,0.322249020111944,0.628140132979708,189,6.79182853690764e-06,42141245
155,-0.626586414041606,0.151526805990745,0.534412955465587,0.39709747618698,0.719211841162609,0.465587044534413,0.280788158837391,0.60290252381302,197,3.54719372768502e-05,121421289
655,-0.842524581634545,0.135307356839096,0.430622009569378,0.330310509884776,0.56139695703372,0.569377990430622,0.43860304296628,0.669689490115224,232,4.76221366031836e-10,371759335
156,-0.862253951540853,0.13356019640574,0.422209369577791,0.324968466906011,0.548547843599954,0.577790630422209,0.451452156400046,0.675031533093989,237,1.07563378363479e-10,586373608
656,-0.737164065976719,0.141879773443354,0.478468899521531,0.362314263676975,0.631861648189077,0.521531100478469,0.368138351810923,0.637685736323025,217,2.03956134143141e-07,58755916
157,-1.04982212449868,0.13235859245934,0.35,0.270025143900195,0.45366145622823,0.65,0.54633854377177,0.729974856099805,233,2.16251942921131e-15,293813552
657,-1.04233145276952,0.132146458796768,0.352631578947369,0.272168545315552,0.456882445128786,0.647368421052631,0.543117554871214,0.727831454684448,234,3.07809790855565e-15,212160363
158,-1.01654733561381,0.140100318271382,0.361842105263158,0.274957451900363,0.476181708247426,0.638157894736842,0.523818291752574,0.725042548099637,209,3.99137939285204e-13,790441640
658,-1.02406213211629,0.142777433594753,0.359133126934985,0.271470782699067,0.475103072160344,0.640866873065016,0.524896927839656,0.728529217300933,201,7.36743804106177e-13,445082009
159,-0.929535958624175,0.146176336576158,0.394736842105263,0.296402688909946,0.525694200306584,0.605263157894737,0.474305799693416,0.703597311090054,195,2.03065671302571e-10,194404088
659,-0.800077891387289,0.139061062491858,0.449293966623877,0.342106712572581,0.590064623189147,0.550706033376123,0.409935376810853,0.657893287427419,222,8.74514035407592e-09,93563656
160,-1.06056422103058,0.136111409496237,0.346260387811634,0.26518232212974,0.452127635072161,0.653739612188366,0.547872364927839,0.73481767787026,220,6.60176859193208e-15,556694680
660,-0.989255193325798,0.136241964591349,0.371853546910755,0.284709892810839,0.485670023563175,0.628146453089245,0.514329976436825,0.715290107189161,222,3.84191229887524e-13,630312751
161,-0.771311953409282,0.149719055463293,0.462406015037594,0.344812009688282,0.620104047235028,0.537593984962406,0.379895952764972,0.655187990311718,193,2.58096241731419e-07,926131042
661,-1.00150945824926,0.133713698772986,0.367324561403509,0.282639373627293,0.477383358442495,0.632675438596491,0.522616641557505,0.717360626372707,230,6.88977362364379e-14,793607115
162,-0.831343932444962,0.138199155265599,0.43546365914787,0.332136483567452,0.57093576833736,0.56453634085213,0.42906423166264,0.667863516432548,223,1.79276922856171e-09,579953428
662,-0.967276286607024,0.137125558557241,0.380116959064327,0.29053319441213,0.497323215891639,0.619883040935673,0.502676784108361,0.70946680558787,220,1.73913881656491e-12,19111213
163,-0.842524581634545,0.144649648914817,0.430622009569378,0.32431737703839,0.571771136098019,0.569377990430622,0.428228863901981,0.67568262296161,203,5.72537294861828e-09,175013787
663,-0.826776224666407,0.14422036262162,0.437457279562543,0.329742595923656,0.58035835772509,0.562542720437457,0.41964164227491,0.670257404076344,205,9.88275926959012e-09,757039754
164,-0.929535958624175,0.150075056322568,0.394736842105263,0.294146403649205,0.529726600706841,0.605263157894737,0.470273399293159,0.705853596350795,185,5.87280722612472e-10,541597513
664,-1.09137898407459,0.143189601188555,0.335753176043557,0.25359280066555,0.444532316877598,0.664246823956443,0.555467683122402,0.74640719933445,198,2.4993940634861e-14,310921829
165,-0.891314745803978,0.146014883925811,0.410116199589884,0.308048309431227,0.546002987247686,0.589883800410116,0.453997012752314,0.691951690568773,197,1.03269501642836e-09,234237588
665,-0.784954729813068,0.145002210443987,0.456140350877193,0.343298880348276,0.606072526328336,0.543859649122807,0.393927473671664,0.656701119651724,205,6.1839699011048e-08,132416570
166,-0.852418655279744,0.143075951352912,0.426382411725516,0.322116381024528,0.564398371950615,0.573617588274484,0.435601628049385,0.677883618975472,207,2.55647893194308e-09,530540405
666,-1.03928682258329,0.136940454862029,0.353706847764573,0.2704453641279,0.462601881008336,0.646293152235427,0.537398118991664,0.7295546358721,218,3.21554423677448e-14,537533137
167,-0.913406576694292,0.142109542108255,0.401155327342747,0.303632812545996,0.530000678471102,0.598844672657253,0.469999321528898,0.696367187454004,207,1.29734635575401e-10,903547471
667,-1.05915345192756,0.143851580864323,0.346749226006192,0.261558484721468,0.459686963945867,0.653250773993808,0.540313036054133,0.738441515278532,197,1.80063648587944e-13,58962035
168,-1.06015614104124,0.134000073218481,0.34640171858217,0.266390644686637,0.45044431187827,0.65359828141783,0.54955568812173,0.733609355313363,227,2.54084009846389e-15,898881841
668,-0.696913663355422,0.134885396033777,0.49812030075188,0.382401497551252,0.648856857543787,0.50187969924812,0.351143142456213,0.617598502448748,243,2.38251065607165e-07,193772614
169,-0.86026183274077,0.14329076593958,0.423051299133911,0.319465314363792,0.560224830840584,0.576948700866089,0.439775169159416,0.680534685636208,206,1.92978271916228e-09,906641186
669,-0.82164699661299,0.142246214119655,0.439706862091939,0.33272317094411,0.581090051594923,0.560293137908061,0.418909948405077,0.66727682905589,211,7.63924615597200e-09,51921874
170,-1.11185751541813,0.134164078669044,0.328947368421053,0.252886558134943,0.427885024768283,0.671052631578947,0.572114975231717,0.747113441865057,225,1.15851466303146e-16,495933912
670,-1.06812212191032,0.144130895014101,0.343653250773994,0.259081269357781,0.45583209106655,0.656346749226006,0.54416790893345,0.740918730642219,196,1.25560250363142e-13,107583193
171,-0.703411779171828,0.151201458488359,0.494893951296151,0.367967304135248,0.665602677947428,0.505106048703849,0.334397322052572,0.632032695864752,193,3.28492888299094e-06,989244002
671,-1.27640690246629,0.129424769498695,0.279038112522686,0.216519473350867,0.359608616422452,0.720961887477314,0.640391383577548,0.783480526649133,239,6.07328007304055e-23,413176595
172,-0.840304824896233,0.146503974833502,0.431578947368421,0.323858904116274,0.575128197632515,0.568421052631579,0.424871802367485,0.676141095883726,198,9.71026908843883e-09,308088398
672,-0.954228571214548,0.14327754636167,0.385109114249037,0.290820976581048,0.509966755566362,0.614890885750963,0.490033244433638,0.709179023418952,202,2.73826122801007e-11,952285400
173,-0.744332555455332,0.142060753109723,0.475051264524949,0.359598727456117,0.627570919183224,0.524948735475051,0.372429080816776,0.640401272543883,216,1.60980071964584e-07,976519291
673,-0.826996319307991,0.150196815285107,0.437361008154188,0.325830924759854,0.587067208536543,0.562638991845812,0.412932791463457,0.674169075240146,189,3.66902988251484e-08,505107281
174,-0.969066797380811,0.140329694335433,0.379436964504284,0.288197882076977,0.499560957889936,0.620563035495716,0.500439042110064,0.711802117923023,210,4.99764708890686e-12,261410488
674,-0.968069622626418,0.132106530872391,0.379815518176886,0.293172629213646,0.492064447608609,0.620184481823114,0.507935552391391,0.706827370786354,237,2.3370554966309e-13,880565422
175,-0.756629400764823,0.137131139834612,0.469245402663284,0.358652438975377,0.613940472703003,0.530754597336716,0.386059527296997,0.641347561024623,231,3.4373719182645e-08,15424925
675,-1.1273617019541,0.141129665283866,0.323886639676113,0.245619727297902,0.427093363040228,0.676113360323887,0.572906636959772,0.754380272702098,203,1.37004179228678e-15,794070723
176,-0.980829253011726,0.145848996676377,0.375,0.28176326859148,0.499089184700961,0.625,0.500910815299039,0.71823673140852,194,1.75635853321662e-11,526250639
676,-0.964627278435445,0.139394263929728,0.381125226860254,0.290011409002023,0.500864566153213,0.618874773139746,0.499135433846787,0.709988590997977,213,4.51209929837384e-12,963202615
177,-0.889690050076975,0.141448301362326,0.410783055198973,0.31132321609836,0.542017779956667,0.589216944801027,0.457982220043333,0.68867678390164,210,3.17751865569541e-10,587592782
677,-1.12243962474867,0.154260145908972,0.325484764542936,0.240560429477375,0.440389685783855,0.674515235457064,0.559610314216145,0.759439570522625,170,3.43157415533814e-13,884623031
178,-0.724091984409367,0.142480706979461,0.484764542936288,0.366649459507485,0.640930065474243,0.515235457063712,0.359069934525757,0.633350540492515,216,3.73411967260346e-07,151347955
678,-0.901562106581769,0.132419219158754,0.405935050391938,0.313141846624879,0.526225628777438,0.594064949608062,0.473774371222562,0.686858153375121,239,9.86948386528256e-12,726270028
179,-0.89591934782519,0.145206665266584,0.408232118758435,0.30711924639808,0.542634383030456,0.591767881241565,0.457365616969544,0.69288075360192,199,6.83071775235453e-10,433290037
679,-1.14209740060785,0.13932059324528,0.319148936170213,0.242886567345764,0.419356428688706,0.680851063829787,0.580643571311294,0.757113432654236,208,2.45191256933156e-16,319556179
180,-0.950155245826911,0.130952380974366,0.386680988184748,0.299147894864824,0.4998269725117,0.613319011815252,0.5001730274883,0.700852105135176,242,3.99498438353228e-13,657749181
680,-1.08886799719343,0.143940321222716,0.336597307221542,0.253856573499294,0.446306139199143,0.663402692778458,0.553693860800857,0.746143426500706,196,3.88705728312546e-14,202647393
181,-0.586284035017584,0.145060232371478,0.556390977443609,0.418701565900041,0.739359355189419,0.443609022556391,0.260640644810581,0.581298434099959,218,5.30743106267353e-05,438621166
681,-0.664496362922155,0.150196407735887,0.514532600157109,0.383323533005726,0.690653648495097,0.485467399842891,0.309346351504903,0.616676466994274,198,9.68080278728765e-06,370989896
182,-0.913787601656036,0.140418168025339,0.401002506265664,0.304524981617446,0.528045381292724,0.598997493734336,0.471954618707276,0.695475018382554,212,7.63524821472069e-11,425166376
682,-0.864997437486604,0.15236235008244,0.421052631578947,0.312352738944967,0.567580483393144,0.578947368421053,0.432419516606856,0.687647261055033,182,1.36886359316416e-08,29331781
183,-0.925711862185773,0.138303436929033,0.396249243799153,0.302165131648959,0.519628000605349,0.603750756200847,0.480371999394651,0.697834868351041,218,2.18134208419823e-11,936020249
683,-0.957706835590872,0.132512353444424,0.383771929824561,0.295990986584845,0.497585740094996,0.616228070175439,0.502414259905004,0.704009013415155,236,4.92682632646515e-13,26024235
184,-1.07030851250526,0.133614924655986,0.342902711323764,0.263898966264777,0.445557900803656,0.657097288676236,0.554442099196344,0.736101033735223,228,1.14339292357811e-15,329965005
684,-1.00475937986176,0.136682351543099,0.366132723112128,0.280087880477382,0.478611108431475,0.633867276887872,0.521388891568525,0.719912119522618,220,1.96649594785441e-13,935218930
185,-1.08241031409183,0.142908447294543,0.338777979431337,0.256018460986095,0.448290013562002,0.661222020568663,0.551709986437998,0.743981539013905,199,3.61480748637456e-14,144211205
685,-1.14778952464419,0.1339178960196,0.317337461300309,0.244078892085741,0.412584076746587,0.682662538699691,0.587415923253413,0.755921107914259,225,1.02728470505217e-17,872914580
186,-0.843880514045682,0.140206307010677,0.430038510911425,0.326710825116971,0.566045281177031,0.569961489088575,0.433954718822969,0.673289174883029,216,1.75662230286127e-09,55141050
686,-0.91836265802605,0.136540698950976,0.399172087522177,0.305447455457074,0.521655533906402,0.600827912477824,0.478344466093598,0.694552544542925,224,1.7447904225202e-11,31539042
187,-0.747214401830222,0.144016459903648,0.473684210526315,0.357192125097534,0.628168191671838,0.526315789473685,0.371831808328162,0.642807874902466,210,2.12113346539163e-07,366023562
687,-0.797046775578097,0.140709879114684,0.450657894736842,0.342038125209511,0.593771638656482,0.549342105263158,0.406228361343518,0.657961874790489,217,1.47480353536939e-08,178419883
188,-1.10593449711501,0.13332293820692,0.330901511203752,0.25480858715198,0.429717896640659,0.669098488796248,0.570282103359341,0.74519141284802,228,1.08443303689634e-16,350884812
688,-1.01341744260488,0.14081046201603,0.362976406533575,0.275435753615329,0.47833975789516,0.637023593466425,0.52166024210484,0.724564246384671,207,6.15371918793994e-13,534606936
189,-0.918362658026051,0.136540698950976,0.399172087522176,0.305447455457074,0.521655533906402,0.600827912477824,0.478344466093598,0.694552544542926,224,1.74479042252011e-11,572040895
689,-0.91726586603236,0.143093536961777,0.399610136452242,0.301880497096417,0.528978396058415,0.600389863547758,0.471021603941585,0.698119502903583,204,1.45277736595109e-10,701231496
190,-0.867978065624742,0.139166980562501,0.419799498746867,0.319582336108446,0.551443553777387,0.580200501253133,0.448556446222613,0.680417663891554,218,4.46172922073809e-10,185615942
690,-1.00025148342257,0.143766764006427,0.367786937222574,0.27747368945955,0.487495702583654,0.632213062777426,0.512504297416346,0.72252631054045,199,3.46462725846094e-12,798555539
191,-0.892356955382421,0.136612248510915,0.409688995215311,0.313451059134078,0.535474575406479,0.590311004784689,0.464525424593521,0.686548940865922,225,6.48789215150045e-11,211873331
691,-0.968250470804866,0.146390428921228,0.379746835443038,0.285027264273391,0.50594338543937,0.620253164556962,0.49405661456063,0.714972735726609,193,3.73654454202636e-11,762290378
192,-0.970027319978913,0.142018395714536,0.379072681704261,0.286969809905763,0.500735941741214,0.620927318295739,0.499264058258786,0.713030190094237,205,8.47411007569559e-12,830981814
692,-0.866522990795441,0.140814451476438,0.420410783055199,0.319015928707354,0.554032606538657,0.579589216944801,0.445967393461343,0.680984071292646,213,7.57192119281163e-10,646736104
193,-0.913006656672965,0.14386355104282,0.401315789473684,0.302711813869775,0.532038577622779,0.598684210526316,0.467961422377221,0.697288186130225,202,2.20501142965557e-10,661310157
693,-0.854775883415066,0.148906703731622,0.425378514780101,0.317706378819552,0.569541227056373,0.574621485219899,0.430458772943627,0.682293621180448,191,9.44837488536421e-09,325024505
194,-0.909654588070347,0.141146053880514,0.402663284717819,0.305350259265738,0.530989301432487,0.597336715282181,0.469010698567513,0.694649740734262,210,1.1577188238674e-10,468466027
694,-0.945536299970617,0.141312695963691,0.388471177944862,0.294491807498788,0.51244161043254,0.611528822055138,0.48755838956746,0.705508192501212,208,2.21510799179225e-11,207157504
195,-1.08010881710355,0.138152167956209,0.33955857385399,0.259011688052795,0.445153753270985,0.66044142614601,0.554846246729015,0.740988311947205,213,5.35607946286036e-15,610469505
695,-0.908658373602621,0.144646778966203,0.403064623584277,0.303564597023085,0.535177989720521,0.596935376415723,0.464822010279479,0.696435402976915,200,3.34433594783396e-10,382095856
196,-1.04451394335295,0.140140345392516,0.351862803075104,0.267353380524199,0.463085343993482,0.648137196924896,0.536914656006518,0.732646619475801,208,9.10048653433316e-14,976020029
696,-0.826776224666407,0.14422036262162,0.437457279562543,0.329742595923656,0.58035835772509,0.562542720437457,0.41964164227491,0.670257404076344,205,9.88275926959012e-09,481474145
197,-1.00809828112728,0.151488342640663,0.364912280701754,0.271169829630198,0.491061165574915,0.635087719298246,0.508938834425085,0.728830170369802,179,2.84021124628744e-11,277535629
697,-0.8931683144533,0.142415543238786,0.409356725146199,0.30965464526729,0.541160712372889,0.590643274853801,0.458839287627111,0.69034535473271,207,3.57437377143197e-10,562607787
198,-0.583866628522045,0.148214798948412,0.557737627651218,0.417127938853621,0.745745447195208,0.442262372348782,0.254254552804792,0.582872061146379,209,8.17103386272788e-05,901828206
698,-1.05314991459135,0.142827997281687,0.348837209302325,0.263661908748397,0.461528171329277,0.651162790697675,0.538471828670723,0.736338091251603,200,1.66138662425296e-13,176317301
199,-0.872377544784227,0.138463400567171,0.417956656346749,0.318618497953846,0.548266242250189,0.582043343653251,0.451733757749811,0.681381502046154,220,2.96840652282622e-10,500840008
699,-0.819187901455311,0.141289371767984,0.44078947368421,0.334168480177604,0.581429343687768,0.55921052631579,0.418570656312232,0.665831519822396,214,6.71327576295118e-09,239939439
200,-0.766151602849972,0.142618211134387,0.464798359535202,0.351453396832442,0.614697473331328,0.535201640464798,0.385302526668672,0.648546603167558,213,7.78482053096067e-08,366168734
700,-0.739492355736311,0.134306229830903,0.477356181150551,0.366877333073968,0.621103848998748,0.522643818849449,0.378896151001252,0.633122666926032,242,3.67043550172068e-08,975733094
201,-0.890033515647929,0.134280544072869,0.410641989589358,0.315619297685352,0.534272919465191,0.589358010410642,0.465727080534809,0.684380702314648,233,3.39886922067268e-11,114687364
701,-1.12266843152235,0.139457306554407,0.325410299943407,0.247585394116042,0.427698344998604,0.674589700056593,0.572301655001396,0.752414605883958,208,8.26141970568419e-16,522518898
202,-0.736469862547244,0.146705407727072,0.478801169590643,0.35915286331028,0.638309153067544,0.521198830409357,0.361690846932456,0.64084713668972,203,5.1655500992261e-07,866413730
702,-0.87284061494763,0.142737576535836,0.417763157894737,0.315814228045967,0.55262252487491,0.582236842105263,0.44737747512509,0.684185771954033,207,9.65555449667617e-10,651591204
203,-0.802784252985031,0.146458258415464,0.448079658605975,0.336271246072053,0.597063777535788,0.551920341394025,0.402936222464212,0.663728753927947,200,4.22169445802538e-08,952846253
703,-0.800458916349033,0.145416069749187,0.449122807017544,0.337743287728248,0.597232582000615,0.550877192982456,0.402767417999385,0.662256712271752,203,3.69984014142155e-08,399767315
204,-0.92562205930304,0.139918568778657,0.396284829721362,0.301237160787637,0.521322355637254,0.603715170278638,0.478677644362746,0.698762839212363,213,3.7046320575858e-11,585419205
704,-1.04731899428056,0.159255514341972,0.350877192982456,0.256800934865693,0.479417275562633,0.649122807017544,0.520582724437367,0.743199065134307,161,4.82157407369623e-11,802067852
205,-1.16544176155224,0.141576400396835,0.311784897025171,0.236235425057221,0.41149553243105,0.688215102974829,0.58850446756895,0.763764574942779,201,1.84278019733386e-16,173163448
705,-0.701277306643196,0.140082953602873,0.495951417004048,0.376877585728597,0.652646422452552,0.504048582995952,0.347353577547448,0.623122414271403,225,5.55273735174756e-07,506227788
206,-0.688373901807288,0.140675989620794,0.502392344497608,0.381328612744528,0.661891238617591,0.497607655502392,0.338108761382409,0.618671387255473,224,9.91444526341682e-07,990081192
706,-0.849493250950639,0.142099640040578,0.427631578947368,0.323678859973996,0.564969758382463,0.572368421052632,0.435030241617537,0.676321140026004,210,2.25683075379029e-09,294727266
207,-1.0036439307779,0.143009686589063,0.366541353383459,0.276944607440018,0.485124317754684,0.633458646616541,0.514875682245316,0.723055392559982,201,2.2504458476216e-12,817911421
707,-1.00900012997842,0.133923349961258,0.364583333333333,0.280414875959555,0.474015533197375,0.635416666666667,0.525984466802625,0.719585124040445,229,4.91483168193616e-14,863401497
208,-0.779055007685879,0.14203328476596,0.458839406207827,0.347345564858636,0.606121459402642,0.541160593792173,0.393878540597358,0.652654435141364,214,4.1342922666363e-08,318248060
708,-0.941958478622732,0.143801990085926,0.389863547758285,0.294108891755547,0.51679357588756,0.610136452241715,0.48320642411244,0.705891108244453,201,5.7388722902408e-11,419650326
209,-0.531039519832105,0.150392842118435,0.587993421052632,0.437882760767193,0.789563541152955,0.412006578947368,0.210436458847045,0.562117239232807,207,0.000413966830801517,269637325
709,-0.861915770949197,0.14155559583388,0.422352176738142,0.320023886521755,0.557400146389761,0.577647823261858,0.442599853610239,0.679976113478245,211,1.13699616072047e-09,796979100
210,-0.732237947640663,0.138211561572233,0.480831708901885,0.3667306476228,0.630433081565918,0.519168291098115,0.369566918434082,0.6332693523772,229,1.17109999098884e-07,185424220
710,-0.773531710147594,0.142809034652627,0.46138072453862,0.348738725482866,0.610405892494552,0.538619275461381,0.389594107505448,0.651261274517134,212,6.07613524345992e-08,425051454
211,-0.687169082384437,0.138855120125906,0.502998001332445,0.383153296891781,0.660328363077857,0.497001998667555,0.339671636922143,0.616846703108219,230,7.46645161932009e-07,579160381
711,-0.745532315647237,0.153475980127228,0.474481658692185,0.35122097008708,0.641000576871788,0.525518341307815,0.358999423128212,0.64877902991292,185,1.18788233804894e-06,499359544
212,-0.937504128273352,0.14108423693496,0.391604010025063,0.296999699652144,0.516342948653895,0.608395989974937,0.483657051346105,0.703000300347856,209,3.03226212129193e-11,192508794
712,-0.886610913907142,0.146837515945398,0.412049861495845,0.309002115218827,0.549462544094585,0.587950138504155,0.450537455905415,0.690997884781173,195,1.55996616825509e-09,377862774
213,-0.649697063633421,0.153293886774007,0.522203947368421,0.386683959865188,0.705219225390761,0.477796052631579,0.294780774609239,0.613316040134812,191,2.25273764436064e-05,227299805
713,-0.814099790977607,0.142045854737531,0.443037974683545,0.335375476172461,0.585262372943339,0.556962025316455,0.414737627056661,0.664624523827539,212,9.96953296681252e-09,830229519
214,-0.641853886172394,0.150755672204676,0.526315789473685,0.391672372082599,0.707244957759978,0.473684210526315,0.292755042240022,0.608327627917401,198,2.06654470936953e-05,892710145
714,-1.00206240269244,0.145585839082134,0.367121507472384,0.275985926929057,0.488351716873742,0.632878492527616,0.511648283126258,0.724014073070943,194,5.86189595966326e-12,760453405
215,-1.00749750009389,0.146659500257748,0.365131578947369,0.273912973340629,0.486727840301323,0.634868421052631,0.513272159698677,0.726087026659371,191,6.43655673444115e-12,274052249
715,-1.00778815552392,0.136031710135633,0.365025466893039,0.279597165003833,0.476555588389656,0.634974533106961,0.523444411610344,0.720402834996167,222,1.27755517152415e-13,922676325
216,-0.916290731874155,0.148678388360705,0.4,0.298885411451034,0.535322213363406,0.6,0.464677786636594,0.701114588548966,189,7.14225156159566e-10,532537109
716,-0.894850400636285,0.139069994840421,0.408668730650155,0.311167918435053,0.536720277113231,0.591331269349845,0.463279722886769,0.688832081564947,217,1.23853942168709e-10,899549863
217,-0.844978570596112,0.153996400511881,0.429566563467492,0.317649733784441,0.580914802763513,0.570433436532508,0.419085197236487,0.682350266215559,179,4.08812311400268e-08,461205107
717,-0.933374734931341,0.138515560759102,0.393224440411373,0.299733885800305,0.515875808048795,0.606775559588627,0.484124191951205,0.700266114199695,217,1.60128436168904e-11,783082262
218,-0.937699269263337,0.142800011448239,0.391527599486521,0.295944853223173,0.517981169431179,0.608472400513479,0.482018830568821,0.704055146776827,204,5.15043982577067e-11,368141941
718,-0.861915770949196,0.14155559583388,0.422352176738142,0.320023886521755,0.557400146389761,0.577647823261858,0.442599853610239,0.679976113478245,211,1.1369961607205e-09,498442317
219,-0.686974321452865,0.149660248639771,0.503095975232198,0.375197389797437,0.674593073345964,0.496904024767802,0.325406926654036,0.624802610202563,198,4.42766948390573e-06,839385091
719,-0.956102986008897,0.137580023094957,0.384387936132466,0.293536033283371,0.503359276854231,0.615612063867534,0.496640723145769,0.706463966716629,219,3.66760400774509e-12,253541729
220,-0.821646996612991,0.142246214119655,0.439706862091939,0.33272317094411,0.581090051594923,0.560293137908061,0.418909948405077,0.66727682905589,211,7.63924615597182e-09,625257996
720,-0.957706835590873,0.132512353444424,0.383771929824561,0.295990986584845,0.497585740094996,0.616228070175439,0.502414259905004,0.704009013415155,236,4.92682632646497e-13,82292032
221,-0.467500499027617,0.15013221673815,0.6265664160401,0.466846748540498,0.840930080238698,0.3734335839599,0.159069919761302,0.533153251459502,213,0.00184616261652829,508603045
721,-0.765648103519059,0.146460124621876,0.465032444124009,0.348992560736142,0.61965554117198,0.534967555875991,0.38034445882802,0.651007439263858,202,1.71641139108568e-07,245000098
222,-1.09040258041687,0.146567919550945,0.336081166772352,0.252165307591891,0.447922641451801,0.663918833227648,0.552077358548199,0.747834692408109,189,1.01012085959713e-13,386709519
722,-1.05048856904184,0.148936353448925,0.349766822118588,0.261218395341519,0.468331603120797,0.650233177881412,0.531668396879203,0.738781604658481,184,1.74759116527131e-12,868958371
223,-0.872840614947631,0.142737576535836,0.417763157894737,0.315814228045967,0.55262252487491,0.582236842105263,0.44737747512509,0.684185771954033,207,9.65555449667597e-10,345653499
723,-0.800458916349033,0.145416069749187,0.449122807017544,0.337743287728248,0.597232582000615,0.550877192982456,0.402767417999385,0.662256712271752,203,3.69984014142161e-08,873991132
224,-0.972595448084623,0.1396218209306,0.378100423472474,0.287581440209435,0.497111114423628,0.621899576527526,0.502888885576372,0.712418559790565,212,3.2624769617991e-12,716852325
724,-1.07352136667458,0.142631729996261,0.341802782819117,0.25844447099182,0.452047365898534,0.658197217180883,0.547952634101466,0.74155552900818,200,5.2108268699678e-14,706196200
725,-0.756629400764824,0.137131139834612,0.469245402663284,0.358652438975377,0.613940472703003,0.530754597336716,0.386059527296997,0.641347561024623,231,3.43737191826449e-08,173127087
225,-1.12670402353512,0.13810620674613,0.32409972299169,0.247242111288313,0.424849269794499,0.67590027700831,0.575150730205501,0.752757888711687,212,3.39932504343323e-16,999910109
226,-1.04731899428056,0.137175815313132,0.350877192982456,0.268158071894753,0.459112804941289,0.649122807017544,0.540887195058711,0.731841928105247,217,2.26055087170299e-14,171424958
726,-0.95737075761762,0.140816270430658,0.383900928792569,0.291310498325924,0.505920397564614,0.616099071207431,0.494079602435386,0.708689501674076,209,1.05550842806305e-11,723740361
227,-0.978326122793608,0.148586412855101,0.37593984962406,0.28095798494912,0.503031691948371,0.62406015037594,0.496968308051629,0.71904201505088,187,4.57269424323697e-11,926966797
727,-1.01222767446929,0.143267063787997,0.363408521303258,0.274439083782185,0.481220646621302,0.636591478696742,0.518779353378698,0.725560916217815,200,1.60246094151533e-12,631040048
228,-0.910982550728428,0.136341102530033,0.402128917800118,0.307830429466287,0.525314104948823,0.597871082199882,0.474685895051177,0.692169570533713,225,2.36278326373784e-11,362586244
728,-1.08847706677407,0.138405381117111,0.336728919071873,0.256725815582639,0.44166327676078,0.663271080928127,0.55833672323922,0.743274184417361,212,3.70832455160494e-15,195312185
229,-0.921025268956267,0.145928369753904,0.398110661268556,0.299081365259609,0.529929701498161,0.601889338731444,0.470070298501839,0.700918634740392,196,2.76363834007548e-10,730086697
729,-0.988478494257627,0.131315906307865,0.372142477405635,0.287695416171786,0.481377233368605,0.627857522594365,0.518622766631395,0.712304583828214,239,5.17270110643608e-14,851006220
230,-0.955511445027437,0.136043404793017,0.384615384615384,0.294595627048285,0.502142532002331,0.615384615384616,0.497857467997669,0.705404372951715,224,2.16257556084066e-12,658110339
730,-0.941958478622733,0.143801990085926,0.389863547758285,0.294108891755547,0.51679357588756,0.610136452241715,0.48320642411244,0.705891108244453,201,5.73887229024069e-11,943288434
231,-0.676700617502564,0.144190251741446,0.508291276135544,0.383157817768201,0.674291400082563,0.491708723864456,0.325708599917437,0.616842182231799,214,2.69083573735399e-06,632928109
731,-0.871039751942568,0.140085510863455,0.418516169942929,0.3180323066921,0.550748401398335,0.581483830057071,0.449251598601665,0.6819676933079,215,5.03805415171627e-10,775465684
232,-0.946343076940557,0.144826020722289,0.388157894736842,0.292235042165503,0.515566340470593,0.611842105263158,0.484433659529407,0.707764957834497,198,6.38888374105147e-11,157464432
732,-0.818994084224351,0.144010246091125,0.440874914559125,0.332455593905937,0.584651586107798,0.559125085440875,0.415348413892202,0.667544406094063,206,1.29249396268602e-08,26820737
233,-0.849493250950639,0.142099640040578,0.427631578947368,0.323678859973996,0.564969758382463,0.572368421052632,0.435030241617537,0.676321140026004,210,2.2568307537903e-09,81629395
733,-1.01936291701397,0.133521816002486,0.360824742268042,0.277742496111056,0.46875971972521,0.639175257731958,0.53124028027479,0.722257503888944,230,2.26822224170488e-14,43853715
234,-1.04145387482816,0.143306090984389,0.352941176470588,0.266513960555994,0.467395680843788,0.647058823529411,0.532604319156212,0.733486039444006,199,3.66639212233734e-13,962221835
734,-0.726595114627485,0.138934232898605,0.483552631578947,0.36828388656554,0.634899206933708,0.516447368421053,0.365100793066292,0.63171611343446,227,1.69714243840044e-07,87037168
235,-0.683818085271427,0.14436581056086,0.504686373467916,0.380309503617334,0.669739601933491,0.495313626532084,0.330260398066509,0.619690496382666,213,2.17222274163938e-06,347155129
735,-0.941370416271179,0.140361012483977,0.390092879256966,0.296273298300324,0.513621900184663,0.609907120743034,0.486378099815337,0.703726701699676,211,1.9896602466959e-11,783146051
236,-1.07828121988453,0.14706829781349,0.34017971758665,0.254990296658691,0.453829976174461,0.65982028241335,0.546170023825539,0.745009703341309,188,2.27014132605746e-13,56166760
736,-1.01557029596598,0.136254130865462,0.362195812110922,0.277308829692387,0.473067541542808,0.637804187889078,0.526932458457192,0.722691170307613,221,9.08953328458467e-14,676013669
237,-1.09383900991545,0.142450720595211,0.334928229665072,0.253336333455158,0.442798383858489,0.665071770334928,0.557201616141511,0.746663666544842,200,1.60687665206151e-14,199921293
737,-1.00831683647729,0.139858348629355,0.364832535885168,0.277361335457582,0.479889451861822,0.635167464114832,0.520110548138178,0.722638664542418,210,5.61339016680933e-13,304862287
238,-1.15090803029,0.1395989090206,0.316349384098544,0.240624689519025,0.415904673039029,0.683650615901456,0.584095326960971,0.759375310480975,207,1.66003092555498e-16,554624435
738,-0.953633510203236,0.141544491988495,0.385338345864662,0.291984191548859,0.508540000080336,0.614661654135338,0.491459999919664,0.708015808451141,207,1.61311296659477e-11,570307756
239,-0.852149295008756,0.136332136570508,0.426497277676951,0.326490191317877,0.557137496632322,0.573502722323049,0.442862503367678,0.673509808682123,228,4.09039373175224e-10,490833236
739,-1.19753007610374,0.14035892462219,0.301939058171745,0.229321916588883,0.39755116390851,0.698060941828255,0.60244883609149,0.770678083411117,204,1.43947805299707e-17,529863877
240,-0.869367437157723,0.137576077340972,0.41921664626683,0.320135289169201,0.548963524025379,0.58078335373317,0.451036475974621,0.679864710830799,223,2.62961765602176e-10,735288438
740,-0.759636921828779,0.147313912687005,0.467836257309941,0.350509704564719,0.624435674115154,0.532163742690059,0.375564325884846,0.649490295435281,200,2.51492437457929e-07,978509621
241,-1.24882337049129,0.13847133974634,0.286842105263158,0.218663292539432,0.376278946485557,0.713157894736842,0.623721053514443,0.781336707460568,209,1.90436113961746e-19,84591180
741,-0.663515382953574,0.146918291359028,0.515037593984963,0.386172953932252,0.686903939068595,0.484962406015037,0.313096060931405,0.613827046067748,207,6.29531465169979e-06,116529083
242,-0.917265866032362,0.143093536961777,0.399610136452242,0.301880497096417,0.528978396058414,0.600389863547758,0.471021603941586,0.698119502903583,204,1.45277736595101e-10,261917864
742,-0.736469862547244,0.146705407727072,0.478801169590643,0.35915286331028,0.638309153067544,0.521198830409357,0.361690846932456,0.64084713668972,203,5.16555009922614e-07,614405291
243,-0.698093604495271,0.154562164797157,0.497532894736842,0.367500764201978,0.673574058771683,0.502467105263158,0.326425941228317,0.632499235798022,185,6.28440350682527e-06,708004577
743,-1.14495746384448,0.145750785925583,0.318237454100367,0.239159698656774,0.423462137480054,0.681762545899633,0.576537862519946,0.760840301343226,190,3.97915405696422e-15,357077454
244,-0.895634406948494,0.137483309123749,0.408348457350272,0.311892487686393,0.534634430785047,0.591651542649728,0.465365569214953,0.688107512313607,222,7.29343387843226e-11,71003294
744,-0.991229527629516,0.148025071925348,0.371120107962213,0.277661276673434,0.496036524012218,0.628879892037787,0.503963475987782,0.722338723326566,188,2.13671434617384e-11,223210194
245,-1.0395368538385,0.134790966525052,0.353618421052632,0.271519235353857,0.460541911679996,0.646381578947368,0.539458088320004,0.728480764646143,225,1.23653019773213e-14,910717341
745,-0.989255193325798,0.136241964591349,0.371853546910755,0.284709892810839,0.485670023563175,0.628146453089245,0.514329976436825,0.715290107189161,222,3.84191229887529e-13,724513667
246,-1.03078969232935,0.138952626562389,0.356725146198831,0.271679603323115,0.46839302021224,0.643274853801169,0.53160697978776,0.728320396676885,212,1.18649758794037e-13,655141043
746,-1.01764322613444,0.144291796725258,0.36144578313253,0.272409194670209,0.479583863909038,0.63855421686747,0.520416136090962,0.727590805329791,197,1.75509775609395e-12,915482601
247,-1.10388934576895,0.133927248689919,0.331578947368421,0.25502800157618,0.431107947591819,0.668421052631579,0.568892052408181,0.74497199842382,226,1.68712314019675e-16,312403217
747,-0.917839918860984,0.139701982353821,0.39938080495356,0.303719478146855,0.525172202779268,0.60061919504644,0.474827797220732,0.696280521853145,214,5.03203542803213e-11,215646121
248,-1.34525756689953,0.143224858133401,0.26047261009667,0.196720147646746,0.344885775159159,0.73952738990333,0.655114224840841,0.803279852353254,195,5.85224803007752e-21,955385036
748,-0.84752280696334,0.143855929930233,0.428475033738192,0.323202813062976,0.568036066261502,0.571524966261808,0.431963933738498,0.676797186937024,205,3.82776583574582e-09,36458865
249,-0.85807699464203,0.150031925109984,0.423976608187135,0.315961735034998,0.568917512337233,0.576023391812865,0.431082487662767,0.684038264965002,188,1.06966289606868e-08,217975181
749,-0.885475968830145,0.148775680729516,0.412517780938834,0.308180094393392,0.552180113792412,0.587482219061166,0.447819886207588,0.691819905606608,190,2.65287006659146e-09,613586010
250,-0.961034625683547,0.140099632345236,0.38249694002448,0.290653088320094,0.503362651240668,0.61750305997552,0.496637348759332,0.709346911679906,211,6.90288326167873e-12,490650969
750,-1.01557029596598,0.136254130865462,0.362195812110922,0.277308829692387,0.473067541542808,0.637804187889078,0.526932458457192,0.722691170307613,221,9.08953328458454e-14,905932633
251,-0.727509330750889,0.151840226601899,0.483110761979576,0.358756746577206,0.650568973454158,0.516889238020424,0.349431026545842,0.641243253422794,190,1.6571908848538e-06,84854691
751,-1.00696769875699,0.142264831072131,0.365325077399381,0.276428897240891,0.482809190750268,0.634674922600619,0.517190809249732,0.723571102759109,203,1.46122040486789e-12,335305136
252,-0.738480721861467,0.142843521136696,0.477839335180055,0.36115470067629,0.6322233375829,0.522160664819945,0.3677766624171,0.63884529932371,214,2.34271925782182e-07,352490509
752,-0.856001874578027,0.139681349310925,0.424857324032974,0.323106823172574,0.558650368358364,0.575142675967026,0.441349631641636,0.676893176827426,217,8.88523169226521e-10,590088681
253,-0.814466628839388,0.139432775092769,0.442875481386393,0.336973884301923,0.582059029350454,0.557124518613607,0.417940970649546,0.663026115698077,220,5.17995850642709e-09,493219287
753,-0.756264237350139,0.145221455273898,0.469416785206259,0.35313916681589,0.623980965408631,0.530583214793741,0.376019034591369,0.64686083318411,206,1.91234979063363e-07,26304309
254,-0.929535958624175,0.14085904247883,0.394736842105263,0.299507862771031,0.520244019885231,0.605263157894737,0.479755980114769,0.700492137228969,210,4.1379888110872e-11,689685152
754,-0.787035896016893,0.146034288855797,0.455192034139402,0.341892867922333,0.606037175338316,0.544807965860598,0.393962824661684,0.658107132077667,202,7.0696805223763e-08,736802717
255,-0.789178600929253,0.147088878171347,0.454217736121125,0.340456639650583,0.605991271072707,0.545782263878875,0.394008728927293,0.659543360349417,199,8.08067389050746e-08,620296982
755,-0.922155851326553,0.135882494435205,0.39766081871345,0.30468383500952,0.519010556417968,0.60233918128655,0.480989443582032,0.69531616499048,226,1.14949180383676e-11,916718247
256,-0.978326122793609,0.142260659511749,0.37593984962406,0.28446305539743,0.496833482780055,0.62406015037594,0.503166517219945,0.71553694460257,204,6.11274149348267e-12,489362759
756,-0.531039519832105,0.150392842118435,0.587993421052632,0.437882760767193,0.789563541152955,0.412006578947368,0.210436458847045,0.562117239232807,207,0.000413966830801519,718881862
257,-0.83716263849316,0.131486257421884,0.432937181663837,0.334582776214826,0.560203981171702,0.567062818336163,0.439796018828298,0.665417223785174,246,1.92860205753583e-10,444704440
757,-0.796004565999653,0.13190628266251,0.451127819548872,0.348353981019942,0.584222717866024,0.548872180451128,0.415777282133976,0.651646018980058,247,1.59335135368704e-09,878017264
258,-0.912586400310402,0.145684158961812,0.401484480431849,0.301760354430449,0.534164894960657,0.598515519568151,0.465835105039343,0.698239645569551,197,3.74881412170723e-10,211189691
758,-0.921813912530264,0.13899717506374,0.397796817625459,0.302933075862937,0.52236721811302,0.602203182374541,0.47763278188698,0.697066924137063,216,3.3141654750972e-11,499030969
259,-0.813276152508314,0.147745427834346,0.443403028118241,0.331923131020586,0.592324628717219,0.556596971881759,0.407675371282781,0.668076868979414,196,3.70054723065054e-08,237823481
759,-0.792676775906978,0.145207683425547,0.452631578947369,0.340520957634416,0.601652678541868,0.547368421052631,0.398347321458132,0.659479042365584,204,4.79046056359902e-08,306234584
260,-0.987355529513002,0.138464663358231,0.372560615020698,0.284011291494853,0.488717934889276,0.627439384979302,0.511282065110724,0.715988708505147,215,9.98306560285088e-13,455473569
760,-1.12609987213367,0.135269107402967,0.324295587453482,0.248771008341754,0.422748730822054,0.675704412546518,0.577251269177946,0.751228991658246,221,8.44100750394436e-17,704019659
261,-0.7670170291264,0.151786744045208,0.464396284829722,0.344895577808063,0.625302042821976,0.535603715170278,0.374697957178024,0.655104422191937,188,4.34344783477164e-07,301323861
761,-0.883015942989283,0.145778859250843,0.413533834586466,0.310759102548681,0.550298385293469,0.586466165413534,0.449701614706531,0.689240897451319,198,1.38486320122759e-09,900567475
262,-0.937504128273352,0.14108423693496,0.391604010025063,0.296999699652144,0.516342948653895,0.608395989974937,0.483657051346105,0.703000300347856,209,3.03226212129193e-11,628147925
762,-0.892264563826944,0.1441815146135,0.409726848767488,0.308863718536623,0.543528036884107,0.590273151232511,0.456471963115893,0.691136281463377,202,6.07467277799374e-10,520790899
263,-0.755689028821193,0.140536210327934,0.469686875416389,0.356602009077724,0.61863297267719,0.530313124583611,0.38136702732281,0.643397990922276,220,7.56599404390451e-08,51189265
763,-0.971500157723207,0.152389106134406,0.378514780100937,0.280781829864788,0.510266062529242,0.621485219899063,0.489733937470758,0.719218170135212,178,1.82809419273834e-10,106525388
264,-1.09552109609844,0.144996431499882,0.3343653250774,0.251651803339102,0.444265326656387,0.6656346749226,0.555734673343613,0.748348196660898,193,4.17241486033404e-14,101732141
764,-0.945161276527257,0.139649284750595,0.388616891064871,0.29556430691884,0.510965243385752,0.611383108935129,0.489034756614248,0.70443569308116,213,1.30478412110767e-11,940405174
265,-0.773531710147594,0.142809034652627,0.46138072453862,0.348738725482866,0.610405892494552,0.53861927546138,0.389594107505448,0.651261274517134,212,6.07613524345996e-08,400410977
765,-0.826587989371732,0.138904894045606,0.437539632213063,0.333258578280609,0.574451618754571,0.562460367786937,0.425548381245429,0.666741421719391,221,2.66920152307257e-09,697039327
266,-0.773430243961114,0.146666731470023,0.461427541456381,0.346146994214519,0.615101039654064,0.538572458543619,0.384898960345936,0.653853005785481,201,1.3392968099544e-07,919707049
766,-1.0205077368299,0.137135236754837,0.360411899313501,0.275466883724586,0.471551191237337,0.639588100686499,0.528448808762664,0.724533116275414,218,9.94611828915735e-14,554750517
267,-1.18518878850368,0.137100920054505,0.3056884635832,0.23365685907818,0.399925930428567,0.6943115364168,0.600074069571433,0.76634314092182,214,5.39728170249368e-18,951139739
767,-0.853550051646253,0.145903995988408,0.42590027700831,0.319973650430297,0.566893698002392,0.57409972299169,0.433106301997608,0.680026349569703,199,4.9133657782888e-09,489420251
268,-0.740293958985647,0.139271503572665,0.476973684210526,0.363033163255086,0.626675241979221,0.523026315789474,0.373324758020779,0.636966836744914,225,1.06380447219705e-07,934023935
768,-1.11185751541813,0.143019388407153,0.328947368421053,0.248535306320986,0.435376256166141,0.671052631578947,0.564623743833859,0.751464693679014,198,7.59416946249004e-15,514526134
269,-0.993830309329573,0.1371186019294,0.370156159629844,0.28292375609707,0.484284474382932,0.629843840370156,0.515715525617068,0.71707624390293,219,4.23091701973108e-13,752122837
769,-1.0264538558166,0.14456054198754,0.358275206087508,0.269877450057653,0.475627449679938,0.641724793912492,0.524372550320062,0.730122549942347,196,1.24295586840479e-12,25116733
270,-1.04989964087405,0.134392024839694,0.34997287032013,0.268930265413402,0.455437805677363,0.65002712967987,0.544562194322637,0.731069734586598,226,5.61907752019171e-15,790366905
770,-0.627867644197655,0.14501362509225,0.533728687916975,0.401684177738601,0.709179818606038,0.466271312083025,0.290820181393962,0.598315822261399,215,1.49302551451116e-05,211440358
271,-1.23969088692801,0.145643816268362,0.289473684210526,0.217588955473404,0.38510692635159,0.710526315789474,0.61489307364841,0.782411044526596,189,1.71255287736615e-17,10005861
771,-0.773623163803518,0.139240556298305,0.46133853151397,0.351154268971104,0.606096122035129,0.53866146848603,0.393903877964871,0.648845731028896,223,2.75996985009221e-08,86130933
272,-0.9736312784894,0.141284914978171,0.377708978328173,0.286348802125103,0.49821780727193,0.622291021671827,0.50178219272807,0.713651197874897,207,5.52998209760503e-12,772510191
772,-0.800918580802082,0.152730389958579,0.448916408668731,0.332783002863569,0.605577629379859,0.551083591331269,0.394422370620141,0.667216997136431,184,1.57129878854534e-07,69582118
273,-0.836914468743779,0.142655303258897,0.433044636908728,0.327419280731438,0.572744699507264,0.566955363091272,0.427255300492736,0.672580719268562,209,4.44580239701635e-09,184534228
773,-1.07263680226485,0.140207416579727,0.342105263157895,0.259905210581536,0.450302673110959,0.657894736842105,0.549697326889041,0.740094789418464,207,2.00421980376812e-14,650763002
274,-0.936093359170334,0.127995581730846,0.392156862745098,0.305147476556821,0.503976001156417,0.607843137254902,0.496023998843583,0.694852523443179,254,2.60307553072607e-13,346770772
774,-1.10280767989821,0.142732776118503,0.331937799043062,0.250935641648362,0.439087495541794,0.668062200956938,0.560912504458206,0.749064358351638,199,1.10647925321784e-14,573707528
275,-0.987355529513002,0.138464663358231,0.372560615020698,0.284011291494853,0.488717934889276,0.627439384979302,0.511282065110724,0.715988708505147,215,9.98306560285096e-13,981674498
775,-0.846648298818408,0.141143319343757,0.428849902534113,0.325210009783343,0.56551838310894,0.571150097465887,0.43448161689106,0.674789990216657,213,1.99147671223775e-09,434615981
276,-0.894134031573259,0.149027399142723,0.40896159317212,0.305372673906886,0.547690081598054,0.59103840682788,0.452309918401946,0.694627326093114,189,1.97565264066276e-09,862006978
776,-0.948878921467306,0.13894874191605,0.387174833635814,0.294872136758303,0.508370690594589,0.612825166364186,0.491629309405411,0.705127863241698,215,8.55173124380648e-12,846294370
277,-0.853824136888479,0.13483471180384,0.425783560023655,0.326901846781696,0.554575147773585,0.574216439976345,0.445424852226415,0.673098153218304,233,2.41413780153888e-10,846176134
777,-1.09383900991545,0.142450720595211,0.334928229665072,0.253336333455158,0.442798383858489,0.665071770334928,0.557201616141511,0.746663666544842,200,1.60687665206151e-14,234761440
278,-0.666751437794122,0.15747000965724,0.51337359792925,0.377046413881682,0.698992063967822,0.48662640207075,0.301007936032178,0.622953586118318,180,2.29419102061512e-05,604098889
778,-0.946514295158594,0.130193414484808,0.38809144072302,0.300686014892876,0.500904461473301,0.61190855927698,0.499095538526699,0.699313985107124,245,3.59320501358648e-13,840397477
279,-0.892264563826944,0.1441815146135,0.409726848767488,0.308863718536623,0.543528036884107,0.590273151232512,0.456471963115893,0.691136281463377,202,6.07467277799369e-10,861026128
779,-0.897533227538001,0.141665584057302,0.407573812580231,0.30875948522382,0.538012338570805,0.592426187419769,0.461987661429195,0.69124051477618,209,2.36454564247077e-10,695522499
280,-0.956102986008897,0.137580023094957,0.384387936132466,0.293536033283371,0.503359276854231,0.615612063867534,0.496640723145769,0.706463966716629,219,3.66760400774499e-12,578905109
780,-1.02847590647908,0.137366536038692,0.357551487414188,0.27315677812229,0.46802084513848,0.642448512585812,0.53197915486152,0.72684322187771,217,7.04162923541086e-14,180043974
281,-1.03321438809902,0.140595155372799,0.355861244019139,0.270150564522657,0.468765353937391,0.644138755980861,0.531234646062609,0.729849435477343,207,1.9990150866348e-13,247835094
781,-0.905438407045115,0.141885974975505,0.404364569961489,0.306196015705622,0.534006639711928,0.595635430038511,0.465993360288072,0.693803984294378,208,1.75417770924775e-10,259369864
282,-0.879812523271746,0.138662873388525,0.414860681114551,0.316134740873632,0.544417814566056,0.585139318885449,0.455582185433944,0.683865259126368,219,2.22460962540067e-10,986030927
782,-0.974718181417408,0.14300893021884,0.377298668357641,0.285072845218805,0.499361084480659,0.622701331642359,0.500638915519341,0.714927154781195,202,9.3750142649028e-12,226664123
283,-0.753079521282619,0.143216046224691,0.470914127423823,0.355660799089031,0.623515765514062,0.529085872576177,0.376484234485938,0.644339200910969,212,1.45356851841561e-07,528619669
783,-0.929535958624176,0.144337567322078,0.394736842105263,0.297472828127885,0.523803049494823,0.605263157894737,0.476196950505177,0.702527171872115,200,1.19462458667173e-10,108244771
284,-0.843880514045681,0.140206307010677,0.430038510911425,0.326710825116971,0.566045281177032,0.569961489088575,0.433954718822968,0.673289174883029,216,1.75662230286129e-09,144094191
784,-0.841830378205069,0.141892874358203,0.430921052631579,0.326300905083335,0.569085009291297,0.569078947368421,0.430914990708703,0.673699094916665,211,2.97704995816966e-09,574101844
285,-0.726595114627486,0.138934232898605,0.483552631578947,0.36828388656554,0.634899206933708,0.516447368421053,0.365100793066292,0.63171611343446,227,1.69714243840044e-07,624319966
785,-0.677700017945531,0.146231929117447,0.507783543365456,0.381246423378986,0.676318808783847,0.492216456634544,0.323681191216153,0.618753576621014,208,3.57941502191186e-06,458351652
286,-0.518621245748447,0.153752461442477,0.595340811044003,0.440444633024471,0.804711091291332,0.404659188955997,0.195288908708668,0.559555366975529,199,0.000743290284103936,371763008
786,-0.973211022126838,0.147475707342718,0.377867746288799,0.283014230793681,0.504511851877394,0.622132253711201,0.495488148122606,0.716985769206319,190,4.13584022718285e-11,199690425
287,-1.20851691962322,0.145385505331491,0.298639858072147,0.224592579951884,0.397100228549219,0.701360141927853,0.602899771450781,0.775407420048116,190,9.37071593857845e-17,415146602
787,-0.841186788792886,0.13928795337237,0.431198478123019,0.328182257804813,0.566551430230548,0.568801521876982,0.433448569769452,0.671817742195187,219,1.54887201477803e-09,668369545
288,-0.93731809906623,0.13942885993705,0.391676866585067,0.298020309251489,0.514766152022339,0.608323133414933,0.485233847977661,0.701979690748511,214,1.78566007749093e-11,85599684
788,-0.913787601656036,0.140418168025339,0.401002506265664,0.304524981617446,0.528045381292724,0.598997493734336,0.471954618707276,0.695475018382554,212,7.63524821472066e-11,982674526
289,-0.54926109934457,0.147404525685963,0.577376276512176,0.432501856191453,0.770779038070755,0.422623723487824,0.229220961929245,0.567498143808547,214,0.000194375866436791,555456881
789,-0.858918391410222,0.14060895965097,0.423620025673941,0.321580657450434,0.558037064712607,0.576379974326059,0.441962935287393,0.678419342549566,214,1.00533506235081e-09,453332997
290,-1.06015614104124,0.134000073218481,0.34640171858217,0.266390644686637,0.45044431187827,0.65359828141783,0.54955568812173,0.733609355313363,227,2.54084009846389e-15,664139123
790,-1.1273617019541,0.141129665283866,0.323886639676113,0.245619727297902,0.427093363040228,0.676113360323887,0.572906636959772,0.754380272702098,203,1.37004179228678e-15,265746946
291,-0.496671876327896,0.149605336543007,0.608552631578948,0.453893382945395,0.815910342200813,0.391447368421052,0.184089657799187,0.546106617054605,212,0.000900559085604615,46468097
791,-1.06005802005799,0.149243467093862,0.346435709526982,0.258574909816405,0.464150605024591,0.653564290473018,0.535849394975409,0.741425090183595,183,1.22185965905422e-12,699300972
292,-1.04460528840896,0.137839205322811,0.351830663615561,0.268537377407738,0.46095935342444,0.648169336384439,0.53904064657556,0.731462622592262,215,3.49751364611097e-14,781791889
792,-1.11185751541813,0.136930639395741,0.328947368421053,0.251519027305494,0.430211472866856,0.671052631578947,0.569788527133144,0.748480972694506,216,4.66724737004211e-16,856083331
293,-0.733421079697885,0.139101815413976,0.480263157894737,0.365658431683368,0.630787316373858,0.519736842105263,0.369212683626142,0.634341568316632,226,1.34542205844458e-07,536726551
793,-0.871428327816896,0.144516535237419,0.418353576248313,0.315159779562014,0.55533645506093,0.581646423751687,0.44466354493907,0.684840220437986,202,1.64004472017424e-09,171622993
294,-0.853550051646253,0.145903995988408,0.425900277008311,0.319973650430297,0.566893698002392,0.57409972299169,0.433106301997608,0.680026349569703,199,4.91336577828886e-09,763106801
794,-0.755689028821193,0.140536210327934,0.469686875416389,0.356602009077724,0.61863297267719,0.530313124583611,0.38136702732281,0.643397990922276,220,7.56599404390458e-08,7918805
295,-1.04469087187429,0.135647821741231,0.35180055401662,0.269670154429349,0.458944483746442,0.64819944598338,0.541055516253558,0.730329845570651,222,1.3448459514516e-14,441564167
795,-0.816795335668727,0.140351773042443,0.441845354126056,0.335585082371521,0.581752071883357,0.558154645873944,0.418247928116643,0.664414917628479,217,5.8978171480396e-09,41299833
296,-1.19721736436929,0.145823957112901,0.302033492822967,0.226949655418894,0.401958005260961,0.697966507177033,0.598041994739039,0.773050344581106,189,2.21154687540971e-16,784801319
796,-0.874185863541011,0.141022798336432,0.417201540436457,0.316451442534711,0.550027909332284,0.582798459563543,0.449972090667716,0.683548557465289,212,5.68600667147018e-10,645255058
297,-0.767480099289805,0.147522556307623,0.464181286549707,0.34762916105026,0.619810680243219,0.535818713450293,0.380189319756781,0.65237083894974,199,1.96668408538484e-07,815125317
797,-0.739834294532599,0.143827238351852,0.47719298245614,0.359971469630792,0.6325866400994,0.52280701754386,0.3674133599006,0.640028530369208,211,2.6907922670375e-07,870728886
298,-1.02717442818809,0.142038429764785,0.358017135862913,0.271019464773938,0.472941195121898,0.641982864137087,0.527058804878102,0.728980535226062,203,4.77105795856057e-13,412078552
798,-0.635119853991051,0.14221435541646,0.529871977240398,0.400975532922916,0.700203102713062,0.470128022759602,0.299796897286938,0.599024467077084,223,7.97203718451769e-06,880679202
299,-0.905438407045115,0.141885974975505,0.404364569961489,0.306196015705622,0.534006639711929,0.595635430038511,0.465993360288071,0.693803984294378,208,1.75417770924777e-10,125247127
799,-1.16948662825477,0.135921213488078,0.310526315789473,0.237904175240362,0.405316942001379,0.689473684210526,0.594683057998621,0.762095824759638,218,7.68837930801226e-18,961176649
300,-0.949338585920356,0.140587004694581,0.386996904024768,0.293791762970106,0.509771282253392,0.613003095975232,0.490228717746608,0.706208237029894,210,1.45142162651941e-11,688332740
800,-1.07181001428885,0.137902686658443,0.342388228636107,0.261297855505291,0.448643938856196,0.657611771363893,0.551356061143804,0.738702144494709,214,7.71223702618471e-15,10989384
301,-0.971035689530929,0.14376960120003,0.378690629011553,0.285698297173288,0.501951162887694,0.621309370988447,0.498048837112306,0.714301702826712,200,1.43714768104279e-11,710864164
801,-1.00511863979018,0.14056569883788,0.366001209921355,0.277864318613507,0.48209459326162,0.633998790078645,0.51790540673838,0.722135681386493,208,8.64462056235049e-13,450009084
302,-0.808391575265087,0.134443466804393,0.445574162679426,0.342358814002077,0.579907180208503,0.554425837320574,0.420092819791497,0.657641185997923,237,1.8226312659526e-09,648547624
802,-0.796004565999654,0.150396301907974,0.451127819548872,0.335955724122319,0.60578312842445,0.548872180451128,0.39421687157555,0.664044275877681,190,1.2051452040701e-07,850062458
303,-1.14084505229138,0.136409101537595,0.319548872180451,0.244582652913084,0.417492739144035,0.680451127819549,0.582507260855965,0.755417347086916,217,6.09317370656345e-17,291670519
803,-0.815876640151654,0.148840020515544,0.442251461988304,0.330351605731496,0.592055108064955,0.557748538011696,0.407944891935045,0.669648394268504,193,4.21573481106979e-08,387443114
304,-0.956102986008897,0.137580023094957,0.384387936132466,0.293536033283371,0.503359276854231,0.615612063867534,0.496640723145769,0.706463966716629,219,3.66760400774491e-12,108062077
804,-0.96305865066282,0.136252591061344,0.381723539618276,0.292260771565171,0.498571395395817,0.618276460381724,0.501428604604183,0.707739228434829,223,1.56972111211603e-12,579896211
305,-0.803609165384872,0.143598749232107,0.44771018455229,0.337882342874138,0.593237301620439,0.55228981544771,0.406762698379561,0.662117657125862,208,2.19084709285186e-08,543290804
805,-0.946343076940557,0.144826020722289,0.388157894736842,0.292235042165503,0.515566340470593,0.611842105263158,0.484433659529407,0.707764957834497,198,6.38888374105147e-11,25146028
306,-0.91836265802605,0.136540698950976,0.399172087522176,0.305447455457074,0.521655533906402,0.600827912477824,0.478344466093598,0.694552544542926,224,1.74479042252012e-11,864876367
806,-0.989255193325798,0.136241964591349,0.371853546910755,0.284709892810839,0.485670023563175,0.628146453089245,0.514329976436825,0.715290107189161,222,3.84191229887527e-13,975836945
307,-0.863492546307185,0.139882056642797,0.421686746987952,0.320569448082261,0.554699500058566,0.578313253012048,0.445300499941434,0.679430551917739,216,6.70043611691207e-10,954334455
807,-1.01866373852018,0.141783226279611,0.361077111383109,0.273472624424927,0.476744905048296,0.638922888616891,0.523255094951704,0.726527375575073,204,6.73765034502229e-13,110713542
308,-0.941096781025252,0.13873064140475,0.390199637023593,0.297302885978654,0.512123372876628,0.609800362976407,0.487876627123372,0.702697114021346,216,1.17196516076612e-11,965789848
808,-1.07938092674022,0.131253704182547,0.339805825242718,0.262728668048867,0.439495239428565,0.660194174757282,0.560504760571435,0.737271331951133,236,1.97446752742863e-16,756817743
309,-0.769367206471355,0.148608569822568,0.463306152705708,0.346236001521166,0.619960345521269,0.536693847294292,0.380039654478731,0.653763998478834,196,2.25314480723192e-07,542765891
809,-0.873365687157121,0.147433695896318,0.417543859649123,0.312756476623408,0.557439694336414,0.582456140350877,0.442560305663586,0.687243523376592,194,3.14612516447976e-09,796638569
310,-0.854252898203627,0.14134803431904,0.425601039636127,0.322616826782718,0.561459384328231,0.574398960363873,0.438540615671769,0.677383173217282,212,1.50700208961876e-09,310997796
810,-0.806357599649556,0.133635592635995,0.446481371969249,0.343599498551648,0.580168528638229,0.553518628030751,0.419831471361771,0.656400501448352,240,1.59946849714549e-09,862960331
311,-0.826881804564093,0.147117622405805,0.437411095305832,0.327840835508161,0.58360169196154,0.562588904694168,0.41639830803846,0.672159164491839,197,1.90351598985626e-08,904021278
811,-0.53215496891597,0.144866352499703,0.587337909992373,0.442158085040164,0.780186616926553,0.412662090007627,0.219813383073447,0.557841914959836,223,0.000239325548706307,404430158
312,-0.543873477812192,0.146193532653435,0.580495356037151,0.43587161649017,0.773105762412724,0.419504643962849,0.226894237587276,0.56412838350983,218,0.00019904190571507,322568521
812,-1.00511863979018,0.14056569883788,0.366001209921355,0.277864318613507,0.482094593261621,0.633998790078645,0.517905406738379,0.722135681386493,208,8.64462056235071e-13,246732643
313,-0.832909122935104,0.152527648170173,0.434782608695652,0.322433675908132,0.586278453364954,0.565217391304348,0.413721546635046,0.677566324091868,183,4.74236449993238e-08,724130483
813,-0.956102986008897,0.137580023094957,0.384387936132466,0.293536033283371,0.503359276854231,0.615612063867534,0.496640723145769,0.706463966716629,219,3.66760400774496e-12,777643509
314,-0.853162979839602,0.138772126481608,0.426065162907268,0.32460333499001,0.559241090510619,0.573934837092732,0.440758909489381,0.67539666500999,220,7.84947418657049e-10,101433409
814,-0.856001874578027,0.139681349310925,0.424857324032974,0.323106823172574,0.558650368358364,0.575142675967026,0.441349631641636,0.676893176827426,217,8.88523169226521e-10,102699558
315,-0.854775883415067,0.148906703731622,0.425378514780101,0.317706378819552,0.569541227056373,0.574621485219899,0.430458772943627,0.682293621180448,191,9.44837488536407e-09,511112441
815,-1.10219560450639,0.131913022713397,0.332141032192131,0.256470821259141,0.430137294855027,0.667858967807869,0.569862705144973,0.743529178740859,233,6.51714384770947e-17,892187113
316,-0.998528830111127,0.142014320522136,0.368421052631579,0.278908423109464,0.48666178851432,0.631578947368421,0.51333821148568,0.721091576890536,204,2.04788102073903e-12,504990100
816,-0.829065428260541,0.139814388154131,0.436456996148909,0.331841911529286,0.574052592119658,0.563543003851091,0.425947407880342,0.668158088470714,218,3.03382244961651e-09,59231796
317,-0.955511445027436,0.136043404793017,0.384615384615385,0.294595627048285,0.502142532002332,0.615384615384615,0.497857467997668,0.705404372951715,224,2.1625755608407e-12,863560426
817,-0.857215297044549,0.142309303953853,0.424342105263158,0.321057062305387,0.560854263744217,0.575657894736842,0.439145736255783,0.678942937694613,209,1.70572419102535e-09,663381968
318,-0.96030761729093,0.138477927374786,0.382775119617225,0.291790451087088,0.502130181615338,0.617224880382775,0.497869818384662,0.708209548912912,216,4.06985676356425e-12,836573956
818,-1.01433249528425,0.145067844403898,0.362644415917844,0.272897163393105,0.481906703467467,0.637355584082156,0.518093296532533,0.727102836606895,195,2.70753556703042e-12,143374577
319,-0.837598463298489,0.133670744272752,0.432748538011696,0.333008152320057,0.562362500276787,0.567251461988304,0.437637499723213,0.666991847679943,238,3.70127769489042e-10,616644545
819,-0.965467967850239,0.141048882270488,0.380804953560372,0.288829509590776,0.502069240991253,0.619195046439628,0.497930759008747,0.711170490409224,208,7.65199368937845e-12,836470661
320,-0.95032672829325,0.14404527192466,0.386614684860299,0.291518948052468,0.512731386924208,0.613385315139701,0.487268613075792,0.708481051947532,200,4.18382723342806e-11,269892586
820,-0.881907909634921,0.141234060845128,0.413992297817715,0.313887203453247,0.546022968655108,0.586007702182285,0.453977031344892,0.686112796546753,211,4.25701019518377e-10,968919790
321,-0.656668971957535,0.148891131019381,0.518575851393189,0.387325355846031,0.694302372899832,0.481424148606811,0.305697627100168,0.612674644153969,202,1.03181358161937e-05,778174232
821,-0.818784594331473,0.146894620904159,0.440967283072546,0.330650695699963,0.588089325893424,0.559032716927454,0.411910674106576,0.669349304300037,198,2.49014362788733e-08,47677908
322,-0.876135181897061,0.143729704151496,0.416389073950699,0.314163972003332,0.551876969850898,0.583610926049301,0.448123030149102,0.685836027996668,204,1.08949994420671e-09,324178084
822,-1.07084949169075,0.143375306142432,0.342717258261934,0.258758540547006,0.453917845039168,0.657282741738066,0.546082154960832,0.741241459452994,198,8.08951060555294e-14,686274283
323,-0.941958478622733,0.143801990085926,0.389863547758285,0.294108891755547,0.51679357588756,0.610136452241715,0.48320642411244,0.705891108244453,201,5.73887229024069e-11,448623181
823,-0.765648103519059,0.146460124621876,0.465032444124009,0.348992560736142,0.61965554117198,0.534967555875991,0.38034445882802,0.651007439263858,202,1.71641139108568e-07,396580181
324,-0.816207273317173,0.145841836513983,0.442105263157894,0.332188725814701,0.58839162356443,0.557894736842106,0.41160837643557,0.667811274185299,201,2.18692621419864e-08,44243482
824,-0.781273421422139,0.146876294524496,0.457822638788753,0.343301685485487,0.610546284650729,0.542177361211247,0.389453715349271,0.656698314514513,200,1.04189283712188e-07,643831030
325,-0.985950047904267,0.146924467954408,0.373084610259827,0.279733836021731,0.497587736944036,0.626915389740173,0.502412263055964,0.720266163978269,191,1.93837395304019e-11,380519654
825,-0.706392407309966,0.1459325058927,0.493421052631579,0.370680466771785,0.656803789259141,0.506578947368421,0.343196210740859,0.629319533228215,207,1.294855595477e-06,445678328
326,-1.07263680226485,0.133012434371997,0.342105263157895,0.26359633419929,0.443997111856072,0.657894736842105,0.556002888143928,0.73640366580071,230,7.37263864301043e-16,95610352
826,-0.916632553788268,0.146744749621456,0.399863294600137,0.299917759182427,0.533114993938124,0.600136705399863,0.466885006061876,0.700082240817573,194,4.19908089727962e-10,838504124
327,-0.689106771022941,0.153131092500506,0.502024291497976,0.371859867020291,0.677750979888056,0.497975708502024,0.322249020111944,0.628140132979709,189,6.79182853690739e-06,134119193
827,-0.699841143822745,0.146789623572813,0.496664195700519,0.372490584001756,0.662232372804571,0.503335804299481,0.337767627195429,0.627509415998244,205,1.8638976801854e-06,41732979
328,-0.792676775906979,0.145207683425547,0.452631578947368,0.340520957634415,0.601652678541867,0.547368421052632,0.398347321458133,0.659479042365585,204,4.7904605635989e-08,869451350
828,-0.86026183274077,0.14329076593958,0.423051299133911,0.319465314363792,0.560224830840585,0.576948700866089,0.439775169159415,0.680534685636208,206,1.92978271916233e-09,834901335
329,-1.14753811043797,0.137318195817788,0.317417254476397,0.242518610149936,0.415447348049057,0.682582745523603,0.584552651950943,0.757481389850064,214,6.44527098629773e-17,747219548
829,-0.972095573042972,0.13290238328967,0.37828947368421,0.291539592889749,0.490852458432272,0.62171052631579,0.509147541567728,0.708460407110251,234,2.58615363920806e-13,576844582
330,-0.941958478622732,0.143801990085926,0.389863547758285,0.294108891755547,0.51679357588756,0.610136452241715,0.48320642411244,0.705891108244453,201,5.73887229024077e-11,43508477
830,-0.994074479761747,0.133506831584829,0.370065789473684,0.284864098058946,0.480750959745172,0.629934210526316,0.519249040254828,0.715135901941054,231,9.63077842818189e-14,809624260
331,-0.83742066971637,0.145457535881147,0.432825484764543,0.325461142830813,0.575607578318642,0.567174515235457,0.424392421681358,0.674538857169187,201,8.55465290925358e-09,218356279
831,-0.730046598207855,0.141701134613438,0.481886534518114,0.365030006708422,0.636152173471496,0.518113465481886,0.363847826528504,0.634969993291578,218,2.57700214272517e-07,702858945
332,-1.17943695910793,0.135556506206793,0.30745179781136,0.235717121845515,0.401017148170462,0.69254820218864,0.598982851829538,0.764282878154485,219,3.29833197323368e-18,344607795
832,-0.98963988269388,0.14611487784971,0.37171052631579,0.279146155109566,0.494969079261471,0.62828947368421,0.505030920738529,0.720853844890434,193,1.26116180264856e-11,828500834
333,-0.845836939747529,0.138578613013579,0.429197994987469,0.327114168367317,0.563139529604271,0.570802005012531,0.436860470395729,0.672885831632683,221,1.0366574126064e-09,986371640
833,-0.906005461213982,0.14020235339006,0.404135338345864,0.307033927520105,0.531945681114448,0.595864661654136,0.468054318885552,0.692966072479895,213,1.03241159417101e-10,95562132
334,-1.01433249528425,0.145067844403898,0.362644415917843,0.272897163393105,0.481906703467467,0.637355584082157,0.518093296532533,0.727102836606895,195,2.70753556703038e-12,783942491
834,-0.916957176417316,0.144884647870944,0.399733510992672,0.300915474839082,0.531002534502342,0.600266489007328,0.468997465497658,0.699084525160918,199,2.46951187095414e-10,691039994
335,-0.933659675808037,0.143562327333057,0.39311241065627,0.296699135051862,0.520855469918953,0.60688758934373,0.479144530081047,0.703300864948138,202,7.84648607059277e-11,131841204
835,-0.944461608840851,0.136491421378338,0.388888888888889,0.297607468985365,0.508167918019126,0.611111111111111,0.491832081980874,0.702392531014635,223,4.53024463614048e-12,693851931
336,-0.752716478984204,0.138716367889458,0.471085120207927,0.358941604920257,0.618265443290197,0.528914879792073,0.381734556709803,0.641058395079743,226,5.75345701086204e-08,383131264
836,-0.761399036822178,0.148394794251204,0.467012601927354,0.349152150994893,0.624658246376225,0.532987398072647,0.375341753623775,0.650847849005107,197,2.88358152259839e-07,460240886
337,-0.925429176671522,0.143326202527202,0.396361273554256,0.299289672070802,0.524917074774256,0.603638726445744,0.475082925225744,0.700710327929198,203,1.06937353216388e-10,411221905
837,-1.08610501931572,0.139083217874191,0.337528604118993,0.256993851832691,0.443300716285945,0.662471395881007,0.556699283714055,0.743006148167309,210,5.7629788175225e-15,103872199
338,-0.656038521164351,0.145696136401119,0.518902891030393,0.390004227100801,0.690403312603343,0.481097108969607,0.309596687396657,0.609995772899199,211,6.70684136377724e-06,800377568
838,-0.958765596939113,0.144292256515964,0.383365821962314,0.288929309973239,0.508668897116921,0.616634178037686,0.491331102883079,0.711070690026761,199,3.04023471001515e-11,198738977
339,-0.845836939747529,0.138578613013579,0.429197994987469,0.327114168367317,0.563139529604271,0.570802005012531,0.436860470395729,0.672885831632683,221,1.03665741260641e-09,755331176
839,-0.85669863467191,0.146961886729435,0.424561403508772,0.318307099739173,0.566284526788879,0.575438596491228,0.433715473211121,0.681692900260827,196,5.56292599266508e-09,271253481
340,-0.976223072596828,0.133713338795374,0.376731301939058,0.289877632806884,0.489608227052306,0.623268698060942,0.510391772947694,0.710122367193116,231,2.85922928955405e-13,435243706
840,-0.78845736036427,0.143198498551068,0.454545454545454,0.343310065138445,0.60182205891521,0.545454545454546,0.39817794108479,0.656689934861555,210,3.66985000998801e-08,61740241
341,-0.893168314453301,0.142415543238786,0.409356725146199,0.30965464526729,0.541160712372888,0.590643274853801,0.458839287627112,0.69034535473271,207,3.57437377143179e-10,668010466
841,-0.947235535723576,0.132925441275472,0.387811634349031,0.298864611270929,0.503230754209727,0.612188365650969,0.496769245790273,0.701135388729071,235,1.03277824971544e-12,479498400
342,-0.955511445027436,0.136043404793017,0.384615384615385,0.294595627048285,0.502142532002332,0.615384615384615,0.497857467997668,0.705404372951715,224,2.16257556084071e-12,244787741
842,-0.755689028821193,0.140536210327934,0.469686875416389,0.356602009077724,0.61863297267719,0.530313124583611,0.38136702732281,0.643397990922276,220,7.56599404390451e-08,119574603
343,-0.773623163803517,0.139240556298305,0.46133853151397,0.351154268971104,0.606096122035129,0.53866146848603,0.393903877964871,0.648845731028896,223,2.75996985009228e-08,287739352
843,-0.973021070563914,0.134334304202919,0.377939529675252,0.290453591684418,0.491776628626946,0.622060470324748,0.508223371373054,0.709546408315582,229,4.37959212861009e-13,345447271
344,-0.929535958624176,0.14085904247883,0.394736842105263,0.299507862771031,0.520244019885231,0.605263157894737,0.479755980114769,0.700492137228969,210,4.13798881108694e-11,483299529
844,-0.789084123155078,0.137117882262074,0.454260651629073,0.347208354486214,0.594319626680134,0.545739348370927,0.405680373319866,0.652791645513787,229,8.67514171779298e-09,510959672
345,-1.1218078462713,0.133794581743937,0.32569046378322,0.25056412384154,0.423341843888281,0.67430953621678,0.576658156111719,0.74943587615846,226,5.09186016042622e-17,251395647
845,-0.985327318252591,0.140799958432749,0.373317013463893,0.283288301747698,0.491956751061757,0.626682986536107,0.508043248938243,0.716711698252302,208,2.59520941960076e-12,10796961
346,-0.783629348572,0.134598549162889,0.456745311554749,0.350835559304607,0.594626952982599,0.543254688445251,0.405373047017401,0.649164440695393,238,5.815635283395e-09,823122303
846,-0.838564180418448,0.151596063497913,0.432330827067669,0.321201378541043,0.581908909862079,0.567669172932331,0.418091090137921,0.678798621458957,185,3.17377833548886e-08,751192764
347,-0.82154732056008,0.145023827327396,0.439750692520776,0.330949726435279,0.584320385018719,0.560249307479225,0.415679614981281,0.669050273564721,203,1.47099413088676e-08,736742935
847,-0.845082127785662,0.136148839148421,0.429522081064731,0.32892387135393,0.560887287878424,0.570477918935269,0.439112712121576,0.67107612864607,229,5.3989747811102e-10,647214114
348,-0.947235535723576,0.148615161315555,0.387811634349031,0.289814012063504,0.5189461429612,0.612188365650969,0.4810538570388,0.710185987936496,188,1.84464017111052e-10,511747003
848,-1.03367621787677,0.138271805859863,0.355696934644303,0.271258245226946,0.466420142213562,0.644303065355697,0.533579857786438,0.728741754773054,214,7.68037714734107e-14,559345524
349,-0.880745794454744,0.142956314809028,0.414473684210526,0.313193201135236,0.548506271146255,0.585526315789474,0.451493728853745,0.686806798864764,206,7.23127397669418e-10,827946448
849,-1.09968697979788,0.135161376757377,0.33297529538131,0.255483254822026,0.433971875814353,0.66702470461869,0.566028124185647,0.744516745177974,222,4.08202146765333e-16,272014382
350,-0.929535958624175,0.134595475537548,0.394736842105263,0.303207392728931,0.513896356922066,0.605263157894737,0.486103643077934,0.696792607271069,230,4.97998673340436e-12,593276511
850,-0.913406576694292,0.142109542108255,0.401155327342747,0.303632812545996,0.530000678471102,0.598844672657253,0.469999321528898,0.696367187454004,207,1.297346355754e-10,573140689
351,-0.8754687373539,0.139368428649322,0.416666666666667,0.31707217866022,0.547544448222169,0.583333333333333,0.452455551777831,0.68292782133978,217,3.3492031103554e-10,931554143
851,-0.778875683736686,0.138521221945968,0.458921694480103,0.349807495088317,0.602071495384385,0.541078305519897,0.397928504615615,0.650192504911683,225,1.87898218937547e-08,524327207
352,-0.816795335668727,0.140351773042443,0.441845354126056,0.335585082371522,0.581752071883357,0.558154645873944,0.418247928116643,0.664414917628478,217,5.89781714803965e-09,979371673
852,-0.877419957485162,0.141979502110464,0.41585445094217,0.314838752462601,0.549280935131887,0.58414554905783,0.450719064868113,0.685161247537399,209,6.41398359624571e-10,72981833
353,-1.01866373852018,0.141783226279611,0.361077111383109,0.273472624424927,0.476744905048296,0.638922888616891,0.523255094951704,0.726527375575073,204,6.7376503450222e-13,440688222
853,-0.840304824896233,0.146503974833502,0.431578947368421,0.323858904116274,0.575128197632515,0.568421052631579,0.424871802367485,0.676141095883726,198,9.71026908843883e-09,563147755
354,-0.983603179894451,0.133916851825005,0.373961218836565,0.287631426831576,0.48620206329407,0.626038781163435,0.51379793670593,0.712368573168424,230,2.05944091099993e-13,98703119
854,-0.641853886172395,0.150755672204676,0.526315789473684,0.391672372082598,0.707244957759978,0.473684210526316,0.292755042240022,0.608327627917402,198,2.06654470936944e-05,411201923
355,-0.839101093183025,0.140941392117845,0.432098765432099,0.327803431103005,0.569577147071638,0.567901234567901,0.430422852928362,0.672196568896995,214,2.62393696057643e-09,866306659
855,-0.915147221172076,0.13421036609175,0.40045766590389,0.307833968377874,0.520950767799407,0.59954233409611,0.479049232200593,0.692166031622126,232,9.1834684041893e-12,549994854
356,-1.01654733561381,0.134135842518312,0.361842105263158,0.278190609102195,0.470647480027539,0.638157894736842,0.529352519972461,0.721809390897805,228,3.49595937619171e-14,967600840
856,-0.807646141015139,0.148612281486578,0.445906432748538,0.333230491960769,0.596681731004182,0.554093567251462,0.403318268995818,0.666769508039231,194,5.49239754751233e-08,765563537
357,-1.02415193499902,0.13435123541886,0.359100877192982,0.275966577200229,0.467279194854116,0.640899122807018,0.532720805145884,0.724033422799771,227,2.47954596727737e-14,681124719
857,-0.961034625683547,0.140099632345236,0.38249694002448,0.290653088320094,0.503362651240668,0.61750305997552,0.496637348759332,0.709346911679906,211,6.9028832616787e-12,816521148
358,-0.957370757617619,0.140816270430658,0.38390092879257,0.291310498325924,0.505920397564615,0.61609907120743,0.494079602435385,0.708689501674076,209,1.05550842806311e-11,597071829
858,-0.699012300012343,0.145745771962137,0.497076023391813,0.373562943957085,0.661426881407712,0.502923976608187,0.338573118592288,0.626437056042915,208,1.61778982024551e-06,279686751
359,-1.07084949169075,0.143375306142432,0.342717258261934,0.258758540547006,0.453917845039168,0.657282741738066,0.546082154960832,0.741241459452994,198,8.08951060555282e-14,348783446
859,-0.907557051905401,0.135489807473099,0.403508771929824,0.309402520388306,0.526237888495458,0.596491228070176,0.473762111504542,0.690597479611694,228,2.107976413513e-11,217275010
360,-0.741226359985599,0.144831626596591,0.476529160739687,0.358763769078836,0.632951431016355,0.523470839260313,0.367048568983645,0.641236230921164,208,3.09040258790092e-07,688132475
860,-0.970027319978913,0.142018395714536,0.379072681704261,0.286969809905763,0.500735941741214,0.62092731829574,0.499264058258786,0.713030190094237,205,8.47411007569546e-12,824873111
361,-0.910117872767074,0.139488399451071,0.402476780185759,0.306202046588312,0.529021802412992,0.597523219814241,0.470978197587008,0.693797953411688,215,6.8144576994976e-11,454603860
861,-0.767391631116171,0.132685273462072,0.464222353636901,0.357918494183489,0.602099073164143,0.535777646363099,0.397900926835857,0.642081505816511,246,7.31413602403277e-09,232063024
362,-0.937504128273352,0.14108423693496,0.391604010025063,0.296999699652144,0.516342948653895,0.608395989974937,0.483657051346105,0.703000300347856,209,3.03226212129195e-11,702597258
862,-1.14209740060785,0.13932059324528,0.319148936170213,0.242886567345764,0.419356428688706,0.680851063829787,0.580643571311294,0.757113432654236,208,2.45191256933159e-16,511336050
363,-0.593063722002963,0.145218577832525,0.552631578947368,0.415743454678203,0.734591630038411,0.447368421052632,0.265408369961589,0.584256545321797,217,4.42787789588621e-05,154826226
863,-0.976055974259069,0.138924959263889,0.376794258373206,0.286979673156337,0.494717662688505,0.623205741626794,0.505282337311495,0.713020326843663,214,2.12876133361781e-12,656181459
364,-0.874785443852768,0.145546330445185,0.416951469583048,0.313470190483461,0.55459349330582,0.583048530416952,0.44540650669418,0.686529809516539,199,1.85114934009633e-09,600971874
864,-1.02262638169019,0.138712625301209,0.359649122807018,0.274035359546196,0.472010224337681,0.640350877192982,0.527989775662319,0.725964640453804,213,1.67751781116774e-13,553100529
365,-0.979660345806745,0.150595908753421,0.375438596491228,0.279480458938777,0.504343453100528,0.624561403508772,0.495656546899472,0.720519541061223,182,7.75769199863564e-11,650069776
865,-0.969760759934685,0.134964346200082,0.379173740803622,0.291042487392279,0.493992224307887,0.620826259196378,0.506007775692113,0.708957512607721,227,6.70545255084044e-13,422301467
366,-0.894850400636285,0.139069994840421,0.408668730650155,0.311167918435053,0.536720277113231,0.591331269349845,0.463279722886769,0.688832081564947,217,1.23853942168711e-10,576785968
866,-0.946777765058681,0.146683894827182,0.387989203778678,0.291046300554594,0.517222249387688,0.612010796221322,0.482777750612312,0.708953699445406,193,1.08544692262297e-10,499731106
367,-1.09137898407459,0.143189601188555,0.335753176043557,0.25359280066555,0.444532316877598,0.664246823956443,0.555467683122402,0.74640719933445,198,2.49939406348603e-14,25968317
867,-1.13336372063909,0.139046575116416,0.321948488241881,0.245148776911453,0.422807857281992,0.678051511758119,0.577192142718008,0.754851223088546,209,3.61032607219856e-16,496336385
368,-1.18928925555095,0.135197994972271,0.304437564499484,0.233570234610468,0.39680668571895,0.695562435500516,0.60319331428105,0.766429765389532,220,1.40962836303923e-18,652135122
868,-0.796004565999653,0.143397247430139,0.451127819548872,0.34059608459003,0.597529797842184,0.548872180451128,0.402470202157816,0.65940391540997,209,2.83967053975562e-08,449865197
369,-0.656038521164352,0.145696136401119,0.518902891030393,0.390004227100801,0.690403312603343,0.481097108969607,0.309596687396657,0.609995772899199,211,6.7068413637772e-06,138108920
869,-0.925325426087832,0.145126114810068,0.396402398401066,0.298266652857661,0.526826783861438,0.603597601598934,0.473173216138562,0.701733347142339,198,1.81762151365619e-10,387109226
370,-0.998528830111127,0.142014320522136,0.368421052631579,0.278908423109464,0.48666178851432,0.631578947368421,0.51333821148568,0.721091576890536,204,2.04788102073906e-12,606289030
870,-0.833521305384587,0.136638795752703,0.434516523867809,0.332429183358446,0.567954376347829,0.565483476132191,0.432045623652171,0.667570816641554,228,1.05948813813033e-09,977269691
371,-0.905438407045115,0.141885974975505,0.404364569961489,0.306196015705622,0.534006639711929,0.595635430038511,0.465993360288071,0.693803984294378,208,1.75417770924777e-10,376375075
871,-0.947235535723577,0.132925441275472,0.38781163434903,0.298864611270928,0.503230754209727,0.61218836565097,0.496769245790273,0.701135388729072,235,1.03277824971542e-12,262134020
372,-0.951514865342951,0.135192354188127,0.386155606407323,0.296269131256499,0.503313158976079,0.613844393592677,0.496686841023921,0.703730868743501,227,1.946973084416e-12,44838593
872,-0.857215297044549,0.142309303953853,0.424342105263158,0.321057062305387,0.560854263744216,0.575657894736842,0.439145736255784,0.678942937694613,209,1.7057241910253e-09,473552034
373,-0.821825265621396,0.137138468018513,0.439628482972136,0.33601088495889,0.575199232203528,0.560371517027864,0.424800767796472,0.66398911504111,227,2.06426404397778e-09,176435252
873,-0.968150794751956,0.138699863439092,0.379784688995215,0.289384932211602,0.498424050253331,0.620215311004785,0.501575949746669,0.710615067788398,215,2.94790278649315e-12,98133258
374,-0.82925159599821,0.142449344125758,0.436375749500333,0.330071104316375,0.576917495235982,0.563624250499667,0.423082504764018,0.669928895683625,210,5.83641117958275e-09,110102024
874,-0.988724830014506,0.140086880830201,0.372050816696915,0.282722318104996,0.489603407090893,0.627949183303085,0.510396592909107,0.717277681895004,210,1.68988727807116e-12,286228608
375,-0.933465236764065,0.140138223326384,0.393188854489164,0.298755099226586,0.517472256355528,0.606811145510836,0.482527743644472,0.701244900773414,212,2.71910806980583e-11,624094170
875,-0.871428327816896,0.144516535237419,0.418353576248313,0.315159779562013,0.55533645506093,0.581646423751687,0.44466354493907,0.684840220437987,202,1.64004472017422e-09,178264144
376,-1.10042881959451,0.143475300907156,0.332728372655778,0.251167497411866,0.440774268609373,0.667271627344223,0.559225731390627,0.748832502588134,197,1.72246427435024e-14,300173441
876,-0.886610913907142,0.146837515945398,0.412049861495845,0.309002115218827,0.549462544094585,0.587950138504155,0.450537455905415,0.690997884781173,195,1.55996616825509e-09,398114782
377,-0.86026183274077,0.14329076593958,0.423051299133911,0.319465314363792,0.560224830840585,0.576948700866089,0.439775169159415,0.680534685636208,206,1.92978271916229e-09,101016165
877,-0.832909122935104,0.152527648170173,0.434782608695652,0.322433675908132,0.586278453364954,0.565217391304348,0.413721546635046,0.677566324091868,183,4.74236449993238e-08,679579171
378,-0.878644351327786,0.1402917694106,0.415345592897907,0.315495403293423,0.546797068162896,0.584654407102092,0.453202931837104,0.684504596706577,214,3.77692438982642e-10,573060009
878,-0.66031594901213,0.135669827359661,0.516688061617459,0.396046391464694,0.674078993702447,0.483311938382541,0.325921006297553,0.603953608535306,243,1.132589978429e-06,602663338
379,-0.852149295008755,0.136332136570508,0.426497277676951,0.326490191317877,0.557137496632323,0.573502722323049,0.442862503367677,0.673509808682123,228,4.09039373175229e-10,141186409
879,-0.980456049051432,0.134539899083565,0.375139977603584,0.288185933208459,0.488330576130585,0.624860022396416,0.511669423869415,0.711814066791541,228,3.15819661369921e-13,309288588
380,-0.955511445027436,0.14694367169868,0.384615384615385,0.288368601945402,0.51298578654152,0.615384615384615,0.48701421345848,0.711631398054599,192,7.89594951450564e-11,59845136
880,-1.01452917145757,0.138476089077507,0.362573099415205,0.276391395337361,0.475627152788494,0.637426900584795,0.524372847211506,0.723608604662639,214,2.36443528912701e-13,544599032
381,-0.82154732056008,0.145023827327396,0.439750692520775,0.330949726435279,0.584320385018718,0.560249307479225,0.415679614981282,0.669050273564721,203,1.47099413088674e-08,757994909
881,-0.963058650662819,0.136252591061344,0.381723539618277,0.292260771565172,0.498571395395818,0.618276460381723,0.501428604604182,0.707739228434828,223,1.56972111211614e-12,826724272
382,-0.846648298818407,0.141143319343757,0.428849902534113,0.325210009783343,0.56551838310894,0.571150097465887,0.43448161689106,0.674789990216657,213,1.99147671223775e-09,838772785
882,-0.995323699162179,0.138693745577705,0.369603784742756,0.28163075502464,0.485056959365882,0.630396215257244,0.514943040634118,0.71836924497536,214,7.15637766695998e-13,627320901
383,-0.83742066971637,0.145457535881147,0.432825484764543,0.325461142830813,0.575607578318642,0.567174515235457,0.424392421681358,0.674538857169187,201,8.55465290925364e-09,262805958
883,-0.767894607067759,0.143598681357295,0.46398891966759,0.350167786014615,0.614807318584445,0.53601108033241,0.385192681415555,0.649832213985384,210,8.91751529699201e-08,269458466
384,-0.992403236684444,0.135596002759075,0.370684776457272,0.284174577963364,0.483530949467592,0.629315223542728,0.516469050532408,0.715825422036636,224,2.50154007879753e-13,512135409
884,-0.730046598207855,0.141701134613438,0.481886534518114,0.365030006708422,0.636152173471496,0.518113465481886,0.363847826528504,0.634969993291578,218,2.57700214272517e-07,209472811
385,-0.765086526596343,0.150630258966823,0.465293668954996,0.34634620588131,0.625091872505726,0.534706331045004,0.374908127494274,0.65365379411869,191,3.7895714610461e-07,126889621
885,-0.799482830375979,0.148387904486866,0.449561403508772,0.33610966816965,0.601308068956721,0.550438596491228,0.398691931043279,0.66389033183035,195,7.13294254446043e-08,402922207
386,-0.979368332372051,0.133101227437807,0.375548245614035,0.289314211503291,0.487485505986543,0.624451754385965,0.512514494013457,0.710685788496709,233,1.86586271534846e-13,110163312
886,-1.07578145894432,0.134454815406655,0.341031149301826,0.262026914161599,0.443856102210927,0.658968850698174,0.556143897789073,0.737973085838401,225,1.23349576891039e-15,236755453
387,-1.22652042373827,0.14057902071086,0.293311403508772,0.222673158118118,0.386358105105105,0.706688596491228,0.613641894894895,0.777326841881882,203,2.66708744752998e-18,650821023
887,-0.786103495016942,0.153447263900191,0.455616653574234,0.337275692045072,0.615480272994125,0.544383346425766,0.384519727005875,0.662724307954928,183,3.0078345416442e-07,463891398
388,-0.945929768399852,0.143037004890455,0.388318356867779,0.293382768194445,0.513974106961021,0.611681643132221,0.486025893038979,0.706617231805555,203,3.76145125644578e-11,580270938
888,-0.787035896016893,0.146034288855797,0.455192034139402,0.341892867922333,0.606037175338316,0.544807965860598,0.393962824661684,0.658107132077667,202,7.0696805223763e-08,50358746
389,-1.07809065294731,0.13384136171715,0.340244550770867,0.261737050939706,0.44230021662442,0.659755449229133,0.55769978337558,0.738262949060294,227,7.94861676830961e-16,311682648
889,-0.845452841413634,0.145679136713623,0.429362880886427,0.322717257570983,0.571250774968373,0.570637119113573,0.428749225031627,0.677282742429017,200,6.49341893099781e-09,418164952
890,-0.802784252985031,0.146458258415464,0.448079658605975,0.336271246072053,0.597063777535788,0.551920341394025,0.402936222464212,0.663728753927947,200,4.22169445802536e-08,539927994
390,-0.662332417515935,0.142863799529413,0.515647226173542,0.389714710419675,0.682273608748653,0.484352773826458,0.317726391251347,0.610285289580325,219,3.55025548166482e-06,52585809
891,-0.84463651483769,0.142864151696838,0.429713524317122,0.324767704743923,0.568571659939648,0.570286475682878,0.431428340060352,0.675232295256077,208,3.37638944590518e-09,664606315
391,-0.970027319978912,0.142018395714536,0.379072681704261,0.286969809905763,0.500735941741214,0.620927318295739,0.499264058258786,0.713030190094237,205,8.47411007569568e-12,878003865
892,-1.10975446522135,0.1375851632241,0.329639889196676,0.251725409615511,0.431670591838819,0.670360110803324,0.568329408161181,0.748274590384489,214,7.26710652684129e-16,525315782
392,-0.857562458999087,0.155514090687448,0.424194815396701,0.312745826003846,0.575359369967189,0.575805184603299,0.424640630032811,0.687254173996154,175,3.50028672571315e-08,665199256
893,-0.952008814476234,0.136699922067032,0.385964912280702,0.295249139491473,0.50455325210576,0.614035087719298,0.49544674789424,0.704750860508527,222,3.30219927909103e-12,731482700
393,-0.96030761729093,0.130558241988492,0.382775119617225,0.296355044297791,0.49439614751674,0.617224880382775,0.50560385248326,0.703644955702209,243,1.90361413185874e-13,831127708
894,-0.733791381498081,0.144640661304238,0.480085348506401,0.361576417979851,0.637436321589303,0.519914651493599,0.362563678410697,0.638423582020149,209,3.9117559414326e-07,511987990
394,-0.900427874466105,0.144412427328401,0.406395736175883,0.306214013505107,0.539353155302878,0.593604263824117,0.460646844697122,0.693785986494893,201,4.51450664581396e-10,87477311
895,-1.19041983792123,0.143966995286512,0.304093567251462,0.229330757033572,0.403229374201134,0.695906432748538,0.596770625798866,0.770669242966428,194,1.35428011271904e-16,151135476
395,-0.933205687513138,0.13543246350758,0.393290919606709,0.301601569688163,0.512854583631703,0.606709080393291,0.487145416368297,0.698398430311837,227,5.55726851867799e-12,762576059
896,-0.78845736036427,0.143198498551068,0.454545454545455,0.343310065138445,0.60182205891521,0.545454545454545,0.39817794108479,0.656689934861555,210,3.66985000998808e-08,998033129
396,-0.814099790977607,0.142045854737531,0.443037974683544,0.335375476172461,0.585262372943339,0.556962025316456,0.414737627056661,0.664624523827539,212,9.96953296681247e-09,553064516
897,-0.781273421422139,0.146876294524496,0.457822638788753,0.343301685485487,0.610546284650729,0.542177361211247,0.389453715349271,0.656698314514513,200,1.04189283712187e-07,415973300
397,-0.773317025732859,0.150854951576788,0.461479786422578,0.343356058877105,0.620241256184889,0.538520213577422,0.379758743815111,0.656643941122895,190,2.95603051231322e-07,604211400
398,-0.662615877620824,0.143845879704768,0.5155010814708,0.388855052234314,0.68339439971436,0.4844989185292,0.31660560028564,0.611144947765686,216,4.09642212291293e-06,868438833
898,-1.01764322613444,0.144291796725258,0.36144578313253,0.272409194670209,0.479583863909037,0.63855421686747,0.520416136090963,0.727590805329791,197,1.75509775609388e-12,350719141
899,-0.856510823609285,0.135668308353248,0.424641148325359,0.325492512124107,0.553991560894418,0.575358851674641,0.446008439105582,0.674507487875893,230,2.7319812282734e-10,383401004
399,-0.858524922980987,0.145091450897913,0.423786739576213,0.318893227835153,0.563182861736645,0.576213260423787,0.436817138263355,0.681106772164847,201,3.27608493192531e-09,341360920
900,-0.989255193325798,0.136241964591349,0.371853546910755,0.284709892810839,0.485670023563175,0.628146453089245,0.514329976436825,0.715290107189161,222,3.84191229887524e-13,880440201
400,-1.01936291701397,0.133521816002486,0.360824742268041,0.277742496111055,0.468759719725209,0.639175257731959,0.531240280274791,0.722257503888945,230,2.26822224170474e-14,478015993
901,-1.02415193499903,0.13435123541886,0.359100877192982,0.275966577200229,0.467279194854116,0.640899122807018,0.532720805145884,0.724033422799771,227,2.47954596727733e-14,903561026
401,-0.887303195000903,0.138865052773039,0.411764705882353,0.313651212978504,0.540569160885091,0.588235294117647,0.459430839114909,0.686348787021496,218,1.66233689683188e-10,714149828
902,-0.944134758045328,0.134990764128562,0.389016018306636,0.298581666491252,0.506841107418036,0.610983981693364,0.493158892581964,0.701418333508748,228,2.67025569531017e-12,112076926
402,-0.872377544784227,0.154806788031988,0.417956656346749,0.308574098796579,0.566112863217707,0.582043343653251,0.433887136782293,0.691425901203421,176,1.74787575107831e-08,764483768
903,-0.929535958624176,0.136082763511215,0.394736842105263,0.302324820808385,0.515396566178709,0.605263157894737,0.484603433821291,0.697675179191614,225,8.45210835718491e-12,644440372
403,-1.0679382814833,0.134225860541233,0.343716433941998,0.264208653472662,0.447150331410427,0.656283566058002,0.552849668589573,0.735791346527338,226,1.77291588885721e-15,960396849
904,-0.807246380865902,0.139245705724839,0.446084724005135,0.339540193371888,0.586061929854613,0.553915275994865,0.413938070145387,0.660459806628112,221,6.73990059119695e-09,107598598
404,-1.2624303738975,0.14405793340479,0.282965478211658,0.21335907488376,0.375280319823167,0.717034521788342,0.624719680176833,0.78664092511624,193,1.89528739580422e-18,216758188
905,-1.07828121988453,0.14706829781349,0.34017971758665,0.254990296658691,0.453829976174461,0.65982028241335,0.546170023825539,0.745009703341309,188,2.27014132605743e-13,894356590
405,-0.717839793150316,0.137018499854566,0.487804878048781,0.37292009005,0.638082005762366,0.512195121951219,0.361917994237634,0.62707990995,234,1.61449853131153e-07,762207655
906,-0.641853886172395,0.143345544690182,0.526315789473684,0.397402367618887,0.697047458245044,0.473684210526316,0.302952541754956,0.602597632381113,219,7.54625221575067e-06,546891056
406,-0.675755437848076,0.142231800370769,0.508771929824561,0.384995110786408,0.672343282616427,0.491228070175439,0.327656717383573,0.615004889213592,220,2.02327598826161e-06,187459727
907,-0.957370757617619,0.140816270430658,0.38390092879257,0.291310498325924,0.505920397564615,0.61609907120743,0.494079602435385,0.708689501674076,209,1.05550842806309e-11,594622755
407,-0.885263134946187,0.142195973105938,0.412605588044185,0.31224656807786,0.545220952573724,0.587394411955815,0.454779047426276,0.68775343192214,208,4.79546905212254e-10,153572226
908,-1.17012642354211,0.132037730474123,0.310327706057597,0.239568564833728,0.401986317419438,0.689672293942403,0.598013682580562,0.760431435166272,231,7.85485884754982e-19,335857503
408,-0.981861777625916,0.141524445587335,0.374613003095975,0.283868381431416,0.494366091006478,0.625386996904025,0.505633908993522,0.716131618568584,206,3.98382849353921e-12,454372700
909,-1.03534280323384,0.144833574167538,0.355104629042485,0.267346049995214,0.471670696349015,0.644895370957515,0.528329303650985,0.732653950004786,195,8.77312579383741e-13,537550395
409,-1.1187779582627,0.144060793204361,0.326678765880218,0.246317992706686,0.433257087329802,0.673321234119782,0.566742912670198,0.753682007293314,195,8.09953962088274e-15,161734494
910,-1.0395368538385,0.134790966525052,0.353618421052632,0.271519235353857,0.460541911679996,0.646381578947368,0.539458088320004,0.728480764646143,225,1.23653019773213e-14,354480607
410,-0.829065428260541,0.139814388154131,0.436456996148909,0.331841911529286,0.574052592119658,0.563543003851091,0.425947407880342,0.668158088470714,218,3.03382244961651e-09,861356122
911,-1.06015614104124,0.134000073218481,0.34640171858217,0.266390644686637,0.45044431187827,0.65359828141783,0.54955568812173,0.733609355313363,227,2.54084009846385e-15,579584846
411,-0.678758443107846,0.148362901674419,0.507246376811594,0.379255792603279,0.678431000413585,0.492753623188406,0.321568999586415,0.620744207396721,202,4.76248075639264e-06,452762624
912,-0.858076994642031,0.134192633336433,0.423976608187135,0.32592443369318,0.551527120114862,0.576023391812865,0.448472879885138,0.67407556630682,235,1.61213419987349e-10,135468321
412,-0.784954729813068,0.145002210443987,0.456140350877193,0.343298880348276,0.606072526328336,0.543859649122807,0.393927473671664,0.656701119651724,205,6.18396990110473e-08,40221028
413,-0.929535958624176,0.150075056322568,0.394736842105263,0.294146403649205,0.529726600706841,0.605263157894737,0.470273399293159,0.705853596350795,185,5.87280722612449e-10,741620916
913,-0.933374734931341,0.138515560759102,0.393224440411373,0.299733885800305,0.515875808048795,0.606775559588627,0.484124191951205,0.700266114199695,217,1.60128436168901e-11,731058590
414,-0.893168314453302,0.151054494555767,0.409356725146199,0.304455701014208,0.550401677039381,0.590643274853802,0.449598322960619,0.695544298985792,184,3.36160685696464e-09,607575419
914,-0.751552803428819,0.142244120376502,0.471633629528366,0.356883401718852,0.623279982848107,0.528366370471634,0.376720017151893,0.643116598281148,215,1.26709704008726e-07,188863846
915,-0.936808717953256,0.134791822068538,0.391876430205949,0.30089442158477,0.510368838817752,0.608123569794051,0.489631161182248,0.69910557841523,229,3.65179525590919e-12,411075190
916,-0.933560108923901,0.141819282564003,0.393151553582752,0.297744127142851,0.519130790480287,0.606848446417248,0.480869209519713,0.702255872857149,207,4.6184228032343e-11,407300893
416,-0.907063102772117,0.137007458839228,0.403708133971292,0.308635969840489,0.528066309052749,0.596291866028708,0.471933690947251,0.691364030159511,223,3.57893626288041e-11,533652320
917,-0.7486218615981,0.140358403213393,0.473017988007995,0.359256278738644,0.622803358551473,0.526982011992005,0.377196641448527,0.640743721261356,221,9.62607568220195e-08,148009056
417,-0.972095573042972,0.1455872665479,0.37828947368421,0.284380720884142,0.503208956835641,0.62171052631579,0.496791043164359,0.715619279115858,195,2.43775635767732e-11,545585512
918,-1.06471073699243,0.142359343578845,0.344827586206897,0.26087082350687,0.455804380922436,0.655172413793103,0.544195619077564,0.73912917649313,201,7.48694384296344e-14,60291626
418,-1.00649699976031,0.138242942377531,0.365497076023391,0.278747705414901,0.479243810752846,0.634502923976609,0.520756189247154,0.721252294585099,215,3.32241908144714e-13,912410366
919,-1.13058855212419,0.136794150826162,0.322843190450353,0.246917708696054,0.422115230902547,0.677156809549647,0.577884769097453,0.753082291303946,216,1.39824103250448e-16,845054518
419,-1.05516217174158,0.135243049434113,0.348135964912281,0.267072885671306,0.453803648995531,0.651864035087719,0.546196351004469,0.732927114328694,223,6.094829058544e-15,526821753
920,-0.78255376827553,0.140336184257029,0.457236842105263,0.347285651279147,0.601998755227429,0.542763157894737,0.398001244772571,0.652714348720853,219,2.4571721482457e-08,581031017
420,-0.864997437486604,0.138266579713634,0.421052631578947,0.321102480152521,0.552114447933718,0.578947368421053,0.447885552066282,0.678897519847479,221,3.94945352954544e-10,479224882
921,-1.10419464267256,0.131335343326116,0.331477732793522,0.256248606782933,0.428792525810727,0.668522267206478,0.571207474189273,0.743751393217067,235,4.19039647754258e-17,53572250
421,-0.797046775578096,0.140709879114684,0.450657894736842,0.342038125209511,0.593771638656483,0.549342105263158,0.406228361343517,0.657961874790489,217,1.47480353536939e-08,15965988
922,-0.715961858326116,0.141350698482794,0.488721804511278,0.370462098938056,0.644732626871764,0.511278195488722,0.355267373128236,0.629537901061944,220,4.08088474033818e-07,279511614
422,-0.744132735292813,0.146905400046299,0.475146198830409,0.356271560503854,0.633684905816513,0.524853801169591,0.366315094183487,0.643728439496146,202,4.0757102934e-07,841723328
423,-0.899682995474494,0.146254484851053,0.406698564593302,0.305337817069036,0.541707293351267,0.593301435406699,0.458292706648733,0.694662182930964,196,7.67583852809784e-10,337567403
923,-1.0674057528473,0.141630817774751,0.3438995215311,0.260540475206102,0.45392901358518,0.6561004784689,0.54607098641482,0.739459524793898,203,4.82619884291787e-14,896459468
424,-0.915147221172076,0.13421036609175,0.40045766590389,0.307833968377874,0.520950767799407,0.59954233409611,0.479049232200593,0.692166031622126,232,9.18346840418916e-12,71549115
924,-0.933465236764065,0.140138223326384,0.393188854489164,0.298755099226586,0.517472256355528,0.606811145510836,0.482527743644472,0.701244900773414,212,2.71910806980584e-11,457964530
425,-0.996788185633343,0.144536411093707,0.369062901155328,0.278016630307232,0.48992545826725,0.630937098844673,0.51007454173275,0.721983369692768,197,5.33179807678991e-12,830477772
925,-1.01848344464067,0.13561060379861,0.361142217245241,0.27685113279098,0.47109686625439,0.638857782754759,0.52890313374561,0.72314886720902,223,5.89683381605933e-14,557050132
926,-0.890033515647928,0.134280544072869,0.410641989589358,0.315619297685353,0.534272919465192,0.589358010410642,0.465727080534808,0.684380702314647,233,3.39886922067287e-11,115166562
426,-0.697423737327206,0.143723243201412,0.497866287339972,0.375642976321127,0.659857512836308,0.502133712660028,0.340142487163692,0.624357023678873,214,1.21886122043893e-06,126060117
927,-0.855427986470453,0.144072970277383,0.425101214574899,0.320521532958655,0.563803127250003,0.574898785425101,0.436196872749997,0.679478467041345,204,2.89465655842183e-09,579983923
427,-1.17653072576057,0.13682726249212,0.308346624136098,0.235815105485313,0.403187236120671,0.691653375863902,0.596812763879329,0.764184894514687,215,8.06542042022557e-18,252858112
428,-0.912586400310402,0.145684158961812,0.401484480431849,0.30176035443045,0.534164894960657,0.598515519568151,0.465835105039343,0.69823964556955,197,3.7488141217074e-10,63543316
928,-1.09659004328734,0.131114996076398,0.334008097165992,0.258316238656194,0.431879194094838,0.665991902834008,0.568120805905162,0.741683761343807,236,6.08460538619931e-17,118844437
929,-0.798199956563089,0.144395991762296,0.450138504155125,0.339184558317372,0.597387669793089,0.549861495844875,0.402612330206911,0.660815441682628,206,3.24171699053587e-08,997389513
429,-0.576471126909543,0.140863861269382,0.561877667140825,0.426322480879612,0.740534517861298,0.438122332859175,0.259465482138702,0.573677519120388,232,4.26933191786996e-05,814985054
930,-0.648633573157774,0.142535029307284,0.52275960170697,0.395344755056724,0.69123871679446,0.47724039829303,0.30876128320554,0.604655244943276,221,5.34687793867353e-06,860283472
430,-1.00136169319543,0.130357925290369,0.367378843147472,0.284546517718067,0.474323901324644,0.632621156852528,0.525676098675356,0.715453482281933,242,1.5707373455619e-14,984266167
431,-0.814099790977607,0.142045854737531,0.443037974683544,0.335375476172461,0.585262372943339,0.556962025316456,0.414737627056661,0.664624523827539,212,9.96953296681247e-09,263255141
931,-1.23783731827869,0.139511078042558,0.290010741138561,0.220628716372966,0.381211618135685,0.709989258861439,0.618788381864315,0.779371283627034,206,7.14055321017762e-19,398154985
432,-1.04731899428056,0.144337567319449,0.350877192982456,0.264420291670594,0.465602710659665,0.649122807017544,0.534397289340335,0.735579708329406,196,3.98590679390746e-13,605174964
932,-0.898283415120072,0.139989533908593,0.407268170426065,0.309543124730467,0.535845733245158,0.592731829573935,0.464154266754842,0.690456875269533,214,1.39177866713007e-10,207806182
933,-1.0264538558166,0.14456054198754,0.358275206087508,0.269877450057653,0.475627449679938,0.641724793912492,0.524372550320062,0.730122549942347,196,1.24295586840479e-12,964980050
433,-0.848566896090508,0.139483333002844,0.428027901077996,0.325644427775636,0.562601010410847,0.571972098922004,0.437398989589153,0.674355572224364,218,1.1748154598883e-09,909266954
934,-0.906961636585637,0.150423407664634,0.403749098774333,0.300656729661499,0.542190873108406,0.596250901225667,0.457809126891594,0.699343270338501,185,1.64578020961298e-09,569045275
434,-0.833521305384587,0.136638795752703,0.434516523867809,0.332429183358446,0.567954376347829,0.565483476132191,0.432045623652171,0.667570816641554,228,1.0594881381303e-09,642814854
935,-1.17815859523937,0.132281814312316,0.307845084409136,0.237538351842723,0.398961242509655,0.692154915590864,0.601038757490345,0.762461648157277,230,5.27026618617032e-19,998111220
435,-0.628781804605042,0.140183455541973,0.533240997229917,0.405134434994989,0.701855820106412,0.466759002770083,0.298144179893588,0.594865565005011,230,7.27701317202123e-06,752976042
936,-0.54654370636807,0.149591518297261,0.578947368421053,0.431823778273552,0.776196384418024,0.421052631578947,0.223803615581976,0.568176221726448,208,0.000258615044231894,815753885
436,-0.829065428260541,0.139814388154131,0.436456996148909,0.331841911529286,0.574052592119658,0.563543003851091,0.425947407880342,0.668158088470714,218,3.03382244961651e-09,251058879
937,-0.641853886172394,0.151910904977699,0.526315789473685,0.390786544997766,0.708848126413594,0.473684210526315,0.291151873586406,0.609213455002234,195,2.38729147711692e-05,150068323
437,-1.0392868225833,0.136940454862029,0.353706847764572,0.270445364127899,0.462601881008335,0.646293152235428,0.537398118991665,0.729554635872101,218,3.21554423677428e-14,914499890
938,-1.05276859904812,0.138080724703546,0.348970251716247,0.266228092661788,0.457428197623039,0.651029748283753,0.542571802376961,0.733771907338213,214,2.45365874777845e-14,964526163
438,-1.00696769875699,0.142264831072131,0.365325077399381,0.276428897240891,0.482809190750268,0.634674922600619,0.517190809249732,0.723571102759109,203,1.46122040486786e-12,101564246
939,-0.843406804894237,0.159942970293951,0.430242272347535,0.314462871249655,0.588649503132634,0.569757727652465,0.411350496867366,0.685537128750345,166,1.34085731876234e-07,102026619
439,-0.808907970835561,0.14281551177625,0.445344129554656,0.336613049182982,0.589196985114447,0.554655870445344,0.410803014885553,0.663386950817018,210,1.47878898722199e-08,872560758
940,-0.878644351327786,0.1402917694106,0.415345592897908,0.315495403293423,0.546797068162896,0.584654407102092,0.453202931837104,0.684504596706577,214,3.77692438982648e-10,579152360
440,-0.748717031714756,0.145025206389309,0.472972972972973,0.355951350599296,0.628466313686561,0.527027027027027,0.371533686313439,0.644048649400704,207,2.43454354536826e-07,716992240
941,-1.01145308109206,0.139161907011689,0.363690124186872,0.276870495648039,0.47773420610048,0.636309875813128,0.52226579389952,0.723129504351961,212,3.64376801353502e-13,928191589
441,-0.869367437157723,0.137576077340972,0.41921664626683,0.320135289169201,0.548963524025378,0.58078335373317,0.451036475974622,0.679864710830799,223,2.62961765602173e-10,452117385
942,-1.09453273176082,0.131690264087231,0.334695963208993,0.258556534585699,0.433256842523414,0.665304036791007,0.566743157476586,0.741443465414301,234,9.45657862019617e-17,685754154
442,-0.963825032102808,0.13779656398827,0.381431105854524,0.291154468018055,0.4996993159809,0.618568894145476,0.5003006840191,0.708845531981945,218,2.66110629232821e-12,102409579
943,-1.09861228866811,0.130547334408666,0.333333333333333,0.258081368400162,0.430527441015542,0.666666666666667,0.569472558984458,0.741918631599838,238,3.91447749273538e-17,732199112
443,-1.19616462187812,0.141058701031442,0.302351623740202,0.229320521780691,0.398640748191571,0.697648376259798,0.601359251808429,0.770679478219308,202,2.25374624125588e-17,21101619
944,-0.853162979839602,0.138772126481608,0.426065162907268,0.32460333499001,0.559241090510619,0.573934837092732,0.440758909489381,0.67539666500999,220,7.8494741865704e-10,559500212
444,-0.97716400761343,0.140563111391394,0.376376988984088,0.285742951437896,0.495758992912612,0.623623011015912,0.504241007087388,0.714257048562104,209,3.60702324661486e-12,14091195
945,-0.54792206633819,0.148485914635231,0.578149920255184,0.432164441634997,0.773449405107206,0.421850079744816,0.226550594892794,0.567835558365003,211,0.000224200380927255,736841202
445,-0.941096781025251,0.13873064140475,0.390199637023594,0.297302885978654,0.512123372876629,0.609800362976406,0.487876627123371,0.702697114021346,216,1.17196516076614e-11,503282592
946,-1.03022456092126,0.141311107670129,0.356926799758016,0.270579521949622,0.47082920195719,0.643073200241984,0.52917079804281,0.729420478050378,205,3.08872827611502e-13,844350279
446,-0.874185863541011,0.141022798336432,0.417201540436457,0.316451442534711,0.550027909332284,0.582798459563543,0.449972090667716,0.683548557465289,212,5.68600667147008e-10,85723437
947,-0.925527937226638,0.141591640918387,0.396322130627774,0.300279234989249,0.523083893000334,0.603677869372226,0.476916106999666,0.699720765010751,208,6.29330141957815e-11,895809221
447,-1.17677706151745,0.132867945077985,0.308270676691729,0.237593642603678,0.399972023942132,0.691729323308271,0.600027976057868,0.762406357396322,228,8.23871841073905e-19,790606950
948,-1.03534280323384,0.144833574167538,0.355104629042486,0.267346049995214,0.471670696349016,0.644895370957514,0.528329303650984,0.732653950004786,195,8.77312579383792e-13,129700889
448,-0.816207273317173,0.145841836513983,0.442105263157895,0.332188725814701,0.58839162356443,0.557894736842105,0.41160837643557,0.667811274185299,201,2.18692621419869e-08,913990734
949,-0.702072746165449,0.141009094359541,0.495557074504443,0.375894976434264,0.653312306594096,0.504442925495557,0.346687693405904,0.624105023565736,222,6.3940658059761e-07,850351267
449,-0.79714677057843,0.147304548962954,0.450612833453497,0.33761186176939,0.601435994010442,0.549387166546503,0.398564005989558,0.66238813823061,198,6.24795558854229e-08,265116367
950,-0.933205687513137,0.13543246350758,0.393290919606709,0.301601569688163,0.512854583631704,0.606709080393291,0.487145416368296,0.698398430311837,227,5.55726851867813e-12,170183455
450,-0.817057975197486,0.137829461630671,0.441729323308271,0.337159638514339,0.578731178886598,0.558270676691729,0.421268821113402,0.662840361485661,225,3.06579772690611e-09,525819883
951,-0.858918391410222,0.14060895965097,0.423620025673941,0.321580657450434,0.558037064712607,0.576379974326059,0.441962935287393,0.678419342549566,214,1.00533506235080e-09,709804045
451,-0.998528830111127,0.146385010965772,0.368421052631579,0.276529387577697,0.490848633525517,0.631578947368421,0.509151366474483,0.723470612422303,192,9.02514038598227e-12,725449025
952,-0.892264563826944,0.1441815146135,0.409726848767489,0.308863718536623,0.543528036884108,0.590273151232511,0.456471963115892,0.691136281463377,202,6.07467277799376e-10,675134101
452,-0.885263134946188,0.142195973105938,0.412605588044184,0.31224656807786,0.545220952573724,0.587394411955816,0.454779047426276,0.68775343192214,208,4.79546905212245e-10,761966190
953,-1.01961639173122,0.139401134764977,0.36073329390893,0.274490783201798,0.474072418084506,0.63926670609107,0.525927581915494,0.725509216798202,211,2.58800187702256e-13,713563190
453,-0.885475968830145,0.148775680729516,0.412517780938834,0.308180094393392,0.552180113792412,0.587482219061166,0.447819886207588,0.691819905606608,190,2.65287006659147e-09,530915611
954,-0.959516790836111,0.14612966854518,0.383077948034644,0.287674490820066,0.510120705704912,0.616922051965356,0.489879294295088,0.712325509179934,194,5.16150979224946e-11,446692296
454,-0.775385278796917,0.156695792570851,0.460526315789474,0.338746449249064,0.62608623058567,0.539473684210526,0.37391376941433,0.661253550750936,176,7.48460858319869e-07,258477515
955,-0.887303195000903,0.138865052773039,0.411764705882353,0.313651212978504,0.54056916088509,0.588235294117647,0.45943083911491,0.686348787021496,218,1.66233689683185e-10,341351858
455,-1.07103552089788,0.135708019925681,0.34265350877193,0.262627565189483,0.4470643703718,0.65734649122807,0.5529356296282,0.737372434810517,221,2.96893376470256e-15,168671925
956,-1.05662138694287,0.147280254655634,0.347628330084471,0.260465365203281,0.463959788983858,0.65237166991553,0.536040211016142,0.739534634796719,188,7.27190081329855e-13,463026707
456,-0.983157050063273,0.143257701534528,0.374128091312619,0.282539480104185,0.495406265551311,0.625871908687381,0.504593734448689,0.717460519895815,201,6.74970163089575e-12,895386150
957,-0.996888140653667,0.140324531680562,0.369026013309135,0.280293175315245,0.485849141156122,0.630973986690865,0.514150858843878,0.719706824684755,209,1.21055200323713e-12,492811461
457,-1.06859639272784,0.136348201029772,0.343490304709141,0.262938804575103,0.448718817368315,0.656509695290859,0.551281182631685,0.737061195424897,219,4.60481502641149e-15,789622574
958,-1.12417799980617,0.135899022983022,0.324919441460795,0.248942037587773,0.424085238725387,0.675080558539205,0.575914761274613,0.751057962412227,219,1.31557348083785e-16,267141223
458,-1.1869479667732,0.140757272650707,0.30515117581187,0.231580634777244,0.402094243281333,0.69484882418813,0.597905756718667,0.768419365222756,203,3.38105863895236e-17,752501259
959,-1.0975276898633,0.135791603778199,0.333695062398264,0.255719447750779,0.435447501738326,0.666304937601736,0.564552498261674,0.744280552249221,220,6.34828087113397e-16,571553260
459,-1.0036439307779,0.143009686589063,0.366541353383459,0.276944607440018,0.485124317754684,0.633458646616541,0.514875682245316,0.723055392559982,201,2.2504458476216e-12,603702851
960,-0.981861777625916,0.141524445587335,0.374613003095975,0.283868381431416,0.494366091006478,0.625386996904025,0.505633908993522,0.716131618568584,206,3.98382849353922e-12,519871139
460,-0.724091984409367,0.142480706979461,0.484764542936288,0.366649459507485,0.640930065474243,0.515235457063712,0.359069934525757,0.633350540492515,216,3.73411967260346e-07,79267144
961,-0.83422577881985,0.141688946580705,0.43421052631579,0.328923193089942,0.573200020929751,0.56578947368421,0.426799979070249,0.671076806910058,212,3.91544141840259e-09,844654344
461,-1.05836883046714,0.139004835628752,0.347021399652979,0.264262248867364,0.455698278256742,0.652978600347021,0.544301721743258,0.735737751132636,211,2.65947885866128e-14,485955178
962,-0.794879073477918,0.146244758092837,0.451635846372689,0.339081925632067,0.601550605649518,0.548364153627311,0.398449394350482,0.660918074367933,201,5.47149310133169e-08,822318276
462,-0.839679629502314,0.143641960541065,0.431848852901485,0.325884355320203,0.572268747203548,0.568151147098515,0.427731252796452,0.674115644679797,206,5.04615048904967e-09,925458176
963,-1.01433249528425,0.145067844403898,0.362644415917843,0.272897163393105,0.481906703467467,0.637355584082157,0.518093296532533,0.727102836606895,195,2.70753556703038e-12,980882734
463,-0.861713362285415,0.146132186926854,0.422437673130194,0.317230326904383,0.562536342035925,0.577562326869806,0.437463657964075,0.682769673095617,198,3.70601993252629e-09,348844532
964,-0.95737075761762,0.140816270430658,0.38390092879257,0.291310498325924,0.505920397564615,0.61609907120743,0.494079602435385,0.708689501674076,209,1.05550842806308e-11,54464137
464,-0.990160580440611,0.141767553488764,0.371517027863777,0.281388253159108,0.490514086651264,0.628482972136223,0.509485913348736,0.718611746840892,205,2.86086273115807e-12,776619139
965,-0.894029270167265,0.140712937438428,0.409004438807863,0.310422328175393,0.538893680579629,0.590995561192137,0.461106319420371,0.689577671824607,212,2.10376602385812e-10,554373420
465,-1.12678316563481,0.129530136479593,0.324074074074074,0.251413177420689,0.417734689026392,0.675925925925926,0.582265310973608,0.748586822579311,241,3.34809946202176e-18,158359979
966,-0.891508563034936,0.138168714080441,0.410036719706243,0.312761529182148,0.537566471001422,0.589963280293757,0.462433528998578,0.687238470817852,220,1.10151700598198e-10,738141787
466,-0.970027319978913,0.142018395714536,0.37907268170426,0.286969809905763,0.500735941741214,0.62092731829574,0.499264058258786,0.713030190094237,205,8.47411007569531e-12,433712476
967,-0.606762566361125,0.145541286184082,0.545112781954887,0.409827784411349,0.725055636423969,0.454887218045113,0.274944363576031,0.590172215588651,215,3.05930281565842e-05,630289993
467,-0.775385278796918,0.143793920988285,0.460526315789474,0.347421622864662,0.610452757044554,0.539473684210526,0.389547242955446,0.652578377135338,209,6.95471827785539e-08,690565315
968,-1.00443726679729,0.133104041124139,0.366250678241997,0.282150011559585,0.475419294053067,0.633749321758003,0.524580705946933,0.717849988440415,232,4.47946599146715e-14,152756611
468,-0.911678341224169,0.149542873596163,0.401849217638691,0.299758841993215,0.538709025705682,0.598150782361309,0.461290974294318,0.700241158006785,187,1.08460326933389e-09,19894356
969,-0.954945674149544,0.134557160175766,0.384833050367855,0.295622238219086,0.500965277671952,0.615166949632145,0.499034722328048,0.704377761780914,229,1.27538554316543e-12,850229653
469,-1.02717442818809,0.142038429764785,0.358017135862913,0.271019464773938,0.472941195121899,0.641982864137087,0.527058804878101,0.728980535226062,203,4.77105795856064e-13,713862867
970,-0.960307617290929,0.138477927374786,0.382775119617225,0.291790451087088,0.502130181615338,0.617224880382775,0.497869818384662,0.708209548912912,216,4.06985676356443e-12,894558960
470,-0.880745794454744,0.142956314809028,0.414473684210526,0.313193201135236,0.548506271146255,0.585526315789474,0.451493728853745,0.686806798864764,206,7.23127397669418e-10,734816592
471,-1.12502797860787,0.130082865793358,0.324643384161338,0.251582147999913,0.418922120339645,0.675356615838662,0.581077879660355,0.748417852000087,239,5.21585677733253e-18,625957438
971,-0.824175442966349,0.138013111894059,0.43859649122807,0.334647957892446,0.574833575346066,0.56140350877193,0.425166424653934,0.665352042107554,224,2.34767472806423e-09,997129125
972,-0.996546668907135,0.154239680353498,0.369152046783626,0.272845142757421,0.499452664860877,0.630847953216374,0.500547335139123,0.727154857242579,173,1.03995073644106e-10,602122980
472,-1.03131865293412,0.136708434686217,0.356536502546689,0.272732924466281,0.466090692559348,0.643463497453311,0.533909307440652,0.727267075533719,219,4.56021320518712e-14,613443818
973,-0.66383279289117,0.147987029862181,0.51487414187643,0.385242589087076,0.688125844552123,0.48512585812357,0.311874155447877,0.614757410912924,204,7.2657956617735e-06,121467311
473,-0.925622059303039,0.139918568778657,0.396284829721362,0.301237160787637,0.521322355637254,0.603715170278638,0.478677644362746,0.698762839212363,213,3.70463205758593e-11,735788567
974,-0.605748881530278,0.147641731593594,0.545665634674923,0.408558013820579,0.728785080191686,0.454334365325077,0.271214919808314,0.591441986179421,209,4.08127659635497e-05,375146111
474,-0.814099790977607,0.142045854737531,0.443037974683544,0.335375476172461,0.585262372943339,0.556962025316456,0.414737627056661,0.664624523827539,212,9.96953296681247e-09,872194218
475,-1.11421322911059,0.145597624130716,0.328173374613003,0.246700722043957,0.43655228453566,0.671826625386997,0.56344771546434,0.753299277956043,191,1.96820650912124e-14,22663367
975,-0.978326122793607,0.136679620600263,0.37593984962406,0.287591773763855,0.491428418433864,0.62406015037594,0.508571581566136,0.712408226236145,221,8.19788282023505e-13,898947308
976,-1.09383900991545,0.142450720595211,0.334928229665072,0.253336333455158,0.442798383858489,0.665071770334928,0.557201616141511,0.746663666544842,200,1.60687665206151e-14,89925318
476,-1.09165480810061,0.134922502340965,0.335660580021482,0.257664209999323,0.437266879170584,0.664339419978518,0.562733120829416,0.742335790000677,223,5.91882305803244e-16,52228435
977,-0.701277306643195,0.140082953602873,0.495951417004049,0.376877585728597,0.652646422452553,0.504048582995951,0.347353577547447,0.623122414271403,225,5.55273735174774e-07,113309233
477,-0.863577990832378,0.135852254128699,0.421650717703349,0.323083809867385,0.550288570054706,0.578349282296651,0.449711429945294,0.676916190132615,229,2.06075100210551e-10,858776729
478,-0.906546440399476,0.138577287313593,0.403916768665851,0.30784682762688,0.529967312858602,0.596083231334149,0.470032687141398,0.69215317237312,218,6.07782314945425e-11,351929324
978,-1.04100982508729,0.148634417679906,0.353097934710193,0.263862292669318,0.472512196552673,0.646902065289807,0.527487803447327,0.736137707330682,185,2.49062703987899e-12,516311992
979,-0.91755976757746,0.141367254746259,0.399492707672796,0.302814614069721,0.527036728309939,0.600507292327203,0.472963271690061,0.697185385930279,209,8.54893182372338e-11,937033104
479,-1.18396080931947,0.142180728705261,0.306064073226545,0.231626315054478,0.404423896732077,0.693935926773455,0.595576103267923,0.768373684945522,199,8.28090632718031e-17,807299428
980,-0.809469295576654,0.140160440541174,0.445094217024042,0.33817941487377,0.585809937905864,0.554905782975958,0.414190062094136,0.66182058512623,218,7.68138057162196e-09,142696183
480,-1.01754683594689,0.137800620444874,0.361480624638519,0.275923648041745,0.473566665693275,0.638519375361481,0.526433334306725,0.724076351958255,216,1.53376983186042e-13,527529811
981,-0.953290044632283,0.153947691329144,0.385470719051149,0.285069583711469,0.521233003224229,0.614529280948851,0.478766996775771,0.714930416288531,175,5.92931581026282e-10,101287884
481,-0.711812474779305,0.144082928571451,0.490753911806543,0.370015706011001,0.650889673170425,0.509246088193457,0.349110326829575,0.629984293988999,212,7.8003623259119e-07,296657627
482,-0.791385620143359,0.132524428016095,0.453216374269006,0.34954298806149,0.587638971231228,0.546783625730994,0.412361028768772,0.65045701193851,245,2.34908142547039e-09,516768506
982,-0.907063102772118,0.137007458839228,0.403708133971292,0.308635969840489,0.528066309052749,0.596291866028708,0.471933690947251,0.691364030159511,223,3.57893626288028e-11,233162442
983,-1.23390494986097,0.142315433079576,0.291153415453528,0.220283908120546,0.38482298617957,0.708846584546472,0.61517701382043,0.779716091879454,198,4.31317255491705e-18,540638358
483,-0.797046775578096,0.140709879114684,0.450657894736842,0.342038125209512,0.593771638656483,0.549342105263158,0.406228361343517,0.657961874790488,217,1.47480353536943e-08,526088575
984,-0.810752422634209,0.146674856473644,0.44452347083926,0.333460834347873,0.592576685994978,0.55547652916074,0.407423314005022,0.666539165652127,199,3.24735969079643e-08,526334961
484,-0.771311953409282,0.149719055463293,0.462406015037594,0.344812009688282,0.620104047235028,0.537593984962406,0.379895952764972,0.655187990311718,193,2.58096241731421e-07,862809544
985,-1.06929790099933,0.138574523475464,0.34324942791762,0.261610381334515,0.450365039662244,0.65675057208238,0.549634960337756,0.738389618665485,212,1.19651573732171e-14,888141257
485,-0.716974516640503,0.142302822529134,0.488227146814404,0.369397151021243,0.645283122047756,0.511772853185596,0.354716877952244,0.630602848978757,217,4.69508931997403e-07,11067955
486,-0.710846757659346,0.143095039945569,0.491228070175439,0.371091030100608,0.65025828531308,0.508771929824561,0.34974171468692,0.628908969899392,215,6.77674679152355e-07,231792626
986,-0.754649380317739,0.144208251786289,0.470175438596491,0.354413006774975,0.623749520569268,0.529824561403509,0.376250479430732,0.645586993225025,209,1.66733183202038e-07,12719460
987,-1.03928682258329,0.136940454862029,0.353706847764573,0.2704453641279,0.462601881008336,0.646293152235427,0.537398118991664,0.7295546358721,218,3.21554423677452e-14,500682810
487,-0.965467967850239,0.141048882270488,0.380804953560372,0.288829509590776,0.502069240991253,0.619195046439628,0.497930759008747,0.711170490409224,208,7.65199368937845e-12,459628248
988,-0.762140052046896,0.14440266724994,0.466666666666667,0.351634118824771,0.61933062270986,0.533333333333333,0.38066937729014,0.648365881175229,208,1.3068649022859e-07,415008015
488,-1.00778815552392,0.136031710135633,0.365025466893039,0.279597165003833,0.476555588389655,0.634974533106961,0.523444411610344,0.720402834996167,222,1.27755517152411e-13,568136557
489,-1.05874769010418,0.14136592950509,0.34688995215311,0.262942521380164,0.457638567825283,0.65311004784689,0.542361432174717,0.737057478619836,204,6.91828466652607e-14,37725505
989,-0.791794033463309,0.141460839217622,0.453031312458361,0.343333780653666,0.597777968940308,0.546968687541639,0.402222031059692,0.656666219346334,215,2.17757690863386e-08,533872728
490,-1.09308741273614,0.137079460915366,0.335180055401662,0.256209907540122,0.438490730579841,0.664819944598338,0.561509269420159,0.743790092459878,216,1.53476336758967e-15,519070887
990,-0.817057975197485,0.137829461630671,0.441729323308271,0.337159638514339,0.578731178886599,0.558270676691729,0.421268821113401,0.662840361485661,225,3.06579772690625e-09,630150845
491,-0.777519751325551,0.153206989602733,0.459544383346425,0.340343480985418,0.620493860066896,0.540455616653575,0.379506139933104,0.659656519014582,184,3.87572105067684e-07,559411668
991,-1.16315080980568,0.138522909644376,0.3125,0.238198546583921,0.409978362171048,0.6875,0.590021637828952,0.761801453416079,210,4.587642408769e-17,317133229
492,-0.839101093183026,0.140941392117845,0.432098765432099,0.327803431103005,0.569577147071638,0.567901234567901,0.430422852928362,0.672196568896995,214,2.62393696057642e-09,20319568
992,-0.775385278796918,0.12794157887986,0.460526315789474,0.358385460850846,0.591777598988292,0.539473684210527,0.408222401011708,0.641614539149154,264,1.35729785325404e-09,160678168
493,-0.890033515647929,0.134280544072869,0.410641989589358,0.315619297685352,0.534272919465191,0.589358010410642,0.465727080534809,0.684380702314648,233,3.39886922067271e-11,289298040
993,-0.826425162700365,0.134136914455335,0.437610881135423,0.336442276985766,0.569201008279417,0.562389118864577,0.430798991720583,0.663557723014234,237,7.22610175437392e-10,993106787
494,-0.811272038130441,0.143803062161611,0.444292549555708,0.335168844453937,0.588944565871901,0.555707450444292,0.411055434128099,0.664831155546063,207,1.6852695021792e-08,538744173
994,-1.14141631765968,0.13307418182702,0.319366377107818,0.246045962440561,0.414535893274869,0.680633622892182,0.585464106725131,0.753954037559439,228,9.7131527276894e-18,475639001
495,-1.11651952852394,0.14482300015948,0.327417380660955,0.246506382591234,0.434885863935813,0.672582619339045,0.565114136064187,0.753493617408766,193,1.26266467970657e-14,658919213
995,-1.13829077248629,0.140705851518015,0.320366132723112,0.243151840228582,0.422100276516428,0.679633867276888,0.577899723483572,0.756848159771418,204,5.97328882624956e-16,158216698
496,-1.09308741273614,0.137079460915366,0.335180055401662,0.256209907540121,0.438490730579841,0.664819944598338,0.561509269420159,0.743790092459879,216,1.53476336758963e-15,475635831
996,-1.14292333499302,0.146538198952712,0.318885448916409,0.239277113669087,0.424979756614963,0.681114551083591,0.575020243385037,0.760722886330913,188,6.21574695510917e-15,849690429
497,-1.01222767446929,0.143267063787997,0.363408521303258,0.274439083782185,0.481220646621302,0.636591478696742,0.518779353378698,0.725560916217815,200,1.60246094151531e-12,613003841
997,-1.01654733561381,0.140100318271382,0.361842105263158,0.274957451900363,0.476181708247426,0.638157894736842,0.523818291752574,0.725042548099637,209,3.99137939285198e-13,953249792
998,-0.891314745803978,0.146014883925811,0.410116199589884,0.308048309431227,0.546002987247685,0.589883800410116,0.453997012752315,0.691951690568773,197,1.03269501642835e-09,392271240
498,-0.656038521164352,0.145696136401119,0.518902891030393,0.390004227100801,0.690403312603343,0.481097108969607,0.309596687396657,0.609995772899199,211,6.7068413637772e-06,984693107
999,-0.945536299970617,0.141312695963691,0.388471177944862,0.294491807498788,0.51244161043254,0.611528822055138,0.48755838956746,0.705508192501212,208,2.21510799179229e-11,157826863
499,-0.929535958624176,0.14085904247883,0.394736842105263,0.299507862771031,0.520244019885231,0.605263157894737,0.479755980114769,0.700492137228969,210,4.13798881108702e-11,440810346
1000,-0.921630779117062,0.140637042274077,0.397869674185464,0.302016291751138,0.524144829136856,0.602130325814536,0.475855170863144,0.697983708248862,211,5.62952463401793e-11,616201173
500,-0.884167353594325,0.143953964809885,0.413057961359094,0.311513706519965,0.547702639951723,0.586942038640906,0.452297360048277,0.688486293480036,203,8.14813661963951e-10,546995641
