"rep","est_V","se_V","IRR_V","IRR_V_CI_Lower","IRR_V_CI_Upper","VE","VE_CI_Lower","VE_CI_Upper","n_event","p_val","seed"
101,-0.948672141377194,0.17962758973933,0.387254901960784,0.272331352086734,0.550676071423808,0.612745098039216,0.449323928576192,0.727668647913266,130,1.28251153545622e-07,900019500
1,-1.03347298649715,0.180953813869428,0.355769230769231,0.249540027811951,0.507220211009645,0.644230769230769,0.492779788990355,0.750459972188049,126,1.12147470943728e-08,339781792
26,-0.9230096821229,0.17056698954579,0.397321428571429,0.284416706848875,0.555045866858736,0.602678571428571,0.444954133141264,0.715583293151125,145,6.25267970077302e-08,896206942
201,-1.01856958099457,0.177028334874273,0.361111111111111,0.255243128850831,0.510890283922628,0.638888888888889,0.489109716077372,0.744756871149169,132,8.73062244597469e-09,439356649
126,-0.817601355033351,0.182550783420236,0.441489361702128,0.308697231463457,0.631404614716234,0.558510638297872,0.368595385283766,0.691302768536543,130,7.50774850126899e-06,94169193
226,-1.11803037452521,0.184219031570685,0.326923076923077,0.227844239934043,0.469086680689366,0.673076923076923,0.530913319310634,0.772155760065957,120,1.28687086030881e-09,83729346
51,-0.593617585212913,0.183799155873997,0.552325581395349,0.385252116441064,0.791854307464599,0.447674418604651,0.208145692535401,0.614747883558936,138,0.00123916751517425,514666555
251,-0.778304988900252,0.177536684624969,0.459183673469388,0.324240259379862,0.650288296660351,0.540816326530612,0.349711703339649,0.675759740620138,139,1.16567519412278e-05,234477203
301,-0.949867027407759,0.176247117676677,0.386792452830189,0.273814329888202,0.546386310853339,0.613207547169811,0.453613689146661,0.726185670111798,135,7.0691491958217e-08,775070778
326,-0.925769475828699,0.175421453770557,0.39622641509434,0.280947009047305,0.558807771440193,0.60377358490566,0.441192228559807,0.719052990952695,137,1.3102846055275e-07,701459450
151,-0.848901709969178,0.174547197907391,0.427884615384615,0.303914784362009,0.602422960328108,0.572115384615385,0.397577039671892,0.696085215637991,141,1.15356707160087e-06,617621115
501,-0.940007258491471,0.18484227513626,0.390625,0.271908012131375,0.561174676056532,0.609375,0.438825323943468,0.728091987868625,123,3.66743836056154e-07,983217311
626,-0.778046624346431,0.189510004523146,0.459302325581395,0.316801650887132,0.665901284585279,0.540697674418605,0.334098715414721,0.683198349112868,122,4.03318800504123e-05,454240351
176,-0.787457860031187,0.176036959187476,0.455,0.322231850481168,0.642472181725247,0.545,0.357527818274753,0.677768149518832,141,7.70385274431741e-06,883736332
651,-0.994252273343867,0.183066964588671,0.37,0.258448991179445,0.529698333799835,0.63,0.470301666200165,0.741551008820555,124,5.60123973324923e-08,852648384
676,-1.16666575191313,0.177843658024186,0.31140350877193,0.21975699385226,0.441269893510933,0.68859649122807,0.558730106489067,0.78024300614774,128,5.378474368403e-11,314812200
726,-0.891598119283784,0.179429991812572,0.41,0.2884381960877,0.582793826476743,0.59,0.417206173523257,0.7115618039123,132,6.72787846902632e-07,312527011
576,-0.908666806763496,0.181841664984124,0.403061224489796,0.282219562370632,0.575645250536748,0.596938775510204,0.424354749463252,0.717780437629368,128,5.82224180209038e-07,493641490
776,-0.908666806763496,0.181841664984124,0.403061224489796,0.282219562370632,0.575645250536748,0.596938775510204,0.424354749463252,0.717780437629368,128,5.82224180209038e-07,599603795
426,-1.14267227846214,0.175370729689725,0.318965517241379,0.226187134721431,0.449800123753109,0.681034482758621,0.550199876246891,0.773812865278569,132,7.23261240342528e-11,865469957
876,-0.783661188100777,0.172502420362128,0.456730769230769,0.325706138670168,0.640463813220836,0.543269230769231,0.359536186779164,0.674293861329832,147,5.54856641549628e-06,546516286
351,-0.705725962766806,0.194057279848015,0.49375,0.337540005051986,0.722252351872937,0.50625,0.277747648127063,0.662459994948014,119,0.000276165097029613,810979949
801,-0.980829253011726,0.175682092258618,0.375,0.265760480109133,0.529141879719111,0.625,0.470858120280889,0.734239519890867,135,2.36434686940868e-08,471213437
276,-0.902497409741819,0.189527972529084,0.405555555555556,0.279720214317281,0.587999365878558,0.594444444444444,0.412000634121442,0.720279785682719,118,1.91858187810065e-06,544219989
701,-0.967584026261706,0.182093093628413,0.38,0.265941230758994,0.542977106588112,0.62,0.457022893411888,0.734058769241006,126,1.07434518207263e-07,416940494
76,-1.09415793831873,0.176608256316309,0.334821428571429,0.236855800418872,0.473306496325432,0.665178571428571,0.526693503674568,0.763144199581128,131,5.8138976935725e-10,58293083
851,-0.816761136527122,0.190823763465107,0.441860465116279,0.303987456386683,0.642265549221943,0.558139534883721,0.357734450778057,0.696012543613317,119,1.86737464889517e-05,833717089
751,-0.80103614257113,0.188110341522713,0.448863636363636,0.310452106129766,0.648984368511164,0.551136363636364,0.351015631488836,0.689547893870234,123,2.05958621888033e-05,582227693
976,-0.672093771362113,0.17802601601355,0.51063829787234,0.36022791484562,0.723851374388098,0.48936170212766,0.276148625611902,0.63977208515438,143,0.000159843470247738,222150465
526,-0.93826963859293,0.188753859126204,0.391304347826087,0.27030065447183,0.566476958506798,0.608695652173913,0.433523041493202,0.72969934552817,118,6.66554214111488e-07,548728103
376,-0.879249460193806,0.173872254549191,0.415094339622642,0.295220478508399,0.583642813863452,0.584905660377358,0.416357186136548,0.704779521491601,141,4.26192621683741e-07,778903642
401,-0.829483624112076,0.175624025133436,0.436274509803922,0.309220585389303,0.615532913712791,0.563725490196078,0.384467086287209,0.690779414610697,140,2.32316961997213e-06,156428585
476,-0.806475865866949,0.166904592108445,0.446428571428571,0.321871508418811,0.619186427425047,0.553571428571429,0.380813572574953,0.678128491581189,156,1.35197241197797e-06,975385296
451,-0.867500567704723,0.178619041301559,0.42,0.295943282673142,0.596060158577167,0.58,0.403939841422833,0.704056717326858,134,1.19353260867348e-06,639637500
601,-0.920537022755606,0.166094703177541,0.398305084745763,0.287631060788601,0.551564007375856,0.601694915254237,0.448435992624144,0.712368939211399,153,2.9862338306861e-08,618351255
926,-1.02961941718116,0.186262925890363,0.357142857142857,0.247910361534098,0.51450459601149,0.642857142857143,0.48549540398851,0.752089638465902,119,3.24318884378346e-08,44341755
826,-0.693147180559946,0.186771841815087,0.5,0.346728486890785,0.721025267470298,0.5,0.278974732529702,0.653271513109215,129,0.000206281128102951,22426615
901,-0.997923686371026,0.168651728199155,0.36864406779661,0.264880896930583,0.513054925048999,0.631355932203389,0.486945074951001,0.735119103069417,146,3.2773190480675e-09,42197700
951,-0.850332764082358,0.169764884660997,0.427272727272727,0.306338118737594,0.595949287092982,0.572727272727273,0.404050712907018,0.693661881262406,149,5.47463050820716e-07,41531630
551,-0.918697471904719,0.176858593265874,0.399038461538462,0.282145059457018,0.564361091749827,0.600961538461538,0.435638908250173,0.717854940542982,135,2.05236408437319e-07,110249201
27,-0.802709383071472,0.171447485627758,0.448113207547169,0.320222158055159,0.627081673541227,0.551886792452831,0.372918326458773,0.679777841944841,148,2.84152105777942e-06,156924154
677,-0.778304988900252,0.177536684624969,0.459183673469388,0.324240259379862,0.650288296660351,0.540816326530612,0.349711703339649,0.675759740620138,139,1.16567519412279e-05,494189201
2,-0.58020676937935,0.177335468132247,0.559782608695652,0.395431422953282,0.792442256252181,0.440217391304348,0.207557743747819,0.604568577046718,149,0.00106863897661768,520703645
202,-0.897941593205958,0.17286455649434,0.407407407407407,0.29032627618788,0.571704352047741,0.592592592592593,0.428295647952259,0.70967372381212,142,2.05292127208057e-07,985357855
227,-0.861284102361943,0.194663892041055,0.422619047619048,0.288569788852455,0.618938178250364,0.577380952380952,0.381061821749636,0.711430211147545,113,9.66803675209522e-06,936331474
52,-0.74780559309781,0.180312370104266,0.473404255319149,0.332468106273389,0.674084475248854,0.526595744680851,0.325915524751146,0.667531893726611,136,3.36450891636625e-05,341242679
127,-1.14117190308691,0.181690044169626,0.319444444444444,0.22373838226597,0.456089617047082,0.680555555555556,0.543910382952918,0.77626161773403,123,3.36679350832251e-10,364759731
302,-0.888891757686041,0.189038979439611,0.411111111111111,0.283823887087362,0.595483161806567,0.588888888888889,0.404516838193433,0.716176112912638,119,2.57422114065186e-06,802685111
152,-0.998528830111127,0.171606006779513,0.368421052631579,0.263192276930765,0.515722093387516,0.631578947368421,0.484277906612484,0.736807723069235,141,5.92968181254916e-09,813324530
102,-0.671640975338983,0.179937289833619,0.510869565217391,0.359043552071826,0.726897088554861,0.489130434782609,0.273102911445139,0.640956447928174,140,0.000189483945589817,396701064
252,-1.05280275263682,0.1890997262768,0.348958333333333,0.240886019469595,0.50551675298926,0.651041666666667,0.49448324701074,0.759113980530405,115,2.58498282593913e-08,762374687
452,-0.584666537565876,0.173721408256779,0.557291666666667,0.39647026235217,0.783347532532565,0.442708333333333,0.216652467467435,0.60352973764783,155,0.000763936883024766,565521431
327,-0.793790706339633,0.18177266471799,0.452127659574468,0.316618220529595,0.645633786363785,0.547872340425532,0.354366213636215,0.683381779470405,132,1.25998097364101e-05,232487192
502,-0.644357016390514,0.192106121357132,0.525,0.360278442371129,0.765033284217638,0.475,0.234966715782362,0.639721557628871,124,0.000796028005120819,267235779
877,-1.27235010177067,0.180626672178269,0.280172413793104,0.196641722431775,0.399185790685334,0.719827586206896,0.600814209314666,0.803358277568225,123,1.86680677213408e-12,525220858
77,-0.771108722029657,0.196248601338367,0.4625,0.314821674653632,0.679452106451502,0.5375,0.320547893548498,0.685178325346368,114,8.52131912523212e-05,582525857
802,-1.02338886743052,0.162771512327068,0.359375,0.261214030024108,0.494423636483387,0.640625,0.505576363516613,0.738785969975892,156,3.23091790978432e-10,256845564
627,-0.780158557549575,0.179435140673189,0.458333333333333,0.322437818938361,0.651503738414142,0.541666666666667,0.348496261585858,0.677562181061639,136,1.37473399960436e-05,348221806
652,-0.845726768155163,0.172791595650655,0.429245283018868,0.305932107530632,0.60226275195878,0.570754716981132,0.39773724804122,0.694067892469368,144,9.85608976405423e-07,943392489
727,-0.619815907474395,0.178438057873251,0.53804347826087,0.379254394158651,0.763315571178206,0.46195652173913,0.236684428821794,0.620745605841349,145,0.000513596003648315,223354818
427,-0.772284501118669,0.183040531929653,0.461956521739131,0.322698331165259,0.661310603022697,0.538043478260869,0.338689396977303,0.677301668834741,131,2.45171376183711e-05,11447078
277,-0.798507696217772,0.197202659471308,0.45,0.305740735297084,0.662325874905853,0.55,0.337674125094147,0.694259264702916,112,5.13989269800017e-05,456082909
752,-0.904991176620222,0.171516102006852,0.404545454545455,0.289049721393887,0.566189872123674,0.595454545454545,0.433810127876326,0.710950278606113,144,1.31731203540317e-07,651605140
577,-0.815749502652278,0.173494479620042,0.442307692307692,0.314807973422998,0.62144580566797,0.557692307692308,0.37855419433203,0.685192026577002,144,2.57782237257277e-06,640446342
702,-0.953430278823612,0.185329023246947,0.385416666666667,0.268026750091627,0.554220826442371,0.614583333333333,0.445779173557629,0.731973249908373,122,2.68194794999744e-07,545450331
852,-0.879249460193806,0.173872254549191,0.415094339622641,0.295220478508399,0.583642813863451,0.584905660377359,0.416357186136549,0.704779521491601,141,4.26192621683737e-07,809012232
352,-1.03691871966277,0.176074788119705,0.354545454545454,0.251071137677658,0.500664793657915,0.645454545454546,0.499335206342085,0.748928862322342,133,3.88348677725727e-09,987582114
902,-0.552374626678864,0.182638506367564,0.575581395348837,0.402387581663708,0.823320494389885,0.424418604651163,0.176679505610115,0.597612418336292,142,0.00249114514233121,160194030
977,-0.8754687373539,0.167541563344686,0.416666666666667,0.300038593553099,0.578629265839384,0.583333333333333,0.421370734160616,0.699961406446901,152,1.73795546252728e-07,554795310
527,-0.714653385780909,0.179293505107951,0.489361702127659,0.344361879776128,0.695416332565509,0.510638297872341,0.304583667434491,0.655638120223872,139,6.72131301095678e-05,37391245
177,-0.583146285345617,0.183500628272339,0.558139534883721,0.389535253593287,0.799721559285296,0.441860465116279,0.200278440714704,0.610464746406713,139,0.00148346913349402,983945862
477,-0.817601355033351,0.182550783420236,0.441489361702128,0.308697231463457,0.631404614716235,0.558510638297872,0.368595385283765,0.691302768536543,130,7.5077485012691e-06,168289894
927,-1.09002854497672,0.17338365591714,0.336206896551724,0.239343800211948,0.472270755243482,0.663793103448276,0.527729244756518,0.760656199788052,136,3.24074309576369e-10,245020737
377,-1.04731899428056,0.173331646440638,0.350877192982456,0.249812965607305,0.492827921304848,0.649122807017544,0.507172078695152,0.750187034392695,137,1.51947912886911e-09,142679183
827,-0.717839793150317,0.192068331371898,0.48780487804878,0.334778283954833,0.71077967255573,0.51219512195122,0.28922032744427,0.665221716045167,121,0.00018591910171807,682849163
402,-0.754516126936238,0.190965315360579,0.470238095238095,0.323420719122916,0.683703464678506,0.529761904761905,0.316296535321494,0.676579280877084,121,7.78046077119996e-05,337718599
552,-1.17411984117626,0.181349663752245,0.309090909090909,0.216631256265239,0.441012953207781,0.690909090909091,0.558987046792219,0.783368743734761,123,9.52256604340798e-11,16514214
777,-1.05228821699387,0.172008890267963,0.349137931034483,0.249219948044523,0.489115320998553,0.650862068965517,0.510884679001447,0.750780051955477,139,9.49721822605478e-10,230210009
952,-1.06352096885684,0.165430555685391,0.345238095238095,0.249634133272717,0.47745611083328,0.654761904761905,0.52254388916672,0.750365866727283,150,1.28610037183986e-10,406048943
602,-1.01278085281833,0.17847951570095,0.363207547169811,0.255995791121251,0.515319887656386,0.636792452830189,0.484680112343614,0.744004208878749,130,1.39099593372277e-08,717005948
203,-0.980829253011726,0.169515875931295,0.375,0.268991831867857,0.522785391004298,0.625,0.477214608995702,0.731008168132143,145,7.20559194041135e-09,968128370
3,-0.839750654751821,0.169434748446489,0.431818181818182,0.309797426056856,0.601899584906618,0.568181818181818,0.398100415093382,0.690202573943144,150,7.18892492717964e-07,175938006
678,-1.24867298324384,0.175154665697765,0.286885245901639,0.203524310415012,0.404389746601856,0.713114754098361,0.595610253398144,0.796475689584988,131,1.01120143483703e-12,775048634
28,-1.05779029414785,0.178470871183451,0.347222222222222,0.24473316755852,0.492631517042371,0.652777777777778,0.507368482957629,0.75526683244148,129,3.08588007349489e-09,463634429
53,-1.10372738933488,0.189189795337124,0.331632653061225,0.228885689066696,0.480502809174667,0.668367346938775,0.519497190825333,0.771114310933304,114,5.41242016160385e-09,157068647
228,-1.034896474282,0.172885912295444,0.355263157894737,0.253156694577182,0.498552533118422,0.644736842105263,0.501447466881578,0.746843305422818,138,2.15053640480563e-09,612666749
128,-0.929535958624176,0.169277791719518,0.394736842105263,0.283281455326859,0.550043681240795,0.605263157894737,0.449956318759205,0.716718544673141,147,3.99242036209793e-08,485323029
303,-0.967584026261706,0.182093093628413,0.38,0.265941230758994,0.542977106588112,0.62,0.457022893411888,0.734058769241006,126,1.07434518207262e-07,960995389
153,-0.999877447982421,0.178012464053525,0.367924528301887,0.259557903517068,0.521534719967656,0.632075471698113,0.478465280032344,0.740442096482932,131,1.94418672364922e-08,930258073
103,-1.17337236387722,0.175065081290058,0.309322033898305,0.219480120414454,0.435939803907101,0.690677966101695,0.564060196092899,0.780519879585546,132,2.04894339526521e-11,89315194
78,-0.839750654751821,0.189433807638463,0.431818181818182,0.297889074445395,0.62596099738106,0.568181818181818,0.37403900261894,0.702110925554605,120,9.29522980011135e-06,363794516
878,-0.904991176620222,0.171516102006852,0.404545454545455,0.289049721393887,0.566189872123674,0.595454545454545,0.433810127876326,0.710950278606113,144,1.31731203540317e-07,260683247
328,-1.00785792539965,0.183571866436865,0.365,0.254704259843718,0.523057604461522,0.635,0.476942395538478,0.745295740156282,123,4.01334456631294e-08,800646794
728,-1.03347298649715,0.180953813869428,0.355769230769231,0.249540027811951,0.507220211009645,0.644230769230769,0.492779788990355,0.750459972188049,126,1.12147470943728e-08,964615131
253,-0.492476485097794,0.197841891620767,0.611111111111111,0.414683596626239,0.900582499915132,0.388888888888889,0.0994175000848679,0.585316403373761,124,0.0128015541705344,532831281
803,-0.879476758751439,0.17902009044174,0.415,0.292190384189094,0.589427336830302,0.585,0.410572663169698,0.707809615810906,133,8.9818486369741e-07,531314867
653,-0.906721280858005,0.176452631450219,0.403846153846154,0.28577168719896,0.570706348046241,0.596153846153846,0.429293651953759,0.71422831280104,136,2.7677795380886e-07,267065158
628,-1.25276296849537,0.163663417695643,0.285714285714286,0.207310549096827,0.39376989457057,0.714285714285714,0.60623010542943,0.792689450903173,150,1.94053472542176e-14,558663485
278,-0.986694372464124,0.17119744606872,0.37280701754386,0.266538867694241,0.521443921227218,0.62719298245614,0.478556078772782,0.733461132305759,142,8.239326682012e-09,925499156
428,-1.05493722516545,0.175150380206474,0.348214285714286,0.247034898651249,0.490834248268254,0.651785714285714,0.509165751731746,0.752965101348751,134,1.71174264143e-09,866257411
503,-0.980829253011726,0.182574185863157,0.375,0.262194657950272,0.536338158448184,0.625,0.463661841551816,0.737805342049728,125,7.77718148398466e-08,690694540
853,-0.962137119999574,0.176673720599331,0.382075471698113,0.270249073874799,0.540174528557187,0.617924528301887,0.459825471442813,0.729750926125201,134,5.15609691688776e-08,200246130
578,-0.806475865866949,0.192724822365591,0.446428571428571,0.30598794395971,0.651327849093286,0.553571428571429,0.348672150906714,0.69401205604029,117,2.85671451140424e-05,768709214
703,-0.724895878874526,0.177724566441824,0.484375,0.341902514365226,0.686216482088738,0.515625,0.313783517911262,0.658097485634774,141,4.52765187992164e-05,463865062
353,-0.95810100193417,0.168752287022907,0.383620689655173,0.275587690059317,0.53400365415391,0.616379310344827,0.46599634584609,0.724412309940683,147,1.36630711145717e-08,936156394
453,-0.943088925028879,0.177697631534995,0.389423076923077,0.274893952496171,0.551668494207231,0.610576923076923,0.448331505792769,0.725106047503829,133,1.11280602800219e-07,917343231
903,-0.803689054959769,0.190375489370873,0.447674418604651,0.30825800821456,0.650144942653095,0.552325581395349,0.349855057346905,0.69174199178544,120,2.42574922669105e-05,37177566
978,-0.992002553609852,0.167040778648067,0.370833333333333,0.267296576477651,0.514474831377457,0.629166666666667,0.485525168622543,0.732703423522349,149,2.87317444260006e-09,987810797
528,-0.667171694156685,0.197828972226269,0.513157894736842,0.348223990702395,0.756211610807137,0.486842105263158,0.243788389192863,0.651776009297605,116,0.000744979946309426,356937836
178,-0.791587253373198,0.179798738088744,0.453125,0.318546663501441,0.64455946067089,0.546875,0.35544053932911,0.681453336498559,135,1.06946645536154e-05,757350489
928,-0.945737933200456,0.171322490467572,0.388392857142857,0.277613937560702,0.543376938510546,0.611607142857143,0.456623061489454,0.722386062439298,143,3.38574429797081e-08,928997463
478,-1.0390981611357,0.179447089335642,0.35377358490566,0.248874134721285,0.502887732858077,0.64622641509434,0.497112267141923,0.751125865278715,128,7.01544048389491e-09,159761070
753,-0.980829253011726,0.172516389862142,0.375,0.267414560441362,0.525868897220485,0.625,0.474131102779515,0.732585439558638,140,1.30486603339591e-08,995963964
828,-0.815749502652278,0.173494479620042,0.442307692307692,0.314807973422998,0.62144580566797,0.557692307692308,0.37855419433203,0.685192026577002,144,2.57782237257274e-06,654345828
403,-0.932627151193847,0.174020758562229,0.393518518518519,0.279794025274077,0.553467230993646,0.606481481481481,0.446532769006354,0.720205974725923,139,8.35511362645451e-08,885365201
553,-0.595166772199742,0.206748876623383,0.551470588235294,0.367737053690232,0.827003443457074,0.448529411764706,0.172996556542926,0.632262946309768,109,0.00399325457328611,826557347
378,-0.955511445027436,0.178131325826618,0.384615384615385,0.271269516044096,0.545321111786087,0.615384615384615,0.454678888213913,0.728730483955904,132,8.13609099468884e-08,648896148
953,-1.02417969388534,0.175613342428899,0.359090909090909,0.254520086630189,0.506625165420013,0.640909090909091,0.493374834579987,0.745479913369811,134,5.47619074880291e-09,164533885
778,-1.15267950993839,0.177292832754577,0.315789473684211,0.223092883377271,0.447002119386792,0.684210526315789,0.552997880613208,0.776907116622729,129,7.94927492146664e-11,464712333
603,-0.868351269585035,0.168805926255738,0.419642857142857,0.301433815169056,0.584208269574058,0.580357142857143,0.415791730425942,0.698566184830944,150,2.68834281823449e-07,858506820
204,-0.898999234764094,0.1937563631253,0.406976744186047,0.278383748110652,0.594970329383022,0.593023255813953,0.405029670616978,0.721616251889348,113,3.48672841325413e-06,235184318
54,-0.776034840365713,0.187277739606465,0.460227272727273,0.318831520346776,0.66432936847527,0.539772727272727,0.33567063152473,0.681168479653224,125,3.41650668611469e-05,731255964
104,-1.07755887947028,0.192097880662559,0.340425531914894,0.233618973985082,0.49606220249447,0.659574468085106,0.50393779750553,0.766381026014918,111,2.02998571264187e-08,867260537
29,-0.704843220323137,0.187137702905593,0.494186046511628,0.342451109255757,0.713152452907953,0.505813953488372,0.286847547092047,0.657548890744243,128,0.000165590826438176,140552267
4,-1.14896617481372,0.178722270318208,0.316964285714286,0.22329636744396,0.449923836954406,0.683035714285714,0.550076163045594,0.77670363255604,127,1.28632050870061e-10,26770276
679,-0.85566611005772,0.178226557766004,0.425,0.299696871235809,0.602692311251656,0.575,0.397307688748344,0.700303128764191,135,1.57873471991711e-06,331446255
504,-0.776034840365713,0.187277739606465,0.460227272727273,0.318831520346776,0.66432936847527,0.539772727272727,0.33567063152473,0.681168479653224,125,3.41650668611467e-05,255758055
229,-1.08845991720409,0.188572740412547,0.336734693877551,0.232688251691318,0.487305453698755,0.663265306122449,0.512694546301245,0.767311748308682,115,7.82915943408712e-09,20566602
304,-0.926762031741451,0.18436710140672,0.395833333333333,0.275790182574612,0.568127648036886,0.604166666666667,0.431872351963114,0.724209817425388,124,4.98936698347091e-07,440103113
154,-0.96703593087939,0.185827779088801,0.380208333333333,0.264146426114645,0.547266070801843,0.619791666666667,0.452733929198157,0.735853573885355,121,1.95110877274168e-07,274154099
129,-0.682994809095927,0.174668753172188,0.505102040816327,0.358674755548634,0.711307577938041,0.494897959183673,0.288692422061959,0.641325244451366,148,9.22086932036593e-05,623121371
79,-0.693147180559946,0.180578779537461,0.5,0.350962785685376,0.712326235705557,0.5,0.287673764294443,0.649037214314624,138,0.000123800677515762,204467627
879,-0.928869514081015,0.180715876055744,0.395,0.277186109601428,0.562888956536645,0.605,0.437111043463355,0.722813890398572,129,2.74820108959045e-07,333605393
329,-0.780158557549575,0.169173073004232,0.458333333333333,0.328988761691751,0.638530761246097,0.541666666666667,0.361469238753903,0.671011238308249,153,3.99581187771578e-06,976005822
729,-1.00764051046238,0.163531590521361,0.365079365079365,0.264965264692627,0.503020435381849,0.634920634920635,0.496979564618151,0.735034735307373,155,7.19461169042494e-10,599501297
654,-0.929535958624176,0.169277791719518,0.394736842105263,0.283281455326859,0.550043681240795,0.605263157894737,0.449956318759205,0.716718544673141,147,3.99242036209797e-08,225127482
254,-0.802709383071472,0.171447485627758,0.448113207547169,0.320222158055159,0.627081673541228,0.551886792452831,0.372918326458772,0.679777841944841,148,2.84152105777943e-06,34953095
629,-0.88889175768604,0.189038979439611,0.411111111111111,0.283823887087362,0.595483161806568,0.588888888888889,0.404516838193432,0.716176112912638,119,2.5742211406519e-06,155620
804,-0.992805444058442,0.172931592363389,0.370535714285714,0.264016114776187,0.520031573366703,0.629464285714286,0.479968426633297,0.735983885223813,139,9.41024669394944e-09,957954644
279,-0.997358554962937,0.165844968999385,0.368852459016393,0.266492621825068,0.510528717795976,0.631147540983606,0.489471282204024,0.733507378174932,151,1.81223533815408e-09,845239890
454,-0.866994110362928,0.18421407004948,0.420212765957447,0.292863967327954,0.602937842728437,0.579787234042553,0.397062157271563,0.707136032672046,126,2.52069112474854e-06,9349703
579,-0.916290731874154,0.164570147177794,0.4,0.289719433998324,0.552258430826997,0.6,0.447741569173003,0.710280566001676,156,2.58002063873502e-08,127887426
704,-1.29928298413026,0.186677488883688,0.272727272727273,0.189159606952372,0.393213786429489,0.727272727272727,0.606786213570511,0.810840393047628,115,3.40173623277908e-12,671387965
429,-1.25471800333117,0.171241438161594,0.28515625,0.20385525836392,0.398881478783842,0.71484375,0.601118521216158,0.79614474163608,137,2.35034137965524e-13,889925815
854,-0.864997437486605,0.167214013543142,0.421052631578947,0.303391605137096,0.584344838676223,0.578947368421053,0.415655161323777,0.696608394862904,153,2.30369841873071e-07,904211998
354,-0.948672141377194,0.17962758973933,0.387254901960785,0.272331352086734,0.550676071423808,0.612745098039216,0.449323928576192,0.727668647913266,130,1.28251153545622e-07,117280565
904,-1.06289420606603,0.177030259920716,0.345454545454545,0.244175722261976,0.488741640117553,0.654545454545455,0.511258359882447,0.755824277738024,131,1.92484375234323e-09,399126872
979,-1.12924925813,0.174856262832654,0.323275862068966,0.229474989013589,0.45541905654147,0.676724137931034,0.54458094345853,0.770525010986411,133,1.05985516831718e-10,979106612
929,-0.888891757686041,0.189038979439611,0.411111111111111,0.283823887087362,0.595483161806568,0.588888888888889,0.404516838193432,0.716176112912638,119,2.57422114065189e-06,327505014
529,-0.945982521681558,0.187016646031184,0.388297872340426,0.269138701740829,0.560213884844003,0.611702127659574,0.439786115155997,0.730861298259171,120,4.23055403632356e-07,692101766
179,-0.890678156017429,0.174247460273906,0.410377358490566,0.291651144212459,0.577434992811184,0.589622641509434,0.422565007188816,0.708348855787541,140,3.19491759009997e-07,36809404
754,-0.650587566141149,0.179320375488907,0.521739130434783,0.367126411844221,0.741465913224321,0.478260869565217,0.258534086775679,0.632873588155779,142,0.000285543585584164,311522899
479,-0.770533844175366,0.181027204115704,0.462765957446808,0.324541895126557,0.659860358824093,0.537234042553192,0.340139641175907,0.675458104873443,134,2.0769537531238e-05,922046510
404,-0.897242536903461,0.157539130557887,0.407692307692308,0.299388397889158,0.555175213613374,0.592307692307692,0.444824786386626,0.700611602110842,171,1.23109699422839e-08,297440765
829,-1.10252618798925,0.165498356154517,0.33203125,0.240052649795149,0.459252380969929,0.66796875,0.540747619030071,0.759947350204851,149,2.7039121783785e-11,78220320
554,-0.531879032963823,0.18878108438272,0.5875,0.405804744752548,0.850547595766702,0.4125,0.149452404233298,0.594195255247452,134,0.0048408434208633,311838396
954,-0.916290731874154,0.190029237547352,0.4,0.275617513934955,0.580514633180241,0.6,0.419485366819759,0.724382486065045,117,1.42239445669214e-06,577402082
379,-0.897447644072675,0.187276436797739,0.407608695652174,0.282379684313885,0.588373944729624,0.592391304347826,0.411626055270376,0.717620315686115,121,1.65043581856037e-06,801168559
5,-0.542324290825362,0.182361766569459,0.581395348837209,0.406672622125773,0.831185905465256,0.418604651162791,0.168814094534744,0.593327377874227,143,0.00294048066346027,57483393
779,-0.636634970296602,0.1850535730618,0.529069767441861,0.368124784966509,0.760380257597844,0.470930232558139,0.239619742402156,0.631875215033491,134,0.000581125841449421,37593407
205,-0.903868211875598,0.179849045098771,0.405,0.284686739488181,0.576159607205061,0.595,0.423840392794939,0.715313260511819,131,5.01586915061984e-07,774722843
55,-0.718464988544235,0.194474967115041,0.4875,0.332994628426108,0.713693944924209,0.5125,0.286306055075791,0.667005371573892,118,0.000220421462710983,519537178
604,-1.24521576285998,0.1682540040976,0.287878787878788,0.207010129704007,0.400338846360117,0.712121212121212,0.599661153639883,0.792989870295993,142,1.35357214692036e-13,137670997
105,-0.88804751956076,0.183006997660013,0.411458333333333,0.28744186614808,0.588981564648722,0.588541666666667,0.411018435351278,0.71255813385192,127,1.21894411614135e-06,336739720
30,-1.00330210886378,0.16742252846843,0.366666666666667,0.2640955697112,0.509074970820091,0.633333333333333,0.490925029179909,0.7359044302888,148,2.06467873605061e-09,969121015
680,-0.770533844175366,0.181027204115704,0.462765957446808,0.324541895126557,0.659860358824093,0.537234042553192,0.340139641175907,0.675458104873443,134,2.07695375312383e-05,671099648
455,-0.713766467762681,0.175570014362687,0.489795918367347,0.347191987937622,0.690972286181945,0.510204081632653,0.309027713818055,0.652808012062378,145,4.79453131098326e-05,559057783
305,-0.693147180559946,0.186771841815087,0.5,0.346728486890785,0.721025267470298,0.5,0.278974732529702,0.653271513109215,129,0.000206281128102951,548757955
505,-0.911400746579964,0.178333858531777,0.401960784313725,0.283390723109307,0.570140300830472,0.598039215686275,0.429859699169528,0.716609276890693,133,3.21063602952388e-07,918633898
80,-1.26025364022453,0.167580630973585,0.283582089552239,0.204189735494068,0.393843506972712,0.716417910447761,0.606156493027288,0.795810264505932,143,5.46581258200439e-14,737669751
155,-0.794243297431314,0.172826696761912,0.451923076923077,0.322072888049345,0.634124991683033,0.548076923076923,0.365875008316967,0.677927111950655,146,4.31494649617117e-06,94461274
130,-0.508575904031976,0.195609258536304,0.601351351351351,0.409850423816834,0.882330300904383,0.398648648648649,0.117669699095617,0.590149576183166,126,0.00932351049191701,423674844
230,-0.731368393380143,0.194902573099658,0.48125,0.328450079647163,0.70513474299899,0.51875,0.29486525700101,0.671549920352837,117,0.000175092421482857,350875578
330,-0.854634650451059,0.166892594230795,0.425438596491228,0.306745113806277,0.590059926753174,0.574561403508772,0.409940073246826,0.693254886193723,154,3.04135335168823e-07,737670113
880,-0.945982521681558,0.187016646031184,0.388297872340426,0.269138701740829,0.560213884844003,0.611702127659574,0.439786115155997,0.730861298259171,120,4.23055403632361e-07,125615164
655,-1.22050210627715,0.174018193069128,0.295081967213115,0.209806102262848,0.415018278473497,0.704918032786885,0.584981721526503,0.790193897737152,133,2.32185452041115e-12,223952331
530,-0.837728409371054,0.174189208484013,0.432692307692307,0.307545269558316,0.608764470365537,0.567307692307693,0.391235529634463,0.692454730441684,142,1.51458667851416e-06,453391266
805,-0.975379648244161,0.165115135129323,0.377049180327869,0.272804633987311,0.521127820697248,0.622950819672131,0.478872179302752,0.727195366012689,153,3.47823897515871e-09,775423006
630,-0.843970070294529,0.177842365558793,0.43,0.303451130348835,0.609323813648171,0.57,0.390676186351829,0.696548869651165,136,2.07881434864905e-06,605537790
730,-0.862223510603878,0.188096031247345,0.422222222222223,0.292034025597515,0.610448061911689,0.577777777777778,0.389551938088311,0.707965974402485,121,4.56265167482261e-06,545373404
280,-0.670674324707887,0.183952123668879,0.511363636363636,0.356573866305145,0.733348103450924,0.488636363636364,0.266651896549076,0.643426133694855,134,0.000266439126067931,451365093
255,-1.09458813836838,0.167860731074675,0.334677419354839,0.240848029906261,0.465060789866576,0.665322580645161,0.534939210133424,0.759151970093739,145,6.99281517128e-11,182556404
480,-0.986494990547404,0.168264045222627,0.372881355932203,0.268129164073399,0.518557934875659,0.627118644067797,0.481442065124341,0.731870835926601,147,4.5518258060345e-09,585396257
705,-0.928869514081015,0.180715876055744,0.395,0.277186109601428,0.562888956536645,0.605,0.437111043463355,0.722813890398572,129,2.74820108959047e-07,736017054
980,-0.955511445027436,0.178131325826618,0.384615384615385,0.271269516044096,0.545321111786087,0.615384615384615,0.454678888213913,0.728730483955904,132,8.13609099468889e-08,632915162
355,-0.871838969303321,0.170444663773751,0.418181818181818,0.299421089083405,0.584047147758316,0.581818181818182,0.415952852241684,0.700578910916595,147,3.13599448427207e-07,720385706
430,-1.27594630395103,0.177741497146743,0.279166666666667,0.197046953320053,0.39550993539694,0.720833333333333,0.60449006460306,0.802953046679947,127,7.03964426955257e-13,512512524
855,-0.921405832540926,0.182287344861233,0.397959183673469,0.27840386622764,0.568855289317569,0.602040816326531,0.431144710682431,0.72159613377236,127,4.3109271918268e-07,730306209
930,-0.669616683149751,0.188248322033354,0.511904761904762,0.353958142457399,0.740331846702212,0.488095238095238,0.259668153297788,0.646041857542601,128,0.000374982231027147,822644242
580,-0.786237603625957,0.185519120808679,0.455555555555555,0.316684775514798,0.655323148579441,0.544444444444445,0.344676851420559,0.683315224485202,127,2.25478797569969e-05,166214692
905,-0.975379648244161,0.165115135129323,0.377049180327869,0.272804633987311,0.521127820697248,0.622950819672131,0.478872179302752,0.727195366012689,153,3.47823897515871e-09,459416601
755,-0.883665504558079,0.180980226236291,0.413265306122449,0.289853333671345,0.589222870343565,0.586734693877551,0.410777129656435,0.710146666328655,130,1.04662510873718e-06,458983113
180,-1.12924925813,0.174856262832654,0.323275862068966,0.229474989013589,0.45541905654147,0.676724137931034,0.54458094345853,0.770525010986411,133,1.05985516831718e-10,237804237
830,-0.68209734437336,0.182239494009315,0.505555555555556,0.353709194048131,0.722589132693869,0.494444444444444,0.277410867306131,0.646290805951869,136,0.000181935889423132,756766190
405,-0.845487905141964,0.185465248212762,0.429347826086957,0.298497681895827,0.617557746495091,0.570652173913043,0.382442253504909,0.701502318104173,125,5.14613544066933e-06,543763294
555,-0.843970070294529,0.177842365558793,0.43,0.303451130348835,0.609323813648171,0.57,0.390676186351829,0.696548869651165,136,2.07881434864905e-06,232987771
31,-1.04054848771335,0.192675234086321,0.353260869565217,0.242153124456796,0.515348469056152,0.646739130434783,0.484651530943848,0.757846875543204,111,6.64440947472507e-08,114183295
6,-1.03147298583048,0.177497976086475,0.356481481481481,0.251738953727952,0.504804857402255,0.643518518518519,0.495195142597745,0.748261046272048,131,6.20333982813224e-09,93646997
56,-0.986908299088108,0.174289816519324,0.372727272727273,0.264871609636424,0.524501738881743,0.627272727272727,0.475498261118257,0.735128390363576,137,1.49222236429881e-08,153102127
780,-1.05252118146784,0.179948431644024,0.349056603773585,0.245314645130015,0.496670358075746,0.650943396226415,0.503329641924254,0.754685354869985,127,4.94490756275119e-09,493615379
206,-0.566395474920802,0.197311400783862,0.567567567567567,0.385536767575395,0.83554402808435,0.432432432432433,0.16445597191565,0.614463232424605,121,0.00409737148955006,478141017
955,-0.776034840365713,0.187277739606465,0.460227272727273,0.318831520346776,0.66432936847527,0.539772727272727,0.33567063152473,0.681168479653224,125,3.41650668611469e-05,459736257
380,-0.871395411966265,0.180563798219513,0.418367346938775,0.293671361942544,0.596010573951823,0.581632653061225,0.403989426048177,0.706328638057456,131,1.39323718815835e-06,947657697
605,-0.990981624475745,0.159234408316497,0.371212121212121,0.271694955304417,0.507180704847494,0.628787878787879,0.492819295152506,0.728305044695583,164,4.8645193326171e-10,264963749
106,-1.0171968971826,0.17378959082318,0.361607142857143,0.257221361484551,0.50835484662171,0.638392857142857,0.49164515337829,0.742778638515449,137,4.82676825656673e-09,568945141
306,-0.894886823211002,0.176055318361421,0.408653846153846,0.289399003973338,0.577050935502585,0.591346153846154,0.422949064497415,0.710600996026662,137,3.71545932474241e-07,195780233
681,-0.980829253011726,0.16666666669232,0.375,0.270498177794678,0.519874112079017,0.625,0.480125887920983,0.729501822205322,150,3.98112920637264e-09,969381064
456,-1.16623247634309,0.166524155617197,0.311538461538461,0.224784340315165,0.431774797486654,0.688461538461538,0.568225202513346,0.775215659684835,146,2.49854191478371e-12,432250747
506,-0.622529613345992,0.189086964710486,0.536585365853658,0.370414268855327,0.777302277631099,0.463414634146342,0.222697722368901,0.629585731144673,129,0.000993741659275793,46747057
81,-1.14896617481372,0.178722270318208,0.316964285714286,0.22329636744396,0.449923836954407,0.683035714285714,0.550076163045593,0.77670363255604,127,1.28632050870063e-10,252354254
156,-0.791587253373198,0.179798738088744,0.453125,0.318546663501441,0.64455946067089,0.546875,0.35544053932911,0.681453336498559,135,1.06946645536154e-05,832486839
331,-1.24319351747922,0.189466186708139,0.288461538461538,0.198982097679232,0.418178620801034,0.711538461538461,0.581821379198966,0.801017902320768,112,5.3248183560181e-11,603071034
881,-0.936093359170335,0.179186615425129,0.392156862745098,0.276017041138602,0.557164892296824,0.607843137254902,0.442835107703176,0.723982958861398,131,1.74980118201586e-07,704145542
231,-1.16666575191313,0.177843658024186,0.31140350877193,0.21975699385226,0.441269893510933,0.68859649122807,0.558730106489067,0.78024300614774,128,5.3784743684031e-11,824475898
631,-1.03174934343898,0.190268149961181,0.356382978723404,0.245448515942634,0.517456082535252,0.643617021276596,0.482543917464748,0.754551484057366,114,5.87361344866216e-08,669960358
131,-0.961411167154624,0.180078749351268,0.382352941176471,0.268646462317369,0.544186476029563,0.617647058823529,0.455813523970437,0.731353537682631,129,9.35444758758837e-08,21665868
656,-1.1551826401565,0.189401731465866,0.315,0.217315902439537,0.456593368852088,0.685,0.543406631147912,0.782684097560463,113,1.06658379896112e-09,477238831
531,-0.763764747773898,0.186875345326805,0.465909090909091,0.323022372254298,0.672000764147838,0.534090909090909,0.327999235852162,0.676977627745702,126,4.36934616147545e-05,367663655
806,-0.764243102243675,0.173591932236292,0.465686274509804,0.331384138434305,0.654417882797406,0.534313725490196,0.345582117202594,0.668615861565695,146,1.06997457949171e-05,136251720
731,-0.538996500732688,0.208062594495599,0.583333333333333,0.387983800129518,0.877041200339253,0.416666666666667,0.122958799660747,0.612016199870482,110,0.0095822771953894,923321168
756,-0.886642037952025,0.17249485089291,0.412037037037037,0.293838279351455,0.577782174143473,0.587962962962963,0.422217825856527,0.706161720648545,143,2.74581658238292e-07,666292134
281,-0.84267891453091,0.171088300887491,0.430555555555555,0.307892118355101,0.602087794290176,0.569444444444445,0.397912205709824,0.692107881644898,147,8.41864537287576e-07,946275609
256,-0.962137119999574,0.176673720599331,0.382075471698113,0.270249073874799,0.540174528557187,0.617924528301887,0.459825471442813,0.729750926125201,134,5.15609691688781e-08,160636530
481,-0.784714374085436,0.19671967403058,0.45625,0.310280717716832,0.670889457881088,0.54375,0.329110542118912,0.689719282283168,113,6.63529983428294e-05,221897513
706,-0.974998332700933,0.17079744329144,0.37719298245614,0.269886124461522,0.527165100829192,0.62280701754386,0.472834899170808,0.730113875538478,143,1.13971757693311e-08,159644647
981,-1.1314021114911,0.169201159173491,0.32258064516129,0.231533596755139,0.449430553885113,0.67741935483871,0.550569446114887,0.768466403244861,142,2.2821563605096e-11,837629511
581,-0.776034840365713,0.187277739606465,0.460227272727273,0.318831520346776,0.66432936847527,0.539772727272727,0.33567063152473,0.681168479653224,125,3.41650668611469e-05,499369757
931,-1.02789676386971,0.1711419647254,0.357758620689655,0.255807811960305,0.500341368377076,0.642241379310345,0.499658631622924,0.744192188039695,141,1.900320966927e-09,469359340
431,-0.987946720780591,0.188579718000837,0.372340425531915,0.257288777698061,0.538839640522465,0.627659574468085,0.461160359477535,0.742711222301939,117,1.61553074864876e-07,117695199
356,-0.420106658101113,0.17917971821042,0.656976744186046,0.462415032438496,0.933400543068862,0.343023255813954,0.066599456931138,0.537584967561504,156,0.0190469629348412,816210612
856,-0.866994110362927,0.18421407004948,0.420212765957447,0.292863967327954,0.602937842728438,0.579787234042553,0.397062157271562,0.707136032672046,126,2.52069112474859e-06,677592659
906,-0.875468737353899,0.177122977137628,0.416666666666667,0.29445667708674,0.589598146758852,0.583333333333333,0.410401853241148,0.70554332291326,136,7.70413063082506e-07,129938949
181,-0.905708622543618,0.185565326752563,0.404255319148936,0.280997367011522,0.581579695205854,0.595744680851064,0.418420304794146,0.719002632988478,123,1.05652380055479e-06,755668563
406,-0.992390075412802,0.169909641562469,0.370689655172414,0.26569483822052,0.51717534812549,0.629310344827586,0.48282465187451,0.73430516177948,144,5.19840836644264e-09,220236032
831,-0.854415328156067,0.183784100934053,0.425531914893617,0.296821139077602,0.610055642114111,0.574468085106383,0.389944357885889,0.703178860922398,127,3.33521442245009e-06,336432179
32,-0.716677677970139,0.187511535301615,0.488372093023256,0.338174402161157,0.705278991312462,0.511627906976744,0.294721008687538,0.661825597838843,127,0.000132349094541668,886387961
556,-0.812206540575934,0.178612474788266,0.443877551020408,0.312772071948077,0.629938853148575,0.556122448979592,0.370061146851425,0.687227928051923,136,5.43355772562691e-06,958178218
956,-0.773189888233482,0.198821313103029,0.461538461538462,0.312586983519598,0.681467120226184,0.538461538461539,0.318532879773816,0.687413016480402,111,0.000100712776627389,741122750
207,-0.954511944694353,0.181623272180071,0.385,0.269688681444944,0.549615205227882,0.615,0.450384794772118,0.730311318555056,127,1.47663325937661e-07,95512542
57,-1.00330210886378,0.16742252846843,0.366666666666667,0.2640955697112,0.509074970820091,0.633333333333333,0.490925029179909,0.7359044302888,148,2.06467873605061e-09,481362551
781,-0.672527893357209,0.176174387846325,0.510416666666667,0.361380684513655,0.720916155111404,0.489583333333333,0.279083844888596,0.638619315486345,146,0.000134866088370194,257029099
7,-0.867500567704723,0.178619041301559,0.42,0.295943282673142,0.596060158577166,0.58,0.403939841422834,0.704056717326858,134,1.19353260867346e-06,532065251
381,-0.980829253011726,0.179028718537414,0.375,0.264022990726223,0.532624070400825,0.625,0.467375929599175,0.735977009273777,130,4.28670240221719e-08,331708896
107,-0.774116243093612,0.185122702566494,0.461111111111111,0.320795935536302,0.662799721681832,0.538888888888889,0.337200278318168,0.679204064463698,128,2.89415711145889e-05,452030071
606,-0.918697471904721,0.176858593265873,0.399038461538461,0.282145059457017,0.564361091749827,0.600961538461539,0.435638908250173,0.717854940542983,135,2.05236408437309e-07,548237647
307,-1.29098418131557,0.178376517022428,0.275,0.193864516903472,0.390092014814939,0.725,0.609907985185062,0.806135483096528,126,4.57330377102914e-13,103909388
332,-1.15267950993839,0.177292832754577,0.315789473684211,0.223092883377271,0.447002119386792,0.684210526315789,0.552997880613208,0.776907116622729,129,7.94927492146676e-11,472095501
657,-1.04145387482816,0.183021124561889,0.352941176470588,0.246555369654285,0.505231235576451,0.647058823529412,0.494768764423549,0.753444630345715,123,1.2678078616786e-08,33111242
682,-1.15976671182144,0.174535572487963,0.313559322033898,0.22271771800412,0.441453196070101,0.686440677966102,0.558546803929899,0.77728228199588,133,3.03478649215858e-11,9863281
457,-0.893817876022096,0.191353499127253,0.409090909090909,0.281150872020887,0.595251121570036,0.590909090909091,0.404748878429964,0.718849127979113,116,2.99693610792976e-06,425932232
507,-1.02789676386971,0.1711419647254,0.357758620689655,0.255807811960305,0.500341368377076,0.642241379310345,0.499658631622924,0.744192188039695,141,1.90032096692697e-09,963543148
982,-1.0330150061823,0.169864400200883,0.355932203389831,0.255139936735613,0.496542152635317,0.64406779661017,0.503457847364683,0.744860063264387,143,1.19130473854584e-09,825618866
82,-0.902497409741819,0.189527972529084,0.405555555555556,0.27972021431728,0.587999365878558,0.594444444444444,0.412000634121442,0.72027978568272,118,1.91858187810064e-06,622484294
157,-0.945737933200456,0.171322490467572,0.388392857142857,0.277613937560702,0.543376938510546,0.611607142857143,0.456623061489454,0.722386062439298,143,3.38574429797079e-08,967662410
582,-0.682097344373361,0.182239494009315,0.505555555555555,0.353709194048131,0.722589132693869,0.494444444444445,0.277410867306131,0.646290805951869,136,0.000181935889423129,816116633
882,-0.780158557549575,0.179435140673189,0.458333333333333,0.322437818938361,0.651503738414142,0.541666666666667,0.348496261585858,0.677562181061639,136,1.37473399960434e-05,663778249
132,-0.78845736036427,0.187689298415565,0.454545454545455,0.314641423848716,0.65665724404831,0.545454545454545,0.34334275595169,0.685358576151284,124,2.65897392205638e-05,384677139
632,-0.843970070294529,0.177842365558793,0.43,0.303451130348835,0.609323813648171,0.57,0.390676186351829,0.696548869651165,136,2.07881434864905e-06,550229245
807,-0.808216510344733,0.184212519655584,0.445652173913043,0.310594705525377,0.639437365094411,0.554347826086957,0.360562634905589,0.689405294474623,128,1.14706546871839e-05,118649303
232,-1.14306405123894,0.160799222614999,0.318840579710145,0.232648921526693,0.436964481085021,0.681159420289855,0.563035518914979,0.767351078473307,157,1.17190583087692e-12,802810745
732,-0.751643387241554,0.186481810134144,0.471590909090909,0.327213957137102,0.679671452535278,0.528409090909091,0.320328547464722,0.672786042862898,127,5.56222101725573e-05,167539563
757,-1.15671991947539,0.170145658440145,0.314516129032258,0.225327747268317,0.439006720746393,0.685483870967742,0.560993279253607,0.774672252731683,140,1.05780174281504e-11,737941281
282,-0.597837000755621,0.179786629876911,0.55,0.38665891923329,0.782343261600767,0.45,0.217656738399233,0.61334108076671,144,0.000883366238217318,173204068
532,-0.904456274227152,0.196253423346127,0.404761904761905,0.27551700839653,0.594635519962872,0.595238095238095,0.405364480037128,0.72448299160347,110,4.05362097203593e-06,945984009
257,-0.845726768155162,0.172791595650655,0.429245283018868,0.305932107530632,0.602262751958781,0.570754716981132,0.397737248041219,0.694067892469368,144,9.85608976405435e-07,457133683
482,-1.03691871966277,0.176074788119705,0.354545454545455,0.251071137677659,0.500664793657916,0.645454545454545,0.499335206342084,0.748928862322341,133,3.88348677725738e-09,337631750
707,-1.11185751541813,0.175719074066591,0.328947368421052,0.233106331304604,0.464193188514217,0.671052631578948,0.535806811485783,0.766893668695396,132,2.49210225216501e-10,1955416
932,-0.899279386047618,0.177921431870201,0.406862745098039,0.287078671347818,0.576626931466292,0.593137254901961,0.423373068533708,0.712921328652182,134,4.31831076745953e-07,816947282
357,-0.705725962766806,0.194057279848015,0.49375,0.337540005051986,0.722252351872937,0.50625,0.277747648127063,0.662459994948014,119,0.000276165097029615,744738692
432,-0.940709259222301,0.169646145592712,0.390350877192982,0.279931711040415,0.544324923957371,0.609649122807018,0.455675076042629,0.720068288959585,146,2.93742500862279e-08,817188691
857,-1.00785792539965,0.183571866436865,0.365,0.254704259843718,0.523057604461522,0.635,0.476942395538478,0.745295740156282,123,4.01334456631294e-08,929826819
208,-1.06421086195078,0.185722248621457,0.345,0.239735324115058,0.496485031729722,0.655,0.503514968270278,0.760264675884942,119,1.00359322727547e-08,619993696
907,-1.2272296664902,0.178737969303727,0.293103448275862,0.206480428358989,0.416066704597483,0.706896551724138,0.583933295402517,0.793519571641011,126,6.59888603363309e-12,952206716
182,-0.783661188100777,0.172502420362128,0.456730769230769,0.325706138670168,0.640463813220836,0.543269230769231,0.359536186779164,0.674293861329832,147,5.54856641549623e-06,21382324
407,-0.810930216216329,0.186338998157482,0.444444444444445,0.308464676957304,0.64036785717566,0.555555555555555,0.35963214282434,0.691535323042696,125,1.34957764499343e-05,93233862
33,-1.0154347821892,0.185722024320904,0.362244897959184,0.251718655649976,0.521301711860115,0.637755102040816,0.478698288139885,0.748281344350024,120,4.56432555817487e-08,751611179
832,-0.805625163986635,0.182157507836089,0.446808510638298,0.312657380537369,0.638519534820171,0.553191489361702,0.361480465179829,0.687342619462631,131,9.74820976325762e-06,169329704
58,-0.85566611005772,0.178226557766004,0.425,0.299696871235809,0.602692311251657,0.575,0.397307688748343,0.700303128764191,135,1.57873471991711e-06,662024522
957,-1.25276296849537,0.1829812636987,0.285714285714286,0.199608036040664,0.4089647625439,0.714285714285714,0.5910352374561,0.800391963959336,120,7.57314105458915e-12,81631803
557,-0.843970070294529,0.177842365558793,0.43,0.303451130348835,0.609323813648171,0.57,0.390676186351829,0.696548869651165,136,2.07881434864905e-06,326156541
782,-0.631271776841858,0.176851903320556,0.531914893617021,0.376101908922336,0.752278697181599,0.468085106382979,0.247721302818401,0.623898091077664,147,0.000357671647738824,692544707
8,-1.16315080980568,0.167705098333909,0.3125,0.224956829840114,0.434111069530134,0.6875,0.565888930469866,0.775043170159886,144,4.04239149444031e-12,490981431
108,-1.26199664444231,0.166411824538358,0.283088235294118,0.204301624195433,0.392258012032628,0.716911764705882,0.607741987967372,0.795698375804567,145,3.36159636891472e-14,65704943
382,-0.961411167154624,0.180078749351268,0.382352941176471,0.268646462317369,0.544186476029563,0.617647058823529,0.455813523970437,0.731353537682631,129,9.35444758758837e-08,888638474
458,-0.95810100193417,0.168752287022907,0.383620689655172,0.275587690059317,0.53400365415391,0.616379310344828,0.46599634584609,0.724412309940683,147,1.36630711145716e-08,241636351
308,-0.848901709969179,0.174547197907391,0.427884615384615,0.303914784362009,0.602422960328107,0.572115384615385,0.397577039671893,0.696085215637991,141,1.15356707160085e-06,38935074
333,-0.843429383609283,0.191753298484188,0.430232558139535,0.295449030522421,0.626504185023012,0.569767441860465,0.373495814976988,0.704550969477579,117,1.08995079499665e-05,877198833
607,-1.18149994847388,0.165822779408418,0.306818181818182,0.2216830491178,0.4246486010944,0.693181818181818,0.5753513989056,0.7783169508822,147,1.04023079341424e-12,752335750
658,-0.875468737353899,0.177122977137628,0.416666666666667,0.29445667708674,0.589598146758852,0.583333333333333,0.410401853241148,0.70554332291326,136,7.70413063082503e-07,680984001
633,-0.44802472252696,0.196589274705544,0.638888888888889,0.434598518217803,0.939209397260569,0.361111111111111,0.0607906027394307,0.565401481782197,128,0.0226677409841281,306473950
683,-1.18562366565774,0.183493960877206,0.305555555555556,0.213255304073847,0.437804808355594,0.694444444444444,0.562195191644406,0.786744695926153,120,1.03754444354969e-10,190691997
983,-0.960626545694207,0.183688585952438,0.38265306122449,0.266961838294743,0.548480510172441,0.61734693877551,0.451519489827559,0.733038161705257,124,1.69833596562775e-07,253247758
83,-1.02629162708848,0.168209909493379,0.358333333333333,0.257695405194705,0.498273446826736,0.641666666666667,0.501726553173264,0.742304594805296,146,1.0523855960056e-09,300627434
508,-0.824175442966349,0.165963428678285,0.43859649122807,0.316808500844978,0.607202400202337,0.56140350877193,0.392797599797663,0.683191499155022,157,6.83457129208642e-07,542316315
158,-0.909370289029581,0.173241944695478,0.402777777777778,0.286814887891125,0.565625931988537,0.597222222222222,0.434374068011463,0.713185112108875,141,1.52815377539677e-07,742907051
583,-0.816761136527122,0.190823763465107,0.441860465116279,0.303987456386683,0.642265549221943,0.558139534883721,0.357734450778057,0.696012543613317,119,1.86737464889517e-05,151173930
808,-0.888891757686041,0.189038979439611,0.411111111111111,0.283823887087362,0.595483161806567,0.588888888888889,0.404516838193433,0.716176112912638,119,2.57422114065186e-06,766883046
758,-1.13094766931105,0.179628297416161,0.322727272727273,0.226952924775397,0.45891848569503,0.677272727272727,0.54108151430497,0.773047075224602,126,3.05337678288049e-10,97752409
883,-0.762140052046897,0.184734902330962,0.466666666666667,0.32490780711719,0.670275607440939,0.533333333333333,0.329724392559061,0.67509219288281,129,3.69789133430674e-05,143124040
133,-1.17572959201254,0.168176180998438,0.30859375,0.221939856645172,0.429080670676076,0.69140625,0.570919329323924,0.778060143354828,143,2.72819126820882e-12,531662129
283,-0.358508125020393,0.186588685342763,0.698717948717949,0.484704802390638,1.00722495311106,0.301282051282051,-0.00722495311106441,0.515295197609362,148,0.0546835771944376,313384255
733,-0.891598119283784,0.179429991812572,0.41,0.2884381960877,0.582793826476743,0.59,0.417206173523257,0.7115618039123,132,6.72787846902632e-07,378606532
233,-0.832409247893453,0.177466202090432,0.435,0.307206041222607,0.615954683856246,0.565,0.384045316143754,0.692793958777393,137,2.72508003775761e-06,230805251
533,-1.15267950993839,0.177292832754577,0.315789473684211,0.223092883377271,0.447002119386792,0.684210526315789,0.552997880613208,0.776907116622729,129,7.94927492146664e-11,365162346
258,-0.930818832437065,0.177273492637989,0.394230769230769,0.278519140902665,0.558015147198083,0.605769230769231,0.441984852801917,0.721480859097335,134,1.51480967260826e-07,801959419
708,-0.942801857422487,0.195400069344794,0.38953488372093,0.265595990921748,0.571309171907587,0.61046511627907,0.428690828092413,0.734404009078252,110,1.40015768278673e-06,511218660
483,-0.998528830111127,0.171606006779513,0.368421052631579,0.263192276930765,0.515722093387516,0.631578947368421,0.484277906612484,0.736807723069235,141,5.92968181254916e-09,397119123
933,-0.661730984326566,0.177724151596739,0.515957446808511,0.364195699205629,0.730958897916176,0.484042553191489,0.269041102083824,0.635804300794371,144,0.00019658894891536,987850248
358,-1.16922985588206,0.165368186510197,0.31060606060606,0.224619920892555,0.429508320107388,0.68939393939394,0.570491679892612,0.775380079107445,148,1.54416179913736e-12,235182965
858,-0.713766467762681,0.175570014362687,0.489795918367347,0.347191987937622,0.690972286181944,0.510204081632653,0.309027713818056,0.652808012062378,145,4.79453131098324e-05,314629324
433,-0.749027638954402,0.182300255952524,0.472826086956522,0.330770805157856,0.675889483051332,0.527173913043478,0.324110516948668,0.669229194842144,133,3.97792604596868e-05,838046796
59,-0.939280250098854,0.172654930911521,0.390909090909091,0.278683737787552,0.548327356911881,0.609090909090909,0.451672643088119,0.721316262212448,141,5.32157810433828e-08,952427130
209,-0.843970070294529,0.177842365558793,0.43,0.303451130348835,0.609323813648171,0.57,0.390676186351829,0.696548869651165,136,2.07881434864905e-06,944778854
958,-0.945737933200456,0.171322490467572,0.388392857142857,0.277613937560702,0.543376938510546,0.611607142857143,0.456623061489454,0.722386062439298,143,3.38574429797079e-08,202010405
908,-0.993251773010284,0.176120749850675,0.37037037037037,0.26225391596143,0.523058772050746,0.62962962962963,0.476941227949254,0.73774608403857,134,1.70438943186953e-08,83144357
183,-1.06352096885684,0.165430555685391,0.345238095238095,0.249634133272717,0.47745611083328,0.654761904761905,0.52254388916672,0.750365866727283,150,1.28610037183984e-10,17330854
309,-0.607204750759221,0.19340561387199,0.544871794871795,0.372964220192526,0.796015426609977,0.455128205128205,0.203984573390023,0.627035779807474,124,0.00169213043415565,347842528
408,-1.02585293438568,0.178957590715259,0.358490566037736,0.252434525978341,0.509104233820547,0.641509433962264,0.490895766179453,0.747565474021659,129,9.90310285291511e-09,399134952
34,-0.897941593205958,0.17286455649434,0.407407407407407,0.29032627618788,0.571704352047741,0.592592592592593,0.428295647952259,0.70967372381212,142,2.05292127208057e-07,130243797
833,-1.32278095539756,0.178264012111564,0.266393442622951,0.187838636937705,0.377800155651909,0.733606557377049,0.622199844348091,0.812161363062295,126,1.16813247292623e-13,489263445
783,-0.739667196194838,0.186096842113486,0.477272727272727,0.331406253449665,0.687341454264213,0.522727272727273,0.312658545735787,0.668593746550335,128,7.04869944620361e-05,897038622
9,-1.14184102321893,0.16562852460517,0.319230769230769,0.230739256378193,0.441659930881618,0.680769230769231,0.558340069118382,0.769260743621807,148,5.42496896206553e-12,668820301
558,-1.09002854497672,0.17338365591714,0.336206896551724,0.239343800211948,0.472270755243482,0.663793103448276,0.527729244756518,0.760656199788052,136,3.24074309576369e-10,980516790
109,-1.10316810520397,0.178550968430647,0.331818181818182,0.23383920154214,0.470850503504145,0.668181818181818,0.529149496495855,0.76616079845786,128,6.47342715135774e-10,401565420
459,-0.839750654751821,0.189433807638463,0.431818181818182,0.297889074445395,0.62596099738106,0.568181818181818,0.37403900261894,0.702110925554605,120,9.29522980011138e-06,341895313
383,-1.10809103262265,0.182081407131628,0.330188679245283,0.231086302842419,0.471791545239658,0.669811320754717,0.528208454760342,0.768913697157581,123,1.15990543793393e-09,843336869
334,-0.599815240767726,0.17787670025636,0.548913043478261,0.387342034207934,0.777879761789083,0.451086956521739,0.222120238210917,0.612657965792066,147,0.000746015913462359,629032992
608,-0.961411167154624,0.180078749351268,0.382352941176471,0.268646462317368,0.544186476029563,0.617647058823529,0.455813523970437,0.731353537682631,129,9.35444758758837e-08,159992102
634,-0.781875296168629,0.170813356881633,0.457547169811321,0.327370302994446,0.639488098607104,0.542452830188679,0.360511901392896,0.672629697005554,150,4.70866636938158e-06,492042306
659,-1.01278085281833,0.17847951570095,0.363207547169811,0.255995791121251,0.515319887656386,0.636792452830189,0.484680112343614,0.744004208878749,130,1.39099593372277e-08,752123528
684,-1.10809103262265,0.182081407131628,0.330188679245283,0.231086302842419,0.471791545239658,0.669811320754717,0.528208454760342,0.768913697157581,123,1.15990543793392e-09,879807701
759,-0.8754687373539,0.167541563344686,0.416666666666667,0.300038593553099,0.578629265839384,0.583333333333333,0.421370734160616,0.699961406446901,152,1.73795546252724e-07,491043790
284,-1.0783276174966,0.168646480550346,0.340163934426229,0.244419652062894,0.473413251789415,0.659836065573771,0.526586748210585,0.755580347937106,144,1.61588757407173e-10,891367842
984,-1.17572959201254,0.168176180998438,0.30859375,0.221939856645172,0.429080670676076,0.69140625,0.570919329323924,0.778060143354828,143,2.72819126820893e-12,99893932
84,-1.1901794821936,0.174256411104903,0.304166666666667,0.216164460018189,0.427995245394764,0.695833333333333,0.572004754605236,0.783835539981811,133,8.48868025091516e-12,769295502
509,-0.962137119999574,0.176673720599331,0.382075471698113,0.270249073874799,0.540174528557187,0.617924528301887,0.459825471442813,0.729750926125201,134,5.15609691688784e-08,438890043
159,-1.01160091167848,0.175162262462575,0.363636363636363,0.257969830342356,0.512584765370397,0.636363636363637,0.487415234629603,0.742030169657644,135,7.68517940472311e-09,947597813
734,-0.768859002295642,0.179079000446669,0.463541666666666,0.326329590820929,0.658447418744872,0.536458333333334,0.341552581255128,0.673670409179071,137,1.75952175518113e-05,604411009
584,-0.918953849293639,0.186037440020069,0.398936170212766,0.277043559260732,0.574458645884812,0.601063829787234,0.425541354115188,0.722956440739268,122,7.8275846050785e-07,495967172
134,-0.767255152713666,0.177192478016286,0.464285714285715,0.328064177063929,0.657070291608799,0.535714285714285,0.342929708391201,0.671935822936071,140,1.49064550302405e-05,831498170
884,-0.980829253011726,0.175682092258618,0.375,0.265760480109133,0.529141879719111,0.625,0.470858120280889,0.734239519890867,135,2.36434686940868e-08,158549091
210,-0.987138422204991,0.177556054208397,0.372641509433962,0.263120837620395,0.52774875532115,0.627358490566038,0.47225124467885,0.736879162379605,132,2.70412977393751e-08,15861712
234,-0.693147180559946,0.176776695207365,0.5,0.353587911240123,0.707037746633322,0.5,0.292962253366678,0.646412088759877,144,8.81703413136742e-05,507629029
809,-0.744440474947497,0.174717817638992,0.475,0.337266754630902,0.668980849437471,0.525,0.331019150562529,0.662733245369098,145,2.03681862006367e-05,971429690
709,-1.07077748967467,0.1670141854703,0.342741935483871,0.247061180645669,0.475477507361654,0.657258064516129,0.524522492638346,0.752938819354331,147,1.44287112675213e-10,353407974
259,-1.07121331448,0.178974948082375,0.342592592592593,0.241231610673384,0.486543551119539,0.657407407407407,0.513456448880461,0.758768389326616,128,2.16031737318592e-09,307539885
484,-0.937745666875415,0.175829796420432,0.391509433962264,0.27738031523852,0.552597385108769,0.608490566037736,0.447402614891231,0.72261968476148,136,9.64661015598195e-08,175472082
934,-0.632522558743511,0.191741247100043,0.53125,0.364828281622178,0.773587401845886,0.46875,0.226412598154114,0.635171718377822,125,0.000970872807471184,628096380
359,-0.905708622543618,0.185565326752563,0.404255319148936,0.280997367011522,0.581579695205853,0.595744680851064,0.418420304794147,0.719002632988478,123,1.05652380055477e-06,223453644
35,-1.07263680226485,0.174253758863929,0.342105263157895,0.243127837479941,0.481376432634902,0.657894736842105,0.518623567365098,0.756872162520059,135,7.47927968344164e-10,21434389
60,-0.800777844752311,0.178246457580771,0.448979591836735,0.316594190301708,0.636722593341895,0.551020408163265,0.363277406658105,0.683405809698292,137,7.03814682896957e-06,318054365
959,-1.05908144991147,0.166604139332591,0.346774193548387,0.250168756542233,0.480684890364529,0.653225806451613,0.51931510963547,0.749831243457767,148,2.05901322029796e-10,538474290
534,-1.1551826401565,0.189401731465866,0.315,0.217315902439537,0.456593368852088,0.685,0.543406631147912,0.782684097560463,113,1.06658379896111e-09,803388936
834,-0.829483624112076,0.175624025133436,0.436274509803922,0.309220585389303,0.61553291371279,0.563725490196078,0.38446708628721,0.690779414610697,140,2.32316961997211e-06,251064752
859,-1.08731273341418,0.162442205768799,0.337121212121212,0.245196927327283,0.463507895065818,0.662878787878788,0.536492104934182,0.754803072672717,155,2.17841580673545e-11,353552520
434,-0.87947675875144,0.17902009044174,0.415,0.292190384189093,0.589427336830301,0.585,0.410572663169699,0.707809615810907,133,8.98184863697387e-07,377519786
184,-0.894886823211001,0.176055318361421,0.408653846153846,0.289399003973339,0.577050935502586,0.591346153846154,0.422949064497414,0.710600996026661,137,3.71545932474246e-07,794456169
909,-1.10293194981263,0.173863142458733,0.331896551724138,0.236053348326701,0.46665434668572,0.668103448275862,0.53334565331428,0.763946651673299,135,2.24342163639601e-10,373903505
460,-0.72054615474806,0.202276829940852,0.486486486486486,0.32725962713402,0.72318453579685,0.513513513513514,0.27681546420315,0.67274037286598,109,0.00036779030908096,111504119
409,-0.777704568588009,0.204286341674655,0.459459459459459,0.307863603213427,0.685702995363277,0.540540540540541,0.314297004636723,0.692136396786573,105,0.000140700417260754,365684553
310,-0.70432048115807,0.182915765561005,0.494444444444445,0.345477143136757,0.707645392752365,0.505555555555555,0.292354607247635,0.654522856863243,134,0.000117868178807032,721199054
635,-0.993251773010284,0.176120749850675,0.37037037037037,0.26225391596143,0.523058772050746,0.62962962962963,0.476941227949254,0.73774608403857,134,1.70438943186952e-08,42727826
784,-0.962810747509048,0.173454835896798,0.381818181818182,0.27177629965317,0.536415883772747,0.618181818181818,0.463584116227253,0.72822370034683,139,2.84387358733325e-08,934537296
660,-0.867500567704723,0.178619041301559,0.42,0.295943282673142,0.596060158577166,0.58,0.403939841422834,0.704056717326858,134,1.19353260867347e-06,798491813
10,-1.00853185556106,0.166220930353037,0.364754098360656,0.263337475509559,0.505228327314414,0.635245901639344,0.494771672685586,0.736662524490441,150,1.29982988917175e-09,126345567
559,-0.949867027407759,0.176247117676677,0.386792452830189,0.273814329888202,0.546386310853339,0.613207547169811,0.453613689146661,0.726185670111798,135,7.0691491958217e-08,226359992
110,-1.02585293438568,0.178957590715259,0.358490566037736,0.252434525978341,0.509104233820547,0.641509433962264,0.490895766179453,0.747565474021659,129,9.90310285291511e-09,257512729
384,-1.15976671182144,0.174535572487963,0.313559322033898,0.22271771800412,0.4414531960701,0.686440677966102,0.5585468039299,0.77728228199588,133,3.03478649215853e-11,737294731
510,-0.939280250098855,0.172654930911521,0.390909090909091,0.278683737787551,0.548327356911881,0.609090909090909,0.451672643088119,0.721316262212449,141,5.32157810433809e-08,842788430
335,-0.889857474806,0.169489551548289,0.410714285714286,0.294625302323515,0.572544934733979,0.589285714285714,0.427455065266021,0.705374697676485,148,1.51917460647835e-07,521956993
685,-0.838654764231183,0.181332639410804,0.432291666666667,0.302988567048473,0.61677602851446,0.567708333333333,0.38322397148554,0.697011432951527,131,3.74685051176056e-06,409750676
609,-0.451985123743058,0.205445350729417,0.636363636363636,0.425431805901795,0.951876827421383,0.363636363636364,0.0481231725786165,0.574568194098205,117,0.0278050467545782,509726668
760,-0.959775843813894,0.187524624101984,0.382978723404255,0.265187712879722,0.553090114876015,0.617021276595745,0.446909885123985,0.734812287120278,119,3.08576053544607e-07,463742175
285,-0.738609554636703,0.183984046078094,0.477777777777778,0.33313360319157,0.685225395310851,0.522222222222222,0.314774604689149,0.66686639680843,131,5.95642549409229e-05,167256526
85,-0.871838969303321,0.170444663773751,0.418181818181818,0.299421089083405,0.584047147758316,0.581818181818182,0.415952852241684,0.700578910916595,147,3.13599448427206e-07,187854563
985,-1.14045939860361,0.17092090407884,0.319672131147541,0.228673921259457,0.446882053141792,0.680327868852459,0.553117946858208,0.771326078740543,139,2.51585710790304e-11,760097140
735,-0.93826963859293,0.188753859126204,0.391304347826087,0.27030065447183,0.566476958506798,0.608695652173913,0.433523041493202,0.72969934552817,118,6.66554214111497e-07,10985053
160,-1.01405490064005,0.181992737933871,0.362745098039216,0.253915406569272,0.518219858847289,0.637254901960784,0.481780141152711,0.746084593430728,125,2.51900033703531e-08,520516835
585,-0.974559639998131,0.177109922189613,0.377358490566038,0.266684568917655,0.533962017300849,0.622641509433962,0.466037982699151,0.733315431082345,133,3.74295791843892e-08,303162652
960,-1.01278085281833,0.17847951570095,0.363207547169811,0.255995791121251,0.515319887656387,0.636792452830188,0.484680112343613,0.744004208878749,130,1.39099593372278e-08,286325221
885,-0.816761136527122,0.190823763465107,0.441860465116279,0.303987456386683,0.642265549221943,0.558139534883721,0.357734450778057,0.696012543613317,119,1.86737464889516e-05,204939307
135,-1.02766055269583,0.18250061173615,0.357843137254902,0.250234905858612,0.51172601376717,0.642156862745098,0.48827398623283,0.749765094141388,124,1.79169958950702e-08,985849794
211,-1.16315080980568,0.19364916733511,0.3125,0.213803864891659,0.456756242687594,0.6875,0.543243757312406,0.786196135108341,108,1.89588561540596e-09,763746781
235,-0.9230096821229,0.17056698954579,0.397321428571429,0.284416706848875,0.555045866858736,0.602678571428571,0.444954133141264,0.715583293151125,145,6.25267970077302e-08,397086742
710,-0.90078654533819,0.183449846456447,0.40625,0.283557136237981,0.582031066788204,0.59375,0.417968933211796,0.716442863762019,126,9.0955456162298e-07,364859537
810,-0.820486602936547,0.184620717848642,0.440217391304348,0.306561601314157,0.632144896086357,0.559782608695652,0.367855103913643,0.693438398685843,127,8.82301594174366e-06,689701678
935,-1.00900012997842,0.187400767419964,0.364583333333333,0.252511399488491,0.526396064548771,0.635416666666667,0.473603935451229,0.747488600511509,118,7.2774210976617e-08,474169019
311,-1.00680473941499,0.160968727341319,0.365384615384615,0.266522223757964,0.50091851732786,0.634615384615385,0.49908148267214,0.733477776242036,160,3.98381595340207e-10,646736768
260,-1.36827585561721,0.189839303216879,0.254545454545455,0.175458268132271,0.369280907189321,0.745454545454545,0.630719092810679,0.824541731867729,111,5.69684378002467e-13,652388767
860,-0.893817876022097,0.171151772712394,0.409090909090909,0.292506267137522,0.572142858813154,0.590909090909091,0.427857141186846,0.707493732862478,145,1.76647604870939e-07,340108118
485,-0.522801814812706,0.201543100310035,0.592857142857143,0.399389146551323,0.880042922727666,0.407142857142857,0.119957077272334,0.600610853448677,118,0.00948678387278773,632319534
61,-0.741465757830754,0.169614016631144,0.476415094339622,0.341672322792211,0.66429537007791,0.523584905660378,0.33570462992209,0.658327677207789,154,1.23402235455759e-05,138011002
360,-1.22050210627715,0.174018193069128,0.295081967213115,0.209806102262848,0.415018278473497,0.704918032786885,0.584981721526503,0.790193897737152,133,2.32185452041115e-12,499159620
835,-1.17995792812206,0.194377174290518,0.307291666666667,0.209940695789832,0.449784964499253,0.692708333333333,0.550215035500747,0.790059304210168,107,1.27548196694503e-09,660903646
36,-1.02004996616501,0.18045526474387,0.360576923076923,0.253159441324951,0.513572461588488,0.639423076923077,0.486427538411512,0.746840558675049,127,1.57995291538453e-08,577188858
636,-1.10293194981263,0.173863142458733,0.331896551724138,0.236053348326701,0.46665434668572,0.668103448275862,0.53334565331428,0.763946651673299,135,2.24342163639601e-10,731374783
785,-1.1239300966524,0.188107988650332,0.325,0.224784080531472,0.469895375821382,0.675,0.530104624178618,0.775215919468528,115,2.30203773884625e-09,359961930
461,-0.955511445027436,0.178131325826618,0.384615384615385,0.271269516044096,0.545321111786087,0.615384615384615,0.454678888213913,0.728730483955904,132,8.13609099468889e-08,96953105
185,-0.886642037952025,0.17249485089291,0.412037037037037,0.293838279351455,0.577782174143473,0.587962962962963,0.422217825856527,0.706161720648545,143,2.74581658238292e-07,52794760
435,-0.832409247893453,0.177466202090432,0.435,0.307206041222607,0.615954683856246,0.565,0.384045316143754,0.692793958777393,137,2.72508003775759e-06,486949784
535,-0.714653385780909,0.179293505107951,0.489361702127659,0.344361879776128,0.695416332565509,0.510638297872341,0.304583667434491,0.655638120223872,139,6.72131301095678e-05,729250731
910,-1.22296930501659,0.172706868427763,0.294354838709678,0.209827702982125,0.412932943745668,0.705645161290323,0.587067056254333,0.790172297017875,135,1.42926829563192e-12,770755959
410,-0.932627151193849,0.174020758562228,0.393518518518518,0.279794025274077,0.553467230993645,0.606481481481482,0.446532769006355,0.720205974725923,139,8.35511362645329e-08,774939161
661,-0.703842469676694,0.178967270551252,0.49468085106383,0.348327595941409,0.702525861460589,0.50531914893617,0.297474138539411,0.651672404058591,140,8.39621166398382e-05,256987334
111,-0.937745666875415,0.175829796420432,0.391509433962264,0.27738031523852,0.552597385108769,0.608490566037736,0.447402614891231,0.72261968476148,136,9.64661015598195e-08,67258682
11,-0.829279354884525,0.169110865583341,0.436363636363637,0.313257243796945,0.607849385484355,0.563636363636363,0.392150614515645,0.686742756203055,151,9.40186266951872e-07,366390068
560,-0.770533844175366,0.181027204115704,0.462765957446808,0.324541895126557,0.659860358824093,0.537234042553192,0.340139641175907,0.675458104873443,134,2.07695375312381e-05,826399883
336,-0.611230058092059,0.18874903685855,0.542682926829268,0.374871727153676,0.78561475229966,0.457317073170732,0.21438524770034,0.625128272846324,130,0.00120235246875307,506732502
686,-0.826678573184468,0.180936716145186,0.4375,0.306877074519872,0.623722871118564,0.5625,0.376277128881436,0.693122925480128,132,4.9033185492288e-06,885421096
511,-0.879249460193807,0.173872254549191,0.415094339622641,0.295220478508399,0.583642813863451,0.584905660377359,0.416357186136549,0.704779521491601,141,4.26192621683731e-07,568094391
385,-0.772284501118669,0.183040531929653,0.461956521739131,0.322698331165259,0.661310603022697,0.538043478260869,0.338689396977303,0.677301668834741,131,2.45171376183711e-05,175369369
610,-0.735706794978742,0.178053077935378,0.479166666666666,0.338008439434879,0.679275034754507,0.520833333333333,0.320724965245493,0.661991560565121,140,3.59695338210712e-05,658283753
286,-0.780158557549575,0.179435140673189,0.458333333333333,0.322437818938361,0.651503738414142,0.541666666666667,0.348496261585858,0.677562181061639,136,1.37473399960435e-05,517962750
761,-1.15976671182144,0.174535572487963,0.313559322033898,0.22271771800412,0.441453196070101,0.686440677966102,0.558546803929899,0.77728228199588,133,3.03478649215861e-11,744843331
86,-0.703403680727134,0.175263919924153,0.494897959183674,0.351019096305371,0.697751183858933,0.505102040816326,0.302248816141067,0.648980903694629,146,5.98511393890206e-05,813722167
986,-0.826678573184468,0.180936716145186,0.4375,0.306877074519872,0.623722871118564,0.5625,0.376277128881436,0.693122925480128,132,4.90331854922883e-06,703444281
736,-0.887303195000903,0.177517900653607,0.411764705882353,0.290767329417102,0.583112873617115,0.588235294117647,0.416887126382885,0.709232670582898,135,5.78118216823399e-07,568990873
161,-0.968090227234296,0.178574906100479,0.379807692307692,0.267645854243047,0.538972978094773,0.620192307692308,0.461027021905227,0.732354145756953,131,5.92003807047043e-08,258698985
586,-0.879476758751439,0.17902009044174,0.415,0.292190384189094,0.589427336830302,0.585,0.410572663169698,0.707809615810906,133,8.9818486369741e-07,179567233
886,-0.830006363277142,0.191282898606837,0.436046511627907,0.299717787499421,0.634385305887906,0.563953488372093,0.365614694112094,0.700282212500579,118,1.43030878389871e-05,173099486
961,-0.925769475828699,0.175421453770557,0.39622641509434,0.280947009047305,0.558807771440193,0.60377358490566,0.441192228559807,0.719052990952695,137,1.31028460552749e-07,844741389
212,-0.821401516083624,0.170425450910532,0.439814814814815,0.314922323724084,0.614237406364587,0.560185185185185,0.385762593635413,0.685077676275917,149,1.43765924996436e-06,764090884
136,-0.879249460193807,0.173872254549191,0.415094339622641,0.295220478508399,0.583642813863451,0.584905660377359,0.416357186136549,0.704779521491601,141,4.26192621683733e-07,92668144
236,-0.907557051905401,0.168562821748434,0.403508771929824,0.289982671375431,0.561479512731016,0.596491228070176,0.438520487268984,0.710017328624569,149,7.28129101092045e-08,268239349
936,-0.772284501118669,0.183040531929653,0.461956521739131,0.32269833116526,0.661310603022698,0.538043478260869,0.338689396977302,0.67730166883474,131,2.45171376183713e-05,915158013
711,-0.948672141377196,0.17962758973933,0.387254901960784,0.272331352086734,0.550676071423808,0.612745098039216,0.449323928576192,0.727668647913266,130,1.28251153545617e-07,225651002
811,-1.19123377854851,0.167459975037743,0.303846153846154,0.218832365092717,0.421886795255284,0.696153846153846,0.578113204744716,0.781167634907283,144,1.13101003705069e-12,1056573
62,-0.897941593205958,0.17286455649434,0.407407407407408,0.29032627618788,0.571704352047741,0.592592592592592,0.428295647952259,0.70967372381212,142,2.05292127208058e-07,395180449
312,-0.960209965808991,0.16071428573946,0.3828125,0.279373920484484,0.524549356296803,0.6171875,0.475450643703197,0.720626079515516,162,2.30599133619721e-09,889815420
361,-1.19908281903174,0.164015256335314,0.301470588235294,0.218592324842956,0.41577175976434,0.698529411764706,0.58422824023566,0.781407675157044,150,2.655555461241e-13,944734917
261,-0.614894983660197,0.184413942217666,0.540697674418605,0.376687379115351,0.776118318081906,0.459302325581395,0.223881681918094,0.623312620884649,136,0.000855084105380609,614288051
861,-0.78552050069096,0.174242736778466,0.455882352941177,0.323994094779712,0.641458357024961,0.544117647058823,0.358541642975039,0.676005905220288,144,6.53810018814179e-06,576862199
486,-0.923670839171778,0.178755481482134,0.397058823529412,0.279703505742149,0.563652961460907,0.602941176470588,0.436347038539093,0.720296494257851,132,2.3758773827335e-07,937871220
836,-0.909370289029581,0.173241944695478,0.402777777777778,0.286814887891125,0.565625931988537,0.597222222222222,0.434374068011463,0.713185112108875,141,1.52815377539676e-07,306662262
637,-0.829483624112077,0.175624025133436,0.436274509803921,0.309220585389303,0.61553291371279,0.563725490196079,0.38446708628721,0.690779414610697,140,2.32316961997204e-06,102109494
462,-1.06938265035317,0.171157329854777,0.343220338983051,0.245405127477179,0.480023389497412,0.656779661016949,0.519976610502588,0.754594872522821,140,4.15871463659014e-10,288309760
186,-0.737598943130779,0.181941657710524,0.478260869565218,0.334808002095486,0.683177994330148,0.521739130434782,0.316822005669852,0.665191997904514,134,5.03403837634724e-05,789062798
37,-0.858661619037519,0.164161970478817,0.423728813559322,0.307151806835176,0.584551688920191,0.576271186440678,0.415448311079809,0.692848193164824,159,1.68982930546174e-07,923159204
786,-0.749027638954402,0.182300255952524,0.472826086956522,0.330770805157856,0.675889483051332,0.527173913043478,0.324110516948668,0.669229194842144,133,3.97792604596859e-05,709467149
911,-0.992390075412803,0.169909641562469,0.370689655172414,0.26569483822052,0.517175348125489,0.629310344827587,0.482824651874511,0.73430516177948,144,5.19840836644243e-09,330757209
436,-0.826678573184468,0.180936716145186,0.4375,0.306877074519872,0.623722871118564,0.5625,0.376277128881436,0.693122925480128,132,4.90331854922883e-06,683844264
411,-1.02262638169019,0.172449939429271,0.359649122807018,0.256501170223293,0.504276418790822,0.640350877192982,0.495723581209178,0.743498829776707,139,3.02953500658202e-09,211297184
536,-0.749027638954402,0.182300255952524,0.472826086956522,0.330770805157856,0.675889483051332,0.527173913043478,0.324110516948668,0.669229194842144,133,3.97792604596868e-05,368546154
662,-0.803148075774274,0.180170031696324,0.447916666666667,0.314656142033196,0.637614568657018,0.552083333333333,0.362385431342982,0.685343857966804,134,8.2834885266792e-06,640065697
112,-0.945737933200456,0.171322490467572,0.388392857142857,0.277613937560702,0.543376938510546,0.611607142857143,0.456623061489454,0.722386062439298,143,3.38574429797079e-08,634885978
12,-0.927719427697778,0.172267440524684,0.395454545454546,0.282138439911388,0.554282137413736,0.604545454545454,0.445717862586264,0.717861560088612,142,7.23062231768669e-08,612825681
337,-0.821401516083624,0.170425450910532,0.439814814814815,0.314922323724084,0.614237406364587,0.560185185185185,0.385762593635413,0.685077676275916,149,1.43765924996437e-06,796450616
561,-0.974559639998131,0.177109922189613,0.377358490566038,0.266684568917655,0.533962017300849,0.622641509433962,0.466037982699151,0.733315431082345,133,3.74295791843889e-08,185236918
687,-1.07263680226485,0.174253758863929,0.342105263157895,0.243127837479941,0.481376432634902,0.657894736842105,0.518623567365098,0.756872162520059,135,7.47927968344164e-10,721178524
512,-1.29800175397421,0.171665728767182,0.273076923076923,0.195057596036964,0.382302496453551,0.726923076923077,0.617697503546449,0.804942403963036,136,3.99316718025346e-14,36807425
386,-1.04001812440206,0.171570688843254,0.353448275862069,0.252513517931451,0.494728697034678,0.646551724137931,0.505271302965322,0.747486482068549,140,1.34650826741419e-09,313982601
287,-1.03147298583048,0.177497976086475,0.356481481481481,0.251738953727952,0.504804857402255,0.643518518518519,0.495195142597745,0.748261046272048,131,6.20333982813224e-09,363277411
611,-1.14740245283754,0.168442915791672,0.317460317460317,0.228197339275173,0.44163991342808,0.682539682539683,0.55836008657192,0.771802660724827,143,9.63731152984237e-12,971140211
762,-0.835463402740201,0.179367971384832,0.433673469387755,0.305129754993536,0.616369511569909,0.566326530612245,0.383630488430091,0.694870245006464,134,3.19578224052514e-06,141881067
87,-0.851371185774838,0.196662040570364,0.426829268292683,0.290305430266915,0.627557066720258,0.573170731707317,0.372442933279742,0.709694569733085,111,1.4971459875716e-05,399985926
937,-1.06784063000136,0.164282185191497,0.34375,0.249118200019394,0.474329304285279,0.65625,0.525670695714721,0.750881799980606,152,8.02991292241284e-11,160933370
987,-0.734819876960513,0.176200060014036,0.479591836734694,0.339539276759461,0.677413028789307,0.520408163265306,0.322586971210693,0.660460723240539,143,3.04102216140394e-05,948498551
737,-0.782094666576442,0.181395983233094,0.457446808510638,0.320579731716605,0.652747388289519,0.542553191489362,0.347252611710481,0.679420268283395,133,1.62126980828618e-05,638716828
712,-1.25276296849537,0.195615199131277,0.285714285714286,0.19472602397478,0.419217993542543,0.714285714285714,0.580782006457457,0.80527397602522,105,1.51139044459323e-10,55678803
63,-0.860201265223112,0.17491256559991,0.423076923076923,0.30028489821779,0.596080868210749,0.576923076923077,0.403919131789251,0.699715101782211,140,8.74807476339908e-07,576093864
162,-0.896088024556635,0.181406072875598,0.408163265306123,0.28603605949213,0.582434436557255,0.591836734693877,0.417565563442745,0.71396394050787,129,7.82507156122819e-07,100867716
962,-0.902238978418505,0.174630557220225,0.405660377358491,0.288082442488341,0.571226557013425,0.594339622641509,0.428773442986575,0.711917557511659,139,2.38443678588881e-07,83468374
213,-0.796095149812388,0.183813283572648,0.451086956521739,0.314628542707461,0.6467291256955,0.548913043478261,0.3532708743045,0.685371457292539,129,1.48434347010272e-05,8951794
587,-0.759105148351742,0.180666079052071,0.468085106382979,0.328504692503461,0.666972715512294,0.531914893617021,0.333027284487706,0.671495307496539,135,2.64914918845733e-05,976578781
887,-1.18716568600955,0.175607634910659,0.305084745762712,0.216243470932693,0.430425490747276,0.694915254237288,0.569574509252724,0.783756529067307,131,1.37677120990785e-11,939720914
137,-0.84199280815751,0.183363777144032,0.430851063829787,0.300779088953687,0.617172689261794,0.569148936170213,0.382827310738206,0.699220911046313,128,4.39175105974991e-06,702493243
237,-1.10712297833602,0.172538880751531,0.330508474576271,0.235677020016331,0.46349810329053,0.669491525423729,0.53650189670947,0.764322979983669,137,1.39298430228903e-10,313486985
313,-0.821401516083624,0.170425450910532,0.439814814814815,0.314922323724084,0.614237406364587,0.560185185185185,0.385762593635413,0.685077676275916,149,1.43765924996438e-06,49465369
412,-0.802346472524937,0.163880334192809,0.448275862068965,0.325124847157503,0.618074103749831,0.551724137931034,0.381925896250169,0.674875152842497,162,9.78424150713474e-07,747798494
362,-0.659624488521301,0.183619943577389,0.517045454545455,0.360770605384545,0.741013813420754,0.482954545454545,0.258986186579246,0.639229394615455,135,0.000327727215018634,848694599
862,-1.02961941718116,0.186262925890363,0.357142857142857,0.247910361534098,0.514504596011489,0.642857142857143,0.485495403988511,0.752089638465902,119,3.24318884378344e-08,83997979
262,-1.20650125067929,0.166762534780307,0.299242424242424,0.215811526906355,0.41492699556006,0.700757575757576,0.58507300443994,0.784188473093645,145,4.66057827500876e-13,619869556
812,-0.850776124763528,0.181737324993475,0.427083333333333,0.299100770766393,0.609828497411568,0.572916666666667,0.390171502588432,0.700899229233607,130,2.84991136110175e-06,994368180
487,-0.70432048115807,0.182915765561005,0.494444444444445,0.345477143136757,0.707645392752365,0.505555555555555,0.292354607247635,0.654522856863243,134,0.000117868178807032,357467855
638,-0.773189888233482,0.172184307961003,0.461538461538461,0.329339900095478,0.646802137905351,0.538461538461539,0.353197862094649,0.670660099904522,148,7.10634349465727e-06,203849162
663,-0.908666806763496,0.181841664984124,0.403061224489796,0.282219562370631,0.575645250536748,0.596938775510204,0.424354749463252,0.717780437629369,128,5.82224180209033e-07,323106465
837,-0.640224779105603,0.179020693632271,0.527173913043478,0.371168592967498,0.74874959751217,0.472826086956522,0.25125040248783,0.628831407032502,143,0.000348543271291729,116705018
187,-0.772284501118669,0.183040531929653,0.461956521739131,0.322698331165259,0.661310603022698,0.538043478260869,0.338689396977302,0.677301668834741,131,2.45171376183712e-05,356500539
463,-0.631271776841858,0.176851903320556,0.531914893617021,0.376101908922336,0.752278697181599,0.468085106382979,0.247721302818401,0.623898091077664,147,0.000357671647738829,694003965
113,-0.893817876022097,0.191353499127253,0.409090909090909,0.281150872020887,0.595251121570035,0.590909090909091,0.404748878429965,0.718849127979113,116,2.99693610792972e-06,980886322
787,-1.26694760348732,0.163047560693787,0.28169014084507,0.204637542480175,0.38775551390822,0.71830985915493,0.61224448609178,0.795362457519825,151,7.82279091322945e-15,664040045
912,-0.586537445501687,0.190357440120885,0.55625,0.383034133513324,0.807797622791331,0.44375,0.192202377208669,0.616965866486676,129,0.0020613864940282,556588058
38,-0.778046624346431,0.189510004523146,0.459302325581396,0.316801650887132,0.665901284585279,0.540697674418605,0.334098715414721,0.683198349112868,122,4.03318800504125e-05,244374861
437,-1.06471073699243,0.172456891189681,0.344827586206896,0.245927123564994,0.483501219733698,0.655172413793104,0.516498780266302,0.754072876435006,138,6.66767172826966e-10,852778079
537,-1.09861228866811,0.180020574980507,0.333333333333333,0.234231313629052,0.474364889090259,0.666666666666667,0.525635110909741,0.765768686370948,126,1.04288852146756e-09,909298842
688,-0.818310323513951,0.175268235168364,0.441176470588236,0.312913103346556,0.622015109367693,0.558823529411764,0.377984890632307,0.687086896653444,141,3.02812850369569e-06,805025524
288,-0.575364144903562,0.200308404059937,0.5625,0.379856624023045,0.832962307327841,0.4375,0.167037692672159,0.620143375976955,117,0.00407378020225454,422245324
562,-0.693147180559946,0.178647400162407,0.5,0.352293849890918,0.709634868952179,0.5,0.290365131047821,0.647706150109082,141,0.000104467840956854,484527160
13,-1.1239300966524,0.171718314384521,0.325,0.232122087076378,0.455040712972931,0.675,0.544959287027069,0.767877912923622,138,5.94172398202859e-11,747579486
338,-0.654432668379255,0.197418381308791,0.519736842105263,0.352972338739442,0.765290521082315,0.480263157894737,0.234709478917685,0.647027661260558,117,0.000916585126477734,612038280
738,-0.770533844175366,0.181027204115704,0.462765957446808,0.324541895126557,0.659860358824093,0.537234042553192,0.340139641175907,0.675458104873443,134,2.0769537531238e-05,823033784
163,-0.895671444671419,0.163922995056136,0.408333333333333,0.296130627993147,0.563049192989823,0.591666666666667,0.436950807010177,0.703869372006853,158,4.65584368376524e-08,612637199
513,-0.859274051433919,0.180156476562359,0.423469387755102,0.297490122247293,0.602797568574776,0.576530612244898,0.397202431425224,0.702509877752707,132,1.84593511039335e-06,847840214
387,-0.409042929456048,0.198303092944709,0.664285714285714,0.450359174219144,0.979830178810476,0.335714285714286,0.020169821189524,0.549640825780856,128,0.0391396347721567,209901813
214,-0.949867027407759,0.176247117676677,0.386792452830189,0.273814329888202,0.546386310853339,0.613207547169811,0.453613689146661,0.726185670111798,135,7.0691491958217e-08,367093251
612,-0.95471810900804,0.161809438018217,0.384920634920635,0.280310102454444,0.528571371100635,0.615079365079365,0.471428628899365,0.719689897545556,160,3.62924376145452e-09,808301137
88,-0.768859002295642,0.179079000446669,0.463541666666667,0.326329590820929,0.658447418744872,0.536458333333333,0.341552581255128,0.673670409179071,137,1.75952175518115e-05,326375174
763,-0.860201265223112,0.17491256559991,0.423076923076923,0.30028489821779,0.596080868210749,0.576923076923077,0.403919131789251,0.699715101782211,140,8.74807476339908e-07,363171913
938,-1.015920572823,0.170722409846516,0.362068965517241,0.259102809679574,0.505953354781624,0.637931034482759,0.494046645218376,0.740897190320426,142,2.66972013075099e-09,356363526
988,-1.04219819938802,0.17468649264933,0.352678571428572,0.250429600579394,0.496675211145676,0.647321428571428,0.503324788854324,0.749570399420606,135,2.42981891294471e-09,829624418
363,-1.30494872166594,0.180483108764406,0.271186440677966,0.190388393943476,0.386273995406557,0.728813559322034,0.613726004593443,0.809611606056524,123,4.8189480601491e-13,396971999
64,-0.731368393380142,0.194902573099658,0.48125,0.328450079647163,0.70513474299899,0.51875,0.29486525700101,0.671549920352837,117,0.000175092421482859,144437532
314,-0.871629961046734,0.175285544511327,0.418269230769231,0.296655627794023,0.589738177931203,0.581730769230769,0.410261822068797,0.703344372205977,139,6.60510312438799e-07,41704801
713,-1.10866262452161,0.1874873733377,0.33,0.228520096276949,0.476544521791297,0.67,0.523455478208703,0.771479903723051,116,3.35390812250623e-09,408461384
588,-1.09477351236094,0.163947760782496,0.334615384615385,0.242657275797118,0.461422206498833,0.665384615384615,0.538577793501167,0.757342724202882,152,2.42927857723673e-11,70080467
863,-0.867500567704723,0.178619041301559,0.42,0.295943282673142,0.596060158577167,0.58,0.403939841422833,0.704056717326858,134,1.19353260867348e-06,592466046
963,-0.853489830635125,0.171429529970437,0.425925925925926,0.304377815445694,0.596012209727631,0.574074074074074,0.403987790272369,0.695622184554306,146,6.40250629962255e-07,252407884
888,-0.920931111430658,0.173627260258893,0.398148148148148,0.28330413164141,0.559546897376165,0.601851851851852,0.440453102623835,0.71669586835859,140,1.13248963397739e-07,469858563
639,-1.05252118146784,0.179948431644024,0.349056603773585,0.245314645130016,0.496670358075746,0.650943396226415,0.503329641924254,0.754685354869984,127,4.94490756275136e-09,706873058
188,-1.08091271156871,0.176110867361067,0.339285714285714,0.240247972838929,0.479149915639641,0.660714285714286,0.520850084360359,0.759752027161071,132,8.37336329048816e-10,17302908
488,-0.882389180198474,0.166307083391578,0.413793103448276,0.298691182428549,0.573250040624533,0.586206896551724,0.426749959375467,0.701308817571451,154,1.12190787718916e-07,717179792
138,-0.871629961046734,0.175285544511327,0.418269230769231,0.296655627794023,0.589738177931203,0.581730769230769,0.410261822068797,0.703344372205977,139,6.60510312438799e-07,154630128
788,-0.850332764082357,0.169764884660997,0.427272727272728,0.306338118737594,0.595949287092982,0.572727272727273,0.404050712907018,0.693661881262406,149,5.47463050820727e-07,36130578
913,-1.00063188030791,0.181497042622059,0.367647058823529,0.257596841226226,0.52471280011888,0.632352941176471,0.47528719988112,0.742403158773774,126,3.52341104431304e-08,98606076
413,-1.08956245314819,0.178031827784036,0.336363636363636,0.237283791025741,0.476815105569073,0.663636363636364,0.523184894430927,0.762716208974259,129,9.35500704872526e-10,528539784
238,-1.00063188030791,0.181497042622059,0.367647058823529,0.257596841226226,0.52471280011888,0.632352941176471,0.47528719988112,0.742403158773774,126,3.52341104431304e-08,648481592
664,-0.693147180559946,0.196116135039145,0.5,0.340436132061681,0.734352133793789,0.5,0.265647866206211,0.659563867938319,117,0.000408746902636994,235712110
263,-1.13309846473928,0.173513824484333,0.322033898305085,0.229195641251802,0.452477329373096,0.677966101694915,0.547522670626904,0.770804358748198,135,6.56352123310106e-11,382813392
464,-0.717244732139006,0.189748901904512,0.488095238095238,0.33650383071071,0.70797696700237,0.511904761904762,0.29202303299763,0.66349616928929,124,0.000156848665654441,993508249
114,-1.10293194981263,0.173863142458733,0.331896551724138,0.236053348326701,0.46665434668572,0.668103448275862,0.53334565331428,0.763946651673299,135,2.24342163639597e-10,636011975
838,-0.987386653557885,0.181013087604533,0.372549019607843,0.261279180566279,0.531204865653493,0.627450980392157,0.468795134346507,0.738720819433721,127,4.90333872009735e-08,750599768
813,-0.891598119283784,0.179429991812572,0.41,0.2884381960877,0.582793826476743,0.59,0.417206173523257,0.7115618039123,132,6.72787846902632e-07,419475615
438,-0.784118958765672,0.183422714927756,0.456521739130435,0.318663091446913,0.654020198424506,0.543478260869565,0.345979801575494,0.681336908553087,130,1.91198797814754e-05,963932556
39,-0.812206540575934,0.178612474788266,0.443877551020408,0.312772071948077,0.629938853148575,0.556122448979592,0.370061146851425,0.687227928051923,136,5.43355772562691e-06,413685941
689,-1.27594630395103,0.177741497146743,0.279166666666667,0.197046953320053,0.39550993539694,0.720833333333333,0.60449006460306,0.802953046679947,127,7.03964426955257e-13,87127267
538,-0.90078654533819,0.183449846456447,0.40625,0.283557136237981,0.582031066788204,0.59375,0.417968933211796,0.716442863762019,126,9.09554561622989e-07,851729288
563,-0.798507696217772,0.185924450373577,0.45,0.312574348533641,0.647845867551111,0.55,0.352154132448889,0.687425651466359,126,1.74853577291371e-05,67411970
289,-1.02961941718116,0.174233013134951,0.357142857142857,0.253825095933505,0.50251540313247,0.642857142857143,0.49748459686753,0.746174904066495,136,3.4327411333593e-09,848805458
339,-1.06352096885684,0.165430555685391,0.345238095238095,0.249634133272717,0.47745611083328,0.654761904761905,0.52254388916672,0.750365866727283,150,1.28610037183986e-10,609527636
739,-0.880024553889761,0.190855712192217,0.414772727272727,0.285333994017228,0.602929965922214,0.585227272727273,0.397070034077786,0.714666005982773,117,4.00849036648621e-06,775113484
14,-0.784714374085435,0.19671967403058,0.456250000000001,0.310280717716832,0.670889457881089,0.54375,0.329110542118911,0.689719282283168,113,6.63529983428317e-05,463817496
65,-1.09861228866811,0.175219161036689,0.333333333333333,0.236445974754603,0.469921770613471,0.666666666666667,0.530078229386529,0.763554025245397,133,3.61204967898219e-10,450589326
164,-0.962137119999575,0.176673720599331,0.382075471698113,0.270249073874798,0.540174528557186,0.617924528301887,0.459825471442814,0.729750926125202,134,5.15609691688768e-08,881276166
215,-1.12247977007475,0.182649057376221,0.325471698113208,0.227531783116541,0.465569358362727,0.674528301886792,0.534430641637273,0.772468216883459,122,7.96845539065718e-10,543908155
514,-0.974998332700933,0.17079744329144,0.37719298245614,0.269886124461522,0.527165100829192,0.62280701754386,0.472834899170808,0.730113875538478,143,1.13971757693308e-08,265231408
889,-1.034896474282,0.172885912295444,0.355263157894737,0.253156694577182,0.498552533118422,0.644736842105263,0.501447466881578,0.746843305422818,138,2.15053640480568e-09,228013801
388,-0.967584026261706,0.182093093628413,0.38,0.265941230758994,0.542977106588112,0.62,0.457022893411888,0.734058769241006,126,1.07434518207262e-07,632944098
640,-1.22972530042835,0.177318657148513,0.292372881355932,0.206539524651306,0.413876723579598,0.707627118644068,0.586123276420402,0.793460475348694,128,4.05890492291915e-12,170460224
89,-1.17995792812206,0.194377174290518,0.307291666666667,0.209940695789832,0.449784964499253,0.692708333333333,0.550215035500747,0.790059304210168,107,1.27548196694504e-09,125615121
939,-0.987655218082126,0.184680246406403,0.372448979591837,0.259338310967322,0.534892981609953,0.627551020408163,0.465107018390047,0.740661689032678,122,8.89706803324921e-08,550069455
613,-0.871130335755302,0.18634951954175,0.418478260869565,0.290436974176006,0.602967495158828,0.581521739130435,0.397032504841172,0.709563025823994,123,2.94366411979452e-06,110977184
864,-0.58122926435596,0.195142243776904,0.559210526315789,0.381478405512454,0.819748662633469,0.440789473684211,0.180251337366531,0.618521594487546,123,0.00289672274999101,614852398
364,-1.01856958099457,0.177028334874273,0.361111111111111,0.255243128850831,0.510890283922628,0.638888888888889,0.489109716077372,0.744756871149169,132,8.7306224459746e-09,994700082
764,-0.903442589396306,0.166972085067593,0.405172413793104,0.292087500442692,0.562039404802053,0.594827586206896,0.437960595197947,0.707912499557308,152,6.27647388682181e-08,397604934
989,-0.657215171333882,0.190144549606282,0.518292682926829,0.357045647789913,0.752361236828607,0.481707317073171,0.247638763171393,0.642954352210086,126,0.000547447096191682,556773929
315,-0.7339691750802,0.174403746168898,0.48,0.341026791839695,0.675606742675818,0.52,0.324393257324182,0.658973208160305,146,2.57130173757365e-05,715925045
964,-1.04145387482816,0.183021124561889,0.352941176470588,0.246555369654285,0.505231235576451,0.647058823529412,0.494768764423549,0.753444630345715,123,1.2678078616786e-08,835981290
589,-0.731368393380143,0.194902573099658,0.48125,0.328450079647163,0.70513474299899,0.51875,0.29486525700101,0.671549920352837,117,0.000175092421482858,152996305
714,-1.17968011175689,0.172414546844893,0.307377049180328,0.219236019694588,0.430954048948819,0.692622950819672,0.569045951051181,0.780763980305412,136,7.80325477025604e-12,18635895
189,-0.857769160254499,0.168473910906771,0.424107142857143,0.304838863625004,0.590039165228326,0.575892857142857,0.409960834771674,0.695161136374996,151,3.5541717976491e-07,766234853
115,-0.90078654533819,0.183449846456447,0.40625,0.283557136237981,0.582031066788204,0.59375,0.417968933211796,0.716442863762019,126,9.0955456162298e-07,461755245
139,-1.02585293438568,0.178957590715259,0.358490566037736,0.252434525978341,0.509104233820547,0.641509433962264,0.490895766179453,0.747565474021659,129,9.90310285291511e-09,72752357
789,-0.814844115537466,0.180549270912485,0.442708333333333,0.310766272734956,0.630669044867468,0.557291666666667,0.369330955132532,0.689233727265044,133,6.38748625834578e-06,555553524
914,-0.908666806763496,0.181841664984124,0.403061224489796,0.282219562370632,0.575645250536748,0.596938775510204,0.424354749463252,0.717780437629368,128,5.8222418020904e-07,196099899
489,-0.724237767629976,0.175882003246787,0.48469387755102,0.343365377065666,0.684192905362487,0.51530612244898,0.315807094637513,0.656634622934334,144,3.82592713701387e-05,410300893
239,-1.00785792539965,0.183571866436865,0.365,0.254704259843718,0.523057604461522,0.635,0.476942395538478,0.745295740156282,123,4.01334456631294e-08,9554636
414,-1.18269540587865,0.171134236791517,0.306451612903226,0.219125129114835,0.428579740855613,0.693548387096774,0.571420259144387,0.780874870885165,138,4.81512903306166e-12,493614639
264,-0.980829253011726,0.182574185863157,0.375,0.262194657950271,0.536338158448184,0.625,0.463661841551816,0.737805342049729,125,7.77718148398458e-08,48715939
465,-0.994252273343867,0.183066964588671,0.37,0.258448991179444,0.529698333799835,0.63,0.470301666200165,0.741551008820556,124,5.60123973324915e-08,560672449
665,-0.805625163986636,0.182157507836089,0.446808510638298,0.312657380537369,0.63851953482017,0.553191489361702,0.36148046517983,0.687342619462631,131,9.74820976325745e-06,642756151
839,-1.07121331448,0.178974948082375,0.342592592592593,0.241231610673384,0.486543551119539,0.657407407407407,0.513456448880461,0.758768389326616,128,2.16031737318594e-09,343847261
40,-0.866994110362927,0.18421407004948,0.420212765957447,0.292863967327954,0.602937842728438,0.579787234042553,0.397062157271562,0.707136032672046,126,2.52069112474858e-06,902860381
439,-0.891598119283784,0.179429991812572,0.41,0.2884381960877,0.582793826476743,0.59,0.417206173523257,0.7115618039123,132,6.72787846902636e-07,844701055
564,-0.800777844752311,0.178246457580771,0.448979591836735,0.316594190301708,0.636722593341895,0.551020408163265,0.363277406658105,0.683405809698292,137,7.03814682896955e-06,551624383
814,-1.19594063262867,0.171646047430841,0.30241935483871,0.216025093662606,0.42336501112182,0.69758064516129,0.57663498887818,0.783974906337394,137,3.22665231509339e-12,729085875
690,-1.14990558305566,0.172697890581352,0.316666666666667,0.225736423325558,0.444225067007271,0.683333333333333,0.555774932992729,0.774263576674442,136,2.76672484250618e-11,99888131
539,-1.13309846473928,0.173513824484333,0.322033898305085,0.229195641251802,0.452477329373096,0.677966101694915,0.547522670626904,0.770804358748198,135,6.56352123310098e-11,550770758
216,-0.961411167154624,0.180078749351268,0.382352941176471,0.268646462317369,0.544186476029563,0.617647058823529,0.455813523970437,0.731353537682631,129,9.35444758758837e-08,15389281
340,-0.987138422204991,0.177556054208397,0.372641509433962,0.263120837620395,0.52774875532115,0.627358490566038,0.47225124467885,0.736879162379605,132,2.70412977393749e-08,577190118
740,-0.930818832437065,0.177273492637989,0.394230769230769,0.278519140902664,0.558015147198083,0.605769230769231,0.441984852801917,0.721480859097336,134,1.51480967260825e-07,244277061
290,-0.962810747509048,0.173454835896798,0.381818181818182,0.27177629965317,0.536415883772747,0.618181818181818,0.463584116227253,0.72822370034683,139,2.84387358733326e-08,437040111
940,-0.988264231499244,0.192737114661168,0.372222222222222,0.255119801404728,0.543075770493609,0.627777777777778,0.456924229506391,0.744880198595272,112,2.93577157543231e-07,428287458
15,-0.993251773010283,0.176120749850675,0.37037037037037,0.26225391596143,0.523058772050746,0.62962962962963,0.476941227949254,0.73774608403857,134,1.70438943186955e-08,436823299
66,-0.858226930919395,0.185902241156443,0.423913043478261,0.294466914094307,0.610263020494893,0.576086956521739,0.389736979505107,0.705533085905693,124,3.90172661309874e-06,274001500
165,-1.10930757778486,0.193405346391732,0.329787234042553,0.225739163256626,0.481793314763895,0.670212765957447,0.518206685236105,0.774260836743374,109,9.71325485344427e-09,975160868
965,-1.01856958099457,0.163896390655868,0.361111111111111,0.261897884797362,0.49790869700531,0.638888888888889,0.50209130299469,0.738102115202638,154,5.14174410092704e-10,821395503
590,-1.19523912435718,0.178987746173258,0.302631578947368,0.213088296730182,0.429802452699435,0.697368421052632,0.570197547300565,0.786911703269818,126,2.42604245582365e-11,426886300
890,-0.805625163986635,0.182157507836089,0.446808510638298,0.312657380537369,0.63851953482017,0.553191489361702,0.36148046517983,0.687342619462631,131,9.74820976325755e-06,772933847
641,-1.04454506739783,0.177978687669501,0.351851851851852,0.248235624460097,0.498718610275368,0.648148148148148,0.501281389724632,0.751764375539903,130,4.38607522564687e-09,433485916
515,-0.896088024556635,0.181406072875598,0.408163265306123,0.28603605949213,0.582434436557255,0.591836734693878,0.417565563442745,0.71396394050787,129,7.82507156122811e-07,801820132
90,-0.789478289498378,0.177887937569321,0.454081632653061,0.320416925054627,0.643505735777585,0.545918367346939,0.356494264222415,0.679583074945373,138,9.07710684494549e-06,547358934
389,-0.994252273343867,0.183066964588671,0.37,0.258448991179444,0.529698333799835,0.63,0.470301666200165,0.741551008820555,124,5.60123973324921e-08,609813406
790,-0.804938586548062,0.173157319837509,0.447115384615385,0.318440161663335,0.627785660312272,0.552884615384615,0.372214339687728,0.681559838336665,145,3.3420055193068e-06,612940922
365,-1.00330210886378,0.16742252846843,0.366666666666667,0.2640955697112,0.509074970820091,0.633333333333333,0.490925029179909,0.7359044302888,148,2.06467873605061e-09,960999826
614,-1.08481896653577,0.179491360974525,0.337962962962963,0.237730982656617,0.480454684779918,0.662037037037037,0.519545315220082,0.762269017343383,127,1.50478878784417e-09,998704057
765,-0.753045322141014,0.188683578985222,0.47093023255814,0.325348507172357,0.681654530597785,0.529069767441861,0.318345469402215,0.674651492827643,124,6.57818141571725e-05,385584994
990,-0.888891757686041,0.189038979439611,0.411111111111111,0.283823887087362,0.595483161806567,0.588888888888889,0.404516838193433,0.716176112912638,119,2.57422114065186e-06,706366403
316,-1.06612683352362,0.180462058822745,0.344339622641509,0.241756086194889,0.490452081629552,0.655660377358491,0.509547918370448,0.75824391380511,126,3.46787231527331e-09,81025147
865,-0.826678573184468,0.167514848594054,0.4375,0.315057019168373,0.607528918115323,0.5625,0.392471081884677,0.684942980831627,154,8.01684239180473e-07,665628750
240,-0.818310323513951,0.175268235168364,0.441176470588235,0.312913103346556,0.622015109367693,0.558823529411764,0.377984890632307,0.687086896653444,141,3.02812850369566e-06,862782064
265,-1.00330210886379,0.16742252846843,0.366666666666666,0.2640955697112,0.50907497082009,0.633333333333334,0.49092502917991,0.7359044302888,148,2.06467873605054e-09,276673300
466,-1.10343157510406,0.183639654930999,0.331730769230769,0.231457574696136,0.475444812721763,0.668269230769231,0.524555187278237,0.768542425303864,121,1.87042057609511e-09,451329693
116,-0.760588461355478,0.182666464966918,0.467391304347826,0.326734242078316,0.668600358476048,0.532608695652174,0.331399641523952,0.673265757921684,132,3.1298053258944e-05,183705188
190,-1.17865499634165,0.18669699847483,0.307692307692308,0.213402678344818,0.443642774061353,0.692307692307693,0.556357225938647,0.786597321655182,116,2.73328573742563e-10,876520629
666,-0.95225588056767,0.189271332980811,0.385869565217391,0.266276276295603,0.559176068677499,0.614130434782609,0.440823931322501,0.733723723704397,117,4.87500631814112e-07,921489273
140,-0.789478289498378,0.177887937569321,0.454081632653061,0.320416925054628,0.643505735777585,0.545918367346939,0.356494264222415,0.679583074945372,138,9.07710684494552e-06,317125850
715,-1.04145387482816,0.183021124561889,0.352941176470588,0.246555369654285,0.505231235576451,0.647058823529412,0.494768764423549,0.753444630345715,123,1.2678078616786e-08,609489219
490,-0.902238978418505,0.174630557220225,0.405660377358491,0.288082442488341,0.571226557013425,0.594339622641509,0.428773442986575,0.711917557511659,139,2.38443678588881e-07,76478541
915,-1.1595210417551,0.180761090429857,0.313636363636364,0.22007073341022,0.446982509081206,0.686363636363636,0.553017490918794,0.77992926658978,124,1.41136951685614e-10,795329008
415,-1.07992015565596,0.180988434509971,0.339622641509434,0.238198488184449,0.484232874461106,0.660377358490566,0.515767125538894,0.761801511815551,125,2.41965068992022e-09,493202089
840,-1.0171968971826,0.17378959082318,0.361607142857143,0.25722136148455,0.50835484662171,0.638392857142857,0.49164515337829,0.74277863851545,137,4.82676825656664e-09,242887712
41,-0.815749502652278,0.200334169023091,0.442307692307692,0.29867559569849,0.655011984548108,0.557692307692308,0.344988015451892,0.70132440430151,108,4.66224046239936e-05,538786283
565,-0.392042087776024,0.192424081021878,0.675675675675676,0.463389949262697,0.985212604257346,0.324324324324324,0.014787395742654,0.536610050737304,137,0.0416113970225707,825966900
440,-0.751643387241554,0.186481810134144,0.471590909090909,0.327213957137102,0.679671452535278,0.528409090909091,0.320328547464722,0.672786042862898,127,5.5622210172557e-05,941159727
691,-1.17007125265026,0.176437717643145,0.310344827586207,0.219614218374765,0.438559546473242,0.689655172413793,0.561440453526758,0.780385781625235,130,3.319796650883e-11,591008451
741,-1.04982212449868,0.176546965926448,0.35,0.247623007782947,0.49470362668148,0.65,0.50529637331852,0.752376992217053,132,2.74073083488307e-09,655416115
815,-0.866418901833982,0.190370129623792,0.420454545454545,0.289518089202625,0.610607873519309,0.579545454545455,0.389392126480691,0.710481910797375,118,5.33323324856328e-06,577615363
540,-0.619039208406224,0.193767354063179,0.538461538461538,0.368315178611872,0.787208470460309,0.461538461538462,0.212791529539691,0.631684821388128,123,0.0013994962712715,500354628
341,-1.0330150061823,0.169864400200883,0.355932203389831,0.255139936735613,0.496542152635317,0.64406779661017,0.503457847364683,0.744860063264387,143,1.19130473854584e-09,193032686
941,-1.02585293438568,0.178957590715259,0.358490566037736,0.252434525978341,0.509104233820547,0.641509433962264,0.490895766179453,0.747565474021659,129,9.90310285291511e-09,156945934
291,-0.744440474947495,0.195340458560599,0.475,0.323906385542542,0.696574720569584,0.525,0.303425279430416,0.676093614457458,116,0.000138411536662953,639983236
991,-0.955511445027436,0.178131325826618,0.384615384615385,0.271269516044096,0.545321111786087,0.615384615384615,0.454678888213913,0.728730483955904,132,8.136090994689e-08,777906088
67,-0.909370289029582,0.173241944695478,0.402777777777778,0.286814887891125,0.565625931988536,0.597222222222222,0.434374068011464,0.713185112108875,141,1.52815377539673e-07,379896231
591,-0.913935018181696,0.175021799843939,0.400943396226415,0.284514391236167,0.565017489200164,0.599056603773585,0.434982510799836,0.715485608763833,138,1.77158472039793e-07,765015029
966,-0.648695417989112,0.183294402279282,0.522727272727273,0.364967910747659,0.748678975894445,0.477272727272727,0.251321024105555,0.635032089252341,136,0.000401508674649703,742203252
16,-1.07508179125792,0.165834022014498,0.341269841269841,0.246569716034338,0.472341479860096,0.658730158730159,0.527658520139904,0.753430283965662,149,8.99890542295259e-11,789739765
217,-1.05493722516545,0.175150380206474,0.348214285714286,0.247034898651249,0.490834248268254,0.651785714285714,0.509165751731746,0.752965101348751,134,1.71174264142998e-09,210207189
166,-1.0390981611357,0.179447089335642,0.35377358490566,0.248874134721285,0.502887732858077,0.64622641509434,0.497112267141923,0.751125865278715,128,7.01544048389493e-09,177325868
891,-0.599815240767727,0.17787670025636,0.548913043478261,0.387342034207934,0.777879761789083,0.451086956521739,0.222120238210917,0.612657965792066,147,0.000746015913462356,340654296
191,-0.920537022755606,0.166094703177541,0.398305084745763,0.287631060788601,0.551564007375856,0.601694915254237,0.448435992624144,0.712368939211399,153,2.9862338306861e-08,361333988
642,-1.02789676386971,0.1711419647254,0.357758620689655,0.255807811960305,0.500341368377076,0.642241379310345,0.499658631622924,0.744192188039695,141,1.90032096692697e-09,523890425
516,-1.08731273341418,0.162442205768799,0.337121212121212,0.245196927327283,0.463507895065818,0.662878787878788,0.536492104934182,0.754803072672717,155,2.17841580673545e-11,966927401
91,-0.871130335755302,0.18634951954175,0.418478260869565,0.290436974176006,0.602967495158829,0.581521739130435,0.397032504841171,0.709563025823994,123,2.94366411979455e-06,873773449
390,-0.823767362977009,0.17898622922766,0.438775510204082,0.308950587463823,0.623154498378794,0.561224489795918,0.376845501621206,0.691049412536177,135,4.17637313255747e-06,199731985
766,-1.04982212449868,0.176546965926448,0.35,0.247623007782947,0.49470362668148,0.65,0.50529637331852,0.752376992217053,132,2.74073083488302e-09,829792926
916,-1.1239300966524,0.171718314384521,0.325,0.232122087076378,0.455040712972931,0.675,0.544959287027069,0.767877912923622,138,5.94172398202859e-11,855202774
791,-0.871395411966264,0.180563798219513,0.418367346938775,0.293671361942544,0.596010573951824,0.581632653061225,0.403989426048176,0.706328638057456,131,1.39323718815838e-06,212141340
317,-0.903868211875598,0.179849045098771,0.405,0.284686739488181,0.576159607205061,0.595,0.423840392794939,0.715313260511819,131,5.01586915061986e-07,504127108
366,-0.997358554962937,0.165844968999385,0.368852459016393,0.266492621825068,0.510528717795976,0.631147540983606,0.489471282204024,0.733507378174932,151,1.81223533815407e-09,94779290
615,-1.32830710346954,0.170322870403557,0.264925373134328,0.189733695009155,0.369915598423235,0.735074626865672,0.630084401576765,0.810266304990845,138,6.25186828059863e-15,221467258
866,-0.681025820027601,0.190888545061284,0.506097560975609,0.348136549200716,0.735730683300903,0.493902439024391,0.264269316699097,0.651863450799284,124,0.000360180614269291,532486390
266,-0.807260487327367,0.174919564763244,0.446078431372549,0.316606204496474,0.628496738565999,0.553921568627451,0.371503261434001,0.683393795503526,142,3.93022868637808e-06,916970281
467,-0.944461608840851,0.174422706185105,0.388888888888889,0.27628458731155,0.5473869149664,0.611111111111111,0.4526130850336,0.72371541268845,138,6.13620867518604e-08,628588527
667,-0.937344141071988,0.165242139140481,0.391666666666667,0.283310224376669,0.541465731126683,0.608333333333333,0.458534268873317,0.716689775623331,154,1.40688211345445e-08,587079027
241,-0.948672141377196,0.17962758973933,0.387254901960784,0.272331352086734,0.550676071423808,0.612745098039216,0.449323928576192,0.727668647913266,130,1.28251153545617e-07,161121033
117,-0.908666806763496,0.181841664984124,0.403061224489796,0.282219562370632,0.575645250536748,0.596938775510204,0.424354749463252,0.717780437629368,128,5.82224180209038e-07,722882267
141,-0.619039208406224,0.193767354063179,0.538461538461538,0.368315178611872,0.787208470460308,0.461538461538462,0.212791529539692,0.631684821388129,123,0.0013994962712715,615584492
716,-1.08731273341418,0.162442205768799,0.337121212121212,0.245196927327283,0.463507895065818,0.662878787878788,0.536492104934182,0.754803072672717,155,2.17841580673549e-11,626727949
491,-0.878699757935346,0.160741314324479,0.415322580645161,0.303083496678379,0.569126487862846,0.584677419354839,0.430873512137154,0.69691650332162,165,4.58889877585817e-08,210455780
416,-0.815749502652278,0.20033416902309,0.442307692307692,0.29867559569849,0.655011984548108,0.557692307692308,0.344988015451892,0.70132440430151,108,4.66224046239927e-05,991302277
42,-0.760588461355479,0.182666464966918,0.467391304347826,0.326734242078316,0.668600358476048,0.532608695652175,0.331399641523952,0.673265757921684,132,3.12980532589435e-05,933322892
841,-0.960626545694207,0.183688585952438,0.38265306122449,0.266961838294743,0.548480510172441,0.61734693877551,0.451519489827559,0.733038161705257,124,1.69833596562775e-07,430159944
566,-1.22945188962692,0.187074735853337,0.292452830188679,0.202683093742811,0.421982200419231,0.707547169811321,0.578017799580769,0.797316906257189,115,4.96497006735887e-11,998543294
692,-0.845726768155163,0.172791595650655,0.429245283018868,0.305932107530632,0.602262751958781,0.570754716981132,0.397737248041219,0.694067892469368,144,9.85608976405428e-07,945269508
742,-0.999178391679924,0.174721198494662,0.368181818181818,0.261420345482338,0.518543615989627,0.631818181818182,0.481456384010373,0.738579654517662,136,1.07341129911716e-08,652602653
342,-0.858226930919395,0.185902241156443,0.423913043478261,0.294466914094306,0.610263020494893,0.576086956521739,0.389736979505107,0.705533085905694,124,3.90172661309871e-06,451639977
441,-1.034896474282,0.172885912295444,0.355263157894737,0.253156694577182,0.498552533118422,0.644736842105263,0.501447466881578,0.746843305422818,138,2.15053640480563e-09,658331166
816,-1.17949994780721,0.156532822464373,0.307432432432432,0.2262083860826,0.417821382080901,0.692567567567568,0.582178617919099,0.7737916139174,165,4.87734380085273e-14,959943538
967,-1.00063188030791,0.181497042622059,0.367647058823529,0.257596841226226,0.52471280011888,0.632352941176471,0.47528719988112,0.742403158773774,126,3.52341104431301e-08,237274747
68,-0.864418901167315,0.171777558247493,0.421296296296296,0.300864064654429,0.589936087837016,0.578703703703704,0.410063912162984,0.699135935345571,145,4.84884897170377e-07,815366078
541,-1.15072828980712,0.167244369171573,0.31640625,0.227974561185452,0.439140729204532,0.68359375,0.560859270795468,0.772025438814548,145,5.96343150522315e-12,40874661
643,-0.910870664404816,0.18775687460059,0.402173913043478,0.278352390446898,0.581075866002163,0.597826086956522,0.418924133997837,0.721647609553102,120,1.22635951222941e-06,83092401
942,-0.645519131570691,0.189784485241599,0.524390243902439,0.361501210996163,0.760675537274971,0.475609756097561,0.239324462725029,0.638498789003837,127,0.000670595101215981,2425098
17,-0.947381318944186,0.183210420044209,0.387755102040816,0.270774977644017,0.555272944593691,0.612244897959183,0.444727055406309,0.729225022355983,125,2.3284295625086e-07,793169438
292,-0.916290731874155,0.171887912765968,0.4,0.285593773486217,0.560236303638189,0.6,0.439763696361811,0.714406226513783,143,9.78103652073761e-08,566505875
318,-0.855666110057721,0.178226557766004,0.425,0.299696871235809,0.602692311251656,0.575,0.397307688748344,0.700303128764191,135,1.5787347199171e-06,976704337
992,-0.603535021870258,0.174233013000872,0.546875,0.388669678250319,0.769476710844383,0.453125,0.230523289155617,0.611330321749681,153,0.000532298894740602,232648215
592,-0.765467842139572,0.189092078010411,0.465116279069767,0.321074689675127,0.673778282787093,0.534883720930233,0.326221717212907,0.678925310324873,123,5.16301861273274e-05,943282650
218,-0.968994795364724,0.172109990264097,0.379464285714286,0.270813692070534,0.531705553850467,0.620535714285714,0.468294446149533,0.729186307929466,141,1.80115244974779e-08,162174057
192,-0.925769475828699,0.175421453770557,0.39622641509434,0.280947009047305,0.558807771440193,0.60377358490566,0.441192228559807,0.719052990952695,137,1.3102846055275e-07,168546894
142,-0.538996500732687,0.191389750451119,0.583333333333333,0.400871834038783,0.848844316023603,0.416666666666667,0.151155683976397,0.599128165961217,130,0.00485917012544889,380560782
167,-0.791587253373198,0.179798738088744,0.453125,0.318546663501441,0.64455946067089,0.546875,0.35544053932911,0.681453336498559,135,1.06946645536154e-05,669679182
892,-0.993251773010284,0.176120749850675,0.37037037037037,0.26225391596143,0.523058772050746,0.62962962962963,0.476941227949254,0.73774608403857,134,1.70438943186951e-08,328018254
767,-0.843429383609283,0.191753298484188,0.430232558139535,0.295449030522421,0.626504185023012,0.569767441860465,0.373495814976988,0.704550969477579,117,1.08995079499665e-05,395164958
92,-0.860201265223112,0.201971633667513,0.423076923076923,0.284774285524914,0.628547210680569,0.576923076923077,0.371452789319431,0.715225714475086,105,2.05324927999461e-05,180798716
391,-1.133297846656,0.164061637932173,0.321969696969697,0.233434735044265,0.444083378367411,0.678030303030303,0.555916621632589,0.766565264955735,151,4.92378149525881e-12,105311593
792,-0.829483624112076,0.175624025133436,0.436274509803922,0.309220585389303,0.615532913712791,0.563725490196078,0.384467086287209,0.690779414610697,140,2.32316961997213e-06,505003122
492,-0.968559160419912,0.175253075520212,0.37962962962963,0.269267794331313,0.535224258996985,0.62037037037037,0.464775741003015,0.730732205668687,136,3.26437681999752e-08,309054569
517,-0.782759339249632,0.210229466505306,0.457142857142857,0.302764040193266,0.690239143668895,0.542857142857143,0.309760856331105,0.697235959806734,99,0.000196591291021636,408355515
917,-1.07508179125792,0.165834022014498,0.341269841269841,0.246569716034338,0.472341479860096,0.658730158730159,0.527658520139904,0.753430283965662,149,8.99890542295243e-11,291450826
118,-1.015920572823,0.170722409846516,0.362068965517241,0.259102809679574,0.505953354781623,0.637931034482759,0.494046645218377,0.740897190320426,142,2.66972013075084e-09,845001303
867,-0.847297860387204,0.168148177312292,0.428571428571429,0.308244422252021,0.595869563659397,0.571428571428571,0.404130436340603,0.691755577747978,152,4.67982190828199e-07,567240005
367,-1.00680473941499,0.179968508293409,0.365384615384615,0.256779758061416,0.519923837329233,0.634615384615385,0.480076162670767,0.743220241938584,128,2.21464613460929e-08,276708756
267,-0.850332764082357,0.169764884660997,0.427272727272727,0.306338118737594,0.595949287092982,0.572727272727273,0.404050712907018,0.693661881262406,149,5.47463050820719e-07,355636961
468,-0.658055860748675,0.187892992536404,0.517857142857143,0.358323396178649,0.748418951338748,0.482142857142857,0.251581048661252,0.641676603821351,129,0.00046127621829308,911744986
616,-1.13943428318837,0.188745860906557,0.32,0.221049333737219,0.463245006301317,0.68,0.536754993698683,0.778950666262781,114,1.5713191085458e-09,564209130
668,-0.749027638954402,0.182300255952524,0.472826086956522,0.330770805157856,0.675889483051332,0.527173913043478,0.324110516948668,0.669229194842144,133,3.97792604596868e-05,758139969
242,-0.884814599772138,0.193236438096295,0.412790697674419,0.282648540658967,0.602855262189825,0.587209302325581,0.397144737810175,0.717351459341033,114,4.67378176442896e-06,220314360
717,-0.863046217355343,0.182151070150214,0.421875,0.295213706944433,0.6028802573808,0.578125,0.3971197426192,0.704786293055567,129,2.15753373555948e-06,598857660
417,-1.13094766931105,0.179628297416161,0.322727272727273,0.226952924775397,0.45891848569503,0.677272727272727,0.54108151430497,0.773047075224602,126,3.05337678288049e-10,296280265
968,-0.902238978418505,0.174630557220225,0.40566037735849,0.288082442488341,0.571226557013425,0.59433962264151,0.428773442986575,0.711917557511659,139,2.38443678588876e-07,478828200
43,-1.04731899428056,0.173331646440638,0.350877192982456,0.249812965607305,0.492827921304848,0.649122807017544,0.507172078695152,0.750187034392695,137,1.5194791288691e-09,788254283
842,-1.17411984117626,0.181349663752245,0.309090909090909,0.216631256265239,0.441012953207781,0.690909090909091,0.558987046792219,0.783368743734761,123,9.52256604340798e-11,972457347
693,-1.14788333767489,0.185424605679041,0.317307692307692,0.220621020984851,0.45636708210387,0.682692307692308,0.54363291789613,0.779378979015149,118,5.99483991430954e-10,500518638
567,-0.8754687373539,0.172132593193549,0.416666666666667,0.297350880826578,0.58385941426676,0.583333333333333,0.41614058573324,0.702649119173422,144,3.6566753684366e-07,557092125
743,-0.919271360012293,0.196811831342508,0.398809523809524,0.271168342431997,0.586532464869363,0.601190476190476,0.413467535130637,0.728831657568003,109,3.00009223692021e-06,774801338
343,-0.967584026261706,0.182093093628413,0.38,0.265941230758994,0.542977106588112,0.62,0.457022893411888,0.734058769241006,126,1.07434518207262e-07,106597783
442,-1.14117190308691,0.181690044169626,0.319444444444444,0.22373838226597,0.456089617047081,0.680555555555556,0.543910382952919,0.77626161773403,123,3.36679350832245e-10,109235476
293,-1.0939063976307,0.18152804626188,0.334905660377359,0.23464188271786,0.478012706229693,0.665094339622641,0.521987293770307,0.76535811728214,124,1.67961920965005e-09,467318799
943,-0.735706794978741,0.178053077935378,0.479166666666667,0.33800843943488,0.679275034754507,0.520833333333333,0.320724965245493,0.66199156056512,140,3.59695338210718e-05,881247566
817,-0.670674324707887,0.183952123668879,0.511363636363636,0.356573866305145,0.733348103450924,0.488636363636364,0.266651896549076,0.643426133694855,134,0.000266439126067931,449587222
69,-0.899279386047619,0.177921431870201,0.406862745098039,0.287078671347817,0.576626931466292,0.593137254901961,0.423373068533708,0.712921328652183,134,4.31831076745945e-07,92059881
219,-0.74551516607726,0.176524365028262,0.474489795918368,0.335713700555661,0.670632643404216,0.525510204081632,0.329367356595784,0.664286299444339,142,2.40752133313792e-05,571114609
542,-0.923670839171778,0.178755481482134,0.397058823529412,0.279703505742149,0.563652961460907,0.602941176470588,0.436347038539093,0.720296494257851,132,2.3758773827335e-07,620969702
644,-0.993251773010284,0.176120749850675,0.37037037037037,0.26225391596143,0.523058772050746,0.62962962962963,0.476941227949254,0.73774608403857,134,1.70438943186952e-08,612021166
768,-1.25095301325013,0.164775548785287,0.286231884057971,0.207233903634624,0.39534405333514,0.713768115942029,0.60465594666486,0.792766096365376,148,3.15343930067177e-14,535959326
319,-1.05779029414785,0.178470871183451,0.347222222222222,0.24473316755852,0.49263151704237,0.652777777777778,0.50736848295763,0.75526683244148,129,3.0858800734948e-09,659652056
18,-1.06938265035317,0.171157329854777,0.343220338983051,0.24540512747718,0.480023389497413,0.656779661016949,0.519976610502587,0.75459487252282,140,4.15871463659023e-10,983818115
993,-0.875468737353899,0.177122977137628,0.416666666666667,0.29445667708674,0.589598146758852,0.583333333333333,0.410401853241148,0.70554332291326,136,7.70413063082506e-07,302893727
119,-0.88002455388976,0.190855712192217,0.414772727272728,0.285333994017228,0.602929965922214,0.585227272727272,0.397070034077786,0.714666005982772,117,4.0084903664863e-06,569150599
593,-0.902497409741819,0.189527972529084,0.405555555555556,0.27972021431728,0.587999365878558,0.594444444444444,0.412000634121442,0.72027978568272,118,1.91858187810065e-06,56210396
469,-1.02766055269583,0.18250061173615,0.357843137254902,0.250234905858612,0.51172601376717,0.642156862745098,0.48827398623283,0.749765094141388,124,1.79169958950701e-08,130812910
193,-1.06289420606603,0.177030259920716,0.345454545454545,0.244175722261976,0.488741640117553,0.654545454545455,0.511258359882447,0.755824277738024,131,1.92484375234327e-09,633761660
669,-0.82376736297701,0.17898622922766,0.438775510204082,0.308950587463823,0.623154498378794,0.561224489795918,0.376845501621206,0.691049412536177,135,4.1763731325574e-06,611475523
143,-0.95297229850876,0.167147131414778,0.385593220338983,0.277877570493707,0.535063450091432,0.614406779661017,0.464936549908568,0.722122429506293,150,1.18828923490028e-08,892025282
493,-1.44785225411932,0.175494697961186,0.235074626865672,0.166657321533183,0.331579073080399,0.764925373134328,0.668420926919601,0.833342678466817,130,1.58236032238218e-16,180396004
93,-0.660357357736954,0.181589951148788,0.516666666666667,0.361943512574932,0.737530678600518,0.483333333333333,0.262469321399482,0.638056487425068,138,0.000276335161894354,571688147
793,-1.15976671182144,0.174535572487963,0.313559322033898,0.222717718004119,0.4414531960701,0.686440677966102,0.5585468039299,0.77728228199588,133,3.03478649215851e-11,206767602
168,-0.756061005970515,0.193331986238462,0.469512195121951,0.321427027540616,0.685821920623579,0.530487804878049,0.314178079376421,0.678572972459385,118,9.20337362137185e-05,724748991
893,-0.682565071229408,0.178333708258397,0.50531914893617,0.356260627364601,0.716743368950088,0.49468085106383,0.283256631049912,0.643739372635399,142,0.000129472604132469,754858329
918,-0.792238083204176,0.171127412197167,0.452830188679245,0.323795981621745,0.633285128346109,0.547169811320755,0.366714871653891,0.676204018378255,149,3.66511163697845e-06,446372875
392,-0.715620036412004,0.183264449902879,0.488888888888889,0.341362007965373,0.70017266157884,0.511111111111111,0.29982733842116,0.658637992034627,133,9.42841680359678e-05,521118761
868,-0.955511445027437,0.178131325826618,0.384615384615385,0.271269516044096,0.545321111786087,0.615384615384615,0.454678888213913,0.728730483955904,132,8.13609099468877e-08,733829416
518,-0.843970070294529,0.177842365558793,0.43,0.303451130348834,0.60932381364817,0.57,0.39067618635183,0.696548869651166,136,2.07881434864903e-06,862844127
617,-1.01856958099457,0.177028334874273,0.361111111111111,0.255243128850831,0.510890283922628,0.638888888888889,0.489109716077372,0.744756871149169,132,8.73062244597466e-09,7350778
368,-1.04982212449868,0.176546965926448,0.35,0.247623007782947,0.49470362668148,0.65,0.50529637331852,0.752376992217053,132,2.74073083488304e-09,601892369
268,-0.86903784702361,0.160450668063723,0.419354838709677,0.306200434202519,0.574324726897375,0.580645161290323,0.425675273102625,0.693799565797481,166,6.0868527533735e-08,255640202
243,-0.793790706339633,0.18177266471799,0.452127659574468,0.316618220529595,0.645633786363785,0.547872340425532,0.354366213636215,0.683381779470405,132,1.25998097364101e-05,51356216
718,-0.798507696217772,0.176383420768635,0.45,0.318474506871149,0.635843672353746,0.55,0.364156327646254,0.681525493128851,140,5.97949389079017e-06,540272778
44,-0.782094666576441,0.181395983233094,0.457446808510638,0.320579731716605,0.652747388289519,0.542553191489362,0.347252611710481,0.679420268283395,133,1.6212698082862e-05,422088172
694,-0.714653385780908,0.179293505107951,0.48936170212766,0.344361879776129,0.69541633256551,0.51063829787234,0.30458366743449,0.655638120223871,139,6.72131301095694e-05,784088546
344,-0.727832738547835,0.185720162131709,0.482954545454545,0.33559924049113,0.69501078915991,0.517045454545455,0.30498921084009,0.66440075950887,129,8.89262053921258e-05,386305749
744,-0.852995881501841,0.189896303473369,0.426136363636364,0.2937031260627,0.618284874415863,0.573863636363636,0.381715125584137,0.7062968739373,119,7.05893892219303e-06,693842840
418,-0.613104472886409,0.186543653754654,0.541666666666667,0.375790558599347,0.780761440285657,0.458333333333333,0.219238559714343,0.624209441400653,133,0.00101385268507472,403474433
818,-0.581921545449721,0.206324160939018,0.558823529411764,0.372950539491333,0.837332847004712,0.441176470588236,0.162667152995288,0.627049460508667,110,0.00479602832471928,468712902
969,-0.961411167154624,0.180078749351268,0.382352941176471,0.268646462317369,0.544186476029563,0.617647058823529,0.455813523970437,0.731353537682631,129,9.35444758758837e-08,175188998
70,-1.22296930501659,0.172706868427763,0.294354838709678,0.209827702982125,0.412932943745668,0.705645161290323,0.587067056254333,0.790172297017875,135,1.42926829563192e-12,186239294
443,-1.10293194981263,0.173863142458733,0.331896551724138,0.236053348326701,0.46665434668572,0.668103448275862,0.53334565331428,0.763946651673299,135,2.243421636396e-10,585600777
568,-0.703842469676694,0.178967270551252,0.49468085106383,0.348327595941409,0.702525861460589,0.50531914893617,0.297474138539411,0.651672404058591,140,8.39621166398382e-05,551054015
843,-1.02629162708848,0.168209909493379,0.358333333333333,0.257695405194705,0.498273446826736,0.641666666666667,0.501726553173264,0.742304594805296,146,1.0523855960056e-09,84025914
944,-1.20670878414481,0.173470668319531,0.299180327868853,0.212948474471642,0.420331109700596,0.700819672131147,0.579668890299404,0.787051525528358,134,3.4940025025452e-12,496905063
320,-0.955511445027436,0.178131325826618,0.384615384615385,0.271269516044096,0.545321111786087,0.615384615384615,0.454678888213913,0.728730483955904,132,8.13609099468892e-08,618102947
294,-0.863046217355343,0.182151070150214,0.421875,0.295213706944433,0.602880257380799,0.578125,0.397119742619201,0.704786293055567,129,2.15753373555945e-06,998072251
220,-0.519875459285909,0.1959353549865,0.594594594594595,0.404986438201892,0.872974249436135,0.405405405405405,0.127025750563865,0.595013561798108,125,0.00797087726387006,617058855
543,-0.800567429180782,0.169787505073704,0.449074074074074,0.321954571995409,0.626385029277866,0.550925925925926,0.373614970722134,0.678045428004591,151,2.41575546112164e-06,962036023
645,-1.08091271156871,0.176110867361067,0.339285714285714,0.240247972838929,0.479149915639641,0.660714285714286,0.520850084360359,0.759752027161071,132,8.37336329048809e-10,708631774
769,-1.04982212449868,0.176546965926448,0.35,0.247623007782947,0.49470362668148,0.65,0.50529637331852,0.752376992217053,132,2.74073083488302e-09,470936867
994,-0.932820033825365,0.163737928709891,0.39344262295082,0.285435134028924,0.542319704548827,0.60655737704918,0.457680295451173,0.714564865971076,157,1.21911863087752e-08,763119148
19,-0.992390075412803,0.169909641562469,0.370689655172414,0.26569483822052,0.517175348125489,0.629310344827586,0.482824651874511,0.73430516177948,144,5.19840836644253e-09,399859038
919,-0.871395411966264,0.180563798219513,0.418367346938775,0.293671361942544,0.596010573951824,0.581632653061225,0.403989426048176,0.706328638057456,131,1.39323718815838e-06,828451954
120,-1.32278095539757,0.178264012111564,0.266393442622951,0.187838636937705,0.377800155651909,0.733606557377049,0.622199844348091,0.812161363062295,126,1.1681324729262e-13,221662003
594,-0.83975065475182,0.189433807638463,0.431818181818182,0.297889074445395,0.62596099738106,0.568181818181818,0.37403900261894,0.702110925554605,120,9.29522980011154e-06,51706676
470,-0.578077850775158,0.187775954460231,0.560975609756098,0.388247615482008,0.810548789463999,0.439024390243902,0.189451210536001,0.611752384517992,133,0.00208009928595603,135624091
670,-0.894886823211001,0.176055318361421,0.408653846153846,0.289399003973339,0.577050935502586,0.591346153846154,0.422949064497414,0.710600996026661,137,3.71545932474246e-07,559199139
144,-0.897941593205959,0.17286455649434,0.407407407407407,0.29032627618788,0.571704352047741,0.592592592592593,0.428295647952259,0.70967372381212,142,2.05292127208052e-07,424067985
94,-0.643385671000881,0.173542217039916,0.525510204081633,0.373991516045078,0.738415078273148,0.474489795918367,0.261584921726852,0.626008483954922,152,0.000209420659870396,671058746
194,-0.960626545694207,0.183688585952438,0.38265306122449,0.266961838294743,0.548480510172441,0.61734693877551,0.451519489827559,0.733038161705257,124,1.69833596562776e-07,136066039
494,-0.925769475828699,0.175421453770557,0.39622641509434,0.280947009047305,0.558807771440193,0.60377358490566,0.441192228559807,0.719052990952695,137,1.3102846055275e-07,737376465
794,-0.778046624346431,0.189510004523146,0.459302325581396,0.316801650887132,0.665901284585279,0.540697674418604,0.334098715414721,0.683198349112868,122,4.03318800504127e-05,131008777
169,-0.826678573184468,0.188982236537253,0.4375,0.302075905487316,0.633636269967373,0.5625,0.366363730032627,0.697924094512684,121,1.21782645410316e-05,988210469
869,-1.01278085281833,0.17847951570095,0.363207547169811,0.255995791121251,0.515319887656386,0.636792452830189,0.484680112343614,0.744004208878749,130,1.39099593372276e-08,337038672
894,-1.06471073699243,0.172456891189681,0.344827586206897,0.245927123564994,0.483501219733698,0.655172413793103,0.516498780266302,0.754072876435006,138,6.66767172826978e-10,349398610
519,-1.07121331448,0.178974948082375,0.342592592592593,0.241231610673384,0.486543551119539,0.657407407407407,0.513456448880461,0.758768389326616,128,2.16031737318592e-09,803632068
345,-0.681586358158869,0.186413697970261,0.505813953488372,0.351006515712353,0.728897453724768,0.494186046511628,0.271102546275232,0.648993484287647,130,0.000255871419476047,31375436
393,-0.986308718776352,0.165476444306588,0.372950819672131,0.269648346320329,0.515828544073027,0.627049180327869,0.484171455926973,0.730351653679671,152,2.51594073520097e-09,376574574
618,-0.772284501118669,0.183040531929653,0.461956521739131,0.322698331165259,0.661310603022698,0.538043478260869,0.338689396977302,0.677301668834741,131,2.45171376183712e-05,644379393
369,-0.934309237376833,0.182743471191186,0.392857142857143,0.274588995989847,0.5620645289791,0.607142857142857,0.4379354710209,0.725411004010153,126,3.17616896805346e-07,806945250
269,-0.583947888594954,0.192705159418098,0.557692307692307,0.382264286281026,0.813627433221739,0.442307692307693,0.186372566778261,0.617735713718974,126,0.00244338457776274,264159991
970,-0.645519131570691,0.189784485241599,0.524390243902439,0.361501210996163,0.760675537274971,0.475609756097561,0.239324462725029,0.638498789003837,127,0.000670595101215981,53615444
45,-0.929535958624176,0.169277791719518,0.394736842105263,0.283281455326859,0.550043681240795,0.605263157894737,0.449956318759205,0.716718544673141,147,3.99242036209793e-08,399282866
719,-0.847297860387204,0.179757962775175,0.428571428571428,0.301309593389567,0.609583874584044,0.571428571428572,0.390416125415956,0.698690406610433,133,2.4343985079634e-06,660407417
71,-0.980829253011727,0.179028718537414,0.375,0.264022990726223,0.532624070400825,0.625,0.467375929599175,0.735977009273777,130,4.28670240221716e-08,187905039
244,-0.871629961046734,0.175285544511327,0.418269230769231,0.296655627794023,0.589738177931203,0.581730769230769,0.410261822068797,0.703344372205977,139,6.60510312438794e-07,42079678
444,-0.838654764231183,0.181332639410804,0.432291666666667,0.302988567048473,0.61677602851446,0.567708333333333,0.38322397148554,0.697011432951527,131,3.74685051176059e-06,655408342
745,-0.95297229850876,0.167147131414778,0.385593220338983,0.277877570493707,0.535063450091432,0.614406779661017,0.464936549908568,0.722122429506293,150,1.18828923490028e-08,124188149
695,-1.20760257237652,0.199802273826545,0.298913043478261,0.202056517096903,0.442198098062762,0.701086956521739,0.557801901937238,0.797943482903097,101,1.50350572906909e-09,947185432
321,-0.681847625306012,0.184291149402755,0.505681818181818,0.352377709331215,0.725681830797397,0.494318181818182,0.274318169202603,0.647622290668785,133,0.000215736086803174,33213705
419,-0.997358554962937,0.165844968999385,0.368852459016393,0.266492621825068,0.510528717795976,0.631147540983607,0.489471282204024,0.733507378174932,151,1.81223533815407e-09,949485239
544,-0.934309237376833,0.182743471191186,0.392857142857143,0.274588995989847,0.5620645289791,0.607142857142857,0.4379354710209,0.725411004010153,126,3.17616896805344e-07,830444665
819,-0.886642037952025,0.17249485089291,0.412037037037037,0.293838279351455,0.577782174143473,0.587962962962963,0.422217825856527,0.706161720648545,143,2.74581658238286e-07,158328880
646,-0.754516126936237,0.190965315360579,0.470238095238095,0.323420719122917,0.683703464678506,0.529761904761905,0.316296535321494,0.676579280877083,121,7.78046077120007e-05,639923069
569,-1.01278085281833,0.17847951570095,0.363207547169811,0.255995791121251,0.515319887656386,0.636792452830189,0.484680112343614,0.744004208878749,130,1.39099593372276e-08,294205649
945,-0.860201265223112,0.17491256559991,0.423076923076923,0.30028489821779,0.596080868210749,0.576923076923077,0.403919131789251,0.699715101782211,140,8.74807476339908e-07,843526625
844,-0.944461608840852,0.174422706185105,0.388888888888889,0.27628458731155,0.5473869149664,0.611111111111111,0.4526130850336,0.72371541268845,138,6.13620867518601e-08,52728113
121,-1.08956245314819,0.178031827784036,0.336363636363636,0.237283791025741,0.476815105569073,0.663636363636364,0.523184894430927,0.762716208974259,129,9.35500704872526e-10,400604904
221,-0.803148075774274,0.180170031696324,0.447916666666667,0.314656142033196,0.637614568657018,0.552083333333333,0.362385431342982,0.685343857966804,134,8.2834885266792e-06,352594099
295,-0.853489830635124,0.171429529970437,0.425925925925926,0.304377815445695,0.596012209727631,0.574074074074074,0.403987790272369,0.695622184554305,146,6.40250629962264e-07,708672504
995,-0.936093359170335,0.179186615425129,0.392156862745098,0.276017041138602,0.557164892296824,0.607843137254902,0.442835107703176,0.723982958861398,131,1.74980118201586e-07,787221048
145,-1.03798766685167,0.168616050710859,0.354166666666667,0.254496281662859,0.492871750259773,0.645833333333333,0.507128249740227,0.745503718337141,145,7.46408084982263e-10,381599630
770,-0.839750654751821,0.169434748446489,0.431818181818182,0.309797426056856,0.601899584906618,0.568181818181818,0.398100415093382,0.690202573943144,150,7.1889249271796e-07,559178713
795,-0.934309237376833,0.170940864716803,0.392857142857143,0.281015015338439,0.549211701403226,0.607142857142857,0.450788298596774,0.718984984661561,144,4.61117754462147e-08,213846229
20,-0.790785650123861,0.189937691853771,0.453488372093023,0.312529415241124,0.65802351265053,0.546511627906977,0.34197648734947,0.687470584758876,121,3.13550150812672e-05,76489784
870,-1.15072828980712,0.167244369171573,0.31640625,0.227974561185452,0.439140729204531,0.68359375,0.560859270795469,0.772025438814548,145,5.96343150522304e-12,882293250
920,-0.952255880567671,0.189271332980811,0.385869565217391,0.266276276295603,0.559176068677499,0.614130434782609,0.440823931322501,0.733723723704397,117,4.87500631814099e-07,974127841
595,-0.798507696217772,0.176383420768635,0.45,0.318474506871149,0.635843672353746,0.55,0.364156327646254,0.681525493128851,140,5.97949389079015e-06,705981935
619,-1.04454506739783,0.177978687669501,0.351851851851852,0.248235624460097,0.498718610275368,0.648148148148148,0.501281389724632,0.751764375539903,130,4.38607522564683e-09,914886083
195,-0.831983625414162,0.170753671705461,0.435185185185185,0.311406959057308,0.60816285537733,0.564814814814815,0.39183714462267,0.688593040942692,148,1.10239434102129e-06,813093676
95,-0.805625163986635,0.182157507836089,0.446808510638298,0.312657380537369,0.638519534820171,0.553191489361702,0.361480465179829,0.687342619462631,131,9.74820976325762e-06,778103787
471,-0.863046217355343,0.182151070150214,0.421875,0.295213706944433,0.6028802573808,0.578125,0.3971197426192,0.704786293055567,129,2.15753373555948e-06,530495590
671,-1.11004098449173,0.163235314905539,0.329545454545455,0.239314588497194,0.453796850804371,0.670454545454545,0.546203149195629,0.760685411502806,153,1.04437604681761e-11,260178030
495,-0.887303195000903,0.177517900653607,0.411764705882353,0.290767329417102,0.583112873617114,0.588235294117647,0.416887126382886,0.709232670582898,135,5.78118216823392e-07,589098923
170,-0.916290731874156,0.171887912765968,0.4,0.285593773486216,0.560236303638188,0.6,0.439763696361812,0.714406226513784,143,9.78103652073733e-08,205526657
895,-0.959551854564442,0.163264656481106,0.383064516129032,0.278163919320598,0.527525007109373,0.616935483870968,0.472474992890627,0.721836080679402,157,4.17066226426704e-09,533693072
346,-0.793790706339633,0.18177266471799,0.452127659574468,0.316618220529595,0.645633786363785,0.547872340425532,0.354366213636215,0.683381779470405,132,1.25998097364101e-05,587668914
520,-0.906721280858004,0.176452631450219,0.403846153846154,0.28577168719896,0.570706348046242,0.596153846153846,0.429293651953758,0.71422831280104,136,2.76777953808866e-07,873233554
394,-1.1696233243113,0.17063424407914,0.310483870967742,0.222226022152632,0.433793635854683,0.689516129032258,0.566206364145317,0.777773977847368,139,7.15304079911378e-12,423344188
370,-0.949867027407759,0.176247117676677,0.386792452830189,0.273814329888202,0.546386310853339,0.613207547169811,0.453613689146661,0.726185670111798,135,7.06914919582167e-08,287792683
270,-1.13683350148831,0.172202438024238,0.320833333333333,0.228928837255276,0.449633296582016,0.679166666666667,0.550366703417984,0.771071162744724,137,4.06395115115755e-11,821899017
971,-0.680408154782515,0.195701950550376,0.506410256410257,0.345080716113612,0.743163369676877,0.493589743589743,0.256836630323123,0.654919283886388,118,0.000507517294239264,355681195
46,-0.768859002295642,0.179079000446669,0.463541666666666,0.326329590820929,0.658447418744872,0.536458333333333,0.341552581255128,0.673670409179071,137,1.75952175518114e-05,370734712
720,-0.936093359170335,0.179186615425129,0.392156862745098,0.276017041138602,0.557164892296824,0.607843137254902,0.442835107703176,0.723982958861398,131,1.74980118201585e-07,594884986
445,-0.678962545567989,0.206533134312831,0.507142857142857,0.338321026932197,0.760206599876999,0.492857142857143,0.239793400123001,0.661678973067803,106,0.00101107497149971,625454587
72,-0.549253000899876,0.184712755683924,0.577380952380952,0.402007976095842,0.829259079409055,0.422619047619048,0.170740920590945,0.597992023904158,139,0.00294374435669468,254517781
245,-0.956437799887567,0.174833381535704,0.384259259259259,0.272775836997209,0.541305930730168,0.615740740740741,0.458694069269832,0.727224163002791,137,4.48597027797558e-08,664830323
746,-0.936377490440892,0.19292492416054,0.392045454545455,0.268607682439814,0.572208646579537,0.607954545454545,0.427791353420463,0.731392317560186,113,1.21249423979831e-06,996799304
696,-0.790785650123861,0.189937691853771,0.453488372093023,0.312529415241124,0.65802351265053,0.546511627906977,0.34197648734947,0.687470584758876,121,3.13550150812672e-05,956929233
570,-0.704575876383568,0.184990609527844,0.494318181818182,0.343987207934785,0.710347533976782,0.505681818181818,0.289652466023218,0.656012792065215,131,0.000139692786205714,566660874
322,-1.05908144991147,0.166604139332591,0.346774193548387,0.250168756542233,0.480684890364529,0.653225806451613,0.51931510963547,0.749831243457767,148,2.05901322029796e-10,492983860
946,-1.18149994847388,0.165822779408418,0.306818181818182,0.2216830491178,0.4246486010944,0.693181818181818,0.5753513989056,0.7783169508822,147,1.04023079341426e-12,206585901
122,-0.745515166077261,0.176524365028262,0.474489795918367,0.335713700555661,0.670632643404215,0.525510204081633,0.329367356595785,0.664286299444339,142,2.40752133313787e-05,822848969
420,-0.871629961046734,0.175285544511327,0.418269230769231,0.296655627794023,0.589738177931203,0.581730769230769,0.410261822068797,0.703344372205977,139,6.60510312438792e-07,134025308
545,-1.09415793831873,0.176608256316309,0.334821428571429,0.236855800418872,0.473306496325432,0.665178571428571,0.526693503674568,0.763144199581128,131,5.8138976935725e-10,817463237
820,-0.81989888619909,0.193191711354252,0.44047619047619,0.301631959314609,0.64323182071715,0.55952380952381,0.35676817928285,0.698368040685391,116,2.19604492328975e-05,377184604
647,-1.1595210417551,0.180761090429857,0.313636363636364,0.22007073341022,0.446982509081206,0.686363636363637,0.553017490918794,0.77992926658978,124,1.41136951685613e-10,48300919
871,-1.05252118146784,0.179948431644024,0.349056603773585,0.245314645130016,0.496670358075747,0.650943396226415,0.503329641924253,0.754685354869984,127,4.94490756275143e-09,260598222
845,-1.03691871966277,0.176074788119705,0.354545454545454,0.251071137677658,0.500664793657915,0.645454545454546,0.499335206342085,0.748928862322342,133,3.8834867772573e-09,292925295
222,-1.11365016603265,0.16213885871398,0.328358208955224,0.238965404253296,0.451191308320084,0.671641791044776,0.548808691679916,0.761034595746704,155,6.48821142394654e-12,152566936
596,-0.944461608840852,0.191070501437356,0.388888888888889,0.267415163119135,0.565542230804087,0.611111111111111,0.434457769195913,0.732584836880865,115,7.69292354639852e-07,378744557
296,-0.922457246789819,0.163409672241546,0.397540983606557,0.288594029947554,0.547616434323294,0.602459016393443,0.452383565676706,0.711405970052446,158,1.65124577706729e-08,555543085
196,-1.07613943281605,0.17752507294469,0.340909090909091,0.240729307503154,0.482778808570868,0.659090909090909,0.517221191429132,0.759270692496846,130,1.34521937813634e-09,678157638
96,-0.659624488521302,0.183619943577389,0.517045454545455,0.360770605384545,0.741013813420754,0.482954545454545,0.258986186579246,0.639229394615455,135,0.000327727215018633,277269203
21,-0.908666806763496,0.181841664984124,0.403061224489796,0.282219562370631,0.575645250536748,0.596938775510204,0.424354749463252,0.717780437629369,128,5.82224180209033e-07,76744868
771,-1.08904283765196,0.183075076200412,0.336538461538462,0.235072008301155,0.481801882381409,0.663461538461538,0.518198117618591,0.764927991698845,122,2.70423631496103e-09,890027242
672,-0.845487905141964,0.185465248212762,0.429347826086956,0.298497681895827,0.617557746495091,0.570652173913043,0.382442253504909,0.701502318104173,125,5.14613544066929e-06,469301723
996,-1.04499119722901,0.170286069077517,0.351694915254238,0.251894290986401,0.491036588925165,0.648305084745763,0.508963411074835,0.748105709013599,142,8.42636204255061e-10,207117089
796,-0.8754687373539,0.188561808347934,0.416666666666667,0.287928500858622,0.602966050923723,0.583333333333333,0.397033949076277,0.712071499141378,120,3.43595729024653e-06,399765776
146,-1.28249756743825,0.172364459935185,0.27734375,0.197834253750036,0.388808076488364,0.72265625,0.611191923511636,0.802165746249964,135,1.00217711198897e-13,369270198
921,-0.848901709969178,0.174547197907391,0.427884615384616,0.30391478436201,0.602422960328108,0.572115384615384,0.397577039671892,0.69608521563799,141,1.15356707160088e-06,747366589
347,-0.974786938555764,0.17386779736989,0.377272727272727,0.268323601263655,0.530459154817109,0.622727272727273,0.469540845182891,0.731676398736345,138,2.0647863965139e-08,650611740
521,-0.988264231499244,0.192737114661168,0.372222222222222,0.255119801404728,0.543075770493609,0.627777777777778,0.456924229506391,0.744880198595272,112,2.93577157543235e-07,640924867
620,-0.923670839171778,0.178755481482134,0.397058823529412,0.279703505742149,0.563652961460908,0.602941176470588,0.436347038539092,0.72029649425785,132,2.37587738273353e-07,636171487
972,-0.893817876022097,0.171151772712394,0.409090909090909,0.292506267137523,0.572142858813154,0.590909090909091,0.427857141186846,0.707493732862477,145,1.76647604870942e-07,649678520
472,-0.784714374085436,0.19671967403058,0.45625,0.310280717716832,0.670889457881088,0.54375,0.329110542118912,0.689719282283168,113,6.63529983428298e-05,852710822
47,-0.871395411966264,0.180563798219513,0.418367346938776,0.293671361942545,0.596010573951824,0.581632653061224,0.403989426048176,0.706328638057455,131,1.39323718815841e-06,837326684
721,-1.16643488500687,0.171905024264313,0.311475409836066,0.222381135782204,0.436264211850962,0.688524590163935,0.563735788149038,0.777618864217796,137,1.15809482560242e-11,545733719
171,-1.1239300966524,0.171718314384521,0.325,0.232122087076378,0.455040712972931,0.675,0.544959287027069,0.767877912923622,138,5.94172398202859e-11,530286168
496,-0.993732657847634,0.179493125850515,0.370192307692308,0.260400950112944,0.526274365032526,0.629807692307692,0.473725634967474,0.739599049887056,129,3.08880454924169e-08,369407809
896,-0.844378150283868,0.16657713315834,0.429824561403509,0.310099107208992,0.595774542044091,0.570175438596491,0.404225457955909,0.689900892791008,155,3.99928100422987e-07,905498565
747,-0.867500567704723,0.178619041301559,0.42,0.295943282673142,0.596060158577166,0.58,0.403939841422834,0.704056717326858,134,1.19353260867347e-06,952325620
271,-0.910211685797774,0.198851097726021,0.402439024390244,0.272544690735418,0.594240775394141,0.597560975609756,0.405759224605859,0.727455309264582,107,4.70896276582041e-06,269140642
371,-1.15072828980712,0.167244369171573,0.31640625,0.227974561185452,0.439140729204531,0.68359375,0.560859270795469,0.772025438814548,145,5.96343150522297e-12,962750155
395,-0.936093359170335,0.179186615425129,0.392156862745098,0.276017041138602,0.557164892296825,0.607843137254902,0.442835107703175,0.723982958861398,131,1.74980118201587e-07,330773864
73,-1.08956245314819,0.178031827784036,0.336363636363636,0.237283791025741,0.476815105569073,0.663636363636364,0.523184894430927,0.762716208974259,129,9.35500704872523e-10,151014650
446,-0.945737933200456,0.171322490467572,0.388392857142857,0.277613937560702,0.543376938510546,0.611607142857143,0.456623061489454,0.722386062439298,143,3.38574429797081e-08,991424354
571,-0.848901709969178,0.174547197907391,0.427884615384616,0.30391478436201,0.602422960328108,0.572115384615384,0.397577039671892,0.69608521563799,141,1.15356707160088e-06,64425249
246,-0.959775843813894,0.187524624101984,0.382978723404255,0.265187712879722,0.553090114876015,0.617021276595745,0.446909885123985,0.734812287120278,119,3.08576053544606e-07,216278567
697,-1.05252118146784,0.179948431644024,0.349056603773585,0.245314645130015,0.496670358075746,0.650943396226415,0.503329641924254,0.754685354869985,127,4.94490756275125e-09,159908125
821,-0.904991176620222,0.171516102006852,0.404545454545454,0.289049721393887,0.566189872123673,0.595454545454546,0.433810127876327,0.710950278606113,144,1.31731203540315e-07,691340464
947,-0.843970070294529,0.177842365558793,0.43,0.303451130348835,0.609323813648171,0.57,0.390676186351829,0.696548869651165,136,2.07881434864905e-06,823475711
223,-0.957298755601533,0.171712113268536,0.383928571428571,0.274213490570645,0.537541561695006,0.616071428571429,0.462458438304994,0.725786509429355,142,2.47499029237753e-08,523288288
123,-0.8754687373539,0.188561808347934,0.416666666666667,0.287928500858622,0.602966050923723,0.583333333333333,0.397033949076277,0.712071499141378,120,3.43595729024652e-06,209639088
546,-0.934309237376833,0.182743471191186,0.392857142857143,0.274588995989847,0.562064528979101,0.607142857142857,0.437935471020899,0.725411004010152,126,3.17616896805352e-07,137675456
421,-0.860201265223112,0.17491256559991,0.423076923076923,0.30028489821779,0.596080868210749,0.576923076923077,0.403919131789251,0.69971510178221,140,8.74807476339912e-07,799635135
323,-1.40110944690503,0.17213731580528,0.246323529411765,0.175785217151684,0.345167142749622,0.753676470588235,0.654832857250378,0.824214782848316,135,3.96956167404708e-16,303950332
197,-1.04499119722901,0.170286069077517,0.351694915254237,0.251894290986401,0.491036588925164,0.648305084745763,0.508963411074836,0.748105709013599,142,8.42636204255039e-10,760042890
648,-0.776528789498997,0.175697368302374,0.46,0.325989761826062,0.649100139877715,0.54,0.350899860122285,0.674010238173938,142,9.8840275287255e-06,259173522
22,-1.06652397411661,0.158174174313538,0.344202898550724,0.252450608562183,0.469302237160333,0.655797101449276,0.530697762839667,0.747549391437817,164,1.55449921858546e-11,611676629
846,-0.440444827004192,0.186302812120585,0.643749999999999,0.446823494616324,0.927467036745339,0.356250000000001,0.0725329632546611,0.553176505383676,143,0.0180722706988206,936507201
797,-0.800777844752311,0.178246457580771,0.448979591836735,0.316594190301708,0.636722593341895,0.551020408163265,0.363277406658105,0.683405809698292,137,7.03814682896957e-06,856081953
872,-1.00785792539965,0.183571866436865,0.365,0.254704259843718,0.523057604461522,0.635,0.476942395538478,0.745295740156282,123,4.01334456631294e-08,393784957
922,-0.853489830635124,0.171429529970437,0.425925925925926,0.304377815445695,0.596012209727631,0.574074074074074,0.403987790272369,0.695622184554305,146,6.4025062996226e-07,967488289
597,-0.853489830635124,0.171429529970437,0.425925925925926,0.304377815445695,0.596012209727631,0.574074074074074,0.403987790272369,0.695622184554305,146,6.4025062996226e-07,646219497
97,-1.08554020710076,0.174730857734521,0.337719298245614,0.239786485526329,0.475649510259771,0.662280701754386,0.524350489740229,0.760213514473671,134,5.21011712894612e-10,411316816
297,-0.716136698784644,0.185351503141039,0.488636363636364,0.33979289836392,0.702679476285139,0.511363636363636,0.297320523714861,0.66020710163608,130,0.000111696942647961,234838247
673,-0.804938586548062,0.173157319837509,0.447115384615385,0.318440161663335,0.627785660312272,0.552884615384615,0.372214339687728,0.681559838336665,145,3.34200551930677e-06,810453257
772,-0.962810747509048,0.173454835896798,0.381818181818182,0.27177629965317,0.536415883772747,0.618181818181818,0.463584116227253,0.72822370034683,139,2.84387358733328e-08,709766933
147,-0.84078317936601,0.175987157234534,0.431372549019608,0.305528666740813,0.609050136056568,0.568627450980392,0.390949863943432,0.694471333259187,139,1.77465310176335e-06,372260215
997,-0.800777844752311,0.178246457580771,0.448979591836735,0.316594190301708,0.636722593341895,0.551020408163265,0.363277406658105,0.683405809698292,137,7.03814682896964e-06,189048137
522,-0.839750654751821,0.189433807638463,0.431818181818182,0.297889074445395,0.62596099738106,0.568181818181818,0.37403900261894,0.702110925554605,120,9.29522980011131e-06,581019321
348,-0.884202417322654,0.186807454838451,0.41304347826087,0.28640788843702,0.595671145319564,0.58695652173913,0.404328854680436,0.71359211156298,122,2.20976200727033e-06,179101349
621,-0.867949904939872,0.173504696174482,0.419811320754717,0.298790428135074,0.589850036809569,0.580188679245283,0.410149963190431,0.701209571864926,142,5.66040020992994e-07,581805130
973,-0.952008814476235,0.170022045693719,0.385964912280702,0.27658256344711,0.538605585454184,0.614035087719298,0.461394414545816,0.72341743655289,145,2.15187136976461e-08,738748105
48,-1.11058847971483,0.167096405262572,0.329365079365079,0.237380387019493,0.456993759540281,0.670634920634921,0.543006240459719,0.762619612980507,146,3.00361379536384e-11,221737812
473,-0.693147180559946,0.180578779537461,0.5,0.350962785685376,0.712326235705557,0.5,0.287673764294443,0.649037214314624,138,0.000123800677515762,850454898
722,-1.17007125265026,0.176437717643145,0.310344827586207,0.219614218374765,0.438559546473242,0.689655172413793,0.561440453526758,0.780385781625235,130,3.31979665088303e-11,468139533
748,-0.829483624112077,0.175624025133436,0.436274509803921,0.309220585389302,0.61553291371279,0.563725490196079,0.38446708628721,0.690779414610698,140,2.32316961997202e-06,486034963
172,-1.47590651980958,0.172947143053747,0.228571428571429,0.162857988938823,0.320800338378299,0.771428571428571,0.679199661621701,0.837142011061177,134,1.41545428798037e-17,484863325
497,-0.980829253011726,0.179028718537414,0.375,0.264022990726223,0.532624070400825,0.625,0.467375929599175,0.735977009273777,130,4.28670240221716e-08,296705773
698,-0.659624488521301,0.183619943577389,0.517045454545455,0.360770605384545,0.741013813420754,0.482954545454545,0.258986186579246,0.639229394615455,135,0.000327727215018634,459108580
897,-0.903868211875598,0.179849045098771,0.405,0.284686739488181,0.576159607205061,0.595,0.423840392794939,0.715313260511819,131,5.01586915061986e-07,586225781
272,-1.20936365296081,0.17217010709973,0.298387096774194,0.212925942379243,0.418149420997991,0.701612903225806,0.581850579002009,0.787074057620757,136,2.15239044650213e-12,857091070
372,-0.82098055206983,0.177097815837771,0.44,0.310961585771182,0.622584939293623,0.56,0.377415060706377,0.689038414228818,138,3.55651884495104e-06,587567064
447,-0.931232311872354,0.166438699596279,0.39406779661017,0.284379356818244,0.546064348912795,0.60593220338983,0.453935651087205,0.715620643181756,152,2.20562278547066e-08,227252872
572,-0.963437510299857,0.170405729163543,0.381578947368421,0.273234028923872,0.532885649888652,0.618421052631579,0.467114350111348,0.726765971076128,144,1.56951689255818e-08,459215682
396,-0.854415328156068,0.183784100934053,0.425531914893617,0.296821139077602,0.610055642114111,0.574468085106383,0.389944357885889,0.703178860922398,127,3.33521442245002e-06,743591558
74,-0.88804751956076,0.183006997660013,0.411458333333333,0.28744186614808,0.588981564648722,0.588541666666667,0.411018435351278,0.71255813385192,127,1.21894411614135e-06,250704619
247,-0.902238978418505,0.174630557220225,0.40566037735849,0.288082442488341,0.571226557013425,0.59433962264151,0.428773442986575,0.711917557511659,139,2.38443678588879e-07,362059065
649,-1.16666575191313,0.177843658024186,0.31140350877193,0.21975699385226,0.441269893510933,0.68859649122807,0.558730106489067,0.78024300614774,128,5.3784743684031e-11,796300134
822,-0.888891757686041,0.189038979439611,0.411111111111111,0.283823887087362,0.595483161806567,0.588888888888889,0.404516838193433,0.716176112912638,119,2.57422114065186e-06,595871296
948,-0.920931111430657,0.173627260258893,0.398148148148148,0.28330413164141,0.559546897376166,0.601851851851852,0.440453102623834,0.71669586835859,140,1.13248963397742e-07,14444416
124,-1.13309846473928,0.173513824484333,0.322033898305085,0.229195641251802,0.452477329373096,0.677966101694915,0.547522670626904,0.770804358748198,135,6.56352123310094e-11,41180794
224,-0.952008814476235,0.170022045693719,0.385964912280702,0.27658256344711,0.538605585454184,0.614035087719298,0.461394414545816,0.72341743655289,145,2.15187136976461e-08,463497503
324,-0.661730984326567,0.177724151596739,0.51595744680851,0.364195699205628,0.730958897916175,0.48404255319149,0.269041102083825,0.635804300794372,144,0.000196588948915356,784888502
98,-1.06289420606603,0.177030259920716,0.345454545454545,0.244175722261976,0.488741640117553,0.654545454545455,0.511258359882447,0.755824277738024,131,1.92484375234329e-09,323651272
547,-1.06635142644989,0.168220701864406,0.344262295081967,0.247570981646895,0.478717364315908,0.655737704918033,0.521282635684092,0.752429018353105,145,2.31257693912305e-10,83217853
198,-1.1842677332466,0.164683013976253,0.305970149253731,0.221564727323645,0.422529945832041,0.694029850746269,0.577470054167959,0.778435272676355,149,6.42264838419975e-13,572920658
298,-0.736632292499684,0.179965849170259,0.478723404255319,0.33643211951261,0.681195654308541,0.521276595744681,0.318804345691459,0.663567880487389,137,4.2550043715154e-05,585446218
422,-0.644357016390514,0.192106121357132,0.525,0.360278442371129,0.765033284217638,0.475,0.234966715782362,0.639721557628871,124,0.000796028005120819,759513709
798,-0.716136698784644,0.185351503141039,0.488636363636364,0.33979289836392,0.702679476285139,0.511363636363636,0.297320523714861,0.66020710163608,130,0.000111696942647962,995045689
23,-1.28093384546206,0.187577144644261,0.277777777777778,0.192323141447391,0.401202337100278,0.722222222222222,0.598797662899722,0.807676858552609,114,8.56054549372504e-12,556946685
847,-1.12247977007475,0.18264905737622,0.325471698113207,0.227531783116541,0.465569358362726,0.674528301886792,0.534430641637274,0.772468216883459,122,7.96845539065678e-10,223400815
349,-0.693147180559946,0.176776695207365,0.5,0.353587911240123,0.707037746633322,0.5,0.292962253366678,0.646412088759877,144,8.81703413136742e-05,800862239
923,-0.651474484159377,0.177427949720993,0.521276595744681,0.36816396776703,0.738065951753079,0.478723404255319,0.261934048246921,0.63183603223297,145,0.000240877154448428,525340859
598,-0.718464988544235,0.194474967115041,0.4875,0.332994628426108,0.713693944924209,0.5125,0.286306055075791,0.667005371573892,118,0.000220421462710983,529880436
873,-0.812206540575934,0.178612474788266,0.443877551020408,0.312772071948077,0.629938853148575,0.556122448979592,0.370061146851425,0.687227928051923,136,5.43355772562696e-06,353210577
773,-0.70361848042724,0.177086558310906,0.494791666666667,0.349692264039667,0.70009782479777,0.505208333333333,0.29990217520223,0.650307735960334,143,7.08829086073843e-05,28706878
674,-1.07121331448,0.178974948082375,0.342592592592593,0.241231610673384,0.486543551119539,0.657407407407407,0.513456448880461,0.758768389326616,128,2.16031737318594e-09,458641583
148,-1.02004996616501,0.18045526474387,0.360576923076923,0.253159441324951,0.513572461588488,0.639423076923077,0.486427538411512,0.746840558675049,127,1.57995291538453e-08,821456228
723,-1.27003455500403,0.160915356923965,0.280821917808219,0.204861147391161,0.38494829559316,0.719178082191781,0.61505170440684,0.795138852608839,155,2.96043346886802e-15,321449269
998,-1.07342203983955,0.187972169242157,0.341836734693878,0.236492041767025,0.494106915027979,0.658163265306122,0.505893084972021,0.763507958232975,116,1.12620204967232e-08,96398372
49,-1.06421086195078,0.185722248621457,0.345,0.239735324115058,0.496485031729722,0.655,0.503514968270278,0.760264675884942,119,1.00359322727547e-08,500257428
523,-1.26649316130727,0.18523188291316,0.281818181818182,0.196019530245591,0.405171298511935,0.718181818181818,0.594828701488065,0.803980469754409,117,8.06777237004653e-12,679465300
622,-1.22972530042835,0.177318657148513,0.292372881355932,0.206539524651306,0.413876723579598,0.707627118644068,0.586123276420402,0.793460475348694,128,4.05890492291915e-12,272833185
273,-1.01473080468741,0.167812155544944,0.3625,0.260895173685786,0.503674514723917,0.6375,0.496325485276083,0.739104826314214,147,1.47727699152554e-09,97786088
974,-0.838654764231184,0.181332639410804,0.432291666666667,0.302988567048473,0.61677602851446,0.567708333333333,0.38322397148554,0.697011432951527,131,3.74685051176054e-06,859479652
474,-0.858226930919394,0.185902241156443,0.423913043478261,0.294466914094307,0.610263020494893,0.576086956521739,0.389736979505107,0.705533085905693,124,3.90172661309874e-06,537879285
173,-0.519875459285909,0.1959353549865,0.594594594594595,0.404986438201892,0.872974249436135,0.405405405405405,0.127025750563865,0.595013561798108,125,0.00797087726387004,637933320
498,-1.09861228866811,0.166666666689565,0.333333333333333,0.240442824707678,0.462110321845519,0.666666666666667,0.537889678154481,0.759557175292322,147,4.34895513186081e-11,633290552
749,-1.17572959201254,0.168176180998438,0.30859375,0.221939856645172,0.429080670676076,0.69140625,0.570919329323924,0.778060143354828,143,2.72819126820893e-12,733910489
75,-1.18405749462499,0.176991204189368,0.306034482758621,0.216329216663745,0.432937843910904,0.693965517241379,0.567062156089096,0.783670783336255,129,2.23288339216681e-11,708113922
699,-0.92494879461727,0.16766318778073,0.396551724137931,0.285485909690892,0.550826729371795,0.603448275862069,0.449173270628205,0.714514090309108,150,3.45409266666536e-08,596125027
373,-1.10670949890073,0.168297814058886,0.330645161290323,0.237742493025247,0.459851418623314,0.669354838709677,0.540148581376686,0.762257506974752,144,4.83599362135651e-11,673494628
898,-0.751643387241554,0.186481810134144,0.471590909090909,0.327213957137102,0.679671452535278,0.528409090909091,0.320328547464722,0.672786042862898,127,5.56222101725574e-05,849072832
949,-0.767255152713668,0.177192478016285,0.464285714285714,0.328064177063929,0.657070291608797,0.535714285714286,0.342929708391203,0.671935822936071,140,1.4906455030239e-05,899622799
448,-1.02961941718116,0.174233013134951,0.357142857142857,0.253825095933505,0.50251540313247,0.642857142857143,0.49748459686753,0.746174904066495,136,3.43274113335926e-09,627662810
325,-0.980829253011726,0.172516389862142,0.375,0.267414560441362,0.525868897220485,0.625,0.474131102779515,0.732585439558638,140,1.30486603339591e-08,571826215
573,-1.01693425765384,0.18969047975148,0.361702127659574,0.249394134071082,0.524585029398383,0.638297872340426,0.475414970601617,0.750605865928918,115,8.27538326911341e-08,394450065
199,-0.832909122935104,0.185038186455019,0.434782608695652,0.302529252365597,0.624851697302159,0.565217391304348,0.375148302697841,0.697470747634403,126,6.75447078163347e-06,143231266
397,-1.00785792539965,0.183571866436865,0.365,0.254704259843718,0.523057604461522,0.635,0.476942395538478,0.745295740156282,123,4.01334456631294e-08,372494338
650,-0.960626545694207,0.183688585952438,0.38265306122449,0.266961838294743,0.548480510172441,0.61734693877551,0.451519489827559,0.733038161705257,124,1.69833596562776e-07,573347934
248,-0.941608539858445,0.181164325491948,0.39,0.273436983018783,0.556252480263622,0.61,0.443747519736378,0.726563016981217,128,2.01944824688528e-07,32995991
225,-1.01160091167848,0.175162262462575,0.363636363636363,0.257969830342356,0.512584765370397,0.636363636363637,0.487415234629603,0.742030169657644,135,7.68517940472314e-09,787985504
799,-0.857769160254499,0.168473910906771,0.424107142857143,0.304838863625004,0.590039165228325,0.575892857142857,0.409960834771675,0.695161136374996,151,3.55417179764908e-07,133780202
823,-1.01405490064005,0.181992737933871,0.362745098039215,0.253915406569272,0.518219858847288,0.637254901960784,0.481780141152712,0.746084593430728,125,2.51900033703524e-08,675089042
125,-1.00583055521714,0.176569381196194,0.365740740740741,0.258748124397483,0.516974914307386,0.634259259259259,0.483025085692614,0.741251875602517,133,1.22279405506557e-08,207273895
848,-1.03174934343898,0.190268149961181,0.356382978723404,0.245448515942634,0.517456082535252,0.643617021276596,0.482543917464748,0.754551484057366,114,5.87361344866222e-08,581752090
350,-0.8754687373539,0.188561808347934,0.416666666666667,0.287928500858622,0.602966050923723,0.583333333333333,0.397033949076277,0.712071499141378,120,3.43595729024652e-06,396705573
99,-0.871395411966264,0.180563798219513,0.418367346938775,0.293671361942544,0.596010573951824,0.581632653061225,0.403989426048176,0.706328638057456,131,1.39323718815838e-06,298238737
874,-0.928869514081015,0.180715876055744,0.395,0.277186109601428,0.562888956536645,0.605,0.437111043463355,0.722813890398572,129,2.74820108959043e-07,35798397
299,-0.853489830635124,0.171429529970437,0.425925925925926,0.304377815445695,0.596012209727631,0.574074074074074,0.403987790272369,0.695622184554305,146,6.4025062996226e-07,965412666
24,-0.80368905495977,0.190375489370873,0.447674418604651,0.30825800821456,0.650144942653094,0.552325581395349,0.349855057346906,0.69174199178544,120,2.42574922669098e-05,176176184
675,-1.10758095865087,0.177117634297643,0.330357142857143,0.233464524465124,0.4674622068889,0.669642857142857,0.5325377931111,0.766535475534876,130,4.0170554019706e-10,629454544
548,-0.948039430188736,0.165587906706336,0.3875,0.280106395626438,0.536068623724875,0.6125,0.463931376275125,0.719893604373562,153,1.0325483689095e-08,980048865
423,-0.8754687373539,0.177122977137628,0.416666666666667,0.294456677086739,0.589598146758851,0.583333333333333,0.410401853241149,0.705543322913261,136,7.70413063082482e-07,136603430
724,-0.921405832540926,0.182287344861233,0.397959183673469,0.27840386622764,0.568855289317569,0.602040816326531,0.431144710682431,0.72159613377236,127,4.3109271918268e-07,743510923
599,-0.992805444058442,0.172931592363389,0.370535714285714,0.264016114776187,0.520031573366703,0.629464285714286,0.479968426633297,0.735983885223813,139,9.41024669394951e-09,118960771
924,-1.00408611517599,0.170311729488739,0.366379310344827,0.262398491412565,0.511564675262167,0.633620689655173,0.488435324737833,0.737601508587435,143,3.73371688116294e-09,840164573
774,-0.918697471904721,0.176858593265873,0.399038461538461,0.282145059457017,0.564361091749827,0.600961538461539,0.435638908250173,0.717854940542983,135,2.05236408437309e-07,761203838
149,-0.884202417322655,0.186807454838451,0.41304347826087,0.28640788843702,0.595671145319563,0.58695652173913,0.404328854680437,0.71359211156298,122,2.20976200727027e-06,744296120
999,-0.986694372464125,0.17119744606872,0.37280701754386,0.266538867694241,0.521443921227218,0.62719298245614,0.478556078772782,0.733461132305759,142,8.23932668201197e-09,595193533
750,-0.629968278938414,0.17872664051553,0.532608695652174,0.375211257828543,0.756032812890538,0.467391304347826,0.243967187109462,0.624788742171457,144,0.000423868725829808,852253076
623,-0.887303195000903,0.177517900653607,0.411764705882353,0.290767329417102,0.583112873617115,0.588235294117647,0.416887126382885,0.709232670582898,135,5.78118216823397e-07,410732695
524,-1.07485820266,0.182524727865589,0.341346153846154,0.238687504399457,0.488157924474186,0.658653846153846,0.511842075525814,0.761312495600543,123,3.88924969809923e-09,60002416
274,-0.635327609671119,0.18720437715261,0.529761904761905,0.367055782473014,0.764591348612236,0.470238095238095,0.235408651387764,0.632944217526986,131,0.000689388947197243,103097861
700,-0.307484699747962,0.198523964850441,0.735294117647058,0.498284280264175,1.0850381215312,0.264705882352942,-0.0850381215311991,0.501715719735825,134,0.121416745081312,397853265
975,-0.669616683149751,0.188248322033354,0.511904761904762,0.353958142457399,0.740331846702212,0.488095238095238,0.259668153297788,0.646041857542601,128,0.000374982231027148,118736413
374,-1.01050502115784,0.172023406631422,0.364035087719298,0.259846371187443,0.50999959893687,0.635964912280702,0.49000040106313,0.740153628812557,140,4.24813751072342e-09,253951140
475,-0.980829253011726,0.169515875931295,0.375,0.268991831867857,0.522785391004298,0.625,0.477214608995702,0.731008168132143,145,7.20559194041142e-09,616759347
50,-1.00492680459079,0.173355890633744,0.366071428571429,0.260618374915465,0.514193563135347,0.633928571428571,0.485806436864653,0.739381625084535,138,6.75518453312421e-09,181931774
449,-1.06612683352362,0.180462058822745,0.344339622641509,0.24175608619489,0.490452081629553,0.655660377358491,0.509547918370447,0.75824391380511,126,3.46787231527333e-09,18447473
174,-1.06784063000136,0.175625043353466,0.34375,0.243641014337905,0.484992491190824,0.65625,0.515007508809176,0.756358985662095,133,1.20010393050584e-09,786118546
499,-0.910870664404816,0.18775687460059,0.402173913043478,0.278352390446898,0.581075866002163,0.597826086956522,0.418924133997837,0.721647609553102,120,1.22635951222939e-06,849921832
899,-1.01160091167848,0.175162262462575,0.363636363636364,0.257969830342356,0.512584765370397,0.636363636363636,0.487415234629603,0.742030169657644,135,7.68517940472339e-09,807024883
950,-1.07728951919929,0.172915028747786,0.34051724137931,0.242635066613883,0.477886371886614,0.65948275862069,0.522113628113386,0.757364933386117,137,4.65937991834496e-10,564038761
574,-1.41804305943447,0.17819661125751,0.2421875,0.170793167788458,0.343425828537234,0.7578125,0.656574171462766,0.829206832211542,126,1.75204019522614e-15,774441175
824,-0.787457860031187,0.176036959187476,0.455,0.322231850481168,0.642472181725248,0.545,0.357527818274752,0.677768149518832,141,7.7038527443175e-06,566086821
100,-1.145132304303,0.164487923761404,0.318181818181818,0.230495783220472,0.439225689975641,0.681818181818182,0.560774310024359,0.769504216779528,150,3.3594821703511e-12,414503157
200,-1.1599812350444,0.168911940751489,0.313492063492063,0.225137814481933,0.436520511219578,0.686507936507937,0.563479488780422,0.774862185518067,142,6.53951043842392e-12,18085799
398,-1.14117190308691,0.181690044169626,0.319444444444444,0.22373838226597,0.456089617047082,0.680555555555556,0.543910382952918,0.77626161773403,123,3.36679350832251e-10,422388927
249,-1.28621090256291,0.182802832388901,0.276315789473684,0.193109504467329,0.39537368045695,0.723684210526316,0.60462631954305,0.806890495532671,120,1.97757974273664e-12,549615246
800,-0.891598119283784,0.179429991812572,0.41,0.2884381960877,0.582793826476743,0.59,0.417206173523257,0.7115618039123,132,6.72787846902632e-07,808351927
849,-0.762140052046896,0.184734902330963,0.466666666666667,0.32490780711719,0.670275607440939,0.533333333333333,0.329724392559061,0.67509219288281,129,3.69789133430681e-05,266736078
875,-0.998528830111127,0.171606006779513,0.368421052631579,0.263192276930764,0.515722093387516,0.631578947368421,0.484277906612484,0.736807723069236,141,5.92968181254912e-09,412067333
600,-0.863772697590709,0.176736385966579,0.42156862745098,0.298146694897379,0.596082769631486,0.57843137254902,0.403917230368514,0.701853305102621,137,1.02201951214042e-06,724147240
775,-1.07992015565596,0.180988434509971,0.339622641509434,0.238198488184449,0.484232874461106,0.660377358490566,0.515767125538894,0.761801511815551,125,2.41965068992019e-09,316166631
925,-1.00764051046238,0.163531590521361,0.365079365079365,0.264965264692627,0.503020435381849,0.634920634920635,0.496979564618151,0.735034735307373,155,7.194611690425e-10,214404183
300,-0.556571645554195,0.187159134766536,0.573170731707317,0.397167644506965,0.827168809518016,0.426829268292683,0.172831190481984,0.602832355493035,135,0.00294147935326235,798031107
549,-0.93587786514946,0.168019017698524,0.392241379310345,0.282185932964809,0.545219593431926,0.607758620689655,0.454780406568074,0.717814067035191,149,2.54635486081168e-08,491074410
725,-0.793790706339632,0.18177266471799,0.452127659574468,0.316618220529595,0.645633786363785,0.547872340425532,0.354366213636215,0.683381779470405,132,1.25998097364103e-05,349659045
424,-0.800567429180782,0.169787505073704,0.449074074074074,0.321954571995409,0.626385029277865,0.550925925925926,0.373614970722135,0.678045428004591,151,2.4157554611216e-06,120044953
25,-0.725582456313099,0.179626297477553,0.484042553191489,0.3403967159175,0.688306268374578,0.515957446808511,0.311693731625422,0.6596032840825,138,5.35881213327454e-05,596367857
150,-1.20670878414481,0.173470668319531,0.299180327868853,0.212948474471642,0.420331109700596,0.700819672131147,0.579668890299404,0.787051525528358,134,3.49400250254519e-12,818173241
1000,-0.770108221696073,0.168874268403173,0.462962962962963,0.332506554705065,0.644602947047351,0.537037037037037,0.355397052952649,0.667493445294935,154,5.10937089885702e-06,867185561
175,-0.992805444058443,0.172931592363389,0.370535714285714,0.264016114776187,0.520031573366702,0.629464285714286,0.479968426633298,0.735983885223813,139,9.41024669394920e-09,997711038
624,-0.75377180237638,0.173275820052149,0.470588235294118,0.335079933193865,0.660896894321353,0.529411764705882,0.339103105678647,0.664920066806135,147,1.36058783356015e-05,478982845
275,-1.00492680459079,0.173355890633743,0.366071428571428,0.260618374915465,0.514193563135346,0.633928571428572,0.485806436864654,0.739381625084535,138,6.75518453312376e-09,116202125
375,-0.75377180237638,0.173275820052149,0.470588235294118,0.335079933193865,0.660896894321353,0.529411764705882,0.339103105678647,0.664920066806135,147,1.36058783356014e-05,77394865
525,-0.980829253011726,0.186338998153664,0.375,0.260267071184673,0.540310379487919,0.625,0.459689620512081,0.739732928815327,120,1.41198500445534e-07,349368609
900,-1.04731899428056,0.173331646440638,0.350877192982456,0.249812965607305,0.492827921304848,0.649122807017544,0.507172078695152,0.750187034392695,137,1.5194791288691e-09,301751537
450,-0.772284501118669,0.183040531929653,0.46195652173913,0.322698331165259,0.661310603022697,0.53804347826087,0.338689396977303,0.677301668834741,131,2.45171376183709e-05,546554493
500,-0.607989372219638,0.18007305132894,0.544444444444445,0.382538465485624,0.774875678737617,0.455555555555555,0.225124321262383,0.617461534514376,143,0.000734548197484206,694667808
575,-0.802709383071472,0.171447485627758,0.44811320754717,0.320222158055159,0.627081673541228,0.55188679245283,0.372918326458772,0.679777841944841,148,2.84152105777944e-06,241796722
399,-0.892636540976265,0.1851043185423,0.409574468085107,0.284952055636465,0.588699893855866,0.590425531914893,0.411300106144134,0.715047944363534,124,1.41881594325775e-06,714139465
825,-1.12002638317193,0.173020708406313,0.326271186440678,0.232435911776013,0.457988123642403,0.673728813559322,0.542011876357597,0.767564088223987,136,9.58433693141726e-11,513827996
250,-1.2776605201171,0.176350007039232,0.278688524590164,0.197246673735962,0.393757178598657,0.721311475409836,0.606242821401343,0.802753326264038,129,4.32353832951619e-13,439931764
850,-1.09861228866811,0.180020574980507,0.333333333333333,0.234231313629052,0.474364889090259,0.666666666666667,0.525635110909741,0.765768686370948,126,1.04288852146757e-09,264318448
550,-0.948672141377194,0.17962758973933,0.387254901960784,0.272331352086734,0.550676071423808,0.612745098039216,0.449323928576192,0.727668647913266,130,1.28251153545622e-07,576673451
425,-1.03147298583048,0.177497976086475,0.356481481481481,0.251738953727952,0.504804857402255,0.643518518518519,0.495195142597745,0.748261046272048,131,6.20333982813224e-09,464346656
625,-1.16643488500687,0.171905024264313,0.311475409836066,0.222381135782204,0.436264211850962,0.688524590163935,0.563735788149038,0.777618864217796,137,1.15809482560242e-11,372758739
400,-0.863046217355342,0.182151070150214,0.421875,0.295213706944434,0.6028802573808,0.578125,0.3971197426192,0.704786293055566,129,2.15753373555948e-06,183492807
