"rep","est_V","se_V","IRR_V","IRR_V_CI_Lower","IRR_V_CI_Upper","VE","VE_CI_Lower","VE_CI_Upper","n_event","p_val","seed"
76,-0.777028664540647,0.133207555641105,0.459770114942529,0.354123103582706,0.596935236519794,0.540229885057471,0.403064763480206,0.645876896417294,247,5.43685731696621e-09,688898490
101,-0.833919734441028,0.12615452268886,0.434343434343434,0.339195698858097,0.556181047083892,0.565656565656566,0.443818952916108,0.660804301141903,271,3.83531838949813e-11,832415607
26,-0.968329090247495,0.125080543623869,0.379716981132075,0.297160628131993,0.485208914338453,0.620283018867924,0.514791085661547,0.702839371868007,267,9.81391499862812e-15,252984197
201,-0.782094666576442,0.128266329824122,0.457446808510638,0.355762447394888,0.588194690442686,0.542553191489362,0.411805309557314,0.644237552605112,266,1.07788874908143e-09,358896460
226,-0.799690428466821,0.128668013280179,0.449468085106383,0.349282195483954,0.57839065987685,0.550531914893617,0.42160934012315,0.650717804516046,263,5.12771012742108e-10,615845171
251,-1.06863145645617,0.122575552628666,0.343478260869565,0.27012374099397,0.43675285724928,0.656521739130435,0.56324714275072,0.72987625900603,273,2.82796339706087e-18,131439912
376,-0.750305594399895,0.130358981502713,0.472222222222222,0.365750269146515,0.60968875752533,0.527777777777778,0.39031124247467,0.634249730853485,260,8.62897511668373e-09,559320123
126,-0.68158635815887,0.131814389940833,0.505813953488372,0.390652127271757,0.654924772406413,0.494186046511628,0.345075227593587,0.609347872728243,260,2.33089103722054e-07,376126411
476,-0.989718200428972,0.121663217444823,0.371681415929204,0.292826872083679,0.471770483235093,0.628318584070796,0.528229516764907,0.707173127916321,281,4.12275923719126e-16,721366525
1,-0.931739642815203,0.124185289874409,0.393867924528302,0.308776261125931,0.502408900886856,0.606132075471698,0.497591099113144,0.691223738874069,273,6.2460192939058e-14,441118550
326,-0.798507696217772,0.127961982680806,0.45,0.350179788954099,0.578274379012044,0.55,0.421725620987956,0.649820211045901,266,4.37026358882862e-10,756286785
276,-0.928266922920871,0.12469124233221,0.395238095238095,0.309543308201035,0.504656853463568,0.604761904761905,0.495343146536432,0.690456691798965,271,9.72947222352089e-14,965680646
751,-0.890315245470894,0.130140586310853,0.410526315789474,0.318101072844938,0.529805996718004,0.589473684210526,0.470194003281996,0.681898927155062,251,7.85431983179749e-12,71900284
151,-0.653705448508649,0.130457329165971,0.520114942528736,0.402766972940121,0.671652770997905,0.479885057471264,0.328347229002095,0.597233027059879,268,5.41829315140892e-07,125181317
301,-0.852868905436659,0.122924373936626,0.426190476190476,0.334942551080636,0.542296944384759,0.573809523809524,0.457703055615241,0.665057448919364,284,3.97241250035896e-12,111733523
426,-0.886164026470648,0.130728385522183,0.412234042553191,0.319056538938239,0.532623172072464,0.587765957446809,0.467376827927536,0.680943461061761,249,1.21290791392995e-11,351051616
51,-1.10111541888623,0.132358592457317,0.3325,0.256523886706203,0.430978383415109,0.6675,0.569021616584891,0.743476113293797,233,8.85713316844882e-17,454505643
176,-0.952658376045031,0.12528626834147,0.385714285714285,0.301732338863886,0.493071146315527,0.614285714285715,0.506928853684473,0.698267661136114,267,2.87441588097589e-14,287201084
701,-0.744440474947496,0.130226972373733,0.475,0.367996942005386,0.613116507899399,0.525,0.386883492100601,0.632003057994614,261,1.08750355763929e-08,397431572
551,-0.821764558382039,0.134276582441723,0.439655172413793,0.337921444262811,0.572016585250712,0.560344827586207,0.427983414749288,0.662078555737189,240,9.3610903098156e-10,566747215
451,-0.931558204004944,0.128496173159206,0.393939393939394,0.306233904405324,0.50676376411912,0.606060606060606,0.49323623588088,0.693766095594676,255,4.17707819904469e-13,82703412
851,-0.990218993361565,0.125040403763735,0.371495327102804,0.290749362162808,0.474665798172723,0.628504672897196,0.525334201827278,0.709250637837192,266,2.39058525304786e-15,739576114
501,-0.762942942495487,0.131377515001285,0.466292134831461,0.360436983612424,0.603235419480374,0.533707865168539,0.396764580519626,0.639563016387576,255,6.3504768807547e-09,862386695
626,-0.879733136140357,0.130570112538358,0.414893617021277,0.321214596538663,0.535893185739083,0.585106382978723,0.464106814260917,0.678785403461337,250,1.60990640766205e-11,323283815
401,-0.889857474805999,0.128122058063039,0.410714285714286,0.319508278649338,0.527955723722983,0.589285714285714,0.472044276277017,0.680491721350662,259,3.77420091743009e-12,555696963
776,-0.808978996085067,0.127532818869189,0.4453125,0.346823689385415,0.571769543792269,0.5546875,0.428230456207731,0.653176310614585,267,2.24894120111852e-10,567841
951,-0.930147766535582,0.122426571543063,0.394495412844037,0.310336080683817,0.501477721868718,0.605504587155963,0.498522278131282,0.689663919316183,281,3.01679815657568e-14,333868398
351,-1.05239944551298,0.124340749220396,0.349099099099099,0.273595966464786,0.445438514925944,0.650900900900901,0.554561485074056,0.726404033535214,266,2.58728290414793e-17,247012293
926,-1.01323267706638,0.121176219327062,0.36304347826087,0.286294664605263,0.460366829711879,0.63695652173913,0.539633170288121,0.713705335394737,282,6.18490749028567e-17,475223255
526,-0.938526873321038,0.123192609467501,0.391203703703703,0.307284899282382,0.498040542014586,0.608796296296297,0.501959457985414,0.692715100717618,277,2.56899145503439e-14,435250197
876,-0.819341783120613,0.127111099328487,0.440721649484536,0.343532018261525,0.565407478776847,0.559278350515464,0.434592521223153,0.656467981738475,268,1.14938191098408e-10,887811164
801,-0.971696769448453,0.12342980998097,0.378440366972477,0.29712131616963,0.482015606286891,0.621559633027523,0.517984393713109,0.70287868383037,274,3.47722986703202e-15,109365642
976,-1.17093295024774,0.11832978487279,0.310077519379845,0.2458939172133,0.391014422456635,0.689922480620155,0.608985577543365,0.7541060827867,289,4.35408315488694e-23,775490816
651,-0.996237878364572,0.124038268512188,0.369266055045871,0.289572837117545,0.470891609746496,0.630733944954128,0.529108390253504,0.710427162882455,270,9.61329912056061e-16,12765037
826,-1.03524267473552,0.126193271475185,0.355140186915888,0.277321736857737,0.454795047051621,0.644859813084112,0.545204952948379,0.722678263142263,259,2.33238775455368e-16,847100194
601,-0.817601355033351,0.129082896867366,0.441489361702128,0.342803053794277,0.568585531367883,0.558510638297872,0.431414468632117,0.657196946205723,260,2.39002115398047e-10,315796240
676,-0.947743528425961,0.122847351191207,0.387614678899082,0.304671871587477,0.493137546683237,0.612385321100918,0.506862453316763,0.695328128412523,278,1.21166035385302e-14,448451833
576,-0.881547783430282,0.127273607169799,0.414141414141414,0.322710555773101,0.5314766060136,0.585858585858586,0.4685233939864,0.677289444226899,263,4.31687873767927e-12,857436596
726,-0.552241727482707,0.137376054772701,0.575657894736842,0.439774208107442,0.753527618636272,0.424342105263158,0.246472381363728,0.560225791892558,251,5.82161491025129e-05,676702114
901,-1.06949489009738,0.125353203595485,0.343181818181818,0.268425289676548,0.438758063640335,0.656818181818182,0.561241936359665,0.731574710323452,261,1.44024135388109e-17,94533586
102,-0.999877447982421,0.125873820467973,0.367924528301887,0.287484710020573,0.470871854424809,0.632075471698113,0.529128145575191,0.712515289979427,262,1.96570374864091e-15,157033471
127,-0.769374545947829,0.118847831200905,0.463302752293578,0.367029880956374,0.58482824265831,0.536697247706422,0.41517175734169,0.632970119043626,311,9.56884938291611e-11,294772745
327,-0.913935018181696,0.123759101525124,0.400943396226415,0.314585808219553,0.511007180798757,0.599056603773585,0.488992819201243,0.685414191780447,276,1.52693799527268e-13,851510965
277,-0.88804751956076,0.129405489049986,0.411458333333333,0.319282937626144,0.530244307222203,0.588541666666667,0.469755692777797,0.680717062373856,254,6.76571309478553e-12,96957863
2,-0.815749502652278,0.122679123037763,0.442307692307692,0.347776180550412,0.562534485153441,0.557692307692308,0.437465514846559,0.652223819449588,288,2.94177101001017e-11,295990430
252,-0.980829253011726,0.121987509137343,0.375,0.295253674828373,0.476285350493075,0.625,0.523714649506925,0.704746325171627,280,8.95403826529909e-16,732576880
152,-1.06635142644989,0.118949999024282,0.344262295081967,0.27267105405831,0.434650198659367,0.655737704918033,0.565349801340633,0.72732894594169,290,3.11117854416353e-19,372615922
702,-1.0230296075021,0.118370559054402,0.359504132231405,0.285066828544901,0.453378675278237,0.640495867768595,0.546621324721763,0.714933171455099,295,5.49471556264376e-18,851705507
77,-0.986694372464124,0.12105487503701,0.37280701754386,0.294064082505359,0.472635322021739,0.62719298245614,0.527364677978261,0.705935917494641,284,3.61517262511043e-16,154964767
52,-1.0893098960058,0.127633219976181,0.336448598130841,0.261985423991208,0.432076172253029,0.663551401869159,0.567923827746971,0.738014576008792,251,1.4053238395286e-17,881804449
202,-0.909035560992984,0.125430595369522,0.402912621359223,0.315096918255851,0.515202057034228,0.597087378640777,0.484797942965772,0.684903081744149,269,4.25101359278335e-13,797099868
402,-0.851515496331407,0.126562908744102,0.426767676767677,0.333012837315257,0.54691780473694,0.573232323232323,0.45308219526306,0.666987162684743,268,1.72008622350997e-11,511531827
852,-0.935218741759674,0.127943060604419,0.3925,0.305445921435913,0.504365058389962,0.6075,0.495634941610038,0.694554078564087,257,2.67843024758807e-13,130554855
227,-1.11394665266822,0.123766589733839,0.328260869565218,0.257554299043651,0.418378566724876,0.671739130434782,0.581621433275124,0.742445700956349,266,2.2493255867777e-19,211455147
477,-0.74721440183022,0.126814318398384,0.473684210526316,0.369440382282266,0.607342191223988,0.526315789473684,0.392657808776012,0.630559617717734,275,3.81104364503758e-09,126192947
377,-0.860201265223112,0.132221471359324,0.423076923076923,0.326491753757425,0.548234620875675,0.576923076923077,0.451765379124325,0.673508246242575,245,7.73011461806074e-11,178757442
752,-0.784118958765672,0.129699445549064,0.456521739130435,0.354047143545931,0.588656347319574,0.543478260869565,0.411343652680426,0.645952856454069,260,1.48798111350941e-09,603106240
352,-0.95848195431973,0.118319221405618,0.383474576271186,0.304104658040367,0.483559678414548,0.616525423728814,0.516440321585452,0.695895341959633,299,5.4592856479782e-16,77796909
877,-1.02861991684807,0.130357228407238,0.3575,0.276895419877761,0.461568667536726,0.6425,0.538431332463274,0.723104580122239,243,3.00309062835152e-15,775093708
27,-0.801781021562741,0.123565377223152,0.448529411764706,0.352056110711892,0.571439117506554,0.551470588235294,0.428560882493446,0.647943889288108,285,8.65692034617559e-11,573475280
502,-1.0087380411288,0.124352804983844,0.364678899082569,0.285799415028789,0.465328802099466,0.635321100917431,0.534671197900534,0.714200584971211,268,4.98325830840089e-16,722977530
827,-1.10282282120445,0.121377408411196,0.331932773109244,0.261657686326737,0.421082091685277,0.668067226890756,0.578917908314723,0.738342313673263,277,1.02845604915495e-19,7041833
177,-0.873409004390889,0.128382700790281,0.417525773195876,0.324641275424377,0.536985850166249,0.582474226804124,0.463014149833751,0.675358724575623,259,1.0234360881622e-11,61516712
527,-0.841200280519086,0.120388790457149,0.431192660550459,0.340562037748492,0.545941972105216,0.568807339449541,0.454058027894784,0.659437962251508,297,2.80099196746874e-12,235987775
952,-0.828066498459316,0.123548749183879,0.436893203883495,0.342933887847448,0.556596120604141,0.563106796116505,0.443403879395859,0.657066112152552,283,2.05099301698593e-11,879950059
427,-1.03798766685168,0.119229552874543,0.354166666666667,0.280362100176613,0.447400086169853,0.645833333333333,0.552599913830147,0.719637899823387,290,3.1536521591952e-18,956048992
677,-0.961026625715547,0.12859217595793,0.3825,0.297285399863752,0.492140717529529,0.6175,0.507859282470471,0.702714600136248,253,7.81217708053803e-14,344686054
977,-0.838654764231183,0.128221538977834,0.432291666666667,0.336228475778362,0.555800886991592,0.567708333333333,0.444199113008408,0.663771524221638,262,6.12438649625552e-11,56791599
552,-0.98394938034797,0.124883122948265,0.373831775700935,0.292668179877728,0.47750389735604,0.626168224299065,0.52249610264396,0.707331820122272,267,3.30111857056192e-15,256476082
577,-0.865899286337749,0.12381304589917,0.420673076923077,0.330031096508793,0.536209586066125,0.579326923076923,0.463790413933875,0.669968903491207,279,2.67915047452739e-12,870166281
602,-1.07166765342466,0.120575000202363,0.342436974789916,0.270362855960994,0.433724822466691,0.657563025210084,0.566275177533309,0.729637144039006,282,6.22323723647715e-19,520127213
452,-0.792238083204178,0.121005353611522,0.452830188679245,0.357219722185293,0.574030959222672,0.547169811320755,0.425969040777328,0.642780277814707,298,5.86523235842448e-11,690048925
627,-0.995688367415477,0.121809611602403,0.369469026548672,0.291000347071148,0.469096902985646,0.630530973451328,0.530903097014354,0.708999652928852,280,2.97992804967524e-16,593513820
927,-0.797350958089948,0.127267487965985,0.450520833333333,0.35106262560433,0.578156164923464,0.549479166666667,0.421843835076536,0.64893737439567,269,3.72446862674069e-10,407849391
727,-0.885831524389446,0.128682859604577,0.412371134020619,0.320444785164063,0.530668495935697,0.587628865979381,0.469331504064303,0.679555214835937,257,5.82625093543429e-12,900832634
652,-0.927836722871216,0.129056943018325,0.395408163265306,0.307038023768202,0.509212551781136,0.604591836734694,0.490787448218864,0.692961976231798,253,6.50961019102245e-13,831799028
302,-1.06624700416608,0.123050219749728,0.344298245614035,0.270516819544844,0.438203000214009,0.655701754385965,0.561796999785991,0.729483180455156,271,4.50970620461141e-18,596410958
802,-0.996528162554829,0.125199474125626,0.369158878504673,0.288830686410414,0.471827558465112,0.630841121495327,0.528172441534889,0.711169313589586,265,1.72703001360688e-15,914867925
777,-1.00636255501689,0.118955822831747,0.365546218487395,0.289525563530055,0.461527597843923,0.634453781512605,0.538472402156077,0.710474436469945,293,2.67448966924204e-17,751267433
902,-0.773189888233481,0.130159102437878,0.461538461538462,0.357615446654975,0.595661494691554,0.538461538461538,0.404338505308446,0.642384553345025,259,2.84424003314753e-09,995870328
278,-0.861138911799075,0.128089185069097,0.422680412371134,0.328838312185223,0.543302663898846,0.577319587628866,0.456697336101154,0.671161687814777,261,1.78065241296201e-11,30039021
153,-1.1984782850083,0.122938105899306,0.301652892561984,0.237062242700684,0.383842093765652,0.698347107438017,0.616157906234348,0.762937757299316,267,1.86971744964459e-22,124534810
53,-0.957989761041903,0.127877296684628,0.383663366336634,0.298607685135124,0.492946384156687,0.616336633663366,0.507053615843313,0.701392314864876,256,6.81030871698053e-14,11857278
3,-0.937124818776997,0.129954706433925,0.391752577319588,0.303664634348262,0.505393333556683,0.608247422680412,0.494606666443317,0.696335365651738,249,5.54752205464813e-13,421661819
78,-0.849017551266731,0.127802092086233,0.427835051546392,0.333035879385115,0.549618952977847,0.572164948453608,0.450381047022153,0.666964120614885,263,3.06900980839107e-11,737363017
853,-1.06538664103979,0.124679415806493,0.344594594594595,0.269886492740193,0.439982873607994,0.655405405405405,0.560017126392006,0.730113507259807,264,1.2852705346628e-17,446492820
128,-0.766419381666271,0.129296242945223,0.464673913043478,0.36065431298764,0.598694754748539,0.535326086956522,0.401305245251461,0.63934568701236,263,3.07351145872231e-09,754191964
203,-0.617749163075733,0.132796027533173,0.539156626506024,0.415603086018637,0.699441071744883,0.460843373493976,0.300558928255117,0.584396913981363,262,3.28946764293029e-06,892390937
403,-0.9175169735974,0.126249320390042,0.399509803921568,0.311934797733879,0.511671299864457,0.600490196078431,0.488328700135543,0.688065202266121,265,3.66200528478891e-13,74190743
378,-0.97246100334121,0.118147860346354,0.378151260504202,0.299983875389975,0.476686874036214,0.621848739495799,0.523313125963786,0.700016124610025,299,1.85841198315823e-16,377841675
103,-0.980829253011726,0.124225998769109,0.375,0.293961128449573,0.478379576040181,0.625,0.521620423959819,0.706038871550427,270,2.89099932084821e-15,378774225
753,-1.09861228866811,0.120761472901503,0.333333333333333,0.263079127700229,0.422348637394445,0.666666666666667,0.577651362605555,0.736920872299771,280,9.25421943023236e-20,59553052
478,-0.980829253011726,0.120912708370279,0.375,0.29587630317168,0.47528307773402,0.625,0.52471692226598,0.70412369682832,285,4.98429449109958e-16,610267145
828,-0.881547783430283,0.127273607169799,0.414141414141414,0.322710555773101,0.531476606013599,0.585858585858586,0.468523393986401,0.677289444226899,263,4.31687873767911e-12,249062612
328,-0.849637042740376,0.121697474385791,0.427570093457944,0.336835799386959,0.542745709192313,0.572429906542056,0.457254290807687,0.663164200613041,290,2.91940275730966e-12,286377042
878,-0.828122616756702,0.126021255855114,0.436868686868687,0.341256890918449,0.559268558805395,0.563131313131313,0.440731441194605,0.658743109081551,272,4.9880140974708e-11,221011892
178,-0.851236423966132,0.122306271906592,0.42688679245283,0.335896463118415,0.54252531235026,0.57311320754717,0.45747468764974,0.664103536881585,287,3.40573607113242e-12,570055733
253,-1.15505359957306,0.120754686069735,0.315040650406504,0.248645165939699,0.399165658553856,0.684959349593496,0.600834341446144,0.7513548340603,278,1.11887275149513e-21,816875001
953,-0.776297548892115,0.128135259390204,0.460106382978723,0.35792276987976,0.591462464734727,0.539893617021276,0.408537535265273,0.64207723012024,267,1.37462879621512e-09,66824167
553,-0.938526873321037,0.123192609467501,0.391203703703704,0.307284899282382,0.498040542014586,0.608796296296296,0.501959457985414,0.692715100717618,277,2.56899145503447e-14,402006028
353,-0.998220995723595,0.120285671947797,0.368534482758621,0.291132560666873,0.466514857256289,0.631465517241379,0.533485142743711,0.708867439333127,287,1.05210477493868e-16,392150564
703,-1.12707475333187,0.134454815404655,0.323979591836735,0.248925568454495,0.421663297098728,0.676020408163265,0.578336702901272,0.751074431545505,225,5.1791411442818e-17,112412762
528,-1.04499119722901,0.120410434186313,0.351694915254237,0.277761815421165,0.445307117640117,0.648305084745763,0.554692882359883,0.722238184578835,284,4.00751990338036e-18,95461023
678,-0.911400746579963,0.126101080682982,0.401960784313725,0.31393970835141,0.514660834000802,0.598039215686275,0.485339165999198,0.68606029164859,266,4.91817235121575e-13,167715072
978,-0.828183464363888,0.128648405278601,0.436842105263158,0.339483577629579,0.56212152076166,0.563157894736842,0.43787847923834,0.660516422370421,261,1.21399165575229e-10,126155123
603,-0.850776124763528,0.12850769489759,0.427083333333334,0.33199127899465,0.549412545303791,0.572916666666666,0.450587454696209,0.66800872100535,260,3.58156878723766e-11,390843471
578,-0.983732012669687,0.120455824544688,0.373913043478261,0.295282991129219,0.473481264696324,0.626086956521739,0.526518735303676,0.704717008870781,287,3.1682139074876e-16,643535927
228,-0.983682321994133,0.119420660966491,0.373931623931624,0.295897397002096,0.472545080804313,0.626068376068376,0.527454919195687,0.704102602997904,292,1.76405440349522e-16,783477686
928,-0.986908299088109,0.123241511152574,0.372727272727273,0.292743868168641,0.474563722559954,0.627272727272727,0.525436277440046,0.707256131831359,274,1.16663696701919e-15,774273419
503,-1.12270984024717,0.118465475628446,0.325396825396825,0.257973630695559,0.410441538900103,0.674603174603175,0.589558461099897,0.742026369304441,290,2.61433593896108e-21,712905921
803,-0.955021369055853,0.127174479850749,0.384803921568628,0.299908224543754,0.493731234879794,0.615196078431372,0.506268765120206,0.700091775456245,259,5.93371776594552e-14,62318422
653,-0.801950040408744,0.126713869773314,0.448453608247423,0.349831152788179,0.574879158551967,0.551546391752577,0.425120841448033,0.650168847211821,271,2.47033396650288e-10,283343745
28,-0.79983132314828,0.136114945790533,0.449404761904762,0.344172699327838,0.586811912790027,0.550595238095238,0.413188087209973,0.655827300672162,235,4.19927460378867e-09,475294954
453,-0.889857474806,0.128122058063039,0.410714285714286,0.319508278649338,0.527955723722983,0.589285714285714,0.472044276277017,0.680491721350662,259,3.77420091742995e-12,950847172
903,-1.02528101558256,0.12147534004432,0.358695652173913,0.282700199926474,0.45512019772866,0.641304347826087,0.54487980227134,0.717299800073526,280,3.16686926781725e-17,985167197
628,-0.804699666465692,0.131614175685601,0.447222222222222,0.345535907991349,0.578833375703432,0.552777777777778,0.421166624296568,0.654464092008651,251,9.71152700587021e-10,839387626
728,-0.983892042542273,0.123730680336202,0.373853211009174,0.293346809491825,0.476453872547623,0.626146788990826,0.523546127452377,0.706653190508175,272,1.83695917743982e-15,861822051
303,-0.713147847266616,0.122276306597059,0.49009900990099,0.385657733224932,0.622824382380108,0.50990099009901,0.377175617619892,0.614342266775068,299,5.46799207694487e-09,410510242
428,-1.07194404158595,0.12485173760038,0.342342342342342,0.268031987114157,0.437254824031602,0.657657657657658,0.562745175968398,0.731968012885843,263,9.02568217008829e-18,937801423
778,-0.933362715772803,0.130534222441525,0.393229166666667,0.304463188578445,0.50787478853957,0.606770833333333,0.49212521146043,0.695536811421555,247,8.65697784158964e-13,73179865
154,-0.737598943130779,0.128652179947434,0.478260869565218,0.371668637023962,0.615423085436534,0.521739130434782,0.384576914563466,0.628331362976038,268,9.85069357012988e-09,109409584
279,-1.06087196068526,0.121325380928259,0.346153846153846,0.272895773781227,0.439077833807565,0.653846153846154,0.560922166192435,0.727104226218773,279,2.24952985177891e-18,673765609
4,-0.773189888233482,0.130159102437878,0.461538461538462,0.357615446654975,0.595661494691554,0.538461538461538,0.404338505308446,0.642384553345025,259,2.8442400331475e-09,933851773
79,-0.950976289862046,0.128984331679008,0.386363636363636,0.300057566463376,0.497494068433539,0.613636363636364,0.502505931566461,0.699942433536624,252,1.67075130920285e-13,233551125
829,-0.984135041146226,0.128543792772632,0.373762376237624,0.29052192116497,0.480852919224187,0.626237623762376,0.519147080775813,0.70947807883503,252,1.91770020820706e-14,313088673
129,-0.732367893713228,0.139596488115866,0.48076923076923,0.365689018573552,0.63206451797772,0.51923076923077,0.36793548202228,0.634310981426448,228,1.5516702192118e-07,664355268
854,-0.814029072120395,0.124449115236602,0.443069306930693,0.347168559097186,0.565461374885304,0.556930693069307,0.434538625114696,0.652831440902814,280,6.1084505728711e-11,172962497
104,-0.922260898860658,0.124546511315714,0.397619047619048,0.311496375816725,0.507552958248543,0.602380952380952,0.492447041751457,0.688503624183275,272,1.31198226502065e-13,635538125
479,-0.939618984365063,0.126174157391176,0.390776699029126,0.305160995167642,0.50041267043388,0.609223300970874,0.49958732956612,0.694839004832358,264,9.54864230970609e-14,892938401
179,-0.803148075774273,0.127399451179066,0.447916666666667,0.348943098459625,0.574962912759806,0.552083333333333,0.425037087240194,0.651056901540375,268,2.89738264162879e-10,655693120
54,-1.01104303160822,0.122733617066551,0.363839285714286,0.286047756666422,0.462786449968413,0.636160714285714,0.537213550031587,0.713952243333579,275,1.75548948766717e-16,462119008
679,-0.910355996354341,0.124261696802176,0.402380952380952,0.315402888354568,0.51334479428415,0.597619047619048,0.48665520571585,0.684597111645432,274,2.36913178051847e-13,59127594
529,-0.94236297218393,0.126859094076239,0.389705882352941,0.303916517831636,0.499711815020919,0.610294117647059,0.500288184979081,0.696083482168364,261,1.09900288204631e-13,793230701
404,-1.0385083645984,0.122880256862255,0.353982300884956,0.278218294208155,0.450378253149877,0.646017699115044,0.549621746850123,0.721781705791845,273,2.87867183322397e-17,651453971
354,-0.935978686846375,0.122565350518733,0.392201834862385,0.308447891353826,0.498697781963338,0.607798165137615,0.501302218036662,0.691552108646174,280,2.23087704843755e-14,229134911
954,-0.742744121699317,0.12807187705392,0.475806451612903,0.370182042287259,0.611568778424923,0.524193548387097,0.388431221575077,0.629817957712741,270,6.65399766321671e-09,244286195
204,-0.896194867871017,0.117399363907089,0.408119658119658,0.324232835583032,0.513710016581748,0.591880341880342,0.486289983418252,0.675767164416968,308,2.28059970819518e-14,471780581
379,-1.02608584459985,0.122565888536477,0.358407079646018,0.281869643541005,0.455727098266613,0.641592920353982,0.544272901733386,0.718130356458995,275,5.6788964751899e-17,4659311
229,-0.950370045527018,0.130291768821149,0.38659793814433,0.299471142028057,0.499073015066824,0.61340206185567,0.500926984933176,0.700528857971943,247,3.00510362346305e-13,58427639
329,-0.762508308357448,0.125833780181036,0.466494845360825,0.364533076953375,0.596975842540768,0.533505154639175,0.403024157459232,0.635466923046625,278,1.36420470157646e-09,279150456
929,-1.10633433476202,0.116216441110371,0.330769230769231,0.263391338476582,0.415382998759453,0.669230769230769,0.584617001240547,0.736608661523418,302,1.73842575718974e-21,614489642
504,-0.839750654751821,0.126289205092309,0.431818181818182,0.337134624770697,0.553093418617522,0.568181818181818,0.446906581382478,0.662865375229303,270,2.94239328886789e-11,898665075
754,-0.9695931797448,0.118579797833897,0.379237288135593,0.300590828494234,0.478460774844292,0.620762711864407,0.521539225155708,0.699409171505766,297,2.91687478880276e-16,836334331
879,-0.867731754851747,0.124455151320037,0.419902912621359,0.329012554579244,0.535901908829544,0.580097087378641,0.464098091170456,0.670987445420757,276,3.11923633820993e-12,230191012
254,-0.92494879461727,0.13689641957041,0.396551724137931,0.303230860849913,0.518592565004785,0.603448275862069,0.481407434995215,0.696769139150087,225,1.41307034411674e-11,368495062
704,-0.714887167196351,0.127464480042571,0.489247311827957,0.381092573848915,0.628096553321394,0.510752688172043,0.371903446678606,0.618907426151085,275,2.04063365738856e-08,97972026
554,-0.980829253011726,0.12539246566318,0.375,0.293289832449113,0.479474514427292,0.625,0.520525485572708,0.706710167550887,265,5.19596932633421e-15,883811384
804,-0.698424237660788,0.125766931608995,0.497368421052632,0.388709541560663,0.636401528162082,0.502631578947368,0.363598471837918,0.611290458439337,284,2.80291457170404e-08,146897885
579,-0.808216510344733,0.130257921827924,0.445652173913043,0.345239346047765,0.575270062311912,0.554347826086957,0.424729937688088,0.654760653952235,256,5.47874777373905e-10,782336023
979,-0.774492820013897,0.126753241325485,0.4609375,0.359541881991279,0.590928038006443,0.5390625,0.409071961993557,0.640458118008721,273,9.94809574223865e-10,184041082
604,-1.01361907583472,0.134759398873992,0.362903225806452,0.278665638488754,0.472604918263158,0.637096774193548,0.527395081736842,0.721334361511246,228,5.40706693383924e-14,733475456
654,-0.76968725768228,0.127311169883415,0.463157894736842,0.360878996898828,0.594424273234174,0.536842105263158,0.405575726765826,0.639121003101172,271,1.48747330650824e-09,946888563
29,-1.0277862360995,0.124838168608242,0.357798165137614,0.280140350260282,0.45698353292162,0.642201834862385,0.54301646707838,0.719859649739718,265,1.82660455372879e-16,546452579
904,-1.00330210886378,0.118385605203425,0.366666666666667,0.290737746957909,0.462425143797749,0.633333333333333,0.537574856202251,0.709262253042091,296,2.35350817662873e-17,838803397
629,-0.806475865866949,0.126168012398177,0.446428571428571,0.348624235419534,0.571671298605845,0.553571428571429,0.428328701394155,0.651375764580466,273,1.63645618104369e-10,313447452
729,-0.926241062727323,0.127086545724598,0.396039603960396,0.308718285523807,0.508059856703928,0.603960396039604,0.491940143296072,0.691281714476193,261,3.1396022772036e-13,599168834
304,-0.780158557549575,0.126879804753175,0.458333333333334,0.357421898935406,0.587735236901108,0.541666666666667,0.412264763098892,0.642578101064594,272,7.80712930526327e-10,898470295
454,-0.953982002975538,0.129717378150513,0.385204081632653,0.298727529890875,0.49671412795687,0.614795918367347,0.50328587204313,0.701272470109125,249,1.91913750392834e-13,532543823
779,-1.08091271156871,0.124529188551655,0.339285714285714,0.265806830230491,0.433076892036772,0.660714285714286,0.566923107963228,0.734193169769509,264,3.95786848730472e-18,642152979
429,-0.831983625414162,0.120741079175432,0.435185185185185,0.343478145599539,0.55137757039561,0.564814814814815,0.44862242960439,0.656521854400461,296,5.55409137082728e-12,892043990
155,-0.80368905495977,0.134615799505852,0.447674418604651,0.343856392050387,0.582837456875441,0.552325581395349,0.417162543124559,0.656143607949613,240,2.36900260027316e-09,481753779
5,-0.871629961046734,0.123945597167936,0.418269230769231,0.328059964884328,0.533284058205548,0.581730769230769,0.466715941794452,0.671940035115672,278,2.03070186262627e-12,697023824
280,-0.776797209846871,0.138047413648723,0.459876543209876,0.350860991785724,0.60276417141243,0.540123456790124,0.39723582858757,0.649139008214276,230,1.83336759636687e-08,134997142
105,-1.03347298649715,0.127953668868641,0.355769230769231,0.276856053818814,0.457175285915777,0.644230769230769,0.542824714084223,0.723143946181186,252,6.64169665012597e-16,934963063
180,-0.993024526105544,0.123393186281496,0.370454545454546,0.290872361835274,0.471810279196114,0.629545454545454,0.528189720803886,0.709127638164726,273,8.44025274012598e-16,843597091
80,-0.794028405413726,0.125250158823489,0.452020202020202,0.353626429919074,0.577791267132218,0.547979797979798,0.422208732867782,0.646373570080926,278,2.30452017865103e-10,703187671
830,-0.904759534274965,0.129146061138414,0.404639175257732,0.314151111239017,0.521191414881496,0.595360824742268,0.478808585118504,0.685848888760983,254,2.45740761706976e-12,358012273
130,-1.01929553383952,0.126372109190749,0.360849056603773,0.281680926061587,0.462267869793084,0.639150943396227,0.537732130206916,0.718319073938413,259,7.27419285462368e-16,719422234
355,-1.00726251007988,0.121029059034179,0.365217391304348,0.28809208600804,0.462989958382372,0.634782608695652,0.537010041617628,0.71190791399196,283,8.61381360512701e-17,109837562
205,-0.827966403368897,0.119011126325042,0.436936936936937,0.346032033885628,0.551723159026758,0.563063063063063,0.448276840973242,0.653967966114372,305,3.4747069213815e-12,648576758
405,-0.764803169466381,0.127877220772448,0.465425531914893,0.362243762528146,0.597997669432418,0.534574468085107,0.402002330567582,0.637756237471854,269,2.22096748893287e-09,628079054
855,-0.743919505933369,0.122919987950773,0.475247524752475,0.373499633638618,0.604713336886127,0.524752475247525,0.395286663113873,0.626500366361382,293,1.43002555506196e-09,198620409
530,-0.871516163038076,0.125770226475215,0.418316831683169,0.326926051043539,0.535255514544908,0.581683168316831,0.464744485455092,0.673073948956461,270,4.22535304023026e-12,154856174
680,-0.861968050134997,0.124321616407105,0.422330097087379,0.33100098069234,0.53885855725491,0.577669902912621,0.46114144274509,0.66899901930766,277,4.10924890848028e-12,774571584
380,-0.729961153682662,0.13527081273417,0.481927710843374,0.369691252350249,0.628238609927113,0.518072289156627,0.371761390072887,0.630308747649751,243,6.80312179582798e-08,973710277
955,-0.948039430188735,0.128263841001397,0.3875,0.301365357182126,0.498253188103685,0.6125,0.501746811896315,0.698634642817874,255,1.45375398602681e-13,192276962
330,-0.858766887735968,0.129373474558574,0.423684210526316,0.328790589015429,0.545965475431791,0.576315789473684,0.454034524568209,0.671209410984571,256,3.18205267131444e-11,864645771
755,-0.889021703758604,0.124351670020467,0.411057692307692,0.322147263341368,0.524506788146374,0.588942307692308,0.475493211853626,0.677852736658632,275,8.72506047627272e-13,288550297
880,-1.19098560879912,0.133672875715582,0.303921568627451,0.233872395460027,0.394951784263731,0.696078431372549,0.605048215736269,0.766127604539973,226,5.1169496262879e-19,18074691
55,-1.06858000156923,0.118521057488149,0.34349593495935,0.272292885886961,0.43331817850937,0.65650406504065,0.56668182149063,0.727707114113039,292,1.95170335909038e-19,771180360
705,-0.8754687373539,0.127128345253997,0.416666666666667,0.324770754774993,0.534565100331746,0.583333333333333,0.465434899668254,0.675229245225007,264,5.71836953846438e-12,380603067
480,-0.879476758751439,0.126586319919984,0.415,0.323815494527273,0.531861516544861,0.585,0.468138483455139,0.676184505472726,266,3.71435348243149e-12,368747815
805,-0.850776124763528,0.12850769489759,0.427083333333333,0.331991278994649,0.54941254530379,0.572916666666667,0.45058745469621,0.66800872100535,260,3.58156878723756e-11,973464063
255,-0.893817876022097,0.135307356836655,0.409090909090909,0.313794984392038,0.533327109179482,0.590909090909091,0.466672890820518,0.686205015607962,232,3.95286852586645e-11,529407631
555,-0.962137119999575,0.124927185893244,0.382075471698113,0.299096233848024,0.4880759085302,0.617924528301887,0.5119240914698,0.700903766151976,268,1.34390594421263e-14,390416226
505,-0.540740180337514,0.132025467318484,0.582317073170732,0.449551283569374,0.754292527014438,0.417682926829268,0.245707472985562,0.550448716430626,273,4.20846879252761e-05,33850895
605,-0.825206902573012,0.127246340997649,0.438144329896907,0.341432543979593,0.562250017480125,0.561855670103093,0.437749982519875,0.658567456020407,267,8.86652954159533e-11,671641993
655,-0.907664677154388,0.126633168756849,0.403465346534653,0.314786349079894,0.517126255093777,0.596534653465347,0.482873744906223,0.685213650920106,264,7.62852969006784e-13,249671492
230,-1.00583055521714,0.124853406793742,0.365740740740741,0.286350488015916,0.467141824567629,0.634259259259259,0.532858175432371,0.713649511984084,266,7.87722328879652e-16,417544884
930,-0.803403666829977,0.130858627228643,0.447802197802198,0.346496741906209,0.578726389325642,0.552197802197802,0.421273610674358,0.653503258093791,254,8.27930735308428e-10,859534611
30,-1.04982212449868,0.117108008770738,0.35,0.278218193623616,0.440301902634458,0.65,0.559698097365542,0.721781806376384,300,3.11513585489176e-19,969767631
630,-0.841363124867389,0.126969450662287,0.431122448979592,0.336142979501495,0.552939009137729,0.568877551020408,0.447060990862271,0.663857020498505,267,3.43738372665664e-11,643727136
980,-0.957112726394411,0.114927513405111,0.384,0.306552419079059,0.481013982675412,0.616,0.518986017324588,0.693447580920941,317,8.22412982296608e-17,54600446
730,-0.867731754851748,0.124455151320037,0.419902912621359,0.329012554579243,0.535901908829543,0.580097087378641,0.464098091170457,0.670987445420757,276,3.11923633820969e-12,735454801
905,-0.835838942583132,0.129511648909485,0.433510638297872,0.336325072170783,0.558779255749327,0.566489361702128,0.441220744250673,0.663674927829217,257,1.09098305258311e-10,242697156
580,-0.782917179988655,0.125003487891359,0.457070707070707,0.35775048165631,0.583964640089063,0.542929292929293,0.416035359910937,0.64224951834369,280,3.77246697293092e-10,313611495
780,-1.06949489009738,0.125353203595485,0.343181818181818,0.268425289676548,0.438758063640336,0.656818181818182,0.561241936359664,0.731574710323452,261,1.44024135388115e-17,452590851
156,-0.781115953505902,0.127567402701603,0.457894736842106,0.356598967698247,0.587964657836928,0.542105263157894,0.412035342163072,0.643401032301753,269,9.17359733134459e-10,58531034
305,-1.08042996958492,0.126218337367533,0.339449541284404,0.265056209275703,0.434722851402201,0.660550458715596,0.565277148597799,0.734943790724297,257,1.12859751955916e-17,598560056
455,-1.03798766685168,0.125678983829011,0.354166666666667,0.276840445225062,0.453091410381905,0.645833333333333,0.546908589618095,0.723159554774938,261,1.46849575239389e-16,197817026
430,-1.03957875708392,0.12400982124448,0.353603603603603,0.277306041298111,0.450893561121656,0.646396396396397,0.549106438878344,0.722693958701889,268,5.15798288258261e-17,244398844
106,-1.0893098960058,0.127633219976181,0.336448598130841,0.261985423991208,0.432076172253029,0.663551401869159,0.567923827746971,0.738014576008792,251,1.40532383952858e-17,20638535
6,-0.931038588508711,0.12133958434088,0.394144144144144,0.310721022321217,0.499964904860936,0.605855855855856,0.500035095139064,0.689278977678783,286,1.68019944292205e-14,455524548
181,-1.0364805075611,0.12071083189513,0.354700854700855,0.279970961360063,0.449377663005959,0.645299145299145,0.550622336994041,0.720029038639937,283,8.96785288166649e-18,369451762
281,-1.06784063000136,0.124185659101417,0.34375,0.269485673598183,0.438479941891786,0.65625,0.561520058108214,0.730514326401817,266,8.05935813400664e-18,265620396
831,-0.871395411966264,0.127677886157817,0.418367346938776,0.325745306797001,0.537325429813995,0.581632653061224,0.462674570186005,0.674254693202999,262,8.79548749423279e-12,563924998
81,-0.931558204004943,0.128496173159206,0.393939393939394,0.306233904405324,0.506763764119121,0.606060606060606,0.493236235880879,0.693766095594676,255,4.17707819904479e-13,76226831
706,-0.826678573184468,0.127941578951886,0.4375,0.340466187760241,0.562188719118241,0.5625,0.437811280881759,0.659533812239759,264,1.03755556147985e-10,421559403
131,-1.11185751541813,0.124252148856308,0.328947368421052,0.257847423139127,0.419652715058356,0.671052631578948,0.580347284941644,0.742152576860873,264,3.60682854410198e-19,81621140
406,-0.763764747773898,0.132140823917161,0.465909090909091,0.359602507444052,0.603642289745459,0.534090909090909,0.396357710254541,0.640397492555948,252,7.47315938160993e-09,59383190
681,-0.682218110027755,0.12815534940325,0.505494505494505,0.393215300269928,0.649834060143962,0.494505494505495,0.350165939856038,0.606784699730072,275,1.01863272881071e-07,982990424
531,-0.990398704027877,0.126230210088276,0.371428571428572,0.29002000675763,0.475688505823538,0.628571428571428,0.524311494176462,0.70997999324237,261,4.29612523863746e-15,612125990
331,-0.911400746579964,0.126101080682982,0.401960784313725,0.31393970835141,0.514660834000802,0.598039215686275,0.485339165999198,0.68606029164859,266,4.91817235121559e-13,860785176
956,-0.856776604341748,0.122431686359305,0.424528301886792,0.333958581836477,0.539660571415201,0.575471698113208,0.460339428584799,0.666041418163523,286,2.59647188160356e-12,242479733
381,-0.647162067318122,0.131843404806021,0.523529411764706,0.404311203307555,0.677901187848625,0.476470588235294,0.322098812151375,0.595688796692445,263,9.17447078587636e-07,167313460
56,-0.968329090247495,0.125080543623869,0.379716981132075,0.297160628131993,0.485208914338453,0.620283018867925,0.514791085661547,0.702839371868007,267,9.81391499862791e-15,617845359
881,-1.07906769259514,0.123383721503515,0.339912280701754,0.266896231278799,0.432903672031154,0.660087719298246,0.567096327968846,0.733103768721201,269,2.21785610187839e-18,159578728
556,-0.972732042779106,0.116217147577376,0.378048780487805,0.301039598497264,0.474757743306037,0.621951219512195,0.525242256693963,0.698960401502736,309,5.76413048552646e-17,382530234
356,-0.906721280858004,0.133385651714347,0.403846153846154,0.310940919509401,0.524510303223055,0.596153846153846,0.475489696776945,0.689059080490599,238,1.06271357013833e-11,379035670
806,-0.873343338041587,0.130413667342145,0.417553191489361,0.323372804081648,0.539163051197496,0.582446808510638,0.460836948802504,0.676627195918352,251,2.13154789697403e-11,442027762
856,-0.843011527206519,0.12766088793433,0.43041237113402,0.335134857053864,0.552776905553083,0.56958762886598,0.447223094446917,0.664865142946136,264,4.0150172099249e-11,817859966
506,-0.803403666829978,0.130858627228643,0.447802197802198,0.346496741906209,0.578726389325641,0.552197802197802,0.421273610674359,0.653503258093791,254,8.2793073530841e-10,81835975
206,-0.829598283287802,0.126696625269033,0.436224489795919,0.340302923767186,0.559183575007704,0.563775510204081,0.440816424992296,0.659697076232814,269,5.83472961924852e-11,175004751
756,-1.08780137256389,0.123074225901888,0.336956521739131,0.264735934667829,0.428879055217775,0.663043478260869,0.571120944782225,0.735264065332171,270,9.69429454807708e-19,327563730
481,-0.833919734441027,0.12615452268886,0.434343434343434,0.339195698858097,0.556181047083892,0.565656565656566,0.443818952916108,0.660804301141902,271,3.8353183894982e-11,464169441
931,-0.823986781518756,0.121697602093455,0.438679245283019,0.345587400837488,0.556847500156909,0.561320754716981,0.443152499843091,0.654412599162512,292,1.28096538418109e-11,960013476
231,-0.762140052046896,0.130627302160058,0.466666666666667,0.361257290054214,0.602832894375906,0.533333333333333,0.397167105624094,0.638742709945786,258,5.39643514000861e-09,827972391
631,-1.0087380411288,0.124352804983844,0.364678899082569,0.285799415028789,0.465328802099466,0.635321100917431,0.534671197900534,0.714200584971211,268,4.98325830840096e-16,926230693
606,-1.07557462060109,0.121184802675682,0.341101694915254,0.268986935003769,0.432550251083492,0.658898305084746,0.567449748916508,0.731013064996231,279,6.9625590363725e-19,397085762
656,-0.958850346292951,0.12543918707074,0.383333333333333,0.299779931493714,0.49017438796608,0.616666666666667,0.50982561203392,0.700220068506286,266,2.10664124186191e-14,707041403
981,-0.763764747773898,0.132140823917161,0.465909090909091,0.359602507444052,0.603642289745459,0.534090909090909,0.396357710254541,0.640397492555948,252,7.47315938160993e-09,409573277
256,-1.02139643800073,0.124674531010995,0.360091743119266,0.282026559861873,0.45976543317827,0.639908256880734,0.54023456682173,0.717973440138127,266,2.55849383274357e-16,64241597
906,-0.986908299088109,0.123241511152574,0.372727272727273,0.292743868168641,0.474563722559954,0.627272727272727,0.525436277440046,0.707256131831359,274,1.16663696701917e-15,47519692
31,-1.01381575200803,0.122258408717771,0.36283185840708,0.285521533217448,0.461075408189529,0.63716814159292,0.538924591810471,0.714478466782552,277,1.1098502303448e-16,460138128
581,-0.877288574070885,0.120645720894221,0.415909090909091,0.328325481192975,0.526856372135054,0.584090909090909,0.473143627864946,0.671674518807025,293,3.55229165532299e-13,964792647
731,-0.852211875189633,0.124703841202635,0.426470588235294,0.333995782717121,0.544549278886553,0.573529411764706,0.455450721113447,0.666004217282879,276,8.26445213924731e-12,696295454
781,-1.11436064563625,0.125424449455664,0.328125,0.256612516599056,0.419566500698883,0.671875,0.580433499301118,0.743387483400944,259,6.40841131638835e-19,193669397
306,-1.20251188368626,0.126772236319578,0.300438596491228,0.234340310648315,0.385180637560395,0.699561403508772,0.614819362439605,0.765659689351685,251,2.40971504559222e-21,358433512
157,-0.77399927718904,0.122359698284001,0.461165048543689,0.362830361011494,0.586150512336992,0.538834951456311,0.413849487663008,0.637169638988506,293,2.52240204231623e-10,579981793
456,-1.06382617258269,0.12353061942987,0.345132743362832,0.270917281868473,0.439678892832626,0.654867256637168,0.560321107167374,0.729082718131527,269,7.18959101574539e-18,331672671
107,-1.06299465305522,0.114710285800638,0.345419847328244,0.275870788117342,0.432502737033241,0.654580152671756,0.567497262966759,0.724129211882658,312,1.91855364752485e-20,502045354
7,-0.918697471904719,0.125057910609413,0.399038461538462,0.312295172507692,0.509875617059243,0.600961538461538,0.490124382940757,0.687704827492308,270,2.03957163961284e-13,114029405
82,-0.969201215016607,0.120632817466456,0.379385964912281,0.299501098814258,0.480578238084148,0.620614035087719,0.519421761915852,0.700498901185742,287,9.41084916715619e-16,34969183
431,-1.02879331221885,0.118510799654995,0.357438016528926,0.283350619133127,0.45089697016016,0.642561983471074,0.54910302983984,0.716649380866873,294,3.92273284822533e-18,76150138
282,-0.962810747509049,0.122651090692226,0.381818181818181,0.300231189954256,0.485576212082276,0.618181818181819,0.514423787917724,0.699768810045744,278,4.16045774640848e-15,733944785
832,-0.8754687373539,0.129099444895162,0.416666666666667,0.323518493492997,0.536634271619682,0.583333333333333,0.463365728380318,0.676481506507003,256,1.19056667331532e-11,479128126
182,-0.886642037952025,0.121972278786139,0.412037037037037,0.32442421582475,0.523310257400671,0.587962962962963,0.476689742599329,0.67557578417525,286,3.61597453320394e-13,683371929
132,-1.07498068413483,0.122739883207328,0.341304347826087,0.268327659630913,0.434128401094474,0.658695652173913,0.565871598905526,0.731672340369087,272,1.98389501760664e-18,125664911
682,-1.03588903019475,0.123360770138353,0.354910714285714,0.27868540980237,0.451984964710286,0.645089285714286,0.548015035289714,0.72131459019763,271,4.5712557341789e-17,842400823
407,-0.822526318083702,0.123424469809704,0.439320388349514,0.344923083314485,0.559552007261855,0.560679611650486,0.440447992738145,0.655076916685515,284,2.660966925957e-11,331853050
332,-1.0171968971826,0.122887798170706,0.361607142857143,0.284206965140302,0.460086281491219,0.638392857142857,0.539913718508781,0.715793034859697,274,1.25847029137722e-16,953053525
532,-0.95842831632256,0.126640640369354,0.383495145631068,0.299201083840868,0.491537413015567,0.616504854368932,0.508462586984433,0.700798916159132,261,3.78738849685852e-14,732312386
382,-0.659921532931625,0.141596120017437,0.516891891891892,0.391627232736218,0.682223312298452,0.483108108108108,0.317776687701548,0.608372767263782,227,3.15303472154036e-06,978221202
707,-0.974675387437348,0.124073480603942,0.377314814814815,0.295864132796744,0.481188673101321,0.622685185185185,0.518811326898679,0.704135867203256,271,3.97766889770291e-15,672533602
357,-0.669616683149751,0.133111665056774,0.511904761904762,0.394352242499321,0.664498529537897,0.488095238095238,0.335501470462103,0.605647757500679,256,4.89232061312582e-07,131253253
807,-0.995428052432878,0.120739409968412,0.369565217391304,0.291687298090051,0.468235849828871,0.630434782608696,0.531764150171129,0.708312701909949,285,1.65944329182714e-16,638730884
882,-0.875468737353901,0.129099444895162,0.416666666666666,0.323518493492996,0.536634271619682,0.583333333333334,0.463365728380318,0.676481506507004,256,1.19056667331527e-11,800717730
957,-0.917580222704027,0.129463860822911,0.399484536082474,0.309956061942906,0.514872635717077,0.600515463917526,0.485127364282923,0.690043938057094,252,1.36517381260962e-12,828404121
857,-0.851837132820623,0.131297341842253,0.426630434782609,0.329830895382672,0.551838928465524,0.573369565217391,0.448161071534476,0.670169104617328,249,8.70713362619383e-11,822348801
207,-0.993024526105544,0.123393186281496,0.370454545454546,0.290872361835274,0.471810279196114,0.629545454545454,0.528189720803886,0.709127638164726,273,8.44025274012586e-16,79592181
57,-0.929224480658723,0.12354332908231,0.394859813084112,0.309943592979422,0.503040796843222,0.605140186915888,0.496959203156778,0.690056407020578,276,5.41736946288072e-14,119884036
757,-0.924350648851255,0.122289242177049,0.396788990825688,0.312224387420777,0.504257545482147,0.603211009174312,0.495742454517853,0.687775612579223,282,4.07042073148969e-14,835108598
932,-1.00680473941499,0.127256952614297,0.365384615384616,0.284727190540326,0.468890648997765,0.634615384615384,0.531109351002236,0.715272809459674,256,2.54123638156447e-15,658925970
482,-1.06538664103979,0.124679415806493,0.344594594594595,0.269886492740192,0.439982873607994,0.655405405405405,0.560017126392006,0.730113507259808,264,1.28527053466277e-17,602533042
557,-0.734390139093995,0.123952281146181,0.479797979797979,0.376313710906098,0.611739872203769,0.520202020202021,0.388260127796231,0.623686289093902,289,3.12713563504702e-09,879662241
507,-0.860201265223111,0.132221471359324,0.423076923076923,0.326491753757426,0.548234620875676,0.576923076923077,0.451765379124324,0.673508246242574,245,7.73011461806137e-11,617224702
657,-1.14016129158098,0.117526780134262,0.319767441860465,0.253977512877003,0.402599488890596,0.680232558139535,0.597400511109404,0.746022487122997,294,2.97712563908989e-22,327540070
632,-1.00188266220956,0.132321068819435,0.3671875,0.283306142195909,0.475904472494691,0.6328125,0.524095527505309,0.716693857804091,237,3.68645305764708e-14,996000180
982,-1.1463436914893,0.12304975799163,0.317796610169492,0.249694580629226,0.404472877147413,0.682203389830508,0.595527122852587,0.750305419370774,268,1.20696787039379e-20,972912455
232,-0.932627151193849,0.123051258446579,0.393518518518518,0.309188799824737,0.500848751652033,0.606481481481482,0.499151248347967,0.690811200175263,278,3.47756355491229e-14,535106116
607,-0.96703593087939,0.131400082726527,0.380208333333333,0.293882467909127,0.491891802068338,0.619791666666667,0.508108197931662,0.706117532090873,242,1.84631698956793e-13,425629383
732,-1.0037435125346,0.127793796505525,0.366504854368932,0.285299791625404,0.470823366223698,0.633495145631068,0.529176633776302,0.714700208374596,254,4.01692486717073e-15,382227813
257,-0.844873616775697,0.123929235386349,0.429611650485437,0.336966939854317,0.547727828470698,0.570388349514563,0.452272171529302,0.663033060145683,280,9.27109698816393e-12,449407097
32,-0.926762031741451,0.122911400937813,0.395833333333333,0.311092821204441,0.503656841617729,0.604166666666667,0.496343158382271,0.688907178795559,279,4.69676324480203e-14,693869410
582,-0.781180530045268,0.131798802678553,0.457865168539326,0.353630945497482,0.592822871501324,0.542134831460674,0.407177128498676,0.646369054502518,252,3.08390380653722e-09,135137950
457,-1.00492680459079,0.122581125825754,0.366071428571429,0.287888681425466,0.465486486487733,0.633928571428571,0.534513513512267,0.712111318574534,276,2.4430769324654e-16,841871034
307,-0.823881368563407,0.124058509392641,0.438725490196078,0.344028223832814,0.559489141917984,0.561274509803922,0.440510858082016,0.655971776167186,281,3.11411982658524e-11,798834967
907,-1.10842591011643,0.117173630852024,0.330078125,0.262348368798093,0.415293485919732,0.669921875,0.584706514080268,0.737651631201907,297,3.08865410720555e-21,439815164
782,-0.763764747773899,0.132140823917161,0.465909090909091,0.359602507444051,0.603642289745458,0.534090909090909,0.396357710254542,0.640397492555949,252,7.47315938160946e-09,859163177
158,-1.10271907062076,0.119873102994706,0.331967213114754,0.26245752089553,0.419885969383373,0.668032786885246,0.580114030616627,0.73754247910447,284,3.61116965299958e-20,128338682
8,-0.879476758751439,0.126586319919984,0.415,0.323815494527273,0.531861516544861,0.585,0.468138483455139,0.676184505472726,266,3.71435348243147e-12,584199279
108,-1.06232228726291,0.122413072644586,0.345652173913043,0.271919965387603,0.439377171736945,0.654347826086957,0.560622828263055,0.728080034612397,274,4.0216352635943e-18,572554389
83,-0.852211875189632,0.124703841202635,0.426470588235294,0.333995782717121,0.544549278886553,0.573529411764706,0.455450721113447,0.666004217282879,276,8.26445213924737e-12,448044637
833,-1.12846525181779,0.122052725663977,0.323529411764706,0.254696102779179,0.410965378483103,0.676470588235294,0.589034621516897,0.745303897220821,273,2.33663539374823e-20,558809447
133,-1.02500047132486,0.125343018023074,0.358796296296296,0.280644012460751,0.458712021351047,0.641203703703704,0.541287978648953,0.719355987539249,263,2.89641145396007e-16,950899606
183,-1.044777977612,0.123040097946235,0.351769911504425,0.276392827194582,0.447703624930599,0.648230088495575,0.552296375069401,0.723607172805418,272,2.04229830924103e-17,935791953
683,-0.980829253011726,0.126592420904943,0.375,0.292600863667221,0.480603502797363,0.625,0.519396497202637,0.707399136332779,260,9.34023849435691e-15,715727471
408,-1.030528921564,0.124339598869592,0.356818181818182,0.279646196929596,0.455286774052169,0.643181818181818,0.544713225947831,0.720353803070404,267,1.15150470908603e-16,245117746
283,-0.993251773010284,0.124536176527072,0.37037037037037,0.290155528736116,0.472760977003609,0.62962962962963,0.527239022996391,0.709844471263884,268,1.51632029523155e-15,97995271
533,-0.576808188475794,0.136994013676033,0.561688311688312,0.42942356275156,0.734691309125469,0.438311688311688,0.265308690874531,0.57057643724844,250,2.54848168168681e-05,337049849
358,-0.980829253011727,0.134595475535258,0.375,0.288047023093776,0.488201539073772,0.625,0.511798460926228,0.711952976906224,230,3.16373930225129e-13,336420184
958,-0.967842057484915,0.127497193996234,0.379901960784314,0.295900518928725,0.487750073336406,0.620098039215686,0.512249926663594,0.704099481071275,257,3.17237357700952e-14,113020766
432,-0.704575876383568,0.130808114452971,0.494318181818182,0.382527371194627,0.638779034590206,0.505681818181818,0.361220965409794,0.617472628805373,262,7.1910252646304e-08,233325639
858,-0.779221789331188,0.126203232463619,0.458762886597938,0.358231598094933,0.58750648250716,0.541237113402062,0.41249351749284,0.641768401905067,275,6.64400158996176e-10,317885556
883,-1.10271907062076,0.119873102994706,0.331967213114754,0.26245752089553,0.419885969383373,0.668032786885246,0.580114030616627,0.73754247910447,284,3.61116965299971e-20,816283035
208,-0.835117441830333,0.124312666643673,0.433823529411765,0.340014916160458,0.553513524631562,0.566176470588235,0.446486475368438,0.659985083839542,279,1.84388812605867e-11,706386375
333,-1.05664808956908,0.127957510904989,0.347619047619048,0.270511625853294,0.446705393479496,0.652380952380952,0.553294606520504,0.729488374146706,251,1.48376505737957e-16,569775146
483,-0.881368459481089,0.125383736334404,0.41421568627451,0.323966207346157,0.529606578912522,0.58578431372549,0.470393421087478,0.676033792653843,271,2.07470700396462e-12,749548420
933,-0.894396747239419,0.129561157079564,0.408854166666667,0.317165376436351,0.527049110716032,0.591145833333333,0.472950889283968,0.682834623563649,253,5.0815873389507e-12,618020257
383,-1.02961941718116,0.127241802074809,0.357142857142857,0.278313036955631,0.458300558979914,0.642857142857143,0.541699441020086,0.721686963044369,255,5.8773440801583e-16,960229388
808,-0.863492546307184,0.138531765023086,0.421686746987952,0.321418966120167,0.553233415973345,0.578313253012048,0.446766584026655,0.678581033879833,223,4.57079033023615e-10,878111503
708,-1.00822822719984,0.123214644096159,0.364864864864865,0.286583742099366,0.464528687627708,0.635135135135135,0.535471312372292,0.713416257900634,273,2.77558054745667e-16,928490617
558,-1.1599812350444,0.119438778728758,0.313492063492064,0.248061906815957,0.396180433884298,0.686507936507937,0.603819566115702,0.751938093184043,284,2.68205765826308e-22,345785252
58,-0.935218741759674,0.127943060604419,0.3925,0.305445921435913,0.504365058389962,0.6075,0.495634941610038,0.694554078564087,257,2.67843024758807e-13,62145234
658,-0.920010512976687,0.126933723763413,0.398514851485148,0.310740835687179,0.511082125730354,0.601485148514852,0.488917874269646,0.689259164312821,262,4.23096484116191e-13,397037395
758,-1.07369593740358,0.126038570791083,0.341743119266055,0.266941166028268,0.437505991688542,0.658256880733945,0.562494008311458,0.733058833971732,258,1.61230862150707e-17,266196457
983,-0.930567418230839,0.129789160057145,0.394329896907216,0.305761620826934,0.508553255226459,0.605670103092784,0.491446744773541,0.694238379173066,250,7.50858618681947e-13,250487671
608,-0.963793065859159,0.130637035761696,0.381443298969072,0.295278307832307,0.492752046015651,0.618556701030928,0.507247953984349,0.704721692167693,245,1.61119493996525e-13,265194132
508,-0.832188228995437,0.123045708982674,0.435096153846154,0.341860203543621,0.553760458600911,0.564903846153846,0.446239541399089,0.658139796456379,285,1.34935123860282e-11,465653647
258,-0.856892351780965,0.128653161630118,0.424479166666666,0.329872878608882,0.546218178632574,0.575520833333334,0.453781821367426,0.670127121391118,259,2.72926887844976e-11,418007459
633,-0.857975579906384,0.124836967260144,0.424019607843137,0.331989631931435,0.541560972219096,0.575980392156863,0.458439027780904,0.668010368068565,275,6.29676958353927e-12,508743402
233,-1.07613943281605,0.125529182909827,0.340909090909091,0.266555684342066,0.436002738232066,0.659090909090909,0.563997261767934,0.733444315657934,260,1.00978877058728e-17,117216654
583,-0.980829253011726,0.121987509137343,0.375,0.295253674828373,0.476285350493075,0.625,0.523714649506925,0.704746325171627,280,8.95403826529935e-16,598940102
33,-0.91404101214014,0.120942079285305,0.400900900900901,0.316293995707461,0.508139688152047,0.599099099099099,0.491860311847953,0.683706004292539,289,4.10335588181684e-14,541170411
458,-0.857450231851221,0.126701977328002,0.424242424242424,0.330952127430579,0.5438298158843,0.575757575757576,0.4561701841157,0.669047872569421,267,1.31065238843105e-11,215382212
733,-0.952119147129295,0.12648338248649,0.385922330097087,0.301187579253274,0.494495972366518,0.614077669902913,0.505504027633482,0.698812420746726,262,5.16725510449633e-14,83152085
308,-0.822358912039951,0.125889382170543,0.43939393939394,0.343318199291976,0.562355955420617,0.56060606060606,0.437644044579383,0.656681800708024,273,6.47270618545375e-11,861379047
908,-1.0767295774186,0.123867122433453,0.34070796460177,0.267267653199214,0.434328343716764,0.65929203539823,0.565671656283236,0.732732346800786,267,3.54181681425695e-18,361511540
783,-0.85566611005772,0.126025207583878,0.425,0.331983178649938,0.544078771504448,0.575,0.455921228495552,0.668016821350062,270,1.12411721755966e-11,895917850
159,-0.9407092592223,0.119957939950767,0.390350877192983,0.308565080141798,0.493814164763262,0.609649122807017,0.506185835236738,0.691434919858202,292,4.43453040813619e-15,937359667
109,-1.00468046883391,0.130374697814688,0.366161616161616,0.283594414064703,0.472767877294991,0.633838383838384,0.527232122705009,0.716405585935297,244,1.29720916058766e-14,803232520
84,-0.974894517491912,0.121843059697623,0.377232142857143,0.297095237598898,0.478984755039102,0.622767857142857,0.521015244960898,0.702904762401102,281,1.23181027752915e-15,789403099
9,-1.01212625973364,0.119095374257749,0.363445378151261,0.287782899583069,0.459000667137917,0.636554621848739,0.540999332862083,0.712217100416931,292,1.92136527622246e-17,511401142
209,-0.611357747551467,0.128838031797966,0.542613636363637,0.421525228299513,0.698486208181502,0.457386363636363,0.301513791818498,0.578474771700487,279,2.08336214516717e-06,659399345
284,-0.755278961666952,0.135861875402885,0.469879518072289,0.360031646544086,0.613242651370124,0.530120481927711,0.386757348629876,0.639968353455914,239,2.71064012680901e-08,176679565
184,-1.01787052469207,0.124017003961512,0.361363636363636,0.283387691014572,0.460795164456299,0.638636363636363,0.539204835543701,0.716612308985428,269,2.258268357212e-16,591915792
359,-0.947492832744135,0.118063784243587,0.387711864406779,0.307618900635269,0.48865817247039,0.612288135593221,0.51134182752961,0.692381099364731,301,1.01309268846965e-15,509551791
834,-0.927273148542764,0.125871788715059,0.395631067961165,0.309134963891996,0.506328821448931,0.604368932038835,0.493671178551069,0.690865036108004,266,1.74763473170145e-13,459793320
433,-1.12654106419312,0.122517443605412,0.324152542372881,0.25495433172483,0.412132125843655,0.675847457627119,0.587867874156345,0.74504566827517,271,3.75189084331386e-20,155710606
859,-0.945169072612842,0.127555544198451,0.388613861386139,0.302651486431061,0.498992207315146,0.611386138613861,0.501007792684854,0.697348513568939,258,1.26430215298638e-13,424291955
134,-0.95842831632256,0.126640640369354,0.383495145631068,0.299201083840868,0.491537413015567,0.616504854368932,0.508462586984433,0.700798916159132,261,3.78738849685849e-14,240159047
684,-0.847297860387204,0.122798066289761,0.428571428571428,0.33689712992182,0.545191552775704,0.571428571428572,0.454808447224296,0.66310287007818,285,5.20287700757855e-12,471339554
409,-1.08180517035173,0.121344865055365,0.338983050847458,0.267232360347149,0.429998480021567,0.661016949152542,0.570001519978433,0.732767639652851,278,4.8724706679746e-19,321368920
884,-0.949442939191056,0.119639582524042,0.38695652173913,0.306072825944316,0.489214778392929,0.61304347826087,0.510785221607071,0.693927174055684,293,2.0904224595766e-15,251713733
484,-0.850539354311375,0.124058679870173,0.427184466019417,0.33497817490172,0.544771515522869,0.572815533980583,0.455228484477131,0.66502182509828,279,7.08431571147597e-12,458389765
984,-1.0472043219566,0.125340574610034,0.350917431192661,0.274482620318843,0.448636942374752,0.649082568807339,0.551363057625248,0.725517379681157,262,6.55043015064571e-17,921276241
934,-0.643822113997443,0.128777127706067,0.525280898876405,0.408109137557822,0.67609371447928,0.474719101123595,0.32390628552072,0.591890862442177,276,5.74771723251692e-07,204834479
534,-1.00926718833226,0.125523108659359,0.364485981308411,0.284993769449798,0.466150648931141,0.635514018691589,0.533849351068859,0.715006230550202,263,8.94805827785291e-16,919124385
59,-0.956338233003431,0.116793864993954,0.384297520661157,0.305669751894186,0.4831507974575,0.615702479338843,0.5168492025425,0.694330248105814,307,2.65035452939506e-16,117830484
809,-1.15650626708701,0.12229411226006,0.314583333333333,0.247536230299531,0.399790662931893,0.685416666666667,0.600209337068107,0.752463769700469,271,3.17627823632512e-21,421659314
559,-1.02297487446249,0.127068194623542,0.359523809523809,0.280263804761291,0.461198939779629,0.640476190476191,0.538801060220371,0.719736195238709,256,8.23908912552799e-16,686138081
959,-0.734819876960513,0.124592257281402,0.479591836734694,0.375680506341038,0.612244516231989,0.520408163265306,0.387755483768011,0.624319493658962,286,3.68386153370307e-09,896586470
659,-0.856892351780965,0.128653161630118,0.424479166666667,0.329872878608882,0.546218178632574,0.575520833333333,0.453781821367426,0.670127121391118,259,2.72926887844981e-11,702799582
334,-0.833504538254868,0.13694552559213,0.43452380952381,0.332234964409473,0.568305450266752,0.56547619047619,0.431694549733248,0.667765035590527,230,1.15481457557791e-09,37280990
709,-0.980829253011726,0.117851130215898,0.375,0.297657070941456,0.472439641884599,0.625,0.527560358115401,0.702342929058544,300,8.60456134635532e-17,289253654
384,-0.896746135801185,0.118946517037034,0.407894736842105,0.323072983789112,0.51498616316397,0.592105263157895,0.48501383683603,0.676927016210888,300,4.73334319748291e-14,375709311
759,-1.03798766685168,0.125678983829011,0.354166666666667,0.276840445225062,0.453091410381905,0.645833333333333,0.546908589618095,0.723159554774938,261,1.46849575239389e-16,334806809
509,-0.892760234463961,0.123845722644129,0.409523809523809,0.321263573833933,0.522031640766051,0.590476190476191,0.477968359233949,0.678736426166067,277,5.65100845366118e-13,682159042
259,-1.01340542344634,0.1274280235134,0.362980769230769,0.282759162331996,0.465962049628169,0.637019230769231,0.534037950371831,0.717240837668004,255,1.82390684545148e-15,63188544
609,-0.915185148566406,0.119893366810866,0.400442477876106,0.31658236651513,0.506516455267865,0.599557522123894,0.493483544732135,0.68341763348487,294,2.28773489212512e-14,515350951
234,-1.01160091167848,0.123858423595264,0.363636363636363,0.285258651516341,0.463549148310767,0.636363636363637,0.536450851689233,0.71474134848366,270,3.15114700459086e-16,969114447
584,-0.66311489346107,0.13458187728986,0.515243902439024,0.395782474321548,0.670763098986825,0.484756097560976,0.329236901013175,0.604217525678452,251,8.34066320140073e-07,972704093
34,-0.809557532404356,0.131003246147473,0.445054945054945,0.344273397630037,0.575338976178213,0.554945054945055,0.424661023821787,0.655726602369963,253,6.42335495134251e-10,846758874
734,-1.09415793831873,0.124880895654795,0.334821428571429,0.262128615672552,0.427673219663484,0.665178571428571,0.572326780336516,0.737871384327448,262,1.92478008910411e-18,57963603
634,-0.927836722871216,0.129056943018325,0.395408163265306,0.307038023768202,0.509212551781135,0.604591836734694,0.490787448218865,0.692961976231798,253,6.50961019102219e-13,568273771
909,-0.94319818479408,0.120546155926095,0.389380530973451,0.307443389188534,0.493154848121292,0.610619469026549,0.506845151878708,0.692556610811466,289,5.1019001525841e-15,338811948
459,-0.776297548892116,0.128135259390204,0.460106382978723,0.35792276987976,0.591462464734727,0.539893617021277,0.408537535265273,0.64207723012024,267,1.37462879621509e-09,840822723
784,-0.930818832437065,0.125351288768946,0.394230769230769,0.308355221552072,0.504022272189864,0.605769230769231,0.495977727810136,0.691644778447928,268,1.12200109389781e-13,225834126
160,-0.873198588819361,0.13478263040227,0.417613636363636,0.320661993572524,0.543878453863024,0.582386363636364,0.456121546136976,0.679338006427476,235,9.25965048047646e-11,719948314
309,-0.854077547372582,0.119582667242649,0.425675675675676,0.336736259313868,0.538105938550113,0.574324324324324,0.461894061449887,0.663263740686132,300,9.18811276827452e-13,255061257
110,-0.891598119283784,0.126876163958917,0.41,0.319732416594301,0.525752132957156,0.59,0.474247867042844,0.680267583405699,264,2.1055342450604e-12,229606286
10,-0.650327183377016,0.135970673056378,0.521875,0.399786427577965,0.681247528274048,0.478125,0.318752471725952,0.600213572422035,247,1.72828046595276e-06,930883232
285,-0.84372003903932,0.130394356388042,0.43010752688172,0.333108078584174,0.55535274156842,0.56989247311828,0.44464725843158,0.666891921415826,253,9.76625157108629e-11,187212601
860,-1.12059119538688,0.123944821774454,0.326086956521739,0.255759281851353,0.415753056717648,0.673913043478261,0.584246943282352,0.744240718148647,265,1.55175583572928e-19,77137582
85,-0.980829253011726,0.124225998769109,0.375,0.293961128449573,0.478379576040181,0.625,0.521620423959819,0.706038871550427,270,2.89099932084819e-15,833620450
210,-0.63907995928967,0.127961982584821,0.527777777777778,0.410704690825899,0.678223036985299,0.472222222222222,0.321776963014701,0.589295309174101,280,5.90509116761573e-07,960821344
485,-1.09634214013357,0.126069941634484,0.334090909090909,0.260947853857514,0.427735786622474,0.665909090909091,0.572264213377526,0.739052146142486,257,3.42878633407018e-18,174651070
185,-0.761775686949042,0.125174128767064,0.466836734693877,0.36527219224974,0.596641467606263,0.533163265306122,0.403358532393737,0.63472780775026,281,1.15963246525263e-09,751976301
835,-0.949442939191055,0.119639582524042,0.38695652173913,0.306072825944316,0.489214778392929,0.61304347826087,0.510785221607071,0.693927174055684,293,2.09042245957666e-15,674543569
410,-0.995428052432879,0.120739409968412,0.369565217391304,0.291687298090051,0.468235849828871,0.630434782608696,0.531764150171129,0.708312701909949,285,1.65944329182709e-16,989675352
885,-0.977659678250448,0.125908393098927,0.376190476190476,0.293923545707573,0.481483285171089,0.623809523809524,0.518516714828911,0.706076454292427,263,8.17424580284729e-15,632984957
660,-0.986694372464124,0.12105487503701,0.37280701754386,0.294064082505359,0.472635322021739,0.62719298245614,0.527364677978261,0.705935917494641,284,3.61517262511037e-16,923528513
360,-0.84267891453091,0.132524428013635,0.430555555555555,0.332065838660016,0.558257022666975,0.569444444444445,0.441742977333025,0.667934161339984,245,2.03509977278497e-10,682597483
985,-1.18481230658686,0.127388545425416,0.305803571428571,0.238237008292067,0.392532734392901,0.694196428571429,0.607467265607099,0.761762991707933,249,1.39424543473982e-20,546930403
434,-0.930147766535582,0.122426571543063,0.394495412844036,0.310336080683817,0.501477721868717,0.605504587155963,0.498522278131283,0.689663919316183,281,3.01679815657564e-14,568413862
60,-0.887303195000903,0.125524111334165,0.411764705882353,0.321960654335859,0.526617680536552,0.588235294117647,0.473382319463448,0.678039345664141,270,1.56293931882395e-12,557983815
135,-1.00024733886883,0.127087892156139,0.367788461538461,0.286695377208155,0.471819091601944,0.632211538461539,0.528180908398056,0.713304622791845,257,3.53180376120777e-15,340587577
935,-1.04252282201707,0.120861965116674,0.352564102564103,0.278201969314194,0.446802899070956,0.647435897435897,0.553197100929044,0.721798030685806,282,6.36844463471431e-18,138086093
535,-0.871516163038077,0.125770226475215,0.418316831683168,0.326926051043539,0.535255514544907,0.581683168316832,0.464744485455093,0.673073948956461,270,4.22535304023002e-12,94433258
810,-1.0087380411288,0.124352804983844,0.364678899082569,0.285799415028789,0.465328802099467,0.635321100917431,0.534671197900533,0.714200584971211,268,4.98325830840103e-16,190237039
685,-0.994252273343868,0.115781714486718,0.37,0.294881922993794,0.464253619245697,0.63,0.535746380754303,0.705118077006206,310,8.90372184491944e-18,581145501
560,-1.0472043219566,0.125340574610034,0.350917431192661,0.274482620318843,0.448636942374752,0.649082568807339,0.551363057625248,0.725517379681157,262,6.55043015064571e-17,339773076
335,-0.864104978703585,0.123180871254619,0.421428571428571,0.331033715277837,0.53650740882168,0.578571428571429,0.46349259117832,0.668966284722162,282,2.30066921431546e-12,501842896
385,-1.10521297269946,0.12407435828991,0.331140350877193,0.259656871037286,0.422303217091931,0.668859649122807,0.577696782908069,0.740343128962714,265,5.21180190716614e-19,65041438
710,-1.08618976866955,0.120441574398315,0.3375,0.266534678874945,0.427359961115769,0.6625,0.572640038884231,0.733465321125055,282,1.90863919673001e-19,145780195
760,-1.02766055269583,0.129047420129325,0.357843137254902,0.277873626814796,0.460827147751511,0.642156862745098,0.539172852248489,0.722126373185204,248,1.67329914251751e-15,341851837
960,-0.927836722871216,0.129056943018325,0.395408163265306,0.307038023768202,0.509212551781135,0.604591836734694,0.490787448218865,0.692961976231798,253,6.50961019102219e-13,574937283
510,-1.08956245314819,0.125887512693127,0.336363636363636,0.262816963825387,0.430491602296029,0.663636363636364,0.569508397703971,0.737183036174613,258,4.9270467172857e-18,899679324
260,-0.995688367415477,0.121809611602403,0.369469026548672,0.291000347071148,0.469096902985646,0.630530973451328,0.530903097014354,0.708999652928852,280,2.97992804967524e-16,506606976
610,-0.877393665763484,0.124079536754995,0.415865384615385,0.326088947733861,0.530358416999924,0.584134615384615,0.469641583000076,0.673911052266139,277,1.53577753149946e-12,67874673
635,-0.832188228995437,0.123045708982674,0.435096153846154,0.341860203543621,0.55376045860091,0.564903846153846,0.44623954139909,0.658139796456379,285,1.3493512386028e-11,655385202
910,-0.815314814534153,0.125098831008002,0.4425,0.346281234426915,0.565454406803342,0.5575,0.434545593196658,0.653718765573085,277,7.15528942025539e-11,406637380
585,-1.04707863855293,0.128314845940158,0.350961538461538,0.272921487897705,0.451316612803523,0.649038461538461,0.548683387196477,0.727078512102295,250,3.34387598327198e-16,930611678
235,-0.869603617901502,0.125107452976456,0.419117647058824,0.327977680577572,0.535584012201032,0.580882352941176,0.464415987798968,0.672022319422428,273,3.63081937751876e-12,7981837
785,-0.924948794617271,0.118555777035108,0.396551724137931,0.31432938446754,0.500281798926134,0.603448275862069,0.499718201073866,0.68567061553246,300,6.10289578579564e-15,248428363
735,-1.0472043219566,0.125340574610034,0.350917431192661,0.274482620318843,0.448636942374752,0.649082568807339,0.551363057625248,0.725517379681157,262,6.55043015064571e-17,324262807
111,-0.906296201149159,0.120222432647779,0.404017857142857,0.319203056078166,0.51136862815729,0.595982142857143,0.48863137184271,0.680796943921834,293,4.75426396045041e-14,635303894
161,-1.02961941718116,0.131707777980723,0.357142857142857,0.275887551466396,0.462329741701664,0.642857142857143,0.537670258298336,0.724112448533604,238,5.39026722953333e-15,30945280
35,-1.14267227846214,0.124005832185238,0.318965517241379,0.250143820778415,0.406722024443626,0.681034482758621,0.593277975556374,0.749856179221585,264,3.12249992075526e-20,327889725
460,-0.902357637570231,0.128426593095673,0.405612244897959,0.315350949576269,0.521708570823161,0.594387755102041,0.478291429176839,0.684649050423731,257,2.12154780127107e-12,736649102
310,-1.02961941718116,0.127241802074809,0.357142857142857,0.278313036955631,0.458300558979914,0.642857142857143,0.541699441020086,0.721686963044369,255,5.8773440801577e-16,414227289
11,-0.935159216178538,0.123685792837317,0.392523364485981,0.308023587687804,0.500203873423993,0.607476635514019,0.499796126576007,0.691976412312196,275,4.00705553580619e-14,132929344
861,-0.801036142571131,0.133014098102027,0.448863636363636,0.345853852668845,0.582554054248175,0.551136363636364,0.417445945751825,0.654146147331155,246,1.7207295799826e-09,266651867
486,-1.10670949890073,0.119004525579911,0.330645161290323,0.26185769201486,0.417502429825507,0.669354838709677,0.582497570174493,0.73814230798514,288,1.40807874249499e-20,813065587
286,-0.612105970556818,0.13774990713586,0.542207792207793,0.413916578190311,0.710262177021763,0.457792207792207,0.289737822978237,0.586083421809689,244,8.84645663395091e-06,810087109
186,-0.76898525695145,0.131516391080994,0.463483146067416,0.358168172660666,0.59976470017639,0.536516853932584,0.40023529982361,0.641831827339334,254,5.00313587525591e-09,725527630
811,-0.864104978703585,0.123180871254619,0.421428571428571,0.331033715277837,0.53650740882168,0.578571428571429,0.46349259117832,0.668966284722162,282,2.30066921431546e-12,183569593
661,-0.857650894037106,0.133635592633534,0.424157303370787,0.32641952362564,0.55116010220366,0.575842696629213,0.44883989779634,0.67358047637436,240,1.38227916669747e-10,109498398
411,-1.04068964093541,0.125171156520494,0.353211009174312,0.276368378185659,0.451419289793442,0.646788990825688,0.548580710206558,0.723631621814341,263,9.24254667068596e-17,113649295
86,-0.855666110057721,0.132842232853526,0.425,0.32757701145261,0.551397056829583,0.575,0.448602943170417,0.67242298854739,243,1.1851656139583e-10,699443865
886,-0.82801457872721,0.121216285954001,0.436915887850467,0.344523101219145,0.554086191551889,0.563084112149533,0.445913808448111,0.655476898780855,294,8.43920309406608e-12,350602622
61,-1.01160091167848,0.123858423595264,0.363636363636363,0.285258651516341,0.463549148310767,0.636363636363637,0.536450851689233,0.71474134848366,270,3.15114700459086e-16,574175960
936,-1.05209227303322,0.116697584046333,0.349206349206349,0.27781069934385,0.438950244227613,0.650793650793651,0.561049755772387,0.72218930065615,302,1.95894704897019e-19,723537889
211,-1.01361907583472,0.116705062823597,0.362903225806452,0.288703001494043,0.456173820913482,0.637096774193548,0.543826179086518,0.711296998505957,304,3.77727207926055e-18,477971420
986,-0.777230297770486,0.128843476335918,0.459677419354839,0.357093055668775,0.591731837150933,0.540322580645161,0.408268162849067,0.642906944331225,264,1.6158180968689e-09,78169187
836,-1.15803570913891,0.123894025842207,0.314102564102564,0.246384110086063,0.40043337511231,0.685897435897436,0.59956662488769,0.753615889913937,264,9.01809902326251e-21,783646976
136,-0.648195792697679,0.130340931211038,0.522988505747126,0.405084608595178,0.675209502755884,0.477011494252874,0.324790497244116,0.594915391404822,269,6.58976737678162e-07,554003676
561,-1.04982212449868,0.127775313018442,0.35,0.272461724272944,0.449604436464931,0.65,0.550395563535069,0.727538275727057,252,2.10127064253009e-16,348701719
361,-0.862648048924838,0.130851499530617,0.422043010752688,0.32656956984801,0.545428353928056,0.577956989247312,0.454571646071944,0.67343043015199,250,4.32268822153599e-11,487771668
536,-1.01856958099457,0.125177936051762,0.361111111111111,0.282546023303779,0.461522101932756,0.638888888888889,0.538477898067244,0.717453976696221,264,4.05280511423327e-16,870089879
686,-0.869603617901502,0.125107452976456,0.419117647058824,0.327977680577572,0.535584012201032,0.580882352941176,0.464415987798968,0.672022319422428,273,3.63081937751877e-12,825015391
435,-0.864418901167315,0.12146507629247,0.421296296296296,0.332044568674495,0.534538390377863,0.578703703703704,0.465461609622137,0.667955431325505,290,1.10618362983101e-12,459440325
336,-0.875468737353899,0.133333333355622,0.416666666666667,0.320844958239938,0.541105934977103,0.583333333333333,0.458894065022897,0.679155041760062,240,5.16794288649076e-11,997531280
386,-0.833504538254867,0.13694552559213,0.43452380952381,0.332234964409473,0.568305450266753,0.56547619047619,0.431694549733247,0.667765035590527,230,1.15481457557792e-09,15700999
961,-1.00287739023349,0.125360365143294,0.366822429906542,0.28691215477358,0.468989176107678,0.633177570093458,0.531010823892322,0.71308784522642,264,1.24463800703386e-15,304809630
711,-0.962137119999574,0.124927185893244,0.382075471698113,0.299096233848024,0.4880759085302,0.617924528301887,0.5119240914698,0.700903766151976,268,1.34390594421268e-14,660037197
511,-0.897941593205959,0.122233700123953,0.407407407407407,0.320614682425016,0.51769555391227,0.592592592592593,0.48230444608773,0.679385317574984,284,2.04066121197745e-13,659693690
761,-0.932627151193849,0.123051258446579,0.393518518518518,0.309188799824737,0.500848751652033,0.606481481481482,0.499151248347967,0.690811200175264,278,3.47756355491227e-14,916926197
636,-0.838654764231184,0.128221538977834,0.432291666666666,0.336228475778362,0.555800886991591,0.567708333333333,0.444199113008409,0.663771524221638,262,6.12438649625523e-11,850517056
586,-0.886164026470648,0.130728385522183,0.412234042553192,0.319056538938239,0.532623172072464,0.587765957446808,0.467376827927536,0.680943461061761,249,1.21290791392998e-11,890952637
611,-0.9175169735974,0.126249320390042,0.399509803921568,0.311934797733879,0.511671299864457,0.600490196078432,0.488328700135543,0.688065202266121,265,3.66200528478886e-13,757392744
911,-1.12464926245111,0.1286080829546,0.324766355140187,0.252405975679157,0.417871190043111,0.675233644859814,0.582128809956889,0.747594024320843,246,2.23452585009075e-18,365135924
261,-0.965080896043587,0.125593827590097,0.380952380952381,0.297827662119469,0.487277493032441,0.619047619047619,0.512722506967559,0.702172337880531,265,1.54024882054945e-14,374192266
162,-0.869238187603264,0.128949008512954,0.419270833333333,0.325636483805663,0.539829043814809,0.580729166666667,0.460170956185191,0.674363516194337,257,1.57359658227874e-11,876096868
112,-0.740214691417932,0.132356901087422,0.477011494252873,0.368015783916848,0.618288604982146,0.522988505747127,0.381711395017854,0.631984216083152,253,2.23738192182618e-08,63467600
36,-0.950431775827355,0.123479889926135,0.386574074074074,0.303477467656518,0.492423756861469,0.613425925925926,0.507576243138531,0.696522532343482,275,1.39235579304087e-14,788857387
236,-0.721967619095438,0.131192947929063,0.485795454545454,0.375648628168121,0.628239279903358,0.514204545454546,0.371760720096642,0.624351371831879,259,3.73175333689183e-08,867860304
311,-0.861968050134997,0.124321616407105,0.422330097087379,0.33100098069234,0.53885855725491,0.577669902912621,0.46114144274509,0.66899901930766,277,4.10924890848028e-12,290084571
461,-0.877576219693465,0.129828462669598,0.41578947368421,0.322376445560642,0.536270217031325,0.58421052631579,0.463729782968675,0.677623554439358,253,1.38463414211374e-11,963179421
786,-0.70419701674653,0.128625683868666,0.494505494505495,0.384312703936443,0.636293522413885,0.505494505494505,0.363706477586115,0.615687296063557,271,4.38061348734766e-08,226916451
862,-0.911400746579964,0.126101080682982,0.401960784313725,0.31393970835141,0.514660834000802,0.598039215686275,0.485339165999198,0.68606029164859,266,4.91817235121568e-13,619762880
12,-1.06289420606603,0.125179297265155,0.345454545454545,0.27029505501052,0.441513230682529,0.654545454545455,0.558486769317471,0.72970494498948,262,2.04911743835674e-17,375074571
736,-1.07263680226485,0.12321601453993,0.342105263157895,0.268706451639424,0.435553409180448,0.657894736842106,0.564446590819552,0.731293548360576,270,3.16635420206685e-18,607102137
487,-0.90078654533819,0.124629628835992,0.40625,0.318206056617612,0.518654686382439,0.59375,0.481345313617561,0.681793943382388,273,4.9121404563166e-13,777447398
412,-0.725937003382936,0.127703734219336,0.483870967741936,0.376728043021214,0.621485758123753,0.516129032258065,0.378514241876247,0.623271956978786,273,1.31165113052001e-08,180208784
87,-0.990585427957091,0.127454641270746,0.371359223300971,0.289270820500962,0.476742425979469,0.628640776699029,0.523257574020531,0.710729179499038,256,7.72183765911705e-15,579212816
987,-1.01707704340407,0.128141122458578,0.361650485436893,0.281329407267657,0.464903668930372,0.638349514563107,0.535096331069628,0.718670592732343,252,2.06857249802417e-15,79556674
287,-1.3013011482865,0.124386187093787,0.272177419354839,0.213291907197503,0.347320011246666,0.727822580645161,0.652679988753334,0.786708092802497,259,1.29399087363106e-25,278210710
137,-0.833504538254868,0.13694552559213,0.43452380952381,0.332234964409473,0.568305450266752,0.56547619047619,0.431694549733248,0.667765035590527,230,1.15481457557791e-09,291298471
812,-0.714200589757777,0.125442479282838,0.489583333333334,0.382868637645027,0.626041980748514,0.510416666666667,0.373958019251486,0.617131362354973,284,1.24497069638756e-08,347886748
537,-1.10578077814672,0.129298314500556,0.330952380952381,0.256865977655802,0.426407107152269,0.669047619047619,0.573592892847731,0.743134022344198,244,1.20798830911965e-17,953078564
362,-0.813291492402009,0.121462385969731,0.443396226415094,0.34946446567033,0.562575691986407,0.556603773584906,0.437424308013593,0.65053553432967,294,2.14450858002933e-11,514711068
662,-0.928266922920871,0.12469124233221,0.395238095238095,0.309543308201035,0.504656853463568,0.604761904761905,0.495343146536432,0.690456691798965,271,9.72947222352075e-14,626600351
436,-1.00680473941499,0.127256952614297,0.365384615384615,0.284727190540326,0.468890648997764,0.634615384615385,0.531109351002236,0.715272809459674,256,2.54123638156429e-15,305269590
337,-1.07710608344715,0.112096055913202,0.340579710144928,0.273402471231741,0.424262949928071,0.659420289855072,0.575737050071929,0.726597528768259,326,7.34152769112917e-22,310849064
387,-1.0087380411288,0.124352804983844,0.364678899082569,0.285799415028789,0.465328802099467,0.635321100917431,0.534671197900533,0.714200584971211,268,4.98325830840103e-16,801261767
187,-1.01160091167848,0.130558241986326,0.363636363636364,0.281537292084097,0.469676340138908,0.636363636363636,0.530323659861092,0.718462707915903,243,9.31506497286215e-15,871461235
562,-0.833919734441027,0.12615452268886,0.434343434343434,0.339195698858097,0.556181047083892,0.565656565656566,0.443818952916108,0.660804301141902,271,3.8353183894982e-11,254773292
937,-1.10063045282435,0.118849157310901,0.332661290322581,0.263534623606501,0.419920284343065,0.667338709677419,0.580079715656935,0.736465376393499,289,2.03031303785837e-20,195511893
712,-0.900009846270018,0.127719185052958,0.406565656565657,0.316530761588367,0.522210328845138,0.593434343434343,0.477789671154862,0.683469238411633,260,1.83096741496124e-12,695200885
62,-0.814844115537466,0.127667613800506,0.442708333333333,0.344704400082458,0.56857605634246,0.557291666666667,0.43142394365754,0.655295599917542,266,1.74170377907807e-10,395919199
212,-0.91035599635434,0.124261696802176,0.402380952380953,0.315402888354568,0.51334479428415,0.597619047619047,0.48665520571585,0.684597111645432,274,2.36913178051857e-13,241868107
962,-1.16804079509987,0.12110338152569,0.310975609756098,0.245269159492067,0.394284507939957,0.689024390243902,0.605715492060043,0.754730840507932,276,5.16166768344229e-22,855676453
887,-1.03421712642979,0.125003699282915,0.355504587155963,0.278254288941799,0.454201485876707,0.644495412844037,0.545798514123293,0.721745711058201,264,1.30091355877212e-16,889356614
837,-0.794929874869888,0.12924809139909,0.451612903225806,0.350550157833951,0.581811788704573,0.548387096774194,0.418188211295427,0.649449842166049,261,7.72786766842666e-10,342168712
687,-0.837489489288684,0.130245415666294,0.432795698924731,0.335287866505153,0.558660589063897,0.567204301075269,0.441339410936103,0.664712133494847,254,1.27530060264012e-10,224443287
637,-1.03524267473552,0.126193271475185,0.355140186915888,0.277321736857737,0.454795047051622,0.644859813084112,0.545204952948378,0.722678263142263,259,2.33238775455382e-16,453300153
512,-1.02500047132486,0.125343018023074,0.358796296296296,0.280644012460751,0.458712021351047,0.641203703703704,0.541287978648953,0.719355987539249,263,2.89641145396007e-16,703384413
762,-0.794929874869888,0.12924809139909,0.451612903225806,0.350550157833951,0.581811788704573,0.548387096774194,0.418188211295427,0.649449842166049,261,7.72786766842675e-10,363245621
587,-1.07299971281138,0.1277908994917,0.341981132075472,0.266211207163811,0.439316946651522,0.658018867924528,0.560683053348478,0.733788792836189,251,4.59878795933798e-17,252414258
612,-0.879249460193807,0.122946250251926,0.415094339622641,0.326208124462315,0.528200550095931,0.584905660377359,0.471799449904069,0.673791875537685,282,8.58380195582746e-13,130390915
262,-1.04025267348253,0.128133156164229,0.353365384615385,0.274888685079762,0.454246034201616,0.646634615384615,0.545753965798384,0.725111314920238,251,4.71870110710325e-16,847124010
163,-0.825143653466384,0.129952520187318,0.438172043010753,0.339647857022815,0.565275874133721,0.561827956989247,0.434724125866279,0.660352142977185,256,2.15906478823041e-10,912170982
113,-0.850539354311375,0.124058679870173,0.427184466019417,0.33497817490172,0.544771515522869,0.572815533980582,0.455228484477131,0.66502182509828,279,7.08431571147615e-12,21065218
37,-1.04454506739783,0.125849936957786,0.351851851851852,0.274938893546649,0.450280875341387,0.648148148148148,0.549719124658613,0.725061106453351,260,1.04176935148134e-16,681157895
237,-0.983783464909158,0.121518382518744,0.373893805309734,0.294653520968543,0.474443940766342,0.626106194690266,0.525556059233658,0.705346479031457,282,5.69086769856253e-16,608904074
462,-0.856892351780965,0.128653161630118,0.424479166666666,0.329872878608882,0.546218178632574,0.575520833333334,0.453781821367426,0.670127121391118,259,2.72926887844976e-11,714854680
912,-0.879359792846866,0.124726465057095,0.41504854368932,0.325036052421265,0.52998826541051,0.58495145631068,0.47001173458949,0.674963947578735,274,1.78524262439855e-12,325117457
312,-0.92072532894202,0.120021302618899,0.398230088495575,0.314754358249108,0.503844344730827,0.601769911504425,0.496155655269173,0.685245641750892,293,1.70196437272161e-14,672138693
863,-0.806906065916603,0.129525227517468,0.446236559139785,0.346188848835196,0.575197807159033,0.553763440860215,0.424802192840967,0.653811151164804,259,4.67265740708766e-10,936882395
13,-0.739132293801769,0.130836951980604,0.47752808988764,0.369513498474383,0.617117040576928,0.52247191011236,0.382882959423072,0.630486501525617,259,1.61137586165145e-08,598996605
488,-0.914947548327688,0.132151797466733,0.400537634408602,0.30914022208726,0.518956722921531,0.599462365591398,0.481043277078469,0.69085977791274,242,4.40746825378919e-12,249823269
737,-0.909035560992983,0.125430595369522,0.402912621359223,0.315096918255851,0.515202057034229,0.597087378640777,0.484797942965771,0.684903081744149,269,4.25101359278363e-13,201032967
787,-1.04454506739783,0.125849936957786,0.351851851851852,0.274938893546649,0.450280875341387,0.648148148148148,0.549719124658613,0.725061106453351,260,1.04176935148135e-16,663071487
413,-1.16480506990171,0.122012209921814,0.31198347107438,0.245626151820857,0.396267602216099,0.68801652892562,0.603732397783901,0.754373848179143,272,1.33987547400899e-21,916532993
288,-1.05239944551298,0.124340749220396,0.349099099099099,0.273595966464786,0.445438514925944,0.650900900900901,0.554561485074056,0.726404033535214,266,2.58728290414774e-17,902843490
388,-1.06538664103979,0.124679415806493,0.344594594594595,0.269886492740193,0.439982873607994,0.655405405405405,0.560017126392006,0.730113507259808,264,1.28527053466279e-17,700792041
988,-0.792353830643393,0.131324333016954,0.452777777777778,0.350027066843446,0.585691037833583,0.547222222222222,0.414308962166417,0.649972933156554,253,1.60381954761235e-09,582316088
813,-0.8754687373539,0.125244858237967,0.416666666666667,0.325971883342975,0.532595355558456,0.583333333333333,0.467404644441544,0.674028116657025,272,2.74773970484649e-12,75356236
338,-1.13406960050484,0.120690298147436,0.32172131147541,0.253949909486565,0.407578811375531,0.67827868852459,0.592421188624469,0.746050090513435,279,5.63939903701723e-21,832984034
88,-0.83975065475182,0.126289205092309,0.431818181818182,0.337134624770697,0.553093418617523,0.568181818181818,0.446906581382477,0.662865375229303,270,2.94239328886802e-11,970277729
963,-0.896088024556635,0.128273464278756,0.408163265306123,0.317429543752721,0.524832216862386,0.591836734693877,0.475167783137614,0.682570456247279,258,2.8331192808305e-12,176138868
188,-0.753439410816065,0.127624509371582,0.470744680851064,0.366565207955788,0.604532426264245,0.529255319148936,0.395467573735755,0.633434792044212,271,3.55732347012252e-09,116240607
213,-0.920931111430657,0.122773013127905,0.398148148148148,0.312996961725991,0.506464813586835,0.601851851851852,0.493535186413165,0.687003038274009,280,6.32905327538273e-14,369923267
363,-0.832188228995437,0.123045708982674,0.435096153846154,0.341860203543621,0.55376045860091,0.564903846153846,0.44623954139909,0.658139796456379,285,1.3493512386028e-11,268202217
63,-0.792353830643393,0.131324333016954,0.452777777777778,0.350027066843446,0.585691037833583,0.547222222222222,0.414308962166417,0.649972933156554,253,1.60381954761231e-09,803240258
838,-0.881738350367496,0.129251595148098,0.4140625,0.321400644046586,0.533439360132082,0.5859375,0.466560639867918,0.678599355953414,255,8.98592385019291e-12,804117522
663,-1.06612683352362,0.127605945540449,0.34433962264151,0.268144332054596,0.442186395708546,0.65566037735849,0.557813604291454,0.731855667945404,252,6.55233083330416e-17,836324760
138,-0.693147180559946,0.127688479549329,0.5,0.389297283726505,0.642182749406579,0.5,0.357817250593421,0.610702716273495,276,5.68539116428198e-08,938417729
538,-0.86903784702361,0.1310074218816,0.419354838709677,0.324390359339196,0.542119935707875,0.580645161290323,0.457880064292125,0.675609640660804,249,3.27817043020365e-11,570532748
713,-1.1232495930535,0.125109066876651,0.325221238938053,0.254498876313827,0.415596547176801,0.674778761061947,0.584403452823199,0.745501123686173,260,2.75325027272717e-19,252692766
437,-1.10304688573598,0.124564136865447,0.331858407079646,0.259970242157421,0.423625417415092,0.668141592920354,0.576374582584908,0.740029757842579,263,8.34945790987183e-19,511274421
938,-0.963129675912325,0.121558729219928,0.381696428571429,0.300778728090943,0.484383202591814,0.618303571428571,0.515616797408186,0.699221271909057,283,2.31542956450343e-15,674646377
888,-1.04982212449868,0.122093539151106,0.35,0.275512834854723,0.444625384021017,0.65,0.555374615978983,0.724487165145277,276,8.07599647153977e-18,462257185
688,-0.91404101214014,0.120942079285305,0.400900900900901,0.316293995707461,0.508139688152047,0.599099099099099,0.491860311847953,0.683706004292539,289,4.10335588181687e-14,734845650
563,-0.61994377653665,0.13616380123598,0.537974683544304,0.411963748345227,0.702529679606812,0.462025316455696,0.297470320393188,0.588036251654773,249,5.29047652216579e-06,798915335
638,-0.967315533845003,0.130059567252448,0.380102040816327,0.294573243713167,0.490463966148323,0.619897959183674,0.509536033851677,0.705426756286833,247,1.02623496025844e-13,792130283
513,-0.752785446879676,0.126936629756962,0.471052631578947,0.3672998738818,0.60411287205848,0.528947368421053,0.39588712794152,0.6327001261182,274,3.0219094689489e-09,477324701
613,-0.851837132820624,0.131297341842253,0.426630434782608,0.329830895382671,0.551838928465523,0.573369565217392,0.448161071534477,0.670169104617329,249,8.70713362619361e-11,349342179
763,-0.913935018181696,0.123759101525124,0.400943396226415,0.314585808219553,0.511007180798757,0.599056603773585,0.488992819201243,0.685414191780447,276,1.52693799527264e-13,496447567
588,-1.03459042990318,0.118652502301538,0.355371900826446,0.281634524476351,0.44841515127385,0.644628099173554,0.55158484872615,0.718365475523649,293,2.79434318834047e-18,148115162
263,-0.934309237376833,0.129219147696856,0.392857142857143,0.304960166368127,0.506088177127936,0.607142857142857,0.493911822872064,0.695039833631873,252,4.81488093210437e-13,97331165
114,-0.80213746426835,0.13011599165335,0.448369565217391,0.347441101050897,0.578616825715685,0.551630434782609,0.421383174284315,0.652558898949103,257,7.0577768538692e-10,370822689
238,-0.798507696217772,0.121716123911426,0.45,0.354492916305712,0.571238495003849,0.55,0.428761504996151,0.645507083694288,294,5.36599750092199e-11,775759493
463,-1.06538664103979,0.124679415806493,0.344594594594595,0.269886492740192,0.439982873607994,0.655405405405405,0.560017126392006,0.730113507259808,264,1.28527053466277e-17,42615234
913,-0.776528789498996,0.124236800563239,0.46,0.360584683499703,0.586824703551709,0.54,0.413175296448291,0.639415316500297,284,4.09421971738306e-10,51483180
164,-0.819027426448948,0.129808509557352,0.440860215053763,0.341828055491213,0.568583315778323,0.559139784946237,0.431416684221677,0.658171944508787,257,2.79929513894973e-10,274464937
38,-1.00583055521714,0.124853406793742,0.365740740740741,0.286350488015916,0.467141824567629,0.634259259259259,0.532858175432371,0.713649511984084,266,7.87722328879686e-16,73461991
14,-1.0037435125346,0.127793796505525,0.366504854368932,0.285299791625404,0.470823366223697,0.633495145631068,0.529176633776303,0.714700208374596,254,4.01692486717049e-15,272711076
864,-0.980829253011726,0.121987509137343,0.375,0.295253674828373,0.476285350493075,0.625,0.523714649506925,0.704746325171627,280,8.95403826529922e-16,672475839
313,-0.919834740308885,0.12389964500527,0.398584905660377,0.312649169212616,0.508141209587712,0.601415094339623,0.491858790412288,0.687350830787384,275,1.13609002274508e-13,193178030
788,-1.07992015565596,0.127978149358337,0.339622641509434,0.264278259091379,0.436447322690904,0.660377358490566,0.563552677309096,0.735721740908621,250,3.2194032466443e-17,195696062
738,-0.714200589757778,0.125442479282838,0.489583333333333,0.382868637645027,0.626041980748514,0.510416666666667,0.373958019251486,0.617131362354973,284,1.2449706963875e-08,735379202
414,-1.02585293438568,0.126542125939567,0.358490566037736,0.27974663967318,0.45939956986864,0.641509433962264,0.54060043013136,0.72025336032682,258,5.19661517752386e-16,467915793
289,-0.762942942495487,0.131377515001285,0.466292134831461,0.360436983612424,0.603235419480374,0.533707865168539,0.396764580519626,0.639563016387576,255,6.3504768807547e-09,989786854
989,-0.686674666054328,0.139422472615757,0.503246753246753,0.382916744384826,0.661389971494374,0.496753246753247,0.338610028505626,0.617083255615174,232,8.43016176855895e-07,680090565
389,-0.984008905929106,0.126068379383099,0.373809523809524,0.291971702951716,0.478585968016945,0.626190476190476,0.521414031983055,0.708028297048284,262,5.93326058561499e-15,237716253
489,-1.07391967607774,0.120128657334593,0.341666666666666,0.26999076670303,0.43237075303213,0.658333333333334,0.56762924696787,0.730009233296971,284,3.90066125653852e-19,27861078
814,-0.841992808157511,0.129657770242524,0.430851063829787,0.334166011807874,0.555510233368638,0.569148936170213,0.444489766631362,0.665833988192126,256,8.36070949504366e-11,300946527
89,-0.799576643406677,0.122323252914267,0.449519230769231,0.353693056647216,0.571307621209282,0.550480769230769,0.428692378790718,0.646306943352784,291,6.2938331659272e-11,893699116
964,-1.02083458762543,0.128866763216876,0.360294117647059,0.279875952060373,0.463819239400284,0.639705882352941,0.536180760599716,0.720124047939627,249,2.34420356232732e-15,988670253
214,-0.838654764231184,0.128221538977834,0.432291666666667,0.336228475778362,0.555800886991591,0.567708333333333,0.444199113008409,0.663771524221638,262,6.12438649625532e-11,398439298
189,-0.817970245292684,0.12642953950329,0.441326530612245,0.344463346883802,0.565427667077572,0.558673469387755,0.434572332922428,0.655536653116198,271,9.81511554897572e-11,81917300
839,-0.828183464363888,0.128648405278601,0.436842105263158,0.339483577629579,0.56212152076166,0.563157894736842,0.43787847923834,0.660516422370421,261,1.21399165575231e-10,21731813
64,-0.965372994775035,0.12442171724625,0.380841121495327,0.298425463910595,0.486017372382374,0.619158878504673,0.513982627617626,0.701574536089405,270,8.56836436958523e-15,192172466
539,-1.0087380411288,0.124352804983844,0.364678899082569,0.285799415028789,0.465328802099467,0.635321100917431,0.534671197900533,0.714200584971211,268,4.98325830840103e-16,470177649
139,-1.20126644272819,0.122011630843948,0.300813008130081,0.236831859106258,0.382078940737738,0.699186991869919,0.617921059262262,0.763168140893742,271,7.16764668936716e-23,269490132
339,-1.04860186809345,0.121014749212042,0.350427350427351,0.276433106117912,0.444228007462873,0.649572649572649,0.555771992537127,0.723566893882088,281,4.51216183828367e-18,142276954
939,-1.08180517035173,0.121344865055365,0.338983050847458,0.267232360347149,0.429998480021567,0.661016949152542,0.570001519978433,0.732767639652851,278,4.8724706679746e-19,791594930
689,-0.863046217355343,0.128800256903603,0.421875,0.327754612868691,0.543023678804191,0.578125,0.456976321195809,0.672245387131309,258,2.07485928170827e-11,865782691
889,-0.826678573184468,0.130693325566055,0.4375,0.338634886051674,0.56522897635181,0.5625,0.43477102364819,0.661365113948326,253,2.52689959981622e-10,344753655
664,-0.919834740308884,0.12389964500527,0.398584905660377,0.312649169212616,0.508141209587712,0.601415094339623,0.491858790412288,0.687350830787384,275,1.13609002274512e-13,841327534
364,-1.05103351168497,0.120561943978961,0.349576271186441,0.276006578117521,0.442756003172443,0.650423728813559,0.557243996827557,0.723993421882479,283,2.83688603869867e-18,125699029
564,-0.881941251859517,0.131324767927794,0.413978494623656,0.320032390731134,0.535502652151378,0.586021505376344,0.464497347848622,0.679967609268866,247,1.87131228400748e-11,152447768
639,-0.815749502652278,0.122679123037763,0.442307692307692,0.347776180550412,0.562534485153441,0.557692307692308,0.437465514846559,0.652223819449588,288,2.94177101001017e-11,771440743
589,-0.771399377459693,0.128711466724335,0.46236559139785,0.359274263625366,0.595038280647915,0.53763440860215,0.404961719352085,0.640725736374634,265,2.0569437145798e-09,77064198
714,-0.899941593872625,0.133213241652611,0.406593406593407,0.31316196889536,0.527899983731648,0.593406593406593,0.472100016268352,0.68683803110464,239,1.42199562320075e-11,499464728
438,-0.898410306596307,0.128989892162284,0.407216494845361,0.316248858129672,0.524350584709932,0.592783505154639,0.475649415290068,0.683751141870328,255,3.28481384077556e-12,316727021
614,-1.15423544614773,0.115671285693263,0.315298507462687,0.251340420905167,0.395531878438715,0.684701492537313,0.604468121561285,0.748659579094833,303,1.8914991710987e-23,270909167
514,-0.674337848602449,0.137365963587689,0.509493670886076,0.389235706353203,0.666906443668906,0.490506329113924,0.333093556331094,0.610764293646797,240,9.15136681714806e-07,817462657
764,-0.879476758751439,0.126586319919984,0.415,0.323815494527274,0.531861516544861,0.585,0.468138483455139,0.676184505472726,266,3.71435348243156e-12,10823222
115,-0.889427089604607,0.126194637325932,0.410891089108911,0.320855621655709,0.526191457197749,0.589108910891089,0.473808542802251,0.679144378344291,267,1.81432365739996e-12,627629660
264,-1.16492228945406,0.126260667302801,0.311946902654868,0.243560806236135,0.399534192630408,0.688053097345132,0.600465807369592,0.756439193763865,254,2.80069417216777e-20,598491823
914,-0.871516163038077,0.125770226475215,0.418316831683168,0.326926051043539,0.535255514544907,0.581683168316832,0.464744485455093,0.673073948956461,270,4.22535304022998e-12,978489158
165,-1.00680473941499,0.127256952614297,0.365384615384615,0.284727190540326,0.468890648997764,0.634615384615385,0.531109351002236,0.715272809459675,256,2.54123638156425e-15,457235924
464,-1.04613435141949,0.121472873451661,0.351293103448276,0.276867338891513,0.445725541425008,0.648706896551724,0.554274458574992,0.723132661108487,279,7.17454713134328e-18,757701706
239,-0.895858693056949,0.121623556351428,0.408256880733945,0.321667626242815,0.518154974479138,0.591743119266055,0.481845025520862,0.678332373757185,287,1.76045307094737e-13,590731396
15,-0.871629961046734,0.123945597167936,0.418269230769231,0.328059964884328,0.533284058205548,0.581730769230769,0.466715941794452,0.671940035115672,278,2.03070186262624e-12,304479956
314,-0.81159533097314,0.128943095318181,0.444148936170213,0.344962641316974,0.571854032506287,0.555851063829787,0.428145967493713,0.655037358683026,261,3.08962964782006e-10,669005682
865,-0.974184710293058,0.128928338860926,0.3775,0.293206068693708,0.486027627718941,0.6225,0.513972372281059,0.706793931306292,251,4.15599797316151e-14,642480533
39,-1.03047448350089,0.120561322584741,0.356837606837607,0.281740080423956,0.451952301078294,0.643162393162393,0.548047698921706,0.718259919576044,284,1.25995117136432e-17,64397932
789,-1.18405749462499,0.125151680692675,0.306034482758621,0.239464456225913,0.391110673013533,0.693965517241379,0.608889326986467,0.760535543774087,258,3.05071683014866e-21,549967403
290,-0.91404101214014,0.120942079285305,0.400900900900901,0.316293995707461,0.508139688152047,0.599099099099099,0.491860311847953,0.683706004292539,289,4.10335588181684e-14,811901466
390,-0.772764808524637,0.125415084885021,0.461734693877551,0.36110956663398,0.590399555230542,0.538265306122449,0.409600444769458,0.63889043336602,279,7.19873845708525e-10,762360229
739,-0.758333160444641,0.122024936056902,0.468446601941748,0.368801160603524,0.595014989951942,0.531553398058252,0.404985010048058,0.631198839396476,296,5.14636323964584e-10,838549426
815,-0.80437281567017,0.12809632600663,0.447368421052632,0.348040300041671,0.575044051310041,0.552631578947368,0.424955948689959,0.651959699958329,265,3.39801138441567e-10,121846342
415,-0.658055860748674,0.132860409159924,0.517857142857143,0.399134239959988,0.67189429910861,0.482142857142857,0.32810570089139,0.600865760040012,258,7.30829116922678e-07,933787528
215,-1.05114575142919,0.126022917836924,0.349537037037037,0.27303749972068,0.447470184079543,0.650462962962963,0.552529815920457,0.72696250027932,259,7.37213074334599e-17,579407051
490,-0.891817875355429,0.120430538105196,0.40990990990991,0.32372613185686,0.519037907995162,0.59009009009009,0.480962092004838,0.67627386814314,293,1.3090663185677e-13,935692675
990,-1.00926718833226,0.125523108659359,0.364485981308411,0.284993769449798,0.466150648931141,0.635514018691589,0.533849351068859,0.715006230550202,263,8.94805827785278e-16,714010294
540,-0.8712670505002,0.129675070739186,0.418421052631579,0.324514351004128,0.539502110595693,0.581578947368421,0.460497889404307,0.675485648995872,254,1.83167231417449e-11,621352861
965,-0.810930216216328,0.125629726929313,0.444444444444445,0.347441158495509,0.568530409732916,0.555555555555555,0.431469590267084,0.652558841504491,275,1.08273926801214e-10,192372606
190,-0.790785650123861,0.134306229912722,0.453488372093023,0.348533466364378,0.590048656643433,0.546511627906977,0.409951343356567,0.651466533635622,242,3.91063208061688e-09,169379300
90,-1.02585293438568,0.126542125939567,0.358490566037736,0.27974663967318,0.45939956986864,0.641509433962264,0.54060043013136,0.72025336032682,258,5.19661517752379e-16,651023953
690,-0.97246100334121,0.118147860346354,0.378151260504202,0.299983875389975,0.476686874036214,0.621848739495799,0.523313125963786,0.700016124610025,299,1.85841198315823e-16,392837081
140,-1.12914901252819,0.115467530000413,0.323308270676692,0.257828353311084,0.405417932301007,0.676691729323308,0.594582067698993,0.742171646688916,305,1.38667311355425e-22,21618001
65,-0.92826692292087,0.12469124233221,0.395238095238096,0.309543308201035,0.504656853463568,0.604761904761904,0.495343146536432,0.690456691798965,271,9.72947222352142e-14,126423883
840,-0.983892042542271,0.123730680336202,0.373853211009175,0.293346809491826,0.476453872547624,0.626146788990825,0.523546127452376,0.706653190508174,272,1.83695917744005e-15,87750340
365,-0.944461608840852,0.123335478336397,0.388888888888889,0.305381121305676,0.495232210997922,0.611111111111111,0.504767789002078,0.694618878694324,276,1.8934599831159e-14,694447886
665,-0.918697471904721,0.125057910609413,0.399038461538461,0.312295172507692,0.509875617059242,0.600961538461539,0.490124382940758,0.687704827492308,270,2.03957163961266e-13,694511837
640,-0.960390585334452,0.120954141506258,0.382743362831858,0.301961320849315,0.48513657769083,0.617256637168142,0.51486342230917,0.698038679150685,286,2.01983221851917e-15,77938773
565,-0.757685701697516,0.132000918294193,0.46875,0.361894427120233,0.607156524206436,0.53125,0.392843475793564,0.638105572879767,253,9.46747270038282e-09,980339798
439,-0.768859002295642,0.126627975583949,0.463541666666666,0.361661975084867,0.594120730236264,0.536458333333334,0.405879269763736,0.638338024915132,274,1.26489004029032e-09,611269001
340,-0.71512608727872,0.1281605273826,0.489130434782609,0.38048211558557,0.628803753002728,0.510869565217391,0.371196246997272,0.61951788441443,272,2.40622784960555e-08,904657930
890,-0.842290338656581,0.137989853868329,0.430722891566265,0.328655403642683,0.564488541076616,0.569277108433735,0.435511458923384,0.671344596357317,226,1.0344501547855e-09,402122270
940,-1.05376172250276,0.12551198866865,0.348623853211009,0.272597017717356,0.445854441275324,0.651376146788991,0.554145558724676,0.727402982282644,261,4.63104156025243e-17,264344841
715,-1.00721600818492,0.114717451099844,0.365234375,0.291691634563471,0.457319075609672,0.634765625,0.542680924390328,0.708308365436529,315,1.63515365393233e-18,820108082
615,-1.00330210886378,0.126559535484885,0.366666666666667,0.286117063115639,0.469893137376803,0.633333333333333,0.530106862623197,0.713882936884361,259,2.23581729523218e-15,993098122
515,-0.947381318944186,0.129549330397296,0.387755102040816,0.300804916965802,0.499838967644859,0.612244897959183,0.500161032355141,0.699195083034198,250,2.61437272363166e-13,741102289
590,-0.926762031741451,0.122911400937813,0.395833333333333,0.311092821204441,0.503656841617729,0.604166666666667,0.496343158382271,0.688907178795559,279,4.69676324480203e-14,584840330
116,-0.918697471904721,0.125057910609413,0.399038461538461,0.312295172507692,0.509875617059243,0.600961538461539,0.490124382940757,0.687704827492308,270,2.03957163961267e-13,869816638
765,-0.856892351780965,0.128653161630118,0.424479166666666,0.329872878608882,0.546218178632574,0.575520833333334,0.453781821367426,0.670127121391118,259,2.72926887844976e-11,593173232
265,-1.01160091167848,0.118094373261018,0.363636363636364,0.28849958542207,0.458341750353733,0.636363636363636,0.541658249646267,0.71150041457793,297,1.07106373700585e-17,838467114
465,-0.992390075412803,0.120144259737798,0.370689655172414,0.29291626451499,0.469112975612219,0.629310344827586,0.530887024387781,0.70708373548501,288,1.45687807005319e-16,887454824
315,-0.918819178227514,0.128180045367371,0.398989898989899,0.310352214491147,0.512942818071984,0.601010101010101,0.487057181928016,0.689647785508853,257,7.5994664803834e-13,740226907
166,-0.911400746579964,0.126101080682982,0.401960784313725,0.31393970835141,0.514660834000802,0.598039215686275,0.485339165999198,0.68606029164859,266,4.91817235121555e-13,185928894
16,-0.897941593205959,0.122233700123953,0.407407407407407,0.320614682425016,0.51769555391227,0.592592592592593,0.48230444608773,0.679385317574984,284,2.04066121197746e-13,749994651
915,-1.05848018724179,0.121786164171649,0.34698275862069,0.273302323938433,0.440526933854926,0.65301724137931,0.559473066145074,0.726697676061567,277,3.58312925531669e-18,77839010
40,-0.978078219639837,0.117298628758688,0.376033057851239,0.29880045366261,0.47322839996962,0.623966942148761,0.52677160003038,0.70119954633739,303,7.53278060533055e-17,893656119
240,-1.07329448068382,0.121642955205731,0.341880341880342,0.269358979738777,0.433927126831158,0.658119658119658,0.566072873168842,0.730641020261223,277,1.11117185424653e-18,92109770
291,-0.914871285219929,0.13585225412628,0.400568181818182,0.306929619375471,0.522774141549492,0.599431818181818,0.477225858450508,0.693070380624529,229,1.64708911972454e-11,540765422
816,-1.08401348924696,0.120890617803201,0.338235294117647,0.266880377262296,0.428668137239679,0.661764705882353,0.571331862760321,0.733119622737704,280,3.04990326965795e-19,927519164
740,-0.771618796001441,0.120565347781468,0.462264150943396,0.36497641809831,0.585484800253203,0.537735849056604,0.414515199746797,0.63502358190169,302,1.5537213895132e-10,957114515
416,-0.788995139350073,0.129111765309163,0.454301075268817,0.352731001013146,0.585118592915262,0.545698924731183,0.414881407084738,0.647268998986854,262,9.9041731294574e-10,898199511
866,-0.845615774204219,0.126425325974032,0.429292929292929,0.335073670348145,0.550005671736077,0.570707070707071,0.449994328263923,0.664926329651855,269,2.25226316303818e-11,439102299
790,-0.747214401830221,0.126814318398384,0.473684210526316,0.369440382282266,0.607342191223988,0.526315789473684,0.392657808776012,0.630559617717734,275,3.81104364503747e-09,391686990
491,-1.02049450940416,0.118801010763104,0.360416666666667,0.285549406640414,0.454913127431889,0.639583333333333,0.545086872568111,0.714450593359586,293,8.70086653654551e-18,449108162
391,-0.910355996354341,0.124261696802176,0.402380952380952,0.315402888354568,0.51334479428415,0.597619047619048,0.48665520571585,0.684597111645432,274,2.36913178051845e-13,477059075
541,-0.977398717914937,0.130990814274537,0.376288659793815,0.291086153293834,0.486430405181435,0.623711340206185,0.513569594818565,0.708913846706166,243,8.54896520685997e-14,24159647
91,-0.96248011434353,0.123773443535581,0.381944444444444,0.299670540561475,0.486806472096475,0.618055555555556,0.513193527903525,0.700329459438525,273,7.47686222529266e-15,746543421
966,-0.805065096763931,0.135438743560311,0.447058823529412,0.34283014578795,0.582975546786138,0.552941176470588,0.417024453213862,0.65716985421205,237,2.77934008722413e-09,473522999
216,-0.950370045527019,0.130291768821149,0.38659793814433,0.299471142028056,0.499073015066823,0.61340206185567,0.500926984933177,0.700528857971944,247,3.0051036234629e-13,171409513
991,-0.798507696217772,0.131468439647539,0.45,0.347781418944456,0.582262274432611,0.55,0.417737725567389,0.652218581055544,252,1.24949748894146e-09,282175011
666,-1.14267227846214,0.124005832185238,0.318965517241379,0.250143820778415,0.406722024443626,0.681034482758621,0.593277975556374,0.749856179221585,264,3.12249992075514e-20,761833823
141,-1.11221794072389,0.125929837932859,0.328828828828829,0.256908346101114,0.420883168296844,0.671171171171171,0.579116831703156,0.743091653898886,257,1.02779477052735e-18,795936227
66,-1.02083458762543,0.128866763216876,0.360294117647059,0.279875952060373,0.463819239400284,0.639705882352941,0.536180760599716,0.720124047939627,249,2.34420356232729e-15,975540304
366,-1.03630840533195,0.127417498502106,0.354761904761905,0.276362432521829,0.455402016554309,0.645238095238095,0.544597983445691,0.723637567478171,254,4.18201294800406e-16,794005564
841,-1.11300102612021,0.129499754208032,0.328571428571429,0.254917356024591,0.423506603697298,0.671428571428571,0.576493396302702,0.745082643975409,243,8.35416374433147e-18,351724753
641,-1.0785447256173,0.125026099554001,0.34009009009009,0.266177638848289,0.434526618681925,0.65990990990991,0.565473381318075,0.733822361151711,262,6.32267125103147e-18,918765506
566,-1.00292960001239,0.117402357277899,0.366803278688525,0.291407108277956,0.461706806164513,0.633196721311475,0.538293193835487,0.708592891722044,301,1.31155502269965e-17,767624632
891,-0.927836722871216,0.129056943018325,0.395408163265306,0.307038023768202,0.509212551781135,0.604591836734694,0.490787448218865,0.692961976231798,253,6.50961019102219e-13,426872653
941,-0.84136312486739,0.126969450662287,0.431122448979592,0.336142979501495,0.552939009137729,0.568877551020408,0.447060990862271,0.663857020498505,267,3.43738372665663e-11,122065661
191,-1.10809103262265,0.128750997710763,0.330188679245283,0.256548294072551,0.424967019546474,0.669811320754717,0.575032980453526,0.743451705927449,246,7.53477479692653e-18,79297400
716,-0.588436226470914,0.137240541310355,0.555194805194805,0.424254085636185,0.726548740840241,0.444805194805195,0.273451259159759,0.575745914363815,248,1.80592151152335e-05,604021318
616,-0.780158557549575,0.126879804753175,0.458333333333333,0.357421898935406,0.587735236901108,0.541666666666667,0.412264763098892,0.642578101064594,272,7.80712930526321e-10,551296051
691,-1.04842254414425,0.129602965114587,0.350490196078432,0.271867710879041,0.451849824864831,0.649509803921568,0.548150175135169,0.728132289120959,245,5.99125913698343e-16,245309304
516,-0.957989761041904,0.127877296684628,0.383663366336634,0.298607685135124,0.492946384156687,0.616336633663366,0.507053615843313,0.701392314864876,256,6.81030871698049e-14,543309511
341,-1.02139643800073,0.124674531010995,0.360091743119266,0.282026559861873,0.45976543317827,0.639908256880734,0.54023456682173,0.717973440138127,266,2.55849383274346e-16,38112561
440,-1.07557462060109,0.121184802675682,0.341101694915254,0.268986935003769,0.432550251083492,0.658898305084746,0.567449748916508,0.731013064996231,279,6.96255903637275e-19,425442822
591,-1.01929553383952,0.126372109190749,0.360849056603774,0.281680926061588,0.462267869793084,0.639150943396226,0.537732130206916,0.718319073938412,259,7.27419285462378e-16,597531127
117,-0.889857474805999,0.128122058063039,0.410714285714286,0.319508278649338,0.527955723722983,0.589285714285714,0.472044276277017,0.680491721350662,259,3.77420091743005e-12,925150391
266,-0.96446227554752,0.128040995769457,0.381188118811881,0.296586010739491,0.489923248777133,0.618811881188119,0.510076751222867,0.703413989260509,255,4.97973633694128e-14,316624248
766,-1.0277862360995,0.124838168608242,0.357798165137615,0.280140350260282,0.45698353292162,0.642201834862385,0.54301646707838,0.719859649739718,265,1.82660455372881e-16,497398908
466,-0.936224946774972,0.131292517650297,0.392105263157895,0.303142116279104,0.507176433559522,0.607894736842105,0.492823566440478,0.696857883720896,244,9.97636934949803e-13,897507210
167,-0.900067896367268,0.122853249180729,0.406542056074766,0.319545424952518,0.517223625974483,0.593457943925234,0.482776374025517,0.680454575047482,281,2.36477003175588e-13,471347723
17,-1.0406896409354,0.125171156520494,0.353211009174312,0.276368378185659,0.451419289793442,0.646788990825688,0.548580710206558,0.723631621814341,263,9.24254667068623e-17,552191672
916,-0.814332737362169,0.130401436144177,0.442934782608696,0.343037723869469,0.571923167608429,0.557065217391304,0.428076832391571,0.656962276130531,255,4.24304242068098e-10,449400947
41,-1.04982212449868,0.124837556804502,0.35,0.274035055840671,0.447023099377562,0.65,0.552976900622438,0.725964944159329,264,4.11742810958633e-17,189081072
292,-0.774697047524054,0.136323660786105,0.460843373493976,0.352788513704839,0.601994131450076,0.539156626506024,0.398005868549924,0.647211486295161,236,1.32524547961972e-08,510898145
316,-0.774116243093612,0.130901518336348,0.461111111111111,0.35676481187921,0.595976536111167,0.538888888888889,0.404023463888833,0.64323518812079,256,3.34445848526116e-09,383806542
241,-0.953430278823612,0.11721236599893,0.385416666666667,0.306308567459208,0.484955442730889,0.614583333333333,0.515044557269111,0.693691432540792,305,4.14625108575509e-16,463401904
817,-0.995688367415477,0.121809611602403,0.369469026548672,0.291000347071148,0.469096902985646,0.630530973451328,0.530903097014354,0.708999652928852,280,2.97992804967524e-16,487309074
791,-0.896088024556636,0.128273464278756,0.408163265306122,0.317429543752721,0.524832216862385,0.591836734693878,0.475167783137615,0.682570456247279,258,2.83311928083037e-12,367878676
417,-1.07166765342466,0.120575000202363,0.342436974789916,0.270362855960994,0.433724822466691,0.657563025210084,0.566275177533309,0.729637144039006,282,6.22323723647733e-19,963809156
741,-0.845615774204219,0.126425325974032,0.429292929292929,0.335073670348145,0.550005671736077,0.570707070707071,0.449994328263923,0.664926329651855,269,2.2522631630382e-11,649797370
867,-0.869238187603264,0.128949008512954,0.419270833333333,0.325636483805663,0.539829043814809,0.580729166666667,0.460170956185191,0.674363516194337,257,1.57359658227873e-11,736347859
392,-0.918819178227514,0.128180045367371,0.398989898989899,0.310352214491147,0.512942818071984,0.601010101010101,0.487057181928016,0.689647785508853,257,7.59946648038364e-13,225492908
492,-0.986694372464125,0.12105487503701,0.37280701754386,0.294064082505359,0.472635322021739,0.62719298245614,0.527364677978261,0.705935917494641,284,3.61517262511032e-16,620825141
542,-0.822526318083701,0.123424469809704,0.439320388349514,0.344923083314485,0.559552007261856,0.560679611650486,0.440447992738144,0.655076916685515,284,2.66096692595714e-11,954884126
142,-0.729514824730821,0.134452971025315,0.482142857142857,0.370449626054854,0.627512402076107,0.517857142857143,0.372487597923893,0.629550373945146,246,5.76957879743307e-08,180784081
842,-0.564837731916574,0.130921212856485,0.568452380952381,0.439798507732056,0.734741259302545,0.431547619047619,0.265258740697455,0.560201492267943,275,1.60085365870374e-05,280242629
67,-0.783876033949708,0.125660947859793,0.456632653061225,0.3569473575145,0.584157230617017,0.543367346938775,0.415842769382983,0.6430526424855,277,4.43132111936381e-10,992285549
642,-1.09645943530701,0.122769306272167,0.334051724137931,0.262610625826616,0.424927795850882,0.665948275862069,0.575072204149118,0.737389374173384,271,4.21964968923927e-19,780965128
967,-1.00926718833226,0.125523108659359,0.364485981308411,0.284993769449798,0.466150648931141,0.635514018691589,0.533849351068859,0.715006230550202,263,8.94805827785291e-16,891129380
992,-0.590956239663398,0.135545245356976,0.55379746835443,0.42459477357738,0.7223160882829,0.44620253164557,0.2776839117171,0.57540522642262,254,1.30154693021305e-05,497581840
92,-1.07121331448,0.126554399451557,0.342592592592593,0.267334290466866,0.439037148187546,0.657407407407407,0.560962851812454,0.732665709533134,256,2.57365556743499e-17,436735987
942,-0.864997437486605,0.129523417941017,0.421052631578947,0.326652399543733,0.54273386268458,0.578947368421053,0.45726613731542,0.673347600456267,255,2.41714601261916e-11,415652483
217,-0.87960097463881,0.128531935643428,0.414948453608248,0.322542960952278,0.5338272416286,0.585051546391752,0.4661727583714,0.677457039047722,258,7.73120978958272e-12,311848260
617,-0.867731754851746,0.124455151320037,0.41990291262136,0.329012554579244,0.535901908829544,0.58009708737864,0.464098091170456,0.670987445420756,276,3.11923633821003e-12,284990218
892,-0.671407193923539,0.127927147461385,0.510989010989011,0.397667203500936,0.656603730588794,0.489010989010989,0.343396269411206,0.602332796499064,277,1.53462643208692e-07,895395800
192,-1.14045939860361,0.120859330320683,0.319672131147541,0.252248811027634,0.405116959783076,0.680327868852459,0.594883040216924,0.747751188972366,278,3.86343091966505e-21,517587410
367,-0.910355996354341,0.124261696802176,0.402380952380952,0.315402888354568,0.51334479428415,0.597619047619048,0.48665520571585,0.684597111645432,274,2.36913178051846e-13,507022763
667,-1.0588719600186,0.12450909808907,0.346846846846847,0.271741153311905,0.442710769794652,0.653153153153153,0.557289230205348,0.728258846688095,265,1.82577768571949e-17,189464310
692,-0.71512608727872,0.1281605273826,0.489130434782609,0.38048211558557,0.628803753002727,0.510869565217391,0.371196246997273,0.61951788441443,272,2.40622784960549e-08,313955001
567,-0.915133993746331,0.122636071712007,0.400462962962963,0.314901219725889,0.509272669202973,0.599537037037037,0.490727330797027,0.685098780274111,281,8.50943366708233e-14,998152922
592,-1.08780137256389,0.123074225901888,0.33695652173913,0.264735934667829,0.428879055217775,0.66304347826087,0.571120944782225,0.735264065332171,270,9.69429454807645e-19,878186265
441,-0.892760234463961,0.123845722644129,0.409523809523809,0.321263573833933,0.522031640766051,0.590476190476191,0.477968359233949,0.678736426166067,277,5.65100845366112e-13,338006656
118,-0.88002455388976,0.134955368319305,0.414772727272727,0.318372812887973,0.54036151431621,0.585227272727273,0.45963848568379,0.681627187112027,234,6.99071692194076e-11,592475961
517,-0.745032015928957,0.130969900456957,0.474719101123595,0.36724418282251,0.613646820051906,0.525280898876405,0.386353179948094,0.63275581717749,258,1.28104337841189e-08,607714572
717,-1.06784063000136,0.128873548927247,0.34375,0.267020953947094,0.442527302645367,0.65625,0.557472697354633,0.732979046052906,247,1.17163531149361e-16,28347366
342,-1.10293194981263,0.122939807030972,0.331896551724138,0.260829186475284,0.422327434038183,0.668103448275862,0.577672565961817,0.739170813524716,270,2.92990582075878e-19,431818521
267,-0.761058386176155,0.124524758630495,0.467171717171717,0.365999823333783,0.596310160308829,0.532828282828283,0.403689839691171,0.634000176666217,284,9.8573283740689e-10,657443952
467,-0.881547783430282,0.127273607169799,0.414141414141414,0.322710555773101,0.5314766060136,0.585858585858586,0.4685233939864,0.677289444226899,263,4.31687873767941e-12,904468991
767,-0.829722715565697,0.129367147505539,0.436170212765957,0.338484267281861,0.562048144902052,0.563829787234043,0.437951855097948,0.661515732718139,258,1.42024949961158e-10,187761506
168,-0.780158557549575,0.131040898874425,0.458333333333333,0.354518765303553,0.592548166708677,0.541666666666667,0.407451833291323,0.645481234696446,255,2.62387470981448e-09,400962722
18,-0.795956674426166,0.133655077088165,0.451149425287356,0.347178642414924,0.58625669632598,0.548850574712644,0.41374330367402,0.652821357585076,244,2.59588135480539e-09,532762289
293,-0.884947481308444,0.123078218964475,0.412735849056604,0.324270784450861,0.52533527306494,0.587264150943396,0.47466472693506,0.675729215549139,281,6.47331784003301e-13,179540526
242,-1.00024733886883,0.127087892156139,0.367788461538461,0.286695377208155,0.471819091601944,0.632211538461539,0.528180908398056,0.713304622791845,257,3.53180376120777e-15,474506986
317,-0.83975065475182,0.119808459595149,0.431818181818182,0.341444230559046,0.546112440803168,0.568181818181818,0.453887559196832,0.658555769440954,300,2.39839091648255e-12,239012510
917,-0.924739786360683,0.125203796591972,0.396634615384615,0.310325131941373,0.506949009051005,0.603365384615385,0.493050990948995,0.689674868058627,269,1.5145225689754e-13,789580536
792,-0.727436254038577,0.130575298394385,0.483146067415731,0.374052492865123,0.624057122761795,0.516853932584269,0.375942877238205,0.625947507134877,261,2.53267224361928e-08,796646911
818,-1.17753954725778,0.127180769946669,0.308035714285715,0.240073710459513,0.395236950742728,0.691964285714285,0.604763049257272,0.759926289540487,250,2.06769459974891e-20,781246282
42,-0.973609005038239,0.134401673454252,0.377717391304348,0.290244547395459,0.491552482119063,0.622282608695652,0.508447517880937,0.709755452604541,231,4.35562932224493e-13,263762307
418,-1.10282282120445,0.121377408411196,0.331932773109244,0.261657686326737,0.421082091685277,0.668067226890756,0.578917908314723,0.738342313673263,277,1.02845604915495e-19,419599174
868,-0.960026125381963,0.122030168216107,0.382882882882883,0.30143500442134,0.486338016004915,0.617117117117117,0.513661983995085,0.69856499557866,281,3.62894987342396e-15,459145413
742,-0.919834740308885,0.12389964500527,0.398584905660377,0.312649169212616,0.508141209587712,0.601415094339623,0.491858790412288,0.687350830787384,275,1.13609002274508e-13,27002590
393,-0.900009846270018,0.127719185052958,0.406565656565657,0.316530761588367,0.522210328845138,0.593434343434343,0.477789671154862,0.683469238411633,260,1.83096741496124e-12,900676243
543,-0.821980052402914,0.131297414273791,0.439560439560439,0.33982712191404,0.568563741876496,0.56043956043956,0.431436258123504,0.66017287808596,251,3.83883979152079e-10,120373457
68,-0.840908062288433,0.131751424077862,0.431318681318681,0.333158772481601,0.558399838817871,0.568681318681319,0.441600161182129,0.666841227518399,248,1.74180313591173e-10,271419009
143,-0.828183464363888,0.128648405278601,0.436842105263158,0.339483577629579,0.56212152076166,0.563157894736842,0.43787847923834,0.660516422370421,261,1.21399165575231e-10,507644883
493,-0.883665504558078,0.127972345232356,0.413265306122449,0.321587152158701,0.531079093483806,0.586734693877551,0.468920906516194,0.678412847841299,260,5.01579591945256e-12,515495888
843,-0.903639614320596,0.122366437303902,0.405092592592593,0.318710081662248,0.514888037797601,0.594907407407407,0.485111962202399,0.681289918337752,283,1.52795780615854e-13,414921644
968,-0.977718830597334,0.12472760128195,0.376168224299065,0.294587137445465,0.480341858097955,0.623831775700935,0.519658141902045,0.705412862554536,268,4.54753044085045e-15,809281534
643,-0.63907995928967,0.134883772959611,0.527777777777778,0.405170506653844,0.687486818861736,0.472222222222222,0.312513181138264,0.594829493346156,252,2.15832736404127e-06,845156191
93,-1.034896474282,0.122248800955731,0.355263157894737,0.279570796554222,0.451448838408494,0.644736842105263,0.548551161591506,0.720429203445778,276,2.5506954427466e-17,645310134
943,-0.650844800869256,0.135140070871834,0.521604938271605,0.400230570118864,0.679787432400584,0.478395061728395,0.320212567599416,0.599769429881136,250,1.464090568134e-06,226666653
193,-0.74220333754914,0.127376960463798,0.476063829787234,0.370887093634575,0.611066747593508,0.523936170212766,0.388933252406492,0.629112906365425,273,5.64915832196898e-09,969452558
893,-1.13497993283898,0.125988157686373,0.321428571428571,0.251097948128605,0.41145826678638,0.678571428571429,0.58854173321362,0.748902051871395,256,2.08658084340714e-19,638663670
218,-0.939156556611158,0.132064450047446,0.390957446808511,0.301797769798635,0.506457437763745,0.609042553191489,0.493542562236255,0.698202230201365,241,1.14913121808963e-12,697834964
368,-0.847297860387205,0.127108074450605,0.428571428571428,0.334063191278968,0.549816544242893,0.571428571428572,0.450183455757107,0.665936808721032,266,2.62933540920921e-11,131771437
693,-0.813291492402009,0.121462385969731,0.443396226415094,0.34946446567033,0.562575691986406,0.556603773584906,0.437424308013594,0.65053553432967,294,2.14450858002932e-11,247212698
593,-0.81701666227273,0.123301432935172,0.441747572815534,0.346912382795196,0.56250779091855,0.558252427184466,0.43749220908145,0.653087617204804,285,3.44500711237892e-11,238824213
618,-1.02338886743052,0.12304369775523,0.359375,0.28236630881157,0.457385979115466,0.640625,0.542614020884534,0.71763369118843,273,9.00050675434395e-17,240995154
442,-0.687667714795319,0.128271165296355,0.502747252747253,0.390989497867598,0.646449077336858,0.497252747252747,0.353550922663142,0.609010502132401,274,8.27410960129671e-08,41326484
568,-0.8311066247002,0.127383037015995,0.435567010309278,0.33933319116861,0.55909243601076,0.564432989690722,0.44090756398924,0.66066680883139,266,6.82430459578572e-11,54487731
993,-0.957298755601533,0.121418799704055,0.383928571428571,0.302620652416483,0.48708224895478,0.616071428571429,0.51291775104522,0.697379347583517,284,3.16376303758904e-15,364557493
119,-1.16983979795648,0.122657012572131,0.310416666666667,0.24408393302077,0.394776115543193,0.689583333333333,0.605223884456807,0.75591606697923,269,1.46333683820229e-21,834957865
668,-0.854415328156067,0.129954984044742,0.425531914893617,0.329848303525786,0.548971780838257,0.574468085106383,0.451028219161743,0.670151696474214,254,4.87506180142453e-11,966250791
343,-0.908666806763496,0.128581474412526,0.403061224489796,0.313272498270926,0.518584783483661,0.596938775510204,0.481415216516339,0.686727501729074,256,1.5848287663588e-12,679444537
718,-1.15267950993839,0.125364964296534,0.315789473684211,0.246994224582962,0.403746248958364,0.684210526315789,0.596253751041636,0.753005775417038,258,3.76425599250774e-20,255017624
268,-0.918819178227514,0.128180045367371,0.398989898989899,0.310352214491147,0.512942818071984,0.601010101010101,0.487057181928016,0.689647785508853,257,7.5994664803834e-13,412122616
518,-0.973107206917816,0.138997175061362,0.377906976744186,0.287786422071131,0.496248857205056,0.622093023255814,0.503751142794944,0.712213577928869,216,2.54298821318584e-12,330075908
768,-0.875468737353899,0.127128345253997,0.416666666666667,0.324770754774994,0.534565100331746,0.583333333333333,0.465434899668254,0.675229245225006,264,5.71836953846459e-12,420728301
169,-0.999521386023879,0.124693894959089,0.368055555555556,0.288252937454626,0.469951470994575,0.631944444444444,0.530048529005425,0.711747062545374,267,1.09421987508154e-15,554575748
19,-1.04184335876687,0.126365782367947,0.352803738317757,0.275404117701783,0.451955761626503,0.647196261682243,0.548044238373497,0.724595882298217,258,1.65625589995e-16,940626016
468,-0.750305594399894,0.130358981502713,0.472222222222222,0.365750269146515,0.60968875752533,0.527777777777778,0.39031124247467,0.634249730853485,260,8.62897511668386e-09,361524616
294,-0.84642105191367,0.129078600551404,0.428947368421052,0.333067382317665,0.55242829122144,0.571052631578948,0.44757170877856,0.666932617682335,258,5.47510553839862e-11,615806117
318,-0.77356874787052,0.118393485759527,0.461363636363636,0.365819324649716,0.58186211229408,0.538636363636364,0.41813788770592,0.634180675350284,313,6.40875932910008e-11,395666030
918,-0.889857474805999,0.128122058063039,0.410714285714286,0.319508278649338,0.527955723722983,0.589285714285714,0.472044276277017,0.680491721350662,259,3.77420091743008e-12,918363040
819,-0.891598119283784,0.126876163958917,0.41,0.319732416594301,0.525752132957156,0.59,0.474247867042844,0.680267583405699,264,2.10553424506039e-12,513913601
43,-0.709407701431724,0.127346649160233,0.491935483870968,0.383274994039299,0.63140179780826,0.508064516129032,0.36859820219174,0.616725005960701,276,2.53743920448756e-08,394448043
419,-1.05451696880289,0.118655274879374,0.348360655737705,0.276076567256489,0.439570615036149,0.651639344262295,0.560429384963851,0.723923432743511,292,6.26500425523313e-19,304475280
869,-0.775064303027831,0.131656811589697,0.460674157303371,0.355899492630381,0.596293851499171,0.539325842696629,0.403706148500829,0.644100507369619,253,3.93256913196262e-09,114250966
243,-0.991640169115942,0.116186482612412,0.370967741935484,0.295418734377057,0.465837299881816,0.629032258064516,0.534162700118184,0.704581265622943,308,1.40275045555095e-17,578047475
394,-0.633183715792389,0.1285572258877,0.530898876404494,0.412651755606151,0.683030214068845,0.469101123595506,0.316969785931155,0.587348244393849,278,8.42283065246445e-07,936060531
743,-1.01993197902547,0.122411301977109,0.360619469026549,0.283695521821219,0.458401319154214,0.639380530973451,0.541598680845786,0.716304478178781,276,7.9482402508237e-17,806611662
793,-0.956876011989233,0.122507423689087,0.384090909090909,0.30210333530237,0.488329022579725,0.615909090909091,0.511670977420275,0.69789666469763,279,5.68444338423554e-15,69516794
969,-0.797507195884188,0.118359659571729,0.45045045045045,0.357189842845434,0.568060969188356,0.54954954954955,0.431939030811644,0.642810157154566,311,1.60583345662006e-11,162942576
644,-1.11259853064285,0.12767737773309,0.328703703703704,0.255932486820729,0.422166510280559,0.671296296296296,0.577833489719441,0.744067513179271,250,2.92974422270164e-18,576835329
844,-0.931898629540145,0.120281066901036,0.393805309734513,0.311098658038922,0.498499810165345,0.606194690265486,0.501500189834655,0.688901341961078,291,9.35902148366489e-15,855378853
544,-0.924739786360683,0.125203796591972,0.396634615384615,0.310325131941373,0.506949009051006,0.603365384615385,0.493050990948994,0.689674868058627,269,1.51452256897547e-13,78210586
219,-0.882973463007968,0.122456163224374,0.413551401869159,0.325307909079306,0.525731951835984,0.586448598130841,0.474268048164016,0.674692090920694,284,5.57357711122922e-13,474011311
144,-0.808216510344732,0.130257921827924,0.445652173913044,0.345239346047765,0.575270062311912,0.554347826086957,0.424729937688088,0.654760653952235,256,5.47874777373905e-10,276437551
69,-1.16654639880682,0.123601364731581,0.311440677966102,0.244436278877799,0.396812193088882,0.688559322033898,0.603187806911118,0.755563721122201,265,3.80058630425774e-21,738963331
494,-0.95225588056767,0.133835043034949,0.385869565217391,0.296838296468229,0.50160414991128,0.614130434782609,0.49839585008872,0.703161703531771,234,1.11794372812477e-12,328544179
369,-0.968090227234296,0.1262715270534,0.379807692307693,0.296538603258499,0.486459036196194,0.620192307692307,0.513540963803806,0.703461396741501,262,1.76430949037018e-14,49477471
944,-0.790521344585121,0.126455907485496,0.453608247422681,0.35403115229424,0.581193041336842,0.546391752577319,0.418806958663158,0.64596884770576,273,4.06894927464274e-10,118418700
594,-0.921681580509032,0.132323259234563,0.397849462365591,0.306962280757405,0.515647050556298,0.602150537634409,0.484352949443702,0.693037719242595,241,3.27522059232549e-12,896869558
443,-0.929862809419699,0.126550787030318,0.394607843137255,0.307925381192993,0.505691831125286,0.605392156862745,0.494308168874714,0.692074618807007,263,2.01579819820338e-13,751662582
619,-0.847297860387204,0.127108074450605,0.428571428571428,0.334063191278968,0.549816544242894,0.571428571428572,0.450183455757106,0.665936808721032,266,2.62933540920935e-11,794987538
569,-0.796219365699759,0.126584217303898,0.451030927835052,0.351931095971487,0.578036155919082,0.548969072164948,0.421963844080918,0.648068904028513,272,3.17391035863817e-10,554839630
894,-0.954511944694353,0.128427047379819,0.385,0.29932530147419,0.495197029018214,0.615,0.504802970981786,0.70067469852581,254,1.0670277708668e-13,121208080
194,-0.945111170409647,0.122224638727311,0.388636363636364,0.305847991475872,0.493834281571247,0.611363636363637,0.506165718428753,0.694152008524128,281,1.05392793911031e-14,350683570
994,-0.794726973377865,0.132864384038595,0.451704545454546,0.348144943740064,0.586069107287217,0.548295454545454,0.413930892712783,0.651855056259936,247,2.21105748350964e-09,967250844
94,-0.842359578746621,0.125092431989878,0.430693069306931,0.337045871667475,0.550359863573801,0.569306930693069,0.449640136426199,0.662954128332525,275,1.65177889967582e-11,613756289
120,-0.823508998423189,0.132061444188673,0.438888888888889,0.338800217992427,0.568545846668932,0.561111111111111,0.431454153331068,0.661199782007573,248,4.49469740567418e-10,250340171
694,-0.95842831632256,0.126640640369354,0.383495145631068,0.299201083840868,0.491537413015567,0.616504854368932,0.508462586984433,0.700798916159132,261,3.78738849685849e-14,640693511
669,-0.842359578746621,0.125092431989878,0.430693069306931,0.337045871667475,0.550359863573802,0.569306930693069,0.449640136426198,0.662954128332525,275,1.65177889967584e-11,747454512
269,-0.860684941169663,0.130106133806823,0.422872340425532,0.327689659812012,0.545702346542008,0.577127659574468,0.454297653457992,0.672310340187988,253,3.70917804068803e-11,49955990
719,-0.812948380372567,0.129666087465099,0.443548387096774,0.344008386749428,0.571890626141766,0.556451612903226,0.428109373858234,0.655991613250572,258,3.6208652602364e-10,759503769
344,-0.972461003341209,0.118147860346354,0.378151260504202,0.299983875389976,0.476686874036214,0.621848739495798,0.523313125963786,0.700016124610024,299,1.85841198315839e-16,541437491
769,-0.946504510470651,0.125135042469821,0.388095238095238,0.303684882194854,0.495967770089914,0.611904761904762,0.504032229910086,0.696315117805146,268,3.91267199025116e-14,997940983
170,-1.00449899709763,0.121490550172048,0.366228070175439,0.288628149323088,0.464691332771876,0.633771929824561,0.535308667228124,0.711371850676912,281,1.3608272056062e-16,615083856
519,-1.14862270924277,0.12058332270612,0.317073170731707,0.250333392663135,0.401606012399414,0.682926829268293,0.598393987600585,0.749666607336865,279,1.64167121926765e-21,408108214
20,-0.917580222704027,0.129463860822911,0.399484536082474,0.309956061942906,0.514872635717077,0.600515463917526,0.485127364282923,0.690043938057094,252,1.36517381260965e-12,298353004
469,-0.82376736297701,0.126562376425888,0.438775510204082,0.342383076320702,0.562305679427098,0.561224489795918,0.437694320572902,0.657616923679298,270,7.57608006901414e-11,378460001
295,-0.873470734691227,0.126443758080218,0.4175,0.325857227304568,0.534916016569065,0.5825,0.465083983430935,0.674142772695432,267,4.91609219352212e-12,372444110
319,-0.856892351780964,0.128653161630118,0.424479166666667,0.329872878608882,0.546218178632575,0.575520833333333,0.453781821367425,0.670127121391118,259,2.72926887844986e-11,152440934
919,-0.943787981331378,0.124477179955512,0.389150943396226,0.30490385824323,0.496676091994107,0.610849056603774,0.503323908005893,0.69509614175677,271,3.40226069305153e-14,129754564
820,-0.783661188100778,0.121977631209153,0.456730769230769,0.359610796862405,0.580079901332734,0.543269230769231,0.419920098667266,0.640389203137595,294,1.32190369729344e-10,999838693
420,-0.84199280815751,0.129657770242524,0.430851063829787,0.334166011807875,0.555510233368638,0.569148936170213,0.444489766631362,0.665833988192125,256,8.36070949504403e-11,609679618
870,-0.931558204004943,0.128496173159206,0.393939393939394,0.306233904405324,0.506763764119121,0.606060606060606,0.493236235880879,0.693766095594676,255,4.17707819904482e-13,830800750
244,-1.12888235297087,0.127540230956705,0.323394495412844,0.251866369413037,0.415236063103844,0.676605504587156,0.584763936896156,0.748133630586963,250,8.6593820644217e-19,713756588
794,-0.921988752988793,0.136038573619661,0.397727272727273,0.304641544403084,0.519256110590651,0.602272727272727,0.480743889409349,0.695358455596916,228,1.22352033315812e-11,814559057
395,-0.903218650306803,0.130460040964876,0.405263157894737,0.313826299633072,0.523341183765805,0.594736842105263,0.476658816234195,0.686173700366928,249,4.41130922562178e-12,944424833
744,-1.04428960692895,0.128861513234317,0.351941747572816,0.2733906561216,0.45306227887143,0.648058252427185,0.54693772112857,0.7266093438784,248,5.31950102863741e-16,190278220
44,-0.972018623329571,0.121233290572586,0.378318584070797,0.298307183413686,0.479790494534789,0.621681415929203,0.520209505465211,0.701692816586314,284,1.07696777202518e-15,635232327
845,-1.04848790148554,0.126540353499669,0.350467289719626,0.273486659045777,0.449116317380809,0.649532710280374,0.550883682619191,0.726513340954223,257,1.17319032179446e-16,321997751
545,-0.799630660962395,0.125375386877253,0.44949494949495,0.351564563804394,0.574704422525028,0.55050505050505,0.425295577474972,0.648435436195606,277,1.79542197332911e-10,697519664
145,-0.885519073207402,0.126730446483619,0.4125,0.321773890324375,0.52880688929878,0.5875,0.47119311070122,0.678226109675625,265,2.79983713242761e-12,493943864
495,-1.02468113554058,0.129605331017355,0.358910891089109,0.278398172026837,0.462707879166536,0.641089108910891,0.537292120833464,0.721601827973163,246,2.6543924222286e-15,133909392
370,-0.909370289029581,0.122500553880117,0.402777777777778,0.316805593571888,0.512080410078973,0.597222222222222,0.487919589921027,0.683194406428111,282,1.14153633074513e-13,771043507
70,-0.728238500371216,0.132085706389138,0.482758620689655,0.372647730526665,0.625405354061325,0.517241379310345,0.374594645938675,0.627352269473335,255,3.52009973306098e-08,828405855
970,-0.944461608840851,0.128819705789848,0.388888888888889,0.302116192359981,0.500584118712293,0.611111111111111,0.499415881287707,0.697883807640019,253,2.27328107625138e-13,531962371
645,-0.987260143342017,0.126755660715918,0.372596153846154,0.290632216151027,0.477675516154082,0.627403846153846,0.522324483845918,0.709367783848973,259,6.77092049107427e-15,612674094
620,-0.805264478680652,0.12550190285668,0.446969696969697,0.349502806159796,0.571617470555703,0.553030303030303,0.428382529444297,0.650497193840204,276,1.39577830576117e-10,551773505
121,-1.05228821699387,0.12162865273285,0.349137931034483,0.275084764067081,0.443126304360913,0.650862068965517,0.556873695639087,0.724915235932919,278,5.07612743232002e-18,721270429
195,-0.993732657847634,0.126920806465269,0.370192307692308,0.288663719879848,0.474747379863316,0.629807692307692,0.525252620136684,0.711336280120151,258,4.89623617063429e-15,7732824
220,-0.670157662335247,0.131566428620968,0.511627906976744,0.395334465603491,0.662130772731424,0.488372093023256,0.337869227268576,0.604665534396509,262,3.51174016842567e-07,150629436
444,-0.676052747200646,0.130934985277563,0.508620689655172,0.393497484938514,0.657424801547906,0.491379310344828,0.342575198452094,0.606502515061486,264,2.42672059076717e-07,482146146
595,-0.732367893713227,0.129241234555329,0.480769230769231,0.373186845398262,0.619365489712715,0.519230769230769,0.380634510287285,0.626813154601738,266,1.45596300567388e-08,670823415
695,-0.989412996703118,0.119558082069586,0.371794871794872,0.294127323689158,0.469971388442143,0.628205128205128,0.530028611557857,0.705872676310842,291,1.27827135602865e-16,200052090
945,-1.18181123252308,0.123501726371907,0.30672268907563,0.24078035087323,0.390724607105992,0.69327731092437,0.609275392894008,0.75921964912677,265,1.07748619728096e-21,743645940
570,-1.00144854021446,0.130952380972174,0.36734693877551,0.284190500122803,0.474835623884075,0.63265306122449,0.525164376115925,0.715809499877197,242,2.05043421960433e-14,629037508
95,-0.814029072120395,0.124449115236602,0.443069306930693,0.347168559097186,0.565461374885304,0.556930693069307,0.434538625114696,0.652831440902814,280,6.10845057287101e-11,513410774
895,-1.05114575142919,0.126022917836924,0.349537037037037,0.27303749972068,0.447470184079543,0.650462962962963,0.552529815920457,0.72696250027932,259,7.37213074334599e-17,277033275
995,-0.921156921525329,0.125723103862404,0.398058252427184,0.311122150473357,0.509286696830519,0.601941747572816,0.490713303169481,0.688877849526643,267,2.35588983472665e-13,911899150
670,-0.746635865510932,0.126139494873451,0.473958333333333,0.370143417903925,0.606890439949463,0.526041666666667,0.393109560050537,0.629856582096075,278,3.23652236078857e-09,424816713
720,-0.843299454420508,0.123296296778738,0.430288461538461,0.33791673650953,0.547910594916373,0.569711538461539,0.452089405083627,0.66208326349047,283,7.9405153234378e-12,460102842
345,-0.776297548892115,0.128135259390204,0.460106382978723,0.35792276987976,0.591462464734727,0.539893617021276,0.408537535265273,0.64207723012024,267,1.37462879621512e-09,723147845
770,-0.928643499841156,0.120740585336418,0.395089285714286,0.311831999738302,0.500575770983171,0.604910714285714,0.499424229016829,0.688168000261698,289,1.45728251519106e-14,515255124
171,-1.01104303160822,0.122733617066551,0.363839285714286,0.286047756666422,0.462786449968413,0.636160714285714,0.537213550031587,0.713952243333578,275,1.75548948766722e-16,596801334
21,-0.970778917158225,0.129490064379022,0.378787878787879,0.293882638623176,0.48822297835904,0.621212121212121,0.51177702164096,0.706117361376824,249,6.53261168073691e-14,642528476
270,-0.980829253011727,0.134595475535258,0.375,0.288047023093776,0.488201539073772,0.625,0.511798460926228,0.711952976906224,230,3.16373930225131e-13,467711631
470,-1.03957875708392,0.12400982124448,0.353603603603603,0.277306041298111,0.450893561121656,0.646396396396397,0.549106438878344,0.722693958701889,268,5.15798288258269e-17,293125745
520,-0.946343076940557,0.12009016339091,0.388157894736842,0.306752062381308,0.491167198932314,0.611842105263158,0.508832801067686,0.693247937618692,291,3.26670819122878e-15,436060659
296,-1.044777977612,0.123040097946235,0.351769911504425,0.276392827194582,0.447703624930598,0.648230088495575,0.552296375069402,0.723607172805418,272,2.042298309241e-17,775811351
320,-0.760355930253396,0.123885405066135,0.4675,0.366716260392836,0.595981890101837,0.5325,0.404018109898163,0.633283739607164,287,8.37908124074099e-10,937222149
920,-0.786237603625958,0.131181828363583,0.455555555555555,0.352272849634104,0.589119667930944,0.544444444444445,0.410880332069056,0.647727150365896,254,2.05378759568647e-09,29775717
821,-0.97116734209999,0.126960601287712,0.378640776699029,0.295228528968134,0.485619862959513,0.621359223300971,0.514380137040487,0.704771471031866,259,2.01982080229492e-14,103184373
421,-0.939618984365063,0.126174157391176,0.390776699029126,0.305160995167642,0.500412670433881,0.609223300970874,0.499587329566119,0.694839004832358,264,9.54864230970643e-14,71482091
245,-0.820743837664653,0.12780385923611,0.440104166666667,0.342585232284729,0.565382448699308,0.559895833333333,0.434617551300692,0.657414767715271,265,1.34582207812427e-10,876326335
396,-0.99652816255483,0.125199474125626,0.369158878504673,0.288830686410414,0.471827558465111,0.630841121495327,0.528172441534889,0.711169313589586,265,1.72703001360685e-15,733852602
871,-0.900009846270018,0.127719185052958,0.406565656565656,0.316530761588367,0.522210328845138,0.593434343434344,0.477789671154862,0.683469238411633,260,1.83096741496119e-12,917051062
745,-0.810272537797358,0.128232115940296,0.444736842105263,0.345900932664333,0.571813603398694,0.555263157894737,0.428186396601306,0.654099067335667,264,2.63609561721777e-10,194921280
45,-0.930147766535581,0.122426571543063,0.394495412844037,0.310336080683817,0.501477721868718,0.605504587155963,0.498522278131282,0.689663919316183,281,3.01679815657573e-14,687522422
795,-0.863420398837726,0.126842556181,0.421717171717171,0.328891542487224,0.540741703408317,0.578282828282829,0.459258296591683,0.671108457512776,266,9.96379071450924e-12,782581435
846,-1.06232228726291,0.122413072644586,0.345652173913043,0.271919965387603,0.439377171736945,0.654347826086957,0.560622828263055,0.728080034612397,274,4.0216352635945e-18,208368135
546,-1.06624700416608,0.123050219749728,0.344298245614035,0.270516819544844,0.438203000214009,0.655701754385965,0.561796999785991,0.729483180455156,271,4.50970620461141e-18,201205585
496,-1.0872096565703,0.126400288842567,0.337155963302752,0.263171420451571,0.431939544938259,0.662844036697248,0.568060455061741,0.736828579548429,256,7.88026607310683e-18,774168592
146,-0.864997437486605,0.129523417941017,0.421052631578947,0.326652399543733,0.542733862684579,0.578947368421053,0.457266137315421,0.673347600456267,255,2.41714601261913e-11,567273532
371,-0.84078317936601,0.124441712282282,0.431372549019608,0.338008426406279,0.550525553537553,0.568627450980392,0.449474446462447,0.661991573593721,278,1.41421806113391e-11,63141496
71,-1.02118054853529,0.119820404007937,0.360169491525424,0.284784015889197,0.455510335510383,0.639830508474576,0.544489664489617,0.715215984110803,288,1.56020145700876e-17,619478336
971,-0.940823918398027,0.129383265341386,0.39030612244898,0.302882463288167,0.50296364988362,0.60969387755102,0.49703635011638,0.697117536711833,251,3.55242728604342e-13,467006159
621,-0.669049628980885,0.134712667868201,0.512195121951219,0.393339722663051,0.666965037689208,0.487804878048781,0.333034962310792,0.606660277336949,250,6.81742336761976e-07,655046293
646,-0.935218741759674,0.127943060604419,0.3925,0.305445921435913,0.504365058389962,0.6075,0.495634941610038,0.694554078564087,257,2.67843024758807e-13,269217389
445,-1.0939063976307,0.128359712487321,0.334905660377359,0.260412905086509,0.430707538535905,0.665094339622641,0.569292461464095,0.739587094913491,248,1.56558587633192e-17,252519625
596,-0.983732012669689,0.120455824544688,0.37391304347826,0.295282991129218,0.473481264696323,0.62608695652174,0.526518735303677,0.704717008870782,287,3.16821390748717e-16,884691565
571,-1.02608584459985,0.122565888536477,0.358407079646018,0.281869643541005,0.455727098266613,0.641592920353982,0.544272901733386,0.718130356458995,275,5.6788964751899e-17,454917618
946,-0.799576643406676,0.122323252914267,0.449519230769231,0.353693056647216,0.571307621209282,0.550480769230769,0.428692378790718,0.646306943352783,291,6.29383316592733e-11,263945547
122,-0.90078654533819,0.129718630436985,0.40625,0.315047962728053,0.52385376839418,0.59375,0.47614623160582,0.684952037271947,252,3.8072670244642e-12,278547744
96,-0.936093359170335,0.126704070864975,0.392156862745098,0.305920879325109,0.502701892519878,0.607843137254902,0.497298107480122,0.694079120674891,262,1.49021165267604e-13,816703898
671,-0.83624802420062,0.132368302578007,0.433333333333333,0.334310482344051,0.561686778294103,0.566666666666667,0.438313221705897,0.665689517655949,246,2.65682039701973e-10,518414770
196,-0.850539354311375,0.124058679870173,0.427184466019417,0.33497817490172,0.544771515522869,0.572815533980583,0.455228484477131,0.66502182509828,279,7.08431571147592e-12,989580201
996,-0.806906065916603,0.129525227517468,0.446236559139785,0.346188848835196,0.575197807159033,0.553763440860215,0.424802192840967,0.653811151164804,259,4.67265740708761e-10,122061173
221,-0.990779583864895,0.128715409997143,0.371287128712871,0.288500877421976,0.477829160104133,0.628712871287129,0.522170839895867,0.711499122578025,251,1.38815537894469e-14,180372287
721,-0.977775815524835,0.123579419431105,0.376146788990826,0.295233997017,0.479234804587772,0.623853211009174,0.520765195412228,0.704766002983,273,2.53032110289763e-15,652525001
172,-0.904759534274965,0.129146061138414,0.404639175257732,0.314151111239017,0.521191414881497,0.595360824742268,0.478808585118503,0.685848888760983,254,2.45740761706978e-12,847766616
696,-1.02874260870762,0.122093812923133,0.357456140350877,0.281382004913065,0.454097597015926,0.642543859649123,0.545902402984074,0.718617995086935,277,3.5817945440137e-17,623007822
896,-0.890678156017429,0.123211560764212,0.410377358490566,0.322333557227014,0.522469884335022,0.589622641509434,0.477530115664978,0.677666442772986,280,4.87093358998063e-13,540335078
271,-0.899941593872625,0.133213241652611,0.406593406593407,0.31316196889536,0.527899983731648,0.593406593406593,0.472100016268352,0.68683803110464,239,1.42199562320073e-11,124447415
771,-0.768110219033402,0.130763661119298,0.463888888888888,0.359010987427767,0.599404778044194,0.536111111111112,0.400595221955806,0.640989012572233,257,4.2531553920289e-09,344380840
471,-1.08042996958492,0.126218337367533,0.339449541284404,0.265056209275703,0.4347228514022,0.660550458715596,0.5652771485978,0.734943790724297,257,1.12859751955909e-17,292509072
22,-0.797408190884355,0.124078586383509,0.45049504950495,0.353243467043899,0.574520999147727,0.54950495049505,0.425479000852273,0.646756532956101,283,1.30456764868065e-10,630231499
346,-0.669890318395677,0.132332279888245,0.511764705882353,0.394847043401844,0.66330271066588,0.488235294117647,0.33669728933412,0.605152956598156,259,4.14481222386612e-07,462688413
297,-0.776297548892115,0.128135259390204,0.460106382978724,0.357922769879761,0.591462464734728,0.539893617021276,0.408537535265272,0.64207723012024,267,1.37462879621514e-09,947710575
521,-0.902238978418504,0.123482451212807,0.405660377358491,0.318459447483693,0.516738765512866,0.594339622641509,0.483261234487134,0.681540552516307,278,2.73951950173674e-13,862110737
321,-0.835117441830333,0.124312666643673,0.433823529411765,0.340014916160458,0.553513524631562,0.566176470588235,0.446486475368438,0.659985083839542,279,1.84388812605867e-11,968243950
422,-0.826678573184468,0.125356634127252,0.4375,0.342195502230437,0.559347649961528,0.5625,0.440652350038472,0.657804497769563,275,4.263646365437e-11,85537987
822,-1.03322952940526,0.123847175735104,0.355855855855856,0.279161298487878,0.453620866620244,0.644144144144144,0.546379133379756,0.720838701512122,269,7.25651370363336e-17,86275932
397,-0.907664677154388,0.126633168756849,0.403465346534653,0.314786349079894,0.517126255093777,0.596534653465347,0.482873744906223,0.685213650920106,264,7.62852969006772e-13,663644570
921,-0.806906065916603,0.129525227517468,0.446236559139785,0.346188848835196,0.575197807159033,0.553763440860215,0.424802192840967,0.653811151164804,259,4.67265740708771e-10,963580499
246,-0.896746135801185,0.130299381035712,0.407894736842105,0.315963610131204,0.526573665474964,0.592105263157895,0.473426334525036,0.684036389868796,250,5.8936028384337e-12,622900370
46,-0.831297519040763,0.130098146351303,0.435483870967742,0.337467793346417,0.561968299233739,0.564516129032258,0.438031700766261,0.662532206653583,255,1.66133057549777e-10,704841940
746,-0.845487905141964,0.13114373468569,0.429347826086957,0.332031677014128,0.555186653946129,0.570652173913043,0.444813346053871,0.667968322985872,250,1.14061419393039e-10,902235472
796,-1.02874260870762,0.122093812923133,0.357456140350877,0.281382004913065,0.454097597015926,0.642543859649123,0.545902402984074,0.718617995086935,277,3.58179454401375e-17,111122710
847,-1.04001812440206,0.121318797533912,0.353448275862069,0.278650046464992,0.448324646970996,0.646551724137931,0.551675353029004,0.721349953535008,280,1.0117008275603e-17,415857458
497,-0.84642105191367,0.129078600551404,0.428947368421052,0.333067382317665,0.55242829122144,0.571052631578947,0.44757170877856,0.666932617682335,258,5.47510553839872e-11,887692450
872,-0.721967619095437,0.131192947929063,0.485795454545455,0.375648628168121,0.628239279903359,0.514204545454545,0.371760720096641,0.624351371831879,259,3.73175333689198e-08,715689011
547,-0.79267677590698,0.127829062750254,0.452631578947368,0.352319397664671,0.581504588218507,0.547368421052632,0.418495411781493,0.647680602335329,267,5.60810919344169e-10,285413546
147,-0.839750654751821,0.126289205092309,0.431818181818182,0.337134624770697,0.553093418617522,0.568181818181818,0.446906581382478,0.662865375229303,270,2.94239328886789e-11,796418847
72,-0.977598232430279,0.127123368317128,0.37621359223301,0.293242473988778,0.482660867832815,0.62378640776699,0.517339132167185,0.706757526011222,258,1.46958455277939e-14,924455052
622,-1.03227781484777,0.122722197058121,0.356194690265487,0.280043900336861,0.453052743590238,0.643805309734513,0.546947256409762,0.719956099663139,274,4.0479865251416e-17,771478319
372,-0.802137464268351,0.13011599165335,0.448369565217391,0.347441101050897,0.578616825715685,0.551630434782609,0.421383174284315,0.652558898949103,257,7.05777685386904e-10,121698076
647,-0.995958134608026,0.122908787274173,0.369369369369369,0.290295783975455,0.469981786025047,0.630630630630631,0.530018213974953,0.709704216024545,275,5.35190574553078e-16,68745254
446,-0.962137119999573,0.124927185893244,0.382075471698113,0.299096233848025,0.4880759085302,0.617924528301887,0.5119240914698,0.700903766151975,268,1.34390594421272e-14,100022313
972,-1.00537036192784,0.123701613650518,0.365909090909091,0.287129751516044,0.466302994040086,0.634090909090909,0.533697005959914,0.712870248483956,271,4.38658558769847e-16,144281850
947,-0.805065096763932,0.13543874356031,0.447058823529411,0.34283014578795,0.582975546786137,0.552941176470589,0.417024453213863,0.65716985421205,237,2.77934008722344e-09,722914269
572,-0.807385370249789,0.133165547802079,0.446022727272727,0.343562907272231,0.579038857318113,0.553977272727273,0.420961142681887,0.656437092727769,245,1.33589104345613e-09,431377974
597,-1.2865950008968,0.123950741044028,0.276209677419355,0.216636598791281,0.352164806527484,0.723790322580645,0.647835193472516,0.783363401208719,261,3.06129169235347e-25,99559044
672,-0.87960097463881,0.128531935643428,0.414948453608248,0.322542960952278,0.5338272416286,0.585051546391752,0.4661727583714,0.677457039047722,258,7.73120978958272e-12,407265012
197,-0.857975579906383,0.124836967260144,0.424019607843137,0.331989631931435,0.541560972219096,0.575980392156863,0.458439027780904,0.668010368068565,275,6.29676958353952e-12,182163140
997,-0.97759823243028,0.127123368317128,0.37621359223301,0.293242473988778,0.482660867832815,0.62378640776699,0.517339132167185,0.706757526011222,258,1.46958455277938e-14,851016279
123,-0.941843806298773,0.122705602449808,0.389908256880734,0.306559821091009,0.495917724125496,0.610091743119266,0.504082275874504,0.693440178908991,279,1.64597124165401e-14,198058790
722,-0.853268027373707,0.127248204664135,0.426020408163265,0.331983528046984,0.546693955688999,0.573979591836735,0.453306044311001,0.668016471953016,265,2.00661822443281e-11,371853470
697,-0.791265036518469,0.120417746087938,0.453271028037383,0.357979526791372,0.573928421827888,0.546728971962617,0.426071578172112,0.642020473208628,301,4.99783843835208e-11,945955697
97,-1.05103351168497,0.120561943978961,0.349576271186441,0.276006578117521,0.442756003172442,0.650423728813559,0.557243996827558,0.723993421882479,283,2.83688603869858e-18,315413843
272,-0.720102990548473,0.126896724751129,0.486702127659575,0.379532137925334,0.624134130941393,0.513297872340425,0.375865869058607,0.620467862074666,277,1.3891818675406e-08,518381244
222,-1.09651365201119,0.121213322389433,0.334033613445378,0.263398443661456,0.423610911895847,0.665966386554622,0.576389088104153,0.736601556338544,278,1.48100699168381e-19,759454323
23,-0.768859002295642,0.126627975583949,0.463541666666666,0.361661975084867,0.594120730236264,0.536458333333334,0.405879269763736,0.638338024915132,274,1.26489004029032e-09,975435067
173,-1.05848018724179,0.121786164171649,0.34698275862069,0.273302323938433,0.440526933854927,0.65301724137931,0.559473066145073,0.726697676061567,277,3.58312925531687e-18,405125757
347,-1.16492228945406,0.126260667302801,0.311946902654867,0.243560806236135,0.399534192630408,0.688053097345133,0.600465807369592,0.756439193763865,254,2.80069417216757e-20,199764714
472,-1.03691871966277,0.124503676675428,0.354545454545454,0.27777566766708,0.452532363236005,0.645454545454546,0.547467636763995,0.72222433233292,266,8.19294677238331e-17,979209916
897,-0.980829253011726,0.126592420904943,0.375,0.292600863667221,0.480603502797363,0.625,0.519396497202637,0.707399136332779,260,9.34023849435691e-15,761751536
298,-1.14267227846214,0.124005832185238,0.31896551724138,0.250143820778416,0.406722024443626,0.68103448275862,0.593277975556374,0.749856179221585,264,3.12249992075553e-20,256923375
522,-0.990218993361565,0.125040403763735,0.371495327102804,0.290749362162808,0.474665798172722,0.628504672897196,0.525334201827278,0.709250637837192,266,2.39058525304783e-15,496714574
772,-0.670674324707887,0.13007379405993,0.511363636363636,0.39628791398063,0.65985552263858,0.488636363636364,0.34014447736142,0.60371208601937,268,2.52137632540796e-07,555552221
322,-1.05416052609728,0.131709479224518,0.348484848484848,0.269198470789975,0.451123252175734,0.651515151515152,0.548876747824266,0.730801529210025,237,1.20754940307033e-15,354110770
823,-0.927719427697778,0.121811475372654,0.395454545454545,0.311465864094228,0.502091290085484,0.604545454545455,0.497908709914516,0.688534135905772,284,2.61603947878433e-14,781150440
423,-0.974314571990533,0.127661380484386,0.377450980392157,0.293896892200469,0.484759268913334,0.622549019607843,0.515240731086666,0.706103107799531,256,2.31098475676e-14,291027881
922,-0.845615774204219,0.126425325974032,0.429292929292929,0.335073670348145,0.550005671736076,0.570707070707071,0.449994328263924,0.664926329651855,269,2.25226316303816e-11,711586681
398,-0.75566753754128,0.12440801498539,0.46969696969697,0.368062408711892,0.59939629291294,0.53030303030303,0.40060370708706,0.631937591288108,285,1.24679933466141e-09,405813282
247,-0.925340567394072,0.121205722618862,0.396396396396397,0.312578569674982,0.502689942050194,0.603603603603603,0.497310057949806,0.687421430325018,287,2.26764142546241e-14,66674491
848,-0.940007258491471,0.130703226198799,0.390625,0.302346709772217,0.504678522018503,0.609375,0.495321477981497,0.697653290227783,246,6.38860615759364e-13,32599404
47,-0.977934894985362,0.120316245782479,0.376086956521739,0.297081013848711,0.476103797524447,0.623913043478261,0.523896202475553,0.702918986151289,288,4.36298129869561e-16,34984303
747,-0.877339645289712,0.122326497234285,0.41588785046729,0.327228958491112,0.528567841195512,0.58411214953271,0.471432158804488,0.672771041508888,285,7.38481319165073e-13,311950622
797,-0.934309237376834,0.129219147696856,0.392857142857143,0.304960166368127,0.506088177127936,0.607142857142857,0.493911822872064,0.695039833631873,252,4.8148809321043e-13,601697316
873,-0.957533690408203,0.129150909693538,0.383838383838384,0.297999097209953,0.494403863256878,0.616161616161616,0.505596136743122,0.702000902790047,251,1.22482611339918e-13,879323160
148,-1.1516469853242,0.121656937846424,0.316115702479339,0.249052838561118,0.401236693110338,0.683884297520661,0.598763306889662,0.750947161438882,274,2.89796987335502e-21,681829875
548,-0.881199412062885,0.123575628526324,0.414285714285714,0.32517128869841,0.527822286365543,0.585714285714286,0.472177713634457,0.67482871130159,279,9.97501514183576e-13,498452087
73,-0.871516163038076,0.125770226475215,0.418316831683169,0.326926051043539,0.535255514544908,0.581683168316832,0.464744485455092,0.673073948956461,270,4.22535304023023e-12,913270861
623,-0.87340900439089,0.128382700790281,0.417525773195876,0.324641275424377,0.536985850166248,0.582474226804124,0.463014149833752,0.675358724575623,259,1.02343608816218e-11,972962999
498,-0.962810747509048,0.122651090692226,0.381818181818182,0.300231189954256,0.485576212082277,0.618181818181818,0.514423787917723,0.699768810045744,278,4.16045774640883e-15,377285365
373,-1.00853185556106,0.117535947027769,0.364754098360656,0.289703272348742,0.459247668113103,0.635245901639344,0.540752331886897,0.710296727651258,300,9.43592374487844e-18,4943925
648,-0.720396823007319,0.127583502289542,0.486559139784947,0.378910256371211,0.624791207225434,0.513440860215053,0.375208792774566,0.621089743628789,274,1.63772707155841e-08,608868106
973,-0.953177721681217,0.124122521961101,0.385514018691589,0.302264325506027,0.491692356876482,0.614485981308411,0.508307643123518,0.697735674493973,272,1.59923637499592e-14,323316340
573,-0.923324758531535,0.123402379793155,0.397196261682243,0.311863720915153,0.505877598815898,0.602803738317757,0.494122401184102,0.688136279084847,277,7.30729480949527e-14,137096290
598,-0.935218741759674,0.127943060604419,0.3925,0.305445921435913,0.504365058389962,0.6075,0.495634941610038,0.694554078564087,257,2.67843024758807e-13,36893810
948,-0.631778234183654,0.136420705095461,0.531645569620253,0.406912175060717,0.694614290306425,0.468354430379747,0.305385709693575,0.593087824939283,247,3.63724183980671e-06,355899751
447,-0.852868905436659,0.122924373936626,0.426190476190476,0.334942551080636,0.542296944384759,0.573809523809524,0.457703055615241,0.665057448919364,284,3.97241250035898e-12,829076607
198,-1.0073208684587,0.128511987649272,0.365196078431372,0.283881115506501,0.469802915434152,0.634803921568628,0.530197084565848,0.716118884493499,251,4.56535377085614e-15,414190958
998,-0.94319818479408,0.120546155926095,0.389380530973451,0.307443389188534,0.493154848121292,0.610619469026549,0.506845151878708,0.692556610811466,289,5.1019001525841e-15,155670194
723,-1.13206022273565,0.124798441164631,0.322368421052632,0.252420060431017,0.411700237748604,0.677631578947368,0.588299762251396,0.747579939568983,261,1.17812069630833e-19,785288900
698,-1.08688882497205,0.128167738771221,0.337264150943396,0.262345490742248,0.433577520961949,0.662735849056604,0.566422479038051,0.737654509257752,249,2.24795609883955e-17,322188296
673,-0.857450231851221,0.126701977328002,0.424242424242424,0.330952127430579,0.5438298158843,0.575757575757576,0.4561701841157,0.669047872569421,267,1.31065238843106e-11,985534253
273,-0.822358912039951,0.125889382170543,0.43939393939394,0.343318199291976,0.562355955420617,0.560606060606061,0.437644044579383,0.656681800708024,273,6.4727061854537e-11,939014467
223,-0.944461608840851,0.123335478336397,0.388888888888889,0.305381121305676,0.495232210997922,0.611111111111111,0.504767789002078,0.694618878694324,276,1.893459983116e-14,960003721
124,-1.01780825625281,0.12942297003427,0.361386138613861,0.28041836891292,0.465732475688114,0.638613861386139,0.534267524311886,0.71958163108708,247,3.71460561140787e-15,981352573
174,-0.890678156017429,0.123211560764212,0.410377358490566,0.322333557227014,0.522469884335022,0.589622641509434,0.477530115664978,0.677666442772986,280,4.87093358998071e-13,585133078
24,-1.04499119722901,0.120410434186313,0.351694915254238,0.277761815421165,0.445307117640117,0.648305084745763,0.554692882359883,0.722238184578835,284,4.00751990338045e-18,777041264
348,-0.881547783430281,0.127273607169799,0.414141414141415,0.322710555773102,0.5314766060136,0.585858585858585,0.4685233939864,0.677289444226898,263,4.31687873767954e-12,173645021
473,-1.02692036021199,0.123686366223715,0.358108108108108,0.281016699275042,0.45634802993417,0.641891891891892,0.54365197006583,0.718983300724958,270,1.01843930541592e-16,652643915
98,-0.995958134608026,0.122908787274173,0.369369369369369,0.290295783975455,0.469981786025047,0.630630630630631,0.530018213974953,0.709704216024545,275,5.35190574553078e-16,249475187
898,-1.00680473941499,0.127256952614297,0.365384615384616,0.284727190540326,0.468890648997764,0.634615384615384,0.531109351002236,0.715272809459674,256,2.5412363815644e-15,935741079
523,-0.990398704027877,0.126230210088276,0.371428571428571,0.29002000675763,0.475688505823538,0.628571428571429,0.524311494176462,0.70997999324237,261,4.29612523863743e-15,544155217
773,-1.0192387011266,0.121324970899782,0.360869565217391,0.284497368643279,0.457743576755101,0.639130434782609,0.542256423244899,0.715502631356721,281,4.43077275045153e-17,729781092
323,-0.851236423966133,0.122306271906592,0.42688679245283,0.335896463118415,0.542525312350259,0.57311320754717,0.457474687649741,0.664103536881585,287,3.40573607113216e-12,461651776
424,-0.76652972649397,0.120457894723944,0.464622641509434,0.366915808525893,0.588348046028575,0.535377358490566,0.411651953971425,0.633084191474107,303,1.97250976734101e-10,815967045
299,-0.817709903201708,0.118789939937005,0.441441441441441,0.349750964693194,0.557169431663585,0.558558558558559,0.442830568336415,0.650249035306806,307,5.83328189953315e-12,205828361
824,-0.844187437972811,0.121575396385399,0.429906542056075,0.338757476462297,0.545580976788219,0.570093457943925,0.454419023211781,0.661242523537703,291,3.81864243246774e-12,593734490
923,-1.06858000156924,0.118521057488149,0.343495934959349,0.272292885886961,0.433318178509369,0.656504065040651,0.566681821490631,0.727707114113039,292,1.95170335909028e-19,923136650
399,-0.739056881864023,0.139756653593242,0.477564102564103,0.363137078417179,0.628047879472798,0.522435897435897,0.371952120527202,0.636862921582821,227,1.23546426625285e-07,938360444
248,-0.941129383165042,0.123829795887333,0.39018691588785,0.30610370680578,0.497366826814257,0.60981308411215,0.502633173185743,0.69389629319422,274,2.95707231255458e-14,711718061
874,-0.894886823211001,0.124489909477318,0.408653846153846,0.320176599420536,0.521580797218063,0.591346153846154,0.478419202781937,0.679823400579464,274,6.55412551438862e-13,531811725
748,-0.901614017458222,0.131815039862812,0.405913978494624,0.313496605032556,0.525575573362982,0.594086021505376,0.474424426637018,0.686503394967444,244,7.91967671686399e-12,628429304
798,-0.910870664404815,0.118747874018496,0.402173913043478,0.318665848929878,0.507565705192007,0.597826086956522,0.492434294807993,0.681334151070122,300,1.71157426771187e-14,116926664
48,-0.890315245470895,0.130140586310853,0.410526315789474,0.318101072844938,0.529805996718004,0.589473684210526,0.470194003281996,0.681898927155062,251,7.85431983179735e-12,339786774
549,-0.934309237376833,0.129219147696856,0.392857142857143,0.304960166368127,0.506088177127936,0.607142857142857,0.493911822872064,0.695039833631873,252,4.81488093210446e-13,492636819
849,-0.920010512976688,0.126933723763413,0.398514851485148,0.310740835687179,0.511082125730353,0.601485148514852,0.488917874269647,0.689259164312821,262,4.23096484116185e-13,378660022
74,-0.786879658222652,0.127697543500466,0.455263157894737,0.35445912446976,0.584734680610458,0.544736842105263,0.415265319389542,0.64554087553024,268,7.18055794133555e-10,410935260
624,-0.909370289029582,0.122500553880117,0.402777777777777,0.316805593571888,0.512080410078972,0.597222222222223,0.487919589921028,0.683194406428112,282,1.14153633074502e-13,690434323
149,-0.973609005038239,0.134401673454252,0.377717391304348,0.290244547395459,0.491552482119063,0.622282608695652,0.508447517880937,0.709755452604541,231,4.35562932224476e-13,272103678
499,-0.715875431637501,0.13031915246503,0.48876404494382,0.37859195984886,0.630996737820882,0.51123595505618,0.369003262179118,0.62140804015114,263,3.94607899925615e-08,809190502
649,-1.20004352618605,0.120041507254654,0.301181102362205,0.238039046687513,0.381072171487868,0.698818897637795,0.618927828512132,0.761960953312487,280,1.57234718960767e-23,691601888
974,-0.948330085618772,0.121749589330193,0.387387387387387,0.305149061406774,0.491789118455712,0.612612612612613,0.508210881544288,0.694850938593226,283,6.74427510799889e-15,50480571
574,-0.843299454420508,0.123296296778738,0.430288461538462,0.33791673650953,0.547910594916374,0.569711538461538,0.452089405083626,0.66208326349047,283,7.94051532343791e-12,398632796
949,-1.03245361841703,0.126714161896604,0.356132075471698,0.277812511448197,0.456531113442776,0.643867924528302,0.543468886557224,0.722187488551803,257,3.70315306125525e-16,331639725
599,-0.983892042542272,0.123730680336202,0.373853211009174,0.293346809491825,0.476453872547623,0.626146788990826,0.523546127452377,0.706653190508175,272,1.83695917743987e-15,551097031
374,-0.921988752988793,0.121676599270268,0.397727272727272,0.313338718660407,0.504843398056133,0.602272727272728,0.495156601943867,0.686661281339593,285,3.5262693651967e-14,812503629
199,-0.880888804823239,0.120182326581387,0.414414414414415,0.327442819367788,0.524486404087372,0.585585585585585,0.475513595912628,0.672557180632212,295,2.30834602884938e-13,855132657
448,-1.01993197902547,0.122411301977109,0.360619469026549,0.283695521821219,0.458401319154214,0.639380530973451,0.541598680845786,0.716304478178781,276,7.94824025082393e-17,739437933
699,-1.05108714680526,0.123201751004414,0.349557522123894,0.274567501377196,0.445028856876741,0.650442477876106,0.554971143123259,0.725432498622804,271,1.44549341865708e-17,216631092
274,-0.957706835590872,0.120358695337706,0.383771929824561,0.303126356066484,0.485872941015282,0.616228070175439,0.514127058984718,0.696873643933516,289,1.76110554710989e-15,463663194
999,-0.651904222025896,0.124807134502036,0.521052631578947,0.407986288947481,0.665453355248159,0.478947368421053,0.334546644751841,0.592013711052519,293,1.75769009437639e-07,464976234
224,-0.9369350594545,0.125500414125081,0.391826923076923,0.306385443260712,0.501095404579282,0.608173076923077,0.498904595420718,0.693614556739288,267,8.29250648366634e-14,774888678
724,-0.9175169735974,0.126249320390042,0.399509803921568,0.311934797733879,0.511671299864457,0.600490196078431,0.488328700135543,0.688065202266121,265,3.66200528478891e-13,102618545
175,-0.908438756591469,0.12081225596993,0.403153153153153,0.318151871401908,0.510864400014826,0.596846846846847,0.489135599985174,0.681848128598092,290,5.50174634837209e-14,120975845
899,-0.776034840365713,0.13242535964102,0.460227272727273,0.355019068841844,0.596613424887162,0.539772727272727,0.403386575112838,0.644980931158156,250,4.62399433867415e-09,180911345
25,-0.846421051913669,0.129078600551404,0.428947368421053,0.333067382317666,0.552428291221441,0.571052631578947,0.447571708778559,0.666932617682334,258,5.47510553839884e-11,716112221
674,-1.09458813836838,0.118695461237834,0.334677419354839,0.26521168315206,0.422338012016589,0.665322580645161,0.577661987983411,0.73478831684794,290,2.92100410505368e-20,634668981
474,-0.945111170409647,0.122224638727311,0.388636363636364,0.305847991475872,0.493834281571247,0.611363636363636,0.506165718428753,0.694152008524128,281,1.05392793911031e-14,415992252
99,-1.1523565646748,0.117842722784409,0.315891472868217,0.250743679917803,0.397965853670023,0.684108527131783,0.602034146329977,0.749256320082197,292,1.38891786113031e-22,954718488
524,-0.869770716239262,0.123311101328031,0.419047619047619,0.329079461278459,0.533612478722545,0.580952380952381,0.466387521277455,0.670920538721541,281,1.74514599772527e-12,35494205
774,-0.879476758751439,0.126586319919984,0.415,0.323815494527274,0.531861516544861,0.585,0.468138483455139,0.676184505472726,266,3.71435348243156e-12,719240715
324,-0.922560344887751,0.127629574085948,0.3975,0.309527074201137,0.510476346561283,0.6025,0.489523653438717,0.690472925798863,259,4.88640492971967e-13,23851517
349,-0.848123283463371,0.125225144939668,0.428217821782178,0.335021671734763,0.547339227168109,0.571782178217822,0.452660772831891,0.664978328265237,274,1.26324523436574e-11,554538211
125,-0.88319078344781,0.124214886824757,0.413461538461538,0.324118046671282,0.527432660855071,0.586538461538461,0.472567339144929,0.675881953328718,276,1.15887790925968e-12,908794559
300,-0.804699666465693,0.131614175685601,0.447222222222222,0.345535907991349,0.578833375703431,0.552777777777778,0.421166624296569,0.654464092008651,251,9.71152700586989e-10,495866320
924,-0.79120839373616,0.130574182194013,0.453296703296703,0.350943833040939,0.585500817721136,0.546703296703297,0.414499182278864,0.649056166959062,256,1.3658344932118e-09,274272231
425,-0.990779583864895,0.128715409997143,0.371287128712871,0.288500877421976,0.477829160104133,0.628712871287129,0.522170839895867,0.711499122578024,251,1.38815537894472e-14,160357846
825,-1.04655592671206,0.11431697336241,0.351145038167939,0.280659503045641,0.439332488271069,0.648854961832061,0.560667511728931,0.719340496954359,315,5.44281614872319e-20,958256326
400,-0.855059865722692,0.127944849121299,0.425257731958763,0.330937030459113,0.546460873054381,0.574742268041237,0.453539126945619,0.669062969540887,262,2.34044135900468e-11,539418324
249,-1.04854742706668,0.123685076644631,0.350446428571429,0.275005076161942,0.446583390432215,0.649553571428571,0.553416609567785,0.724994923838058,269,2.29969469624687e-17,870751357
850,-0.819341783120613,0.127111099328487,0.440721649484536,0.343532018261525,0.565407478776847,0.559278350515463,0.434592521223153,0.656467981738475,268,1.14938191098409e-10,214317888
875,-1.08780137256389,0.123074225901888,0.336956521739131,0.264735934667829,0.428879055217775,0.663043478260869,0.571120944782225,0.735264065332171,270,9.69429454807708e-19,568076549
75,-0.788995139350073,0.129111765309163,0.454301075268817,0.352731001013146,0.585118592915262,0.545698924731183,0.414881407084738,0.647268998986854,262,9.9041731294574e-10,568392182
49,-0.615588946214071,0.12541057583432,0.540322580645161,0.422574651382584,0.69088027452628,0.459677419354839,0.30911972547372,0.577425348617416,294,9.17340974785958e-07,625769372
625,-0.906721280858005,0.133385651714347,0.403846153846154,0.310940919509401,0.524510303223055,0.596153846153846,0.475489696776945,0.689059080490599,238,1.06271357013831e-11,943859764
749,-0.904196026990809,0.119641290536034,0.404867256637169,0.320238692396297,0.511860369745884,0.595132743362832,0.488139630254116,0.679761307603703,296,4.10705993282113e-14,20170725
799,-0.994252273343867,0.129447892071887,0.37,0.287088290054464,0.476856788460541,0.63,0.523143211539459,0.712911709945536,248,1.58203976402816e-14,565423229
150,-0.911628718768343,0.123124927962748,0.401869158878505,0.315704337824761,0.511550845232164,0.598130841121495,0.488449154767836,0.684295662175239,279,1.32047425291991e-13,511533036
500,-0.980829253011728,0.123091490998279,0.375,0.294615506025612,0.47731703567488,0.625,0.52268296432512,0.705384493974388,275,1.60879089448364e-15,411245951
550,-0.525573480400546,0.138664340043098,0.591216216216216,0.450520997892817,0.775849773821591,0.408783783783784,0.224150226178409,0.549479002107183,249,0.000150491517956228,529151464
975,-0.998847758514405,0.122430296469947,0.368303571428571,0.289729737491446,0.468186392951968,0.631696428571429,0.531813607048032,0.710270262508554,277,3.39206481632186e-16,293902877
575,-0.968780914495552,0.122796307141929,0.379545454545454,0.298359168760329,0.482823278616366,0.620454545454546,0.517176721383634,0.701640831239671,277,3.03806740381176e-15,423668762
600,-0.977775815524836,0.123579419431105,0.376146788990826,0.295233997017,0.479234804587771,0.623853211009174,0.520765195412229,0.704766002983,273,2.53032110289747e-15,223595192
650,-1.01707704340407,0.128141122458578,0.361650485436893,0.281329407267657,0.464903668930373,0.638349514563107,0.535096331069628,0.718670592732343,252,2.06857249802426e-15,858302152
950,-0.871516163038077,0.125770226475215,0.418316831683168,0.326926051043539,0.535255514544907,0.581683168316832,0.464744485455093,0.673073948956461,270,4.22535304023002e-12,451938212
200,-0.798507696217772,0.127961982680806,0.45,0.350179788954099,0.578274379012044,0.55,0.421725620987956,0.649820211045901,266,4.37026358882866e-10,936708427
375,-0.820743837664654,0.12780385923611,0.440104166666666,0.342585232284728,0.565382448699308,0.559895833333334,0.434617551300692,0.657414767715272,265,1.34582207812423e-10,690078257
449,-0.918953849293639,0.131548335392777,0.398936170212766,0.308268584351,0.51627079755496,0.601063829787234,0.48372920244504,0.691731415649,244,2.83490697594529e-12,494391792
1000,-0.913935018181696,0.123759101525124,0.400943396226415,0.314585808219553,0.511007180798757,0.599056603773585,0.488992819201243,0.685414191780447,276,1.52693799527268e-13,904633731
675,-0.953678263945775,0.122990621121088,0.385321100917431,0.302784044568032,0.490357247932399,0.614678899082569,0.509642752067601,0.697215955431968,277,8.89910738969731e-15,123628620
275,-0.797350958089948,0.127267487965985,0.450520833333333,0.35106262560433,0.578156164923464,0.549479166666667,0.421843835076536,0.64893737439567,269,3.72446862674071e-10,147712243
900,-0.987797922327819,0.131945722420246,0.372395833333333,0.287536121629723,0.482299948604761,0.627604166666667,0.517700051395239,0.712463878370277,239,7.07906159626972e-14,636215384
475,-1.13497993283898,0.125988157686373,0.321428571428571,0.251097948128605,0.41145826678638,0.678571428571429,0.58854173321362,0.748902051871395,256,2.08658084340714e-19,808343945
725,-1.13094766931105,0.127016387195961,0.322727272727273,0.251604916436408,0.413954123143329,0.677272727272727,0.586045876856671,0.748395083563592,252,5.38933201043316e-19,248794308
225,-0.807713745125495,0.126844886286157,0.445876288659794,0.347731324347504,0.571722047652964,0.554123711340206,0.428277952347036,0.652268675652496,270,1.91848633491136e-10,874556075
700,-0.986799419998231,0.122133514586437,0.372767857142857,0.293412236026923,0.47358582314245,0.627232142857143,0.52641417685755,0.706587763973077,279,6.4938232715227e-16,627452160
525,-1.09044897802895,0.119558698098662,0.336065573770492,0.265861516523432,0.424807890026971,0.663934426229508,0.575192109973029,0.734138483476568,286,7.46985071044821e-20,227004534
350,-1.07557462060109,0.121184802675682,0.341101694915254,0.268986935003769,0.432550251083492,0.658898305084746,0.567449748916508,0.731013064996231,279,6.9625590363725e-19,953422975
325,-0.993487649883649,0.125711530976894,0.370283018867925,0.289419605125038,0.473739551965418,0.629716981132075,0.526260448034582,0.710580394874962,263,2.72453544640985e-15,220221617
100,-0.983836774075681,0.122609564876347,0.373873873873874,0.29400835155612,0.475434363771044,0.626126126126126,0.524565636228956,0.70599164844388,277,1.02236525045574e-15,252359596
925,-0.7339691750802,0.123322071580365,0.48,0.376937460004802,0.611241981619617,0.52,0.388758018380383,0.623062539995198,292,2.65460891139064e-09,203751245
775,-0.956876011989233,0.122507423689087,0.384090909090909,0.30210333530237,0.488329022579725,0.615909090909091,0.511670977420275,0.69789666469763,279,5.68444338423562e-15,461777457
250,-0.958850346292951,0.12543918707074,0.383333333333333,0.299779931493714,0.49017438796608,0.616666666666667,0.50982561203392,0.700220068506286,266,2.10664124186187e-14,329121830
800,-0.990585427957091,0.127454641270746,0.371359223300971,0.289270820500962,0.476742425979469,0.628640776699029,0.523257574020531,0.710729179499038,256,7.72183765911687e-15,921435948
750,-0.999877447982421,0.125873820467973,0.367924528301887,0.287484710020573,0.470871854424809,0.632075471698113,0.529128145575191,0.712515289979427,262,1.96570374864087e-15,295543348
50,-0.819341783120613,0.127111099328487,0.440721649484536,0.343532018261525,0.565407478776847,0.559278350515464,0.434592521223153,0.656467981738475,268,1.14938191098406e-10,141872788
450,-0.98679941999823,0.122133514586437,0.372767857142857,0.293412236026924,0.473585823142451,0.627232142857143,0.526414176857549,0.706587763973076,279,6.49382327152316e-16,338574486
