"rep","est_V","se_V","IRR_V","IRR_V_CI_Lower","IRR_V_CI_Upper","VE","VE_CI_Lower","VE_CI_Upper","n_event","p_val","n_calendar_group","seed"
26,-0.447578622532382,0.21417454646712,0.63917396079932,0.420061974602458,0.97257875471954,0.36082603920068,0.0274212452804595,0.579938025397542,150,0.0366371728074572,8,239409598
101,-1.05690075769613,0.221343239199764,0.34753122646063,0.225209199150164,0.536292273233023,0.65246877353937,0.463707726766977,0.774790800849836,168,1.79760554470668e-06,7,360910790
126,-0.488041558688164,0.205478163086692,0.61382736265278,0.410339112311022,0.918225974168602,0.38617263734722,0.0817740258313978,0.589660887688978,175,0.0175417968464721,8,273086869
351,-0.740429622449106,0.224538074654768,0.476908980697598,0.30712017394028,0.740564102162329,0.523091019302402,0.259435897837671,0.69287982605972,153,0.00097525974856694,9,875835440
226,-0.566742467261192,0.196506354589278,0.567370660133629,0.386011605082208,0.83393727479233,0.432629339866371,0.16606272520767,0.613988394917792,197,0.00392543661279843,7,575907275
151,-0.582680045210519,0.236035562247217,0.558399822609446,0.351585889480054,0.886868248186478,0.441600177390554,0.113131751813522,0.648414110519946,139,0.013563848150855,8,81744084
426,-0.565598749761563,0.223968930909634,0.568019943113777,0.366202145477364,0.88106162063685,0.431980056886223,0.11893837936315,0.633797854522636,158,0.0115584859591268,8,370321162
301,-0.597300204460022,0.210245367677018,0.550295317218082,0.364447214931323,0.830915764328765,0.449704682781918,0.169084235671235,0.635552785068677,173,0.00449769307519301,8,785687066
401,-0.8845944569497,0.208256491468405,0.412881580586924,0.274509426013685,0.621003081983269,0.587118419413076,0.378996918016731,0.725490573986315,165,2.16053360533662e-05,7,293612732
451,-0.741828288859869,0.212353499808736,0.476242410388722,0.314103257850006,0.722077303512615,0.523757589611278,0.277922696487385,0.685896742149994,150,0.000476974039916192,8,871756694
501,-0.846294436168821,0.221736249993375,0.429001683350096,0.277790096172923,0.662523419131006,0.570998316649904,0.337476580868994,0.722209903827077,161,0.000135264041464868,8,883937936
376,-1.04905572678256,0.222331357805919,0.350268342015862,0.226543753457617,0.541563868109451,0.649731657984138,0.458436131890549,0.773456246542383,156,2.37667630953565e-06,9,598064424
76,-0.732017915012131,0.202758545108121,0.480937519207109,0.323221523042038,0.715611062048629,0.519062480792891,0.284388937951371,0.676778476957962,176,0.000305850385613803,8,151266200
476,-0.511731843597925,0.219451603491721,0.59945651439675,0.389906199538173,0.921627081278352,0.40054348560325,0.078372918721648,0.610093800461827,160,0.019707715055879,8,422373346
326,-0.752896875024137,0.222087887412762,0.471000145982508,0.304775104774102,0.727884705937422,0.528999854017492,0.272115294062578,0.695224895225898,145,0.000698708877091078,10,495305746
51,-0.945518366810915,0.231047750822017,0.388478144523002,0.247000816391457,0.610990971515082,0.611521855476998,0.389009028484918,0.752999183608543,156,4.27102375006259e-05,9,549322635
251,-0.804728782362335,0.203412532707364,0.447209201135785,0.300168882673691,0.666278488959563,0.552790798864215,0.333721511040437,0.699831117326309,175,7.61700230715267e-05,9,214760942
201,-0.75482698446941,0.208513996692471,0.470091940901571,0.312388739044392,0.707408447489534,0.529908059098429,0.292591552510466,0.687611260955608,171,0.000294568527713233,9,495982523
776,-1.01665421978581,0.219976632400235,0.361803432136149,0.235086794029362,0.556822955734159,0.638196567863851,0.443177044265841,0.764913205970638,167,3.80706451543157e-06,8,694863446
651,-0.895138391079271,0.221077437548406,0.408551054906939,0.264889583339613,0.630126569573607,0.591448945093061,0.369873430426393,0.735110416660387,165,5.14410736931503e-05,8,562735150
176,-0.533047690704962,0.221667228121527,0.58681381461311,0.380029090830041,0.906116035140037,0.41318618538689,0.0938839648599628,0.619970909169959,175,0.0161848463844264,8,298449096
276,-0.623584835248177,0.242609074065307,0.536019447860261,0.333174173319738,0.862362306242413,0.463980552139739,0.137637693757587,0.666825826680262,140,0.0101602339839857,8,684727582
1,-0.468513136761268,0.204653990465054,0.625932252387793,0.419107601154004,0.934822426270643,0.374067747612207,0.0651775737293567,0.580892398845996,178,0.0220622805381265,7,460679373
826,-0.530218311879489,0.227964221107973,0.588476484246607,0.376431203444091,0.919967763944098,0.411523515753393,0.0800322360559019,0.623568796555909,161,0.0200247451020011,8,495341317
526,-0.465539498702575,0.206661715575001,0.627796318511053,0.418704851816608,0.941303201589503,0.372203681488947,0.0586967984104967,0.581295148183392,174,0.0242803144084304,9,88679712
551,-0.588630593241888,0.220821653138689,0.555086904259776,0.360078548735465,0.855706268431632,0.444913095740224,0.144293731568368,0.639921451264535,148,0.00768423830576663,8,981426709
926,-0.631629994840675,0.20092328767368,0.531724386251909,0.358641354513566,0.788338598928292,0.468275613748091,0.211661401071708,0.641358645486434,183,0.00166861965533583,8,205432911
701,-0.817219359123738,0.235550942538361,0.441658041047795,0.278345891954306,0.700789308771969,0.558341958952205,0.299210691228031,0.721654108045694,153,0.000521631120754027,8,975800131
676,-0.664775741756642,0.214280382781484,0.514388870717388,0.337983711799767,0.782865863295404,0.485611129282612,0.217134136704596,0.662016288200233,165,0.00191981748944013,8,996312847
601,-0.796915537554345,0.214188933975864,0.45071704206944,0.296200664411223,0.685838610172033,0.54928295793056,0.314161389827967,0.703799335588777,159,0.000198734627691241,7,870569546
951,-0.598893255316444,0.21954280008762,0.549419366693819,0.357296526131735,0.84484907750528,0.450580633306181,0.15515092249472,0.642703473868265,172,0.00637367703374316,8,13295871
576,-0.877779330428594,0.228382787779153,0.415705030954454,0.265696295384485,0.650406783093352,0.584294969045546,0.349593216906648,0.734303704615515,145,0.000121313466481404,8,164454459
751,-0.348971039229175,0.220063978418256,0.70541355929456,0.458273775102748,1.08583191243063,0.29458644070544,-0.0858319124306273,0.541726224897252,162,0.112791303454552,9,284276765
976,-0.850121055766844,0.211923859354436,0.427363194038028,0.282102672461032,0.647421373307318,0.572636805961972,0.352578626692682,0.717897327538968,167,6.03480564484864e-05,7,512105354
626,-0.931508589763879,0.214557916594417,0.393958939428313,0.258713403827905,0.599905701286054,0.606041060571687,0.400094298713946,0.741286596172095,167,1.41497082036557e-05,8,27042058
851,-0.585961871853852,0.196619024827994,0.556570254997936,0.378579919972723,0.818243209441182,0.443429745002064,0.181756790558818,0.621420080027277,191,0.00288070505453196,9,390816719
726,-0.84317079812626,0.218530430036984,0.430343824418696,0.280415577577141,0.660433378257537,0.569656175581304,0.339566621742463,0.719584422422859,161,0.000114146732286604,8,982298057
801,-0.389481048539861,0.212411316919319,0.677408325336858,0.446730587048933,1.02720085111482,0.322591674663142,-0.0272008511148194,0.553269412951067,175,0.0667108341713048,7,153294632
876,-0.500127007499387,0.244198784738924,0.606453630661979,0.375781346257046,0.978723424689416,0.393546369338021,0.0212765753105836,0.624218653742954,160,0.0405568310901332,8,571535264
901,-0.844125858729012,0.243237088005138,0.429933016190959,0.266905186357288,0.692539552841882,0.570066983809041,0.307460447158118,0.733094813642712,133,0.000519716681429019,7,716669430
27,-0.369517221010233,0.215157426249964,0.691067883169296,0.453292336379537,1.05356914472126,0.308932116830704,-0.053569144721263,0.546707663620463,164,0.0859011412516626,7,900941518
427,-0.898809173514682,0.205971540297465,0.407054102045661,0.271849690377232,0.609502412021423,0.592945897954339,0.390497587978577,0.728150309622768,178,1.27849224593728e-05,7,468121085
402,-0.555113011831911,0.218836922214452,0.574007387904343,0.373803321639254,0.881438077981399,0.425992612095657,0.118561922018601,0.626196678360746,164,0.0111918298315832,7,53237723
502,-1.17275936088071,0.22457654164267,0.309511707361232,0.199304535619464,0.480658890656525,0.690488292638768,0.519341109343475,0.800695464380536,156,1.76913034564747e-07,8,13148563
327,-0.925724978629967,0.217505096289794,0.396244046452145,0.258715278232711,0.606880836034515,0.603755953547855,0.393119163965485,0.74128472176729,170,2.08017115902988e-05,8,62193649
352,-0.737781012388158,0.205864016776865,0.478173800890367,0.319414045035115,0.715842610592794,0.521826199109632,0.284157389407206,0.680585954964885,176,0.000338596453992148,8,499712283
252,-0.972477483509451,0.217181039507141,0.37814502855916,0.247054949602937,0.578792948102538,0.62185497144084,0.421207051897462,0.752945050397063,153,7.5441861830533e-06,8,876152953
102,-0.717046555829273,0.219474650724329,0.488191976593645,0.317521747551973,0.750598684492939,0.511808023406355,0.249401315507061,0.682478252448027,169,0.00108653675846245,7,117282521
127,-0.740008743199901,0.226622740208678,0.477109744036932,0.305996641651008,0.743909170462742,0.522890255963068,0.256090829537258,0.694003358348992,147,0.00109318370153068,8,754645720
52,-0.613129466680695,0.204931938861353,0.541653128530614,0.362479018583953,0.809393362388643,0.458346871469386,0.190606637611357,0.637520981416047,183,0.00277275431584928,9,579455409
152,-0.525069503738522,0.203403368468912,0.59151425048625,0.397034230030823,0.881256783580465,0.40848574951375,0.118743216419535,0.602965769969177,167,0.00983948210850251,8,404592652
227,-0.74053602765712,0.215428977066402,0.476858237798006,0.31261931835823,0.727382364436126,0.523141762201994,0.272617635563874,0.68738068164177,166,0.000587121597999437,8,381371179
202,-0.693636909028976,0.205838465595158,0.499755195714192,0.33384686197491,0.748113234211261,0.500244804285808,0.251886765788739,0.66615313802509,179,0.000752195132154036,8,280877589
377,-0.550918621465726,0.220206794804878,0.576420055259491,0.374367999881197,0.887522652071745,0.423579944740509,0.112477347928255,0.625632000118802,155,0.0123555366196548,8,996590116
177,-0.978098573406444,0.208177503000106,0.376025404240034,0.250043848705409,0.565481236054987,0.623974595759966,0.434518763945013,0.749956151294591,173,2.62223590170711e-06,8,392733831
302,-0.546638591664472,0.214723145849179,0.578892437434511,0.38003640653645,0.88180092316163,0.421107562565489,0.11819907683837,0.61996359346355,167,0.0109032860821331,8,847407755
527,-0.471215173109733,0.223613218105703,0.624243243599355,0.402729955575346,0.967595337234703,0.375756756400645,0.032404662765297,0.597270044424654,149,0.03509350543459,8,755595397
77,-0.559753347815299,0.220048274238188,0.571349971189172,0.371190437227112,0.879442886558349,0.428650028810828,0.120557113441651,0.628809562772888,165,0.0109661627533501,8,571305389
477,-0.450807645603849,0.222617363937323,0.637113381951937,0.411836167154797,0.985618782018395,0.362886618048063,0.0143812179816045,0.588163832845203,174,0.0428639124794407,8,591667812
452,-0.841141076796505,0.215284647215331,0.43121818951681,0.282778540026317,0.657578637165501,0.56878181048319,0.342421362834499,0.717221459973683,161,9.34061361201132e-05,8,270132375
602,-0.73356124117669,0.215581135255833,0.480195848217533,0.314713523858241,0.732691909195557,0.519804151782467,0.267308090804443,0.685286476141759,158,0.000667197487296551,8,511313638
702,-1.08785328622873,0.216405641263515,0.336939029545244,0.220468478457282,0.51493941639774,0.663060970454756,0.48506058360226,0.779531521542718,158,4.9842687734621e-07,8,613339007
677,-0.409548609216642,0.247074169349592,0.663949883363355,0.409096142775794,1.0775693083467,0.336050116636645,-0.0775693083466953,0.590903857224206,141,0.097399483600485,8,582844718
777,-0.319642450779751,0.219488470507425,0.726408717517184,0.472445941557323,1.11688889345859,0.273591282482816,-0.116888893458592,0.527554058442677,169,0.145307954159584,8,154016537
977,-0.874714584116506,0.219393860697067,0.41698101570102,0.271248840304437,0.641009809516261,0.58301898429898,0.358990190483739,0.728751159695563,153,6.69252555182253e-05,8,782882232
652,-0.899534372279461,0.201530255417432,0.406759013925362,0.274027609055843,0.603781845119905,0.593240986074638,0.396218154880095,0.725972390944157,178,8.06239818873936e-06,8,908575054
277,-0.464524387849791,0.219835459140294,0.628433924933159,0.40844665109324,0.966905217486388,0.371566075066841,0.0330947825136122,0.59155334890676,160,0.0345960716559751,7,488440351
552,-0.746158607352525,0.218719699484513,0.474184587801262,0.308867980469688,0.727984244162595,0.525815412198738,0.272015755837405,0.691132019530312,165,0.000646104533511924,9,619623579
727,-1.10929532401859,0.218633931733405,0.329791275202995,0.214851119961542,0.506221634867372,0.670208724797005,0.493778365132628,0.785148880038458,149,3.90038186317753e-07,9,784833543
827,-0.76362372901271,0.199869343809934,0.465974797464737,0.314943996612711,0.689432134625865,0.534025202535263,0.310567865374135,0.685056003387289,188,0.000133119543212978,8,455753468
852,-1.02094231270445,0.227974996520395,0.360255307025239,0.230439921387224,0.563200531655121,0.639744692974761,0.436799468344879,0.769560078612776,149,7.52369007734321e-06,7,539319675
927,-0.731832213478115,0.224877007551368,0.481026838335284,0.309566282692282,0.747454849366929,0.518973161664716,0.252545150633071,0.690433717307718,155,0.00113645536235566,8,340195919
2,-0.523262807564976,0.190258088680288,0.592583902996791,0.40813315025832,0.860394902665106,0.407416097003209,0.139605097334894,0.59186684974168,187,0.00595445595758325,7,636487717
877,-0.333799185688783,0.228580538573729,0.716197590513178,0.457577591902515,1.12098799795721,0.283802409486822,-0.12098799795721,0.542422408097485,167,0.144204006340425,8,823163365
577,-0.390478091930041,0.232050683390874,0.676733256436045,0.429433202308394,1.06644734944749,0.323266743563955,-0.0664473494474884,0.570566797691606,154,0.0924278342163694,8,377787586
752,-0.518479182906498,0.243828860127229,0.595425392859373,0.369215436281586,0.960229079348002,0.404574607140627,0.0397709206519976,0.630784563718414,148,0.0334694577751326,7,323452305
627,-0.856346227903289,0.227887114208817,0.424711048187414,0.271716302015332,0.663852235271012,0.575288951812587,0.336147764728988,0.728283697984668,148,0.000171437750884744,7,9513983
952,-0.940334539487988,0.214031030631626,0.390497176778932,0.25670501596831,0.594020512209787,0.609502823221068,0.405979487790213,0.74329498403169,168,1.11566078560668e-05,8,560057473
802,-0.838260369187812,0.207189841646582,0.432462193982644,0.288129572134456,0.649095293616746,0.567537806017356,0.350904706383254,0.711870427865544,178,5.21321604879071e-05,7,258802175
902,-0.784917847772333,0.213306565317169,0.456157174574439,0.300294675888235,0.692917273009459,0.543842825425561,0.307082726990541,0.699705324111765,151,0.000233449780868749,8,165519227
28,-0.976378930139641,0.221885841005519,0.376672590099498,0.24383410384794,0.581880212378926,0.623327409900502,0.418119787621074,0.75616589615206,157,1.08068402437601e-05,8,293050612
128,-0.996296561310077,0.216522800427779,0.369244386061892,0.241551288914588,0.564440857471201,0.630755613938108,0.435559142528799,0.758448711085412,172,4.19767226841359e-06,8,716477247
153,-0.852862775790747,0.208813373091293,0.426193088595193,0.283050637417843,0.64172457063988,0.573806911404807,0.35827542936012,0.716949362582157,172,4.42041269478056e-05,9,949052428
178,-0.762097807151903,0.217634285292293,0.466686381367417,0.304631275007848,0.714950159166038,0.533313618632583,0.285049840833962,0.695368724992152,165,0.000462237427448584,7,977673975
378,-0.772476752791954,0.220708592265069,0.461867718361414,0.299674724352753,0.711844449761711,0.538132281638586,0.288155550238289,0.700325275647247,157,0.000465284414423774,8,846483841
78,-0.702567121823707,0.218989494986419,0.495312143698434,0.322459205606851,0.760822192169802,0.504687856301566,0.239177807830198,0.677540794393149,157,0.00133557923100354,8,652262528
103,-0.262610559772094,0.226749596675562,0.769041334633535,0.493105760914482,1.19938686840347,0.230958665366465,-0.199386868403467,0.506894239085518,161,0.246801902999968,8,956402233
303,-0.883353811623467,0.224570485771552,0.413394138075449,0.266200930981491,0.641976392663428,0.586605861924551,0.358023607336572,0.733799069018509,159,8.37088307937841e-05,8,44409551
353,-0.832768013701849,0.23199260515263,0.434843964865057,0.275969434357106,0.685181944950035,0.565156035134943,0.314818055049965,0.724030565642894,157,0.000331145473483812,8,282700330
428,-0.733947480755946,0.242546129406098,0.480010413388597,0.298397389510058,0.772158219412727,0.519989586611403,0.227841780587273,0.701602610489942,144,0.00247802526731375,9,881702777
403,-0.694358485811907,0.244511647653254,0.499394714041059,0.309253945652127,0.806441062170602,0.500605285958941,0.193558937829398,0.690746054347873,143,0.00451451199699493,7,877897880
603,-0.621616253000101,0.214608233731336,0.537075685534204,0.352663596128709,0.817919102392303,0.462924314465796,0.182080897607697,0.647336403871291,165,0.00377331006691199,7,317875646
53,-0.835809017612438,0.215374512697372,0.433523611285126,0.284240290374677,0.661210700615162,0.566476388714874,0.338789299384838,0.715759709625323,160,0.00010414602035597,6,699903380
328,-1.02065908584726,0.205026651181395,0.360357355454379,0.241109537082685,0.538582692336805,0.639642644545621,0.461417307663195,0.758890462917315,172,6.41857421547646e-07,8,735965542
503,-0.67567175972027,0.212896854355545,0.508814504688397,0.335228822973767,0.772285025746603,0.491185495311603,0.227714974253397,0.664771177026233,164,0.00150506700786811,8,378806064
778,-0.956578969076523,0.21074080361975,0.384205017520002,0.254202685886947,0.580692115712713,0.615794982479998,0.419307884287287,0.745797314113053,171,5.64879926155099e-06,9,51335793
253,-0.742264019797162,0.200080458497897,0.476034942040336,0.321610365082258,0.704608093042604,0.523965057959664,0.295391906957396,0.678389634917742,177,0.000207400377770281,8,667962438
653,-0.784469849707204,0.214709382521552,0.456361577888769,0.299604350447325,0.695136400596904,0.543638422111231,0.304863599403096,0.700395649552675,152,0.000258553113920668,7,148568694
228,-0.46322779187173,0.219755768291576,0.629249278310431,0.4090404683888,0.968008509803086,0.370750721689569,0.0319914901969143,0.5909595316112,163,0.0350378261645595,7,723930041
828,-0.814463239733364,0.21245443406549,0.442876982340899,0.292039480442813,0.671621594415858,0.557123017659102,0.328378405584142,0.707960519557187,164,0.000126286455018937,7,744833341
528,-0.623773058863835,0.210255324326815,0.535918565836209,0.354918915690114,0.809223449388382,0.464081434163791,0.190776550611618,0.645081084309886,161,0.00300974528989512,8,713137233
703,-0.429839230721408,0.235125111006421,0.65061368500842,0.410378251416224,1.03148294447726,0.34938631499158,-0.0314829444772584,0.589621748583776,149,0.0675300680422136,8,457587098
203,-0.507711609795887,0.224456138405245,0.601871320529001,0.38765575708642,0.934460742174837,0.398128679470999,0.0655392578251635,0.61234424291358,145,0.0236996537183444,8,987960663
453,-0.744587216262888,0.222779119133812,0.474930302989029,0.306902163985226,0.734953412410964,0.525069697010971,0.265046587589036,0.693097836014774,167,0.000830971969745714,8,831099289
478,-0.459847578381697,0.21486292355196,0.631379874115256,0.41438028243872,0.962016201861028,0.368620125884744,0.0379837981389723,0.58561971756128,177,0.0323393781405947,9,312339997
678,-0.922604570017325,0.22835922290207,0.397482420899716,0.25406111709002,0.621867197680308,0.602517579100284,0.378132802319692,0.74593888290998,144,5.3417968315555e-05,8,70912063
878,-0.894958702078401,0.209272369192367,0.40862447363387,0.271138638250513,0.615825031540823,0.59137552636613,0.384174968459177,0.728861361749487,178,1.8983250056286e-05,8,43363697
3,-0.440679435492092,0.221817634129654,0.643598988500896,0.416681136847843,0.994092655916496,0.356401011499104,0.00590734408350413,0.583318863152157,169,0.0469584803600148,8,203031666
553,-0.49845526139409,0.197664652946484,0.607468315068119,0.412354912567984,0.894903255823005,0.392531684931881,0.105096744176995,0.587645087432016,181,0.0116782031673635,8,433062542
728,-0.999556385231066,0.228882330005314,0.368042674128331,0.235002880200888,0.576398935467265,0.631957325871669,0.423601064532735,0.764997119799112,144,1.25896109897688e-05,8,535065469
928,-0.722145969402605,0.211637759691325,0.485708820502749,0.320796486240201,0.735397887548958,0.51429117949725,0.264602112451042,0.679203513759799,156,0.000644457233233502,8,186535043
978,-0.795097518197441,0.205240391279054,0.451537199681718,0.301990024600405,0.675140985091116,0.548462800318282,0.324859014908884,0.698009975399595,190,0.000107071460131437,9,200401275
278,-0.764256429740158,0.204666588929028,0.465680068118976,0.311799298288262,0.695504855314995,0.534319931881024,0.304495144685005,0.688200701711738,179,0.000188347708652524,9,448834555
853,-0.24709189535799,0.241144085849651,0.781068913625874,0.486885829997048,1.25300144355485,0.218931086374126,-0.253001443554852,0.513114170002952,140,0.305521301358369,6,720516193
903,-0.466946700041671,0.225723650284363,0.626913503985536,0.402783160524546,0.975762097322019,0.373086496014464,0.024237902677981,0.597216839475454,171,0.0385774983794652,8,805187175
578,-0.769765668600617,0.224886140419481,0.463121579524754,0.298037964051483,0.71964522407103,0.536878420475246,0.28035477592897,0.701962035948517,157,0.0006195392816364,10,706055396
753,-0.686495397337808,0.225137546939306,0.503336977733273,0.323758671779909,0.782521474284683,0.496663022266727,0.217478525715317,0.676241328220091,146,0.00229431353856169,7,894975579
29,-0.946860578135928,0.212862268778311,0.387957074529154,0.255620090405056,0.588806190619523,0.612042925470846,0.411193809380477,0.744379909594944,162,8.65803230353527e-06,8,955292349
628,-0.634905514861387,0.222680173272076,0.529985561711196,0.342545550985187,0.819992245745088,0.470014438288804,0.180007754254912,0.657454449014813,171,0.00435546845381374,9,734841214
803,-0.467051579386603,0.202514583329995,0.626847757155712,0.421484249885731,0.932272346493793,0.373152242844288,0.0677276535062067,0.578515750114269,168,0.0210960270289707,7,397918004
953,-0.897234717120776,0.231551356284734,0.407695495770021,0.25896378948105,0.641848876262781,0.592304504229979,0.358151123737219,0.74103621051895,158,0.000106675367839931,9,730204309
154,-0.909938772462382,0.226539616281658,0.402548870355214,0.258218730281055,0.627551660748555,0.597451129644786,0.372448339251445,0.741781269718945,154,5.90219871963524e-05,8,999857107
104,-0.619414126597804,0.210624456890337,0.538259697274633,0.356211552380386,0.813346731104313,0.461740302725367,0.186653268895687,0.643788447619614,170,0.00327317043258772,8,873677153
404,-0.845508543616118,0.211936768346196,0.429338965094384,0.283399709557967,0.650430966340186,0.570661034905616,0.349569033659814,0.716600290442033,172,6.62300978630163e-05,8,998264488
54,-0.793779263875258,0.217849012718486,0.452132833058704,0.295007209820612,0.692946110889955,0.547867166941296,0.307053889110045,0.704992790179388,160,0.000268733140185545,7,697336663
329,-0.729752649595191,0.221099725459686,0.482028205217329,0.312515832062849,0.743486143058225,0.517971794782671,0.256513856941775,0.687484167937151,169,0.000964924837182389,8,508754693
129,-0.702606721995938,0.208844983363505,0.495292529640598,0.328921760101405,0.745814718497654,0.504707470359403,0.254185281502346,0.671078239898595,180,0.000767520022003636,9,55161673
254,-1.06435589041592,0.220088669206369,0.344949968807587,0.224086810469353,0.531001716393426,0.655050031192413,0.468998283606574,0.775913189530647,161,1.32456476430374e-06,9,169270033
229,-0.274575663244114,0.241853752028837,0.75989450599019,0.473028183950409,1.22072992651663,0.24010549400981,-0.220729926516625,0.526971816049591,141,0.256251203359778,6,511704589
704,-0.934022415898684,0.217122813119885,0.392969838884607,0.256769801410264,0.601415327755989,0.607030161115393,0.398584672244011,0.743230198589736,158,1.6940387610543e-05,9,163431151
79,-0.583156431642085,0.217340473253403,0.558133871863259,0.364533825686552,0.854552847967888,0.441866128136741,0.145447152032112,0.635466174313448,165,0.00729329318808627,8,267659997
829,-0.655819330659124,0.215840739547792,0.519016642083362,0.339983087053571,0.792328456965398,0.480983357916638,0.207671543034602,0.660016912946429,153,0.00237805745779422,7,567908233
529,-0.614096887035857,0.207657954993634,0.541129375654081,0.360198864043973,0.812942600396509,0.458870624345919,0.187057399603491,0.639801135956027,187,0.00310394402997114,8,718234196
179,-0.90290208869735,0.213232462143047,0.405391468960359,0.266913662357245,0.6157131173221,0.594608531039641,0.3842868826779,0.733086337642755,152,2.29207919222455e-05,10,2660004
354,-0.931669334533322,0.220547256397339,0.393895617678881,0.255653053372705,0.606891862153648,0.606104382321119,0.393108137846352,0.744346946627295,157,2.39628826572674e-05,9,178245461
429,-0.28439065216359,0.229785248025728,0.752472632219809,0.479619852664494,1.18054967719589,0.247527367780191,-0.180549677195888,0.520380147335506,153,0.215850806260313,8,521078774
679,-1.00798502741569,0.226008435813327,0.364953610712293,0.234346750244536,0.56835069329085,0.635046389287707,0.43164930670915,0.765653249755464,152,8.19809689828206e-06,8,531355941
479,-0.817287285377163,0.208893075548886,0.441628041890648,0.29325574815978,0.665069068920359,0.558371958109352,0.334930931079641,0.70674425184022,166,9.13579878411787e-05,10,931043318
454,-0.660030097781164,0.208978103436705,0.516835778647439,0.343139004124157,0.778457764578267,0.483164221352561,0.221542235421733,0.656860995875843,183,0.00158654247372692,8,787718701
304,-0.826010874476993,0.208793057962019,0.437792215729697,0.290765625115157,0.659163283409481,0.562207784270303,0.340836716590519,0.709234374884843,173,7.61761707424953e-05,8,625591522
379,-0.702640015632491,0.198117133725017,0.495276039825633,0.335899771557867,0.730272469337191,0.504723960174367,0.269727530662809,0.664100228442133,190,0.000390253135325323,9,232072479
604,-0.495309585787529,0.223340463814788,0.609382222015567,0.393352606759503,0.944055501672758,0.390617777984433,0.0559444983272418,0.606647393240497,150,0.0265730217283895,7,786302474
504,-0.472282822150597,0.204980306116963,0.623577126551947,0.417263718053758,0.931900896086743,0.376422873448053,0.0680991039132566,0.582736281946242,179,0.0212203989435026,8,419180511
779,-1.00176014247907,0.213209524223656,0.367232490469592,0.241800292501547,0.557731757316365,0.632767509530408,0.442268242683635,0.758199707498453,154,2.62108117475452e-06,9,42489483
554,-0.496881134930639,0.203331060083362,0.608425300028644,0.408443089722406,0.90632294934047,0.391574699971356,0.0936770506595297,0.591556910277594,179,0.014537306629139,8,819547454
654,-0.86585625392615,0.23033870490171,0.420691179889576,0.267854375867998,0.66073614912344,0.579308820110424,0.33926385087656,0.732145624132002,157,0.000170555180191121,9,459251960
204,-0.708600695127683,0.222850371450924,0.492332639139482,0.318103207454789,0.761989888443668,0.507667360860518,0.238010111556332,0.681896792545211,158,0.00147419903552578,7,75372392
279,-0.701847633013291,0.223727073602627,0.49566864347691,0.319708818494753,0.768472403366852,0.50433135652309,0.231527596633148,0.680291181505247,152,0.00170645010293933,9,454167256
854,-0.357631862292757,0.217842764473555,0.699330477542436,0.456304086684546,1.07179210331691,0.300669522457564,-0.0717921033169111,0.543695913315454,173,0.100652766696214,8,798811755
879,-0.784164375590619,0.224560579922542,0.456501005833348,0.293964865294392,0.708905018693857,0.543498994166652,0.291094981306143,0.706035134705608,153,0.000479427595008946,8,521007078
729,-0.566124437764571,0.221850535729065,0.567721420316014,0.367532511437913,0.876949932468979,0.432278579683986,0.123050067531021,0.632467488562087,148,0.0107159365634647,9,316278756
579,-0.957049443291908,0.215018551285656,0.384024301480289,0.251961732081954,0.585305803817288,0.615975698519711,0.414694196182712,0.748038267918046,160,8.54678772014782e-06,8,889206860
4,-0.631370487521791,0.235482651480715,0.531862390527556,0.335240195224872,0.843805744319944,0.468137609472444,0.156194255680056,0.664759804775128,148,0.00733638692181958,8,738858444
30,-1.07173686097864,0.25270204944832,0.342413276384562,0.208665293609742,0.561889568773676,0.657586723615438,0.438110431226324,0.791334706390258,125,2.22418378569543e-05,9,23160353
754,-0.67044807467141,0.215347676141314,0.51147934549412,0.335369703187289,0.780067842684631,0.48852065450588,0.219932157315369,0.664630296812711,161,0.00184989938269666,7,906937481
929,-0.530627075571203,0.213148613098858,0.588235985583328,0.387363914367246,0.893272609815531,0.411764014416672,0.106727390184469,0.612636085632754,169,0.0127933718901787,8,452446291
979,-0.69173108721741,0.221113249612923,0.500708548238083,0.324618350461249,0.772319401914456,0.499291451761917,0.227680598085544,0.675381649538751,155,0.00175759733491275,7,543884850
954,-0.631933570670703,0.22185942219994,0.531562992078931,0.344118209691292,0.821110904887566,0.468437007921069,0.178889095112434,0.655881790308708,161,0.00439463867141828,8,333211182
804,-0.723863876145014,0.209972174179911,0.484875134347725,0.321293007806398,0.731742957974335,0.515124865652275,0.268257042025665,0.678706992193602,163,0.000565951994732379,7,427582384
904,-1.11081388256164,0.216243433231681,0.329290847904853,0.215532574392205,0.503090833576657,0.670709152095147,0.496909166423343,0.784467425607795,163,2.79355643759779e-07,8,253254070
155,-0.973224844693296,0.237062043773488,0.377862523222862,0.237435822615292,0.601341806319127,0.622137476777138,0.398658193680873,0.762564177384708,151,4.03687090256038e-05,7,550214336
629,-0.878819143752636,0.208633367265619,0.415272999979105,0.275895521680609,0.625061485091029,0.584727000020895,0.374938514908971,0.724104478319391,164,2.52822081565711e-05,8,824142890
255,-0.905354015309591,0.210064824159803,0.404398696429308,0.267918217109423,0.610403829340695,0.595601303570692,0.389596170659305,0.732081782890577,171,1.63343750832763e-05,8,655547965
705,-0.906691357620425,0.2114733183552,0.403858238411365,0.266822550796368,0.611273208527288,0.596141761588635,0.388726791472712,0.733177449203632,162,1.80697160353062e-05,8,520106460
80,-0.957342218065046,0.212780809061417,0.383911885309656,0.25299515505285,0.582573747909227,0.616088114690344,0.417426252090773,0.74700484494715,150,6.82114696550244e-06,8,212808623
405,-0.784778151413272,0.216131641647677,0.456220902522064,0.298678246112105,0.696861973067585,0.543779097477936,0.303138026932415,0.701321753887896,157,0.000282304124597709,8,252454167
430,-0.83760127842299,0.216287574889122,0.432747319772399,0.28322401118208,0.661208920771205,0.567252680227601,0.338791079228795,0.71677598881792,149,0.000107668180089907,7,952600120
680,-0.66290937868254,0.21991726874515,0.515349803557273,0.334894639693957,0.793041716849289,0.484650196442727,0.206958283150711,0.665105360306043,165,0.00257523729791931,7,366650203
105,-0.440628746208679,0.217212026838222,0.643631612899276,0.42048078516531,0.985209473865633,0.356368387100724,0.0147905261343673,0.57951921483469,178,0.0425026019518549,9,453760784
180,-0.595341947777531,0.210149936338838,0.551373992517219,0.365229902305098,0.832388798687184,0.448626007482781,0.167611201312816,0.634770097694902,176,0.00461221883701214,8,869516305
130,-0.747194029602597,0.234223364148791,0.473693860627171,0.299313611411415,0.749668124138361,0.526306139372829,0.250331875861639,0.700686388588585,139,0.00142227615246321,8,500518758
780,-1.06725112011501,0.232603679966753,0.343952703765499,0.21802491024954,0.542614430122655,0.656047296234501,0.457385569877345,0.78197508975046,162,4.46910122422779e-06,8,800437854
230,-0.917279805172422,0.214933146993644,0.399604566269402,0.262227971752623,0.608950327900171,0.600395433730598,0.391049672099829,0.737772028247377,168,1.97459095775286e-05,8,607071068
505,-0.396426871139973,0.224350770656538,0.672719470110452,0.433377415399046,1.04424335321901,0.327280529889548,-0.0442433532190085,0.566622584600954,152,0.077228930447385,7,29645877
55,-0.681815084015595,0.209709411655189,0.505698273988467,0.335263671351836,0.762774992243473,0.494301726011533,0.237225007756527,0.664736328648164,174,0.00114903864852579,7,620726435
330,-0.596250603775633,0.214094325390167,0.550873210785339,0.362088083983242,0.838086940124197,0.449126789214661,0.161913059875803,0.637911916016758,146,0.00535293364953605,9,546786576
205,-0.577980514774217,0.218620971099644,0.561030215536088,0.365507037915586,0.861145942741496,0.438969784463912,0.138854057258504,0.634492962084414,153,0.00819917257236354,7,331023067
355,-0.642684649520967,0.204130246339094,0.52587872717882,0.352476057683834,0.78458785971578,0.47412127282118,0.21541214028422,0.647523942316166,171,0.00164164180099588,7,76787686
305,-0.554702473140611,0.22433108349954,0.574243088524971,0.369951516871367,0.891346864874065,0.425756911475029,0.108653135125935,0.630048483128633,156,0.0134098325061695,7,639656121
830,-1.0739765249799,0.217182115285874,0.341647243843849,0.22320924054819,0.522930139179872,0.658352756156151,0.477069860820128,0.77679075945181,168,7.61241329919167e-07,8,154358138
530,-0.749280222016195,0.212405222916898,0.47270667417724,0.311739676682055,0.716789092071866,0.52729332582276,0.283210907928134,0.688260323317945,156,0.000419348627534062,8,999791572
605,-1.02509558500794,0.251543299955919,0.358762171481977,0.219125337949483,0.587382074984574,0.641237828518023,0.412617925015426,0.780874662050517,140,4.59698462445532e-05,8,927638004
455,-0.528809585544704,0.218117721835634,0.589306070760357,0.384307423471386,0.903655833390031,0.410693929239643,0.0963441666099693,0.615692576528614,153,0.0153327414366954,7,463374455
480,-0.572477185258996,0.225831139930858,0.564126261145707,0.362366884930753,0.878221635994825,0.435873738854293,0.121778364005175,0.637633115069247,147,0.0112454084270036,7,117568245
555,-0.263751622431465,0.235355706621626,0.768164310747835,0.484305036071616,1.21839824977463,0.231835689252165,-0.218398249774631,0.515694963928384,154,0.26243642104144,10,194477421
380,-0.547887344245221,0.208862856343826,0.578169995178985,0.383946898778611,0.870642644565331,0.421830004821015,0.129357355434669,0.616053101221389,174,0.00871102032299282,9,582337774
880,-0.840584961447883,0.230518929195978,0.431458063263159,0.274612638816682,0.677885989359235,0.568541936736841,0.322114010640765,0.725387361183318,145,0.000265846857569718,7,851452857
655,-0.656672626284563,0.228092193787781,0.518573956350902,0.331633408544993,0.810892211931486,0.481426043649098,0.189107788068514,0.668366591455007,154,0.00398964953333952,8,292089551
855,-0.303439298824299,0.221457827238306,0.738274701914087,0.478313614520185,1.13952335651808,0.261725298085913,-0.139523356518076,0.521686385479815,161,0.170627601163247,9,653867819
280,-0.557004837357935,0.214719071876563,0.572922492615649,0.376120207822679,0.87270020519524,0.427077507384351,0.12729979480476,0.623879792177321,159,0.00948362090521909,9,25301119
905,-0.818504063993368,0.201883109318261,0.441091005126643,0.29695113351262,0.655196269171217,0.558908994873357,0.344803730828783,0.70304886648738,165,5.02746645315312e-05,8,950313590
580,-0.741176614495988,0.208895614361971,0.476552866505724,0.316445421820274,0.717667625805647,0.523447133494276,0.282332374194353,0.683554578179726,159,0.000388062588502565,8,841171201
730,-0.753868422662754,0.217163131746599,0.470542769120572,0.307432311965425,0.720192669912188,0.529457230879428,0.279807330087812,0.692567688034575,162,0.000517678194429731,9,917261310
930,-0.648130691541642,0.205211077452369,0.523022554011723,0.349819835558849,0.781981363543714,0.476977445988277,0.218018636456286,0.650180164441151,168,0.0015865887771773,9,295007859
31,-0.358802603987094,0.214342331538374,0.698512221271084,0.458907848825044,1.06321851873813,0.301487778728916,-0.0632185187381296,0.541092151174956,157,0.0941365218160667,8,356921010
755,-1.00485434505084,0.206261227481175,0.366097954899763,0.244358487142504,0.548488060100106,0.633902045100237,0.451511939899894,0.755641512857495,163,1.1061079558154e-06,8,735565525
980,-0.795356192513549,0.214954664087303,0.45142041371081,0.296218004979753,0.687940592702214,0.54857958628919,0.312059407297786,0.703781995020247,177,0.000215504887127693,8,773209557
5,-1.07688890727685,0.21360284304063,0.340653683974442,0.224126918613463,0.517764368168083,0.659346316025558,0.482235631831917,0.775873081386537,162,4.61781880756017e-07,9,995939746
156,-0.570736063830435,0.21514838619028,0.565109329039342,0.370678876903705,0.861523473996755,0.434890670960658,0.138476526003245,0.629321123096295,178,0.00798376800060664,9,240678634
81,-0.584282381290286,0.215602167942143,0.557505794884466,0.365366300563212,0.850687955760131,0.442494205115534,0.149312044239869,0.634633699436788,164,0.00672827318906091,8,107383421
955,-1.03652149793379,0.226128774307585,0.354686315678609,0.227700126252307,0.552491492210542,0.645313684321391,0.447508507789458,0.772299873747693,144,4.56674213992053e-06,7,451909242
805,-0.774712825018966,0.213996173364363,0.460836102597353,0.302965113325106,0.700971511624931,0.539163897402647,0.299028488375069,0.697034886674894,169,0.000294354768061921,10,319819991
406,-0.445721405080927,0.210878899158671,0.640362148854097,0.423570015570949,0.968113101991634,0.359637851145903,0.0318868980083655,0.576429984429051,179,0.0345462988188427,8,424819920
106,-0.908523975109722,0.213564446480893,0.40311879850266,0.265244669297139,0.61265987413373,0.59688120149734,0.38734012586627,0.734755330702861,161,2.09893849157332e-05,9,80706568
630,-0.490976261309906,0.221577621574378,0.61202860258623,0.396428168055246,0.944884951594693,0.38797139741377,0.0551150484053075,0.603571831944754,150,0.0267037901503146,8,655583357
256,-0.926972411951525,0.228193106698723,0.395750066592656,0.2530362088271,0.618955350042844,0.604249933407344,0.381044649957156,0.7469637911729,156,4.86065820257812e-05,8,750295966
131,-0.47936912578047,0.203856021463301,0.619173889460004,0.415231291170178,0.923283754238807,0.380826110539996,0.076716245761193,0.584768708829822,187,0.0186974726496187,8,610320631
331,-0.601554937569369,0.226568629986112,0.547958931385658,0.351473383797748,0.854286567139017,0.452041068614342,0.145713432860983,0.648526616202252,158,0.00792926112878186,10,727269003
706,-0.42853937089259,0.228481981450388,0.651459941489889,0.416297210436961,1.01946408653698,0.348540058510111,-0.0194640865369802,0.583702789563039,167,0.060711088594352,9,678594078
356,-1.036403695522,0.217317853051611,0.354728101043187,0.231693741136079,0.543096352334359,0.645271898956813,0.456903647665641,0.768306258863921,171,1.85079859116984e-06,7,38678647
781,-0.675066732409133,0.219175151071343,0.509122444506643,0.331329432296802,0.782320066477599,0.490877555493357,0.217679933522401,0.668670567703198,161,0.00206977551766212,9,168104971
431,-0.910637133977649,0.217593855360352,0.402267843856611,0.262602642654859,0.616213974715127,0.597732156143389,0.383786025284873,0.737397357345141,153,2.85126587785438e-05,9,120271174
831,-0.715332539316801,0.195612033661354,0.489029463230711,0.333295738264383,0.717530374534865,0.510970536769289,0.282469625465135,0.666704261735617,182,0.000255289545533576,7,588648002
681,-0.487809365886708,0.232506738581762,0.613969905495796,0.389257500374109,0.968405347340069,0.386030094504204,0.0315946526599308,0.610742499625891,153,0.0359012594545398,7,177567779
606,-0.0878953585250373,0.24189595689383,0.915856708306071,0.57006623563121,1.47139658117178,0.0841432916939292,-0.471396581171783,0.42993376436879,145,0.716335843362931,7,817480792
456,-0.885881829407994,0.233991858335032,0.412350390204837,0.260670676450647,0.652289880155635,0.587649609795163,0.347710119844365,0.739329323549353,136,0.000153121533561748,6,26527192
181,-0.215785372652555,0.222301618944818,0.805908253263449,0.521269269081613,1.24597430004349,0.194091746736551,-0.245974300043487,0.478730730918387,161,0.331703985788913,7,668254710
481,-0.492777498771951,0.215028120195953,0.610927185993614,0.400827198887036,0.931154441670668,0.389072814006386,0.0688455583293318,0.599172801112964,176,0.0219236168245429,8,176874050
556,-0.984859811926159,0.212588066879959,0.373491582332297,0.246221247651311,0.566547214766094,0.626508417667703,0.433452785233906,0.753778752348689,155,3.60902153407071e-06,8,178389993
506,-0.45593277476395,0.22315496571152,0.633856446815568,0.409299355334172,0.981614043446585,0.366143553184432,0.0183859565534152,0.590700644665828,165,0.0410403825926725,9,455976110
381,-0.4784700235902,0.222826268511262,0.619730840400562,0.400435936255041,0.959120497864036,0.380269159599438,0.0408795021359636,0.599564063744959,159,0.0317711278540114,9,852092178
206,-1.05492685096131,0.216060971829832,0.348217898179109,0.228002525299849,0.531817375499728,0.651782101820891,0.468182624500272,0.771997474700151,151,1.04726723223295e-06,8,41047808
231,-0.422550330770483,0.202971828855456,0.6553732680552,0.44026969123902,0.975570494695199,0.3446267319448,0.0244295053048006,0.55973030876098,182,0.0373591311999416,8,922407822
656,-0.838092295676241,0.226237912168946,0.432534885530799,0.27761765450132,0.673899603168976,0.567465114469201,0.326100396831024,0.72238234549868,157,0.000211830452337118,8,120974815
306,-0.798647095885169,0.218827475162614,0.449937274521728,0.293012190206048,0.690904876215837,0.550062725478272,0.309095123784163,0.706987809793952,169,0.000262581974869355,8,408831015
531,-0.335900896188722,0.202782934804179,0.714693931198946,0.480298186980004,1.06347979055326,0.285306068801054,-0.0634797905532563,0.519701813019996,180,0.0976296211363867,7,53517958
56,-0.739976886737762,0.192363060789527,0.477124943307525,0.327259593916495,0.695619672449684,0.522875056692475,0.304380327550316,0.672740406083505,178,0.000119684120180838,9,401039699
856,-0.726158636483508,0.227802787574758,0.483763737802369,0.309547447247338,0.756030637931653,0.516236262197631,0.243969362068347,0.690452552752662,147,0.00143427332555616,8,815366198
906,-1.02976182989871,0.212973391599013,0.357091999079521,0.235232237747301,0.542080018571229,0.642908000920479,0.457919981428771,0.764767762252699,159,1.33034169291262e-06,8,975298750
881,-1.26749251524298,0.226869408427496,0.281536686389238,0.180477640368949,0.439184076326548,0.718463313610762,0.560815923673452,0.819522359631051,161,2.31183272403947e-08,9,292366590
581,-0.221888202107777,0.225557590051677,0.801004909989655,0.514801981063067,1.2463216720779,0.198995090010345,-0.246321672077897,0.485198018936933,154,0.325247338765629,10,646796903
931,-0.564920020152361,0.198693212103481,0.568405605933367,0.385061753117937,0.839047062556543,0.431594394066633,0.160952937443457,0.614938246882063,181,0.00446662225550051,8,233510123
731,-1.0062932897062,0.205507403273641,0.365571539036698,0.244367900902726,0.546890772724106,0.634428460963302,0.453109227275894,0.755632099097274,163,9.74951881727753e-07,7,575434856
32,-0.863789062081271,0.220682771353657,0.421561728751602,0.273536736573969,0.649690763200221,0.578438271248398,0.350309236799779,0.726463263426032,160,9.07171073710198e-05,9,607447560
756,-0.60031063612725,0.232058234439208,0.548641181848795,0.348144930850889,0.864602984983182,0.451358818151205,0.135397015016818,0.651855069149111,148,0.00968446749324441,9,403092318
981,-0.497877789788109,0.219206237787596,0.607819212078383,0.395535743241178,0.934034915641789,0.392180787921617,0.0659650843582112,0.604464256758822,167,0.0231302964530889,9,173647946
281,-0.837147814342598,0.213968932972043,0.432943599637372,0.284643085026543,0.65850944683756,0.567056400362627,0.34149055316244,0.715356914973457,163,9.13555051175314e-05,9,873881665
157,-0.772533695730404,0.201155973519505,0.461841419005143,0.311364147617061,0.685041929011729,0.538158580994857,0.314958070988271,0.688635852382939,180,0.000122798446601589,7,687893301
6,-0.684285386748289,0.22091552589376,0.504450587876011,0.327171146527671,0.777789845801489,0.495549412123989,0.222210154198511,0.672828853472329,150,0.00195161751578474,9,50808854
956,-0.534139988983712,0.258792032448479,0.586173188834374,0.35297323301789,0.973442105993472,0.413826811165626,0.0265578940065282,0.64702676698211,135,0.0390201953179831,8,752718272
82,-1.14947368316425,0.215268895231885,0.316803464504973,0.207755584485658,0.483088988297601,0.683196535495027,0.516911011702399,0.792244415514342,158,9.30948748886789e-08,7,424127926
806,-1.08117051047787,0.194466171525908,0.339198258072221,0.231698759171919,0.496573476225908,0.660801741927779,0.503426523774092,0.768301240828081,183,2.70263151203933e-08,9,34082301
432,-0.781346863528836,0.220938838313714,0.457789016564326,0.296894319704927,0.705876703519344,0.542210983435674,0.294123296480656,0.703105680295073,155,0.000405489694550144,9,990789485
782,-1.05472649005141,0.221162839901287,0.348287674424014,0.225779212971173,0.537269585447514,0.651712325575986,0.462730414552486,0.774220787028827,160,1.85138893682624e-06,8,496381842
257,-1.12177238762237,0.198282091037101,0.325702012531784,0.220822041299715,0.480394983865189,0.674297987468216,0.519605016134811,0.779177958700285,170,1.53632364025583e-08,8,467849199
107,-0.855711241772907,0.216744711723954,0.424980819453874,0.277891905347289,0.649924281450281,0.575019180546126,0.350075718549719,0.722108094652711,172,7.88020675966689e-05,9,626887772
407,-0.439522454279981,0.216756604199118,0.644344051367482,0.421322126446311,0.985420015878438,0.355655948632518,0.014579984121562,0.578677873553689,158,0.0425884785684164,8,162008472
631,-0.693432631559365,0.20496751299374,0.49985729486892,0.334485558068893,0.746989845170571,0.50014270513108,0.253010154829429,0.665514441931107,174,0.000716635683779714,7,272828543
132,-0.991587083112432,0.207056322926871,0.37098743565306,0.247236473238199,0.55668031342541,0.62901256434694,0.44331968657459,0.752763526761801,169,1.67637261376446e-06,7,735860654
707,-0.958302529128156,0.204099601191876,0.383543387443542,0.257089656557546,0.572195443494006,0.616456612556458,0.427804556505994,0.742910343442454,168,2.66256112696755e-06,8,48217064
207,-0.655573790891434,0.203919097950826,0.519144096956065,0.34810612853887,0.774219616688635,0.480855903043935,0.225780383311365,0.65189387146113,166,0.00130502716389636,10,421145371
357,-1.05819149009204,0.23310889086859,0.347082946015329,0.219791365621582,0.548095104072874,0.652917053984671,0.451904895927126,0.780208634378418,147,5.63950307712969e-06,9,776249965
232,-0.691246165390385,0.199464390390836,0.500951411622221,0.338852900787095,0.740593680099473,0.499048588377779,0.259406319900527,0.661147099212905,177,0.000529223630110658,7,664357341
507,-0.698903898115299,0.213052445268851,0.497129910296392,0.327430644890442,0.754780139146692,0.502870089703608,0.245219860853308,0.672569355109558,172,0.00103648524561548,8,957431562
332,-0.730977709118042,0.211793767268119,0.481438053533522,0.317878557081281,0.729154559899681,0.518561946466478,0.270845440100319,0.682121442918719,161,0.000557757602219384,8,657886264
307,-0.980790924619916,0.217565994074209,0.375014373422382,0.244824797311733,0.574434378451917,0.624985626577618,0.425565621548083,0.755175202688267,162,6.54367243844338e-06,7,433147508
57,-0.770608650142748,0.225758624737502,0.462731341086461,0.297278037818492,0.720269467583104,0.537268658913539,0.279730532416896,0.702721962181508,162,0.000641533603207731,7,705422338
532,-0.428241641792174,0.205051071036533,0.651653928948648,0.435990704412523,0.97399517654031,0.348346071051352,0.0260048234596902,0.564009295587477,175,0.0367560602888445,6,196685985
457,-0.791335807501445,0.235931022790733,0.453238950736259,0.285431812152154,0.719700950344663,0.546761049263741,0.280299049655337,0.714568187847846,144,0.000796241134119212,7,368506824
682,-0.814463976306829,0.205273615879964,0.442876656129585,0.296178528274844,0.662234813870475,0.557123343870415,0.337765186129525,0.703821471725156,184,7.25698262160455e-05,8,777977623
832,-1.04472798347358,0.222802630615176,0.35178749837769,0.22731623729709,0.544415328558746,0.64821250162231,0.455584671441254,0.77268376270291,158,2.74504565203011e-06,8,513545863
482,-0.755024024674899,0.218478727198789,0.46999932301396,0.306286462994119,0.721218174235217,0.53000067698604,0.278781825764783,0.693713537005881,160,0.000548613450680397,9,250739500
182,-0.328693294664303,0.234389335994964,0.719863768951318,0.454713398649732,1.13962739472291,0.280136231048682,-0.139627394722915,0.545286601350268,137,0.160814055347573,8,9991041
607,-0.981991690820605,0.221012333065136,0.374564339085088,0.242884828747084,0.577633625113494,0.625435660914912,0.422366374886506,0.757115171252916,164,8.86499289005232e-06,9,719503932
557,-0.67034020857799,0.233839465894706,0.511534519748646,0.323467336283699,0.808945867303833,0.488465480251354,0.191054132696167,0.6765326637163,152,0.00414817395263203,8,809898766
882,-0.537620977221223,0.219591587000185,0.584136274153741,0.379837184830548,0.898319596946352,0.415863725846259,0.101680403053648,0.620162815169452,181,0.0143541353589016,7,447816112
382,-0.611898402946679,0.199372271310547,0.542320348664553,0.366901861431367,0.801607709015834,0.457679651335447,0.198392290984166,0.633098138568633,188,0.00214686812559941,9,350926604
657,-0.957908377555773,0.200082873745886,0.383694591469474,0.259223772447277,0.567932246850046,0.616305408530526,0.432067753149954,0.740776227552723,177,1.68822894248306e-06,8,715984482
857,-0.955537644375591,0.218440787577235,0.384605308075017,0.250656019304466,0.590136408492957,0.615394691924983,0.409863591507043,0.749343980695534,149,1.21791806571874e-05,8,239171980
282,-0.732906865437113,0.205487149755007,0.48051017956504,0.321211890615867,0.718809108289659,0.51948982043496,0.281190891710341,0.678788109384133,172,0.000361532790524862,8,123789395
33,-1.14507019621302,0.214830435571346,0.318201580460505,0.208851853619443,0.484804152095575,0.681798419539495,0.515195847904425,0.791148146380557,158,9.81524339942509e-08,8,989200566
158,-0.660201238599015,0.228654311146235,0.516747334518002,0.330101382054857,0.808926657832304,0.483252665481998,0.191073342167696,0.669898617945143,159,0.00388522250947633,9,180103132
907,-0.675021374521222,0.215773254756533,0.50914553774914,0.333561113122379,0.777156474216327,0.49085446225086,0.222843525783673,0.666438886877621,157,0.00175770995742855,7,495482616
732,-0.918668799269247,0.221783411037373,0.399049903186839,0.258371631770336,0.6163247262957,0.600950096813161,0.3836752737043,0.741628368229664,163,3.44006712941e-05,8,669356442
932,-0.855027164314281,0.216386114612468,0.42527163871292,0.278277585157142,0.649912089007973,0.57472836128708,0.350087910992027,0.721722414842858,176,7.76967310338559e-05,9,839175636
582,-0.634857909142881,0.227999111030965,0.530010792655224,0.339009226461752,0.82862476417795,0.469989207344776,0.17137523582205,0.660990773538248,150,0.00536143927604913,7,954106417
757,-0.563079924378486,0.230849747017314,0.569452489574382,0.362207830544476,0.895276442243132,0.430547510425618,0.104723557756868,0.637792169455524,152,0.0147213681908142,9,589766326
982,-0.564426516604834,0.225185472317518,0.568686185344102,0.36575852459549,0.884200792746786,0.431313814655898,0.115799207253214,0.63424147540451,160,0.0121934389873952,9,419975917
7,-1.07418404778974,0.212140564905136,0.341576351603967,0.225378985295129,0.517680935612937,0.658423648396033,0.482319064387063,0.774621014704871,164,4.11523538146057e-07,9,677827922
957,-0.903911110455005,0.205961784416702,0.404982626447993,0.270471434163643,0.606389093295093,0.595017373552007,0.393610906704907,0.729528565836357,178,1.14013372254741e-05,9,291508310
83,-0.920241801317527,0.215851375645896,0.398422690304663,0.260982291245115,0.608242955459823,0.601577309695337,0.391757044540177,0.739017708754885,164,2.01418797982639e-05,9,392283284
108,-1.06312552593215,0.211580434344708,0.345374644197072,0.228135493435683,0.522863159335105,0.654625355802928,0.477136840664895,0.771864506564317,174,5.04253408929675e-07,8,538677115
708,-0.528233512206069,0.207609030983269,0.589645652078499,0.392531011064759,0.885744018216481,0.410354347921501,0.114255981783519,0.607468988935241,194,0.0109476077100017,8,684734994
508,-0.552534429805927,0.231790118047286,0.575489422990912,0.365373663606783,0.906436639973152,0.424510577009088,0.0935633600268484,0.634626336393217,145,0.0171362885797164,8,681167521
807,-1.15375077414329,0.20438380192809,0.315451360861185,0.211329729764548,0.470873460066605,0.684548639138815,0.529126539933395,0.788670270235452,176,1.65161462604947e-08,7,788255786
208,-1.06910051329081,0.225241894389468,0.343317187822915,0.220784864783742,0.533853131509195,0.656682812177085,0.466146868490805,0.779215135216258,160,2.07012765220295e-06,8,114751469
333,-0.789217416055725,0.229879569040625,0.454200105944412,0.28944988893811,0.712723494200497,0.545799894055588,0.287276505799503,0.71055011106189,147,0.000596550922396888,8,906840874
58,-0.919410196616134,0.223187416746762,0.398754158293128,0.257470663057581,0.61756503388699,0.601245841706872,0.38243496611301,0.742529336942419,171,3.79771966907572e-05,7,465718258
783,-0.545536673989935,0.21464995069655,0.579530680824231,0.380509990174598,0.882646497303498,0.420469319175769,0.117353502696502,0.619490009825402,164,0.0110372320872368,9,133573790
433,-0.914077702198877,0.205713743580519,0.400886192093134,0.267865783770981,0.599963671165768,0.599113807906866,0.400036328834232,0.732134216229019,174,8.85298013199983e-06,8,897273910
458,-0.449039088054034,0.212601636908548,0.638241150601604,0.42074402811134,0.968170049019599,0.361758849398396,0.0318299509804005,0.57925597188866,163,0.0346765940961623,9,48417245
683,-1.17935534702529,0.208345399398089,0.307476890616817,0.204394193990583,0.462547572499745,0.692523109383183,0.537452427500255,0.795605806009417,174,1.50864154700385e-08,7,264788616
408,-0.699647248488529,0.193684785046648,0.496760505907485,0.339846086193079,0.726125767678434,0.503239494092515,0.273874232321566,0.660153913806921,201,0.000303494980201704,8,634186628
258,-0.853842930670734,0.202302830665911,0.425775558015334,0.286404768928841,0.632967204007384,0.574224441984666,0.367032795992616,0.713595231071159,176,2.43633688392168e-05,6,524005662
608,-0.575376573532809,0.215221618846407,0.562493008939493,0.368909768311127,0.857657921486547,0.437506991060507,0.142342078513453,0.631090231688873,168,0.00750834371173679,8,911960804
133,-0.881450541077424,0.214691885158754,0.414181688185081,0.271922303126657,0.630865761489009,0.585818311814919,0.369134238510991,0.728077696873343,155,4.0317303216345e-05,9,986952967
308,-0.62967360527652,0.228533024075362,0.53276566453304,0.340414903222275,0.833803839428258,0.46723433546696,0.166196160571742,0.659585096777725,144,0.00586410369445555,7,208418847
358,-0.856875093128113,0.222883426826131,0.424486492668465,0.274249066829926,0.657026054968194,0.575513507331535,0.342973945031806,0.725750933170074,165,0.000120799018383868,8,512023883
632,-0.391737995461365,0.215807049015096,0.675881174699604,0.442766808516274,1.03172901294051,0.324118825300396,-0.0317290129405128,0.557233191483726,165,0.0694895920307722,9,478530423
383,-0.752025682102888,0.224907470304279,0.471410656766675,0.303359646938368,0.732556256430299,0.528589343233325,0.267443743569701,0.696640353061632,172,0.000826656719428986,7,68512443
233,-0.7726962796555,0.194294977276917,0.461766337118189,0.31552813107807,0.675781742081155,0.538233662881811,0.324218257918845,0.68447186892193,196,6.98125836144693e-05,8,421088619
658,-1.08900284599527,0.226519299639501,0.336551920538199,0.215892967467701,0.524645135719374,0.663448079461801,0.475354864280626,0.784107032532299,154,1.52791256247316e-06,7,428516957
183,-0.923026917537314,0.207256939101595,0.397314580630965,0.264677532165842,0.596419630673632,0.602685419369035,0.403580369326368,0.735322467834158,165,8.44662501596036e-06,9,990660933
858,-0.928732068587801,0.211707719354931,0.395054294701015,0.260886045632339,0.598222474427242,0.604945705298985,0.401777525572758,0.739113954367661,168,1.14998898996101e-05,8,297349237
833,-0.52163264767437,0.217033252903212,0.593550697307831,0.387899106948159,0.908232125220377,0.406449302692169,0.091767874779623,0.612100893051841,165,0.0162403536556724,8,384366402
533,-0.66659546416845,0.229185313630706,0.513453676915585,0.327656188982447,0.804607656448867,0.486546323084415,0.195392343551133,0.672343811017553,147,0.00363116605224351,8,8357379
558,-1.12293790986775,0.229940639008876,0.325322620728556,0.20729481313554,0.510552126012416,0.674677379271444,0.489447873987584,0.79270518686446,134,1.04166730896633e-06,9,715516151
34,-1.02777203345658,0.226593661668662,0.357803246853278,0.229491921748908,0.557854771022487,0.642196753146722,0.442145228977513,0.770508078251092,165,5.73993414878018e-06,8,282844701
483,-0.691824243051146,0.211794562087204,0.500661906488323,0.330570953679576,0.758270930396052,0.499338093511677,0.241729069603948,0.669429046320424,156,0.00108890699648739,8,429953604
159,-0.145461618542154,0.236986321666041,0.864623074931211,0.543380062016488,1.37578301811305,0.135376925068789,-0.375783018113054,0.456619937983512,161,0.539349130613133,7,131281451
908,-0.69200986406122,0.210778685895718,0.500568981744194,0.331168325329955,0.75662219578146,0.499431018255806,0.24337780421854,0.668831674670045,177,0.0010266815893984,8,731614916
883,-0.819908534079776,0.201716147920937,0.440471940834959,0.296631420553575,0.654062642119445,0.559528059165041,0.345937357880555,0.703368579446425,181,4.81015334191115e-05,7,540622899
758,-0.804413929166352,0.218565101689489,0.447350028550853,0.291477152086703,0.686578850560885,0.552649971449147,0.313421149439115,0.708522847913297,166,0.000232839419854628,8,908784480
983,-1.186531758638,0.211274144136028,0.305278208647926,0.201771083940894,0.461883748925029,0.694721791352074,0.538116251074971,0.798228916059106,185,1.95342188004257e-08,9,950633510
958,-1.15262842498166,0.228869596276618,0.315805606187869,0.201653461719513,0.494577083126945,0.684194393812131,0.505422916873055,0.798346538280488,151,4.74914629554204e-07,9,128583628
283,-0.302805303229359,0.221446492152567,0.738742913229229,0.478627592638983,1.14022070653592,0.261257086770771,-0.14022070653592,0.521372407361017,160,0.171500853784818,9,358564005
733,-0.781753331098564,0.218449931155861,0.4576029779872,0.298224915072934,0.702156241411092,0.5423970220128,0.297843758588908,0.701775084927066,165,0.000345388836568881,7,35045867
583,-1.00220990986296,0.212932491439265,0.367067358411366,0.241822831006632,0.557178348505077,0.632932641588634,0.442821651494923,0.758177168993368,169,2.51755777786871e-06,6,212254341
933,-0.870085104234234,0.205692569367835,0.418915896213993,0.279924562408476,0.626920791054737,0.581084103786007,0.373079208945263,0.720075437591524,156,2.33663355322489e-05,8,809853054
109,-0.938823839307167,0.19519038538242,0.39108754675824,0.266764251236696,0.573350696430718,0.60891245324176,0.426649303569282,0.733235748763304,201,1.51092524919046e-06,8,912017119
84,-0.820157508744928,0.219784472881727,0.44036228813192,0.286239284191223,0.677471456640565,0.55963771186808,0.322528543359435,0.713760715808777,166,0.000190233874464997,8,948986592
8,-0.868657476489687,0.207657473596182,0.419514379273922,0.279246982768653,0.630238911348911,0.580485620726078,0.369761088651089,0.720753017231347,170,2.87527320352123e-05,8,300211286
784,-0.562643484716999,0.226452939106402,0.569701075468591,0.365502160196734,0.887981934813663,0.430298924531409,0.112018065186337,0.634497839803266,157,0.0129699468705312,7,846721746
434,-0.769671910941004,0.227382298274278,0.463165002755765,0.296611218513297,0.723242434500604,0.536834997244235,0.276757565499396,0.703388781486703,149,0.000711978364179538,7,392049953
709,-0.880507754152285,0.227667367298162,0.414572357395308,0.26534415578275,0.647725739462006,0.585427642604692,0.352274260537994,0.73465584421725,144,0.000109948491139333,8,515382541
409,-0.471267736173551,0.200459478828287,0.624210432324242,0.421404923066024,0.924618205661944,0.375789567675758,0.0753817943380561,0.578595076933976,186,0.0187261713893796,9,27795258
684,-0.950094264624896,0.222794439278722,0.386704569175195,0.249882782376761,0.598442287214104,0.613295430824805,0.401557712785896,0.750117217623239,151,2.00401180528067e-05,7,346589117
309,-0.950609736414968,0.222762597340696,0.386505285245728,0.24976959544144,0.598096558785938,0.613494714754272,0.401903441214062,0.75023040455856,185,1.97793700927369e-05,8,786239025
808,-0.814960497888931,0.203516881955756,0.442656812894579,0.29705253901967,0.65963096847663,0.557343187105421,0.34036903152337,0.70294746098033,169,6.21783207804592e-05,8,779983213
259,-0.47246483947207,0.204737848543697,0.623463635042664,0.417386073868777,0.931288628337943,0.376536364957336,0.068711371662057,0.582613926131223,184,0.0210181915572251,8,219161603
633,-0.774454876433669,0.23346841588696,0.460954989950825,0.291695577572371,0.728428948182624,0.539045010049175,0.271571051817376,0.708304422427629,155,0.000909336387559295,7,765874566
209,-0.641337316011661,0.206205903750553,0.52658773874004,0.351518316076847,0.788848358418765,0.47341226125996,0.211151641581235,0.648481683923153,182,0.00186973862315783,8,190322251
509,-0.751676955450249,0.213659979507651,0.471575078894551,0.310229534932798,0.716833924540986,0.528424921105449,0.283166075459014,0.689770465067203,164,0.000434650212784601,7,335101507
859,-0.429827591197284,0.22341353610762,0.650621257886174,0.419912015889667,1.00808742116256,0.349378742113826,-0.00808742116256123,0.580087984110333,174,0.0543658347305641,7,108415610
59,-0.974472681038783,0.215928368021567,0.377391306694486,0.247168619407388,0.576222817888648,0.622608693305514,0.423777182111352,0.752831380592612,166,6.39338401536674e-06,7,618274955
609,-0.47538573140694,0.220656529167147,0.621645222126027,0.403384700108271,0.958000593697267,0.378354777873973,0.0419994063027335,0.596615299891729,177,0.0312076430161891,8,99050149
334,-0.675898737899801,0.204923716806309,0.508699028004243,0.340431331811798,0.76013773384267,0.491300971995757,0.23986226615733,0.659568668188202,173,0.000972741040172425,7,873451716
459,-0.330091673219802,0.22929727565503,0.718857830399308,0.458632485302583,1.12673348898404,0.281142169600692,-0.126733488984038,0.541367514697417,137,0.149986383438627,8,376221181
359,-0.492564779841639,0.206075528786616,0.611057155594124,0.40800926587478,0.915152862036662,0.388942844405876,0.0848471379633383,0.59199073412522,178,0.0168385212140462,7,538395333
134,-0.895401624566174,0.217080146843506,0.408443524741569,0.26690275667315,0.625044547994731,0.591556475258431,0.374955452005269,0.73309724332685,154,3.71135521131998e-05,7,998710313
234,-0.962868334894703,0.222244675350841,0.381796194540396,0.246977041926971,0.590210057696904,0.618203805459604,0.409789942303096,0.753022958073029,149,1.47445921327119e-05,9,484442156
534,-0.460436245564494,0.237415964623874,0.631008310877758,0.396228986709818,1.00490247243926,0.368991689122242,-0.00490247243926389,0.603771013290181,140,0.0524568921106358,8,106783239
384,-0.617205577725776,0.229767304318172,0.539449783820317,0.343852937936424,0.846309678231081,0.460550216179683,0.153690321768919,0.656147062063576,152,0.00722654424316005,8,94033965
659,-0.584737207631223,0.209427324075953,0.557252284219762,0.369646838315874,0.840072404468359,0.442747715780238,0.159927595531641,0.630353161684126,161,0.00523708974121997,7,991887271
559,-0.680604748402497,0.219871905087874,0.50631070917025,0.329049934352251,0.779062711941026,0.49368929082975,0.220937288058974,0.670950065647749,174,0.00196507691902055,8,721485773
184,-0.736861499708247,0.234160824517809,0.478613689974288,0.302459382772379,0.757361408765407,0.521386310025712,0.242638591234593,0.697540617227621,138,0.00165057662141842,8,610509846
959,-0.904350533199621,0.212420851527603,0.404804706964554,0.266951642355367,0.613844699867095,0.595195293035446,0.386155300132905,0.733048357644633,154,2.06861661653931e-05,7,543477659
834,-0.708702102248579,0.226034246214526,0.492282715635366,0.316092279560048,0.766682034912824,0.507717284364634,0.233317965087176,0.683907720439952,147,0.00171634614340846,7,841745554
35,-0.808087031769107,0.21993845609449,0.44570988005752,0.289627841727538,0.685905388086868,0.55429011994248,0.314094611913132,0.710372158272462,163,0.000238641863734554,8,406332666
484,-0.590962494388722,0.198677185421077,0.553794004514213,0.375175027326347,0.817452594383676,0.446205995485787,0.182547405616324,0.624824972673653,195,0.00293479906069926,7,951994252
909,-0.870535026352643,0.215403334674443,0.418727459080729,0.274523666644642,0.638679670613476,0.581272540919271,0.361320329386524,0.725476333355358,153,5.31288411020703e-05,7,760243345
734,-0.732404649612958,0.240074608674725,0.480751559988345,0.300309329797726,0.769613326988211,0.519248440011655,0.230386673011789,0.699690670202274,147,0.0022827993712985,8,720182517
160,-0.889400892337143,0.209566238706624,0.410901853473669,0.27249277674781,0.619613977306842,0.589098146526331,0.380386022693158,0.72750722325219,159,2.19562057792213e-05,8,495011583
584,-0.833582631489019,0.211572335351483,0.434489877479157,0.28700467076772,0.657764395007488,0.565510122520843,0.342235604992512,0.71299532923228,183,8.15014694637777e-05,8,874718723
934,-0.627394260934173,0.225107592655563,0.533981405956601,0.343490084031205,0.830114623866361,0.466018594043399,0.169885376133639,0.656509915968795,151,0.00531843327475358,8,457250198
759,-1.08250466457956,0.230786102665808,0.338746017071599,0.215490788757423,0.532500088488908,0.661253982928401,0.467499911511092,0.784509211242577,153,2.72524088111679e-06,7,845307129
884,-0.629405545743143,0.220647329198181,0.532908496591366,0.345809800621426,0.821236024048285,0.467091503408634,0.178763975951715,0.654190199378574,157,0.00433712216530067,9,905824581
85,-0.86250767519034,0.223239797788575,0.422102258664555,0.272518265226244,0.653792202228362,0.577897741335445,0.346207797771638,0.727481734773756,157,0.000111731418805828,7,501335197
984,-0.853974619179888,0.21170306392309,0.425719491958574,0.281139300859835,0.644652260566813,0.574280508041426,0.355347739433187,0.718860699140165,154,5.48745293048347e-05,7,131652605
284,-0.743783127044853,0.184560987304127,0.475312342901484,0.331040016509895,0.682460766212971,0.524687657098516,0.317539233787029,0.668959983490105,199,5.5773833908422e-05,8,728621329
710,-0.747997727223819,0.213803134673455,0.473313306943727,0.311285690045048,0.719678076102974,0.526686693056273,0.280321923897026,0.688714309954952,162,0.000467821869032295,8,617618026
110,-0.813365849783662,0.198344153671802,0.443363257858406,0.300558386054826,0.654019277249387,0.556636742141594,0.345980722750613,0.699441613945174,184,4.11758882265541e-05,7,351907549
9,-0.371864339388623,0.224119050428056,0.689447767085875,0.444355835385029,1.06972427430333,0.310552232914125,-0.0697242743033253,0.555644164614971,173,0.0970700950743781,8,278140124
685,-0.821470199226287,0.222966874977065,0.439784607988505,0.284086291424809,0.680816031120582,0.560215392011495,0.319183968879418,0.715913708575191,165,0.000229358897051078,7,805219548
785,-1.06539438266494,0.219561611471244,0.344591926882742,0.224085582909393,0.529902881439606,0.655408073117258,0.470097118560394,0.775914417090607,153,1.21994172992494e-06,7,680419303
260,-0.648683954184304,0.215078226542284,0.522733265205043,0.342929795000078,0.796810514968125,0.477266734794957,0.203189485031875,0.657070204999922,166,0.00256101751606118,7,276361085
610,-0.847187696335107,0.214074497809764,0.428618644337305,0.281741300824541,0.652066068183451,0.571381355662695,0.347933931816549,0.718258699175459,156,7.57562481243524e-05,6,500223873
60,-0.4003901692742,0.226042036115329,0.670058558765262,0.430234694058868,1.04356640311566,0.329941441234738,-0.043566403115664,0.569765305941132,159,0.0765094225825612,7,984810011
860,-0.0947120971463708,0.237205913135627,0.909634783222771,0.571422082393008,1.44802846152461,0.0903652167772289,-0.448028461524612,0.428577917606992,141,0.689685286543949,8,928293423
435,-0.967386345146397,0.218181167778902,0.380075126249093,0.247829671784494,0.582888645064582,0.619924873750907,0.417111354935418,0.752170328215506,160,9.25576092003461e-06,8,549235435
460,-0.476166188522619,0.219482879724883,0.621160243965936,0.403998251901625,0.955053757949861,0.378839756034064,0.0449462420501388,0.596001748098375,162,0.0300454074536518,6,254757248
135,-0.771029770141953,0.20516992087443,0.462536516689575,0.309389144915065,0.691491711288246,0.537463483310425,0.308508288711754,0.690610855084935,175,0.000171272853903032,7,520184554
310,-0.807694894185036,0.22799274383656,0.445884693926386,0.285203459383139,0.697092386985194,0.554115306073614,0.302907613014806,0.714796540616861,148,0.000396151782309357,7,72631955
410,-0.361577086394728,0.219774691848148,0.696576897404132,0.452789669468946,1.0716220062314,0.303423102595868,-0.0716220062314026,0.547210330531054,165,0.0999250434626023,8,619341634
210,-0.644133269848649,0.19975830881174,0.525117480076869,0.354994720754178,0.776767517264651,0.474882519923131,0.223232482735349,0.645005279245822,183,0.00126165052977961,8,168163260
335,-0.267510892074766,0.214642103687641,0.765281995068723,0.502478872419843,1.16553464060281,0.234718004931277,-0.165534640602805,0.497521127580157,173,0.212650109057319,8,133482268
510,-0.769891119039551,0.206963867992673,0.463063484363431,0.308654470437472,0.694717916273434,0.536936515636569,0.305282083726566,0.691345529562528,171,0.000199277934483946,9,911954614
809,-0.606098857626375,0.209810888683176,0.545474698159882,0.361562398250686,0.822935813492187,0.454525301840118,0.177064186507813,0.638437601749314,166,0.00386731581374454,8,792358815
360,-0.654334411027556,0.223096161338913,0.519787912579933,0.335680705409852,0.804870431067302,0.480212087420067,0.195129568932698,0.664319294590148,145,0.00335736027518714,7,38072671
634,-0.726715863474647,0.210343523268419,0.483494246681168,0.32014489350586,0.730190271079589,0.516505753318832,0.269809728920411,0.67985510649414,174,0.000550496718020769,8,319482848
535,-0.643004765058736,0.224257234850113,0.52571041216883,0.338733753313173,0.815895772888049,0.47428958783117,0.184104227111951,0.661266246686827,156,0.00414037072168904,7,16780373
560,-0.744342443227321,0.206256820570419,0.475046567349584,0.31708088398923,0.711708754912795,0.524953432650416,0.288291245087205,0.68291911601077,175,0.000307600381313689,8,774718875
185,-0.666050963919798,0.212304796143462,0.513733328698661,0.338862547608556,0.778846570322905,0.486266671301339,0.221153429677095,0.661137452391444,162,0.00170546829962896,7,848885209
835,-0.622619392714506,0.21266744668053,0.536537193720822,0.353652697160099,0.813996789950949,0.463462806279178,0.186003210049051,0.646347302839901,186,0.00341515976749927,8,940120340
485,-0.792340650087314,0.211879394288705,0.452783745679999,0.298908840915112,0.685871718361895,0.547216254320001,0.314128281638105,0.701091159084888,180,0.00018432554013781,8,555668123
910,-0.470621246271404,0.22369254326527,0.624614108537792,0.402906572200036,0.968320726202405,0.375385891462208,0.0316792737975951,0.597093427799964,162,0.0353893145153371,7,739788046
235,-0.632071979516966,0.206640169344465,0.531489424149825,0.354488537009022,0.796869231277634,0.468510575850175,0.203130768722366,0.645511462990978,167,0.0022222175807627,8,541936406
161,-0.491331382693024,0.227283418717371,0.611811296729634,0.391880356941509,0.955171792042297,0.388188703270366,0.0448282079577033,0.608119643058491,163,0.0306369585811609,9,111941863
760,-0.909348920992747,0.235332034876105,0.402786384440123,0.253956767343786,0.63883657516684,0.597213615559877,0.36116342483316,0.746043232656214,155,0.00011149487199462,8,262015805
885,-0.877968744812704,0.214784927399062,0.415626297898867,0.272820975327855,0.63318159205877,0.584373702101133,0.36681840794123,0.727179024672145,157,4.35737498713486e-05,9,859257014
385,-0.917343848805459,0.218214143196732,0.399578974960689,0.260530404051958,0.612839633100147,0.600421025039311,0.387160366899853,0.739469595948042,158,2.62389894809679e-05,8,974300062
660,-0.851504796598444,0.229457919765381,0.426772243092285,0.27219568116172,0.669130923373498,0.573227756907715,0.330869076626502,0.72780431883828,162,0.000206490251304,7,600502994
86,-0.483466530926509,0.223515855433999,0.616642073658747,0.397901991095963,0.955630922978857,0.383357926341253,0.0443690770211428,0.602098008904037,148,0.0305405823814882,8,678237685
36,-0.928459728808849,0.187960029026431,0.39516189835202,0.27339035966453,0.571172027063367,0.60483810164798,0.428827972936633,0.72660964033547,197,7.82565752923531e-07,7,510673455
960,-0.883935600843918,0.196112061015942,0.413153699771108,0.281307141205423,0.606795756777127,0.586846300228892,0.393204243222873,0.718692858794577,180,6.56582302664659e-06,8,263095260
735,-0.617625579176163,0.203324030491925,0.539223261701841,0.361991931480791,0.803227090645254,0.460776738298159,0.196772909354746,0.638008068519209,171,0.00238437173743333,8,224468460
585,-0.472645307498285,0.225960612412902,0.623351129943124,0.400308423694169,0.970668135373113,0.376648870056876,0.029331864626887,0.599691576305831,153,0.036463976243848,9,624653079
935,-0.765021314174321,0.230363228607594,0.46532401287149,0.296257892479229,0.730871455078644,0.53467598712851,0.269128544921356,0.703742107520771,158,0.000897164212944546,8,935746224
111,-0.632621177377425,0.209465617603063,0.53119761143402,0.352337328076481,0.800854408284431,0.46880238856598,0.199145591715569,0.647662671923519,169,0.00252635219771237,8,473846324
711,-0.700286576024601,0.215019007287879,0.496443014738463,0.325720350501881,0.756648046408113,0.503556985261537,0.243351953591887,0.674279649498119,168,0.00112652400586783,8,383176154
985,-0.739836919574063,0.212398467320792,0.477191729806419,0.314701639282062,0.723580428481809,0.522808270193581,0.276419571518191,0.685298360717938,154,0.000495365904982105,8,554951420
285,-0.686274642619038,0.217631355913559,0.503448104011613,0.328629513306229,0.771263636314685,0.496551895988387,0.228736363685315,0.671370486693771,175,0.00161390862454793,8,287313248
861,-1.05344723188255,0.231472299677207,0.348733509384839,0.221546096028313,0.54893795353687,0.651266490615162,0.45106204646313,0.778453903971687,147,5.33731357499932e-06,8,36864957
611,-0.964031845791639,0.196474626620419,0.381352228837192,0.259469780008971,0.560487323163668,0.618647771162808,0.439512676836332,0.740530219991029,196,9.26460567392802e-07,7,161258800
136,-0.627768951552208,0.232153299667453,0.533781365612545,0.33865240290931,0.84134216626685,0.466218634387455,0.15865783373315,0.66134759709069,144,0.00684868206268804,8,373908714
311,-0.731135592599694,0.206281058388879,0.481362048417565,0.321281035867546,0.721204788919693,0.518637951582436,0.278795211080307,0.678718964132454,181,0.000393558336404775,8,168732948
10,-0.946044188028444,0.214524417786852,0.388273928167417,0.254996790367996,0.591209964160701,0.611726071832583,0.408790035839299,0.745003209632004,152,1.03389522255779e-05,10,291766652
686,-0.925343920956385,0.214895496545519,0.39639506705861,0.260141034506281,0.604014854813711,0.60360493294139,0.395985145186289,0.739858965493719,174,1.66219380965434e-05,7,595981407
211,-0.810895629676827,0.230243064263101,0.44445981650561,0.283040935518945,0.697936247723357,0.55554018349439,0.302063752276643,0.716959064481055,146,0.000428447612773274,8,305846610
261,-0.6556256813593,0.204344425877749,0.519117159024902,0.347798010777762,0.774825089400182,0.480882840975098,0.225174910599818,0.652201989222238,169,0.00133459760470825,8,219294503
786,-0.631792538884055,0.206441006684247,0.531637964644054,0.354726050225713,0.796780854608868,0.468362035355946,0.203219145391132,0.645273949774287,167,0.00221039838164535,8,92817498
361,-0.792441199565196,0.2257409525097,0.452738220799568,0.29086811246397,0.704690159524269,0.547261779200432,0.295309840475731,0.70913188753603,153,0.000447431875134913,9,871076221
436,-1.03094633621717,0.218599968638871,0.356669271761354,0.232376959201291,0.547442267322981,0.643330728238646,0.452557732677019,0.767623040798709,173,2.40370364913245e-06,7,259431614
511,-0.780975996442547,0.223312403539279,0.457958826929625,0.295625962277298,0.709431220272982,0.542041173070375,0.290568779727018,0.704374037722702,151,0.000470107176016465,9,583068351
61,-1.01155452542046,0.224383976257857,0.363653231757775,0.234256399860637,0.564525336539571,0.636346768242225,0.435474663460429,0.765743600139363,159,6.53982177471482e-06,8,91803095
336,-0.660475861961597,0.19570859383186,0.516605443111631,0.352023389785622,0.758134804664806,0.483394556888369,0.241865195335194,0.647976610214378,176,0.000738714116116255,10,423003426
635,-0.696076353031729,0.235081950955871,0.498537556684112,0.314481977314275,0.790314591466043,0.501462443315888,0.209685408533957,0.685518022685725,163,0.00306647460842462,7,962169739
461,-0.701321096359755,0.229446096202655,0.495929699907567,0.316311692992179,0.777544026032862,0.504070300092433,0.222455973967138,0.683688307007821,152,0.00223875296133896,8,653199059
411,-0.498378507914552,0.197283800033131,0.607514942164382,0.4126945076231,0.894304135712065,0.392485057835618,0.105695864287935,0.5873054923769,213,0.0115303532634363,7,568707615
236,-1.27730484695215,0.236666183870818,0.278787664249351,0.175316556702385,0.443326992039602,0.721212335750649,0.556673007960398,0.824683443297615,152,6.77365526936185e-08,9,574957790
810,-0.496337261628443,0.22438904513483,0.608756296307571,0.392141824034362,0.945026022681115,0.391243703692429,0.0549739773188852,0.607858175965638,159,0.0269701466262111,8,735931386
536,-0.880077297166593,0.203718958415964,0.414750851376859,0.27821554649043,0.618291360377828,0.585249148623141,0.381708639622172,0.72178445350957,178,1.55989650372959e-05,7,960732228
561,-0.662869779424391,0.21828706818804,0.515370211431247,0.33597968862607,0.79054319002687,0.484629788568753,0.20945680997313,0.66402031137393,175,0.00239192682450152,8,932233331
186,-1.00933365309423,0.207120163671606,0.364461756639473,0.24285718745313,0.54695672566152,0.635538243360527,0.45304327433848,0.75714281254687,171,1.09816580818496e-06,7,33184086
661,-0.977740581075916,0.20475352580874,0.376160042549138,0.251817636690448,0.561900188843829,0.623839957450862,0.438099811156171,0.748182363309552,180,1.7952201121607e-06,8,141219823
836,-0.573593937426276,0.208828843342103,0.563496623560959,0.374227660326662,0.848490046105707,0.436503376439041,0.151509953894293,0.625772339673338,179,0.00601948716880164,9,64518618
961,-0.91263997902702,0.227053524460155,0.401462969984901,0.257262912919957,0.626489510049371,0.598537030015099,0.373510489950629,0.742737087080043,169,5.83235942950278e-05,8,730060908
37,-0.624092785741408,0.199555776217301,0.535747245655813,0.362324550659055,0.79217682242537,0.464252754344187,0.20782317757463,0.637675449340945,182,0.00176353637326005,9,363663029
736,-0.369416160532791,0.218937447770139,0.691137726348647,0.449991910507487,1.06151098637234,0.308862273651353,-0.0615109863723413,0.550008089492513,154,0.0915430432662379,7,651106638
486,-0.673998670344805,0.198445448474532,0.509666509371519,0.345437136302129,0.751974595307423,0.490333490628481,0.248025404692577,0.654562863697871,180,0.000682803248491893,7,472164789
936,-0.616598783314393,0.22724181385148,0.539777218267011,0.345768931780322,0.842642061158873,0.460222781732989,0.157357938841127,0.654231068219678,145,0.00665959170556776,7,495494610
586,-0.699515606804439,0.208754625667727,0.496825904601575,0.329998505038141,0.747991205156048,0.503174095398425,0.252008794843952,0.670001494961859,175,0.000805497581918542,9,659728650
911,-1.10123053274578,0.216096088022806,0.332461726844627,0.217670879842402,0.507788638960516,0.667538273155373,0.492211361039484,0.782329120157598,158,3.46863869200048e-07,8,31195216
162,-0.874585039633437,0.231411938258126,0.41703503679014,0.264968559293021,0.656373051861681,0.58296496320986,0.343626948138319,0.735031440706979,160,0.00015724283462448,8,368346783
886,-0.970070851081983,0.220696422341708,0.37905618061144,0.245949784880472,0.584198876732342,0.62094381938856,0.415801123267658,0.754050215119528,166,1.10518694176701e-05,9,171310395
761,-0.564182575960833,0.225703331053024,0.568824927940181,0.365476617438401,0.885314636306894,0.431175072059819,0.114685363693106,0.634523382561599,149,0.0124311014592078,8,288002755
87,-0.60568024789698,0.2140529323901,0.545703086975226,0.358718871085392,0.830153870169272,0.454296913024774,0.169846129830728,0.641281128914608,167,0.00466089065835897,8,635414151
386,-0.256309462502245,0.217468351074284,0.773902437946312,0.505332021016094,1.18521082882292,0.226097562053688,-0.185210828822919,0.494667978983906,169,0.238555176249898,9,240473637
712,-0.793479750974113,0.200261506540997,0.452268272957223,0.305445139902196,0.669667197157581,0.547731727042777,0.330332802842419,0.694554860097804,185,7.42566821777117e-05,8,19994734
112,-0.777003547780001,0.218027257344462,0.459781663023483,0.299893124392671,0.704915052923452,0.540218336976517,0.295084947076548,0.700106875607329,157,0.000365537229914134,7,794365013
862,-0.979730815198158,0.225616880816449,0.375412140494,0.241247530302707,0.584189504669533,0.624587859506,0.415810495330467,0.758752469697292,152,1.40900309500744e-05,8,505689641
687,-0.951616855600064,0.210781482714776,0.386116224306069,0.255446835728862,0.583627267282409,0.613883775693931,0.416372732717591,0.744553164271138,180,6.34040524925642e-06,8,514825725
286,-0.741594093348118,0.228382432322119,0.476353957285122,0.30446003895563,0.74529679953915,0.523646042714878,0.25470320046085,0.69553996104437,151,0.00116563210099152,8,512928933
986,-0.716243197860654,0.211595744537229,0.488584327086103,0.322722248830738,0.739690695448089,0.511415672913897,0.260309304551911,0.677277751169262,171,0.000711885461703136,7,985995536
262,-0.968440814327694,0.210601218639378,0.379674559971399,0.251273920552612,0.573687755468011,0.620325440028601,0.426312244531989,0.748726079447388,159,4.25629926073184e-06,10,581995084
362,-0.84485921705819,0.21137329125661,0.429617836816382,0.283897149740177,0.650135043200357,0.570382163183617,0.349864956799643,0.716102850259823,161,6.41500807138208e-05,8,156673455
437,-0.262634493762128,0.238464105905004,0.769022928626162,0.481901495046165,1.22721400707857,0.230977071373838,-0.227214007078572,0.518098504953835,150,0.270740616363663,7,533107175
612,-0.654115980893174,0.195369886258825,0.519901462324419,0.354504612566273,0.762465482664315,0.480098537675581,0.237534517335685,0.645495387433727,196,0.000813705540763346,8,350329567
62,-0.42874230924082,0.208758560507167,0.651327748699371,0.432617389209984,0.980607453159678,0.348672251300629,0.0193925468403224,0.567382610790016,175,0.0399978463067036,9,68702388
137,-1.06627710823857,0.202551184358489,0.344287880990699,0.231478071240138,0.512075050401198,0.655712119009301,0.487924949598802,0.768521928759862,180,1.40774009440971e-07,8,137037260
312,-0.799776247507634,0.202206517045238,0.449429513841541,0.302373056247935,0.6680055770122,0.550570486158459,0.3319944229878,0.697626943752065,181,7.64563670652141e-05,9,763148402
237,-0.640344420242541,0.213201444273201,0.527110845129991,0.347075975834433,0.800533204252071,0.472889154870009,0.199466795747929,0.652924024165567,171,0.00266918717799441,7,311550384
811,-0.0374329326665383,0.235183881280981,0.963259018768309,0.607511077283832,1.52732677959876,0.0367409812316907,-0.527326779598756,0.392488922716168,148,0.873539246055304,7,723068679
11,-0.848414735113723,0.214468010252073,0.428093035176824,0.281178856805037,0.651768944682695,0.571906964823176,0.348231055317305,0.718821143194963,155,7.62459621185629e-05,9,470039526
212,-0.585285656421453,0.220046332551065,0.556946743672959,0.361834431564383,0.857269646635937,0.443053256327041,0.142730353364063,0.638165568435617,165,0.00781802910451744,8,258542161
537,-0.655473448024259,0.219658137647935,0.51919619197687,0.337565576526129,0.798555020145596,0.48080380802313,0.201444979854404,0.662434423473871,147,0.0028444935390527,10,466566372
787,-0.612154402460567,0.232872776535769,0.542181532688093,0.343497083652455,0.855788384757976,0.457818467311907,0.144211615242024,0.656502916347545,161,0.00857100603648601,7,309718791
512,-0.492499223222006,0.235437494893115,0.611097215748737,0.385217089867742,0.969426894388496,0.388902784251263,0.0305731056115042,0.614782910132258,146,0.0364522022315746,8,769441159
337,-0.909036859402346,0.215787599785912,0.402912098214043,0.263956019295143,0.615019726849736,0.597087901785957,0.384980273150264,0.736043980704857,157,2.52395999124983e-05,8,447005172
562,-0.59360001423113,0.213292146093457,0.55233528638334,0.363620354141126,0.838991176125863,0.44766471361666,0.161008823874137,0.636379645858874,161,0.00538526022186007,8,594057442
837,-0.717555265961722,0.202354029765798,0.487943691546485,0.32819022762846,0.725460498444668,0.512056308453515,0.274539501555332,0.67180977237154,183,0.000391068438519633,8,799681816
462,-0.867745777064878,0.231268399079779,0.419897024694505,0.266862026180772,0.660691646056316,0.580102975305495,0.339308353943684,0.733137973819228,140,0.000175348543542832,7,525554518
412,-0.497490975377456,0.22135763976485,0.608054370787143,0.394023795428478,0.938344643453038,0.391945629212857,0.0616553565469616,0.605976204571522,156,0.024611066912272,6,503286442
487,-0.512146950693346,0.209091938962286,0.599207727384427,0.397738859674574,0.902727736613365,0.400792272615573,0.0972722633866351,0.602261140325426,165,0.0143099843588369,8,290370087
737,-0.900036102674621,0.224396287447842,0.406554981753421,0.261886324759203,0.631140069419437,0.593445018246578,0.368859930580563,0.738113675240797,158,6.04819807298158e-05,7,243605777
937,-0.427238693653367,0.20940509521262,0.652307831904396,0.432719685399556,0.983328288314223,0.347692168095604,0.0166717116857773,0.567280314600444,160,0.0413254566880033,9,285030362
636,-0.891008357227694,0.209150208464878,0.410241873759969,0.272277031408466,0.618114550887736,0.589758126240031,0.381885449112264,0.727722968591534,182,2.04302443809547e-05,8,323205343
587,-0.671061470969938,0.207194198129627,0.511165702160485,0.340563174154066,0.767230267084068,0.488834297839515,0.232769732915932,0.659436825845934,175,0.00120031879423884,6,232411022
88,-0.945178779105003,0.227306421307254,0.388610089327046,0.248903208661937,0.606733044297106,0.611389910672954,0.393266955702894,0.751096791338063,155,3.20807021431141e-05,8,749465477
762,-0.823136330850736,0.229753417991517,0.439052479026164,0.279865889831954,0.688783758016268,0.560947520973836,0.311216241983732,0.720134110168046,160,0.00034006810042302,8,298594465
387,-0.746766697231117,0.205006671563,0.473896328605468,0.317089125988025,0.708247971500047,0.526103671394532,0.291752028499953,0.682910874011974,168,0.000269850009026865,9,326477161
187,-0.71151161494961,0.209299510817446,0.490901582157796,0.325715454364683,0.739861618893934,0.509098417842204,0.260138381106066,0.674284545635317,169,0.000675116238418221,9,521641448
662,-0.53513178526276,0.2247774661627,0.585592112649042,0.376933114091251,0.909758547543668,0.414407887350958,0.0902414524563319,0.623066885908749,153,0.0172789284683333,8,531900276
38,-0.626747049234098,0.222243685915594,0.534327116832153,0.345647202724895,0.826002541121093,0.465672883167847,0.173997458878907,0.654352797275105,148,0.00480102809724366,7,967158968
962,-0.372367408246077,0.224397051972579,0.689101014612911,0.44389042020552,1.06976899416005,0.310898985387089,-0.0697689941600548,0.55610957979448,153,0.0970325777991702,7,573381485
163,-0.625781708203639,0.214678480667328,0.534843173767109,0.351149296931589,0.814631334947549,0.465156826232891,0.185368665052451,0.648850703068411,158,0.0035572073133183,8,308275642
912,-0.650604855724223,0.223147647720748,0.521730109860725,0.336900983775684,0.807959372764915,0.478269890139275,0.192040627235085,0.663099016224316,163,0.00355027885722387,7,57978856
113,-0.65076796147787,0.207047654922669,0.521645019617499,0.347644835428994,0.782734270037272,0.478354980382501,0.217265729962728,0.652355164571006,163,0.00167178436513597,8,185766224
887,-0.706144289596996,0.241087267535067,0.493543494324037,0.307688721634666,0.791661064128317,0.506456505675963,0.208338935871683,0.692311278365334,135,0.00340055860895131,9,326129246
713,-0.908294123949116,0.230022506219055,0.40321146647587,0.256884181379935,0.632890222450736,0.59678853352413,0.367109777549264,0.743115818620065,150,7.85706825979527e-05,6,701477216
987,-0.967685198620742,0.200695071564583,0.379961556448311,0.256393908822067,0.563081958701343,0.620038443551689,0.436918041298657,0.743606091177933,161,1.42362057491044e-06,6,179271715
363,-0.473896127379461,0.211966107024265,0.622571917385709,0.410926027231338,0.943225219703874,0.377428082614291,0.0567747802961265,0.589073972768662,169,0.025370346136216,8,112672679
613,-1.11777179361108,0.224843908761368,0.327007623921806,0.210460402135334,0.50809551354094,0.672992376078194,0.49190448645906,0.789539597864666,156,6.64974063673548e-07,8,501193023
863,-0.79177621261635,0.215701249891512,0.453039385931986,0.296845673276981,0.691418820223535,0.546960614068014,0.308581179776465,0.703154326723019,174,0.00024187994158285,8,671338556
138,-0.825565266711046,0.209162693924825,0.43798734281274,0.290684551945096,0.659935009206811,0.56201265718726,0.340064990793189,0.709315448054904,180,7.91363771764005e-05,9,694707203
688,-1.04277262024948,0.211257483556109,0.352476043673405,0.232973706485947,0.533276322197975,0.647523956326595,0.466723677802025,0.767026293514053,168,7.97301178706264e-07,7,672510192
812,-0.964536197817077,0.217129221842092,0.381159941562487,0.249049986761513,0.583348358861946,0.618840058437513,0.416651641138054,0.750950013238487,161,8.9034643776963e-06,9,251500242
263,-0.2263240005655,0.232341351765285,0.797459682415877,0.505754107105952,1.25741330845111,0.202540317584123,-0.257413308451109,0.494245892894048,155,0.330006270259949,7,276652388
287,-0.569316690411109,0.216207432424372,0.565911999709944,0.370435673110968,0.864539823408886,0.434088000290056,0.135460176591114,0.629564326889032,156,0.00845853531689068,7,981189188
12,-1.23022876075841,0.219766388163601,0.292225720256581,0.189955970749827,0.449556132625831,0.707774279743419,0.550443867374169,0.810044029250173,154,2.16972392439347e-08,8,144934089
788,-0.640860020172704,0.212247947950622,0.526839136867454,0.347545963399514,0.798626672053106,0.473160863132546,0.201373327946894,0.652454036600486,155,0.0025328153864691,7,970257335
438,-0.719217413517406,0.229321358392204,0.487133330788414,0.310777201678503,0.763565926597468,0.512866669211586,0.236434073402532,0.689222798321497,152,0.00171102135702137,8,4991320
538,-0.860541763252455,0.201226938247314,0.42293289074111,0.28509314859535,0.627416796762506,0.57706710925889,0.372583203237494,0.71490685140465,174,1.89876747579154e-05,7,32327428
513,-0.876679447417632,0.228120179765603,0.416162509395836,0.266125631212916,0.650787500013766,0.583837490604164,0.349212499986234,0.733874368787084,180,0.000121509944107756,9,766038683
338,-0.694108256496292,0.231885200746045,0.499519692874607,0.317081988892695,0.786925565973989,0.500480307125393,0.213074434026011,0.682918011107305,159,0.00275953812963979,7,468671601
313,-0.876656583430125,0.205256273498926,0.416172024639029,0.27832897904014,0.622282144997809,0.583827975360971,0.377717855002191,0.72167102095986,174,1.94568481306738e-05,8,254767065
463,-0.373158454287415,0.234335129549094,0.688556119530182,0.434983635336945,1.08994796867521,0.311443880469818,-0.0899479686752114,0.565016364663055,154,0.111291795665333,7,405634401
488,-0.794221639531664,0.221833524425268,0.451932864733718,0.292582863630062,0.698069981585346,0.548067135266282,0.301930018414654,0.707417136369938,157,0.000343252814921572,7,99408654
413,-0.927967076185897,0.210558614997049,0.395356623859812,0.261674378529532,0.597333452775118,0.604643376140188,0.402666547224882,0.738325621470468,161,1.0473121698339e-05,9,146105456
63,-0.791211590119835,0.223142806021001,0.453295254388836,0.29271277135158,0.701973428431792,0.546704745611164,0.298026571568208,0.70728722864842,160,0.000391477556339756,7,846775816
238,-1.05634596668554,0.233168737901184,0.347724087154713,0.220171543059045,0.54917197339691,0.652275912845287,0.45082802660309,0.779828456940955,124,5.8874127933092e-06,7,965700073
213,-0.569943611510978,0.221257278948502,0.565557328723636,0.366557489332701,0.872591889079375,0.434442671276364,0.127408110920625,0.633442510667299,161,0.00999704269046008,10,90613302
563,-1.14334927794906,0.201659934475877,0.318749650828833,0.214682414095976,0.473263449786257,0.681250349171167,0.526736550213743,0.785317585904024,178,1.43056274400193e-08,8,49546393
738,-0.770028924267349,0.213751313085079,0.462999676191134,0.304533616301651,0.70392458723097,0.537000323808866,0.29607541276903,0.695466383698349,156,0.000315229173544191,8,92447791
838,-0.708008116196169,0.207725528243438,0.492624471547061,0.327868498490832,0.740171352490601,0.507375528452939,0.259828647509399,0.672131501509168,162,0.000653491518281052,9,112506014
938,-0.835049676380133,0.214277653365945,0.433852928654658,0.285068390832125,0.6602919501274,0.566147071345342,0.3397080498726,0.714931609167875,168,9.73734962928903e-05,10,382267314
588,-0.85095979160226,0.207692110012749,0.427004899490694,0.284213703379731,0.641535513667497,0.572995100509306,0.358464486332503,0.715786296620269,182,4.18145604595352e-05,9,451130289
714,-0.619823943524395,0.221139188548187,0.538039154533949,0.348802720056969,0.829942300232998,0.461960845466051,0.170057699767002,0.651197279943031,155,0.00506504033169233,8,974342114
114,-0.934344996694517,0.216896466804884,0.392843094804943,0.256800885232279,0.600954692957294,0.607156905195057,0.399045307042706,0.743199114767721,154,1.64891881224885e-05,7,457395841
913,-0.463569108709863,0.222802159231629,0.629034541585076,0.406466681988394,0.973473280937807,0.370965458414924,0.0265267190621933,0.593533318011606,171,0.037467682094829,10,944219946
89,-0.699514461750435,0.21621821003455,0.496826473494392,0.325206678079384,0.759014378864078,0.503173526505608,0.240985621135922,0.674793321920616,171,0.00121547098377486,8,337642486
888,-0.978456791212582,0.218630590317335,0.375890729367583,0.244885414403598,0.576979403892247,0.624109270632417,0.423020596107753,0.755114585596402,161,7.62725579298323e-06,9,61649189
637,-0.734363028294771,0.202201406612617,0.479810987681004,0.322816734291329,0.713155668354101,0.520189012318996,0.286844331645899,0.677183265708671,177,0.000281408277523892,8,836463181
663,-0.898785742686897,0.215919784810711,0.407063639771963,0.266606698881576,0.621517792011676,0.592936360228037,0.378482207988324,0.733393301118424,158,3.14656743909258e-05,7,304663528
188,-0.656181965955338,0.21661373041149,0.51882846245197,0.339345310118232,0.793242061770321,0.48117153754803,0.206757938229679,0.660654689881768,163,0.00245143647051222,9,657017752
763,-0.783106241889021,0.223065801563189,0.456984300582572,0.295139492303974,0.707579488426632,0.543015699417428,0.292420511573368,0.704860507696026,161,0.000447010377189841,7,143923099
963,-0.932240050545054,0.231645165001606,0.393670879279922,0.250009532676452,0.619883408180235,0.606329120720078,0.380116591819765,0.749990467323548,144,5.71131652152012e-05,8,520469388
388,-0.693313517421513,0.220479658942579,0.499916838485821,0.324507799310183,0.770141259880086,0.500083161514179,0.229858740119914,0.675492200689817,157,0.00166331638276459,8,594154743
39,-0.251055309798966,0.218852712231703,0.777979340488026,0.506617628832964,1.19469165654664,0.222020659511974,-0.19469165654664,0.493382371167036,175,0.251322613586337,7,36982392
988,-0.616830088847792,0.214397696106008,0.539652379248157,0.354501801370102,0.821504120155813,0.460347620751843,0.178495879844187,0.645498198629898,171,0.00401428615638127,9,206387317
164,-0.761640985141832,0.235918722890756,0.46689962268118,0.294041846926865,0.741374943526488,0.53310037731882,0.258625056473512,0.705958153073135,150,0.00124482965647538,7,501320100
364,-0.713222393542381,0.210061473452769,0.490062476206788,0.324673467841757,0.739700820588705,0.509937523793212,0.260299179411295,0.675326532158243,175,0.000685526370934783,7,695730743
139,-0.750769841584388,0.19891986102083,0.472003045265179,0.319612611695219,0.697052827665172,0.527996954734821,0.302947172334828,0.680387388304782,186,0.000160500902881007,8,551130425
864,-0.579590351669258,0.213421094502199,0.56012777498183,0.368657219753508,0.851042940420023,0.43987222501817,0.148957059579977,0.631342780246492,176,0.00661333036008912,8,629916730
689,-0.976441706482765,0.221085494155627,0.37664894471393,0.244201564050697,0.580931691021706,0.62335105528607,0.419068308978294,0.755798435949303,156,1.00274936180156e-05,8,701753622
264,-0.830658090834066,0.209702045168663,0.435762420685182,0.288902347224072,0.657277066475796,0.564237579314818,0.342722933524204,0.711097652775928,181,7.45943711898425e-05,8,552866651
288,-0.61013308809493,0.219233123930203,0.543278560354278,0.353517561760931,0.834899382849375,0.456721439645722,0.165100617150625,0.646482438239069,155,0.00538532756765044,7,952717306
789,-0.361021858071782,0.196523487728518,0.696963764016392,0.474164573469121,1.0244512465323,0.303036235983608,-0.0244512465323004,0.525835426530879,187,0.0662037275528417,7,225097180
339,-0.509595583727588,0.21720456400736,0.600738478108753,0.392464690443556,0.919539331481142,0.399261521891247,0.080460668518858,0.607535309556444,155,0.0189682151774744,10,64081890
614,-0.985091575698118,0.224193507578902,0.373405030544553,0.24062807949505,0.579447407503606,0.626594969455447,0.420552592496394,0.75937192050495,153,1.11317395469975e-05,8,54827428
464,-1.28230986115501,0.233990585555511,0.277395814050712,0.175358473262379,0.438806498604285,0.722604185949288,0.561193501395715,0.824641526737621,136,4.24900177639646e-08,8,494810979
239,-0.818601139911823,0.225925167191908,0.441048187890493,0.283255395472411,0.686742449219945,0.558951812109507,0.313257550780055,0.716744604527589,148,0.000290835854248079,8,827374945
439,-0.432288198688617,0.21373232623011,0.649022302352732,0.426904108841183,0.986708584498417,0.350977697647268,0.0132914155015831,0.573095891158817,183,0.0431176892445095,10,82590046
13,-0.973736150695633,0.233380778653022,0.377669369231285,0.239032901931681,0.59671347041724,0.622330630768715,0.40328652958276,0.76096709806832,155,3.01531582154568e-05,9,791282441
813,-0.689087940474584,0.21897258623427,0.50203374497968,0.326845948990004,0.771121324517411,0.49796625502032,0.228878675482589,0.673154051009996,161,0.00165003374314158,8,134209904
539,-0.773506257370033,0.210238765325926,0.461392468109025,0.305572972747551,0.696668320216953,0.538607531890975,0.303331679783047,0.694427027252449,168,0.000233985096720948,6,186232978
314,-0.499184502756563,0.212814177445444,0.607025485530811,0.399999242370719,0.921201595033047,0.392974514469189,0.0787984049669529,0.600000757629281,172,0.0189946697960912,7,397887249
514,-1.12864237524666,0.215939176557058,0.323472112200652,0.211850300352635,0.493906344231669,0.676527887799348,0.506093655768331,0.788149699647365,167,1.72592038232746e-07,8,953459150
414,-0.542137723343151,0.225980425929217,0.581503828422677,0.37342010010253,0.905539638539506,0.418496171577323,0.0944603614604943,0.62657989989747,158,0.0164377926577703,8,768384977
64,-0.894051519785983,0.235332375868316,0.408995338716283,0.257871339930438,0.648684677935792,0.591004661283717,0.351315322064208,0.742128660069562,146,0.00014522176833308,9,629941319
489,-0.406110067864356,0.221942810552603,0.666236832123763,0.431231597860413,1.02931120697233,0.333763167876237,-0.0293112069723278,0.568768402139587,157,0.0672804485713481,8,546656295
939,-0.985434844056857,0.212009374432799,0.373276874409804,0.246358969190845,0.565579671918561,0.626723125590196,0.434420328081439,0.753641030809155,166,3.35051917875836e-06,8,696118919
214,-0.85312386661793,0.218555377335301,0.426081828014342,0.277624850622483,0.653924617183897,0.573918171985658,0.346075382816103,0.722375149377517,159,9.48241912744188e-05,8,462442716
589,-0.95094273426286,0.219779749615629,0.386376601244479,0.251150447234596,0.594412152687861,0.613623398755521,0.405587847312139,0.748849552765404,159,1.5129211037744e-05,8,795160601
715,-0.668871787019003,0.223482430182299,0.512286219836847,0.330585715823609,0.793855143985578,0.487713780163153,0.206144856014422,0.669414284176391,157,0.00276294817691501,8,580556593
90,-0.768656899715747,0.220188750570296,0.463635359100811,0.30112828150128,0.713841108303952,0.536364640899189,0.286158891696048,0.69887171849872,154,0.000481396478399554,8,935441610
564,-0.426001729186055,0.206247682210763,0.653115212761981,0.435944752455352,0.978471420377548,0.346884787238019,0.0215285796224518,0.564055247544648,176,0.038877025532983,8,366581387
189,-0.622956393618285,0.209592403575329,0.536356410665365,0.355670707165873,0.808832983616134,0.463643589334635,0.191167016383866,0.644329292834127,178,0.00295647120761045,7,885393397
764,-0.836972703402615,0.209212901635372,0.433019419436309,0.287359148886699,0.652513825766127,0.566980580563691,0.347486174233873,0.712640851113301,161,6.31877353455946e-05,8,359475006
739,-0.437934592494131,0.213859763287027,0.645367993387652,0.42439441746356,0.98139803388193,0.354632006612348,0.0186019661180704,0.57560558253644,164,0.0405830064537981,8,762207813
664,-0.560363050815396,0.210978841854611,0.571001723572229,0.377617318024401,0.863421651390966,0.428998276427771,0.136578348609034,0.622382681975599,171,0.0079070005901239,7,967809546
964,-0.790437012219626,0.211980231425127,0.453646502892259,0.299419214835887,0.687314438718213,0.546353497107742,0.312685561281787,0.700580785164113,173,0.000192375313384347,7,448496192
839,-0.83321389142669,0.224888757546697,0.434650120845919,0.279713963539786,0.675406851916064,0.565349879154081,0.324593148083936,0.720286036460214,153,0.000211386858501028,9,4143433
165,-0.645009264615784,0.198791666643284,0.524657681332241,0.355356498716542,0.774618400325063,0.475342318667759,0.225381599674937,0.644643501283458,187,0.00117595306228424,7,552036227
914,-0.745518362874321,0.204521644359941,0.474488279073207,0.317787162728539,0.708458847251086,0.525511720926793,0.291541152748914,0.682212837271461,173,0.000267203924490025,7,193722765
115,-0.945255840169586,0.211702740765683,0.388580143773688,0.25661314834171,0.588413061103609,0.611419856226312,0.411586938896391,0.74338685165829,171,8.00632710937202e-06,8,93467553
40,-0.296271709072675,0.218836442954605,0.743585361680717,0.484235821816209,1.14183867693229,0.256414638319283,-0.141838676932295,0.515764178183791,165,0.175784251517242,8,983216317
690,-0.996771062457646,0.205781791087609,0.369069220738333,0.246573301222106,0.552420270245334,0.630930779261667,0.447579729754666,0.753426698777894,166,1.27362875859548e-06,9,856106595
638,-0.551990633179286,0.205107819180368,0.575802457303589,0.385199240131273,0.860719428532265,0.424197542696411,0.139280571467735,0.614800759868727,183,0.00711908477510728,8,419152139
889,-0.520353179600027,0.225971563856507,0.594310612515497,0.381650768815115,0.925466769646807,0.405689387484503,0.0745332303531926,0.618349231184885,152,0.0212936205198724,9,627024822
389,-0.830266320168746,0.234301819338542,0.435933173064358,0.275411359135642,0.690014137304934,0.564066826935642,0.309985862695066,0.724588640864358,144,0.000394739414481528,9,180265608
365,-0.499215721083614,0.222385424971157,0.607006535506471,0.392553225449064,0.938616499013784,0.392993464493529,0.0613835009862164,0.607446774550936,156,0.0247795541656401,7,89350004
989,-0.73067536651304,0.218214424870325,0.481583634775371,0.313998277057803,0.738611687479943,0.518416365224629,0.261388312520057,0.686001722942197,158,0.000812712923627375,8,966319700
140,-0.602922345580028,0.213106460004,0.547210160008031,0.360377447301557,0.830903713476415,0.452789839991969,0.169096286523585,0.639622552698443,159,0.00466634671540509,8,815509747
865,-0.4052148127194,0.211212411412864,0.666833551143512,0.440791399620538,1.00879233422763,0.333166448856488,-0.00879233422763104,0.559208600379462,168,0.0550453622070929,9,151486724
240,-0.832300284540209,0.203033755505139,0.435047401641135,0.292222689243488,0.647678118919101,0.564952598358865,0.352321881080899,0.707777310756512,173,4.14366232073783e-05,10,825450203
265,-0.654512339778482,0.211961652333017,0.519695435593302,0.343025824537079,0.787355722097587,0.480304564406698,0.212644277902413,0.656974175462921,156,0.00201589238435271,8,127920928
340,-0.720030592183649,0.232227268022727,0.486737365373335,0.308761027914437,0.767302999510119,0.513262634626665,0.232697000489881,0.691238972085563,158,0.00193166271535917,9,926941552
289,-0.493497877151935,0.221043798530227,0.610487245737829,0.395843732195393,0.941519713199841,0.389512754262171,0.0584802868001593,0.604156267804607,155,0.0255766800665509,9,492740914
790,-0.515355885409893,0.230432943811799,0.597287990707769,0.380223456324289,0.938271792310081,0.402712009292231,0.0617282076899189,0.619776543675711,158,0.0253211367346649,8,909293508
615,-0.874392653414673,0.205492562014632,0.417115276302201,0.27883064906492,0.623981453646269,0.582884723697799,0.376018546353731,0.72116935093508,169,2.08949912213239e-05,8,950344286
415,-0.669000589732575,0.222427289751797,0.512220240230874,0.331227421065856,0.792113085498462,0.487779759769126,0.207886914501538,0.668772578934144,156,0.00263209371405072,8,172379814
490,-0.401200345226944,0.232949882326508,0.669515913282863,0.42410520700956,1.05693481412239,0.330484086717137,-0.0569348141223871,0.57589479299044,150,0.0850223673257677,8,947658145
65,-0.700995009661747,0.229001721647687,0.496091442355451,0.316690558980766,0.777120479910672,0.503908557644549,0.222879520089328,0.683309441019234,156,0.00220532377728288,7,229032459
440,-1.30175101526515,0.221599454223596,0.272055003259081,0.176210149578454,0.420032131947912,0.727944996740919,0.579967868052088,0.823789850421546,176,4.24525755201864e-09,7,386257293
465,-0.707429739322982,0.236252389756506,0.492909476560779,0.31021926827821,0.783187174129786,0.507090523439221,0.216812825870214,0.68978073172179,154,0.00275002030541643,9,12031962
215,-1.25565514904447,0.221232380181788,0.284889142221697,0.184655630298606,0.439530726599386,0.715110857778303,0.560469273400614,0.815344369701394,150,1.38098847598713e-08,9,878436853
91,-0.967917350900795,0.230666797361008,0.379873357744811,0.241710157683764,0.597011599790164,0.620126642255189,0.402988400209836,0.758289842316236,141,2.71465189506912e-05,7,534250898
814,-0.957816175083657,0.213085503911384,0.383729970690346,0.252724304897139,0.58264554517598,0.616270029309654,0.41735445482402,0.747275695102861,166,6.95748035008955e-06,8,111410009
315,-0.627262346153575,0.212251735697558,0.534051850642857,0.352301440859934,0.809566314798164,0.465948149357143,0.190433685201836,0.647698559140066,163,0.0031238999646323,8,496887955
14,-1.02283813776801,0.217182634904346,0.359572972982257,0.234920462341755,0.550368076115938,0.640427027017743,0.449631923884062,0.765079537658245,172,2.48232569765065e-06,8,165881882
765,-1.07374140822388,0.22609377567636,0.341727580279377,0.219395977439411,0.532269280806881,0.658272419720623,0.467730719193119,0.780604022560589,156,2.04326318580898e-06,7,108592151
515,-0.457944682474842,0.196893329440625,0.632582468136117,0.430052271104348,0.930492886284715,0.367417531863883,0.0695071137152853,0.569947728895652,186,0.0200264641551182,7,681112910
740,-0.372196972548347,0.209311632394194,0.689218472034328,0.457288757295089,1.03877931529115,0.310781527965672,-0.0387793152911498,0.542711242704911,192,0.0753717755133781,8,770064051
540,-0.512244451757495,0.22851963950167,0.599149306841439,0.382841308056864,0.937672827706608,0.400850693158561,0.0623271722933916,0.617158691943136,146,0.0249887001271874,9,445322205
716,-0.682680582455534,0.226399409893652,0.505260782272759,0.324193320807147,0.787457488227353,0.494739217727241,0.212542511772647,0.675806679192853,149,0.00256656243739423,9,499052064
590,-0.901541265921634,0.210917174720739,0.405943510434516,0.26849275944148,0.61376006565948,0.594056489565484,0.38623993434052,0.73150724055852,166,1.91665362892196e-05,8,564854175
840,-0.446053659056253,0.210121201103716,0.640149421326232,0.424058591580299,0.966355333344807,0.359850578673768,0.0336446666551926,0.575941408419701,178,0.0337672742492075,9,130057366
940,-0.709495751919578,0.21467608282602,0.491892170618526,0.322951493292907,0.749208201667475,0.508107829381474,0.250791798332525,0.677048506707093,165,0.000949901369476611,8,427749446
915,-0.575168032186652,0.228940274320408,0.5626103242209,0.359197563945729,0.881215266169706,0.4373896757791,0.118784733830294,0.640802436054271,140,0.0119945022435496,8,524461031
565,-0.768665212110166,0.225669488580836,0.463631505196857,0.297908382167379,0.721544560267968,0.536368494803143,0.278455439732032,0.702091617832621,163,0.000658848101866259,9,906782488
116,-0.72886503545457,0.221649463342439,0.482456250209749,0.312456505841849,0.744948589690325,0.517543749790251,0.255051410309675,0.687543494158151,152,0.0010076997314061,8,290985605
190,-0.595257716236756,0.204472998006801,0.551420437554193,0.369347468803769,0.823247821183808,0.448579562445807,0.176752178816192,0.630652531196231,184,0.00360066442960602,9,347162383
665,-0.634598428825698,0.200711427934714,0.530148337868178,0.357726840616477,0.785675627973683,0.469851662131822,0.214324372026317,0.642273159383523,188,0.00156826629216659,9,75083774
639,-0.214290418724347,0.212895815111682,0.80711394997841,0.531762377209821,1.22504516334504,0.19288605002159,-0.225045163345039,0.468237622790179,178,0.314150765271395,7,285457045
965,-0.688509884799605,0.200957916707182,0.502324032328037,0.338788193788132,0.74479996080412,0.497675967671963,0.25520003919588,0.661211806211868,174,0.000612225540924071,8,925265134
366,-0.768884679537303,0.218656293238417,0.463529764348082,0.301965308936203,0.711538167061376,0.536470235651918,0.288461832938624,0.698034691063797,154,0.00043742867260857,9,469719741
390,-0.862374316259738,0.216071507691382,0.422158553524002,0.276410917371179,0.644756893137321,0.577841446475998,0.355243106862679,0.723589082628821,170,6.57530085331013e-05,8,257082078
990,-1.26123953791521,0.22834096420933,0.28330264439983,0.18108665525662,0.443215366754655,0.71669735560017,0.556784633245345,0.81891334474338,162,3.32327025776851e-08,8,380040069
166,-0.704437228729101,0.205979017944404,0.494386722626053,0.330169643476151,0.740280750633529,0.505613277373947,0.259719249366471,0.669830356523849,190,0.000626334442768192,7,916707765
691,-0.827131575193123,0.222153765580833,0.437301856504303,0.282933057640105,0.675894557168929,0.562698143495697,0.324105442831071,0.717066942359895,156,0.000196683134281056,8,921292312
41,-0.579467336484052,0.218304033437684,0.560196683442115,0.365190779020772,0.859332552100651,0.439803316557885,0.140667447899349,0.634809220979228,155,0.0079448387077223,8,864999166
890,-0.685221535243215,0.21588145566534,0.503978568192137,0.330106016736574,0.76943280134056,0.496021431807863,0.23056719865944,0.669893983263426,176,0.0015032059291448,8,43949854
141,-0.799103638979987,0.228499365660758,0.449731905649381,0.287378773181927,0.703805589812937,0.550268094350619,0.296194410187063,0.712621226818073,137,0.000470202697715529,7,145465008
866,-0.711730908182627,0.217381768685191,0.4907939425655,0.320526172111475,0.751510219811981,0.5092060574345,0.248489780188019,0.679473827888525,148,0.00105996919153401,10,401742899
791,-1.02214241571525,0.211465461981987,0.359823222871228,0.237732994917129,0.544614144799588,0.640176777128772,0.455385855200412,0.762267005082871,171,1.34076447172474e-06,9,853834590
266,-1.0863647480998,0.219718797649316,0.337440949608743,0.219367762179794,0.519066217120479,0.662559050391257,0.480933782879521,0.780632237820206,157,7.6401710607425e-07,8,719701706
241,-0.508647546182097,0.229602841271021,0.601308270790772,0.383405982064042,0.943051630480283,0.398691729209228,0.0569483695197174,0.616594017935958,144,0.0267369788884666,8,349397906
441,-0.520501577106904,0.210513733604723,0.594222424845866,0.393332128542323,0.897715351904458,0.405777575154134,0.102284648095542,0.606667871457677,172,0.0134160354159632,8,668069691
466,-0.581408442311708,0.254347039086606,0.55911033709297,0.339622871488414,0.920445574452068,0.44088966290703,0.0795544255479319,0.660377128511586,135,0.0222609041820002,9,797986121
616,-0.739270493450472,0.204424842239167,0.477462100233351,0.319839547889057,0.712763817557416,0.522537899766649,0.287236182442584,0.680160452110943,174,0.000298793576045888,8,740021035
341,-0.870712262172897,0.214858646942826,0.418653252152313,0.274768192830268,0.637885134128234,0.581346747847687,0.362114865871766,0.725231807169732,174,5.06756488265238e-05,8,849851220
316,-0.52827807377059,0.230657363001638,0.58961937713116,0.375176687232288,0.926632761894641,0.41038062286884,0.0733672381053589,0.624823312767712,155,0.0220030489772885,8,791156996
541,-0.719711359030943,0.209941881475763,0.486892772881317,0.322649112400838,0.734744225762953,0.513107227118683,0.265255774237047,0.677350887599162,169,0.000607719198684926,9,309092397
416,-0.562966798169129,0.248170244449655,0.569516913219869,0.350157740345865,0.926295429377384,0.430483086780131,0.0737045706226156,0.649842259654135,131,0.0233005647638074,8,897284238
516,-0.864951652523912,0.196476358521878,0.421071909899301,0.286493841401161,0.618866892353124,0.578928090100699,0.381133107646876,0.713506158598839,173,1.07099812774374e-05,8,213336115
717,-0.763624822951934,0.203193226684768,0.465974287716907,0.312898560397578,0.693937474616007,0.534025712283093,0.306062525383993,0.687101439602422,181,0.000171193791217524,7,932914155
290,-0.974507172516905,0.21107182391396,0.377378290134969,0.249523957703824,0.570744289148514,0.622621709865031,0.429255710851486,0.750476042296176,166,3.89428911777321e-06,9,919024060
591,-0.707388116735832,0.208300669709899,0.492929993155399,0.327702227041877,0.741465751836747,0.507070006844601,0.258534248163253,0.672297772958123,183,0.000683795080422539,8,985856314
491,-0.657362700083027,0.204855086111737,0.5182162254956,0.346847078924478,0.774254917180316,0.4817837745044,0.225745082819684,0.653152921075522,178,0.00133236554840607,8,833481653
66,-0.624828795569638,0.199113646093925,0.535353075491914,0.362371854959621,0.790908321151452,0.464646924508086,0.209091678848548,0.637628145040379,183,0.00170075225725746,9,272343016
216,-0.658216558838571,0.213226418208646,0.517773930889628,0.340911400145114,0.786391547465944,0.482226069110372,0.213608452534056,0.659088599854886,173,0.00202230327149008,8,901709381
941,-0.690278190081554,0.214987524213987,0.501436554985113,0.329016954974941,0.764211737034916,0.498563445014887,0.235788262965084,0.670983045025059,170,0.00132374063920285,8,310855451
92,-0.395708380900634,0.224763093185368,0.673202986163521,0.43333856612616,1.04583874135851,0.326797013836479,-0.0458387413585051,0.56666143387384,157,0.0783133035796837,7,598589012
815,-0.227261613109066,0.213515697465266,0.796712324635422,0.524271976457132,1.21072755502864,0.203287675364578,-0.210727555028643,0.475728023542868,169,0.287157067343734,8,517344678
566,-0.80276369938018,0.20810678648254,0.448088868352866,0.298004853461941,0.673759610319215,0.551911131647134,0.326240389680785,0.701995146538059,172,0.000114571207852391,9,56358399
191,-0.59241835580782,0.21022763761093,0.552988343796393,0.366243467832263,0.834953071476296,0.447011656203607,0.165046928523704,0.633756532167737,161,0.00483260485176211,7,995327766
15,-0.677516526716751,0.224190061139057,0.507876725740595,0.327285967389869,0.788114353346918,0.492123274259405,0.211885646653082,0.672714032610131,149,0.00251058150563446,8,824416388
666,-0.725639649566684,0.203459417181746,0.484014870014652,0.324843165909157,0.72118000001519,0.515985129985348,0.27881999998481,0.675156834090843,188,0.000361769699663654,7,573917485
741,-0.217901495344337,0.224415407782742,0.804204655667711,0.518016796188308,1.2485022357509,0.195795344332289,-0.248502235750901,0.481983203811692,157,0.33156129438069,8,597679645
766,-0.748376581701508,0.217223770313822,0.473134024041251,0.30908858877693,0.724244804996746,0.526865975958749,0.275755195003254,0.69091141122307,161,0.000570663749038119,8,942465812
991,-0.565416100104471,0.206627911275711,0.568123701237012,0.378931676057532,0.851775030436457,0.431876298762988,0.148224969563543,0.621068323942468,171,0.0062115942565748,7,16517214
692,-0.651310146219902,0.235757759929332,0.521362268305756,0.328444677473572,0.827593300959473,0.478637731694244,0.172406699040527,0.671555322526428,143,0.00573387023820816,9,867958141
167,-0.674495567954678,0.260985763734756,0.509413320210934,0.305435007212341,0.849614237663069,0.490586679789066,0.150385762336931,0.694564992787659,132,0.00975442957185336,7,662338748
916,-0.570571849475568,0.213530094614287,0.565202135723125,0.371917529367749,0.858936266782169,0.434797864276875,0.141063733217831,0.628082470632251,160,0.00753801977062594,8,237616121
841,-0.782395345172939,0.237171324885158,0.457309284722549,0.287295895340722,0.727931673529228,0.542690715277451,0.272068326470772,0.712704104659278,145,0.000970778058566313,8,441401942
42,-0.495790526428653,0.220784340824337,0.609089215803966,0.395138128503683,0.938886040214751,0.390910784196034,0.0611139597852489,0.604861871496317,171,0.0247304504534694,8,105646791
117,-1.07268894543239,0.222082693857887,0.342087425170909,0.22136042424127,0.528657310181667,0.657912574829091,0.471342689818333,0.77863957575873,164,1.36441890720392e-06,8,880803385
640,-0.459578459462923,0.209676472995654,0.631549813250206,0.418726718525381,0.952542909181932,0.368450186749794,0.0474570908180683,0.581273281474619,169,0.0283906556034524,7,933582887
367,-0.250248180215312,0.225504033445761,0.778607524107894,0.50045981951566,1.21134535272807,0.221392475892106,-0.211345352728073,0.49954018048434,171,0.26711617660193,8,405794852
391,-1.17306883190628,0.223295000182523,0.309415937275528,0.199743948494406,0.479304744708072,0.690584062724472,0.520695255291928,0.800256051505594,155,1.49277255402813e-07,8,542220786
867,-1.18463720300512,0.20897267300046,0.305857123417672,0.203067647641489,0.46067692727938,0.694142876582328,0.53932307272062,0.796932352358511,177,1.43749254790096e-08,8,653760427
966,-0.853002015661479,0.230209350356914,0.426133749655899,0.271388460403087,0.669114568563765,0.573866250344101,0.330885431436235,0.728611539596913,146,0.000211114228244469,7,207422339
792,-0.600651441468751,0.223999883845955,0.548454233861699,0.353566693110217,0.850764657707886,0.451545766138301,0.149235342292114,0.646433306889783,161,0.00732970678707298,9,946327564
267,-0.875717065687356,0.203410478097705,0.416563209373947,0.279600277303378,0.620617794365207,0.583436790626053,0.379382205634793,0.720399722696622,189,1.66856151725043e-05,7,101172419
142,-0.706922149533471,0.214923548868817,0.493159735887401,0.323626707503256,0.751503258111304,0.506840264112599,0.248496741888696,0.676373292496744,165,0.00100479889421237,8,960420436
242,-1.00465948766936,0.203429207668507,0.36616929873933,0.245766493290999,0.545558320598633,0.63383070126067,0.454441679401367,0.754233506709001,164,7.86774879167544e-07,8,841589918
891,-0.453233195643386,0.20966383717279,0.63556990421113,0.421402533569565,0.95858252136555,0.36443009578887,0.0414174786344502,0.578597466430435,173,0.0306402486187054,7,190482149
617,-0.397502912508698,0.196939011409266,0.671995985450586,0.456806093121593,0.988556438413143,0.328004014549414,0.0114435615868567,0.543193906878407,204,0.0435489790408083,8,366306699
317,-0.786026036150515,0.21052527535105,0.455651946490602,0.301601703795807,0.688387014157049,0.544348053509398,0.311612985842951,0.698398296204193,153,0.000188730614984838,8,841103864
417,-1.007509596904,0.212030088303099,0.365127162046707,0.240970458072551,0.553253894816199,0.634872837953293,0.446746105183801,0.759029541927449,164,2.01684203677206e-06,7,220759068
467,-0.619770585027406,0.216929845332634,0.538067864260504,0.351711068331774,0.823167231907397,0.461932135739496,0.176832768092603,0.648288931668226,166,0.00427653311083985,6,973562393
442,-0.296640322280758,0.240299267678475,0.743311316806447,0.464117172153707,1.19045738197671,0.256688683193553,-0.190457381976706,0.535882827846293,144,0.217030786321401,8,40145371
592,-0.697414456493192,0.222257653857458,0.497870907975787,0.32205547896959,0.769666896528842,0.502129092024213,0.230333103471158,0.67794452103041,151,0.00170183386972834,8,128830835
492,-1.02931646497922,0.214546701421926,0.357251070748783,0.234612450551129,0.543996395977025,0.642748929251217,0.456003604022975,0.765387549448871,172,1.60551114894752e-06,8,497994385
67,-0.778768603837872,0.204037723137348,0.458970838399827,0.307686093498758,0.684640076209004,0.541029161600173,0.315359923790996,0.692313906501242,168,0.000135200589415934,8,809400396
93,-0.866409621282508,0.213510247307324,0.420458447522704,0.27668322580731,0.638944791746502,0.579541552477296,0.361055208253498,0.72331677419269,170,4.95096183182938e-05,8,699704099
942,-0.546735746086435,0.197279032162098,0.578836198206363,0.393216257850701,0.852079072684758,0.421163801793637,0.147920927315242,0.606783742149299,191,0.00558187368231481,8,350160945
217,-0.755011330678007,0.208672303331833,0.470005289221773,0.312234263058096,0.707497536410154,0.529994710778227,0.292502463589846,0.687765736941904,173,0.000296696445150338,7,763148276
816,-0.935565993920501,0.214332148078417,0.392363727188759,0.257779867532615,0.59721224891225,0.607636272811241,0.40278775108775,0.742220132467385,164,1.27106025186577e-05,8,892145645
342,-0.771650026775709,0.222727603268099,0.46224971430148,0.298738070610635,0.715258011592024,0.537750285698519,0.284741988407976,0.701261929389365,151,0.000531127297458174,7,786959116
718,-0.918427533753664,0.208848237244352,0.399146191782567,0.26506967660074,0.601040769572814,0.600853808217433,0.398959230427186,0.73493032339926,167,1.094628464758e-05,7,72699510
667,-0.642889217009141,0.217234514286627,0.525771160491215,0.343468099300093,0.804835481861602,0.474228839508785,0.195164518138398,0.656531900699907,160,0.00308213877790763,9,793055316
767,-0.403185013265121,0.249742894760202,0.66818846415737,0.409559907392608,1.09013557131457,0.33181153584263,-0.0901355713145742,0.590440092607392,126,0.106440618852502,7,984334552
542,-0.712411483057606,0.225265455075203,0.490460034177116,0.315396827876405,0.762693292588482,0.509539965822884,0.237306707411518,0.684603172123595,163,0.00156398125095261,9,689775078
742,-0.861359071444468,0.212011811391559,0.422587365444397,0.278902063387833,0.640296738087978,0.577412634555603,0.359703261912022,0.721097936612167,144,4.84900373890408e-05,6,89242604
291,-0.701981155114664,0.201301500256416,0.495602465176279,0.334029874414311,0.735328850209816,0.504397534823721,0.264671149790184,0.665970125585689,177,0.000488082951052381,8,435663450
517,-0.76892865166979,0.226656253055117,0.463509382403994,0.297254458451297,0.72275096796145,0.536490617596006,0.27724903203855,0.702745541548703,165,0.000692609288271953,9,382448626
842,-0.520525885171583,0.214954368411233,0.594207980624285,0.389914144821234,0.905540691270564,0.405792019375715,0.0944593087294356,0.610085855178766,175,0.0154538548171718,8,505642297
917,-0.499298783628981,0.215175399254084,0.606956118092506,0.398106860297396,0.925368954995458,0.393043881907494,0.0746310450045417,0.601893139702604,161,0.0203177953588357,7,884590418
567,-0.456891239495616,0.20472945873063,0.633249208820943,0.423944128354399,0.945890115352955,0.366750791179057,0.0541098846470447,0.576055871645601,173,0.0256359258477097,7,805299333
118,-0.913616070958463,0.204472842640465,0.401071296404934,0.268642043633545,0.598782612819017,0.598928703595066,0.401217387180983,0.731357956366455,169,7.88976417984677e-06,9,772016515
192,-0.862222972677631,0.20500016006993,0.422222449346699,0.282517183629163,0.631012225317694,0.577777550653301,0.368987774682306,0.717482816370837,172,2.59973414941354e-05,8,604886928
368,-0.578389891705086,0.218537976090677,0.560800589713291,0.36541687490554,0.860653470106088,0.439199410286709,0.139346529893912,0.63458312509446,160,0.00812974495155251,8,426972791
16,-0.656815109073836,0.205545043622637,0.518500073750781,0.346568083049892,0.775727309086518,0.481499926249219,0.224272690913482,0.653431916950108,168,0.00139598379987225,7,947484298
967,-0.743035077162459,0.220414610118931,0.475668033264172,0.308806696761759,0.732691616606886,0.524331966735828,0.267308383393114,0.691193303238241,154,0.000748743662676708,7,308898090
641,-0.774253227346508,0.213208866505038,0.461047950476159,0.30357246672615,0.700212423513425,0.538952049523841,0.299787576486575,0.69642753327385,160,0.000281854326358161,9,605908980
693,-0.468342457194575,0.228823705715419,0.626039095351105,0.399784878934436,0.980339601519309,0.373960904648895,0.0196603984806912,0.600215121065564,156,0.0406836943942575,7,856547597
43,-1.03336206982805,0.219412307968514,0.355808693695783,0.231447481905677,0.546991591643642,0.644191306304217,0.453008408356358,0.768552518094323,161,2.48104290288618e-06,7,101625297
168,-0.794895588369209,0.221732426516094,0.451628387717372,0.292443685647936,0.697461462162477,0.548371612282628,0.302538537837523,0.707556314352064,154,0.000337166524968006,8,55820734
992,-0.82948893599307,0.2163927394444,0.4362721923718,0.285472118879333,0.666732101839163,0.5637278076282,0.333267898160837,0.714527881120667,168,0.000126457827806188,9,890837848
143,-0.74390499420965,0.219776018149602,0.475254421463294,0.308924590842513,0.731138833928422,0.524745578536706,0.268861166071578,0.691075409157487,167,0.00071221718549685,8,751863303
392,-0.577938714023766,0.21377832401251,0.561053667510274,0.369008156900833,0.853046774007555,0.438946332489726,0.146953225992445,0.630991843099167,157,0.00686240574796427,9,294962665
868,-1.09485044754686,0.197384329111646,0.33458964190883,0.227247255337947,0.492636218229322,0.66541035809117,0.507363781770678,0.772752744662053,185,2.90953218136234e-08,8,556504301
793,-0.511241776141627,0.216097630726497,0.599750360522252,0.392670143324734,0.916037292524944,0.400249639477748,0.0839627074750557,0.607329856675266,166,0.01799160993717,8,279098521
268,-0.497477748743732,0.213849607855795,0.608062413352778,0.399870202513812,0.924649789376674,0.391937586647222,0.075350210623326,0.600129797486188,155,0.0200027001141634,8,602509312
243,-0.679396428491369,0.219728763445708,0.50692286424646,0.329540212599627,0.779785836358734,0.49307713575354,0.220214163641266,0.670459787400373,158,0.00198827809845474,8,997954780
443,-0.566251405300166,0.235544934767261,0.567649342702227,0.357753529707968,0.900692095290579,0.432350657297773,0.0993079047094212,0.642246470292032,136,0.0162165129895275,7,963107756
892,-0.803824385996562,0.232440363507582,0.447613838460715,0.283824517755259,0.705922624183944,0.552386161539285,0.294077375816056,0.716175482244741,148,0.000543805164553529,7,144494295
493,-0.486289539942843,0.224497120476862,0.6149037423419,0.396017922184367,0.954771466555107,0.3850962576581,0.0452285334448926,0.603982077815634,148,0.0303013930328771,7,204895153
468,-0.510427866439126,0.200460514038608,0.60023870186568,0.405220767976488,0.889111634175427,0.39976129813432,0.110888365824573,0.594779232023512,184,0.0108878954744817,9,368541200
318,-0.623594087930097,0.20717174319989,0.536014488265751,0.357134347945976,0.804491456179558,0.463985511734249,0.195508543820442,0.642865652054024,178,0.00261218043887286,8,237877792
343,-0.945667965697713,0.21952987282838,0.388420032971856,0.252602389378382,0.597263241987249,0.611579967028144,0.402736758012751,0.747397610621618,158,1.64963861514605e-05,8,678783928
618,-0.797450868939386,0.217628386092979,0.4504758236627,0.294053172928643,0.690108070195291,0.5495241763373,0.309891929804709,0.705946827071357,147,0.000248037438830614,7,868126786
719,-0.791240122974704,0.166688708345075,0.453282320765648,0.326951319904489,0.62842646537935,0.546717679234352,0.37157353462065,0.673048680095511,158,2.06646868147561e-06,9,976883993
418,-0.682525298692492,0.207889434335077,0.505339247160352,0.336222847332003,0.759519338875946,0.494660752839648,0.240480661124054,0.663777152667997,161,0.00102666111328641,7,985607760
593,-0.781991831064096,0.199395583264073,0.457493852706428,0.309499131519288,0.676255937251723,0.542506147293572,0.323744062748277,0.690500868480712,173,8.78858467936014e-05,8,378158853
518,-1.06765543861199,0.216413002800649,0.343813665435057,0.224963496011838,0.525453411933416,0.656186334564943,0.474546588066584,0.775036503988162,165,8.0803671389497e-07,8,312857608
68,-0.873052614070644,0.222805254124801,0.417674601858868,0.26988943935338,0.646383472639494,0.582325398141132,0.353616527360506,0.73011056064662,164,8.91179443906098e-05,7,531169519
94,-0.727615119061246,0.219815673744442,0.483059657211542,0.313973741352161,0.743204292882585,0.516940342788458,0.256795707117415,0.686026258647839,163,0.000932577078202772,9,323829111
218,-0.954158829844668,0.230382458855987,0.385135973222798,0.245195322375962,0.604945136933874,0.614864026777202,0.395054863066126,0.754804677624038,162,3.44846803608212e-05,8,531891883
817,-0.390307303422016,0.221563054591104,0.676848844569524,0.438426582147819,1.04492833475284,0.323151155430476,-0.0449283347528395,0.561573417852181,164,0.0781355101793559,8,928311196
943,-0.658111347760189,0.213580347417894,0.517828409309071,0.340710840500463,0.787020046364502,0.482171590690929,0.212979953635498,0.659289159499536,181,0.00206078712155928,7,429595686
119,-0.34438600451948,0.236886930004895,0.708655331087523,0.445447512648956,1.12738844424647,0.291344668912477,-0.127388444246469,0.554552487351043,154,0.146002014406179,9,50102471
369,-0.536312576461151,0.22946125713354,0.584901058712075,0.373047927255813,0.917065136909093,0.415098941287925,0.0829348630909075,0.626952072744187,150,0.0194252255033075,8,12848541
543,-0.628494439299715,0.225166286745182,0.533394254211214,0.34307292267809,0.829297247374128,0.466605745788786,0.170702752625872,0.65692707732191,154,0.00525055914589848,7,565475498
193,-0.901457780714614,0.221968791924813,0.405977402127231,0.26276146945755,0.627251976396037,0.594022597872769,0.372748023603963,0.73723853054245,165,4.88228934131671e-05,9,186714106
743,-0.528054791281841,0.202680624013212,0.589751043511952,0.396411877041181,0.877386156841371,0.410248956488048,0.122613843158629,0.603588122958819,190,0.00917793573692768,8,358025195
768,-0.465004598386385,0.228054657081567,0.628132216788366,0.401726603400733,0.982135806858409,0.371867783211634,0.0178641931415907,0.598273396599267,146,0.0414495231440386,8,463048744
668,-0.726843031261325,0.199036029184607,0.483432765697229,0.327277619135673,0.714094778515206,0.516567234302771,0.285905221484794,0.672722380864327,183,0.000260392048337817,6,998564653
292,-0.212078251933453,0.224303015618182,0.808901396991549,0.521156924372179,1.25551717621927,0.191098603008451,-0.255517176219274,0.478843075627821,157,0.344404238051148,8,705853148
694,-0.834628447556525,0.230813553871155,0.434035718508889,0.276093776709416,0.682329776450562,0.565964281491111,0.317670223549438,0.723906223290584,153,0.000299157160845722,8,895702122
918,-0.514747708442538,0.221833695416003,0.597651357991202,0.386921378850866,0.92315174408184,0.402348642008798,0.0768482559181597,0.613078621149134,161,0.0203180790967018,8,938378759
843,-0.602022110738835,0.208158778136625,0.547702999461865,0.364216860204754,0.823626274332501,0.452297000538135,0.176373725667499,0.635783139795246,167,0.0038264038072816,9,600788288
169,-0.636308125648187,0.219987031415558,0.529242719326647,0.343875782470859,0.814532078844489,0.470757280673353,0.185467921155511,0.656124217529141,160,0.00382213311075318,9,861364796
568,-0.49072572002433,0.198966352150731,0.612181960229539,0.414495730685131,0.904151055575456,0.387818039770461,0.0958489444245435,0.585504269314869,182,0.0136488198431427,8,527337212
993,-0.695255523403396,0.216822881980718,0.498946939075088,0.326207837272738,0.763157777243276,0.501053060924912,0.236842222756724,0.673792162727262,175,0.00134332410937899,8,702150584
17,-0.940317825281618,0.224618989453033,0.390503703683877,0.251436965549741,0.606486569138372,0.609496296316123,0.393513430861628,0.748563034450259,162,2.83564392066577e-05,7,128109575
393,-0.790338491821256,0.216945390690648,0.453691198528122,0.29654875345781,0.69410409324539,0.546308801471878,0.30589590675461,0.70345124654219,156,0.000269447781340816,9,29962410
869,-0.860472262868008,0.211068981753907,0.422962285761082,0.279665826499994,0.639681642248282,0.577037714238918,0.360318357751718,0.720334173500006,166,4.56725336180914e-05,8,718052921
968,-0.44327204072451,0.213955026162984,0.641932551535755,0.422056458358592,0.976356107246417,0.358067448464245,0.0236438927535834,0.577943541641408,173,0.0382840890594355,8,134371635
642,-0.893527367374022,0.225208361415059,0.40920977080219,0.263177217016574,0.636273300623266,0.59079022919781,0.363726699376734,0.736822782983426,143,7.26126663020634e-05,8,753841840
44,-0.486310160692819,0.206751587862456,0.614891062696302,0.410025540775466,0.922115774224011,0.385108937303698,0.0778842257759889,0.589974459224534,172,0.0186653886909078,9,509574587
794,-0.598187956759369,0.242779513169222,0.549807008065758,0.341629979555012,0.884839634132705,0.450192991934242,0.115160365867295,0.658370020444988,139,0.0137428899300672,8,357325837
244,-0.443876605168277,0.201190736598671,0.641544579228747,0.43248691693684,0.951657567014673,0.358455420771253,0.048342432985327,0.56751308306316,186,0.0273666592600255,7,94329205
144,-1.02385564242302,0.234541524161035,0.359207291881094,0.226831328793555,0.568836232749765,0.640792708118906,0.431163767250235,0.773168671206445,157,1.26919867840344e-05,7,212551869
319,-0.563022315221704,0.225158997648513,0.569485296197106,0.366291490140123,0.885397316930951,0.430514703802894,0.114602683069049,0.633708509859877,151,0.012399909831271,9,920465174
269,-0.664573353487761,0.224627145914857,0.514492987526119,0.33126571230571,0.799065597133909,0.485507012473881,0.200934402866091,0.66873428769429,153,0.00309077991246154,7,308362138
619,-0.58706823828251,0.198822286560234,0.555954824861014,0.376531805231176,0.820875588707504,0.444045175138986,0.179124411292496,0.623468194768824,185,0.00314978825321117,7,760708459
720,-0.620126233604637,0.202331732710867,0.537876535215094,0.361790797145549,0.799664251875935,0.462123464784906,0.200335748124065,0.638209202854451,166,0.00217743845733977,10,1778456
893,-0.673523517574844,0.213752124033861,0.50990873636806,0.335387069671282,0.775244316005707,0.49009126363194,0.224755683994293,0.664612930328718,165,0.00162737056625458,8,567690385
494,-0.879708856279635,0.200118732877909,0.414903690702806,0.280288915884392,0.614170103786096,0.585096309297194,0.385829896213904,0.719711084115608,171,1.10297156405392e-05,9,317298669
594,-0.541677796607379,0.220990173651392,0.581771339093262,0.377263808897756,0.897138508936844,0.418228660906738,0.102861491063156,0.622736191102244,161,0.0142404657347808,7,896074413
444,-0.549394037835659,0.219256605795388,0.577299526082842,0.37563810395385,0.887222939599385,0.422700473917158,0.112777060400615,0.62436189604615,149,0.0122204909501334,9,771207933
95,-0.725270975825357,0.206901860554711,0.48419334648541,0.322777783002074,0.726330029905542,0.51580665351459,0.273669970094458,0.677222216997927,164,0.000455944966656819,7,589161441
344,-0.649033261065569,0.219157088251732,0.522550702765456,0.340080385629165,0.802925568481402,0.477449297234544,0.197074431518598,0.659919614370835,162,0.00306146561098139,8,460096483
469,-0.852702415658465,0.22204758474101,0.426261438455407,0.275847339345447,0.658693371287259,0.573738561544593,0.341306628712741,0.724152660654553,170,0.000122944761008231,8,250255713
944,-0.230806991311,0.22917883462641,0.793892679434273,0.506622436907542,1.24405383683066,0.206107320565727,-0.244053836830664,0.493377563092458,151,0.313884651923894,8,527209664
544,-0.556375905008508,0.237785890791091,0.573282935440165,0.35972059028122,0.913635007131395,0.426717064559835,0.0863649928686051,0.64027940971878,154,0.0192930962023863,7,150929464
744,-0.923777517997519,0.214025559205944,0.397016468019626,0.260993466167912,0.603931118250184,0.602983531980374,0.396068881749816,0.739006533832088,164,1.58736825334542e-05,8,585180016
419,-0.510502607089447,0.215559390192891,0.600193841311229,0.39337526560714,0.915748087495897,0.399806158688771,0.0842519125041029,0.60662473439286,183,0.017871539897344,8,514913269
769,-0.400106135564239,0.222764261995774,0.670248905014696,0.433130562625172,1.03717824009146,0.329751094985304,-0.0371782400914586,0.566869437374828,156,0.072479153674141,8,844252862
695,-0.834156615012278,0.216943516029798,0.434240559007653,0.283836164425249,0.664344036177037,0.565759440992347,0.335655963822963,0.716163835574751,148,0.000120532507548606,9,517975788
69,-0.409216498714501,0.235585716573096,0.664170424712537,0.418551215222447,1.05392682429172,0.335829575287463,-0.0539268242917168,0.581448784777553,147,0.0823840922675253,7,479871070
293,-0.876056218664161,0.223426591744001,0.41642195467629,0.268752528376775,0.645230187726142,0.58357804532371,0.354769812273858,0.731247471623225,146,8.81813579804149e-05,8,424784794
669,-1.08126672606772,0.23765461681856,0.339165623481747,0.212872642253733,0.540385645303583,0.660834376518253,0.459614354696417,0.787127357746267,157,5.37122304791517e-06,8,823042515
219,-0.499218633643905,0.200790121077578,0.607004767565914,0.409523889404125,0.899715004132889,0.392995232434086,0.100284995867111,0.590476110595874,182,0.0129089659798325,8,694682133
519,-0.430047860594273,0.21071024674209,0.650477961716491,0.430403406522847,0.983081388916425,0.349522038283509,0.0169186110835746,0.569596593477153,176,0.0412563715909258,6,434666747
919,-0.92470233709852,0.222897735654673,0.396649469336443,0.256257143660852,0.613956743906831,0.603350530663557,0.386043256093169,0.743742856339148,158,3.34588196014047e-05,8,830738225
818,-0.342837999228931,0.245988760490654,0.709753182810125,0.438249406078976,1.14945867243987,0.290246817189875,-0.149458672439874,0.561750593921024,151,0.163403962431293,9,948759059
844,-0.70202220553054,0.230347307052714,0.495582120906548,0.315532171822074,0.778372731832635,0.504417879093452,0.221627268167365,0.684467828177926,150,0.00230624275432235,8,747882291
194,-0.606238161185758,0.207989717871407,0.545398716885229,0.362804732166511,0.81988941710808,0.454601283114771,0.18011058289192,0.637195267833489,180,0.00355972853342432,8,317925755
370,-0.619028751352046,0.219895499566535,0.538467169212459,0.349932146349984,0.828580327197744,0.461532830787541,0.171419672802256,0.650067853650016,164,0.00487614158626456,7,94296674
120,-0.548457103417734,0.245113987177315,0.577840671347505,0.357410002287942,0.934220752989265,0.422159328652495,0.065779247010735,0.642589997712058,147,0.0252498023670564,7,678148158
394,-0.67744045224976,0.239530057567604,0.507915363661464,0.317616455699011,0.812231268293698,0.492084636338536,0.187768731706302,0.682383544300989,136,0.00468096097016248,8,48798229
18,-0.969986191414256,0.216998324883181,0.379088272740176,0.247759913389655,0.580028934313999,0.620911727259824,0.419971065686001,0.752240086610345,158,7.82133967769978e-06,9,733283969
569,-0.34198065090855,0.230823769357635,0.710361949434525,0.451858172688871,1.1167532861066,0.289638050565475,-0.116753286106598,0.548141827311129,157,0.138455808813254,9,577911976
994,-0.812490799108091,0.219548589792981,0.443751392970898,0.288575615681846,0.682369847148524,0.556248607029102,0.317630152851476,0.711424384318154,164,0.000214977244155636,8,568522709
170,-0.948571130209935,0.201999972271809,0.387294021006155,0.26067423298207,0.575418049537077,0.612705978993845,0.424581950462923,0.73932576701793,178,2.65438852698603e-06,9,542092368
870,-0.957991163797165,0.211733801601398,0.383662828151205,0.253350394672627,0.581002314581691,0.616337171848795,0.418997685418309,0.746649605327373,165,6.05363193160832e-06,9,32742599
969,-0.568031264659142,0.225943442009332,0.566639905301787,0.363901419512468,0.882329018420928,0.433360094698213,0.117670981579072,0.636098580487532,159,0.0119356275867071,9,62961204
45,-0.939400386056507,0.227901027224323,0.390862131491913,0.250054048257593,0.610960737884244,0.609137868508087,0.389039262115756,0.749945951742407,155,3.75651934902295e-05,7,745750823
643,-0.601791618120002,0.205175683094033,0.547829255510538,0.366437037105446,0.819013535214422,0.452170744489462,0.180986464785578,0.633562962894554,158,0.00335644137555119,8,611890618
270,-0.649496963998062,0.201795656844174,0.522308450643057,0.351688589578585,0.775703635821804,0.477691549356943,0.224296364178196,0.648311410421415,188,0.00128823692403473,8,775793621
245,-0.762984488317896,0.222565048556317,0.466272762743654,0.30143406768555,0.721253211177835,0.533727237256346,0.278746788822165,0.69856593231445,157,0.000607728519960386,7,108035228
795,-0.818755361153372,0.202608920114514,0.440980174136091,0.296454494602757,0.655964127788564,0.559019825863909,0.344035872211436,0.703545505397243,186,5.32095155842751e-05,9,927994075
145,-0.731577539269389,0.209122100909875,0.481149359065486,0.319355835711654,0.724911461890909,0.518850640934514,0.275088538109091,0.680644164288346,167,0.000468186321138864,7,806372739
495,-0.66588213520551,0.205766250761601,0.513820068957949,0.343291075203924,0.76905891919014,0.486179931042051,0.23094108080986,0.656708924796076,178,0.00121170858556855,8,109995731
96,-0.813747456335783,0.202223645777994,0.4431940998122,0.298167902814093,0.658759739913435,0.556805900187801,0.341240260086565,0.701832097185908,181,5.72185110309604e-05,8,256737538
620,-0.879115373056246,0.205000382350621,0.415150002166191,0.277784751804673,0.620442710331982,0.584849997833809,0.379557289668018,0.722215248195327,189,1.79997457235376e-05,8,111264083
320,-0.583689600719095,0.213211435517436,0.557836371458005,0.367299996595556,0.847213232250813,0.442163628541995,0.152786767749187,0.632700003404444,173,0.00618875581047039,9,196880954
721,-0.862905130963966,0.205973469482311,0.421934525020349,0.281786464512256,0.631786000481949,0.578065474979651,0.368213999518051,0.718213535487744,176,2.79693732885035e-05,8,200472277
345,-0.633930893789618,0.228603616704973,0.530502348602163,0.338921843182425,0.830376523477507,0.469497651397837,0.169623476522493,0.661078156817575,154,0.00555323672243173,9,232631283
894,-0.528522742532858,0.225754212222667,0.589475133334643,0.378706845528994,0.91754595123444,0.410524866665357,0.0824540487655597,0.621293154471006,154,0.0192248365391628,8,398391909
445,-0.595422574537808,0.211630732548095,0.551329538810604,0.364142068886374,0.834740850719893,0.448670461189396,0.165259149280107,0.635857931113626,168,0.0049005740144073,9,35203702
770,-0.201008988270514,0.213458149196456,0.817905079968707,0.538278457941246,1.24279303763562,0.182094920031293,-0.242793037635618,0.461721542058754,171,0.346357173382999,9,277969271
595,-0.859430886090529,0.220518897654978,0.423402978286878,0.274819713548049,0.652318859181313,0.576597021713122,0.347681140818687,0.725180286451951,160,9.72663852281922e-05,8,138028398
470,-0.348910214521084,0.22649327821877,0.705456467173304,0.452562735904064,1.09966815116244,0.294543532826696,-0.0996681511624435,0.547437264095936,155,0.123441405478241,9,138205276
70,-0.897181628549224,0.210109751813685,0.407717140316053,0.27009293516202,0.61546691848042,0.592282859683947,0.38453308151958,0.72990706483798,173,1.95418796679851e-05,7,343881986
195,-0.416857078637563,0.226300197941628,0.659115114842945,0.422993986521797,1.02704234210678,0.340884885157055,-0.0270423421067765,0.577006013478203,158,0.0654673200952738,9,943197853
420,-0.994191721767409,0.220303341316693,0.370022404761604,0.240273280081863,0.569836895633638,0.629977595238396,0.430163104366362,0.759726719918137,155,6.39680285440056e-06,8,884299714
121,-0.513481841520424,0.203547212851029,0.598408384122319,0.401548463064581,0.891779267326676,0.401591615877681,0.108220732673324,0.598451536935419,174,0.0116468625844961,8,708913848
945,-0.657266180126378,0.229036043819531,0.518266246117174,0.330824062823339,0.811911623272159,0.481733753882826,0.188088376727841,0.669175937176661,150,0.00410853209279873,8,276065303
745,-0.335844804780428,0.225431532036871,0.714734020512369,0.459469604452693,1.11181395924172,0.285265979487631,-0.111813959241718,0.540530395547307,153,0.136280438262363,7,174357080
395,-0.305739172856208,0.232526777758364,0.736578714125442,0.466973259696232,1.16183997870803,0.263421285874558,-0.161839978708031,0.533026740303768,149,0.188558383697235,7,192137385
545,-0.674582157870075,0.189310901172397,0.509369212064323,0.351472183982113,0.738200648652849,0.490630787935677,0.261799351347151,0.648527816017887,202,0.000366143422531059,8,148570031
696,-1.05128553478465,0.233679543975441,0.349488180991853,0.221067095299632,0.55251094011727,0.650511819008147,0.44748905988273,0.778932904700368,142,6.83271041294008e-06,7,560802067
220,-1.00971370970304,0.218101045738117,0.364323266858852,0.237595910262841,0.558643634176497,0.635676733141148,0.441356365823503,0.762404089737159,155,3.66428672365285e-06,7,878550335
294,-0.613278886634147,0.197193415615205,0.541572200791621,0.367963739649761,0.797090628955593,0.458427799208379,0.202909371044407,0.632036260350239,189,0.00187063691756234,8,337310830
371,-0.717556539848833,0.217907401311616,0.487943069961702,0.318336207509597,0.747915046755943,0.512056930038298,0.252084953244057,0.681663792490403,161,0.000991447533501917,7,160416259
520,-0.515986126006405,0.230892130939353,0.596911674165653,0.379642071609488,0.938524924923886,0.403088325834347,0.0614750750761145,0.620357928390512,153,0.0254337841544006,7,804964615
670,-0.53234058720833,0.217764001939611,0.58722889944997,0.383218411189003,0.899846589518761,0.41277110055003,0.100153410481239,0.616781588810997,164,0.0145022643367153,8,289788787
570,-0.55832801731562,0.223055680301641,0.572164914372818,0.369535259867362,0.885903795369241,0.427835085627182,0.114096204630759,0.630464740132638,143,0.0123114896130691,8,200238176
819,-0.549497991468472,0.213010553027946,0.577239516819029,0.380225415393568,0.876336631607248,0.422760483180971,0.123663368392752,0.619774584606432,173,0.00988933466504351,8,170570365
845,-0.672536309813173,0.214658051879769,0.510412370785347,0.335122762021597,0.7773891175853,0.489587629214653,0.2226108824147,0.664877237978403,169,0.00172994750999316,8,573380935
920,-0.104999248898981,0.220595344168194,0.900325198821186,0.584289804518988,1.38730037279996,0.0996748011788141,-0.38730037279996,0.415710195481012,173,0.634087731951539,7,9103645
995,-0.58992316351199,0.210576852334392,0.554369878932647,0.366907241780651,0.837612147354474,0.445630121067353,0.162387852645526,0.633092758219349,174,0.0050871546900913,9,882730395
19,-0.920898949147584,0.207066556936046,0.398160953707521,0.265340348484098,0.597467162318072,0.601839046292479,0.402532837681928,0.734659651515902,166,8.69332002866739e-06,8,380630944
871,-0.519350758171855,0.202091218281106,0.594906660904399,0.400339529730859,0.884034448025533,0.405093339095601,0.115965551974467,0.599660470269141,183,0.010173290813374,8,357544419
970,-1.00328020889011,0.195592309000684,0.366674696744944,0.249915082159199,0.537984070714669,0.633325303255056,0.462015929285331,0.750084917840801,200,2.90595941214972e-07,8,468313058
246,-0.703417668865112,0.21981637455679,0.494891036531153,0.321663327817022,0.761408332435708,0.505108963468847,0.238591667564292,0.678336672182978,159,0.00137416155915743,8,390249078
796,-0.654574452385468,0.199911176972678,0.519663156957424,0.351202197768097,0.768929688980117,0.480336843042576,0.231070311019883,0.648797802231903,177,0.00105914179747014,9,939128690
171,-0.631856577637344,0.20588886089565,0.531603920301687,0.355087397448477,0.795868087999737,0.468396079698313,0.204131912000263,0.644912602551523,161,0.00214833641844471,7,952232474
46,-0.568045028186021,0.22973285355667,0.56663210639189,0.361203724069433,0.888894334689614,0.43336789360811,0.111105665310386,0.638796275930567,163,0.0134121808153507,7,275797502
722,-0.643744180620689,0.21821711688636,0.525321837385816,0.342514299930984,0.805697843535339,0.474678162614184,0.194302156464661,0.657485700069016,155,0.00317756557504684,7,79477290
621,-0.664691609806926,0.219303716774042,0.514432149076514,0.334700560423834,0.790678198053701,0.485567850923486,0.209321801946299,0.665299439576166,155,0.00243811351922367,9,57506219
271,-0.860646011169774,0.213027940541897,0.422888803166143,0.278545710413915,0.642030852234438,0.577111196833857,0.357969147765562,0.721454289586085,159,5.34371548978584e-05,8,971450432
644,-0.595617412240748,0.219552501657179,0.551222129493731,0.358462076555545,0.847637325999036,0.448777870506269,0.152362674000964,0.641537923444455,160,0.00667032532378783,8,652697132
146,-0.487577259341855,0.236929691007682,0.614112428468822,0.385987257938142,0.977063535243211,0.385887571531178,0.0229364647567893,0.614012742061858,151,0.0395998763088045,9,128603901
321,-0.582457587631332,0.216504447271173,0.558524056700097,0.365386892702264,0.853750170417102,0.441475943299903,0.146249829582898,0.634613107297736,169,0.0071392087085592,8,970269159
97,-1.05850027937337,0.238358645939798,0.346975787067484,0.217474290330088,0.553592779304468,0.653024212932516,0.446407220695532,0.782525709669912,145,8.9629948605381e-06,7,249607404
895,-1.07952694672627,0.208097949402941,0.339756210423324,0.225961322708726,0.510858589148983,0.660243789576676,0.489141410851017,0.774038677291274,169,2.13032398934544e-07,9,429009206
596,-0.909708886504101,0.201063028724385,0.402641421325707,0.271502160654932,0.597122740298314,0.597358578674293,0.402877259701686,0.728497839345069,171,6.05395732696912e-06,8,586744552
496,-0.690266374469676,0.22004508364792,0.501442479799831,0.325775490798802,0.771833878390487,0.498557520200169,0.228166121609513,0.674224509201198,160,0.00170725956285563,8,795842328
471,-0.509107110837391,0.232890226307498,0.60103199425091,0.380768550765289,0.948711382248316,0.39896800574909,0.0512886177516837,0.619231449234711,141,0.0288127542308623,8,753339822
421,-0.869084287163684,0.197084857287873,0.419335364264428,0.284972239321811,0.617050096322567,0.580664635735572,0.382949903677433,0.715027760678189,180,1.03515879214969e-05,7,538733659
946,-0.700023331954408,0.217296176774344,0.496573717620907,0.324355217832104,0.760232743225014,0.503426282379093,0.239767256774986,0.675644782167895,171,0.00127513888307388,9,518822325
346,-0.979326359277135,0.208319758809411,0.375564008867008,0.249667415748028,0.564944866087806,0.624435991132992,0.435055133912194,0.750332584251972,168,2.58798175911445e-06,8,146175033
546,-0.719529348205414,0.2258178008454,0.48698140070222,0.3128210100366,0.758104081954565,0.51301859929778,0.241895918045435,0.6871789899634,153,0.00144091651760717,7,572792559
446,-0.791230110228098,0.201016909818228,0.453286859389388,0.305680141251133,0.672169857204729,0.546713140610612,0.327830142795271,0.694319858748867,189,8.28036904760058e-05,9,393413171
697,-0.769643351699528,0.219424458795034,0.463178230585809,0.301282357768752,0.712069816757294,0.536821769414191,0.287930183242706,0.698717642231248,170,0.000452244902965747,8,287312676
396,-0.777551935103211,0.207780482559945,0.459529593710161,0.305809109268189,0.690520462260775,0.540470406289839,0.309479537739225,0.694190890731811,174,0.000182430872171738,8,617164371
771,-0.940704725500885,0.221197302847502,0.390352646939126,0.253030948269614,0.602199810001186,0.609647353060874,0.397800189998814,0.746969051730386,159,2.11127602679561e-05,9,444417355
521,-1.10318409315845,0.228733677374164,0.331812876766605,0.211931141172041,0.519507348373848,0.668187123233394,0.480492651626152,0.788068858827959,161,1.41410111382216e-06,7,582752538
221,-0.514307803208081,0.223208220745144,0.597914325788176,0.386050195845331,0.926049370859432,0.402085674211824,0.0739506291405679,0.613949804154669,165,0.0212135758623918,9,66909694
571,-0.844671256127962,0.211150453571311,0.42969859577416,0.28407455989176,0.649973314332117,0.57030140422584,0.350026685667883,0.71592544010824,154,6.32545150436651e-05,9,72684344
196,-0.744398298103274,0.217273061475187,0.475020034423497,0.310290701727498,0.727202045847522,0.524979965576503,0.272797954152478,0.689709298272502,158,0.000612324634425556,7,656877175
820,-0.830820690527396,0.204489378523746,0.435691571609389,0.291821633464496,0.650490312585255,0.564308428390611,0.349509687414745,0.708178366535504,169,4.84659892937921e-05,8,718508326
846,-0.8425595685488,0.219057240292937,0.430606943697609,0.280297463502694,0.661519864088295,0.569393056302391,0.338480135911705,0.719702536497306,165,0.000119915585202664,7,939376765
71,-0.945820732014857,0.226247941988056,0.388360700006069,0.249260050025528,0.605087069884473,0.611639299993931,0.394912930115527,0.750739949974472,139,2.90918512185099e-05,8,950612062
746,-0.499821076997568,0.213825139259586,0.606639191708482,0.398953404770414,0.922441329028136,0.393360808291518,0.0775586709718638,0.601046595229586,169,0.0194120317027099,8,161588372
122,-0.756371045390883,0.209062104602485,0.469366650396587,0.311571871281069,0.707076192721437,0.530633349603413,0.292923807278563,0.688428128718931,174,0.000296974252584353,8,865825792
372,-0.584624408920888,0.230168255111466,0.557315145104,0.354961516600968,0.875024915197935,0.442684854896,0.124975084802065,0.645038483399032,157,0.0110856543684068,9,318674477
295,-0.892948744234318,0.215001848333558,0.409446617560469,0.268650332650607,0.624032477375493,0.590553382439531,0.375967522624507,0.731349667349393,177,3.27837498839001e-05,8,2693817
671,-0.684089701885265,0.210279081804791,0.504549310879186,0.334128667241889,0.7618921453524,0.495450689120814,0.2381078546476,0.665871332758111,179,0.00114094447230688,9,780049199
921,-0.907784407335111,0.219232611877545,0.403417042447584,0.262508338733356,0.619962439754971,0.596582957552416,0.380037560245029,0.737491661266644,155,3.46192952108592e-05,8,298049972
20,-1.19708116616378,0.211253453550804,0.302074632044172,0.199661803405308,0.457018226662958,0.697925367955828,0.542981773337042,0.800338196594692,180,1.45689625160982e-08,7,940017165
996,-0.731429158726757,0.204935405666181,0.481220757565414,0.322034958361818,0.719094034665796,0.518779242434586,0.280905965334204,0.677965041638182,180,0.000358248365051067,10,2175438
872,-0.406627015384595,0.222625826325765,0.66589251165098,0.430432131903497,1.03015737954309,0.33410748834902,-0.0301573795430867,0.569567868096503,153,0.0677743433988107,9,45257916
247,-0.636198113140078,0.208598052609535,0.529300945848363,0.351676773092996,0.796639166163774,0.470699054151637,0.203360833836226,0.648323226907004,175,0.00228936162742808,7,328214253
971,-0.69132788724528,0.204157062070892,0.500910474616398,0.335723163730666,0.747375607903297,0.499089525383602,0.252624392096703,0.664276836269334,172,0.000708534926852831,7,108775011
147,-0.754366985662785,0.226692818779722,0.470308232376486,0.301593032162436,0.733404985702598,0.529691767623514,0.266595014297402,0.698406967837564,158,0.000875643165896765,8,739898839
797,-0.505297387491224,0.206037802030585,0.60332612710219,0.4028769660032,0.903507637220534,0.39667387289781,0.096492362779466,0.5971230339968,180,0.0141887135256505,8,395052622
645,-0.917341170869396,0.214558921660569,0.399580045009069,0.262404275062537,0.608466505857795,0.600419954990931,0.391533494142205,0.737595724937463,155,1.90730741559901e-05,7,143906040
172,-0.719230191988505,0.216788200786167,0.487127106008997,0.31850176645918,0.745028261685049,0.512872893991003,0.254971738314951,0.68149823354082,168,0.000907739343748786,8,806796830
47,-0.849544055704029,0.212173920838826,0.427609853782334,0.282127185020785,0.648112612892223,0.572390146217666,0.351887387107777,0.717872814979215,164,6.22807657319557e-05,8,959746717
98,-0.535735174513163,0.237212745551407,0.585238879242486,0.367635392773375,0.931641927054976,0.414761120757514,0.0683580729450236,0.632364607226624,139,0.0239170804215173,9,477733477
723,-0.52271563774847,0.208903974268037,0.592908235746712,0.393702432085853,0.892908316958579,0.407091764253288,0.107091683041421,0.606297567914147,176,0.0123430665607515,8,178705086
597,-0.94320569244292,0.228807025154806,0.389377607652133,0.248662376281225,0.609721999798754,0.610622392347867,0.390278000201246,0.751337623718775,133,3.75147453485508e-05,8,861025035
322,-0.732889007991009,0.198355969020454,0.480518760326289,0.325738761684506,0.708844958553473,0.519481239673711,0.291155041446527,0.674261238315494,184,0.000220045204429106,8,116943480
497,-0.912372316455665,0.22866865155461,0.401570440978091,0.256518462630337,0.628644103873821,0.598429559021909,0.371355896126179,0.743481537369663,156,6.60923061182531e-05,7,649529954
622,-0.531648914677012,0.222791614963837,0.587635210050057,0.379723297466683,0.909386235699359,0.412364789949943,0.0906137643006407,0.620276702533317,166,0.0170185948243546,8,467764257
272,-0.832994814600961,0.201396054723156,0.4347453530459,0.292958643472114,0.645154277596847,0.5652546469541,0.354845722403153,0.707041356527886,170,3.53253767451267e-05,8,689908434
947,-0.803031048638091,0.218543781227194,0.447969088138723,0.291892706162081,0.687500234474541,0.552030911861277,0.312499765525459,0.708107293837919,153,0.000238350133934934,8,608180495
447,-0.549563310380707,0.211429958181773,0.577201813393078,0.38138023336873,0.873568958835227,0.422798186606922,0.126431041164773,0.61861976663127,166,0.0093422565245384,8,759685990
772,-0.559042243787944,0.209004350841484,0.571756404945927,0.379582526729724,0.86122348521448,0.428243595054073,0.13877651478552,0.620417473270276,179,0.00747766105629119,8,370772052
896,-0.579231589554539,0.205007972208479,0.560328763658301,0.374921041333163,0.837425187624615,0.439671236341699,0.162574812375385,0.625078958666837,185,0.00472201407212883,8,551093426
197,-0.761294695924245,0.214562128523541,0.467061332983862,0.306717319097388,0.71122911940749,0.532938667016138,0.28877088059251,0.693282680902612,159,0.000387974131740981,7,854422624
472,-0.995105810233785,0.234723055429359,0.369684326089559,0.233364295778524,0.585635863876946,0.630315673910441,0.414364136123054,0.766635704221476,148,2.24029176156013e-05,8,760585410
422,-1.09112997828571,0.233729859400003,0.33583679093789,0.212411024864157,0.530981620278844,0.66416320906211,0.469018379721156,0.787588975135843,148,3.03646103224707e-06,8,172614122
123,-0.602402746769566,0.232419853952439,0.547494563637739,0.347171185813466,0.863407763839979,0.452505436362261,0.136592236160021,0.652828814186534,157,0.00954549989769637,8,756412448
347,-0.128791985154632,0.238122070792507,0.879156824197106,0.551285382779957,1.40202651054299,0.120843175802894,-0.402026510542995,0.448714617220043,161,0.588600372265349,9,242560336
547,-0.693569064583741,0.208563207015225,0.499789102478378,0.332091269792135,0.752170170304364,0.500210897521622,0.247829829695636,0.667908730207865,191,0.000882720636076364,7,485704383
698,-1.01136220842965,0.20740846918915,0.363723175178441,0.242228123410286,0.546156847104854,0.636276824821559,0.453843152895146,0.757771876589714,187,1.08156804405232e-06,8,283011561
373,-0.773157739413797,0.227529086140164,0.461553299693753,0.295494057097373,0.720933106238383,0.538446700306247,0.279066893761617,0.704505942902627,147,0.000678652583153556,7,965148992
222,-0.969508818366031,0.195513905653122,0.379269282465625,0.258538920908885,0.556377307201203,0.620730717534375,0.443622692798797,0.741461079091115,180,7.09402805991339e-07,9,814876807
572,-0.949770748553301,0.220983811303921,0.386829694557227,0.250852274762388,0.596515270722488,0.613170305442773,0.403484729277512,0.749147725237612,173,1.72408340686816e-05,8,386310160
296,-0.645490481412823,0.209112017523929,0.524405267980931,0.348073190255766,0.79006626417875,0.475594732019069,0.20993373582125,0.651926809744234,175,0.00202312263903498,8,989590017
672,-0.61681133353942,0.205577103027225,0.539662500689859,0.360690491912369,0.807439123517536,0.460337499310141,0.192560876482464,0.639309508087631,164,0.00269634772929475,8,75888497
397,-0.573816159576582,0.204736170045905,0.563371416042038,0.377157774455346,0.84152408861663,0.436628583957962,0.15847591138337,0.622842225544654,168,0.005067517607565,8,469859304
747,-0.838378024720242,0.214715145496771,0.432411315406087,0.283877640540097,0.658662462233663,0.567588684593913,0.341337537766337,0.716122359459903,147,9.43790564564694e-05,9,312644899
847,-0.408538988163673,0.217166123271755,0.664620559651195,0.43423180766077,1.01724581322275,0.335379440348805,-0.0172458132227549,0.56576819233923,167,0.0599409126508068,9,632016637
522,-0.525100725928971,0.219738606768715,0.591495782403976,0.384511923079139,0.909899640562467,0.408504217596024,0.0901003594375328,0.615488076920861,154,0.0168639416704945,8,372682403
72,-0.405104042688071,0.225017691545351,0.666907420408039,0.429071969092756,1.03657553844809,0.333092579591961,-0.0365755384480873,0.570928030907244,157,0.0718099898494592,9,921610721
821,-0.693627377714685,0.199936242019729,0.499759959060731,0.337734494545304,0.739515864426694,0.500240040939269,0.260484135573306,0.662265505454696,182,0.000521927444795404,8,931539814
997,-1.10364746563146,0.213862992373033,0.331659159430262,0.218097901335429,0.504350557068471,0.668340840569738,0.495649442931529,0.781902098664571,161,2.46245067731405e-07,9,751273420
21,-0.699191333988812,0.216140670197157,0.496987037860692,0.325361221473223,0.759144297169639,0.503012962139308,0.240855702830361,0.674638778526777,157,0.00121689521383509,8,256355492
873,-0.79361239248696,0.225006188575576,0.452208287387661,0.290946342631864,0.702852399972688,0.547791712612339,0.297147600027312,0.709053657368136,157,0.00042018696411518,9,623169997
248,-1.00384415481666,0.220395636170248,0.366467970340082,0.237922172745362,0.564465143099184,0.633532029659918,0.435534856900816,0.762077827254638,161,5.24511639637866e-06,7,456019804
798,-0.656618693491147,0.211120784416219,0.518601925247174,0.342868657690489,0.784405196676967,0.481398074752826,0.215594803323033,0.657131342309511,177,0.00186988202064905,6,118012583
922,-0.789898180609972,0.210698756740414,0.453891007835206,0.300333980442249,0.685959832751171,0.546108992164794,0.314040167248829,0.699666019557751,162,0.000177579583878477,8,427753134
173,-1.07195442082356,0.216433511175009,0.342338789108267,0.22398945418332,0.523220376403067,0.657661210891733,0.476779623596933,0.77601054581668,156,7.31487613693254e-07,9,961884454
724,-0.604330159073198,0.20805689580154,0.546440332175323,0.363449767927099,0.821563426304815,0.453559667824677,0.178436573695185,0.636550232072901,162,0.00367676986131874,9,739927143
498,-1.00942587124747,0.223581677594033,0.36442814819903,0.235125019850694,0.56483940026505,0.635571851800971,0.43516059973495,0.764874980149306,149,6.33774664234675e-06,8,250551546
972,-0.604137239389218,0.197351896577918,0.546545761440883,0.371227629112889,0.804660660799462,0.453454238559117,0.195339339200538,0.628772370887111,202,0.00220438303968904,9,288752209
48,-0.229672950496016,0.22425192819643,0.794793496820769,0.512118798147685,1.23349641699037,0.205206503179231,-0.233496416990374,0.487881201852315,153,0.305753189235318,7,572667722
148,-0.976881279331909,0.211086298429143,0.376483416447706,0.248925201834716,0.569407042016783,0.623516583552294,0.430592957983217,0.751074798165284,183,3.69434545593101e-06,8,503318532
646,-0.390782627417815,0.21555554658795,0.676527198521269,0.443408533936719,1.03220622813804,0.323472801478731,-0.0322062281380364,0.556591466063281,161,0.0698458314064729,8,764404615
897,-1.01521461706086,0.214658492320751,0.36232466043377,0.237892228097634,0.551842994654574,0.63767533956623,0.448157005345426,0.762107771902366,157,2.25139165526228e-06,7,378836411
99,-0.721041286470602,0.20540507378197,0.486245671216998,0.32509825042939,0.727271993820287,0.513754328783002,0.272728006179713,0.67490174957061,178,0.000447537002745731,7,517886238
598,-0.853532186266972,0.217883895673892,0.425907885946263,0.277876981838992,0.652797961568191,0.574092114053737,0.347202038431809,0.722123018161008,165,8.95196975201783e-05,8,353800449
323,-0.926012982759591,0.205808657430099,0.396129942962355,0.264638498997321,0.592955795569817,0.603870057037645,0.407044204430183,0.735361501002679,174,6.81494054805593e-06,8,154632529
273,-1.15576913437687,0.215467053210226,0.314815308486132,0.206371610982558,0.480243760202051,0.685184691513868,0.519756239797949,0.793628389017442,163,8.1390824318462e-08,7,742536704
623,-0.877355772926166,0.215739601159533,0.415881143233318,0.272477940285108,0.634756432451291,0.584118856766682,0.365243567548709,0.727522059714891,152,4.76764187952211e-05,8,41208242
423,-0.868699404788548,0.224418454851659,0.419496790118395,0.270211175619917,0.651259358595773,0.580503209881605,0.348740641404227,0.729788824380083,150,0.000108438219662394,9,453175105
548,-0.90417700719985,0.234619574928205,0.404874957200987,0.255630324227733,0.641253073021443,0.595125042799013,0.358746926978557,0.744369675772267,153,0.00011629842627703,8,758662585
124,-0.618724652976179,0.217415003818304,0.538630941104195,0.351744496150641,0.82481259519279,0.461369058895805,0.17518740480721,0.648255503849358,161,0.00442967873057278,7,782676036
948,-0.868489390500242,0.207954473781872,0.419584899690029,0.279131391836145,0.630711891234496,0.580415100309971,0.369288108765504,0.720868608163855,170,2.96231909700372e-05,9,665155064
699,-1.01537578910967,0.209280875268264,0.362266268531611,0.240374112485388,0.545969147670988,0.637733731468389,0.454030852329012,0.759625887514612,176,1.22384778157121e-06,9,582344777
348,-0.536519129955352,0.219886968289585,0.584780257830987,0.380035857651543,0.899830747714413,0.415219742169013,0.100169252285587,0.619964142348457,174,0.0146881998650333,8,692922116
448,-0.639492098136623,0.204808270537305,0.527560304870591,0.353133561603788,0.78814336992252,0.472439695129409,0.21185663007748,0.646866438396211,181,0.00179386740785861,8,576061278
223,-0.78196579772165,0.233116465275445,0.457505762955593,0.289712660265713,0.722479725068306,0.542494237044407,0.277520274931694,0.710287339734287,149,0.000795373863060563,7,992805483
773,-0.830166521560792,0.2240169525446,0.435976680759159,0.281047473107511,0.676311599830902,0.564023319240841,0.323688400169098,0.718952526892489,148,0.000210707840200657,7,674415255
573,-0.981828663097375,0.217279241078364,0.374625408434355,0.244708358687173,0.573516153667716,0.625374591565645,0.426483846332284,0.755291641312827,153,6.22083716563686e-06,8,592327343
198,-0.681694576452332,0.209349272972252,0.505759218127253,0.335540836492965,0.762328631573442,0.494240781872747,0.237671368426558,0.664459163507035,173,0.00112892389098406,8,616539755
748,-0.744590361638411,0.19394052839569,0.474928809157228,0.324747665378952,0.694561956293965,0.525071190842772,0.305438043706035,0.675252334621048,188,0.000123399866914074,8,909043931
374,-0.489703257523073,0.236824708574892,0.61280821343347,0.385246782329488,0.974787911740015,0.38719178656653,0.0252120882599852,0.614753217670512,152,0.0386599756841845,10,262930727
473,-0.919870181930576,0.232081710036812,0.398570779415269,0.252904843140305,0.628136117249303,0.601429220584731,0.371863882750697,0.747095156859695,154,7.38397616042486e-05,8,327660052
297,-0.60330716865509,0.227464456918596,0.546999621424202,0.350242568399572,0.8542896062162,0.453000378575798,0.1457103937838,0.649757431600428,160,0.00799421542949572,9,841725038
398,-0.721699602372008,0.20282116680464,0.485925673301061,0.326533809406461,0.723121934608519,0.514074326698939,0.276878065391481,0.673466190593539,172,0.000373255531487287,7,245979051
523,-0.711190316258639,0.240502110756936,0.491059333534838,0.306491335998165,0.786773525804078,0.508940666465162,0.213226474195922,0.693508664001835,149,0.00310541000103594,8,624787395
848,-0.503279389750285,0.22247905891224,0.60454486715748,0.39088951372067,0.934981583229741,0.39545513284252,0.0650184167702589,0.60911048627933,168,0.0236885851867099,9,54560749
673,-0.872554736401007,0.237503788140314,0.417882604491945,0.262355819381476,0.665607004825222,0.582117395508055,0.334392995174778,0.737644180618524,152,0.000238917335562326,8,992079184
923,-0.6037575173854,0.21506472166676,0.546753336300473,0.358697226630748,0.83340262639787,0.453246663699527,0.16659737360213,0.641302773369252,172,0.00499541307480056,9,541136665
73,-0.946015154422023,0.216407458005272,0.38828520132348,0.254064786862877,0.593413197588008,0.61171479867652,0.406586802411992,0.745935213137123,168,1.23422099519388e-05,8,905594784
998,-0.598064755701391,0.21414616442363,0.54987474904363,0.361395076112106,0.836652903212222,0.45012525095637,0.163347096787778,0.638604923887894,159,0.00522559893184052,7,887245156
725,-0.731079397060906,0.21446360537185,0.481389099577298,0.316187356876382,0.732905538922108,0.518610900422702,0.267094461077892,0.683812643123618,160,0.000652316136060282,9,358976724
822,-1.12455621380454,0.221289076709843,0.324796575615948,0.210498903620288,0.501156128215001,0.675203424384052,0.498843871784999,0.789501096379712,145,3.7379147889726e-07,7,395367094
22,-0.77367765705499,0.212698187813547,0.461313392362322,0.304051420728493,0.699914657405483,0.538686607637678,0.300085342594517,0.695948579271507,167,0.000275357487032394,8,296747134
249,-0.924634459491148,0.200310262394567,0.396676393867163,0.267874856866424,0.587409222695059,0.603323606132837,0.412590777304941,0.732125143133576,173,3.91185422958658e-06,8,739581727
874,-0.71641602105461,0.208005618833165,0.488499895678242,0.324944934748839,0.734377189975589,0.511500104321758,0.265622810024411,0.675055065251161,168,0.000572720603724075,8,711778562
799,-0.890399497436779,0.216237375862176,0.410491729597319,0.268684630026449,0.627142163104793,0.589508270402681,0.372857836895207,0.731315369973551,163,3.82681182330839e-05,7,266573098
49,-1.21362195483783,0.205477272160564,0.297119175950682,0.198622347621407,0.444460584495164,0.702880824049318,0.555539415504836,0.801377652378593,173,3.49757370440209e-09,6,173533621
973,-0.980997260590282,0.211466600856517,0.374937002450223,0.247718023378196,0.56749102826376,0.625062997549777,0.43250897173624,0.752281976621804,165,3.50069424875847e-06,8,513204794
149,-0.702325710124818,0.199942856009283,0.495431732278984,0.334805167174913,0.733120708440928,0.504568267721016,0.266879291559072,0.665194832825087,183,0.000443691246640448,8,874621457
100,-0.332419479702903,0.212664272193113,0.71718641460228,0.472728621519928,1.08805841211032,0.28281358539772,-0.0880584121103214,0.527271378480072,176,0.118024701170271,9,209492408
174,-0.449711781938599,0.214815914571539,0.637811954057847,0.418640284304104,0.971727050623689,0.362188045942153,0.0282729493763113,0.581359715695896,166,0.036306758877662,8,759533477
599,-0.80596841682562,0.217449196150097,0.446655168667578,0.291661612577934,0.684014731778096,0.553344831332422,0.315985268221904,0.708338387422066,160,0.000210170045453788,7,67104598
499,-0.578259141301115,0.239324797383501,0.560873919410783,0.350874340187189,0.896559016847419,0.439126080589217,0.103440983152581,0.649125659812811,146,0.015682982362726,7,61060668
647,-0.83432848767854,0.213651067499201,0.43416593133839,0.285624609293304,0.659957334913545,0.56583406866161,0.340042665086455,0.714375390706696,165,9.41869689773566e-05,9,348793057
274,-0.202718858757714,0.258195018097953,0.816507763166957,0.492248408186938,1.35436685263739,0.183492236833043,-0.35436685263739,0.507751591813062,133,0.432372347186954,9,573862852
700,-0.417640170181909,0.220360372176244,0.658599169412379,0.427612202408897,1.01436035619934,0.341400830587621,-0.0143603561993448,0.572387797591103,162,0.0580579819750355,9,888478281
549,-1.25239890441083,0.2257837321329,0.285818322961118,0.183612652882855,0.444915491703208,0.714181677038882,0.555084508296792,0.816387347117145,157,2.90785409349241e-08,7,925447358
949,-1.05416330938556,0.224191877941975,0.348483878552403,0.224569214144139,0.540773204705517,0.651516121447597,0.459226795294483,0.77543078585586,142,2.57551770460412e-06,8,88224127
898,-0.844894610693817,0.213141286477734,0.429602631348297,0.282905076648115,0.652368713379223,0.570397368651703,0.347631286620777,0.717094923351886,158,7.37005547890144e-05,8,96226022
224,-0.319822920943473,0.215784299797549,0.726277634245671,0.475802523715276,1.1086095085976,0.273722365754329,-0.108609508597597,0.524197476284724,164,0.138302580397537,7,629047716
774,-0.594326940405829,0.207196710297294,0.551933925304069,0.367723114484977,0.828425100032712,0.448066074695931,0.171574899967288,0.632276885515023,173,0.0041252906598078,8,813900437
449,-0.8973847474858,0.208206892987515,0.407634333654174,0.271047076525076,0.613051253324659,0.592365666345826,0.386948746675341,0.728952923474924,173,1.63208321568298e-05,8,881239211
324,-0.503891687307174,0.215285732501242,0.604174819113608,0.396196899875004,0.921327784659909,0.395825180886392,0.0786722153400913,0.603803100124996,162,0.0192542422968865,8,228684961
424,-0.603636927001859,0.218623378475899,0.546819273470614,0.356247033307057,0.839337004615014,0.453180726529386,0.160662995384986,0.643752966692943,155,0.00576103293384558,7,721189794
624,-0.85394086457489,0.200862996094028,0.425733862194394,0.287186024918651,0.631121662240691,0.574266137805606,0.368878337759309,0.712813975081349,189,2.12476513599314e-05,8,650976453
749,-0.798767601756133,0.210931467180907,0.449883057705371,0.297546227165608,0.680212844700884,0.550116942294629,0.319787155299116,0.702453772834392,163,0.000152563972420975,9,241508175
125,-0.826594742054987,0.211519689803253,0.437536677656491,0.289047074644737,0.662308534102874,0.562463322343509,0.337691465897126,0.710952925355263,158,9.31073852162355e-05,9,27328504
349,-0.642286142476748,0.234630169032019,0.526088335318392,0.332155241834979,0.833251750082514,0.473911664681608,0.166748249917486,0.667844758165022,144,0.00619193076696696,8,613497175
199,-1.20749208928781,0.250569671295314,0.298946070138968,0.182939529498912,0.488515265652657,0.701053929861032,0.511484734347343,0.817060470501088,143,1.44288663447085e-06,8,748891687
574,-0.591103117743856,0.228397967669866,0.553716133618607,0.353895039458026,0.866362967672804,0.446283866381393,0.133637032327196,0.646104960541974,148,0.0096523720402934,8,218349698
375,-0.981504177734354,0.190890390921731,0.374746988620436,0.257781624552668,0.544784003606869,0.625253011379564,0.455215996393131,0.742218375447332,196,2.72240421495187e-07,9,78973760
474,-1.07526376229304,0.219916923006413,0.341207745693539,0.221730408546938,0.52506431789946,0.658792254306461,0.47493568210054,0.778269591453062,160,1.01139210787512e-06,9,870982288
849,-0.996473220610225,0.212043749638548,0.369179161368511,0.243638104479706,0.559408609255987,0.630820838631489,0.440591390744013,0.756361895520294,158,2.60958138366609e-06,9,647956940
924,-0.979872041473183,0.219674010472131,0.375359126179394,0.244039497854161,0.577342909016955,0.624640873820606,0.422657090983045,0.755960502145839,173,8.17406677485268e-06,7,365469204
674,-0.479382155903442,0.215940768562596,0.619165821600647,0.405506536853251,0.945401071986025,0.380834178399353,0.0545989280139751,0.594493463146749,171,0.0264207639142662,8,987683784
524,-0.313240052870496,0.230067512101707,0.731074394995911,0.465723070600232,1.14761282993734,0.268925605004089,-0.147612829937335,0.534276929399768,158,0.173351430094683,7,668324078
74,-0.686476175791305,0.210638546405307,0.503346652741381,0.333097466211514,0.760611768403764,0.496653347258619,0.239388231596236,0.666902533788486,180,0.00111796027132221,8,835926718
999,-0.727474344589328,0.22069489299928,0.483127664466421,0.313477282252292,0.74459092695886,0.516872335533579,0.25540907304114,0.686522717747708,150,0.000979708662001127,9,860254330
250,-0.849711580500012,0.217833549053784,0.427538224528824,0.27896819745622,0.655232155851548,0.572461775471176,0.344767844148452,0.72103180254378,147,9.58999341022707e-05,7,918912864
298,-0.835788283338953,0.212393605874936,0.433532600175433,0.285911744513881,0.657372490012376,0.566467399824567,0.342627509987624,0.714088255486119,179,8.3164989209286e-05,7,980007470
399,-0.681713966328552,0.20249986836424,0.50574941161369,0.340069110722632,0.752148487712005,0.49425058838631,0.247851512287995,0.659930889277368,189,0.00076131090987384,8,799909394
800,-0.897539111015724,0.196857086127112,0.407571414635839,0.277101362555824,0.599471819611836,0.592428585364161,0.400528180388164,0.722898637444176,183,5.13137366901012e-06,7,619345479
175,-0.46112772101861,0.209623316163469,0.6305721349393,0.418122063552214,0.950969231290644,0.3694278650607,0.049030768709356,0.581877936447786,174,0.0278216466550974,8,548126150
500,-0.308453180299105,0.220683439626112,0.734582344319693,0.476644297437291,1.13210463963897,0.265417655680307,-0.132104639638974,0.523355702562709,170,0.162197815201091,9,155316435
823,-0.531123277160007,0.209898639952133,0.587944174357275,0.389645841218558,0.887160378972869,0.412055825642725,0.112839621027131,0.610354158781443,161,0.0113939119358299,7,292173221
23,-1.26892320360532,0.209458623813458,0.281134183125473,0.186475659117544,0.423843140148422,0.718865816874527,0.576156859851578,0.813524340882456,165,1.3773093780978e-09,8,882959032
50,-0.788356075631669,0.206255286658935,0.454591495391851,0.303428582525396,0.681061177436385,0.545408504608149,0.318938822563615,0.696571417474604,180,0.000132247826718166,8,670930159
875,-0.638063433697917,0.20781916912826,0.528314550170863,0.351557667336598,0.7939416199818,0.471685449829137,0.2060583800182,0.648442332663402,185,0.00213856814339398,9,602767288
150,-0.667392871085829,0.208607788101768,0.513044408600238,0.340869142166814,0.772186545026585,0.486955591399762,0.227813454973415,0.659130857833186,157,0.00137775537838469,8,397822841
974,-0.769529809268878,0.205356184332313,0.463230823953667,0.309740467252846,0.692782567818707,0.536769176046333,0.307217432181293,0.690259532747154,178,0.000178753183360806,9,142393165
899,-0.827980659055872,0.217767752925465,0.436930708145134,0.285133550055689,0.66954044405831,0.563069291854866,0.33045955594169,0.714866449944311,156,0.00014345913635649,9,396074687
600,-0.880373435878626,0.22291620329304,0.41462804577856,0.267862586768591,0.641808243622571,0.58537195422144,0.358191756377429,0.732137413231409,161,7.83646854446482e-05,8,491860377
275,-0.649322001957208,0.217398223123602,0.522399842790382,0.341156252019346,0.799931392527845,0.477600157209618,0.200068607472155,0.658843747980654,184,0.00281926856999773,9,983796581
775,-0.709475216558998,0.208478438681249,0.491902271905332,0.326905072652763,0.740177700951872,0.508097728094668,0.259822299048128,0.673094927347237,168,0.000666232682107128,8,448606811
425,-0.727170906941286,0.231338499752084,0.483274285832727,0.307098715355007,0.760517786852815,0.516725714167273,0.239482213147185,0.692901284644993,144,0.00167043181183027,8,597402014
625,-0.830900910188674,0.238845519750318,0.435656621980935,0.272796406223248,0.695744841009803,0.564343378019065,0.304255158990197,0.727203593776752,139,0.000503624076282384,9,223311993
648,-0.947624229658018,0.200619983948392,0.387660923611125,0.261627858383882,0.574407452720598,0.612339076388875,0.425592547279402,0.738372141616118,170,2.31844202299224e-06,9,581878926
550,-0.371350645115319,0.225871734638765,0.689802023437509,0.443059542671365,1.0739568516447,0.310197976562491,-0.0739568516447029,0.556940457328635,157,0.100160187317756,8,420846432
325,-0.560054286941065,0.211358221999916,0.571178055497712,0.377453162855218,0.864330738718136,0.428821944502288,0.135669261281864,0.622546837144782,175,0.00805425111006343,9,613409242
950,-0.588392585853703,0.208683281917006,0.555219034767469,0.368835585278861,0.835787513113877,0.444780965232531,0.164212486886123,0.631164414721139,179,0.00480912977891459,7,604187417
200,-0.851677887447339,0.198849586430421,0.426698379115217,0.288974764372816,0.630060230811907,0.573301620884783,0.369939769188093,0.711025235627184,185,1.84368873539018e-05,8,411959686
225,-0.732062245035086,0.215015188102322,0.480916199708393,0.315535441208226,0.732977538929891,0.519083800291607,0.267022461070109,0.684464558791774,159,0.00066236738467659,9,719385836
450,-0.718769055323226,0.225287578998769,0.487351789979256,0.313384440933441,0.757892658896965,0.512648210020744,0.242107341103035,0.686615559066559,154,0.00142050766359669,8,935000872
575,-0.466055148930179,0.207852158199815,0.62747267864618,0.417513711585008,0.943015646007709,0.37252732135382,0.0569843539922908,0.582486288414992,173,0.0249456396902656,9,152106652
750,-0.500875889021189,0.225582802257954,0.605999638758437,0.389453791173136,0.94295028190417,0.394000361241563,0.0570497180958299,0.610546208826864,141,0.0263940819893032,6,967906427
475,-0.815042363310956,0.222343445133189,0.442620576091071,0.286267809924996,0.68436955741032,0.557379423908929,0.31563044258968,0.713732190075004,167,0.000246671636751053,9,176466290
350,-0.60234779389948,0.212167416487578,0.547524650862049,0.361248826173299,0.82985250492633,0.452475349137951,0.17014749507367,0.638751173826701,167,0.00452521499689448,7,791280014
75,-0.442591443581329,0.217654986345883,0.642369597705762,0.419292136911731,0.984131739497729,0.357630402294238,0.0158682605022705,0.580707863088269,164,0.0420066574539711,8,23791286
299,-1.0402369161374,0.211221281622915,0.353370952759577,0.233581781578685,0.534592335970118,0.646629047240423,0.465407664029882,0.766418218421315,168,8.4417349831501e-07,8,111844473
925,-0.507112570135154,0.222282700809109,0.602231973332538,0.3895439207683,0.931046103835171,0.397768026667462,0.0689538961648287,0.6104560792317,152,0.0225256347668029,8,34047360
850,-0.502457628362211,0.203117594777895,0.605041862964683,0.406341719902455,0.900905907539234,0.394958137035317,0.0990940924607664,0.593658280097545,180,0.0133711552366716,7,932963731
675,-1.21143637159156,0.217570633458601,0.297769264796653,0.194394247729195,0.456117071843905,0.702230735203347,0.543882928156095,0.805605752270805,177,2.57658865597108e-08,8,408653716
400,-0.481594040757508,0.220271156823617,0.617797811595739,0.401191032449571,0.951352610456117,0.382202188404261,0.0486473895438834,0.598808967550429,159,0.0287886157681773,7,427008255
525,-0.530565564798893,0.211123088617374,0.588272169545942,0.388928710834804,0.88978811751771,0.411727830454058,0.11021188248229,0.611071289165196,176,0.0119688051652428,7,218926750
1000,-0.761484440862476,0.217786423891352,0.46697271886739,0.304727303860417,0.715602170871726,0.53302728113261,0.284397829128274,0.695272696139583,168,0.000471451471628936,8,974855223
824,-1.11580520930063,0.217270922382488,0.327651344742578,0.214028008419784,0.501595116004904,0.672348655257422,0.498404883995096,0.785971991580216,177,2.81323349778547e-07,9,366481411
24,-0.544904741067466,0.227205271224277,0.579897021080068,0.371495365588555,0.90520794122094,0.420102978919932,0.0947920587790597,0.628504634411445,155,0.0164716975120815,9,905451623
975,-0.834813645800539,0.209794211805622,0.433955343298885,0.287652321508342,0.654669633779376,0.566044656701115,0.345330366220624,0.712347678491658,178,6.91468355951091e-05,8,619228439
900,-0.715756621315087,0.200495240339538,0.488822118607392,0.329981043057392,0.724123608513656,0.511177881392608,0.275876391486344,0.670018956942608,190,0.000357058630831722,9,866045451
649,-0.747937443036201,0.211197473778724,0.473341841111996,0.312898355101214,0.716055213760454,0.526658158888004,0.283944786239546,0.687101644898786,160,0.000397990342194386,9,563098181
300,-0.693581355707833,0.221795402069631,0.499782959546251,0.323585353579625,0.771923091974387,0.500217040453749,0.228076908025613,0.676414646420375,159,0.0017652645644753,8,124718144
825,-0.728332164787352,0.230639476881684,0.482713405502873,0.307162844815808,0.758595109352854,0.517286594497127,0.241404890647146,0.692837155184192,149,0.00158920078703093,7,806444002
25,-0.652201105267048,0.229798448821631,0.520897962745302,0.332007477190669,0.81725474946572,0.479102037254698,0.18274525053428,0.667992522809331,154,0.00453766958502513,8,477430687
650,-0.283353491478845,0.225864098391042,0.753253472108516,0.483821622027808,1.17272723543332,0.246746527891484,-0.172727235433317,0.516178377972192,157,0.209649100309566,8,280777322
