"rep","est_V","se_V","IRR_V","IRR_V_CI_Lower","IRR_V_CI_Upper","VE","VE_CI_Lower","VE_CI_Upper","n_event","p_val","n_calendar_group","seed"
26,-0.82972418304349,0.20067822291319,0.436169572696325,0.294332183849546,0.646357777317828,0.563830427303675,0.353642222682172,0.705667816150454,190,3.5557338207889e-05,3,804781928
1,-0.719201462891373,0.212671161508472,0.487141100931971,0.321091458175578,0.73906186594179,0.512858899068029,0.26093813405821,0.678908541824422,211,0.000720247210819384,4,812984334
101,-0.540440885871651,0.201825039573569,0.582491383531871,0.39218928155801,0.865133821457298,0.417508616468129,0.134866178542702,0.60781071844199,193,0.00741142564982574,3,213235221
226,-0.93190838053984,0.212621110014727,0.39380146975778,0.259593560865555,0.597393853169202,0.60619853024222,0.402606146830798,0.740406439134445,164,1.1708125613058e-05,3,159580739
201,-0.926040631560524,0.184395123467976,0.396118990595829,0.275974051915774,0.568568869505697,0.603881009404171,0.431431130494303,0.724025948084226,225,5.11241667115445e-07,3,887085120
351,-0.965881047960039,0.195816672938163,0.380647683093229,0.259324611835615,0.558730841699247,0.619352316906771,0.441269158300753,0.740675388164385,208,8.11512822402899e-07,3,597922648
426,-0.76663481196323,0.188599857689197,0.464573818986436,0.321009763468987,0.672343516768121,0.535426181013565,0.327656483231879,0.678990236531013,223,4.8058249347759e-05,3,769492073
151,-0.818698278065829,0.201339025916471,0.441005347364452,0.297210238298496,0.654370850470885,0.558994652635548,0.345629149529115,0.702789761701504,187,4.77721592743382e-05,3,468606204
401,-0.783074954318272,0.187754066575463,0.456998598734883,0.316299362945056,0.660284982242995,0.543001401265117,0.339715017757005,0.683700637054944,198,3.03601047802601e-05,3,798445368
501,-0.859192824558349,0.19856909788906,0.423503786247391,0.286968993724048,0.624999428120607,0.576496213752609,0.375000571879393,0.713031006275952,203,1.51208076571348e-05,3,446452628
126,-1.0611667945151,0.209841372511035,0.346051803333248,0.229363240949386,0.522105678723902,0.653948196666752,0.477894321276098,0.770636759050614,194,4.25914156859227e-07,4,935392747
551,-0.628709625003982,0.189363435610039,0.533279487741464,0.367932736493123,0.77293207110728,0.466720512258536,0.22706792889272,0.632067263506877,211,0.000899782599620883,4,95955309
301,-1.16837436993842,0.199661719748173,0.310871893416825,0.210198249210108,0.459762792885882,0.689128106583175,0.540237207114118,0.789801750789892,211,4.86370263615334e-09,4,712426968
276,-0.418882656223217,0.192890996981961,0.657781377290422,0.450705086644971,0.959998795511514,0.342218622709578,0.0400012044884864,0.549294913355029,209,0.0298856250467943,3,741500909
251,-0.777257501366765,0.189906477535365,0.459664914645992,0.316805468419091,0.666945033527629,0.540335085354009,0.333054966472371,0.683194531580909,218,4.26115240422399e-05,4,118842093
51,-1.03749774904352,0.205855791348032,0.354340221734109,0.236698597880351,0.530450935759433,0.645659778265891,0.469549064240567,0.763301402119649,185,4.65714319986647e-07,4,554852559
626,-0.811450311684684,0.197532705202193,0.444213351003488,0.301613977432571,0.654231952011781,0.555786648996512,0.345768047988219,0.698386022567429,210,3.99222923898907e-05,3,925575761
76,-0.908475870081101,0.193001290819967,0.403138191010434,0.276166468303306,0.588487089144631,0.596861808989566,0.411512910855369,0.723833531696694,195,2.51268896633267e-06,3,842257872
176,-1.14106123860629,0.187674512696186,0.319479797554104,0.221153881296368,0.461521816605296,0.680520202445896,0.538478183394704,0.778846118703632,208,1.20181743233364e-09,3,574525818
751,-0.88602675384894,0.186384955992811,0.41229063488517,0.286122695516892,0.594093269347035,0.58770936511483,0.405906730652965,0.713877304483108,203,1.99681797633144e-06,3,74660250
376,-0.919641930257121,0.18630210840084,0.398661764245985,0.2767094188132,0.57436137502429,0.601338235754015,0.42563862497571,0.7232905811868,202,7.96211617601003e-07,4,814831670
476,-0.93735103404451,0.195812404110083,0.3916639669284,0.266831930163788,0.574896201125292,0.6083360330716,0.425103798874708,0.733168069836212,230,1.69305513729774e-06,4,793030819
826,-0.889497793283328,0.189172427090862,0.410862038624357,0.283577751623126,0.595278063304865,0.589137961375643,0.404721936695135,0.716422248376874,201,2.57565190279289e-06,3,200757926
801,-1.13232775596463,0.191346872647002,0.322282188323601,0.221493788028755,0.468933281763935,0.677717811676399,0.531066718236065,0.778506211971245,213,3.26533167006088e-09,4,671724331
876,-0.988907385512266,0.189966466771352,0.371982902974081,0.256344043033033,0.539787382877447,0.628017097025919,0.460212617122553,0.743655956966967,212,1.93272420131465e-07,3,810195976
451,-1.14594830347854,0.188034284057307,0.317922287983126,0.219920595332056,0.459595796582009,0.682077712016874,0.540404203417991,0.780079404667944,214,1.09877296633669e-09,4,340368230
326,-1.06015892770602,0.192369321364795,0.346400753278047,0.237593067451634,0.505037807536302,0.653599246721953,0.494962192463698,0.762406932548366,209,3.56678515988623e-08,4,461963126
651,-0.750698578683671,0.189477014640379,0.472036682769871,0.325606167435807,0.684319439140576,0.527963317230129,0.315680560859424,0.674393832564193,198,7.43399125856232e-05,3,523941186
576,-0.5037490646894,0.200469566897038,0.604260994253019,0.40792897696223,0.895085590375831,0.395739005746981,0.104914409624169,0.59207102303777,204,0.0119761744678072,3,780750771
526,-1.01050427101374,0.198323972956526,0.364035360798175,0.246791330480794,0.536978927311915,0.635964639201825,0.463021072688085,0.753208669519206,194,3.48336526865488e-07,3,937944356
926,-1.08785819982319,0.201743428751436,0.336937373967562,0.226894970341373,0.500349539724706,0.663062626032438,0.499650460275294,0.773105029658627,191,6.95670536549252e-08,3,896796916
676,-1.05366469584918,0.201329525601201,0.3486576806579,0.234978016727975,0.517334259495746,0.6513423193421,0.482665740504254,0.765021983272025,208,1.66300390300785e-07,4,822270535
701,-1.02957509534464,0.191222243191566,0.357158686720982,0.245523207402796,0.519553034719779,0.642841313279018,0.480446965280221,0.754476792597204,208,7.2775399163108e-08,3,39332821
726,-1.20963413699121,0.225506084461413,0.298306398743894,0.19173943446429,0.464102273901952,0.701693601256106,0.535897726098048,0.80826056553571,191,8.13599230642195e-08,4,472679417
901,-0.766932193195536,0.186961914483019,0.464435683992044,0.321946205176799,0.669989274906048,0.535564316007956,0.330010725093952,0.678053794823201,206,4.09457728293053e-05,3,657761391
851,-1.06530787631585,0.183712654481031,0.344621737561648,0.240417553138648,0.493991143531515,0.655378262438352,0.506008856468485,0.759582446861352,208,6.68021104035437e-09,3,925547311
976,-0.737070634126057,0.212931290285429,0.478513605844762,0.31524401341835,0.726342963647944,0.521486394155237,0.273657036352056,0.68475598658165,194,0.000537090030508003,5,298128862
951,-1.05436587308468,0.194270025968958,0.348413295517901,0.238084856900089,0.509867893633341,0.651586704482099,0.490132106366659,0.761915143099911,215,5.7206056172319e-08,4,105616836
601,-1.13060944724808,0.209782243069825,0.32283644467237,0.214000893601521,0.487023059832473,0.67716355532763,0.512976940167527,0.785999106398479,196,7.06763804716905e-08,3,11999481
776,-1.10140536830604,0.217952835370187,0.33240360579331,0.216842265692767,0.509550833143134,0.66759639420669,0.490449166856866,0.783157734307233,185,4.33987421627835e-07,5,152090028
152,-0.619111144907761,0.196435877944996,0.538422804815447,0.366367485359303,0.791279598573067,0.461577195184553,0.208720401426933,0.633632514640697,197,0.00162311102646445,3,943101229
2,-0.84767470068299,0.198851991611436,0.428409956014114,0.290132535193038,0.63259051691635,0.571590043985886,0.36740948308365,0.709867464806962,205,2.01842880927553e-05,4,124227718
127,-0.84091894646903,0.188694591100099,0.431313986793807,0.297972657779885,0.624324918232569,0.568686013206193,0.375675081767431,0.702027342220115,194,8.33055107833608e-06,4,900064082
27,-0.933401914290551,0.190170731061796,0.393213752968297,0.270866364924428,0.570824124163777,0.606786247031703,0.429175875836223,0.729133635075572,193,9.19014804751537e-07,3,350880698
227,-0.693396583750897,0.200291997363429,0.499875313953719,0.337576987026385,0.740202499291812,0.500124686046281,0.259797500708188,0.662423012973615,208,0.000536319518435701,4,434070298
427,-0.906198234205997,0.189015648576442,0.404057439476153,0.27896691234745,0.585239349793152,0.595942560523847,0.414760650206848,0.72103308765255,208,1.63241633005706e-06,3,799409872
102,-0.750109059642309,0.210517831744555,0.472315039422797,0.312635773811886,0.713550767863142,0.527684960577203,0.286449232136858,0.687364226188114,204,0.000366414918641166,4,934071724
252,-0.654516078740023,0.206054681228346,0.519693492475688,0.347018969704406,0.778289804593782,0.480306507524312,0.221710195406218,0.652981030295594,178,0.00149105236795847,3,62854540
277,-0.837630784106866,0.190229513596442,0.432734551455154,0.298056033118742,0.628268416725827,0.567265448544846,0.371731583274173,0.701943966881258,204,1.06634233652346e-05,3,615122986
77,-0.995875608233001,0.180055524467349,0.369399853342317,0.259557258495736,0.525726972307219,0.630600146657683,0.474273027692781,0.740442741504264,226,3.1852627203656e-08,3,64346017
477,-1.14367583746793,0.184893597074655,0.318645577090276,0.221781940749992,0.457814569824023,0.681354422909724,0.542185430175977,0.778218059250008,210,6.18709366900676e-10,3,237223960
402,-0.947245804486469,0.196301468899187,0.387807652023757,0.263951576860837,0.569781687826295,0.612192347976243,0.430218312173705,0.736048423139163,203,1.39677218996648e-06,4,544781046
352,-0.580433370984256,0.187611914635429,0.559655775428977,0.38745871928526,0.808381825936947,0.440344224571023,0.191618174063053,0.61254128071474,215,0.0019761196662012,4,437548810
377,-0.709383525654991,0.191072278117618,0.491947376937155,0.338281019867895,0.715417677793029,0.508052623062845,0.284582322206971,0.661718980132105,205,0.000205104535343472,3,206570040
827,-0.60288546914225,0.215893045836346,0.54723033954152,0.358427789401683,0.835485008053122,0.45276966045848,0.164514991946878,0.641572210598317,166,0.00522993686030604,3,573096395
502,-0.812535638946486,0.194977015265171,0.443731495676249,0.302799754956022,0.650256933938662,0.556268504323751,0.349743066061338,0.697200245043978,187,3.08173814204482e-05,3,336123580
202,-0.852839917565196,0.196929821969694,0.426202830724284,0.289727261501932,0.62696500141455,0.573797169275716,0.37303499858545,0.710272738498068,204,1.48649999367371e-05,3,760115333
452,-1.10322243534011,0.198115191745323,0.331800154580906,0.225030107200108,0.489229392234232,0.668199845419094,0.510770607765768,0.774969892799892,191,2.56807783988612e-08,3,523911642
552,-0.847796045086415,0.194297270717765,0.428357974017506,0.292698649864839,0.62689238228162,0.571642025982494,0.37310761771838,0.707301350135161,198,1.28058497424295e-05,3,450750178
52,-0.936293800510028,0.203605549686352,0.392078266175424,0.263065206270333,0.58436221569018,0.607921733824576,0.41563778430982,0.736934793729667,206,4.25406519778971e-06,4,529064255
627,-1.12242757872145,0.1848194916745,0.325488685364883,0.226577749956742,0.467578499304482,0.674511314635117,0.532421500695518,0.773422250043258,205,1.25462899764351e-09,3,27550985
302,-0.808345060133665,0.184876134291163,0.445594889102204,0.310151117353885,0.640187296076876,0.554405110897796,0.359812703923124,0.689848882646115,213,1.22910494521772e-05,3,505341735
677,-0.682034171641787,0.181164692798907,0.505587493889767,0.354477485786137,0.721114102383233,0.494412506110233,0.278885897616767,0.645522514213863,211,0.000166736441511024,3,720533355
877,-0.96763515795978,0.187205953892251,0.379980570451469,0.263276074278826,0.548417604281468,0.620019429548531,0.451582395718532,0.736723925721174,212,2.35568038140208e-07,4,179761209
802,-0.934246129716658,0.192571989127364,0.39288193593452,0.269367060366086,0.573033003270247,0.60711806406548,0.426966996729753,0.730632939633914,212,1.22585371538545e-06,3,612877357
177,-0.536784363807263,0.189379398151487,0.584625174878215,0.403345742260318,0.847378710845038,0.415374825121785,0.152621289154962,0.596654257739682,192,0.0045906212100402,4,109812805
727,-0.833495640711248,0.201907575222558,0.434527675735559,0.292518543905207,0.645478055713739,0.565472324264441,0.354521944286261,0.707481456094793,184,3.65765334132485e-05,3,559025408
327,-0.673786480277335,0.194202950270107,0.509774667017113,0.34839538913267,0.745906000017265,0.490225332982887,0.254093999982735,0.65160461086733,199,0.000521434621340032,3,267845676
652,-0.661015066110566,0.198669839290524,0.51632696239905,0.349797523586822,0.762136705161838,0.48367303760095,0.237863294838162,0.650202476413178,197,0.000877221573545503,4,481106033
527,-0.817777637770278,0.189822040844469,0.441411541608494,0.304275419876722,0.640354548336927,0.558588458391506,0.359645451663073,0.695724580123278,210,1.64642145061775e-05,3,265220880
977,-1.11327202466118,0.213289346873288,0.328482398257767,0.216251874971586,0.498958383502348,0.671517601742233,0.501041616497652,0.783748125028414,197,1.79369222230281e-07,4,516481520
927,-0.457390242110167,0.193573984994226,0.632933294637637,0.433099285263806,0.924971638355026,0.367066705362363,0.0750283616449738,0.566900714736194,211,0.0181340092296887,4,479745983
577,-0.855940028730902,0.187203935683651,0.424883600506623,0.29438907551694,0.613222734785495,0.575116399493377,0.386777265214505,0.70561092448306,207,4.82553712106438e-06,4,339682694
702,-0.834839832646684,0.201755947625682,0.433943979525868,0.292212435129478,0.644419452181453,0.566056020474133,0.355580547818547,0.707787564870522,188,3.50545260798839e-05,4,344416383
602,-0.560828778193303,0.205944769172388,0.570735854352822,0.381183989412654,0.854546425063025,0.429264145647178,0.145453574936975,0.618816010587346,208,0.0064652921340706,5,30273448
752,-1.07301717485551,0.185962030836903,0.341975160437991,0.237521755454782,0.492363363232441,0.658024839562009,0.50763663676756,0.762478244545218,206,7.92304191390652e-09,3,367142541
902,-0.915725735963644,0.214075211428194,0.400226062220306,0.263077808606207,0.60887271993413,0.599773937779694,0.39112728006587,0.736922191393793,201,1.88928564266371e-05,4,498472247
852,-1.00796413864509,0.186612732675255,0.36496123422417,0.253163849410569,0.526128445260039,0.63503876577583,0.473871554739961,0.746836150589431,207,6.61344056541428e-08,4,21157410
952,-1.1743090009539,0.193688225866652,0.309032447052782,0.211415275822062,0.451722577567238,0.690967552947218,0.548277422432762,0.788584724177938,206,1.33703148500163e-09,4,615270115
3,-0.467518420270228,0.215337441875577,0.626555187291964,0.41083153013394,0.95555324732374,0.373444812708036,0.0444467526762602,0.58916846986606,179,0.0299238596497291,4,251273015
777,-0.865809044165014,0.203849405127502,0.420711041088508,0.282141506871711,0.62733690642071,0.579288958911492,0.37266309357929,0.717858493128289,192,2.16364689871959e-05,3,347790969
28,-1.0022164426102,0.215818047019486,0.367064960460925,0.240457470723541,0.560334785160782,0.632935039539075,0.439665214839218,0.759542529276459,190,3.42054128869592e-06,4,935961550
428,-0.953507659070832,0.195171000845387,0.385386844183568,0.262885739558171,0.564971762711018,0.614613155816432,0.435028237288982,0.737114260441829,194,1.03167418479622e-06,3,51940384
153,-0.997358683256361,0.184483107977874,0.368852411695052,0.256933256371798,0.529523128046842,0.631147588304948,0.470476871953158,0.743066743628202,217,6.43640236514698e-08,3,259384280
353,-0.802976515141522,0.198103297169008,0.447993518125574,0.303840665138922,0.660537628137319,0.552006481874426,0.339462371862681,0.696159334861078,192,5.04953556502767e-05,3,754928927
403,-0.86037340308842,0.193145908719382,0.423004101786354,0.28969332141058,0.617661702578501,0.576995898213646,0.382338297421499,0.71030667858942,211,8.40788803806665e-06,3,806479850
503,-0.564297999077695,0.197334735069341,0.568759276182987,0.386328601396393,0.837336694914495,0.431240723817013,0.162663305085505,0.613671398603607,191,0.00424178433859462,3,896093619
128,-0.928735639787792,0.196233519480551,0.395052883885641,0.268918674456811,0.58034936168565,0.604947116114359,0.41965063831435,0.731081325543189,193,2.2143454614335e-06,3,357380113
553,-0.982587710719673,0.205000160288062,0.374341157802362,0.250478887935084,0.559453547482732,0.625658842197638,0.440546452517268,0.749521112064916,180,1.6421795112722e-06,3,233929897
103,-1.33188533637459,0.189720468366183,0.263979102444908,0.182003270642727,0.382877550944735,0.736020897555092,0.617122449055265,0.817996729357273,206,2.21469781799876e-12,3,584849116
253,-0.890057348013443,0.187564207728102,0.410632203135984,0.28431387997167,0.593072720435296,0.589367796864016,0.406927279564704,0.71568612002833,207,2.08148662253292e-06,3,770452456
53,-0.715708468968215,0.198464375412127,0.488845657106318,0.331313077558996,0.721281750277894,0.511154342893682,0.278718249722106,0.668686922441004,193,0.000310676079082861,4,926204690
478,-0.748688835244705,0.203336305804761,0.472986309329259,0.317518031107725,0.704577462994574,0.527013690670741,0.295422537005426,0.682481968892275,189,0.000231391062855287,4,265797070
228,-0.986907373651466,0.195568505312316,0.372727617662908,0.254052433904266,0.546839386002568,0.627272382337092,0.453160613997432,0.745947566095734,208,4.50327160679806e-07,3,333628398
278,-0.83575807573605,0.192256746489721,0.433545696353866,0.297430595205422,0.63195203807847,0.566454303646134,0.36804796192153,0.702569404794578,211,1.37953347273734e-05,4,742567534
303,-0.566437489279834,0.186003272476765,0.567543722080938,0.394160455809073,0.817194804111729,0.432456277919062,0.182805195888271,0.605839544190927,198,0.00232441157998578,4,415441869
78,-1.0001593530546,0.191219255165426,0.367820823129374,0.252854208755323,0.535059940641474,0.632179176870626,0.464940059358526,0.747145791244677,219,1.69114175655841e-07,3,224390387
203,-1.14524206671764,0.192457079454832,0.318146895693785,0.218176478121845,0.463924654531572,0.681853104306215,0.536075345468428,0.781823521878155,220,2.67102169726225e-09,3,57289317
828,-1.04660163192297,0.189760285908649,0.351128989376668,0.242070818307803,0.509320239599928,0.648871010623332,0.490679760400072,0.757929181692197,199,3.48011021674083e-08,4,88399516
528,-0.625649545984942,0.213566149255286,0.534913864498828,0.3519621960129,0.812964703807517,0.465086135501172,0.187035296192483,0.6480378039871,173,0.00339469391525714,3,798842504
378,-0.460109450473173,0.193627663601576,0.631214554994282,0.431877758358719,0.922556919695991,0.368785445005718,0.0774430803040087,0.568122241641281,205,0.0174891887706655,4,88170942
328,-1.10211456555706,0.184370740493347,0.332167949643078,0.231430752209721,0.476754042911727,0.667832050356922,0.523245957088273,0.768569247790279,229,2.26298024166878e-09,3,548817446
653,-0.816492059331744,0.195704693881563,0.441979375688325,0.301174270218976,0.648613735800907,0.558020624311675,0.351386264199093,0.698825729781024,211,3.01855856904238e-05,3,25703169
628,-0.836563138720825,0.208853916374074,0.433196805220036,0.287679204524109,0.652321993045273,0.566803194779964,0.347678006954727,0.712320795475891,189,6.18879674814138e-05,3,828822139
928,-1.04560905861165,0.213496475890412,0.351477683664048,0.231296587786182,0.534104559415489,0.648522316335952,0.465895440584511,0.768703412213818,185,9.70403505526869e-07,3,138325015
578,-0.615846980049904,0.211959438195273,0.540183177123276,0.356550339226053,0.818391774581925,0.459816822876724,0.181608225418075,0.643449660773947,186,0.00366673303454538,3,983011087
703,-0.75860351158505,0.198292758628832,0.468319973986469,0.317508662710939,0.690764139038185,0.531680026013531,0.309235860961815,0.682491337289061,203,0.00013041461886598,3,858009077
678,-0.817534403498736,0.195121228537785,0.441518921081922,0.301204758697715,0.64719746964218,0.558481078918078,0.35280253035782,0.698795241302285,192,2.79102832115359e-05,3,198021741
878,-0.866446936062125,0.194031182814612,0.420442758501114,0.287440020097921,0.614987826384809,0.579557241498886,0.385012173615191,0.712559979902079,205,7.98806469398378e-06,5,306364976
803,-0.818281742379322,0.18942081847468,0.441189080092532,0.304361321887663,0.639528712734194,0.558810919907468,0.360471287265806,0.695638678112337,212,1.56089657228949e-05,3,419420641
753,-0.953203996236149,0.193518939133721,0.385503889615397,0.263818438004685,0.563316385437626,0.614496110384603,0.436683614562374,0.736181561995315,202,8.40860841375377e-07,3,542529763
178,-1.1262371279693,0.195888355766102,0.324251079046226,0.220872150306947,0.476016383761059,0.675748920953774,0.523983616238941,0.779127849693053,211,8.95698576426619e-09,3,909427031
903,-0.972598198110672,0.201430208595565,0.37809938368789,0.254769987073745,0.561130239818168,0.62190061631211,0.438869760181832,0.745230012926255,195,1.37591273102435e-06,4,75485531
728,-0.814643128178971,0.189357491486423,0.442797321054237,0.305508709524445,0.641780287828819,0.557202678945763,0.358219712171181,0.694491290475555,195,1.69153587854388e-05,3,498664614
453,-1.07855756462518,0.187978207403694,0.340085723698774,0.235277859837347,0.491581738900874,0.659914276301226,0.508418261099126,0.764722140162653,211,9.59859738577398e-09,3,551649841
853,-0.809442853890712,0.209098345864895,0.445105986221141,0.295446330586272,0.670576407487457,0.554894013778859,0.329423592512543,0.704553669413728,188,0.000108340553396827,3,466528904
953,-0.463562999459391,0.19133506197152,0.629038384526384,0.432327087644898,0.915254446264473,0.370961615473616,0.0847455537355273,0.567672912355102,212,0.0154021983760098,3,576722537
978,-1.17507830452133,0.199237575658891,0.308794798712391,0.208967450750878,0.456311389018681,0.691205201287609,0.543688610981319,0.791032549249121,185,3.68212874613689e-09,3,514223257
154,-0.757598338311764,0.19528432431067,0.468790953375958,0.319707558504023,0.687393688768152,0.531209046624042,0.312606311231848,0.680292441495977,194,0.000104687262091076,3,291096410
778,-0.602920932717348,0.188456029027289,0.54721093314139,0.378216701861373,0.791714918658521,0.45278906685861,0.208285081341479,0.621783298138627,213,0.00137778067861284,4,873486419
603,-0.844448598509529,0.200647097257744,0.429794282092387,0.2900477591789,0.636871408495779,0.570205717907613,0.363128591504221,0.7099522408211,183,2.56928198996315e-05,3,191867559
4,-0.93539275263419,0.204269114086637,0.392431706673816,0.262960128910458,0.585650170773091,0.607568293326184,0.414349829226909,0.737039871089542,191,4.66718127594173e-06,3,535360020
104,-1.18325739889334,0.193109351699818,0.30627943762262,0.209769751059498,0.447190757659912,0.69372056237738,0.552809242340088,0.790230248940502,205,8.93291543780232e-10,3,65210486
29,-0.874158293628932,0.206680006405976,0.417213042804805,0.278247670032553,0.625581961085531,0.582786957195195,0.374418038914469,0.721752329967448,189,2.34185055017532e-05,4,81542234
479,-0.683755131758547,0.184810423159729,0.504718146248123,0.351348417602115,0.725036443569877,0.495281853751877,0.274963556430123,0.648651582397885,211,0.000215799216526738,3,44129806
254,-1.2168377832696,0.187170030260548,0.296165226348272,0.205217620073874,0.427418665445724,0.703834773651728,0.572581334554276,0.794782379926126,216,7.96592199609342e-11,3,982796936
429,-1.02775308736559,0.196539146029638,0.357810025890365,0.2434210217332,0.525952991718145,0.642189974109635,0.474047008281855,0.7565789782668,198,1.70195532928672e-07,3,627146525
404,-0.643720033139651,0.19113576002556,0.525334522738082,0.361194299764242,0.764066213006638,0.474665477261918,0.235933786993362,0.638805700235758,202,0.000757518217577162,3,287513411
229,-0.908014006868255,0.179732800482166,0.403324428715417,0.283573530485038,0.573645200665865,0.596675571284583,0.426354799334135,0.716426469514962,215,4.37158037399367e-07,3,173922358
354,-0.541541361087001,0.198257200289395,0.581850718783634,0.39450702427952,0.858160281346876,0.418149281216366,0.141839718653124,0.60549297572048,202,0.00630449860424388,4,346926099
79,-1.28774905540076,0.201860048643088,0.275891100260153,0.185743705916911,0.409789924385417,0.724108899739847,0.590210075614583,0.814256294083089,224,1.77765525678106e-10,4,244252750
304,-0.947416890666455,0.194257559298661,0.387741309169338,0.264965748944202,0.567406630613274,0.612258690830662,0.432593369386726,0.735034251055798,210,1.07647461761477e-06,3,91606744
554,-1.41025365215446,0.213262554919393,0.244081363537022,0.160696051198143,0.370735382617668,0.755918636462978,0.629264617382332,0.839303948801857,209,3.77225032006022e-11,5,628216927
504,-1.0836215423851,0.188595911312327,0.338367890363391,0.233806194322068,0.489691171617369,0.661632109636609,0.510308828382631,0.766193805677932,228,9.1524229592624e-09,3,105790422
204,-1.56394427569158,0.226591915750719,0.209308869032327,0.134249365783319,0.326334522326921,0.790691130967673,0.673665477673079,0.865750634216681,195,5.1264484975789e-12,4,977192639
829,-0.769578596070429,0.201268584562548,0.463208224954657,0.312216702481293,0.687220952500132,0.536791775045343,0.312779047499868,0.687783297518707,178,0.000131495909366156,3,560019163
129,-0.967536894332564,0.181739472406804,0.38001791055515,0.266138157797893,0.542626482191145,0.61998208944485,0.457373517808855,0.733861842202107,211,1.01645347098713e-07,3,884334875
579,-0.936744644340168,0.191649118024141,0.391901539949144,0.269181336439007,0.570570081292807,0.608098460050856,0.429429918707193,0.730818663560993,227,1.01963406689414e-06,4,158170117
54,-0.647529444814165,0.188812371926893,0.523337114165375,0.361463253135911,0.757702844443672,0.476662885834625,0.242297155556328,0.638536746864089,218,0.000604724937432786,3,26441488
929,-1.16396606686255,0.195795990136863,0.312245335992149,0.21273263088008,0.458308391361974,0.68775466400785,0.541691608638025,0.78726736911992,202,2.76811302242684e-09,3,749344148
629,-0.937316457540242,0.181289947205257,0.391677509533351,0.274545514009227,0.558782655866276,0.60832249046665,0.441217344133724,0.725454485990773,219,2.33766485650641e-07,3,647121563
279,-0.843418701949004,0.192640151855747,0.430237153762106,0.294939077310188,0.627600825788995,0.569762846237894,0.372399174211005,0.705060922689812,206,1.19658986574198e-05,3,930909077
679,-0.875104965564009,0.20951414256169,0.416818265817863,0.276444517210872,0.62847137817128,0.583181734182137,0.37152862182872,0.723555482789128,199,2.955997183293e-05,3,487559735
454,-1.14714830819897,0.201336499146963,0.317541008551128,0.214003995130508,0.471170138904073,0.682458991448872,0.528829861095927,0.785996004869492,210,1.21458055117581e-08,5,961049528
179,-1.24275482887622,0.19304416829625,0.288588111011803,0.197678274486373,0.421306276745663,0.711411888988197,0.578693723254337,0.802321725513627,206,1.21320672788374e-10,3,775896230
329,-0.869269942452308,0.214274711073912,0.4192575196627,0.275479886874365,0.638075141485317,0.5807424803373,0.361924858514683,0.724520113125635,193,4.97493555773998e-05,4,157301686
529,-0.958418584087681,0.180618152705587,0.383498877914062,0.269166896591259,0.546394787857878,0.616501122085938,0.453605212142122,0.730833103408741,215,1.11857566148398e-07,3,345552124
729,-1.03662049491811,0.192695117741912,0.354651204540957,0.243096696772617,0.517396898239218,0.645348795459043,0.482603101760782,0.756903303227383,207,7.46561681322003e-08,3,910023724
379,-0.677360138444582,0.192029046092533,0.507956157915177,0.348634859346085,0.740085081703822,0.492043842084823,0.259914918296178,0.651365140653915,201,0.000419687995255974,3,851770001
654,-0.738875646936519,0.188501542606811,0.477650661703142,0.330109163256514,0.691135478866316,0.522349338296858,0.308864521133684,0.669890836743486,218,8.86472593722704e-05,3,416648387
979,-1.03359227060618,0.190202323834591,0.355726795684485,0.24502819949096,0.516436693535022,0.644273204315515,0.483563306464978,0.75497180050904,209,5.5051251887315e-08,3,875369478
704,-0.701995474914047,0.204598319916483,0.495595368299217,0.331873696974415,0.740085072480364,0.504404631700783,0.259914927519636,0.668126303025585,197,0.000601158674015077,4,56658728
879,-1.03865054697592,0.203078926701047,0.353931974417672,0.237716158274888,0.526963936420071,0.646068025582328,0.473036063579929,0.762283841725112,197,3.14545386252331e-07,4,226075292
754,-0.675842520159256,0.214967117304922,0.508727626718085,0.333814333618688,0.775292646605893,0.491272373281915,0.224707353394107,0.666185666381312,174,0.00166692789281988,4,771908210
904,-0.954274050630468,0.19639431994679,0.385091600109725,0.262055269679208,0.565894136212572,0.614908399890275,0.434105863787428,0.737944730320792,204,1.17998186267577e-06,3,525936554
804,-0.955440243475789,0.183082657824966,0.384642770802514,0.268668860644439,0.550678112736091,0.615357229197486,0.449321887263909,0.731331139355561,218,1.80253604538428e-07,3,86060610
854,-0.625269282574234,0.202269451060114,0.535117311348623,0.359978805878506,0.795464989129451,0.464882688651377,0.204535010870549,0.640021194121494,181,0.00199302992665422,3,153733111
30,-0.908113183603447,0.19412327530017,0.403284430298843,0.27565979186661,0.589996570120615,0.596715569701157,0.410003429879385,0.72434020813339,232,2.89653794513231e-06,5,279534165
954,-0.886566861458841,0.188189106172431,0.412068013700888,0.284958782539837,0.595875818958683,0.587931986299112,0.404124181041317,0.715041217460163,222,2.46452930366762e-06,3,263212653
355,-1.01249576764483,0.194940124160885,0.363311107017399,0.247939282817283,0.532368082146471,0.636688892982601,0.467631917853529,0.752060717182717,204,2.05955037895841e-07,3,326748322
405,-0.875710225518698,0.196151614411468,0.416566058746301,0.283608553235445,0.611854894077783,0.583433941253699,0.388145105922217,0.716391446764555,192,8.02724924012454e-06,3,24138561
155,-1.02953101558308,0.199437178147999,0.357174430537718,0.241612348730764,0.528009327752129,0.642825569462282,0.471990672247871,0.758387651269236,201,2.44087769678575e-07,3,519758968
604,-0.733545077958938,0.203121074220791,0.480203609790317,0.322499056628745,0.71502691904339,0.519796390209683,0.28497308095661,0.677500943371255,184,0.000304585347571989,3,20344430
555,-0.715202645711332,0.18826535686333,0.489092989156587,0.338173580109922,0.707364401336055,0.510907010843413,0.292635598663945,0.661826419890078,202,0.000145335412603881,3,720834974
505,-1.29353693505788,0.200708113686725,0.274298887984759,0.185089162733338,0.406506133792801,0.725701112015241,0.593493866207199,0.814910837266662,207,1.15702454862505e-10,4,229168007
779,-0.821249531203298,0.204372828995613,0.439881665096797,0.294695424460027,0.656596143774121,0.560118334903203,0.343403856225879,0.705304575539973,203,5.85973978068816e-05,4,165362414
430,-1.0798125400679,0.193966164314309,0.339659192166393,0.232241096854098,0.496761203705498,0.660340807833607,0.503238796294502,0.767758903145902,205,2.5914014284802e-08,3,80497583
130,-1.06836549207649,0.206823084265022,0.34356962600155,0.2290691654707,0.515303260778428,0.65643037399845,0.484696739221572,0.7709308345293,187,2.39667807473371e-07,3,105593675
255,-0.906081248087748,0.19218349404815,0.40410471135257,0.277272646124401,0.588953219943945,0.59589528864743,0.411046780056055,0.722727353875599,214,2.42105929620808e-06,3,116172596
105,-0.865878060057277,0.215762767001451,0.420682006342564,0.275610866366466,0.642113109666338,0.579317993657436,0.357886890333662,0.724389133633534,191,5.99259224819415e-05,4,375461639
480,-1.14587467944867,0.189875668948234,0.317945695564821,0.21914445557287,0.461291457563631,0.682054304435179,0.538708542436369,0.78085554442713,207,1.59092260182398e-09,3,53755554
5,-1.2046003161511,0.191042294073465,0.29981180550576,0.206173685474391,0.435977649202904,0.70018819449424,0.564022350797096,0.793826314525609,202,2.87428834297683e-10,3,86234389
230,-0.703491816299318,0.189625550360439,0.494854342990966,0.341246200860534,0.717607463935114,0.505145657009034,0.282392536064886,0.658753799139466,212,0.000207341184635523,3,544024830
80,-0.781938212834202,0.208711158754079,0.457518383374637,0.303915806826132,0.688753485090999,0.542481616625363,0.311246514909001,0.696084193173867,188,0.000179312647884835,3,656609205
205,-0.603972629484984,0.185965642741326,0.546635735691457,0.379667810445826,0.787031766490977,0.453364264308543,0.212968233509023,0.620332189554174,227,0.00116315461766839,3,976616706
330,-0.621285293991083,0.19181725290138,0.53725346498809,0.368896116642717,0.782445985792969,0.46274653501191,0.217554014207031,0.631103883357283,197,0.00119973228372999,3,57903209
305,-1.11349970359307,0.196827587503844,0.328407618249427,0.223292058224738,0.483006715875721,0.671592381750573,0.516993284124279,0.776707941775262,199,1.53832042149168e-08,4,853570536
830,-1.20367129681938,0.192422796872346,0.300090465889353,0.205807698522811,0.437565204625754,0.699909534110647,0.562434795374246,0.794192301477189,207,3.96633922603525e-10,3,956366546
55,-0.582938746076263,0.198830624253659,0.558255382776066,0.378083726717572,0.824285866794931,0.441744617223934,0.175714133205069,0.621916273282428,201,0.00336964834933017,4,168223880
280,-0.772194503039336,0.201662672394683,0.461998098809723,0.311160607286757,0.685955221533219,0.538001901190277,0.314044778466781,0.688839392713243,216,0.000128592107023539,4,865617693
580,-0.851461623752968,0.195978918753559,0.426790668462124,0.290668090210798,0.626660719978748,0.573209331537876,0.373339280021252,0.709331909789202,197,1.39492014175202e-05,3,649280089
880,-0.823632840356925,0.180353739305474,0.438834539405636,0.308165077439945,0.624911020337421,0.561165460594364,0.375088979662579,0.691834922560055,231,4.95312737987547e-06,4,705693267
680,-0.853143365500331,0.196771747684823,0.426073519975884,0.28972910764126,0.626580621818018,0.573926480024116,0.373419378181982,0.71027089235874,192,1.452966634561e-05,3,193731811
930,-1.00232945804367,0.201395687414055,0.367023478799387,0.247323581782157,0.544655843245283,0.632976521200613,0.455344156754717,0.752676418217843,192,6.46052764165545e-07,3,528566615
755,-0.988302588978208,0.192131062600293,0.372207944989985,0.255413225822159,0.542410260344663,0.627792055010015,0.457589739655337,0.744586774177841,212,2.69095673264935e-07,3,267245359
630,-0.66878037635129,0.199612171217416,0.512333050402636,0.346451291601086,0.757639416847963,0.487666949597364,0.242360583152037,0.653548708398914,200,0.000806952934298299,4,369747952
530,-1.12117716037038,0.203725240402658,0.325895936954499,0.2186088335724,0.48583655101145,0.674104063045501,0.51416344898855,0.7813911664276,187,3.7258078601191e-08,3,708047663
905,-0.813127213214463,0.197456094122993,0.44346907317037,0.301153840671428,0.653037724573325,0.55653092682963,0.346962275426675,0.698846159328572,190,3.8214935935898e-05,3,870930567
730,-1.28529483756325,0.192487191153608,0.276569028671348,0.189652315856391,0.403319238548781,0.723430971328652,0.596680761451219,0.810347684143609,209,2.43383412891495e-11,3,668610094
180,-0.952162687326666,0.210924207799381,0.385905527328466,0.255236034086396,0.583471987236142,0.614094472671534,0.416528012763858,0.744763965913604,206,6.35439528513947e-06,4,933956916
455,-0.824047126431753,0.177265147459309,0.43865277402084,0.309907804316864,0.620882254257278,0.56134722597916,0.379117745742722,0.690092195683136,229,3.34082637347989e-06,4,387820511
380,-0.824961199275119,0.213662723716055,0.43825199663021,0.288306121175757,0.666183609862655,0.56174800336979,0.333816390137345,0.711693878824243,205,0.000112903519896869,4,968351976
655,-0.746125861129628,0.195596239615859,0.474200115809709,0.323198870756369,0.695750419262597,0.525799884190291,0.304249580737403,0.676801129243631,197,0.000136391141595053,3,23285273
705,-0.988578895122222,0.187869694871368,0.372105115854748,0.257484248697365,0.537750242765403,0.627894884145252,0.462249757234597,0.742515751302635,212,1.42461446161602e-07,3,845539189
980,-0.921597613563832,0.201280305012667,0.397882869972143,0.268179227627894,0.590317078684893,0.602117130027857,0.409682921315107,0.731820772372106,201,4.67924884769249e-06,4,762157050
31,-0.981955547383997,0.190656844671872,0.374577877372192,0.257783267294197,0.54428895905229,0.625422122627808,0.45571104094771,0.742216732705803,212,2.59956687751727e-07,3,691304333
605,-0.705704353914457,0.200822752480409,0.493760669486124,0.333100938587266,0.731909071662717,0.506239330513875,0.268090928337283,0.666899061412734,193,0.000441303585838712,3,789704728
805,-1.32492073810673,0.211274933068669,0.265824027969669,0.175693900861625,0.402190477298768,0.734175972030331,0.597809522701232,0.824306099138375,178,3.58566160412719e-10,4,161404128
556,-0.690323687088601,0.1962240604551,0.501413741641611,0.341326501126934,0.736584295321219,0.498586258358389,0.263415704678781,0.658673498873066,218,0.000434750220289391,3,236090418
431,-1.14276662225338,0.200058422437487,0.318935426244678,0.215482856450913,0.472055214921688,0.681064573755322,0.527944785078312,0.784517143549088,192,1.11548168932059e-08,3,701713642
855,-1.07875138841365,0.214112367368287,0.340019813383102,0.223486578742642,0.517317299962855,0.659980186616898,0.482682700037145,0.776513421257358,203,4.69810370662681e-07,4,830313179
256,-0.843194798025825,0.209326040443993,0.430333496334069,0.285513404986111,0.6486102397753,0.569666503665931,0.3513897602247,0.714486595013889,179,5.6219634115256e-05,3,449362266
780,-1.37478313257979,0.186215154990426,0.252894434421755,0.175562858917025,0.364288866996216,0.747105565578245,0.635711133003784,0.824437141082975,212,1.55033010661289e-13,3,728303462
156,-0.664636343262216,0.192454764726653,0.514460580749535,0.352804658426621,0.750187625995297,0.485539419250465,0.249812374004703,0.647195341573379,198,0.000553428259535504,3,223703921
6,-0.94188679237162,0.201344856532882,0.389891496616231,0.262759671894266,0.578533905289757,0.610108503383769,0.421466094710243,0.737240328105734,206,2.89717739603413e-06,4,953272129
406,-0.883004613079801,0.218073095496833,0.413538519913922,0.269706748675796,0.634074261368099,0.586461480086078,0.365925738631901,0.730293251324204,200,5.14100963540707e-05,4,904270430
356,-0.867310610369388,0.206018260958115,0.420079789658916,0.280523162406343,0.629064025109855,0.579920210341084,0.370935974890145,0.719476837593658,195,2.55514847644667e-05,3,182397804
206,-1.05736092086445,0.185970370056449,0.347371342179619,0.241265775948914,0.500140763409478,0.652628657820381,0.499859236590522,0.758734224051086,203,1.3032225097482e-08,3,939358754
131,-1.10002524439606,0.197901011111558,0.332862680674671,0.225845509740728,0.490590068906502,0.667137319325329,0.509409931093498,0.774154490259272,196,2.72162239220104e-08,3,28590500
955,-0.845008217550754,0.220372679534915,0.42955382831585,0.27889198222356,0.661605579155352,0.57044617168415,0.338394420844648,0.72110801777644,179,0.00012584511059167,4,94998085
481,-0.891434346417632,0.190706905791278,0.410067152373841,0.282179181799258,0.595915929672004,0.589932847626159,0.404084070327996,0.717820818200742,185,2.94859540500581e-06,3,594109564
506,-0.909318654729499,0.180995718887864,0.402798575463354,0.282503667803233,0.574317118276546,0.597201424536646,0.425682881723454,0.717496332196767,217,5.06118262177845e-07,3,53070749
106,-0.8605582268471,0.184302963818673,0.422925927802752,0.294703533787394,0.606936530787775,0.577074072197248,0.393063469212225,0.705296466212606,225,3.02288447339365e-06,3,763101748
831,-1.22467260142587,0.194006812133726,0.293853891921396,0.200905834461368,0.429803893096772,0.706146108078604,0.570196106903228,0.799094165538632,194,2.74521387241483e-10,3,863095340
56,-0.754033783121788,0.199193146941536,0.470464966385201,0.31840052469737,0.695153642746671,0.529535033614799,0.304846357253329,0.68159947530263,194,0.000153436614260451,3,925025370
281,-0.77745261168486,0.193866161949118,0.459575238026979,0.314294980119841,0.672010094870177,0.540424761973021,0.327989905129823,0.685705019880159,198,6.06533845222655e-05,3,82884203
81,-0.852224156154343,0.232658744890346,0.42646535079721,0.27029889417037,0.672857711789058,0.57353464920279,0.327142288210942,0.72970110582963,172,0.000249298735000143,3,448462844
231,-0.482278030318959,0.196613162664472,0.617375388824372,0.419944487933173,0.907625606903307,0.382624611175628,0.0923743930966927,0.580055512066827,206,0.014169850039184,3,582963007
681,-0.627769005343919,0.199429036653599,0.533781336899533,0.361084695477186,0.789073918643152,0.466218663100467,0.210926081356848,0.638915304522814,191,0.00164486474990569,3,250529818
931,-0.662679338008506,0.18596824838596,0.515468368610316,0.3580185754796,0.74216160064276,0.484531631389684,0.25783839935724,0.6419814245204,230,0.000366081579351632,3,484195844
531,-0.897370059218065,0.191499828088825,0.407640321140378,0.280073607812133,0.59331056830922,0.592359678859622,0.40668943169078,0.719926392187867,203,2.7858301439443e-06,4,921722484
331,-1.0398942609596,0.187588507256811,0.353492057893688,0.244739480497815,0.510569993610126,0.646507942106312,0.489430006389874,0.755260519502185,212,2.96508416356194e-08,3,266614253
731,-0.778459069879089,0.192296927318976,0.459112927449962,0.31494598792544,0.669272472845644,0.540887072550038,0.330727527154356,0.68505401207456,216,5.16099981132977e-05,3,690404101
306,-1.32263275097481,0.205047918344238,0.266432926235092,0.178258722637116,0.398221770761268,0.733567073764908,0.601778229238732,0.821741277362884,221,1.11585271485597e-10,5,401074567
656,-0.605293982301061,0.186315843950954,0.545913914018306,0.378906302964302,0.786532182725038,0.454086085981694,0.213467817274962,0.621093697035698,207,0.0011591246177077,3,330627418
381,-1.02197999179238,0.197572048773076,0.359881671517226,0.244335232793961,0.530070166357251,0.640118328482774,0.469929833642749,0.755664767206039,215,2.30741221481321e-07,5,450634485
581,-1.06211634300643,0.19269928865127,0.345723366323582,0.236975146932513,0.504376292490066,0.654276633676418,0.495623707509934,0.763024853067487,203,3.55220061204556e-08,3,202737337
706,-0.724353134819482,0.198179839748913,0.484637963006011,0.328644557957078,0.714674713151011,0.515362036993989,0.285325286848989,0.671355442042922,209,0.000257152537450824,3,583483314
881,-1.01402336125521,0.209691290129954,0.362756538976878,0.240505880694841,0.547147979044431,0.637243461023122,0.452852020955569,0.759494119305159,160,1.32616864172632e-06,4,493084610
906,-0.97550162514427,0.197477580114334,0.377003191842487,0.256006979827653,0.555185670152853,0.622996808157513,0.444814329847147,0.743993020172347,190,7.81989330194718e-07,3,691244101
631,-0.978989472684385,0.186599245760724,0.375690552660571,0.260613379644828,0.541581524136482,0.624309447339429,0.458418475863518,0.739386620355172,218,1.55031489570341e-07,3,468217029
756,-0.747021811660368,0.197588920187253,0.473775446234146,0.321650740488553,0.697847525901631,0.526224553765854,0.302152474098369,0.678349259511447,219,0.000156396356720657,4,607069459
456,-0.946697625891978,0.198681875104628,0.38802029815608,0.262867034871831,0.57276010989565,0.61197970184392,0.42723989010435,0.737132965128169,191,1.88955072604579e-06,3,33652100
181,-0.947680127420951,0.206707271296682,0.387639254838343,0.258510508375242,0.581269182580033,0.612360745161657,0.418730817419967,0.741489491624758,193,4.54751361799717e-06,4,612804122
856,-0.994472223448915,0.190383158541663,0.369918627410415,0.25471338217319,0.537230473474546,0.630081372589585,0.462769526525454,0.74528661782681,194,1.75543593867961e-07,3,700637014
781,-0.894037089830775,0.199008170496335,0.409001240543283,0.276903575403627,0.604116485394261,0.590998759456717,0.395883514605739,0.723096424596373,177,7.04037423908506e-06,3,33044584
557,-0.87078109734315,0.220751546052358,0.41862443507625,0.271594216654709,0.645250918084564,0.58137556492375,0.354749081915436,0.728405783345291,205,7.99264195528658e-05,5,738033660
981,-1.43181932728121,0.19329512225567,0.238873936803299,0.163544393554364,0.348900726241889,0.761126063196701,0.651099273758111,0.836455606445636,199,1.28774230655573e-13,3,30456181
157,-0.890143791233916,0.189562188702884,0.410596708300081,0.283178212347833,0.595348263092291,0.589403291699919,0.404651736907709,0.716821787652167,216,2.65581290237191e-06,3,434690910
806,-0.895997384579957,0.226113322777063,0.408200262891676,0.262062735962092,0.635830401499495,0.591799737108324,0.364169598500505,0.737937264037908,190,7.41369321877435e-05,4,524706337
132,-0.936968083263427,0.197204252233191,0.391813983673139,0.266206936672076,0.576687443689434,0.608186016326862,0.423312556310566,0.733793063327924,208,2.02156000961582e-06,3,948658023
956,-0.600467111862375,0.208617801234334,0.54855533953284,0.364455620714539,0.825650486443395,0.45144466046716,0.174349513556605,0.635544379285461,167,0.0039980955829499,3,544051506
432,-0.823793705757101,0.20961635381082,0.438763951789548,0.29094116633422,0.661693248210977,0.561236048210452,0.338306751789023,0.70905883366578,190,8.49434426188861e-05,3,673662077
606,-1.10052474709188,0.207699853179144,0.332696456386531,0.221438810346816,0.499853354155931,0.667303543613469,0.500146645844069,0.778561189653184,216,1.16674564829432e-07,5,619282778
482,-0.706900803066841,0.189892539475032,0.493170263217607,0.339906961532364,0.715539650690461,0.506829736782393,0.284460349309539,0.660093038467636,216,0.000197153653781266,3,478228648
107,-0.52530941821445,0.188397135742777,0.59137235467695,0.40878700896424,0.85550972562035,0.40862764532305,0.14449027437965,0.59121299103576,193,0.00529839896956556,3,672605060
257,-0.882531158011946,0.19725781189656,0.41373435817858,0.2810706086163,0.609014652866533,0.58626564182142,0.390985347133467,0.7189293913837,200,7.67702740112055e-06,3,250367315
32,-0.884262771819067,0.194945322541541,0.413018549982017,0.28185892957209,0.605211702493243,0.586981450017983,0.394788297506757,0.71814107042791,208,5.73440185649691e-06,4,97745448
357,-0.717697747396656,0.192993873199056,0.487874173581774,0.334219008071005,0.712171371167289,0.512125826418226,0.287828628832711,0.665780991928995,190,0.000200203765127476,3,135501818
407,-0.93206597289927,0.202281779345328,0.393739414544857,0.264866070485568,0.585317425829269,0.606260585455143,0.414682574170731,0.735133929514432,211,4.07029295134661e-06,4,931844155
7,-0.752325562521249,0.19412017769001,0.471269311136157,0.322131922715686,0.689452823384937,0.528730688863843,0.310547176615063,0.677868077284314,198,0.000106377136087031,4,815827602
232,-0.901910776433125,0.202862250269376,0.405793537750287,0.272664417247833,0.603923302284878,0.594206462249713,0.396076697715122,0.727335582752167,187,8.75136231077779e-06,4,951271519
532,-0.721529629715759,0.186166007233038,0.486008274398257,0.33742625405876,0.700016788683071,0.513991725601743,0.299983211316929,0.66257374594124,229,0.000106304454419019,3,889232794
207,-1.01957959631684,0.198763986399354,0.360746567484162,0.244350929553832,0.532586825796931,0.639253432515838,0.467413174203069,0.755649070446168,192,2.90359645572324e-07,3,166110008
832,-1.12208846044505,0.201253655458779,0.325599083244765,0.219470296979561,0.483048341706596,0.674400916755235,0.516951658293404,0.780529703020439,200,2.46829035451607e-08,3,916460973
332,-1.18052296007478,0.209959268042302,0.307118086100099,0.203510930368362,0.463471512999634,0.692881913899901,0.536528487000366,0.796489069631638,210,1.88073592711419e-08,5,201551209
507,-0.819144930988355,0.201301382674928,0.44080841502068,0.297099437128019,0.654030383333631,0.55919158497932,0.345969616666369,0.702900562871981,176,4.71654422117742e-05,4,659635607
57,-0.964789773359937,0.197419527653349,0.381063300976751,0.258793472874566,0.561100856750274,0.618936699023249,0.438899143249726,0.741206527125434,203,1.02382667505828e-06,3,485354389
82,-0.903163933981248,0.200855645586333,0.405285333012284,0.273396060134884,0.60079944485608,0.594714666987716,0.39920055514392,0.726603939865116,184,6.90544687765292e-06,3,430282276
282,-0.791751078773672,0.20197430792354,0.453050772695735,0.304948170956083,0.673081599396647,0.546949227304265,0.326918400603353,0.695051829043917,196,8.85275199827058e-05,3,817290616
932,-0.662168409372839,0.19986594351621,0.515731803453091,0.348576186377145,0.763044933899183,0.484268196546909,0.236955066100817,0.651423813622855,177,0.000922802784664779,3,947521505
882,-0.964421727747145,0.189150040170336,0.381203575464993,0.263118969346777,0.552283122376385,0.618796424535007,0.447716877623615,0.736881030653223,214,3.41970973380883e-07,4,638094391
757,-1.11637661392548,0.215841738503313,0.327464176728282,0.214505768596376,0.499906309009834,0.672535823271718,0.500093690990167,0.785494231403624,194,2.31353907426585e-07,4,407938911
907,-0.541023704718583,0.197232899045822,0.582151995485855,0.395504512031963,0.856882628486358,0.417848004514145,0.143117371513642,0.604495487968037,209,0.00608676556728422,4,370263720
682,-0.589525681266971,0.205832216504914,0.55459027491554,0.370482372685624,0.830188952854407,0.44540972508446,0.169811047145593,0.629517627314376,188,0.00418185509474821,4,718524432
182,-0.637804074267717,0.187194079231338,0.528451591302248,0.36615529668907,0.762684813998526,0.471548408697752,0.237315186001474,0.63384470331093,218,0.000656376302659733,3,163072245
632,-0.705781477051392,0.220208684838578,0.4937225905828,0.320657222712761,0.760194934608251,0.5062774094172,0.239805065391749,0.679342777287239,191,0.00135035543880142,5,210586268
657,-1.02176404460545,0.204887505617625,0.359959395343639,0.240908959927336,0.537841209124144,0.640040604656361,0.462158790875856,0.759091040072664,188,6.13394693236395e-07,3,832131014
582,-1.0219758264393,0.201012325155336,0.359883170554579,0.242694277700736,0.533658632891712,0.640116829445421,0.466341367108288,0.757305722299265,220,3.69285573775697e-07,4,832209240
307,-0.95996260233237,0.204618704896324,0.382907205543757,0.256402220290857,0.571827841003128,0.617092794456243,0.428172158996872,0.743597779709143,193,2.71248487095442e-06,3,751861177
382,-0.930927437279515,0.196947719270089,0.394187956185082,0.267954557641866,0.579889911815013,0.605812043814918,0.420110088184987,0.732045442358134,194,2.2811446353706e-06,4,605017147
732,-0.705650771839848,0.19195470096288,0.493787126915971,0.338959356069346,0.719336175096009,0.506212873084029,0.280663824903991,0.661040643930654,207,0.000236797257636897,3,325421306
707,-1.2955888033025,0.220362906233693,0.273736639833795,0.17772956832299,0.421605412619483,0.726263360166205,0.578394587380517,0.82227043167701,176,4.11901529985382e-09,4,42047352
457,-1.07072848316806,0.19793709571993,0.342758732480375,0.232543479698343,0.505211106516311,0.657241267519626,0.494788893483689,0.767456520301657,209,6.32227689659673e-08,3,991494078
982,-1.01437041914113,0.191127641081088,0.362630663303695,0.249331058816734,0.527415230946961,0.637369336696305,0.472584769053039,0.750668941183266,223,1.11265160929845e-07,3,574991187
807,-0.931154628474316,0.186611415987723,0.394098410324741,0.273376234857055,0.568131158517489,0.605901589675259,0.431868841482511,0.726623765142945,216,6.04401869319823e-07,3,761141738
558,-0.838353946018434,0.194363107917925,0.432421727434563,0.295437302933753,0.632921261129374,0.567578272565437,0.367078738870626,0.704562697066247,196,1.60807358315918e-05,3,650696842
108,-1.04578729533637,0.184232643241608,0.351415043015498,0.244907022401847,0.504242513123841,0.648584956984502,0.495757486876159,0.755092977598153,219,1.37519129222363e-08,3,620852089
857,-0.920841560677823,0.180953974231648,0.398183804211044,0.27928993784009,0.567690849022848,0.601816195788956,0.432309150977152,0.72071006215991,216,3.6030514031597e-07,3,728373600
782,-0.677685955042631,0.196970143916966,0.507790684326331,0.345162367181832,0.747043720883881,0.492209315673669,0.252956279116119,0.654837632818168,194,0.000580529608737717,3,301818198
358,-0.882885008544799,0.198849625572418,0.413587983954304,0.280095934016699,0.610701547924603,0.586412016045696,0.389298452075397,0.7199040659833,206,8.99742856020851e-06,3,298336570
33,-1.10154552025207,0.193285112072269,0.33235702204557,0.227551798985096,0.485433165528322,0.66764297795443,0.514566834471678,0.772448201014905,196,1.20462259694566e-08,3,83046744
408,-0.736836406166848,0.207351068739297,0.478625700237421,0.318785430858679,0.718610509616785,0.521374299762579,0.281389490383215,0.681214569141321,194,0.00038004095636824,3,920685888
158,-0.972271433034127,0.191430440272877,0.378222953550001,0.259897436312543,0.550419444769191,0.621777046449999,0.449580555230809,0.740102563687457,194,3.79466072026367e-07,4,686483856
8,-0.539016703678767,0.193142368117438,0.583321548400499,0.399489103665486,0.851747959346789,0.416678451599501,0.148252040653211,0.600510896334514,218,0.00525821695433939,3,806688277
433,-0.896236521218654,0.189449478746804,0.4081026589237,0.281520312351267,0.591601290967537,0.5918973410763,0.408398709032463,0.718479687648733,214,2.23701170579707e-06,5,429209243
133,-0.949033014368458,0.197368082110027,0.38711517733887,0.262930024958661,0.56995453657172,0.61288482266113,0.43004546342828,0.737069975041339,189,1.52110997651801e-06,4,717799093
833,-1.35098567944404,0.198288204103556,0.258984858742786,0.175586510879588,0.381994930715478,0.741015141257214,0.618005069284522,0.824413489120412,198,9.54228848162442e-12,3,187204922
483,-0.365329358570227,0.189641105284568,0.693968048909664,0.478538268693389,1.00638064793111,0.306031951090336,-0.00638064793111326,0.521461731306611,226,0.0540513333694933,3,171295130
607,-0.723599861587462,0.192505962874651,0.485003165342067,0.332570099470708,0.707303725639181,0.514996834657933,0.292696274360819,0.667429900529292,215,0.000170700301371148,3,610356625
957,-0.92494656836548,0.186443011236012,0.396552606962899,0.275169459273814,0.571480463362732,0.603447393037101,0.428519536637268,0.724830540726186,201,7.01257893696949e-07,3,748771709
258,-1.07095464508723,0.231548415993432,0.342681222272884,0.217668677320017,0.53949158668241,0.657318777727116,0.46050841331759,0.782331322679983,182,3.74261197991056e-06,5,156293565
508,-0.77224335218905,0.20291747607889,0.461975531146636,0.310381126247289,0.687610725428511,0.538024468853364,0.312389274571489,0.689618873752711,185,0.000141402813462751,3,106877832
533,-0.50859964872758,0.216322495605981,0.601337072616085,0.393535519685672,0.918865659677448,0.398662927383915,0.0811343403225516,0.606464480314328,203,0.018717112149025,5,447556156
83,-0.68472283501113,0.181672648657652,0.504229965101698,0.353173908983463,0.719894225590613,0.495770034898302,0.280105774409387,0.646826091016537,222,0.000163907867149049,3,161094179
933,-0.600832026057956,0.188882219509329,0.548355200421405,0.378691127336446,0.794033459257812,0.451644799578595,0.205966540742188,0.621308872663554,220,0.00146773836844995,3,370234477
683,-0.86806029011419,0.203191602501818,0.419764982366478,0.281870223878998,0.625119737715787,0.580235017633522,0.374880262284213,0.718129776121002,184,1.93617422542078e-05,3,142538894
333,-1.24673152449655,0.197870908889512,0.287442762794669,0.195039850548897,0.423622873225688,0.712557237205331,0.576377126774312,0.804960149451103,191,2.96243646309666e-10,3,953823252
208,-1.21643793751425,0.208709704690084,0.296283670435015,0.196812960185576,0.446027605517811,0.703716329564985,0.553972394482189,0.803187039814424,201,5.59704799361389e-09,4,986606181
233,-0.646571276021985,0.183441402815576,0.523838799767319,0.365638616926354,0.750487162566135,0.476161200232681,0.249512837433865,0.634361383073646,219,0.000424003086338112,3,786868852
58,-1.28357619310092,0.224590440300615,0.277044761191357,0.178393165889884,0.430250785228808,0.722955238808644,0.569749214771192,0.821606834110116,177,1.09583942427578e-08,3,480069162
183,-0.670561856668416,0.18558460389661,0.511421151663531,0.355474772250367,0.735781030853679,0.488578848336469,0.264218969146321,0.644525227749633,224,0.00030239366919509,3,231835908
283,-0.69186580202755,0.207343692279685,0.500641099924318,0.333453460757639,0.751653650149405,0.499358900075682,0.248346349850595,0.666546539242361,188,0.000847468957607197,3,905346903
583,-1.08193131519244,0.196047332755854,0.338940292581428,0.23080616652503,0.497735929957164,0.661059707418572,0.502264070042836,0.76919383347497,193,3.4146807804274e-08,4,754576339
308,-1.30172255569074,0.186574139560288,0.272062745938865,0.188736927849948,0.392176234778189,0.727937254061135,0.607823765221811,0.811263072150052,212,3.01609695983931e-12,3,790021345
908,-1.17195976695206,0.194149484278184,0.309759290012886,0.211721030705863,0.453194552423034,0.690240709987114,0.546805447576966,0.788278969294137,202,1.57611350579055e-09,3,836319657
883,-1.0143195631573,0.191394205794594,0.362649105711792,0.249213501698906,0.527717691766374,0.637350894288208,0.472282308233626,0.750786498301094,224,1.16033977292155e-07,3,351556869
758,-0.759591770062266,0.197440980619593,0.467857381420289,0.317725021943698,0.68893072383905,0.532142618579711,0.31106927616095,0.682274978056302,201,0.000119483264634331,3,4650618
983,-0.909230561354948,0.183045816455867,0.402834060912125,0.281395600393984,0.576680233819402,0.597165939087875,0.423319766180598,0.718604399606016,220,6.79162299281611e-07,3,232647667
383,-1.07852920943477,0.203213537840372,0.340095367030944,0.228362631433295,0.50649643485869,0.659904632969056,0.49350356514131,0.771637368566705,184,1.1121894765076e-07,3,195838403
658,-0.734858606904644,0.190086188947057,0.479573262529343,0.330410092597466,0.696075934984323,0.520426737470657,0.303924065015677,0.669589907402534,211,0.000110669764767252,3,51949667
733,-0.559343801212663,0.208066168432544,0.571584013551144,0.380166487298035,0.859382127207621,0.428415986448856,0.140617872792379,0.619833512701965,183,0.00718173383007078,3,568248526
633,-0.776420207078987,0.187849616444556,0.460049950625035,0.318351649916541,0.664818156669149,0.539950049374965,0.335181843330851,0.681648350083459,207,3.57745732086915e-05,4,427187723
708,-0.698952602673426,0.211058122217356,0.497105698393399,0.328697001430791,0.751798995121715,0.502894301606601,0.248201004878285,0.671302998569209,198,0.000927444053126847,3,827233878
359,-1.20836619489997,0.194993051372198,0.298684873874518,0.203814389882089,0.437715187495095,0.701315126125482,0.562284812504905,0.796185610117911,215,5.7560269363674e-10,3,648011179
858,-0.769194671066016,0.207551320400476,0.463386096316914,0.308514083853034,0.696002826120954,0.536613903683086,0.303997173879046,0.691485916146966,184,0.000210520359287581,3,626342108
783,-0.546840726061394,0.196953692985455,0.578775435186276,0.39342576936701,0.851446525513619,0.421224564813724,0.148553474486381,0.60657423063299,194,0.00549486670828011,3,296388543
458,-0.272109870320857,0.201109860529729,0.761770560515914,0.513616729617031,1.12981987035628,0.238229439484086,-0.129819870356278,0.486383270382969,195,0.176042558701943,3,463125442
808,-0.703544713179353,0.185937440350546,0.494828167432458,0.343703676056946,0.712401211687932,0.505171832567542,0.287598788312068,0.656296323943054,212,0.000154469897620192,3,59044409
434,-0.854965168439441,0.198280296622453,0.425298004617487,0.288347938379077,0.627292130987335,0.574701995382513,0.372707869012665,0.711652061620923,199,1.61856319006589e-05,3,84533234
134,-1.30715539857507,0.192675082794202,0.270588679596604,0.185483078601982,0.394743467046653,0.729411320403396,0.605256532953347,0.814516921398018,206,1.16693341488327e-11,4,799923025
559,-0.974767434013413,0.184490845666265,0.377280085876377,0.26279977540466,0.541630079324499,0.622719914123623,0.458369920675501,0.73720022459534,220,1.26701162013704e-07,4,737296559
484,-0.687247881007719,0.201478966103826,0.502958367343999,0.338869772198662,0.746502462111135,0.497041632656001,0.253497537888865,0.661130227801338,193,0.00064721406629111,4,599449940
834,-1.19194340543475,0.190954440716377,0.303630612931962,0.208835747750336,0.441454828029034,0.696369387068038,0.558545171970966,0.791164252249664,200,4.31927243934823e-10,3,798406134
109,-0.683054022881547,0.199594760075606,0.505072132697861,0.341552948843276,0.746876465543325,0.494927867302139,0.253123534456675,0.658447051156724,192,0.000621156480992347,3,410235820
409,-1.02622310567781,0.187619776282194,0.358357887680063,0.248093122343051,0.517629728908581,0.641642112319937,0.482370271091419,0.751906877656949,221,4.50808605222621e-08,3,901883961
34,-1.23466095346404,0.210026413063575,0.290933385604559,0.192760815056393,0.439104985287432,0.709066614395441,0.560895014712568,0.807239184943607,163,4.13754615588638e-09,3,937309880
159,-1.17173823012884,0.199372031449237,0.30982792070379,0.209611338669261,0.457958720444501,0.69017207929621,0.542041279555499,0.790388661330739,204,4.17403935198217e-09,3,112334934
534,-0.723392397765448,0.189247701901223,0.485103796390728,0.334770158168016,0.702947044505057,0.514896203609272,0.297052955494943,0.665229841831984,209,0.000132125140422563,4,860046136
9,-1.12653063732202,0.192292552584464,0.324155922287279,0.222368999983891,0.472534669677558,0.675844077712721,0.527465330322442,0.777631000016109,209,4.67290140484126e-09,3,265231664
84,-0.819858739372669,0.198274909337377,0.440493874552329,0.298653744823289,0.649698377741527,0.559506125447671,0.350301622258473,0.701346255176711,193,3.55017087763079e-05,3,541674984
608,-0.783049716547871,0.191648153536801,0.457010132506134,0.313902391911615,0.665360527969734,0.542989867493866,0.334639472030266,0.686097608088385,208,4.39116894223422e-05,4,40548129
259,-0.822132954462501,0.198389821321074,0.439493235001906,0.29790821027043,0.648368514036932,0.560506764998094,0.351631485963068,0.70209178972957,203,3.41258199697077e-05,3,133196202
958,-0.873669169700013,0.202757738508056,0.417417161603123,0.280532124490932,0.621094953446017,0.582582838396877,0.378905046553983,0.719467875509068,196,1.64045296827849e-05,3,636102600
284,-0.866488476042513,0.181060650655869,0.420425293679918,0.294828681992382,0.599525888632548,0.579574706320082,0.400474111367452,0.705171318007618,226,1.70455590983627e-06,4,50304656
509,-0.831216731110683,0.190623895395974,0.435519054229433,0.2997421419754,0.632800063904481,0.564480945770568,0.367199936095519,0.7002578580246,195,1.29761738987773e-05,3,416206917
909,-0.640203718851096,0.182921939366953,0.527185015577167,0.368349106332699,0.754512596531379,0.472814984422833,0.245487403468621,0.631650893667301,209,0.000465478320863733,4,442086674
934,-0.849248101167494,0.211644855598994,0.427736425587254,0.282503484020799,0.64763254304039,0.572263574412746,0.35236745695961,0.717496515979201,185,6.00512764926835e-05,3,326277347
884,-0.898130183166176,0.204195393522109,0.407330581705158,0.272982988130666,0.607796859168542,0.592669418294842,0.392203140831458,0.727017011869334,200,1.09058829784056e-05,3,505059538
59,-1.0053190561149,0.218974556578015,0.365927864654059,0.238234141633215,0.5620655427988,0.634072135345941,0.4379344572012,0.761765858366785,175,4.41061054180332e-06,4,172019576
334,-0.944223774727996,0.204726932568082,0.388981390932412,0.260414369117645,0.581022172487568,0.611018609067588,0.418977827512432,0.739585630882355,198,3.98595933434524e-06,3,14584784
684,-0.682943925279059,0.197642710279673,0.505127742989978,0.342899965805726,0.74410633473994,0.494872257010022,0.25589366526006,0.657100034194274,201,0.000549381034703484,3,85165603
209,-0.751387080615538,0.176894680802634,0.471711796457133,0.333506046270088,0.66719035953134,0.528288203542867,0.33280964046866,0.666493953729912,226,2.16022402978371e-05,3,16465703
234,-0.834983098148628,0.191093177167625,0.433881814776964,0.298340793635532,0.631001301900844,0.566118185223036,0.368998698099156,0.701659206364468,213,1.24526981964018e-05,4,58055484
584,-0.921273783133001,0.184632355626568,0.39801173741782,0.277163816985414,0.571551311586565,0.60198826258218,0.428448688413435,0.722836183014586,216,6.04498799327336e-07,3,268770961
384,-0.655236555020431,0.202918013520105,0.519319200491716,0.348907458673829,0.772962644663533,0.480680799508284,0.227037355336467,0.651092541326171,196,0.00124193309688167,4,351677650
309,-0.876611791356275,0.200149700159579,0.416190666264587,0.281141270163301,0.616112570684301,0.583809333735413,0.383887429315699,0.7188587298367,213,1.18798810213821e-05,4,871367119
759,-0.72611027926047,0.205382344256297,0.483787131838967,0.323468909254992,0.723562550329901,0.516212868161033,0.276437449670099,0.676531090745008,171,0.000407146768865306,3,362663911
709,-0.934435085276815,0.197609737401019,0.392807705721567,0.26667007639649,0.578609702893054,0.607192294278433,0.421390297106946,0.73332992360351,202,2.259736840745e-06,3,539032389
984,-1.13932499563612,0.196717675530645,0.320034973927792,0.217646181622206,0.4705912310226,0.679965026072208,0.5294087689774,0.782353818377794,227,6.96875739327278e-09,4,583827060
809,-0.699204192639597,0.194785540202632,0.496980647319015,0.339263958430277,0.72801651243006,0.503019352680985,0.27198348756994,0.660736041569723,204,0.000331172607539106,4,714203121
435,-0.792800787223185,0.198944053899955,0.452575450989829,0.306442860179675,0.668393901292246,0.547424549010171,0.331606098707754,0.693557139820325,181,6.74676529988705e-05,3,215230028
659,-1.31430040046978,0.199630928594308,0.268662213465946,0.181668836192385,0.39731297044246,0.731337786534054,0.602687029557539,0.818331163807615,185,4.59033340936504e-11,3,857769333
184,-0.913056313996024,0.188954822962931,0.401295861700662,0.277093312384342,0.581170174163959,0.598704138299339,0.418829825836041,0.722906687615658,206,1.35072652985465e-06,3,133291779
560,-0.336882081659258,0.209586212592763,0.713993027812114,0.473471522842249,1.07669842676929,0.286006972187886,-0.0766984267692934,0.526528477157751,177,0.107973759293249,3,622531893
734,-0.597570010612473,0.207635353942324,0.550146864183503,0.366217512280353,0.826453028655942,0.449853135816497,0.173546971344058,0.633782487719647,180,0.00400232866921881,4,701334358
835,-1.10575491200903,0.185692909239618,0.330960941522949,0.229993018169804,0.476254217129701,0.669039058477051,0.523745782870299,0.770006981830196,208,2.60469162731326e-09,4,369950368
110,-0.699133643415203,0.196423855868832,0.497015710155035,0.338200174475753,0.730409487587724,0.502984289844965,0.269590512412276,0.661799825524247,202,0.000371828629834612,4,834461973
634,-0.821372284899519,0.196225785169544,0.439827671310543,0.299402110875252,0.646115619842963,0.560172328689457,0.353884380157037,0.700597889124748,193,2.84097215487694e-05,3,42228103
459,-0.572263251209941,0.192973878368117,0.564246959871255,0.386553459810845,0.823623805824288,0.435753040128745,0.176376194175712,0.613446540189155,207,0.0030219534232372,4,969089366
410,-0.739691463747877,0.199199073130826,0.477261145172039,0.322996280005042,0.705203789614453,0.522738854827961,0.294796210385547,0.677003719994958,196,0.000204551631673107,4,174918244
360,-0.876978717586978,0.19706833724317,0.41603798300562,0.282740557130237,0.612178192828757,0.58396201699438,0.387821807171243,0.717259442869763,193,8.58203576441177e-06,3,814451391
859,-1.00285835355944,0.2046933388422,0.366829413052041,0.245600284194667,0.547897648902748,0.633170586947959,0.452102351097252,0.754399715805333,197,9.6168465555592e-07,4,182508647
784,-0.677520697310905,0.197098788344881,0.507874607597308,0.345132380531644,0.74735559916109,0.492125392402692,0.25264440083891,0.654867619468356,203,0.000587180981368304,3,149885401
10,-0.734223748965821,0.205617093036567,0.47987782008747,0.320707480850811,0.718045995063728,0.52012217991253,0.281954004936272,0.679292519149189,199,0.000355851382007534,3,745077341
609,-0.790068229032561,0.199446806359332,0.453813830947386,0.306978739471639,0.670883571655847,0.546186169052614,0.329116428344153,0.693021260528361,190,7.45434392963967e-05,4,414032131
135,-1.00526961014557,0.20022398960114,0.36594595875937,0.247164439079097,0.541811132828291,0.63405404124063,0.458188867171709,0.752835560920903,194,5.14767865800738e-07,3,622559783
485,-0.864333873864407,0.217778636462532,0.421332119507049,0.274948311288434,0.645651373876141,0.578667880492951,0.354348626123859,0.725051688711566,175,7.22159642559465e-05,3,679154803
260,-0.559194223226681,0.203730098891433,0.571669516331218,0.383468469371783,0.852237046862703,0.428330483668782,0.147762953137297,0.616531530628217,189,0.00605515453616435,4,571200213
35,-1.16741875948256,0.202989892013498,0.311169107836593,0.209031224834472,0.463214114295584,0.688830892163407,0.536785885704417,0.790968775165528,182,8.86553681529746e-09,3,69204298
285,-0.94522153916116,0.179246649104612,0.38859347269307,0.273476792147874,0.552167099203096,0.61140652730693,0.447832900796904,0.726523207852126,201,1.33991510606771e-07,3,26774743
160,-0.440578277750075,0.204677808207899,0.643664096814387,0.430960254412013,0.961349603093079,0.356335903185613,0.0386503969069206,0.569039745587987,174,0.0313544223408974,3,125166963
535,-1.12451893814945,0.178725591159528,0.324808682846727,0.228821132838359,0.461061787187078,0.675191317153273,0.538938212812922,0.771178867161642,238,3.13655610210407e-10,3,542777546
510,-1.03508978567083,0.210667785135407,0.355194488117823,0.235042000038499,0.536768425935013,0.644805511882177,0.463231574064987,0.764957999961501,187,8.95219096526448e-07,3,11152847
910,-1.07505001259259,0.186884261117852,0.341280686542235,0.236611331938975,0.492252446458394,0.658719313457764,0.507747553541606,0.763388668061025,203,8.79380000810294e-09,3,371506917
60,-0.763523719899412,0.200835306520546,0.466021401521427,0.314379731575649,0.690807723473535,0.533978598478573,0.309192276526465,0.685620268424351,198,0.000143683170791186,3,881403959
85,-0.668261952976883,0.192351460546413,0.512598724691377,0.351599024363948,0.747321335804504,0.487401275308623,0.252678664195496,0.648400975636052,209,0.000512433486831591,3,813391093
685,-0.883432583953906,0.195772631692827,0.413361575338341,0.281635980490973,0.606697310721177,0.586638424661659,0.393302689278823,0.718364019509027,200,6.4054687907063e-06,3,442071913
959,-0.856040876375352,0.198291403229119,0.424840754156859,0.288031656884713,0.626631351375419,0.575159245843141,0.373368648624581,0.711968343115287,211,1.58103164167023e-05,4,193977687
585,-0.702403813613725,0.216390418525749,0.495393038843244,0.324158968329402,0.757079972826667,0.504606961156756,0.242920027173333,0.675841031670598,194,0.00117037860887166,4,811803781
935,-0.67674051159628,0.206723722169468,0.508270998720216,0.338946987868677,0.762182339381454,0.491729001279784,0.237817660618546,0.661053012131323,191,0.00106169117655743,3,970234779
885,-0.507427044848983,0.20128510077708,0.602042616380613,0.405782250125588,0.893226137481949,0.397957383619387,0.106773862518051,0.594217749874412,192,0.0117042827088356,3,328031220
335,-0.771295552396411,0.179023376465491,0.46241359902679,0.325570932444002,0.65677342556276,0.53758640097321,0.34322657443724,0.674429067555998,224,1.6447618264652e-05,3,555943655
760,-1.20467383305549,0.203532687393999,0.299789765080104,0.201172894297321,0.446749566141628,0.700210234919896,0.553250433858372,0.798827105702679,182,3.24254836485501e-09,4,523313186
210,-0.789564657705004,0.199592000703574,0.454042416130341,0.307045973839544,0.671412534961981,0.545957583869659,0.328587465038019,0.692954026160456,207,7.62491910713716e-05,4,560246350
985,-0.881599835781304,0.202360752003427,0.41411985766819,0.278532752975025,0.615709480064268,0.58588014233181,0.384290519935732,0.721467247024975,193,1.32113310469327e-05,3,611842433
185,-0.875389181587951,0.193502864040678,0.416699816221081,0.285176262203069,0.608882154136086,0.583300183778919,0.391117845863914,0.714823737796931,192,6.07080813052576e-06,3,590373325
561,-1.02727782966082,0.217098123980381,0.357980118277672,0.233918542366482,0.547839276808261,0.642019881722328,0.452160723191739,0.766081457633518,183,2.22472337071469e-06,3,244808503
385,-0.730491823461898,0.213108780978746,0.481672034217382,0.317214410803266,0.731391578206075,0.518327965782618,0.268608421793925,0.682785589196734,198,0.000608519397299793,3,494477504
235,-0.804124110600702,0.18710522871516,0.447479697683825,0.310105219856198,0.645710123589863,0.552520302316175,0.354289876410137,0.689894780143802,218,1.72571329936062e-05,3,110622913
735,-0.978365845657174,0.206803884702908,0.375924916513299,0.250650933355859,0.563810160063892,0.624075083486701,0.436189839936108,0.74934906664414,191,2.23540743155132e-06,3,126200739
460,-1.14306944372586,0.213564845531065,0.318838860371125,0.209789873972397,0.484571619010237,0.681161139628875,0.515428380989763,0.790210126027604,189,8.68290568371221e-08,4,59322538
361,-0.820763536348698,0.211636334765331,0.440095497279129,0.290671030603793,0.666334193411141,0.559904502720871,0.333665806588859,0.709328969396207,184,0.00010524138078899,3,752832167
310,-0.492530907626844,0.195983670339173,0.611077853803896,0.416173997457469,0.897259669491334,0.388922146196104,0.102740330508666,0.583826002542531,197,0.0119667884414293,4,266287599
860,-0.788012002892738,0.210155167283109,0.454747934844498,0.301221753788013,0.686523073598692,0.545252065155502,0.313476926401308,0.698778246211987,224,0.000177069185463254,4,869002027
785,-0.879239039880297,0.203879108082773,0.415098665058332,0.278361472551345,0.619004132123302,0.584901334941668,0.380995867876698,0.721638527448655,193,1.61381681883761e-05,4,758955627
660,-1.00468330964682,0.204267562762117,0.366160575966444,0.245357149744464,0.546442471848543,0.633839424033556,0.453557528151457,0.754642850255536,192,8.7224524159966e-07,4,867504523
810,-0.818804924573043,0.204392542477165,0.440958318192286,0.295405306125254,0.658228658562159,0.559041681807714,0.341771341437841,0.704594693874746,183,6.1744911268493e-05,3,806462668
710,-0.796276971786191,0.180588207369063,0.451004946456789,0.316566055104503,0.642537184415886,0.548995053543211,0.357462815584114,0.683433944895497,235,1.03680389773095e-05,3,49109070
436,-1.12455242891,0.192269268177569,0.324797804939059,0.222819496088473,0.473448759848841,0.675202195060941,0.526551240151159,0.777180503911527,220,4.95009200885399e-09,4,463059841
136,-0.645867025788388,0.196290894554483,0.524207843298666,0.356796349479403,0.770170051842702,0.475792156701334,0.229829948157298,0.643203650520597,193,0.00100060514642816,3,911528816
836,-0.963005166071335,0.207839210887079,0.381743956491842,0.254014853840812,0.573700498669939,0.618256043508158,0.426299501330061,0.745985146159188,178,3.59683744819386e-06,3,523503493
261,-0.755819294076269,0.189827434787713,0.469625695520651,0.323720681372019,0.681291948844633,0.530374304479349,0.318708051155367,0.676279318627981,199,6.844929890961e-05,3,205679093
111,-0.765722612439441,0.196999475257147,0.464997796349454,0.316056435206052,0.684127663684123,0.535002203650546,0.315872336315877,0.683943564793948,200,0.000101521197763498,4,532461515
411,-0.579188366592035,0.193217635509828,0.56035298325086,0.383702420525346,0.81833068816254,0.43964701674914,0.18166931183746,0.616297579474654,191,0.0027211834600066,3,374699138
635,-0.815004157489807,0.19777102117476,0.442637487096685,0.300403641745474,0.65221561178434,0.557362512903315,0.34778438821566,0.699596358254526,202,3.77316065297343e-05,3,551160249
161,-0.628835115278733,0.199448272951645,0.533212570550844,0.360686345610063,0.78826284624817,0.466787429449156,0.21173715375183,0.639313654389937,186,0.00161672014505112,3,20643858
911,-1.05532690030593,0.20540861736399,0.348078621697748,0.232719737571503,0.520620761037847,0.651921378302252,0.479379238962153,0.767280262428497,184,2.78128271123448e-07,4,734573748
86,-1.09056528583248,0.200681058363493,0.336026488994739,0.226753232884546,0.497958948014746,0.663973511005261,0.502041051985254,0.773246767115454,182,5.5005488512023e-08,4,141066916
11,-0.860757572989055,0.186906926755687,0.422841627553455,0.29314485165129,0.609920457360584,0.577158372446545,0.390079542639416,0.70685514834871,223,4.11923521221355e-06,4,374575596
486,-1.16230258054628,0.190771550689442,0.312765184096119,0.215195588772761,0.454572795569596,0.687234815903881,0.545427204430404,0.784804411227239,245,1.11062911488e-09,4,756001976
610,-0.446003034858469,0.208890428658173,0.640181829197453,0.425104290077188,0.964075837390824,0.359818170802547,0.0359241626091761,0.574895709922812,177,0.0327524201767092,3,707663399
686,-0.860688899499106,0.205031769812065,0.422870666560809,0.282933388882549,0.632020142068896,0.577129333439191,0.367979857931104,0.717066611117451,180,2.69482565130427e-05,3,59300722
36,-1.00049086737666,0.202180393738568,0.367698905468396,0.247397937073441,0.546498029377348,0.632301094531604,0.453501970622652,0.752602062926559,190,7.47853312855508e-07,3,94784594
536,-0.77285570661342,0.201337941977312,0.461692724983828,0.311152908132429,0.685065659782521,0.538307275016172,0.314934340217479,0.688847091867571,195,0.000123738113071218,3,742046933
286,-0.700611837330073,0.195870704731142,0.496281567293123,0.338066937140303,0.7285403184302,0.503718432706877,0.2714596815698,0.661933062859697,207,0.000347680118006071,4,37053334
886,-0.839765969106279,0.211188638362579,0.431811568852121,0.285450086300363,0.653218338138204,0.568188431147879,0.346781661861796,0.714549913699637,193,6.99727124056862e-05,3,190215207
61,-0.827547759698304,0.195352208945119,0.437119896114712,0.298068768139243,0.641039330528171,0.562880103885288,0.358960669471829,0.701931231860757,196,2.27351233284978e-05,3,211959098
936,-0.777914946543629,0.207930040310891,0.459362809484556,0.305608521723727,0.690472207866976,0.540637190515444,0.309527792133024,0.694391478276273,193,0.000183118887948384,4,702948360
511,-0.947285846214283,0.196929253488518,0.3877921238462,0.263616445409762,0.570460356080569,0.6122078761538,0.429539643919431,0.736383554590238,187,1.50715195771782e-06,3,768955267
211,-0.980050290057089,0.200824596112658,0.375292224909402,0.253178813886317,0.556303475458619,0.624707775090598,0.443696524541381,0.746821186113683,191,1.06015522831067e-06,3,679799395
960,-0.426796046393325,0.191755221238088,0.652596638093811,0.448149062162531,0.950314098608755,0.347403361906189,0.0496859013912448,0.551850937837469,209,0.0260320281257074,3,377866524
562,-0.806669557153917,0.186333763081163,0.446342110477669,0.309784922122901,0.643095468366993,0.553657889522331,0.356904531633007,0.690215077877099,231,1.49675939717852e-05,3,672429255
586,-1.21910689680542,0.183614586515027,0.295493955706999,0.20618429516646,0.423488499882476,0.704506044293001,0.576511500117524,0.79381570483354,220,3.14774010122523e-11,3,999548299
386,-0.976334744474323,0.194335485669813,0.376689233996207,0.25737392322991,0.55131762079057,0.623310766003793,0.44868237920943,0.74262607677009,201,5.0615375396781e-07,3,489586289
311,-0.755388328015903,0.198900576986875,0.469828131874962,0.318151913324514,0.693814697496301,0.530171868125038,0.306185302503699,0.681848086675486,205,0.000145975035710605,4,627744026
761,-0.598818923811991,0.187922486258136,0.549460207379777,0.380168680476665,0.794138325953861,0.450539792620223,0.205861674046139,0.619831319523335,216,0.00143995100137631,3,822133961
986,-1.12723087605768,0.188727044633896,0.323929015207934,0.223771667965007,0.468915514854145,0.676070984792066,0.531084485145855,0.776228332034993,206,2.33200710044979e-09,4,595368250
336,-0.864083163795987,0.176786491710947,0.421437764954194,0.298024875686479,0.5959562580824,0.578562235045806,0.4040437419176,0.701975124313521,220,1.02009615757829e-06,4,953176
661,-0.794715331339507,0.188157192293203,0.451709804246802,0.312391943104913,0.653159442028756,0.548290195753198,0.346840557971244,0.687608056895087,212,2.4034773202319e-05,3,360325637
437,-0.864148407682248,0.176187362417411,0.421410269613552,0.29835557694833,0.595218018554155,0.578589730386448,0.404781981445845,0.70164442305167,233,9.35641479644617e-07,3,291058113
137,-0.775093079430333,0.197642149505399,0.460660900949135,0.312714522197234,0.678601250022617,0.539339099050866,0.321398749977383,0.687285477802766,188,8.79266784270739e-05,3,679234190
362,-0.810059252821151,0.187425304715917,0.444831707908416,0.308076823594409,0.642291899962023,0.555168292091584,0.357708100037977,0.691923176405591,203,1.54594690178081e-05,3,721525969
186,-0.934385948022555,0.209467028252162,0.392827007687897,0.260556961541241,0.5922430821124,0.607172992312103,0.4077569178876,0.739443038458759,182,8.16625835849865e-06,3,347517355
837,-0.927402371863667,0.201683230291417,0.395579946503824,0.266416544165582,0.587364026382354,0.604420053496176,0.412635973617646,0.733583455834418,192,4.25928284646015e-06,4,769691445
112,-0.848596570225285,0.226695849865771,0.42801519990882,0.274470286057089,0.667456627034968,0.57198480009118,0.332543372965032,0.725529713942911,173,0.000181600048501156,5,937358685
736,-1.16771848804035,0.200880538559095,0.311075855544556,0.209834299692478,0.461164776419278,0.688924144455444,0.538835223580722,0.790165700307522,187,6.13632122140673e-09,4,808679900
461,-0.480028390119678,0.199860447226558,0.61876582472096,0.418220000211487,0.915477848139731,0.38123417527904,0.0845221518602693,0.581779999788513,198,0.0163138293497759,3,780386815
786,-0.93367007107107,0.197755314975326,0.393108324170601,0.266798025358232,0.57921775966941,0.606891675829399,0.42078224033059,0.733201974641768,184,2.34295946820448e-06,3,230142877
236,-0.807967152522992,0.19492297672351,0.445763314624711,0.304218475386468,0.653165237294619,0.554236685375288,0.346834762705381,0.695781524613532,203,3.39726884097003e-05,4,413933427
861,-1.00999247386623,0.186710492012018,0.3642217207426,0.252602464205904,0.525162976053025,0.6357782792574,0.474837023946975,0.747397535794096,212,6.32348521884016e-08,3,604524033
811,-0.469683417627839,0.199466730956566,0.625200164306943,0.422895140097936,0.924284079875943,0.374799835693057,0.0757159201240573,0.577104859902064,208,0.0185378884853788,4,857900577
912,-0.900844158219224,0.183356923675694,0.406226595441288,0.283592444822088,0.581891548441446,0.593773404558712,0.418108451558554,0.716407555177912,218,8.96643478538862e-07,3,372762480
636,-1.06362115423621,0.198300165899367,0.34520350916109,0.234035530003856,0.509176802065769,0.65479649083891,0.490823197934231,0.765964469996144,202,8.15375721015594e-08,3,900734881
711,-0.605458121739188,0.190503161141522,0.545824315368731,0.375747668039404,0.792883651952566,0.454175684631269,0.207116348047434,0.624252331960596,198,0.00148189872987414,4,544123379
487,-0.791807944527833,0.189255393587897,0.453025010354377,0.312627873019535,0.656472687557706,0.546974989645623,0.343527312442294,0.687372126980465,199,2.86668151133467e-05,3,989064917
12,-0.98164064967143,0.207225064637603,0.374695849662582,0.249625293107611,0.562430905965289,0.625304150337418,0.437569094034711,0.750374706892389,213,2.1682505939493e-06,4,59999441
611,-1.24369777109424,0.200184207901346,0.288316117355615,0.19474746541861,0.426840900590602,0.711683882644385,0.573159099409398,0.80525253458139,207,5.20597313963304e-10,4,928938423
262,-0.682676962528324,0.211289160446827,0.505262611283324,0.333939277198845,0.764481220964104,0.494737388716676,0.235518779035896,0.666060722801155,177,0.00123354497869814,4,542069448
412,-0.617022118010387,0.206141980935008,0.539548760202936,0.36021544206737,0.808163200793815,0.460451239797064,0.191836799206185,0.63978455793263,186,0.00276077808899332,4,201557974
162,-0.938383771520277,0.199483133002608,0.391259689663918,0.264645647323889,0.578449509009123,0.608740310336082,0.421550490990877,0.735354352676111,198,2.55018539458122e-06,3,69421893
537,-0.866890027656783,0.201325999120112,0.42025650511549,0.283234037610038,0.623567462379127,0.57974349488451,0.376432537620873,0.716765962389962,197,1.6630665512815e-05,3,845020300
287,-0.514647395882277,0.210310136993995,0.597711312936132,0.395799428401679,0.902625895783935,0.402288687063868,0.0973741042160648,0.604200571598321,202,0.0144015703290943,3,290604785
887,-1.00604872990329,0.204486345217513,0.365660954073451,0.244917318266214,0.545930905500818,0.634339045926549,0.454069094499182,0.755082681733786,177,8.65963149964626e-07,3,763520042
87,-0.981549971244177,0.217746215191968,0.374729828033457,0.244552636558245,0.574201308946182,0.625270171966543,0.425798691053818,0.755447363441755,171,6.55123733462871e-06,3,909173107
37,-0.672383246666161,0.196563280824889,0.510490502088452,0.347274342932953,0.750416948518518,0.489509497911548,0.249583051481482,0.652725657067047,196,0.000624610881009341,3,53291415
62,-0.863202327594661,0.191661211246947,0.421809146133153,0.289716795941372,0.614127169201419,0.578190853866847,0.385872830798581,0.710283204058628,205,6.67513822600274e-06,3,770472752
687,-0.814076913770777,0.189463426080303,0.443048110270861,0.305618280442858,0.642277116833926,0.556951889729139,0.357722883166074,0.694381719557142,206,1.73320733515843e-05,3,502406387
961,-0.473362549548959,0.186458674545239,0.622904196599247,0.432222474399396,0.897708150600268,0.377095803400753,0.102291849399732,0.567777525600604,212,0.0111265336083672,4,507785135
563,-0.774204735353865,0.198538445563293,0.461070308152061,0.312443090057989,0.680398561606789,0.538929691847939,0.319601438393211,0.687556909942011,190,9.63833832004362e-05,3,561187901
512,-0.575752472742709,0.209920055653529,0.562281607997071,0.372622952627858,0.848473247453236,0.437718392002929,0.151526752546764,0.627377047372142,187,0.00609321426246394,4,994321116
762,-0.684961657264157,0.197024611121771,0.504109558143892,0.342623603884208,0.741707353874877,0.495890441856108,0.258292646125123,0.657376396115792,206,0.000507950416823759,3,16752085
312,-0.915453430504953,0.179282073435376,0.40033506080154,0.281720499093614,0.56889066085928,0.599664939198461,0.43110933914072,0.718279500906386,231,3.28669721639898e-07,4,752005377
937,-1.09301929310404,0.204032624088704,0.335202888521405,0.224716451294061,0.500012241320328,0.664797111478595,0.499987758679672,0.775283548705939,203,8.45772118944377e-08,3,330276088
662,-0.65022657589812,0.208854151477824,0.521927507169312,0.346603712412381,0.785935963709087,0.478072492830688,0.214064036290913,0.653396287587619,195,0.00185005014611294,4,811749968
987,-0.756710145203249,0.194992391002619,0.469207515236383,0.320174791515641,0.687610949357159,0.530792484763617,0.312389050642841,0.679825208484359,232,0.000104149283444687,6,397146
337,-0.872418241126438,0.200239388236568,0.417939647385737,0.282273101864829,0.618810462998205,0.582060352614263,0.381189537001795,0.717726898135171,188,1.31931790900669e-05,3,944066359
212,-0.965361839746237,0.20011215286331,0.3808453698127,0.257284075544154,0.563747271963904,0.6191546301873,0.436252728036096,0.742715924455846,181,1.4063401738114e-06,3,109864883
587,-0.837233119356044,0.211044487057379,0.432906668952993,0.286254869437147,0.65468994254131,0.567093331047007,0.34531005745869,0.713745130562853,188,7.2754590818518e-05,3,280160227
363,-0.743987522624222,0.182544210608227,0.475215201087792,0.332283220143949,0.679629525821613,0.524784798912208,0.320370474178387,0.667716779856051,217,4.58846841943107e-05,3,565721535
187,-1.01512358437968,0.188737204082895,0.362357645320396,0.25031335977348,0.524554755051685,0.637642354679604,0.475445244948315,0.74968664022652,202,7.51078060892798e-08,3,679674281
113,-0.640884707341424,0.186996010147984,0.526826130861335,0.365170777053479,0.760043764722384,0.473173869138665,0.239956235277616,0.634829222946521,215,0.000609695846092912,3,815369525
462,-0.776871887388946,0.202039735910031,0.459842202042244,0.30947978834122,0.683259000248244,0.540157797957756,0.316740999751756,0.69052021165878,187,0.000120481642676614,3,152251029
787,-0.648720749296155,0.193781333769508,0.522714031529936,0.357533868468496,0.764207206239415,0.477285968470064,0.235792793760585,0.642466131531504,199,0.000814867179077626,4,141493571
737,-0.718132282819784,0.190752656779068,0.487662221025105,0.33554452464574,0.708741834086602,0.512337778974895,0.291258165913398,0.66445547535426,205,0.000166729024354969,3,852015830
387,-0.913574708253226,0.190553394133004,0.401087886141842,0.276083341225027,0.582691775954023,0.598912113858158,0.417308224045977,0.723916658774973,221,1.63224301494621e-06,4,855731047
812,-0.994552066873046,0.196513101989349,0.369889093019632,0.251651352999196,0.543680530640036,0.630110906980368,0.456319469359964,0.748348647000804,197,4.1707147947058e-07,4,594543622
862,-0.75570654971482,0.188450953274662,0.469678646154699,0.324631810059169,0.679533008837008,0.530321353845301,0.320466991162992,0.675368189940831,204,6.06938807420289e-05,3,514234115
438,-1.00750919787662,0.214140758179778,0.365127307742471,0.239975757410638,0.55554757821281,0.634872692257529,0.44445242178719,0.760024242589362,174,2.54000043042362e-06,3,611501699
138,-0.607012218855662,0.201577111318078,0.544976710175104,0.367109137721934,0.809022669597076,0.455023289824896,0.190977330402924,0.632890862278066,202,0.00260118684482387,3,354305900
263,-0.746187529379259,0.203408181839651,0.474170873620259,0.318268395890492,0.706441545227005,0.525829126379741,0.293558454772995,0.681731604109508,198,0.000244049872194845,4,688908270
838,-0.803611530220584,0.190913293145669,0.447709125792509,0.307957125396599,0.650881063588816,0.552290874207491,0.349118936411184,0.692042874603401,211,2.56161858260688e-05,4,338619733
237,-0.784933706960073,0.210326103413955,0.456149940349533,0.302049220028563,0.688870403509753,0.543850059650467,0.311129596490247,0.697950779971437,215,0.000189977376459155,4,311709618
913,-0.769351951309822,0.216014350617713,0.463313220569817,0.303391175254921,0.707532577947962,0.536686779430183,0.292467422052038,0.696608824745079,185,0.000368632606152681,5,978433271
712,-1.20175937315381,0.203216848423202,0.300664764785782,0.201884994652739,0.447776224969989,0.699335235214218,0.552223775030011,0.798115005347261,198,3.34547939829024e-09,3,275160194
888,-0.935443391343631,0.198530621033194,0.392411834941789,0.265920933093109,0.579070802780559,0.60758816505821,0.420929197219441,0.734079066906891,196,2.45496953767251e-06,4,249501634
488,-0.888436061900216,0.203628619461898,0.411298495403824,0.275948555910373,0.613036193515698,0.588701504596176,0.386963806484302,0.724051444089627,203,1.28278281751154e-05,3,869546536
612,-0.743757625238516,0.19743093293954,0.475324464379361,0.322802323959251,0.699912391169919,0.524675535620639,0.300087608830081,0.677197676040749,191,0.000165102756165813,3,414502940
637,-1.19867166984067,0.198094392023682,0.301594563108116,0.204552718663537,0.444674023844151,0.698405436891884,0.555325976155849,0.795447281336463,210,1.43938153482277e-09,4,544581352
13,-1.00091600592392,0.182949252876266,0.367542615714648,0.256791719516432,0.526058918958722,0.632457384285352,0.473941081041278,0.743208280483568,224,4.47494416535056e-08,4,159451147
413,-1.10199014592146,0.187820739627202,0.332209280429457,0.229899727815241,0.480048441345485,0.667790719570543,0.519951558654515,0.770100272184759,207,4.43097836050497e-09,3,726314199
88,-0.81035112490725,0.214469746828639,0.444701892895476,0.292086845608819,0.677058130203069,0.555298107104524,0.322941869796931,0.707913154391181,187,0.0001578432475467,5,824267725
38,-0.73241981996407,0.186637354842706,0.480744266873702,0.333463350364222,0.693074815806595,0.519255733126298,0.306925184193405,0.666536649635778,214,8.69845163814477e-05,3,366328606
538,-0.852386884413053,0.212529453791804,0.426395958479474,0.281130315900149,0.646723256527784,0.573604041520526,0.353276743472216,0.718869684099851,193,6.05450217345996e-05,4,131267227
288,-0.620115956534645,0.192914697673141,0.537882063038298,0.368534180435595,0.785048250874241,0.462117936961702,0.214951749125759,0.631465819564405,198,0.00130691591082351,4,378130132
163,-0.733375722772611,0.183680543695256,0.48028494164892,0.335081004109095,0.688411525410148,0.51971505835108,0.311588474589852,0.664918995890905,213,6.53335726681133e-05,3,222764524
63,-0.793295385801849,0.183024967931587,0.452351663162165,0.315998525603014,0.647541081956316,0.547648336837835,0.352458918043684,0.684001474396986,213,1.46187376644354e-05,3,895957888
688,-0.667427384245035,0.205650454604944,0.513026702122439,0.342838815241782,0.76769719585284,0.486973297877561,0.23230280414716,0.657161184758218,195,0.00117266925061023,3,93115202
962,-0.667229996017939,0.210342003781745,0.513127977548584,0.339767829897125,0.774941881410087,0.486872022451416,0.225058118589913,0.660232170102875,161,0.00151330662600776,4,424381040
763,-1.0623124830102,0.177845695004248,0.34565556279092,0.243927643664721,0.489808232856668,0.65434443720908,0.510191767143332,0.756072356335279,231,2.32607681122822e-09,3,62563310
513,-1.27945550553837,0.191568632426934,0.278188731446345,0.19110674634526,0.404951535116992,0.721811268553655,0.595048464883008,0.80889325365474,199,2.40847267410086e-11,3,996300909
938,-0.765861098037871,0.19093331535247,0.464933405310077,0.319792311782133,0.675948305850739,0.535066594689923,0.324051694149261,0.680207688217867,194,6.04251376547158e-05,3,670913893
338,-0.698294398751346,0.185214863320254,0.497433003018548,0.346002644717803,0.715137864607538,0.502566996981452,0.284862135392462,0.653997355282197,216,0.000163126229622959,4,345443215
213,-0.536379954400027,0.198245282984129,0.584861650611925,0.396557761867656,0.862580898039926,0.415138349388075,0.137419101960074,0.603442238132344,201,0.00681733333139528,4,592119473
988,-1.01238079048446,0.195573313619374,0.363352881898347,0.247660247580772,0.533090465964972,0.636647118101653,0.466909534035028,0.752339752419228,216,2.2611472229806e-07,4,814638423
588,-0.785583218730133,0.214128181753546,0.455853761790507,0.299612069418466,0.693572366900611,0.544146238209493,0.306427633099389,0.700387930581534,200,0.000243737265623323,5,824276006
188,-0.720261789721799,0.192167579466299,0.486624845900348,0.333903475102549,0.709198191407892,0.513375154099652,0.290801808592108,0.666096524897451,195,0.000178184816720038,3,243304620
564,-0.762957310596239,0.201780123544144,0.466285435147218,0.313975888091833,0.692480267678511,0.533714564852781,0.307519732321489,0.686024111908167,192,0.000156116776702806,3,807043160
463,-1.22746611391328,0.198145069512937,0.293034152913499,0.19872698838277,0.432095386099942,0.706965847086501,0.567904613900058,0.80127301161723,198,5.83646257665978e-10,3,441718742
788,-1.03487754880068,0.199265128931402,0.35526988148462,0.240405060819476,0.525016770694667,0.64473011851538,0.474983229305333,0.759594939180524,197,2.06409772727849e-07,3,225843480
313,-0.930229270715242,0.213446825059752,0.3944632611293,0.259609328557532,0.599366999812103,0.6055367388707,0.400633000187897,0.740390671442468,187,1.31177734004401e-05,3,303032972
388,-0.546670696757953,0.191501127833207,0.578873852337032,0.397720409079262,0.842538952665952,0.421126147662968,0.157461047334048,0.602279590920738,208,0.00430828625403131,4,80894576
364,-0.976531588234677,0.197975525686067,0.3766150923683,0.255493965401085,0.555155686659442,0.6233849076317,0.444844313340558,0.744506034598915,218,8.11474400220565e-07,3,999421486
663,-1.08364245701671,0.20146633933163,0.338360813597618,0.227977297762161,0.502190530821548,0.661639186402382,0.497809469178452,0.772022702237839,196,7.49936438273889e-08,3,87886027
139,-1.08200497783388,0.191391459097888,0.338915326263742,0.232904834466693,0.493178248701766,0.661084673736258,0.506821751298234,0.767095165533307,218,1.57340516691484e-08,3,355301168
114,-0.966121768130501,0.204560035816503,0.380556064545728,0.254857154042932,0.568251335954793,0.619443935454272,0.431748664045207,0.745142845957068,195,2.32476258614621e-06,4,808118256
264,-1.02158995912911,0.204706657715722,0.360022064501174,0.24103632380951,0.53774420750842,0.639977935498826,0.46225579249158,0.75896367619049,212,6.02210929379596e-07,5,103068319
738,-0.914241333037756,0.199337889406557,0.400820600115808,0.271189777549235,0.592415963938866,0.599179399884192,0.407584036061134,0.728810222450765,192,4.50975503903776e-06,3,646326385
914,-0.715117234299616,0.20144002677615,0.489134765063295,0.329581229524839,0.725929746479976,0.510865234936705,0.274070253520024,0.670418770475161,197,0.000385193819741954,3,595990224
439,-0.896850197515688,0.191006497138462,0.40785229282489,0.280490323281332,0.593045388577191,0.59214770717511,0.406954611422809,0.719509676718668,179,2.66097165993734e-06,3,654033300
713,-1.00052993210608,0.189128179475455,0.367684541690707,0.25379857145576,0.532674086472826,0.632315458309293,0.467325913527174,0.74620142854424,205,1.22168419639188e-07,3,132604497
863,-1.0240276773879,0.195896449210063,0.359145500982499,0.244637522852114,0.527251459106473,0.640854499017501,0.472748540893527,0.755362477147886,206,1.71917065086567e-07,3,623637153
489,-0.740559565338587,0.212133877480077,0.476847013792793,0.314637428067076,0.722682854230012,0.523152986207207,0.277317145769988,0.685362571932924,196,0.00048121456323664,4,745723678
813,-0.709155445251293,0.201976360276673,0.492059593290174,0.331203649628488,0.731038572855345,0.507940406709826,0.268961427144655,0.668796350371512,176,0.000446287690686031,3,165244257
613,-0.834958683361189,0.201703709700822,0.43389240803856,0.29220762352224,0.644276899706459,0.56610759196144,0.355723100293541,0.70779237647776,193,3.48017142648691e-05,3,784309793
14,-0.563847583881189,0.214804033998708,0.569015511705988,0.3734930978423,0.86689326906581,0.430984488294012,0.13310673093419,0.6265069021577,212,0.0086664376261565,4,885824461
638,-0.794483340260679,0.20638434091239,0.451814609048026,0.301498808291314,0.677072132079474,0.548185390951974,0.322927867920526,0.698501191708686,186,0.000118343218018679,3,936518743
164,-0.82547562333662,0.201954358465738,0.438026607235977,0.294846943625881,0.650735280777109,0.561973392764023,0.349264719222891,0.705153056374119,197,4.36165939024079e-05,3,573965377
839,-0.95085194112796,0.187282603290361,0.386411683179933,0.267691762983769,0.55778327742943,0.613588316820067,0.44221672257057,0.732308237016231,207,3.83245267179248e-07,3,889865207
889,-0.541262080367346,0.207961308504593,0.582013241164735,0.387182641580244,0.874882746572913,0.417986758835265,0.125117253427087,0.612817358419756,203,0.0092491315361577,4,182854009
414,-1.09612928949236,0.205628577169869,0.33416202812373,0.223319031597801,0.500021248707868,0.66583797187627,0.499978751292132,0.776680968402199,190,9.78741440355636e-08,3,35363194
238,-0.916342717509751,0.194694047365058,0.399979206286253,0.27309486908715,0.585816079211386,0.600020793713747,0.414183920788614,0.72690513091285,192,2.51909642000341e-06,4,215407622
339,-0.995559417872337,0.198829313221246,0.369516672482745,0.250259296942671,0.545604390769144,0.630483327517255,0.454395609230856,0.749740703057329,206,5.52545437460383e-07,3,698163392
539,-1.08857866408668,0.191043733361837,0.336694710056418,0.231536557779821,0.489613082560284,0.663305289943582,0.510386917439716,0.768463442220179,222,1.21178375308765e-08,3,494289226
89,-1.26711322991438,0.203731107472185,0.281643489376971,0.188922412687014,0.419871067599848,0.718356510623029,0.580128932400152,0.811077587312986,188,4.98622960008521e-10,3,855985265
39,-0.716283069124492,0.18844669942917,0.488564846999841,0.337688362578821,0.706851749053873,0.511435153000159,0.293148250946127,0.662311637421179,209,0.00014412205439565,3,198333511
214,-0.739453131847888,0.190838884483085,0.477374905283352,0.32841064989547,0.693908069871741,0.522625094716648,0.306091930128259,0.67158935010453,206,0.000106733841259164,3,191420548
963,-0.759968136536132,0.199446145529597,0.467681328719617,0.316359707272684,0.691383321594799,0.532318671280383,0.308616678405201,0.683640292727316,182,0.000138746223693437,3,192246194
64,-0.815465722749397,0.212017421986512,0.442433228153091,0.291996858907447,0.670374202333494,0.557566771846909,0.329625797666506,0.708003141092553,176,0.000119953895746029,4,177334277
289,-0.552066946426212,0.208843743293439,0.575758517625095,0.38235982568544,0.866978820339154,0.424241482374905,0.133021179660846,0.61764017431456,175,0.00820671004265049,3,765028792
764,-1.24034887647541,0.195820975800483,0.289283276202179,0.197078936725628,0.424625864542651,0.710716723797821,0.575374135457349,0.802921063274372,187,2.38736706727343e-10,3,42780611
689,-0.954843064161841,0.193596934770288,0.384872540108408,0.263346115411734,0.562479806842435,0.615127459891592,0.437520193157565,0.736653884588266,192,8.13424544689083e-07,3,157511769
789,-0.577154231455705,0.186853916993962,0.561493977017168,0.389309283059347,0.80983295273361,0.438506022982832,0.19016704726639,0.610690716940653,211,0.00200967211625712,3,115413875
314,-0.845689973486932,0.195599544631271,0.429261077247216,0.292568036377925,0.629819561701593,0.570738922752784,0.370180438298407,0.707431963622075,206,1.53518520881392e-05,3,985715737
389,-0.719704452639249,0.203532613315154,0.486896135565132,0.326730030323866,0.725577157977395,0.513103864434868,0.274422842022605,0.673269969676134,210,0.000406135489383759,4,466127850
514,-0.844642923175145,0.188626975099434,0.429710770576673,0.296904422753215,0.621921844872882,0.570289229423327,0.378078155127118,0.703095577246785,192,7.5399254090606e-06,3,486737066
365,-0.444106136043692,0.203108314002537,0.641397341838269,0.430765630962599,0.955021757882342,0.358602658161731,0.0449782421176583,0.569234369037401,203,0.0287755160016429,4,147755513
589,-1.05755039086376,0.196747502669582,0.347305531966385,0.236178262350933,0.510720721432124,0.652694468033615,0.489279278567876,0.763821737649067,194,7.65123658079178e-08,3,343322535
939,-0.837049117607681,0.204721761782132,0.432986331865791,0.289877633773949,0.646745873911715,0.567013668134209,0.353254126088285,0.710122366226051,185,4.3376775620968e-05,3,835530845
989,-1.01007451356794,0.198712612156471,0.364191841326939,0.246709418884412,0.537619106270316,0.635808158673061,0.462380893729684,0.753290581115588,176,3.71339484242383e-07,3,102968343
115,-0.640672471968457,0.180920920597979,0.526937953867686,0.369623277706448,0.751207036930132,0.473062046132314,0.248792963069868,0.630376722293552,234,0.000398350684988701,3,351881243
565,-0.997013675911349,0.181818016045867,0.3689796904411,0.258367977948263,0.526946152689529,0.6310203095589,0.473053847310471,0.741632022051737,209,4.16803147207256e-08,3,382491722
464,-0.908239015078909,0.198806728090593,0.403233687616528,0.273106611416394,0.595362397071076,0.596766312383472,0.404637602928924,0.726893388583606,201,4.91339315912013e-06,3,265635498
189,-1.01337320583368,0.207461287767383,0.362992463792981,0.24171646836238,0.545116059584981,0.63700753620702,0.454883940415019,0.75828353163762,192,1.03619261594126e-06,3,377361963
664,-1.18308923189887,0.206990063165292,0.306330948046166,0.204174083027078,0.459601181205831,0.693669051953834,0.540398818794169,0.795825916972922,197,1.09265358284278e-08,3,56108374
140,-0.513020573039847,0.190524714683237,0.598684474719477,0.41211940569104,0.86970692309219,0.401315525280523,0.13029307690781,0.58788059430896,210,0.00708819542444138,4,548111142
265,-1.02446445917853,0.203816375070076,0.358988667021086,0.240764208166979,0.535265868754869,0.641011332978914,0.464734131245131,0.759235791833021,190,4.9974949528472e-07,3,469225787
165,-0.765092552610806,0.186324626738609,0.465290865097066,0.322942138217786,0.670385073739665,0.534709134902934,0.329614926260335,0.677057861782214,202,4.02161759322375e-05,3,256807241
890,-0.869656278120204,0.199085029019501,0.419095576812984,0.283694942328804,0.619119611588418,0.580904423187016,0.380880388411582,0.716305057671196,196,1.25237149322135e-05,3,521910321
915,-0.845823576795958,0.19222734415594,0.429203730377811,0.294468792812732,0.625586977861456,0.570796269622189,0.374413022138544,0.705531207187268,196,1.08190525654679e-05,3,449816595
739,-0.826535526801685,0.195909990050343,0.437562587268802,0.298044626148601,0.642390437470623,0.562437412731198,0.357609562529377,0.701955373851399,202,2.45436722779086e-05,4,173837483
440,-0.995211561725299,0.194663834380417,0.369645233487773,0.252398607288834,0.541356389038502,0.630354766512227,0.458643610961498,0.747601392711166,205,3.17986052985139e-07,3,511233574
840,-0.781940662772276,0.201497923895026,0.457517262484303,0.308242232312406,0.67908295336695,0.542482737515697,0.32091704663305,0.691757767687594,214,0.000104182465528853,4,600542193
614,-0.817405761931058,0.20689539134953,0.441575722421517,0.294371331129505,0.662391673414359,0.558424277578482,0.337608326585641,0.705628668870495,192,7.78849683083313e-05,4,334392226
415,-1.21586613898547,0.20327712331697,0.296453133446602,0.199033529287649,0.441556056634536,0.703546866553398,0.558443943365464,0.800966470712351,195,2.21332441323932e-09,4,85855638
714,-0.739449327078041,0.21945350760748,0.477376721588453,0.310500335134914,0.733939737023217,0.522623278411547,0.266060262976783,0.689499664865086,154,0.000753037782660872,4,893131413
490,-1.10908862019057,0.212184875818129,0.329859451367925,0.21762903611842,0.499966638631539,0.670140548632076,0.500033361368462,0.78237096388158,191,1.72290075805416e-07,4,560246289
814,-0.624773794161452,0.213593678838998,0.535382521474721,0.352251555607083,0.813720875715182,0.464617478525279,0.186279124284818,0.647748444392917,175,0.00344392571630771,3,198875043
864,-0.923585017876572,0.213982194181112,0.39709290109419,0.26106590034041,0.603996048100474,0.602907098905811,0.396003951899526,0.73893409965959,199,1.58754722222533e-05,4,288939196
40,-1.29754928795217,0.187439514329797,0.273200509063139,0.189205039796245,0.39448483102108,0.726799490936861,0.60551516897892,0.810794960203755,239,4.43754334101666e-12,3,100460109
540,-0.463340642938881,0.205240916623839,0.629178270864578,0.420796705099684,0.940751892138419,0.370821729135422,0.0592481078615805,0.579203294900316,187,0.0239740294417499,4,337081778
15,-0.685358455174558,0.203582783814511,0.503909568205026,0.338113588493427,0.751004578254365,0.496090431794974,0.248995421745635,0.661886411506573,185,0.000761326314878964,3,191167285
964,-0.406187271760143,0.19741065703856,0.666185398030288,0.452437770199677,0.980914976114631,0.333814601969712,0.0190850238853693,0.547562229800323,185,0.0396309295110104,3,804731732
639,-0.77109418211729,0.200834130838722,0.462506724758358,0.312009436815171,0.685596155777243,0.537493275241642,0.314403844222757,0.687990563184829,197,0.000123306290777089,4,280628529
765,-0.817680223467781,0.201351623019353,0.441454543500399,0.297505623154803,0.655053547931569,0.558545456499601,0.344946452068431,0.702494376845197,181,4.88720348718121e-05,3,275586151
239,-1.09156620055073,0.214383123250915,0.335690323400793,0.220523855659395,0.511001373923819,0.664309676599207,0.488998626076181,0.779476144340605,178,3.54940183051068e-07,3,362020118
65,-0.724206810128087,0.198483288262761,0.48470888269491,0.328497219062596,0.715204535471515,0.51529111730509,0.284795464528485,0.671502780937404,190,0.000263566349416025,3,876080351
90,-0.84326342172691,0.204295632216656,0.430303966270092,0.288322537657274,0.642202669594536,0.569696033729908,0.357797330405464,0.711677462342726,191,3.66469435152672e-05,4,816451265
340,-0.771553543095038,0.198888684432336,0.462294316006939,0.313057561900434,0.682673286391641,0.537705683993061,0.317326713608359,0.686942438099566,186,0.000104747382690051,4,866097402
515,-0.995922566051165,0.185276243489529,0.369382507538438,0.256902837318119,0.531109108407504,0.630617492461562,0.468890891592496,0.743097162681881,213,7.64388454133809e-08,3,945671822
590,-0.550008468357235,0.200465798931537,0.576944924584073,0.38949111921934,0.854616266143594,0.423055075415927,0.145383733856406,0.61050888078066,201,0.00607598394702811,4,234065313
290,-1.16006115979834,0.204961749589794,0.313467008717289,0.209762611898298,0.468441752631334,0.686532991282711,0.531558247368666,0.790237388101702,202,1.5146917801932e-08,4,693049641
215,-0.721913150725967,0.207038345248659,0.485821915752403,0.323776812510597,0.728967994944388,0.514178084247597,0.271032005055612,0.676223187489403,191,0.000488732188570848,4,468455565
465,-1.04116188634211,0.193256239288415,0.353044246277236,0.241729207859114,0.515619278834129,0.646955753722764,0.484380721165871,0.758270792140886,214,7.14570256220181e-08,3,663127060
690,-0.875000520011479,0.194919172733642,0.416861802905529,0.284496286431509,0.6108120598034,0.58313819709447,0.3891879401966,0.715503713568491,199,7.15439041690268e-06,4,380959379
790,-0.935593081837547,0.219653680174038,0.392353099016613,0.255098283127684,0.603457429899238,0.607646900983387,0.396542570100762,0.744901716872316,192,2.04975554852026e-05,4,612628488
665,-0.842603544117691,0.180655218020302,0.43058800792865,0.302195456181187,0.613530179821102,0.56941199207135,0.386469820178898,0.697804543818813,220,3.09891035673075e-06,4,836828442
315,-0.891699216833535,0.207597784081432,0.409958552099778,0.272918135998641,0.615811088643018,0.590041447900222,0.384188911356982,0.727081864001359,172,1.74440380316275e-05,3,445454055
390,-0.71816381823292,0.191304715993856,0.487646842637978,0.335171086466245,0.70948674493955,0.512353157362022,0.29051325506045,0.664828913533755,212,0.00017401338698924,3,99656985
366,-1.04415693711445,0.203934826711331,0.351988442716631,0.236014543073567,0.524950124651681,0.648011557283369,0.475049875348319,0.763985456926433,202,3.05451263170597e-07,4,776940893
940,-0.868511963200636,0.191017601610527,0.419575428632693,0.28854633978224,0.610104915713587,0.580424571367307,0.389895084286413,0.71145366021776,196,5.44770130672383e-06,3,563312681
116,-1.30403564852231,0.204163966357354,0.271434166812694,0.18191974157488,0.404994566700036,0.728565833187306,0.595005433299964,0.81808025842512,187,1.68952981006085e-10,3,455332627
141,-0.875370809066523,0.194688938980053,0.416707472117712,0.284519320413718,0.610310459993498,0.583292527882288,0.389689540006502,0.715480679586282,194,6.91612979623461e-06,3,837987860
566,-0.997143974008066,0.190738287190772,0.368931616221766,0.253857003872416,0.536170109044583,0.631068383778234,0.463829890955417,0.746142996127584,212,1.71527462790049e-07,3,503684501
190,-0.916567632459779,0.214362845875245,0.399889255099122,0.262708273155345,0.608703389592805,0.600110744900878,0.391296610407195,0.737291726844655,185,1.90472182858842e-05,4,641629729
266,-1.00035105269251,0.186205384747687,0.367750318768811,0.255302311550099,0.529726096616337,0.632249681231189,0.470273903383663,0.744697688449901,202,7.77389463318216e-08,3,958857328
990,-1.18015815215439,0.201469179265577,0.307230145649264,0.207001241632573,0.455989353741224,0.692769854350736,0.544010646258776,0.792998758367427,198,4.69151237788775e-09,3,402046885
916,-0.875915881358221,0.207520183272247,0.416480398312359,0.277302040858817,0.625512605825835,0.583519601687641,0.374487394174165,0.722697959141183,196,2.43360397946853e-05,3,516492394
891,-1.14754083521824,0.214101967633959,0.317416389585302,0.208634162218446,0.482917865923976,0.682583610414698,0.517082134076024,0.791365837781554,187,8.33203616471662e-08,4,619986131
740,-0.717124861697831,0.187927489022008,0.488153749793605,0.337747747301414,0.705538631542369,0.511846250206395,0.294461368457631,0.662252252698586,206,0.000135651320823897,3,400462683
615,-1.04314600245216,0.183612685494519,0.352344459958862,0.245853302278908,0.504962175870489,0.647655540041138,0.495037824129511,0.754146697721092,200,1.33729048449295e-08,3,104260455
715,-0.963231301208174,0.196674346208277,0.381657640529907,0.259575951171049,0.561155815543447,0.618342359470093,0.438844184456553,0.740424048828952,198,9.70167174252797e-07,3,92236568
815,-0.999226659427232,0.19389721643233,0.368164047303738,0.251765238145061,0.538377604174931,0.631835952696262,0.461622395825069,0.748234761854939,193,2.55828427963694e-07,3,292039361
865,-1.04073822732826,0.211005782798894,0.353193848342356,0.233563343067009,0.534098771103366,0.646806151657644,0.465901228896634,0.766436656932991,177,8.12780091428977e-07,4,513943681
441,-0.636418733166611,0.19126659309425,0.529184184340082,0.363747851487658,0.769862694199804,0.470815815659918,0.230137305800196,0.636252148512342,200,0.000876632886295573,3,60261909
416,-0.719899716580165,0.202003178889002,0.48680107158847,0.327646933712118,0.723264156983985,0.51319892841153,0.276735843016015,0.672353066287882,184,0.00036551906830773,3,977591123
491,-0.929176347519601,0.225326587278602,0.394878819383842,0.25390163687992,0.614132637796746,0.605121180616158,0.385867362203254,0.74609836312008,182,3.72855279343633e-05,4,148695161
166,-0.614086669934441,0.192315838640959,0.541134904456036,0.371198326167484,0.78886935683142,0.458865095543964,0.21113064316858,0.628801673832516,198,0.0014074667716701,3,980964251
541,-0.96936773280671,0.182687633166889,0.379322795659356,0.265158129932356,0.542641416816207,0.620677204340644,0.457358583183793,0.734841870067644,235,1.11965679342908e-07,4,606710260
841,-0.895816932427983,0.188532363686777,0.408273930154059,0.282145163819103,0.590786670900776,0.591726069845941,0.409213329099224,0.717854836180897,206,2.01884520891413e-06,3,890843000
66,-1.07859505009065,0.208563011665598,0.340072975666057,0.225965930412178,0.511801175369283,0.659927024333943,0.488198824630717,0.774034069587822,180,2.32154131044099e-07,3,513572551
41,-0.631066668801995,0.187711906681244,0.532024004827636,0.368256620558479,0.768620374790758,0.467975995172364,0.231379625209242,0.631743379441521,219,0.000774111236243777,3,208393444
341,-0.814776971602659,0.185520763813775,0.44273805951076,0.307773552040967,0.636887049064117,0.55726194048924,0.363112950935883,0.692226447959033,194,1.12396905494502e-05,3,301297673
965,-0.79492982357572,0.189508799939123,0.451612926390915,0.311498658853599,0.654751567900721,0.548387073609085,0.345248432099279,0.6885013411464,235,2.73250399917252e-05,4,714471851
291,-0.845549453204028,0.198598922953557,0.429321401373513,0.290894043569176,0.633622000010068,0.570678598626487,0.366377999989932,0.709105956430824,206,2.06657998471617e-05,4,99594118
16,-0.876003428987009,0.185671691067246,0.416443938037078,0.289409321248712,0.599239695458157,0.583556061962922,0.400760304541843,0.710590678751288,201,2.38146819006504e-06,3,210606388
591,-0.808045735174967,0.183890678909953,0.445728286737605,0.310843769178549,0.639143278062371,0.554271713262395,0.360856721937629,0.689156230821451,228,1.11200030904308e-05,4,871808097
216,-0.691579543023732,0.193634686011955,0.500784433461131,0.34263259628408,0.731935757183646,0.499215566538869,0.268064242816354,0.65736740371592,192,0.000354849723266953,4,714905486
240,-0.618934741245927,0.187555282288181,0.538517792947712,0.372865937944877,0.777763222137357,0.461482207052288,0.222236777862643,0.627134062055123,206,0.000966805859645158,3,108896492
640,-0.977137554550484,0.214812560894518,0.376386945439958,0.247050517906237,0.573433862427234,0.623613054560042,0.426566137572766,0.752949482093763,204,5.39548630456771e-06,4,813395459
691,-0.996751607512936,0.219192631552612,0.369076401029462,0.240181288741363,0.567144054021397,0.630923598970538,0.432855945978603,0.759818711258637,186,5.43185565800382e-06,5,121157253
666,-0.863877938007888,0.207043167211267,0.421524263727227,0.280922881889978,0.632496376640368,0.578475736272773,0.367503623359632,0.719077118110022,186,3.01337428185815e-05,4,132204966
316,-0.808838326561695,0.183931995520784,0.445375146303236,0.310572343817237,0.638688617623203,0.554624853696764,0.361311382376797,0.689427656182763,210,1.09512079673013e-05,3,471717660
391,-0.933884532469931,0.189360914938984,0.3930240266491,0.271165727119523,0.569643837974358,0.6069759733509,0.430356162025642,0.728834272880477,206,8.14877156500626e-07,3,914099353
791,-0.979203827275885,0.197724471200361,0.375610030296103,0.254937549002444,0.553401785696492,0.624389969703897,0.446598214303508,0.745062450997556,214,7.33167726246906e-07,3,431425216
766,-0.747104301200413,0.191677631909029,0.473736366327366,0.325372188538974,0.689752082957064,0.526263633672634,0.310247917042936,0.674627811461026,196,9.71056035191969e-05,4,471312214
91,-0.609402195116994,0.200349986146955,0.543675783985402,0.367114697587356,0.80515261316065,0.456324216014598,0.19484738683935,0.632885302412644,198,0.00235255422182571,4,594971182
516,-0.807801840392073,0.209416200900951,0.445837010799406,0.295747256690881,0.672096310960231,0.554162989200594,0.327903689039769,0.704252743309119,190,0.000114600016367906,4,555399498
941,-1.01332512984869,0.182466022619193,0.363009915432718,0.253865174338323,0.519079464309874,0.636990084567282,0.480920535690126,0.746134825661677,215,2.80005022073092e-08,3,384000730
466,-0.98278222586816,0.206767496788034,0.37426834985782,0.249564202374561,0.561285618580266,0.62573165014218,0.438714381419734,0.750435797625439,174,2.00342121869778e-06,3,194437015
142,-1.14189860345016,0.205858790630748,0.319212388378453,0.213232018158277,0.477867019101423,0.680787611621547,0.522132980898577,0.786767981841723,196,2.90613615302492e-08,3,45587030
567,-0.909206817534416,0.199978490672066,0.402843625845325,0.272216531706237,0.596154046438795,0.597156374154675,0.403845953561205,0.727783468293763,191,5.45393991776077e-06,3,239639128
367,-0.581421341603548,0.19068159254966,0.559103125012076,0.384754274883859,0.81245700127082,0.440896874987924,0.18754299872918,0.615245725116141,211,0.00229471583073153,4,972314591
117,-0.874232715560783,0.20129458187189,0.41718199415953,0.281179268656731,0.61896745475711,0.58281800584047,0.38103254524289,0.718820731343269,199,1.40517241588166e-05,3,448214359
267,-0.817859884666551,0.197517200336599,0.441375238372152,0.29969605028154,0.650032260568879,0.558624761627848,0.349967739431121,0.70030394971846,187,3.4624440392586e-05,4,964148309
741,-0.967718214015404,0.18910518011362,0.379949012074649,0.262276088715365,0.550417129077937,0.620050987925351,0.449582870922063,0.737723911284635,196,3.09851183567842e-07,3,652423455
991,-0.981310372219198,0.183915497514944,0.374819623691931,0.261380488327822,0.537491345292611,0.625180376308069,0.462508654707389,0.738619511672178,232,9.51981857019477e-08,4,665432407
191,-1.29929363322637,0.187789415428482,0.272724368443798,0.188745803512971,0.394067469362078,0.727275631556202,0.605932530637922,0.811254196487029,210,4.55207684236242e-12,3,696375313
917,-0.953762208953352,0.193994866920678,0.385288756492291,0.263425374114613,0.563527436862586,0.614711243507709,0.436472563137414,0.736574625885387,212,8.81366336298546e-07,3,901857781
892,-1.01194135219741,0.196619220429246,0.363512588154314,0.247261711415092,0.534419182777615,0.636487411845686,0.465580817222385,0.752738288584908,185,2.65100095029334e-07,3,79075598
616,-0.795783499479569,0.192322653644553,0.451227559830265,0.309521112588916,0.657810735582329,0.548772440169734,0.342189264417671,0.690478887411084,206,3.50724721670258e-05,3,799465911
492,-0.892613177154111,0.201607884811004,0.409584037421926,0.275888806240097,0.608067742932817,0.590415962578074,0.391932257067183,0.724111193759903,189,9.53441370507057e-06,3,163019591
542,-1.05758533809896,0.180444821894707,0.347293394810353,0.243838126407577,0.494642506714864,0.652706605189647,0.505357493285136,0.756161873592423,229,4.60115052587026e-09,3,918376087
167,-0.458761144004105,0.202865797130761,0.632066199672146,0.424700612242655,0.940680727203022,0.367933800327854,0.0593192727969785,0.575299387757345,223,0.0237343675194842,5,983686566
716,-0.759845581122227,0.19650375077162,0.467738649110825,0.318228418952666,0.687491848126113,0.532261350889175,0.312508151873887,0.681771581047334,203,0.000110261571230056,4,590210685
442,-0.721251725021432,0.197821127761601,0.48614335714839,0.329897258520068,0.716390808337469,0.51385664285161,0.283609191662531,0.670102741479932,207,0.000266375481410825,3,614106431
42,-1.089538537134,0.193648144571705,0.336371680937335,0.230136670685196,0.491646582875013,0.663628319062665,0.508353417124987,0.769863329314804,215,1.84028008697894e-08,4,421579439
866,-0.564960486772526,0.202062806066112,0.568382604945001,0.382511596213442,0.844572527479135,0.431617395054999,0.155427472520865,0.617488403786558,201,0.00517450409566705,4,742190810
417,-0.841990419433765,0.200270442903075,0.430852093015184,0.290976353462426,0.637967738088159,0.569147906984816,0.362032261911841,0.709023646537574,207,2.61929569622749e-05,3,648766540
966,-1.2001594509891,0.200251280576119,0.301146190025873,0.203386992292632,0.445893942109222,0.698853809974127,0.554106057890778,0.796613007707369,193,2.05666385751756e-09,3,367736193
816,-1.02755350933208,0.18595055605898,0.357881444038215,0.2485751904093,0.515253061964812,0.642118555961785,0.484746938035188,0.7514248095907,214,3.2770711619849e-08,3,330914909
842,-1.00138462743316,0.190585104057835,0.367370417690365,0.252858668878183,0.533740940711083,0.632629582309635,0.466259059288917,0.747141331121817,223,1.48616829547768e-07,4,328456981
67,-0.976713938896298,0.181272911542374,0.376546422618208,0.263948223839033,0.537178111389898,0.623453577381792,0.462821888610102,0.736051776160967,215,7.12121915091616e-08,3,768649339
342,-0.897661660114663,0.208852764772157,0.407521470186608,0.270629228030589,0.613657844245424,0.592478529813392,0.386342155754576,0.729370771969411,197,1.7229972891766e-05,4,913539936
217,-0.640975440306097,0.211055353589277,0.52677833253309,0.348319076747873,0.796670151451982,0.47322166746691,0.203329848548018,0.651680923252127,186,0.00238944210855565,4,364373262
517,-0.972271714930519,0.19452956708418,0.37822284693033,0.258323485325629,0.553772808383098,0.62177715306967,0.446227191616902,0.741676514674371,191,5.7908012674356e-07,3,336798138
467,-0.921995710944377,0.213693532094966,0.397724505368202,0.261629123408968,0.604614578489082,0.602275494631798,0.395385421510918,0.738370876591032,206,1.59913831032766e-05,4,919841346
292,-0.896176897855662,0.202910689629109,0.408126992102077,0.274206298514072,0.607453740431641,0.591873007897923,0.392546259568359,0.725793701485927,223,1.00261993234833e-05,4,526345801
17,-0.90478524306582,0.204432747884935,0.404628772607524,0.271046180145,0.604046305077181,0.595371227392476,0.395953694922819,0.728953819855,183,9.60707385658945e-06,4,282456618
942,-0.829865603177464,0.198143453123414,0.436107893898334,0.295756252532188,0.643063649515717,0.563892106101666,0.356936350484283,0.704243747467812,196,2.81168222201593e-05,4,235553745
641,-1.12043067342837,0.1936132282217,0.326139304840062,0.223151218454416,0.476658146427675,0.673860695159938,0.523341853572325,0.776848781545584,192,7.16745747884611e-09,3,289742750
667,-0.50271215245462,0.193516908617502,0.604887884830046,0.413954868764837,0.883887063113695,0.395112115169954,0.116112936886305,0.586045131235163,206,0.00938316973522305,3,479042789
692,-0.651776105347449,0.189188280273985,0.521119391387833,0.3596664082141,0.755048049743833,0.478880608612167,0.244951950256167,0.6403335917859,215,0.000570808410833288,4,105170446
241,-0.475926217802009,0.208299153517508,0.621309322123776,0.413050649012393,0.934571280013467,0.378690677876224,0.0654287199865327,0.586949350987606,182,0.0223233433611758,4,626862206
317,-1.30155138781879,0.198277031575592,0.27210931832586,0.184488669618627,0.401344327935292,0.72789068167414,0.598655672064708,0.815511330381373,222,5.22752583235315e-11,4,2407350
368,-0.952163278958202,0.192888891166838,0.385905299014653,0.264419463819482,0.563207025899039,0.614094700985347,0.436792974100961,0.735580536180518,207,7.96062401381751e-07,4,183043818
767,-0.765899735196863,0.208635168004636,0.464915441951204,0.308875452279492,0.69978486982222,0.535084558048796,0.30021513017778,0.691124547720508,182,0.000241603188656346,4,217252175
92,-0.922711425962987,0.194792878714942,0.397439949808932,0.271308575013716,0.582209809240789,0.602560050191068,0.417790190759211,0.728691424986284,203,2.17028451869782e-06,3,171350140
392,-0.855732378179608,0.212750643321162,0.424971836981363,0.280069924459773,0.64484275694963,0.575028163018637,0.35515724305037,0.719930075540227,201,5.76493095632796e-05,4,952270180
792,-1.00569453494627,0.193513891355433,0.365790492278899,0.250330109905628,0.534504955444958,0.634209507721101,0.465495044555042,0.749669890094371,198,2.02514372063252e-07,3,51100335
118,-0.59069004961265,0.209856664215815,0.55394490335263,0.367143847239196,0.835789454890242,0.44605509664737,0.164210545109758,0.632856152760804,212,0.00488180846608333,4,159698236
592,-0.975591090575344,0.214274928346929,0.376969464598147,0.247693735637622,0.573716476412288,0.623030535401853,0.426283523587712,0.752306264362378,174,5.28893930850498e-06,3,931036063
143,-0.645723943780425,0.21141441626916,0.524282853375643,0.346425120734961,0.793454325022818,0.475717146624357,0.206545674977182,0.65357487926504,203,0.00225583198646201,4,394681081
568,-0.826993452053713,0.18953729598402,0.437362262181208,0.30165245791028,0.634126271356812,0.562637737818792,0.365873728643188,0.69834754208972,198,1.28160300137807e-05,3,619861842
742,-1.10270889987511,0.191707801467761,0.331970589486013,0.227990963107351,0.483372107304975,0.668029410513987,0.516627892695025,0.772009036892649,192,8.81784878122723e-09,3,695715164
192,-1.07907200328726,0.19236861474301,0.339910815447723,0.233142002110244,0.495575063320001,0.660089184552277,0.504424936679999,0.766857997889756,215,2.03032346014041e-08,4,345492570
893,-0.669019212752913,0.178286709795048,0.512210701231745,0.361152582813884,0.726451408466101,0.487789298768255,0.273548591533899,0.638847417186116,223,0.000175086359307063,3,738276127
992,-1.00456021811549,0.191071633403844,0.366205650006515,0.251816724939603,0.532556279289468,0.633794349993485,0.467443720710532,0.748183275060397,208,1.46022301946638e-07,3,391719678
543,-0.955478084091436,0.207863069729438,0.384628215958647,0.255922090584163,0.578062113254268,0.615371784041353,0.421937886745732,0.744077909415837,187,4.29295267902673e-06,3,862958662
717,-0.92637738906762,0.200707523314136,0.395985617010581,0.267200248798075,0.586843049677505,0.604014382989419,0.413156950322495,0.732799751201925,191,3.92038891974935e-06,3,765744625
443,-0.878312416749373,0.207641534641496,0.41548348334622,0.276572483378037,0.624163773724197,0.58451651665378,0.375836226275803,0.723427516621963,188,2.33747726307552e-05,3,627719135
867,-0.625316104019107,0.203590819684316,0.535092256969474,0.35903091565056,0.797490441595733,0.464907743030526,0.202509558404267,0.64096908434944,206,0.00213032069089363,4,435258667
268,-0.762155961931597,0.201069390083459,0.466659242112869,0.314665620910281,0.692070673686493,0.533340757887131,0.307929326313507,0.685334379089719,192,0.000150336990649454,3,223855252
918,-0.984868507605255,0.199400944935384,0.373488334583473,0.25266590963956,0.552086889240144,0.626511665416527,0.447913110759856,0.74733409036044,199,7.8469226351075e-07,4,573843401
617,-0.690463636970232,0.176327160522118,0.501343573757928,0.354850565248591,0.708313311470395,0.498656426242072,0.291686688529605,0.645149434751409,233,9.01012328672818e-05,4,737167407
493,-0.91906406772092,0.189848738639052,0.398892202518569,0.274951445708633,0.578702137099252,0.601107797481431,0.421297862900748,0.725048554291367,210,1.29165716498896e-06,3,132373337
168,-0.899621855338901,0.192972933177082,0.406723430958845,0.278637993400033,0.593687699485546,0.593276569041155,0.406312300514454,0.721362006599967,202,3.1329286534797e-06,3,611710853
843,-0.476785430410418,0.200577035922859,0.620775714594472,0.418989593055421,0.919742385532961,0.379224285405528,0.0802576144670395,0.581010406944579,192,0.0174508290370044,3,801683470
418,-1.27516699833432,0.210273400612614,0.279384307611386,0.185019271244133,0.421878168769239,0.720615692388614,0.578121831230761,0.814980728755867,204,1.32505995854592e-09,4,206076296
43,-0.790826039646505,0.189410998909719,0.453470056284036,0.312839569990271,0.657318036694148,0.546529943715964,0.342681963305852,0.687160430009729,207,2.977434490171e-05,3,592575648
817,-1.04303976568389,0.205790480621893,0.352381893884003,0.235420572055714,0.527451777272422,0.647618106115997,0.472548222727578,0.764579427944286,182,4.01058025303997e-07,4,99990851
343,-1.11614515839927,0.19022545688218,0.327539978893698,0.225602607167604,0.475537225037396,0.672460021106302,0.524462774962604,0.774397392832396,200,4.42453008336033e-09,3,6439346
218,-0.832233533768753,0.198402770696991,0.435076442360049,0.294906825360507,0.6418688698211,0.564923557639951,0.3581311301789,0.705093174639493,203,2.73272883487016e-05,3,869014038
468,-0.992038190009792,0.194613369265721,0.370820118403823,0.253225879383246,0.543023329795268,0.629179881596177,0.456976670204732,0.746774120616754,207,3.44200728846661e-07,3,650719886
518,-1.07713244895205,0.193047557797005,0.340570730707283,0.233283993933413,0.497198374645452,0.659429269292717,0.502801625354548,0.766716006066587,193,2.41041483844647e-08,3,413169393
668,-1.09799454716195,0.197194392810298,0.33353931078258,0.226618236451459,0.490906970150867,0.66646068921742,0.509093029849133,0.773381763548541,198,2.57558634272918e-08,4,658841344
967,-0.647927050615951,0.189831321491375,0.523129073654291,0.360598688982028,0.758915758886843,0.476870926345709,0.241084241113157,0.639401311017972,221,0.00064211278561658,3,872294031
693,-0.754302863167597,0.195135438674436,0.470338390680756,0.320856500393383,0.689461492838514,0.529661609319244,0.310538507161486,0.679143499606617,193,0.000110845962024029,3,127307308
642,-0.635488011204626,0.202311547041009,0.529676936954653,0.356289613760096,0.787442705895362,0.470323063045347,0.212557294104638,0.643710386239904,189,0.00168294068602918,3,749977050
242,-1.2706645811105,0.20013831450137,0.280645048390757,0.189582978419514,0.415446807740116,0.719354951609243,0.584553192259884,0.810417021580486,189,2.168146137904e-10,3,926197114
68,-0.976022153404311,0.188160978079381,0.376807002092592,0.260588982209721,0.54485617780931,0.623192997907408,0.45514382219069,0.739411017790279,202,2.13518849206456e-07,3,115548781
318,-0.978267581772483,0.187709266419927,0.375961858170934,0.260234798712407,0.54315302756857,0.624038141829066,0.45684697243143,0.739765201287593,201,1.87208291893951e-07,4,84680724
93,-0.89061637962873,0.192817542720485,0.41040271090486,0.281244236266435,0.598875864458592,0.58959728909514,0.401124135541408,0.718755763733565,195,3.85669513465568e-06,3,382503420
393,-1.11435997625522,0.197634841955532,0.328125219640722,0.222747341283647,0.483355532523145,0.671874780359278,0.516644467476855,0.777252658716353,192,1.71558383455569e-08,3,903150947
768,-0.892914380284043,0.194805450217825,0.409460688005432,0.279507529743072,0.599833768972147,0.590539311994568,0.400166231027853,0.720492470256928,189,4.56991921899546e-06,3,474189653
293,-0.867588046720076,0.206955058656612,0.419963260420546,0.279930895487058,0.630045282412244,0.580036739579453,0.369954717587756,0.720069104512942,192,2.76314960853102e-05,4,508074973
18,-0.483870249145638,0.203446747296293,0.61639317426492,0.413698204089412,0.918400277121505,0.38360682573508,0.0815997228784952,0.586301795910588,185,0.0173896898908062,5,483250297
593,-0.534855340651287,0.200087861374746,0.585754018811116,0.39573109845452,0.867022510723417,0.414245981188884,0.132977489276583,0.60426890154548,204,0.00751533079647385,3,747489261
144,-0.782387830066294,0.205941487392225,0.457312721463507,0.305432727782239,0.684716817123356,0.542687278536493,0.315283182876644,0.694567272217761,175,0.000145235222680982,3,267949609
943,-1.11888478283089,0.211671646429221,0.326643870425997,0.215724405507441,0.494595026630844,0.673356129574003,0.505404973369156,0.784275594492559,178,1.25057138330669e-07,3,359093632
369,-0.899292128758577,0.189801103910613,0.406857560596711,0.28046805213181,0.59020296021777,0.593142439403289,0.40979703978223,0.71953194786819,197,2.15756487776727e-06,3,633709790
569,-1.12710648617743,0.193504310283405,0.323969311205502,0.221713789542242,0.47338559689798,0.676030688794498,0.52661440310202,0.778286210457758,208,5.72118660581464e-09,4,667433653
544,-1.02417619394472,0.213904080193112,0.359092165889966,0.236118734716652,0.546111615235812,0.640907834110034,0.453888384764188,0.763881265283348,199,1.68438083012296e-06,5,951767978
119,-0.955588696743783,0.205266478838603,0.384585673564419,0.257199404355807,0.57506408570988,0.615414326435581,0.42493591429012,0.742800595644193,175,3.23420140201343e-06,3,467871270
793,-1.17993489756228,0.195962189166024,0.307298743847263,0.209294331996423,0.451194817696831,0.692701256152737,0.548805182303169,0.790705668003577,198,1.73088473438692e-09,3,933319407
894,-0.925100261781705,0.199883842832897,0.396491664121399,0.267973979440301,0.586645166243756,0.603508335878601,0.413354833756244,0.732026020559699,207,3.68876770423606e-06,3,481961170
868,-0.985484915770363,0.173073191191255,0.373258184265018,0.265882143696484,0.523997851769468,0.626741815734982,0.476002148230532,0.734117856303516,242,1.24071181256651e-08,3,411305210
919,-0.668277832988015,0.216024368031719,0.512590584682554,0.335652857898777,0.782800149982456,0.487409415317446,0.217199850017544,0.664347142101223,177,0.00197790647871101,3,354290178
494,-0.796513998652235,0.193835828752838,0.45089805883588,0.308379151437368,0.659282764461646,0.54910194116412,0.340717235538354,0.691620848562632,203,3.96998321102165e-05,3,197270452
743,-0.737884523789609,0.210536405196587,0.478124307011734,0.316469535805581,0.722353424551709,0.521875692988266,0.277646575448291,0.683530464194419,181,0.000456978697531118,4,709411937
169,-0.646968457255344,0.206783323065497,0.523630782139829,0.349149066591621,0.785306971263,0.476369217860171,0.214693028737,0.650850933408379,211,0.00175565656318953,4,959099381
193,-1.07399370841568,0.197679839820917,0.341641373220815,0.231902309685951,0.50331032948429,0.658358626779185,0.49668967051571,0.768097690314049,218,5.54157613785784e-08,3,913746312
993,-1.08394600260702,0.205703851927528,0.338258121251408,0.226023083879504,0.506225092714558,0.661741878748592,0.493774907285442,0.773976916120496,194,1.36833715587897e-07,3,427747538
444,-0.647934095196527,0.18993618498361,0.52312538844236,0.360522043493931,0.75906640653882,0.47687461155764,0.24093359346118,0.639477956506069,206,0.000646479362407858,3,912200606
419,-0.857129376265828,0.19369364433057,0.424378566633659,0.290322779214514,0.620334264866514,0.575621433366341,0.379665735133486,0.709677220785486,209,9.63615891284193e-06,4,498071638
718,-0.855535339265732,0.196466363100176,0.425055581220716,0.289209964147529,0.624709621120514,0.574944418779284,0.375290378879486,0.710790035852471,204,1.3330108827912e-05,3,838841621
269,-1.51238686343685,0.207306674244874,0.220383324784789,0.146797604843973,0.330855601457668,0.779616675215211,0.669144398542332,0.853202395156027,176,2.97754379708465e-13,3,972105572
818,-0.685953911160062,0.203140517072661,0.503609601553818,0.338205355133101,0.749907199657977,0.496390398446182,0.250092800342023,0.661794644866899,189,0.000733487722297963,4,699960500
618,-0.89229984301009,0.191424271844603,0.409712394193925,0.281538936904152,0.596238118258103,0.590287605806075,0.403761881741897,0.718461063095848,202,3.14107580351209e-06,4,215155745
44,-1.12250625317372,0.186775623711841,0.32546307872815,0.225692968723885,0.469337685680395,0.67453692127185,0.530662314319605,0.774307031276115,215,1.85616756256151e-09,3,463857185
844,-0.930072438027008,0.188994938418323,0.394525130714413,0.272396729617782,0.571409498871839,0.605474869285587,0.428590501128161,0.727603270382218,203,8.60371627354545e-07,3,537998574
394,-1.045706373584,0.190352834371123,0.351443481287208,0.242006408128422,0.510368801778708,0.648556518712792,0.489631198221292,0.757993591871578,201,3.94009013285556e-08,4,69760966
219,-0.825137099380295,0.205159217829125,0.438174914837456,0.293099898541548,0.655057394929787,0.561825085162544,0.344942605070213,0.706900101458452,187,5.77219160681007e-05,4,132200172
294,-0.782559276249765,0.203157519188214,0.457234323663453,0.307051222417476,0.680874106574071,0.542765676336547,0.319125893425929,0.692948777582524,201,0.000117165238722781,3,146079470
669,-0.833726889030709,0.183210202788054,0.434427203558244,0.303366908137942,0.622108048467902,0.565572796441756,0.377891951532098,0.696633091862058,217,5.34785308529743e-06,4,95094421
344,-0.721415018342284,0.182763103260833,0.486063979666273,0.339723197335361,0.695443214305413,0.513936020333727,0.304556785694587,0.660276802664639,216,7.90479305196711e-05,3,921124357
19,-1.13286725621218,0.188407836938531,0.322108363896596,0.222653209789539,0.46598833311325,0.677891636103404,0.53401166688675,0.777346790210461,213,1.82294511122727e-09,3,960425238
469,-0.680224568063214,0.198521750265562,0.506503235142421,0.343241825805386,0.747419189394467,0.493496764857579,0.252580810605533,0.656758174194614,203,0.000611529548422861,3,240043020
69,-1.07477766405839,0.202412531091268,0.341373646495145,0.229581099995698,0.507602614168047,0.658626353504855,0.492397385831953,0.770418900004302,195,1.09722973105783e-07,4,818878546
519,-1.09102013406129,0.214782207546418,0.335873682695858,0.220471790753014,0.51168056621836,0.664126317304142,0.48831943378164,0.779528209246986,186,3.78115169782637e-07,4,497275534
370,-0.76220293351582,0.204030410464587,0.466637322903768,0.312830055434772,0.696066082346741,0.533362677096232,0.303933917653259,0.687169944565228,195,0.000187169925281376,4,539844284
968,-0.871833746047827,0.191454243190719,0.418184002458002,0.287343427414994,0.608602262056365,0.581815997541998,0.391397737943635,0.712656572585006,204,5.26993052691601e-06,3,173319543
694,-0.818248226956312,0.191600954337278,0.441203866978972,0.303073721780431,0.642288784041216,0.558796133021028,0.357711215958784,0.696926278219569,189,1.94960598761847e-05,3,391317077
545,-1.01844862231394,0.218902014361037,0.361154793276488,0.235160107901601,0.554655234131634,0.638845206723512,0.445344765868366,0.764839892098399,202,3.27883867505951e-06,5,225500961
769,-0.728970837728646,0.193351356784408,0.482405207941577,0.330241018045942,0.704681647440844,0.517594792058423,0.295318352559156,0.669758981954058,207,0.000163125049773242,4,770610504
120,-0.618003245641102,0.198535629460439,0.539019653609175,0.365267276485128,0.795423531428183,0.460980346390825,0.204576468571817,0.634732723514872,217,0.00185316692692425,4,204416759
94,-1.10225315258694,0.194387689737157,0.332121918663236,0.226899969070497,0.486139197411161,0.667878081336764,0.513860802588838,0.773100030929503,213,1.42476498434966e-08,4,680184834
319,-0.709575924187164,0.190587058331128,0.491852736088598,0.338537742211678,0.714600128237917,0.508147263911402,0.285399871762083,0.661462257788322,212,0.000196786428582109,3,933501580
594,-1.03159500930634,0.21979480194413,0.356437985025882,0.231683073181176,0.548369958257413,0.643562014974118,0.451630041742587,0.768316926818824,176,2.68641073962955e-06,4,869178554
643,-0.654280959473397,0.201143530297518,0.519815696794241,0.350457780586636,0.771015436385453,0.480184303205759,0.228984563614547,0.649542219413364,185,0.00114271330182205,3,740518154
944,-1.01830140801231,0.186291016494894,0.361207964340837,0.250718347607398,0.520389491827528,0.638792035659163,0.479610508172472,0.749281652392602,217,4.5982098417465e-08,4,201031308
895,-1.05671745652716,0.195626957446478,0.347594935179456,0.236894769374445,0.510024933355257,0.652405064820544,0.489975066644743,0.763105230625555,205,6.60135625262196e-08,3,840443990
145,-0.903222680587279,0.208950931395491,0.405261524573835,0.269076654055722,0.610372177683978,0.594738475426165,0.389627822316022,0.730923345944278,189,1.54163064682743e-05,3,234057022
495,-1.04133829436798,0.216570695389837,0.352981971931717,0.230891111717795,0.539632173719577,0.647018028068283,0.460367826280423,0.769108888282205,218,1.5221422336038e-06,4,456021163
570,-0.817782325250912,0.200186433122293,0.44140947250529,0.298155378390934,0.653492563068664,0.55859052749471,0.346507436931336,0.701844621609066,172,4.40571485054184e-05,3,435002874
243,-0.916029234287473,0.184279751661544,0.400104612712063,0.278813853768896,0.574159780618937,0.599895387287937,0.425840219381063,0.721186146231104,215,6.66558459405642e-07,3,484191944
744,-0.619252041113018,0.199144500200776,0.538346948429489,0.364376323649835,0.79537944172755,0.461653051570511,0.20462055827245,0.635623676350165,190,0.0018736536868285,3,585008628
794,-0.73660241228903,0.193574857923759,0.478737708825194,0.327586819236961,0.699630694498155,0.521262291174806,0.300369305501845,0.672413180763039,197,0.000141656054858088,3,810151485
445,-1.22754347976938,0.219335011191787,0.293011482952345,0.190627845931731,0.450383986254977,0.706988517047655,0.549616013745023,0.809372154068269,204,2.18520676268034e-08,4,417650691
719,-0.709557246975185,0.181764588462544,0.491861922612202,0.344448981434066,0.702362799589469,0.508138077387798,0.297637200410531,0.655551018565934,225,9.47271144210577e-05,3,729114153
270,-0.650194349272737,0.190537039153231,0.521944327402591,0.359284730480011,0.758245084737603,0.478055672597409,0.241754915262397,0.640715269519989,205,0.000643864103755415,3,277343847
920,-0.632899961430532,0.209809476626013,0.53104954265147,0.352001803705887,0.801170942254518,0.46895045734853,0.198829057745482,0.647998196294113,180,0.00255672325695049,4,380786855
869,-0.787163065736274,0.230758104913227,0.455134151176714,0.289546133028654,0.715420003716122,0.544865848823286,0.284579996283878,0.710453866971346,177,0.000646765843897248,4,322066717
170,-0.51961079736244,0.2060391505395,0.594751981969988,0.397150446427793,0.890669828622594,0.405248018030012,0.109330171377406,0.602849553572207,186,0.0116721816254143,3,370541351
619,-0.598315090999192,0.195056280521958,0.549737113212847,0.375079087300246,0.805725789243161,0.450262886787153,0.194274210756839,0.624920912699754,206,0.00215931710081754,3,150354466
994,-1.34158307493358,0.204807197707244,0.261431475202008,0.174995012368824,0.390562081176632,0.738568524797992,0.609437918823368,0.825004987631176,201,5.73568964454006e-11,3,752800777
194,-0.941278196206374,0.212283505189962,0.390128855306402,0.257342802533985,0.591431049339661,0.609871144693598,0.408568950660339,0.742657197466015,183,9.24740689426536e-06,4,640644236
420,-0.800809449716638,0.181557435846496,0.448965402076985,0.314536395335118,0.640847721445366,0.551034597923015,0.359152278554634,0.685463604664882,228,1.03000122080659e-05,4,584304984
45,-1.05487212132669,0.194447053748132,0.348236956538966,0.237881805651833,0.509786688255651,0.651763043461034,0.490213311744349,0.762118194348168,196,5.79597885332291e-08,4,543853770
220,-1.0081347271986,0.192093921581016,0.364898981325101,0.250415962159023,0.531720364085817,0.6351010186749,0.468279635914183,0.749584037840977,213,1.53647152486739e-07,3,26188453
670,-0.95919809550556,0.193462192693449,0.383200052643971,0.262270982452415,0.559887635960581,0.616799947356029,0.440112364039419,0.737729017547585,215,7.11988030558383e-07,4,474806932
470,-0.68891597163993,0.194519224522894,0.502120086561579,0.342951361182001,0.735161337338467,0.497879913438421,0.264838662661533,0.657048638817999,205,0.000397656259544059,3,997183453
345,-0.767767012063302,0.189144849398508,0.464048126113007,0.32030420160169,0.672300463971985,0.535951873886993,0.327699536028015,0.67969579839831,200,4.92520077231218e-05,4,864852547
819,-0.880003844513923,0.205086958606677,0.414781317045967,0.27749096716509,0.619996905585874,0.585218682954032,0.380003094414126,0.72250903283491,198,1.7796523620151e-05,4,821970098
70,-0.821192861440975,0.198603098239286,0.439906593792554,0.298063782182878,0.649249666782505,0.560093406207446,0.350750333217495,0.701936217817122,194,3.55195581102184e-05,3,929890839
520,-0.838597329040395,0.188562820345283,0.432316496134054,0.29874238495835,0.625614449907006,0.567683503865946,0.374385550092994,0.70125761504165,220,8.69522832001874e-06,3,549960156
845,-0.937809290108576,0.193172100994401,0.391484525658644,0.268093453845942,0.5716668259951,0.608515474341356,0.4283331740049,0.731906546154058,198,1.20516571791217e-06,3,462211137
969,-0.806139628813378,0.217183826564522,0.446578702494457,0.291763391898143,0.683542017468925,0.553421297505543,0.316457982531075,0.708236608101857,195,0.000205802920541769,5,787769435
770,-0.89951007824124,0.215504875228234,0.406768895864429,0.266630393880774,0.620562915707028,0.593231104135571,0.379437084292972,0.733369606119226,177,2.99342105777028e-05,3,455394906
95,-1.17892619471527,0.202102913418267,0.307608873353025,0.206999142924708,0.457118892516067,0.692391126646975,0.542881107483933,0.793000857075292,192,5.43429116806476e-09,3,265431727
595,-1.00501670735316,0.193700278846733,0.366038519218117,0.250408354001198,0.535062810048066,0.633961480781883,0.464937189951934,0.749591645998802,209,2.11978247411381e-07,3,803679188
395,-0.953743594924386,0.209753322972003,0.385295928335113,0.255418333728855,0.581214943439455,0.614704071664887,0.418785056560545,0.744581666271145,187,5.44218693239451e-06,4,733415696
295,-0.830884177452962,0.181197656830186,0.435663911769041,0.305432932225075,0.621422983550563,0.564336088230958,0.378577016449437,0.694567067774925,222,4.52873494805603e-06,4,364546195
945,-0.799339691102363,0.196904786932301,0.449625758007234,0.305664867371419,0.66138880795197,0.550374241992766,0.33861119204803,0.694335132628581,187,4.91728721830626e-05,3,958722379
896,-0.939237299572023,0.205327466625362,0.390925881021058,0.26140829660103,0.584614361667847,0.609074118978942,0.415385638332153,0.73859170339897,183,4.7772734102715e-06,3,76963693
371,-0.822516539564128,0.194503546858924,0.439324684273535,0.300070903793498,0.643201909188979,0.560675315726465,0.356798090811021,0.699929096206501,213,2.3494140056677e-05,3,681797289
20,-0.932331808764606,0.192535504564388,0.393634758398169,0.269902508867684,0.574089969260516,0.606365241601831,0.425910030739484,0.730097491132316,219,1.28287304866797e-06,4,761867118
496,-1.13110808406255,0.231233964847276,0.322675506664145,0.205087548088004,0.507683102029599,0.677324493335855,0.492316897970401,0.794912451911996,185,1.00010714773414e-06,4,97099018
695,-0.62961081664492,0.190317234761059,0.532799117210292,0.366914751587011,0.77368080207249,0.467200882789708,0.22631919792751,0.633085248412989,205,0.000938918410355121,3,765053402
546,-0.960056396120957,0.178210865062575,0.382871292910489,0.269997312618711,0.542932911121098,0.617128707089511,0.457067088878902,0.730002687381289,240,7.15664133693528e-08,4,706125817
121,-0.92577415880928,0.193095975161725,0.396224559578077,0.271379975732775,0.578502158049535,0.603775440421923,0.421497841950465,0.728620024267225,197,1.63184280522015e-06,3,662621072
244,-0.91873773610478,0.194487802647537,0.399022394897472,0.272551736352234,0.584178526105395,0.600977605102528,0.415821473894605,0.727448263647766,198,2.31382915804595e-06,4,496722318
320,-0.696946711900335,0.214124733397082,0.49810383887277,0.327383347709425,0.757849890764766,0.50189616112723,0.242150109235234,0.672616652290575,188,0.00113447002938077,4,98596909
146,-0.999701495979106,0.192325402473065,0.367989271055352,0.252422159213239,0.536466782607044,0.632010728944648,0.463533217392956,0.747577840786761,200,2.01477627076489e-07,3,79799438
644,-1.13736474906286,0.208448268209414,0.320662936668579,0.21311659953493,0.482481041726945,0.679337063331421,0.517518958273055,0.78688340046507,171,4.86047193841728e-08,4,826301781
571,-0.715385412868944,0.203141928517285,0.489003607189443,0.328395607643588,0.72815994574389,0.510996392810557,0.27184005425611,0.671604392356412,185,0.000428944498030835,3,993300724
921,-0.717780331416055,0.20179637894764,0.487833884635193,0.328475190873667,0.72450494165263,0.512166115364807,0.27549505834737,0.671524809126333,196,0.000375180569942015,4,224857187
171,-0.876735489340273,0.201983614039047,0.416139187502186,0.280097898807489,0.618254632084908,0.583860812497814,0.381745367915092,0.719902101192511,187,1.42076849180888e-05,4,307769625
870,-1.10767539562562,0.187413265907783,0.330325946401056,0.228779036576208,0.476945932191678,0.669674053598944,0.523054067808322,0.771220963423792,199,3.4141035376572e-09,4,659398467
745,-0.926847754176297,0.184371170676841,0.395799402990523,0.275764342780753,0.56808347964046,0.604200597009477,0.43191652035954,0.724235657219247,206,4.98016892709442e-07,3,3935928
446,-0.477357864064504,0.196493231256872,0.620420463372377,0.42211498720507,0.911887905046579,0.379579536627623,0.0881120949534209,0.57788501279493,205,0.015124429173846,3,715155119
795,-0.58836919434435,0.187520435557746,0.555232022330613,0.384465010413262,0.801848257374497,0.444767977669387,0.198151742625503,0.615534989586738,220,0.00170321430772107,3,481011808
995,-0.590989264349386,0.1888561772107,0.553779179668928,0.382456418817002,0.801846601982453,0.446220820331072,0.198153398017547,0.617543581182998,200,0.00175218166799144,4,269755442
195,-0.909574576741541,0.187852988759709,0.402695503631212,0.278660894276525,0.581939095063244,0.597304496368788,0.418060904936756,0.721339105723475,203,1.28571816636333e-06,3,338986522
421,-0.897116024983193,0.189042005048921,0.407743888891782,0.281497546726388,0.590609335186112,0.592256111108218,0.409390664813888,0.718502453273612,199,2.07898489644817e-06,3,64352388
271,-0.950511195340846,0.196603273466832,0.386543373768301,0.262935498278337,0.568260203671749,0.613456626231699,0.431739796328251,0.737064501721663,208,1.33369257306518e-06,3,536834847
720,-1.20710339258965,0.204714712620606,0.299062292075439,0.200220332477459,0.446699161042918,0.700937707924561,0.553300838957082,0.799779667522541,203,3.71258815708888e-09,4,709489764
620,-0.650577559072707,0.206890292207715,0.521744351540094,0.347818293547665,0.782641894960272,0.478255648459906,0.217358105039728,0.652181706452335,184,0.0016634058508689,3,138271827
771,-1.23902829013555,0.182891874482128,0.289665552103693,0.202403959869913,0.414547878062586,0.710334447896307,0.585452121937414,0.797596040130087,219,1.24708483674835e-11,3,375743901
846,-1.12217246085589,0.195393067388969,0.325571733936695,0.221987137990705,0.477491420890269,0.674428266063305,0.522508579109731,0.778012862009295,199,9.29291832084706e-09,3,172673475
346,-0.783207288292355,0.206857212154442,0.456938126295529,0.30463529436027,0.685384967296486,0.543061873704471,0.314615032703514,0.69536470563973,190,0.000152955154042375,4,504225555
46,-0.686215606062516,0.185680453352585,0.503477826731416,0.349887849003399,0.724489069089469,0.496522173268584,0.275510930910531,0.650112150996601,220,0.000219298728152516,3,120387294
221,-0.940690813152045,0.185882891712866,0.390358077699098,0.271168579683672,0.561936154264964,0.609641922300902,0.438063845735036,0.728831420316328,197,4.17799446382198e-07,3,438845698
396,-0.728879635102007,0.194836255986363,0.48244920657001,0.329311331369069,0.706799963282084,0.51755079342999,0.293200036717916,0.670688668630931,200,0.000183299997473846,3,917142447
471,-0.686400603401826,0.192488224161041,0.503384693288054,0.345186444112815,0.734084880094227,0.496615306711946,0.265915119905773,0.654813555887185,194,0.00036256045880718,4,121340151
820,-1.04029097216774,0.212996090840447,0.353351851444907,0.232758082095954,0.536426188922075,0.646648148555093,0.463573811077925,0.767241917904046,199,1.03910344936495e-06,5,252217783
71,-1.10817610160081,0.219503091441183,0.330160591626451,0.214725619269751,0.507652587678362,0.669839408373549,0.492347412321638,0.785274380730249,171,4.45135960347182e-07,3,445933579
671,-1.2863801079842,0.192634947828937,0.276269039299419,0.189391748085688,0.402998456093725,0.723730960700581,0.597001543906275,0.810608251914312,202,2.42534664682133e-11,3,689692643
547,-1.12465881903361,0.198280404932509,0.324763251498548,0.220186300276297,0.479008772987057,0.675236748501452,0.520991227012943,0.779813699723703,227,1.41088606824767e-08,5,661983923
122,-0.601285685404951,0.200124429767282,0.548106490378343,0.370270166459352,0.811355469622599,0.451893509621657,0.188644530377401,0.629729833540648,205,0.00265966043400586,3,480183101
696,-1.0198221130494,0.188295347852479,0.360659091013018,0.249355868195477,0.521643949555531,0.639340908986982,0.478356050444469,0.750644131804523,217,6.09208550790232e-08,3,342936025
96,-0.936455376506778,0.192638986104669,0.392014920856442,0.268737328265944,0.57184351413215,0.607985079143558,0.42815648586785,0.731262671734056,201,1.16680162717239e-06,3,935375833
970,-1.04703403841405,0.199408268188397,0.35097719174396,0.237433650160578,0.518818579595461,0.64902280825604,0.481181420404539,0.762566349839422,203,1.51517975562985e-07,3,854489396
521,-0.865069168707278,0.181530927580767,0.421022430042926,0.294975419794095,0.600931042739036,0.578977569957074,0.399068957260964,0.705024580205905,217,1.88470674262041e-06,3,336694218
321,-0.726560140908115,0.202491799968591,0.48356954350872,0.325160368761734,0.719151304630796,0.51643045649128,0.280848695369204,0.674839631238266,183,0.000333100869873502,4,649606389
296,-0.831459616662719,0.200861046236863,0.435413285788857,0.293716567377486,0.645468286430684,0.564586714211143,0.354531713569316,0.706283432622514,184,3.48098983125358e-05,4,815493856
596,-0.982504183199056,0.187154741722318,0.374372426897034,0.259416412910034,0.540269262258981,0.625627573102965,0.459730737741019,0.740583587089966,210,1.52356236242905e-07,3,93383317
497,-1.10729715902037,0.203291587415482,0.330450911397328,0.221852762591575,0.492208451982881,0.669549088602672,0.507791548017119,0.778147237408425,188,5.12719655874159e-08,4,36991065
372,-0.795445612853241,0.191565767999546,0.451380049348796,0.310085374190844,0.657057590935347,0.548619950651204,0.342942409064653,0.689914625809156,198,3.29097251338511e-05,3,641622198
147,-0.756543845143633,0.202502185645217,0.469285550962632,0.315549146486679,0.697922750843497,0.530714449037368,0.302077249156503,0.684450853513321,187,0.000186986522755994,3,936901874
897,-0.810087463288426,0.179896997756368,0.44481915917508,0.312647444143919,0.632866470125832,0.55518084082492,0.367133529874168,0.687352555856081,222,6.69811068798901e-06,3,400838544
946,-0.96539046452257,0.211372745742746,0.380834468355198,0.251660723605738,0.576311194728201,0.619165531644802,0.423688805271799,0.748339276394262,194,4.94183556776375e-06,4,720177564
645,-0.77294402262919,0.204204538023013,0.461651951922331,0.309382296084467,0.688864642259658,0.538348048077669,0.311135357740342,0.690617703915533,174,0.00015361826688945,3,223424191
21,-0.88749897408763,0.184942078201563,0.411684098855131,0.286510874668755,0.591544029336085,0.588315901144869,0.408455970663915,0.713489125331245,215,1.5962369888268e-06,3,764314528
172,-0.603770470518623,0.191537204571112,0.546746254177535,0.375620297397953,0.795834166917933,0.453253745822465,0.204165833082067,0.624379702602047,200,0.0016202526471347,3,268417708
447,-0.967217377079527,0.202740383721069,0.380139352234358,0.255487644817915,0.565608279101504,0.619860647765642,0.434391720898496,0.744512355182085,191,1.83569585509731e-06,3,110052383
796,-0.779932542328216,0.205264111841187,0.458436935350498,0.306590343383085,0.685489377696923,0.541563064649502,0.314510622303077,0.693409656616915,179,0.000144898422552141,3,684729431
245,-0.878244462091608,0.198830411046844,0.415511718343477,0.281409350381479,0.613519017213551,0.584488281656523,0.386480982786449,0.718590649618521,216,1.00055706628343e-05,3,701438222
196,-0.841589604915274,0.199766433114211,0.431024819402696,0.291380700075421,0.63759334401022,0.568975180597304,0.36240665598978,0.708619299924579,185,2.52148481221587e-05,3,823890793
572,-0.724237530206978,0.193973829697284,0.484693992628508,0.3314032887082,0.708889363789682,0.515306007371492,0.291110636210318,0.6685967112918,205,0.000188697113284021,3,361271764
922,-1.01055780625852,0.192238733699707,0.364015872597682,0.249739026403395,0.530584095771308,0.635984127402318,0.469415904228692,0.750260973596605,199,1.46595049156763e-07,3,789895400
621,-1.01049408054922,0.211727530794087,0.364039070506505,0.240394870130252,0.551278173213242,0.635960929493495,0.448721826786758,0.759605129869748,174,1.81848821258192e-06,3,106537688
871,-1.00722207147766,0.208239480393588,0.36523216048378,0.242837215979566,0.549316670896418,0.63476783951622,0.450683329103582,0.757162784020434,167,1.31916271729847e-06,3,589194917
746,-0.711376593748594,0.20145140166709,0.490967868753947,0.330809007866649,0.728666518796735,0.509032131246053,0.271333481203265,0.669190992133351,200,0.000413590295855305,3,955164850
996,-0.747176553860805,0.194589324528631,0.473702138851102,0.323497264278268,0.693649502269325,0.526297861148898,0.306350497730675,0.676502735721732,202,0.000123154001300477,3,175415500
422,-0.661936682134413,0.19980565112198,0.515851326407501,0.348698173883616,0.763131587391664,0.484148673592499,0.236868412608336,0.651301826116384,192,0.000923330941600692,3,393130571
272,-1.11995625401975,0.21031139196736,0.326294068364697,0.216068669425654,0.49274991757479,0.673705931635303,0.50725008242521,0.783931330574346,184,1.00826117214593e-07,3,341144837
222,-0.91004554730857,0.192887615244333,0.40250589055612,0.27579475636695,0.587433184251034,0.59749410944388,0.412566815748966,0.72420524363305,200,2.3816370222881e-06,3,70286487
347,-1.15149713364079,0.200893975999468,0.316163076498955,0.213260236522809,0.468718841220047,0.683836923501045,0.531281158779953,0.786739763477191,218,9.93323674141281e-09,5,306877488
47,-1.25275559871428,0.179169805191183,0.285716391373783,0.201106237856254,0.405924038805831,0.714283608626217,0.594075961194169,0.798893762143746,217,2.70991421956352e-12,3,131103304
721,-0.980397216958882,0.184703230733569,0.375162048522698,0.261215668435691,0.538813630493982,0.624837951477302,0.461186369506018,0.738784331564309,217,1.10859434525103e-07,5,493585278
72,-1.16117326420245,0.201990426733595,0.313118594448782,0.210753257435762,0.465203980154206,0.686881405551218,0.534796019845794,0.789246742564238,195,8.9956190322113e-09,4,622874727
821,-0.660028515884149,0.2046740254635,0.516836596229061,0.346046460387134,0.771919663338862,0.483163403770939,0.228080336661138,0.653953539612866,205,0.00126069912040674,5,949345740
772,-0.866165337659641,0.185185315699132,0.420561171181872,0.29254935634749,0.604587550333832,0.579438828818128,0.395412449666168,0.70745064365251,227,2.90691689810908e-06,3,868025745
123,-0.800634767366773,0.192867153600674,0.449043835258675,0.307694632044717,0.655326239017768,0.550956164741325,0.344673760982232,0.692305367955283,190,3.30701821205958e-05,3,582131617
97,-0.887574215234488,0.188187347535199,0.41165312443668,0.284672853995812,0.595273811604719,0.58834687556332,0.404726188395281,0.715327146004188,212,2.40007842282044e-06,4,540684661
522,-0.962328156723896,0.202770014711775,0.38200248822304,0.256724928937027,0.568413443964332,0.61799751177696,0.431586556035668,0.743275071062973,197,2.0757142144644e-06,3,741758004
597,-0.539525496395975,0.190912649364133,0.583024834134312,0.401034663269536,0.84760243527598,0.416975165865688,0.15239756472402,0.598965336730463,222,0.00471283706281006,3,832159561
472,-0.873496365922671,0.204820809449598,0.417489299098011,0.279448356150887,0.623719234788548,0.582510700901989,0.376280765211452,0.720551643849113,198,2.00183841573878e-05,3,510546323
297,-0.765937952704613,0.200095142332739,0.464897674381217,0.314076960755446,0.688142954278496,0.535102325618783,0.311857045721504,0.685923039244554,188,0.00012925762048142,3,976048177
847,-0.816603016699011,0.186428793045061,0.441930337541035,0.306665795997861,0.63685753607975,0.558069662458965,0.36314246392025,0.693334204002139,203,1.18548199039007e-05,3,105598145
498,-0.89565271774501,0.184702032918597,0.408340980233218,0.284317971224536,0.586464356859606,0.591659019766782,0.413535643140394,0.715682028775464,198,1.23975209245594e-06,3,704528078
672,-0.95722546899208,0.204109252894756,0.383956709282894,0.257361838193721,0.572822900388134,0.616043290717106,0.427177099611866,0.742638161806279,189,2.73512193374721e-06,4,976032485
397,-0.877275059827082,0.198108571484514,0.415914711643926,0.282081081882446,0.613245830622343,0.584085288356074,0.386754169377657,0.717918918117554,199,9.49990196171753e-06,4,639962133
947,-0.952499872489814,0.192447440751257,0.385775427645348,0.264559281728357,0.562530558756801,0.614224572354652,0.437469441243199,0.735440718271643,215,7.44416017737009e-07,4,765332181
548,-0.964995000277306,0.211457757358834,0.380985104554449,0.251718321378349,0.576635221058045,0.619014895445551,0.423364778941955,0.748281678621651,196,5.02992797227678e-06,4,765808905
971,-0.76673220329366,0.198182940317716,0.464528575727308,0.315005988676236,0.685024429453078,0.535471424272692,0.314975570546922,0.684994011323764,190,0.000109367682647829,3,418526356
697,-1.16317901176584,0.192510409186571,0.312491187011724,0.214275548925386,0.455725081325074,0.687508812988276,0.544274918674926,0.785724451074614,198,1.52062997453906e-09,3,319756134
373,-1.01459872077112,0.190356329547631,0.362547883581909,0.249651266008768,0.526498302977182,0.637452116418092,0.473501697022818,0.750348733991232,197,9.82142317842625e-08,3,542436794
322,-1.32666140407326,0.190956280851471,0.26536171961004,0.182513919586029,0.385816284007894,0.73463828038996,0.614183715992106,0.817486080413971,228,3.7191758814919e-12,3,395595463
148,-0.796673450074438,0.2014923365967,0.450826168230811,0.303737580330299,0.669144179461291,0.549173831769189,0.330855820538709,0.696262419669701,204,7.68988841201059e-05,5,738178448
898,-1.22030889231496,0.18398384089065,0.295138986677469,0.205787623845015,0.423286006366479,0.704861013322531,0.576713993633521,0.794212376154985,221,3.29610137509975e-11,4,504165698
573,-0.875005049560154,0.209715529370632,0.416859914713979,0.276363034791099,0.628782313910755,0.583140085286021,0.371217686089245,0.723636965208901,178,3.01483781209021e-05,3,363387959
646,-0.592868704351636,0.189694047669429,0.552739362369437,0.381111915368081,0.801656391187605,0.447260637630563,0.198343608812395,0.618888084631919,199,0.00177566842624019,3,106110442
448,-0.932082507121801,0.223164293822258,0.393732904423577,0.254240023020159,0.609760800774996,0.606267095576423,0.390239199225004,0.745759976979841,186,2.95814116888902e-05,4,199372246
22,-0.693989928634501,0.191037492847525,0.499578803468934,0.343552089887165,0.726466198931935,0.500421196531066,0.273533801068065,0.656447910112835,194,0.000280425343503265,3,408608070
173,-0.62032129418275,0.212815457771323,0.537771626939249,0.35436354598145,0.816106301058476,0.462228373060751,0.183893698941524,0.64563645401855,188,0.00355880124827949,4,95431902
747,-0.621530861070072,0.199248250674323,0.537121549421739,0.363473002270667,0.793730365256601,0.462878450578261,0.206269634743399,0.636526997729333,189,0.00181232519406373,3,740679621
246,-0.914263505874155,0.187974272451659,0.400811712884745,0.277291408397701,0.579354514133352,0.599188287115255,0.420645485866648,0.722708591602299,198,1.15171112370604e-06,3,80203376
797,-0.789458098597557,0.193625958099706,0.454090801062829,0.310690511254451,0.663677995112662,0.545909198937171,0.336322004887338,0.689309488745549,218,4.5574865228188e-05,3,665893015
197,-0.724880321143289,0.197373002642304,0.484382535834688,0.328991192910938,0.713169367683222,0.515617464165312,0.286830632316778,0.671008807089062,185,0.000240055954188423,3,708644572
997,-0.770836403457492,0.19900356791985,0.462625964490083,0.313211615390886,0.683316877483233,0.537374035509917,0.316683122516767,0.686788384609114,192,0.000107292075469058,3,241656702
273,-0.724116647622674,0.186745900782758,0.484752587232396,0.336172153905697,0.699002187118745,0.515247412767604,0.300997812881255,0.663827846094303,203,0.000105513461857598,3,278459451
923,-0.814584220625335,0.201883252334546,0.442823405929468,0.298117336216028,0.657769760484099,0.557176594070532,0.342230239515901,0.701882663783972,196,5.46192360017525e-05,4,460008597
622,-1.17208806052649,0.207383254774736,0.309719552435449,0.206273613446813,0.465043490332559,0.690280447564551,0.534956509667441,0.793726386553187,175,1.58779029917183e-08,3,836207324
223,-1.00901715784941,0.192583495220361,0.364577125308223,0.249955126183233,0.531761369841126,0.635422874691777,0.468238630158874,0.750044873816767,200,1.61121302937491e-07,4,805617561
348,-0.495855370897008,0.19310428325123,0.60904972101811,0.417140238096826,0.889249055340797,0.39095027898189,0.110750944659203,0.582859761903174,202,0.0102342834899108,3,48254928
423,-1.09791643378981,0.214621412832398,0.333565365680491,0.219025597320822,0.50800387964965,0.666434634319509,0.49199612035035,0.780974402679178,172,3.12751884110163e-07,3,273876854
872,-1.07950738571585,0.186662752250379,0.339762856463097,0.235661303984674,0.489850461998082,0.660237143536903,0.510149538001918,0.764338696015326,209,7.32943391403317e-09,3,427268207
773,-0.947852149376042,0.194876455305506,0.38757257811095,0.264529372894223,0.567848105713514,0.61242742188905,0.432151894286486,0.735470627105776,193,1.15117297658415e-06,3,3218632
98,-0.555886675357737,0.195096455413451,0.573563471068041,0.391304714522809,0.840713242478565,0.426436528931959,0.159286757521435,0.608695285477191,184,0.00438167122763914,3,764018457
523,-0.613299198168184,0.184133972720185,0.541561200741146,0.377496057887377,0.776931382514442,0.458438799258854,0.223068617485558,0.622503942112623,223,0.00086620852441875,3,834467711
48,-0.624765613632452,0.221920572166187,0.535386901204878,0.346552158358741,0.827116862694709,0.464613098795122,0.172883137305291,0.653447841641259,178,0.00487367577201842,4,466206722
722,-0.928045604623154,0.193083322280884,0.395325578340975,0.270770965198603,0.577175299338309,0.604674421659025,0.422824700661691,0.729229034801397,203,1.53632808043347e-06,4,414732996
73,-0.651965573314451,0.189310285373482,0.521020665309191,0.359512290534215,0.755085544574441,0.478979334690809,0.244914455425559,0.640487709465785,220,0.000573389061708574,3,157772511
473,-0.862541505241812,0.190869398235962,0.422087979164957,0.29035857579651,0.613580162620768,0.577912020835043,0.386419837379232,0.70964142420349,208,6.2128252514986e-06,4,494729055
673,-1.32461193035649,0.201141631874899,0.265906129165797,0.179273575592388,0.394403186829392,0.734093870834203,0.605596813170608,0.820726424407612,212,4.5345247547179e-11,3,199622181
499,-1.04486730508566,0.189738197709716,0.351738490190336,0.242501510662423,0.510182246466923,0.648261509809664,0.489817753533077,0.757498489337577,193,3.65229168261926e-08,3,222617622
398,-1.16248004343385,0.207632478086308,0.312709684808094,0.208163339269996,0.469762578346917,0.687290315191906,0.530237421653083,0.791836660730004,175,2.15916635791964e-08,3,335892597
549,-0.836353750942791,0.188019767582002,0.433287520833571,0.299732243722434,0.626352618518934,0.566712479166429,0.373647381481066,0.700267756277566,204,8.65838363350314e-06,3,176026961
124,-0.905633888676361,0.194749131875919,0.404285531841237,0.276005310316307,0.592187125200015,0.595714468158763,0.407812874799985,0.723994689683693,207,3.31518556018838e-06,3,528866495
972,-0.884539700397144,0.193839895891496,0.412904189177869,0.28239205288207,0.603734657900704,0.58709581082213,0.396265342099296,0.71760794711793,200,5.03680312983773e-06,3,746422996
822,-0.919995129141918,0.20825863005231,0.398520982218934,0.264960493957743,0.599406239384777,0.601479017781066,0.400593760615223,0.735039506042257,178,9.98210656309884e-06,3,907369436
598,-0.83921635621773,0.186749230041049,0.432048963287331,0.299620644978924,0.623008827348289,0.567951036712669,0.376991172651711,0.700379355021076,236,6.99586480804568e-06,3,374197466
698,-1.00215587628772,0.195338340142537,0.367087192908955,0.250320798986316,0.5383212571367,0.632912807091045,0.4616787428633,0.749679201013684,223,2.89189600405329e-07,4,283899628
374,-0.786187228722283,0.180219436251264,0.455578504700811,0.320007504119824,0.648584084039826,0.544421495299189,0.351415915960174,0.679992495880176,214,1.28650049620455e-05,3,763849178
848,-0.980052559083571,0.213465871540915,0.375291373362371,0.246982454514315,0.570257572333144,0.624708626637629,0.429742427666856,0.753017545485685,202,4.40823011209968e-06,4,581203193
323,-0.720781648614108,0.203375324461878,0.486371935391573,0.326478899105109,0.724572583970841,0.513628064608427,0.275427416029159,0.67352110089489,191,0.000393961954533075,3,155157828
298,-1.08197966088542,0.196187966239252,0.338923906674202,0.230731401534544,0.497849073647243,0.661076093325798,0.502150926352757,0.769268598465456,196,3.48749360976455e-08,4,37840947
948,-1.00881401806448,0.18818656788091,0.364651192949836,0.252169723181362,0.527305541847724,0.635348807050164,0.472694458152276,0.747830276818638,212,8.28945204998007e-08,3,244553960
449,-0.353362886240906,0.198718684873704,0.702322284034935,0.47575876394633,1.03677877956588,0.297677715965065,-0.0367787795658803,0.52424123605367,219,0.0753699217214197,5,400648608
647,-0.983614619896474,0.196129824958295,0.373956940743936,0.254610077203763,0.54924689182136,0.626043059256064,0.45075310817864,0.745389922796237,193,5.30003592751721e-07,3,484245668
174,-1.08251901736705,0.187226645674299,0.338741155156895,0.234693117826225,0.488917490465099,0.661258844843105,0.511082509534901,0.765306882173775,210,7.38773884605976e-09,3,147827069
198,-0.806698583933717,0.206843214516187,0.446329154791544,0.297570581072704,0.669453659359767,0.553670845208456,0.330546340640233,0.702429418927296,189,9.61733906541846e-05,3,502603235
798,-0.929888286162957,0.188345292250387,0.394597789942609,0.272794019575211,0.570787497724678,0.605402210057391,0.429212502275322,0.727205980424789,230,7.92739520008386e-07,3,468865864
998,-0.857347029735885,0.17981640802281,0.424286209217334,0.298262677300419,0.603557873755337,0.575713790782666,0.396442126244663,0.701737322699581,217,1.86154196624471e-06,3,92732975
149,-1.10480335776798,0.191020745894574,0.331276018693213,0.227820522958915,0.481711652382682,0.668723981306787,0.518288347617318,0.772179477041085,201,7.30827916047338e-09,3,281668051
574,-0.870650872435853,0.199136433244241,0.41867895395428,0.283384368688255,0.618566462559851,0.58132104604572,0.381433537440149,0.716615631311745,216,1.2303881078928e-05,3,15024807
899,-0.881470970212014,0.201098446400642,0.414173226898057,0.279258701154668,0.614267205175255,0.585826773101943,0.385732794824745,0.720741298845332,205,1.16905241250506e-05,4,62682181
748,-0.957496350571442,0.215401198859172,0.383852716568569,0.251660343832257,0.585483218266923,0.616147283431431,0.414516781733077,0.748339656167743,192,8.78197313853092e-06,4,418545304
23,-0.938803064775516,0.19742332675562,0.391095671503252,0.265604830366437,0.575877419313336,0.608904328496748,0.424122580686664,0.734395169633564,197,1.98172219932604e-06,4,320428054
247,-1.06508809558456,0.187639281581695,0.344697487102989,0.238626829632363,0.497917010413992,0.655302512897011,0.502082989586008,0.761373170367637,226,1.37676850887224e-08,3,51744073
873,-1.19688351230647,0.195369783497407,0.302134344161362,0.206016039488536,0.443097353722771,0.697865655838638,0.556902646277229,0.793983960511464,209,8.9976202654564e-10,4,70955155
924,-1.03263952449891,0.200848078998376,0.356065874506689,0.240197320256429,0.527828149176947,0.643934125493311,0.472171850823053,0.759802679743571,194,2.72704485711371e-07,3,531036971
274,-0.981101172431366,0.188386977310604,0.37489804408016,0.259153983484846,0.542336033446881,0.62510195591984,0.457663966553119,0.740846016515154,231,1.90986341342878e-07,3,444248796
623,-0.90553711145191,0.201835860643621,0.40432465936619,0.272224515344097,0.600527950118474,0.59567534063381,0.399472049881526,0.727775484655903,190,7.24018377674277e-06,3,388348678
49,-0.903859937695341,0.202976310041037,0.405003351056868,0.272072638483429,0.602882065913006,0.594996648943132,0.397117934086994,0.727927361516571,205,8.46662590407023e-06,3,610191353
723,-0.737366032768352,0.194828422370443,0.478372274450855,0.326533502736603,0.70081639723161,0.521627725549145,0.29918360276839,0.673466497263397,203,0.000153897591032256,4,748004523
74,-0.995757072105566,0.19765184176094,0.369443643165694,0.250787938512559,0.544239114070096,0.630556356834306,0.455760885929904,0.749212061487441,203,4.70581921167629e-07,3,586338676
674,-0.375304338327658,0.190125887687256,0.68708014214701,0.47333862822655,0.997339100553627,0.31291985785299,0.00266089944637316,0.52666137177345,212,0.0483842333099476,3,278578359
424,-1.23406798373021,0.188567068378504,0.291105951454889,0.201160406596267,0.421269157317507,0.708894048545111,0.578730842682494,0.798839593403733,216,5.97142444726719e-11,4,773739682
224,-0.838173696817274,0.196164488155553,0.432499678130561,0.294449128707151,0.635274325328632,0.567500321869439,0.364725674671368,0.705550871292849,198,1.93024438283344e-05,3,931184085
349,-0.622997234677453,0.211496645577324,0.536334505748775,0.354331259230903,0.811824231034976,0.463665494251225,0.188175768965024,0.645668740769097,189,0.00322266298656743,4,670995525
399,-1.00230242860575,0.18295510348687,0.367033399371795,0.256433003805826,0.525336108282,0.632966600628205,0.474663891718,0.743566996194174,212,4.29173262633139e-08,3,754805033
125,-1.10052381511269,0.19966103924622,0.33269676645285,0.224955592898762,0.492039948782225,0.66730323354715,0.507960051217775,0.775044407101238,209,3.54858031611993e-08,4,272853556
973,-0.5676647407865,0.18798208245728,0.566847630420054,0.392153140028935,0.819364180251422,0.433152369579946,0.180635819748578,0.607846859971065,211,0.00252957431865641,3,261748464
774,-0.660920134668257,0.195474321868446,0.516375980388931,0.352028632123259,0.757450186691824,0.483624019611069,0.242549813308176,0.647971367876741,188,0.000721937024818068,3,6324909
524,-0.987746996793994,0.193127380029195,0.372414798272836,0.255056623360444,0.543772516648577,0.627585201727164,0.456227483351423,0.744943376639556,202,3.14598876475543e-07,4,987725799
474,-1.14112784638377,0.192898783248018,0.319458518423527,0.218886376140916,0.466240735456528,0.680541481576473,0.533759264543472,0.781113623859084,192,3.30503359335814e-09,3,642712856
375,-0.819871377861598,0.182321202953038,0.440488307410553,0.308135897007924,0.629689532603933,0.559511692589447,0.370310467396067,0.691864102992076,235,6.89671158071999e-06,3,557429826
99,-0.625075807023806,0.188124213520343,0.535220853481092,0.370170158899202,0.773864005820717,0.464779146518908,0.226135994179283,0.629829841100798,212,0.000891584104908753,4,21680327
500,-0.960769066429016,0.193554589878612,0.382598529115097,0.261811868676929,0.559110002234727,0.617401470884903,0.440889997765273,0.738188131323071,200,6.91219905149788e-07,4,512750642
550,-0.82619271121472,0.206387652351988,0.437712616258659,0.292086561638159,0.655943681069956,0.562287383741341,0.344056318930044,0.707913438361841,200,6.2514914720692e-05,5,142681774
949,-0.850541018934004,0.192019423534059,0.42718375491908,0.293202385360803,0.62238907177445,0.57281624508092,0.37761092822555,0.706797614639197,200,9.44723815406047e-06,3,584750270
599,-0.927139469690997,0.201060020743145,0.395683959003182,0.2668122986595,0.586801268903416,0.604316040996818,0.413198731096584,0.7331877013405,196,4.00240941568752e-06,3,107266761
849,-0.916679571380439,0.18074108145292,0.3998444944328,0.280571809466496,0.56982068167227,0.6001555055672,0.43017931832773,0.719428190533504,223,3.9410532657456e-07,4,538127232
823,-0.767807357459016,0.187773104258831,0.4640294042854,0.321153563566561,0.670468313196332,0.5359705957146,0.329531686803668,0.678846436433439,209,4.33205683925481e-05,4,105155153
150,-0.94207677268026,0.185419169605047,0.389817431945006,0.271039241189068,0.560648080261552,0.610182568054994,0.439351919738448,0.728960758810932,209,3.75858740360821e-07,3,309399426
575,-0.829779138997518,0.18107908280508,0.436145603239978,0.305841703516711,0.621965497308875,0.563854396760022,0.378034502691125,0.694158296483289,210,4.59641009545985e-06,4,618657300
699,-1.14280314833216,0.209090073907496,0.318923776996926,0.211694271078717,0.48046824798657,0.681076223003074,0.51953175201343,0.788305728921283,192,4.61338137902988e-08,3,536376450
450,-0.830296810564592,0.200578932061126,0.435919881491983,0.294220941122479,0.645862059835094,0.564080118508017,0.354137940164906,0.705779058877521,179,3.4806117062239e-05,3,295214107
299,-0.984126149302839,0.196990438264256,0.373765699688913,0.254050982500352,0.549892769116723,0.626234300311087,0.450107230883277,0.745949017499648,194,5.85903288514725e-07,3,567973196
900,-0.684096695810426,0.18032049233454,0.504545782111405,0.354332916229261,0.718438605578771,0.495454217888595,0.281561394421229,0.645667083770739,231,0.000148369757590058,3,526244000
324,-0.785505566971409,0.198283681272705,0.455889161011218,0.309086396454788,0.67241693426619,0.544110838988782,0.32758306573381,0.690913603545212,188,7.44728870888526e-05,4,461769468
175,-0.855253978355002,0.18230774924411,0.425175192072279,0.297431717610887,0.607783007830373,0.574824807927721,0.392216992169627,0.702568282389113,224,2.71520906849437e-06,4,810226646
749,-1.21522501075554,0.174784290924525,0.296643258860178,0.210599737434883,0.417841086123839,0.703356741139822,0.582158913876161,0.789400262565117,234,3.58327227367165e-12,3,768121006
999,-0.902806709464557,0.210712893001287,0.405430136731671,0.268260597867133,0.612738497853024,0.594569863268329,0.387261502146976,0.731739402132866,189,1.83121997760783e-05,3,392869727
799,-0.831359133171277,0.20016936799615,0.435457039834276,0.294144573694334,0.644658615182479,0.564542960165724,0.355341384817521,0.705855426305666,215,3.27745445158789e-05,3,696860457
648,-0.667060607262239,0.199471585918726,0.513214903020107,0.347143259863807,0.758734410644389,0.486785096979893,0.241265589355611,0.652856740136193,208,0.000825385247547974,3,396914494
925,-1.04480856296594,0.21647790017656,0.351759152661709,0.23013309793471,0.537664953853738,0.648240847338291,0.462335046146262,0.76986690206529,194,1.39024356175405e-06,4,970406977
50,-1.04036781606532,0.200529644093895,0.353324699554668,0.238496964470441,0.523437870970759,0.646675300445332,0.476562129029241,0.761503035529559,194,2.12450690237473e-07,3,248931787
199,-1.12716696724245,0.194165315260948,0.323949717789047,0.221413343406688,0.47397062002196,0.676050282210953,0.52602937997804,0.778586656593312,196,6.42922231681634e-09,3,21469292
425,-1.13275839004009,0.195208954056106,0.322143432510029,0.219728868310613,0.472292930406592,0.677856567489971,0.527707069593408,0.780271131689387,186,6.52168210298579e-09,4,556507221
248,-1.07706872111201,0.211802056034209,0.340592435235917,0.224878927233493,0.515847386711719,0.659407564764083,0.484152613288281,0.775121072766507,173,3.67120993794149e-07,3,94417467
24,-0.94688003035041,0.192391067234343,0.387949527978329,0.266079646236384,0.565638290592509,0.612050472021671,0.434361709407491,0.733920353763616,197,8.58209306416865e-07,4,376983979
275,-1.35234054154243,0.217505106786262,0.258634207569251,0.168867192313218,0.396119888112443,0.741365792430749,0.603880111887557,0.831132807686782,200,5.05100578918464e-10,4,572878055
874,-0.936743317991514,0.195765224626802,0.391902059747569,0.267018827607138,0.575192490397561,0.608097940252431,0.424807509602439,0.732981172392862,200,1.70958120409157e-06,4,202616765
75,-0.54490531775894,0.200332766942626,0.579896686658497,0.391585919271109,0.85876470692166,0.420103313341503,0.14123529307834,0.608414080728891,203,0.00652817274270166,4,28705071
974,-0.999647860208184,0.199828684428744,0.36800900897292,0.248750502022009,0.544443647688592,0.63199099102708,0.455556352311408,0.751249497977991,191,5.65844313893314e-07,4,290889908
624,-0.701530975504714,0.20225558905294,0.495825625528093,0.333555955290287,0.737036910992558,0.504174374471907,0.262963089007442,0.666444044709713,192,0.00052330064053325,3,351982280
525,-0.857727088179479,0.213673970931408,0.424124986300026,0.279006450979236,0.644723458445713,0.575875013699974,0.355276541554287,0.720993549020764,176,5.96512646566219e-05,4,443632038
475,-0.835375409976486,0.187211571086161,0.433711631193833,0.300501255555435,0.625973354704052,0.566288368806167,0.374026645295948,0.699498744444565,210,8.1122582856201e-06,3,573940261
724,-0.910661571747714,0.18956419087269,0.402258013447656,0.277426135774406,0.583259788884613,0.597741986552344,0.416740211115387,0.722573864225594,204,1.55546513936091e-06,3,421642901
675,-0.856419622207647,0.194623203118372,0.424679877959351,0.29000007688659,0.621906727335455,0.575320122040649,0.378093272664545,0.70999992311341,197,1.08052334683982e-05,3,882996795
100,-0.599071014429202,0.188779971383057,0.549321711074509,0.379434626435451,0.79527360244535,0.450678288925491,0.20472639755465,0.620565373564549,203,0.0015067399462257,3,427552027
350,-0.854000828350225,0.197599667446015,0.42570833435011,0.289011424675622,0.627060283649856,0.57429166564989,0.372939716350144,0.710988575324378,205,1.54709665571463e-05,3,421225544
225,-0.957289007089546,0.191311338370416,0.383932314179095,0.263882238898764,0.558597738468731,0.616067685820905,0.441402261531269,0.736117761101236,204,5.62029458320226e-07,4,984955815
400,-0.871355651770599,0.193072096770931,0.418383981637047,0.286570698289295,0.610827126204506,0.581616018362953,0.389172873795494,0.713429301710705,208,6.38838028372121e-06,3,181709358
950,-0.671707644006076,0.190865809556114,0.510835507359728,0.351411366783645,0.742585301004598,0.489164492640272,0.257414698995402,0.648588633216355,205,0.000432741823652831,4,71797939
775,-0.769294684945802,0.191483715693152,0.463339753593079,0.31835254718865,0.674358440526244,0.536660246406921,0.325641559473756,0.68164745281135,204,5.88072944811103e-05,4,86365362
600,-0.893187804410167,0.190814084629683,0.409348746879031,0.281625659623525,0.594996907580917,0.590651253120969,0.405003092419083,0.718374340376475,200,2.8557329672385e-06,3,330841313
850,-0.55103468881525,0.206711810789954,0.576353155593973,0.384357414200066,0.864255371928957,0.423646844406027,0.135744628071043,0.615642585799934,181,0.0076824885315978,3,60771997
700,-0.78951011803902,0.190308129026109,0.454067180127364,0.312701193772974,0.659341915459727,0.545932819872636,0.340658084540273,0.687298806227026,201,3.34531501275609e-05,3,139084141
325,-1.32692242677632,0.216345259409876,0.265292463215838,0.173608703360819,0.405394946662625,0.734707536784162,0.594605053337375,0.826391296639181,220,8.6044473860973e-10,4,229142570
824,-0.604637359112372,0.200333916974914,0.546272491465528,0.368879730650801,0.808972708816166,0.453727508534472,0.191027291183834,0.6311202693492,202,0.00254324882579365,3,89240865
300,-0.837538198800791,0.188542025586874,0.432774618170815,0.299071148657139,0.626251883452697,0.567225381829185,0.373748116547303,0.700928851342861,200,8.90507322375175e-06,4,982494349
1000,-0.745082295460754,0.191175077260205,0.474695233069498,0.326352053488283,0.690467738414263,0.525304766930502,0.309532261585737,0.673647946511717,212,9.7238195075569e-05,3,427035189
750,-0.913475972122314,0.184429439458134,0.401127489963007,0.279444651969844,0.575796538133019,0.598872510036993,0.424203461866981,0.720555348030156,222,7.30841708288816e-07,3,209582695
800,-1.00914269247234,0.187656764273553,0.364531361128823,0.252348757000657,0.526585170562526,0.635468638871177,0.473414829437474,0.747651242999343,213,7.54860104085673e-08,4,205639207
875,-0.77992848976565,0.199687010933218,0.458438793198626,0.309961296475867,0.678039902074598,0.541561206801374,0.321960097925402,0.690038703524133,191,9.39317454463214e-05,3,574189090
649,-0.761392242031531,0.196511729989492,0.467015775190994,0.317731638889836,0.686440088369248,0.532984224809006,0.313559911630752,0.682268361110164,217,0.000106827002213712,3,377398835
200,-0.991893209993458,0.201238778427712,0.370873883808007,0.249995098326874,0.550200538376111,0.629126116191993,0.449799461623889,0.750004901673126,204,8.26783344731851e-07,3,332348099
625,-0.759287419032915,0.192086510888894,0.467999795966822,0.321174701555771,0.68194601867468,0.532000204033178,0.31805398132532,0.678825298444229,225,7.72287851359238e-05,4,70885328
249,-0.78425166331705,0.233902157168221,0.456461160637459,0.288606396996498,0.721941001096468,0.543538839362541,0.278058998903532,0.711393603003502,181,0.000799682100324035,4,659307576
25,-0.766895015206136,0.183360426922501,0.464452951097956,0.324238848463023,0.665301350551156,0.535547048902044,0.334698649448844,0.675761151536977,231,2.88390005635131e-05,3,220384855
975,-0.909973309830285,0.241593935246376,0.402534967616863,0.250702394703203,0.646321708837824,0.597465032383137,0.353678291162176,0.749297605296797,184,0.000165525330336381,5,534776278
725,-0.464803955844857,0.206871042747131,0.628258259477098,0.418841065735294,0.942382380553502,0.371741740522902,0.0576176194464983,0.581158934264706,188,0.0246509274342299,3,782486855
825,-1.05697405350333,0.206607497569422,0.347505754812351,0.231791432923302,0.520986682314786,0.652494245187649,0.479013317685214,0.768208567076698,221,3.12322495774309e-07,4,8054979
650,-0.761244107747436,0.199281423444282,0.467084961362808,0.316058321572592,0.690278806916931,0.532915038637191,0.309721193083069,0.683941678427408,188,0.000133481351875703,3,631626028
250,-1.04281876464378,0.194704635494555,0.352459779255125,0.240644909198615,0.516229063005194,0.647540220744875,0.483770936994806,0.759355090801385,193,8.51310840806958e-08,3,133222602
