"rep","est_V","se_V","IRR_V","IRR_V_CI_Lower","IRR_V_CI_Upper","VE","VE_CI_Lower","VE_CI_Upper","n_event","p_val","n_calendar_group","seed"
26,-0.966896456420822,0.167939863638001,0.38026136638306,0.27360972734071,0.528485255874883,0.61973863361694,0.471514744125117,0.72639027265929,275,8.54208889763141e-09,3,577513685
5
101,-0.852671385423628,0.174801010728779,0.426274665653165,0.302620700579873,0.600454926677289,0.573725334346835,0.399545073322711,0.697379299420127,273,1.07191616045917e-06,3,14651668
226,-0.764449310199466,0.188734423440235,0.465590256195308,0.32162725961492,0.673992269571782,0.534409743804692,0.326007730428218,0.67837274038508,261,5.11308495324329e-05,4,365064167
51,-1.0665601316035,0.177939341130819,0.344190453263931,0.242849144814385,0.487821640090917,0.655809546736069,0.512178359909083,0.757150855185615,295,2.04799990872389e-09,5,519665527
76,-1.24683024659996,0.165725807003839,0.287414387241186,0.207702843113379,0.397717377167214,0.712585612758814,0.602282622832786,0.792297156886621,283,5.33483639361853e-14,3,512723373
151,-1.28375157610022,0.177083170169527,0.276996176510787,0.195767370100849,0.391928858021997,0.723003823489213,0.608071141978003,0.804232629899151,272,4.18537398661959e-13,3,422423728
251,-0.77454374669699,0.170926786113005,0.460914026579729,0.329705946995225,0.644336997357878,0.539085973420271,0.355663002642122,0.670294053004775,264,5.85841596618531e-06,3,630527032
351,-1.06256919075206,0.171563064994878,0.345566841720113,0.246886485906205,0.483689666763623,0.654433158279887,0.516310333236377,0.753113514093795,264,5.88571728268046e-10,4,762057366
376,-1.06807460959025,0.190454042193293,0.343669578925129,0.236606306524238,0.499178492803514,0.656330421074871,0.500821507196486,0.763393693475762,255,2.04626254004843e-08,3,907197716
276,-1.02876812476403,0.168548453991476,0.357447019596201,0.256887502280614,0.497370914053412,0.642552980403799,0.502629085946588,0.743112497719386,288,1.03644869976621e-09,4,269080631
301,-0.855339556706645,0.162657978249911,0.425138807837056,0.309083647178557,0.584770522733926,0.574861192162944,0.415229477266074,0.690916352821443,300,1.4522267094907e-07,4,923041957
326,-0.896909008796261,0.17612314642144,0.407828307214583,0.288775984199213,0.57596177406073,0.592171692785417,0.42403822593927,0.711224015800787,283,3.53352753983504e-07,4,101445086
676,-0.88253226063891,0.150854539563224,0.413733901984172,0.30783180738381,0.556069053116475,0.586266098015828,0.443930946883525,0.69216819261619,327,4.90922922206422e-09,3,38578773
476,-1.08466564778761,0.165763752632853,0.338014782993761,0.24425155225497,0.467771821581102,0.661985217006239,0.532228178418898,0.75574844774503,298,6.01184510859964e-11,4,201628664
426,-0.886671545819136,0.175383991014316,0.412024878882285,0.292170468252127,0.581046064763343,0.587975121117715,0.418953935236657,0.707829531747873,265,4.29036654405416e-07,4,160946070
501,-0.887163953441844,0.158284667813197,0.411822044633841,0.301979482800873,0.561618938059548,0.588177955366159,0.438381061940452,0.698020517199127,301,2.08419179024945e-08,3,99618351
601,-1.13549872250402,0.167846181168952,0.321261860855268,0.231200219558298,0.446406077975912,0.678738139144732,0.553593922024088,0.768799780441702,303,1.33203327419299e-11,4,491180676
576,-0.914053380687424,0.171977469725814,0.400895942369817,0.286183224694752,0.56158971854485,0.599104057630183,0.43841028145515,0.713816775305248,302,1.06680730746989e-07,4,829656121
551,-1.19374361160631,0.173250113153257,0.303084506927868,0.215820638470394,0.425632224011377,0.696915493072132,0.574367775988623,0.784179361529606,271,5.56785622312137e-12,4,236263201
401,-1.00858948565416,0.183168120384009,0.364733078153712,0.254719483327342,0.522261652551027,0.635266921846288,0.477738347448973,0.745280516672658,284,3.66330460286584e-08,5,761573732
201,-0.953538421830396,0.167296586352,0.385374988803094,0.277638962376285,0.534917292313257,0.614625011196906,0.465082707686743,0.722361037623715,271,1.20026573404097e-08,3,552509179
126,-1.09929624484554,0.182161686552032,0.333105425889093,0.23309094263021,0.476034047074863,0.666894574110907,0.523965952925137,0.76690905736979,268,1.59230585813289e-09,5,277222949
701,-1.36570938125914,0.178725371904963,0.255199577963952,0.179783006759437,0.36225239396582,0.744800422036048,0.63774760603418,0.820216993240563,275,2.14897368768194e-14,4,618788660
526,-1.13394196641658,0.17583144372715,0.321762376702279,0.227964522895247,0.454154119010322,0.678237623297721,0.545845880989678,0.772035477104753,264,1.12569502454744e-10,4,706281764
726,-0.776421596308335,0.183982429112721,0.460049311510586,0.320773333592187,0.659797267594688,0.539950688489414,0.340202732405312,0.679226666407813,270,2.44209593788192e-05,4,717551635
826,-1.23882306940086,0.182684745457024,0.289725003581238,0.202527704181287,0.414464668127634,0.710274996418762,0.585535331872366,0.797472295818713,273,1.19175998204456e-11,5,781799803
176,-1.06951353636001,0.170440627001437,0.343175419183165,0.245717930039151,0.479286832315316,0.656824580816835,0.520713167684684,0.754282069960849,278,3.49652726488543e-10,3,38663075
451,-1.38327832118418,0.167484790586743,0.250755148190042,0.180587026036846,0.34818749565642,0.749244851809958,0.65181250434358,0.819412973963154,295,1.46740521907725e-16,3,381640502
626,-1.11986782365459,0.178267232858934,0.326322923944148,0.230094501195523,0.462795286885065,0.673677076055852,0.537204713114935,0.769905498804477,253,3.3432849579596e-10,4,262165574
851,-1.21833296916203,0.181491334774026,0.295722735165729,0.207204417503762,0.422056330398033,0.704277264834271,0.577943669601967,0.792795582496238,257,1.90795404611176e-11,5,173804504
751,-0.773661406513526,0.166641731633286,0.461320889015645,0.332780156126642,0.639512178608377,0.538679110984355,0.360487821391623,0.667219843873358,293,3.43947052664633e-06,3,953727322
926,-1.01177145067475,0.168291689305384,0.363574354743521,0.261422579970378,0.505642287832006,0.636425645256479,0.494357712167994,0.738577420029622,296,1.83236131739833e-09,4,777770035
976,-0.884361905410903,0.165268587309498,0.412977607999059,0.29870990787806,0.570956972670109,0.587022392000941,0.429043027329891,0.70129009212194,285,8.7441169194297e-08,4,843571621
876,-0.670659693591499,0.168565207512153,0.511371118239251,0.367496520146997,0.711572508127866,0.488628881760749,0.288427491872134,0.632503479853003,306,6.93116035781353e-05,4,206011015
801,-1.30366186109804,0.169554609049547,0.271535644455119,0.194760868518521,0.378575053451486,0.728464355544881,0.621424946548514,0.805239131481479,275,1.4858726361854e-14,3,811669911
901,-1.27830969388978,0.17660349993028,0.278507666019923,0.197020756412014,0.393697199444592,0.721492333980077,0.606302800555408,0.802979243587986,268,4.54332569333442e-13,4,512735622
651,-1.17368320722083,0.172508266541904,0.309225898145388,0.22051419788249,0.433625848140523,0.690774101854612,0.566374151859477,0.77948580211751,285,1.02012103621853e-11,4,514367412
951,-1.03398052661883,0.173397906631675,0.355588709425343,0.253134533502315,0.499510392838695,0.644411290574657,0.500489607161305,0.746865466497685,283,2.47571404541601e-09,4,865141031
776,-1.21624403853335,0.179878424210426,0.296341125106789,0.20829513815427,0.421603995214313,0.703658874893211,0.578396004785687,0.79170486184573,279,1.36590900498323e-11,4,440237300
27,-0.862885146289038,0.16203548784295,0.42194295732893,0.30713469960974,0.57966703034761,0.57805704267107,0.42033296965239,0.69286530039026,283,1.007948973751e-07,3,914396807
102,-1.23219734035197,0.170710516384414,0.291651016527583,0.208715373544138,0.407542166143237,0.708348983472417,0.592457833856763,0.791284626455862,280,5.27376512421385e-13,3,298548110
52,-0.806537845872983,0.170799769874324,0.446400902640485,0.31940376888054,0.623892969631082,0.553599097359515,0.376107030368918,0.68059623111946,276,2.33393274579749e-06,4,937538306
227,-1.06668673082131,0.179221661086178,0.344146881779883,0.242208892793828,0.488987315340368,0.655853118220117,0.511012684659632,0.757791107206172,274,2.65252318956332e-09,4,97314138
152,-0.97488333753908,0.174800650580906,0.377236360318282,0.267807640060893,0.531378684767274,0.622763639681718,0.468621315232726,0.732192359939107,284,2.44540158778753e-08,4,47599543
77,-1.10751245826358,0.171273860478709,0.330379773224458,0.236170079825023,0.462170291159295,0.669620226775542,0.537829708840705,0.763829920174977,291,1.00414944663083e-10,4,342116459
2,-1.05649630050838,0.173454847109393,0.347671816392527,0.247471079628513,0.488443708635083,0.652328183607473,0.511556291364917,0.752528920371487,275,1.1227697575653e-09,3,212131866
377,-1.21733836466977,0.183590055413648,0.296017008645192,0.206559192493177,0.424217718657775,0.703982991354808,0.575782281342225,0.793440807506823,279,3.34002684035424e-11,4,606304808
277,-1.21011500470192,0.175231414806925,0.298162987312569,0.211493235029498,0.420349932189347,0.701837012687431,0.579650067810653,0.788506764970502,284,4.99174753802636e-12,4,781442391
302,-0.986979476644213,0.181305615844895,0.372700743855048,0.261235767960026,0.531725979006678,0.627299256144952,0.468274020993322,0.738764232039974,284,5.21752265953174e-08,4,237927045
252,-1.0845603330259,0.169412757539516,0.338050382814647,0.242536458318174,0.471178898684224,0.661949617185353,0.528821101315776,0.757463541681826,297,1.5347415499038e-10,4,988935831
477,-0.954111908242203,0.160893483081807,0.3851540448438,0.280984059102613,0.527943253198453,0.6148459551562,0.472056746801547,0.719015940897387,302,3.02779303741251e-09,3,623368600
127,-1.26281100130024,0.165381017102393,0.282857794291649,0.204548158252201,0.391147651854626,0.717142205708351,0.608852348145374,0.795451841747799,298,2.24479041491862e-14,4,780160163
202,-1.34035452662513,0.173277885823366,0.261752853772772,0.186379018985573,0.36760874067855,0.738247146227228,0.63239125932145,0.813620981014427,295,1.03168462270802e-14,4,697039080
577,-0.897732482975396,0.174136651178287,0.407492609372294,0.289663884348157,0.5732513981393,0.592507390627706,0.4267486018607,0.710336115651843,272,2.53180139487311e-07,5,974347487
552,-1.1018914037637,0.178763263033726,0.332242085110208,0.23404053290815,0.471648230102517,0.667757914889792,0.528351769897483,0.76595946709185,255,7.09433558675813e-10,3,433271698
327,-1.24011445365776,0.171707131094483,0.289351098752152,0.206665394248607,0.405118905627531,0.710648901247848,0.594881094372469,0.793334605751393,299,5.11286015581625e-13,4,799828756
502,-0.994298233773112,0.169380946935621,0.36998299503196,0.265463270314758,0.515654826562306,0.63001700496804,0.484345173437694,0.734536729685242,267,4.35297650121523e-09,3,726608139
352,-1.11960387012815,0.161777004048813,0.326409069399381,0.23771543508125,0.44819504694659,0.673590930600619,0.55180495305341,0.76228456491875,311,4.49539758337598e-12,3,635597658
702,-0.840891998915482,0.164031307049212,0.431325609807167,0.31273864005238,0.59487942278052,0.568674390192833,0.40512057721948,0.68726135994762,294,2.95316583129173e-07,3,206062927
827,-1.10674671855393,0.171154095834125,0.330632855021104,0.236406480109462,0.462415771212319,0.669367144978896,0.537584228787681,0.763593519890538,262,1.00381199165922e-10,3,811421161
527,-0.958110716784451,0.166631044653118,0.38361696285571,0.276733158720317,0.531782945242822,0.61638303714429,0.468217054757178,0.723266841279683,277,8.92998208958288e-09,3,356191880
677,-1.06355886742464,0.17943279754537,0.345225011456667,0.242867151141694,0.490722223960716,0.654774988543333,0.509277776039284,0.757132848858306,263,3.07884543226854e-09,4,458315578
452,-1.2636758378608,0.175982754549634,0.282613274279869,0.200168513703492,0.399015116420856,0.717386725720131,0.600984883579144,0.799831486296508,279,6.93655603982381e-13,3,381656076
852,-0.92207978296636,0.164290356894081,0.397691069270383,0.288205080990824,0.548769598487601,0.602308930729617,0.451230401512399,0.711794919009176,283,1.99423123226233e-08,3,550757417
602,-0.682824482305904,0.175649305864997,0.505188080552801,0.358047078975004,0.712797315546429,0.494811919447199,0.287202684453571,0.641952921024996,299,0.000101310950175304,5,419530520
752,-1.13240975038369,0.187515542123437,0.322255764066132,0.223145007837704,0.46538696285501,0.677744235933868,0.53461303714499,0.776854992162295,275,1.55054866539111e-09,5,496522161
427,-1.22445506477203,0.171300367281807,0.293917822867172,0.210094549225452,0.411184806638062,0.706082177132828,0.588815193361938,0.789905450774548,284,8.80511646251857e-13,4,679762429
927,-1.0701660227375,0.171306813137511,0.342951574932664,0.245141126733631,0.479788048280433,0.657048425067336,0.520211951719567,0.754858873266369,287,4.18217885880297e-10,3,616043783
877,-1.40982752005085,0.17727638540687,0.244185396606259,0.172512971065038,0.345634925580618,0.755814603393741,0.654365074419382,0.827487028934962,280,1.82476505022163e-15,4,820166572
177,-1.06567942031424,0.180460976113031,0.34449371920704,0.241864788516066,0.490670524226456,0.65550628079296,0.509329475773544,0.758135211483934,262,3.51967518067806e-09,4,28977780
777,-1.04725387789393,0.157478225833783,0.350900041581315,0.257713821452075,0.47778127881537,0.649099958418685,0.52221872118463,0.742286178547925,310,2.92793780162737e-11,3,733377259
402,-0.983073101361209,0.154767138590888,0.374159500198639,0.276260472051571,0.506751221227052,0.62584049980136,0.493248778772948,0.723739527948429,317,2.12602653925404e-10,3,300309928
627,-1.00667898935474,0.175269830690968,0.365430565411062,0.259188017310273,0.515222499567905,0.634569434588939,0.484777500432095,0.740811982689727,281,9.26871171622715e-09,4,396743306
727,-1.00832221767496,0.178607885014689,0.364830572654457,0.257075043242142,0.51775289061416,0.635169427345543,0.48224710938584,0.742924956757858,275,1.647479613553e-08,5,982159026
977,-0.932496624831344,0.183599555553865,0.393569886411678,0.274625990569461,0.564029847171086,0.606430113588322,0.435970152828914,0.725374009430539,275,3.79486729632435e-07,5,838280048
652,-1.02390556409964,0.168961642547933,0.359189360098427,0.257930709422224,0.500200215386998,0.640810639901573,0.499799784613002,0.742069290577776,292,1.36131514926236e-09,4,46750097
802,-0.977238042221969,0.163261450270312,0.376349125092505,0.273289227063187,0.518273864945088,0.623650874907495,0.481726135054912,0.726710772936813,300,2.15428915925529e-09,4,750456050
902,-0.794651215797536,0.163828319427432,0.45173876679418,0.327669820794645,0.622785195566174,0.548261233205821,0.377214804433826,0.672330179205355,293,1.23143234249111e-06,4,15045208
952,-0.982453461623144,0.167993507087669,0.374391416138083,0.269357796368866,0.520381939440609,0.625608583861917,0.479618060559391,0.730642203631134,306,4.97030509392241e-09,5,264208358
28,-0.624042302626701,0.166184967003387,0.535774292528169,0.386834296244103,0.74205957259002,0.464225707471831,0.25794042740998,0.613165703755897,286,0.000173267566187487,3,450438995
228,-0.61104502609721,0.171528301479124,0.542783349824237,0.387812106082596,0.759681712420997,0.457216650175763,0.240318287579003,0.612187893917404,261,0.000367540275326566,3,142731041
53,-0.952844823301207,0.181301742126206,0.385642377047841,0.270308951807614,0.550185415542424,0.614357622952159,0.449814584457576,0.729691048192386,285,1.47563055818438e-07,4,572484778
103,-1.06851784631598,0.175241286748671,0.343517285699702,0.243659271727674,0.484299754890419,0.656482714300298,0.515700245109581,0.756340728272326,273,1.07801267815534e-09,3,612974438
153,-0.876927718054305,0.173762134904155,0.416059201289384,0.295970573236016,0.584873209133263,0.583940798710616,0.415126790866737,0.704029426763984,282,4.49474491761632e-07,4,367023529
303,-1.2983699980396,0.176301264021111,0.272976382633453,0.193222263960972,0.385649686263361,0.727023617366547,0.614350313736639,0.806777736039028,295,1.77817049965145e-13,4,177187713
3,-0.778368810429582,0.172258605813982,0.459154368600254,0.327590975776613,0.643554767358609,0.540845631399746,0.356445232641391,0.672409024223387,280,6.2248038107455e-06,4,933133009
78,-0.925069531943161,0.176941141332622,0.396503848433432,0.280307575062105,0.560867118156508,0.603496151566568,0.439132881843492,0.719692424937895,246,1.71242294677854e-07,3,890838367
378,-0.912101100615095,0.179150809803949,0.40167936801349,0.282739235446975,0.570654138017487,0.59832063198651,0.429345861982513,0.717260764553025,270,3.55715467051423e-07,4,652748162
128,-1.20291945117904,0.162000978066201,0.30031617243545,0.218616651306668,0.412547730866866,0.69968382756455,0.587452269133134,0.781383348693332,296,1.12453286382471e-13,3,127676949
278,-0.772891251775264,0.160290929113482,0.461676314332857,0.337207874712854,0.632087905412863,0.538323685667143,0.367912094587137,0.662792125287146,309,1.42266550951373e-06,3,776274437
253,-0.974260349880287,0.172616551927553,0.377471447135698,0.269124124942516,0.529438575724685,0.622528552864302,0.470561424275315,0.730875875057484,281,1.66073995340332e-08,4,348157384
203,-0.891661563534798,0.163400657160044,0.409973988682227,0.297625002248988,0.564733036962408,0.590026011317773,0.435266963037592,0.702374997751012,294,4.84510403055415e-08,3,293220905
578,-1.12327772461778,0.170281430159869,0.32521209008455,0.232928626828539,0.454057128903332,0.674787909915449,0.545942871096668,0.767071373171461,262,4.20706400010586e-11,4,310161918
703,-1.03678266637555,0.168596082470842,0.354593694901571,0.254813107078694,0.493446706511519,0.645406305098429,0.506553293488481,0.745186892921306,287,7.77245135490339e-10,3,804067070
828,-0.772152883190458,0.162934527799897,0.462017327500922,0.335712986966788,0.635840790193236,0.537982672499078,0.364159209806764,0.664287013033212,280,2.14735467303956e-06,3,545065262
353,-0.878203533375308,0.181099841144501,0.415528725052745,0.291372518078834,0.592588904686075,0.584471274947255,0.407411095313925,0.708627481921166,288,1.23911460532003e-06,5,857601768
503,-0.986321792539047,0.169773332556734,0.372945943833491,0.267383476374785,0.520184264591189,0.627054056166509,0.479815735408811,0.732616523625215,277,6.26076540409987e-09,4,454739305
328,-1.27916148361539,0.191380668929213,0.278270537057848,0.191233381904424,0.404921416037937,0.721729462942152,0.595078583962063,0.808766618095576,232,2.32730100367602e-11,3,351767577
528,-0.673391346148871,0.17386000100988,0.509976136186929,0.362710353859217,0.717034009955766,0.490023863813071,0.282965990044234,0.637289646140783,263,0.00010742374864703,3,381229444
428,-0.803526506101272,0.180721836358682,0.44774719348495,0.314197095729723,0.638063024764886,0.55225280651505,0.361936975235114,0.685802904270277,252,8.74001572724876e-06,4,178126876
603,-1.17818478164317,0.174088295958836,0.307837023158997,0.218844997910564,0.433017129622127,0.692162976841003,0.566982870377873,0.781155002089436,287,1.30807175308296e-11,4,328400319
678,-0.874025972149798,0.163345142308036,0.41726825270439,0.302953312918151,0.57471823971113,0.58273174729561,0.42528176028887,0.697046687081849,312,8.75698572108421e-08,4,467731115
928,-1.04389304953099,0.177620355645067,0.352081340352913,0.248572046598412,0.498693525362379,0.647918659647087,0.501306474637621,0.751427953401588,289,4.17509521569963e-09,4,370126954
853,-0.926839629033846,0.187018119465644,0.395802618930119,0.27433963191524,0.571042951608039,0.604197381069881,0.428957048391961,0.72566036808476,239,7.20031105143004e-07,3,997458551
753,-0.856495831957653,0.174410377666748,0.424647514445243,0.301696452663213,0.597705110327637,0.575352485554757,0.402294889672363,0.698303547336787,279,9.07019882083876e-07,4,741781868
478,-0.866988794526476,0.173074183126534,0.420214999745723,0.299330202095513,0.589919242278641,0.579785000254277,0.410080757721359,0.700669797904487,309,5.46147713366485e-07,4,189263058
178,-1.00895041756676,0.17660278608357,0.364601458100595,0.257925236294411,0.51539828036579,0.635398541899405,0.48460171963421,0.742074763705589,299,1.10932601707908e-08,5,542016908
453,-0.894316207194501,0.175399515271882,0.408887097125707,0.289936617558296,0.576638644693686,0.591112902874293,0.423361355306314,0.710063382441704,272,3.41925082060603e-07,4,73830576
553,-1.22067157293434,0.166664113563885,0.295031964895516,0.212816021991629,0.409009902053016,0.704968035104484,0.590990097946984,0.787183978008371,286,2.4043265281318e-13,3,495466937
878,-1.00239794519007,0.171576443477954,0.366998343269399,0.26219111488743,0.513700794248162,0.633001656730601,0.486299205751838,0.73780888511257,284,5.14905852608609e-09,3,47033430
653,-1.01431260310154,0.160584172966506,0.362651629778573,0.264728157939925,0.496797188498928,0.637348370221427,0.503202811501072,0.735271842060075,300,2.67740211985363e-10,3,169781827
628,-0.820131077695999,0.168103738328126,0.440373927522924,0.316760804303523,0.612225986950523,0.559626072477076,0.387774013049477,0.683239195696477,314,1.06776494845079e-06,5,643494658
403,-0.698892083519662,0.162557298908173,0.497135783719957,0.36149808498757,0.683666104243274,0.502864216280043,0.316333895756726,0.63850191501243,302,1.71293299646751e-05,3,794718613
728,-1.05586800822901,0.168896053280217,0.347890324546827,0.249849088399636,0.484403119853338,0.652109675453173,0.515596880146661,0.750150911600364,287,4.06308250149802e-10,3,276049311
803,-1.03261914595152,0.179002943422109,0.356073130685922,0.250709979470656,0.505716105374711,0.643926869314078,0.494283894625289,0.749290020529344,282,7.98724841589451e-09,4,837778250
978,-0.947432591467165,0.172159623686713,0.387735221368107,0.276689523977762,0.543347647312655,0.612264778631893,0.456652352687345,0.723310476022238,262,3.72912814559395e-08,4,157967570
778,-1.33478110877605,0.179656354131712,0.263215784776004,0.185092219843127,0.374313676792938,0.736784215223996,0.625686323207062,0.814907780156873,253,1.08897882237278e-13,3,44727164
903,-1.32175761419912,0.16649393969092,0.266666193542606,0.192419048757054,0.369562469193402,0.733333806457394,0.630437530806597,0.807580951242946,298,2.04190868949622e-15,3,86037806
953,-1.00495558278233,0.165690467513821,0.366060893849326,0.264555840783762,0.506511508529856,0.633939106150674,0.493488491470144,0.735444159216238,276,1.31741260028392e-09,3,811572408
29,-1.06551461356842,0.152908129589658,0.344550498774558,0.25532729666137,0.464952426779671,0.655449501225442,0.535047573220329,0.74467270333863,314,3.20720644674779e-12,3,346259889
54,-1.16110832545611,0.169886194203681,0.313138928637993,0.224455199711192,0.436862183432237,0.686861071362007,0.563137816567763,0.775544800288808,279,8.22201706563409e-12,4,979515480
104,-1.17060198295184,0.180123139084648,0.310180161882671,0.217917909651857,0.441504477439542,0.689819838117329,0.558495522560458,0.782082090348143,289,8.09102714067582e-11,4,884144346
229,-0.892417038273069,0.166903667832235,0.409664380655677,0.295365349477554,0.568194289123114,0.590335619344323,0.431805710876886,0.704634650522446,293,8.94739589237692e-08,4,389142628
154,-1.21348092321109,0.17206474685835,0.297161082106379,0.212094864558904,0.41634534104483,0.702838917893621,0.58365465895517,0.787905135441096,325,1.75773298684286e-12,5,959351036
4,-0.951621024437684,0.163102333140764,0.386114614653582,0.280467977376227,0.531556212027368,0.613885385346418,0.468443787972632,0.719532022623773,299,5.39511921572753e-09,4,255748265
79,-1.02076545648982,0.17305914518509,0.360319026049528,0.256672288897266,0.505819311820004,0.639680973950473,0.494180688179996,0.743327711102734,248,3.67128205009682e-09,4,844101925
204,-1.05678661483171,0.189146141703699,0.347570896934301,0.239906445899919,0.503552657547647,0.652429103065699,0.496447342452353,0.760093554100081,245,2.30835126417189e-08,5,561545551
929,-1.24494984199607,0.185194444605424,0.287955351034183,0.200302954997775,0.413964358090175,0.712044648965817,0.586035641909825,0.799697045002225,261,1.78763980550478e-11,4,698363074
579,-1.09353768846527,0.169737421923679,0.335029165931308,0.240215961116947,0.467265128856208,0.664970834068692,0.532734871143792,0.759784038883053,262,1.17501525599222e-10,3,383193189
704,-1.17693528251424,0.186470432160464,0.308221905656384,0.213864933790699,0.444209068979145,0.691778094343616,0.555790931020855,0.786135066209301,267,2.76083886390585e-10,5,373270600
354,-0.869581084685471,0.160815077787041,0.41912709123371,0.305815639063292,0.574422940383616,0.58087290876629,0.425577059616384,0.694184360936708,316,6.39692366834188e-08,4,884286536
304,-0.967326908264836,0.167932700731334,0.380097717400723,0.273495816465313,0.528250401196039,0.619902282599277,0.471749598803961,0.726504183534687,269,8.40114660248303e-09,3,311734175
504,-1.17202205556769,0.167955945604172,0.309739996136432,0.222860411716845,0.430488593588761,0.690260003863568,0.569511406411239,0.777139588283155,271,2.99088768245125e-12,3,553311634
279,-0.531940411007362,0.171886327139315,0.587463941506032,0.419441413130374,0.822794010715704,0.412536058493968,0.177205989284296,0.580558586869626,271,0.00196997396702705,4,775771330
679,-0.925684781093992,0.159651882537052,0.396259974806595,0.289790589814978,0.541846330255157,0.603740025193405,0.458153669744843,0.710209410185022,283,6.7052423627098e-09,3,883063674
329,-1.08618778793454,0.180538306430203,0.337500668498729,0.236919142636825,0.480783021453432,0.662499331501271,0.519216978546568,0.763080857363175,261,1.78356140042373e-09,4,693069725
429,-0.897444270115387,0.160006288175507,0.407610070908823,0.297884088699264,0.557753757952586,0.592389929091177,0.442246242047414,0.702115911300736,299,2.03726932590367e-08,3,687797177
529,-0.603768870909289,0.171778526758077,0.546747128758646,0.390452640310301,0.765604818469804,0.453252871241354,0.234395181530196,0.609547359689699,271,0.000440068839229294,4,166822258
604,-1.12106095484443,0.158744168713862,0.325933810063745,0.238784499800291,0.444890052040723,0.674066189936255,0.555109947959277,0.761215500199709,308,1.64051293019583e-12,3,695393950
129,-0.929174013498298,0.166727090432103,0.394879741040494,0.284804270167126,0.547498848218485,0.605120258959506,0.452501151781515,0.715195729832874,280,2.50355607683666e-08,3,518979545
479,-0.85662353154473,0.161508021572904,0.42459329059525,0.309383572472225,0.582705348502909,0.57540670940475,0.417294651497091,0.690616427527776,285,1.13350054950612e-07,3,912600795
754,-1.20020883605405,0.19101120198086,0.301131318268941,0.207093703841581,0.437869762142827,0.698868681731059,0.562130237857173,0.792906296158419,268,3.31146334470944e-10,4,93234081
379,-1.01290221247814,0.167770025990284,0.363163471100029,0.261394264081064,0.504554708593454,0.636836528899971,0.495445291406546,0.738605735918936,270,1.56574034968706e-09,3,909463619
179,-1.03490825276985,0.161338092142184,0.355258973456593,0.258948752746843,0.487389635526912,0.644741026543407,0.512610364473088,0.741051247253157,293,1.41256705624105e-10,3,335835389
879,-0.841696131650785,0.159065106694692,0.430978906181296,0.315543726607284,0.588643670943255,0.569021093818704,0.411356329056745,0.684456273392716,293,1.21304179214627e-07,3,586523958
829,-1.0957593697981,0.172147357434687,0.33428566410529,0.238553424795378,0.468435552003359,0.66571433589471,0.531564447996641,0.761446575204622,293,1.94983688377833e-10,5,482158000
254,-0.850506900970405,0.164060753110149,0.427198329807512,0.309728222283392,0.589221129559666,0.572801670192488,0.410778870440334,0.690271777716608,274,2.17063642727851e-07,3,243060096
654,-0.892901105907133,0.174312617821975,0.409466123377009,0.290966377742684,0.576226392527278,0.590533876622991,0.423773607472722,0.709033622257316,283,3.0165133072885e-07,4,63471679
854,-0.807997090651739,0.167278035171104,0.445749969504973,0.321147096909166,0.618697902693116,0.554250030495028,0.381302097306884,0.678852903090834,304,1.36352061912455e-06,4,87212568
779,-1.09877427183002,0.16428926352444,0.333279343318885,0.241526685897248,0.459887570064708,0.666720656681115,0.540112429935292,0.758473314102752,286,2.26168923188221e-11,3,904742072
454,-1.07272528389323,0.176235934002444,0.342074994466265,0.242163692229288,0.483207456749139,0.657925005533735,0.516792543250861,0.757836307770712,262,1.15139121666065e-09,3,981478202
729,-1.03970860904536,0.160398364639362,0.353557690463121,0.258183778746502,0.484163029499813,0.646442309536879,0.515836970500187,0.741816221253498,317,9.049066425825e-11,3,44473055
404,-0.971224229408085,0.169657636083171,0.378619237457168,0.271512503887793,0.527977625044812,0.621380762542832,0.472022374955188,0.728487496112207,293,1.03670073069065e-08,4,804030903
554,-0.998051139781249,0.184903954860212,0.36859708584708,0.256543706825613,0.529593235305178,0.63140291415292,0.470406764694822,0.743456293174388,267,6.75106542750599e-08,4,204731618
629,-1.07615157647957,0.170834952987722,0.340904951048938,0.243903668801677,0.476483958690167,0.659095048951062,0.523516041309833,0.756096331198323,276,2.98869129297804e-10,3,858173365
804,-0.605476180429491,0.168705489882861,0.54581445858546,0.39214137072807,0.759709241205072,0.45418554141454,0.240290758794928,0.60785862927193,273,0.000332007881657453,3,390480886
979,-1.37576216299403,0.195871455380728,0.25264696423905,0.172102824980139,0.370885768705853,0.74735303576095,0.629114231294147,0.827897175019861,268,2.15911965953438e-12,4,569615265
904,-0.990985638874247,0.156206688866622,0.371210631021729,0.273310949396519,0.504177870984723,0.628789368978271,0.495822129015277,0.726689050603481,315,2.23777999350974e-10,3,74595090
30,-0.794487388448413,0.176507086731988,0.451812780021369,0.319679955904223,0.638559860949798,0.548187219978631,0.361440139050202,0.680320044095777,266,6.75822548173802e-06,3,960743156
954,-0.624648492689006,0.160988560801993,0.535449609896035,0.390557421747619,0.734095087618353,0.464550390103965,0.265904912381647,0.609442578252381,303,0.000104422119812076,4,662388203
55,-1.19669491832718,0.176552021767602,0.302191330253055,0.21379652748898,0.427133224064257,0.697808669746945,0.572866775935743,0.78620347251102,291,1.21730011038177e-11,4,323912369
105,-0.788188903323095,0.174278507409485,0.454667496854087,0.323108046914299,0.639793823365818,0.545332503145913,0.360206176634182,0.676891953085701,269,6.10897039719134e-06,3,93855667
230,-0.806897324448775,0.185035996406067,0.44624045991936,0.310503156049961,0.641315697406313,0.55375954008064,0.358684302593687,0.689496843950039,260,1.29612260976055e-05,4,310895177
155,-1.06197101529012,0.172687188931418,0.345773613161928,0.246490534412209,0.485046583408001,0.654226386838072,0.514953416591999,0.753509465587791,266,7.76392501684099e-10,3,313312282
80,-0.952262745470119,0.165585312527006,0.385866916269561,0.278927330738008,0.533806696810336,0.61413308373044,0.466193303189664,0.721072669261992,286,8.87754109133858e-09,3,715028294
580,-1.18219900156457,0.174211982390611,0.306603774569658,0.217915433162808,0.431386952341867,0.693396225430342,0.568613047658133,0.782084566837192,265,1.15301246716079e-11,3,863651696
355,-1.14869631332603,0.176573377149044,0.317049833710509,0.224299341521036,0.448153776886742,0.682950166289491,0.551846223113258,0.775700658478964,295,7.74406115268948e-11,5,799135873
705,-1.19389337505277,0.17157782496821,0.303039119346328,0.216496752308599,0.424175914303314,0.696960880653672,0.575824085696686,0.783503247691401,313,3.44354855061499e-12,3,598812953
5,-0.974821465630292,0.171560453962011,0.37725970137403,0.269530485425865,0.528047437958438,0.62274029862597,0.471952562041562,0.730469514574135,261,1.33060756239498e-08,3,135057279
305,-0.869620382194814,0.163393128180031,0.419110620906551,0.304262327962453,0.577310092028056,0.58088937909345,0.422689907971944,0.695737672037547,289,1.02487080903003e-07,3,411587091
505,-1.07301857477395,0.166824386864218,0.341974681700994,0.246599833170496,0.474236666833594,0.658025318299006,0.525763333166406,0.753400166829504,311,1.25915282785823e-10,5,809491068
430,-0.937979002708473,0.169854419020464,0.391418091439496,0.280582481204589,0.546035952239032,0.608581908560504,0.453964047760968,0.719417518795411,286,3.34680910476338e-08,4,214819125
330,-1.06924498623699,0.16409351669639,0.343267591360077,0.248860602385327,0.473488523891383,0.656732408639923,0.526511476108617,0.751139397614673,312,7.21728798417507e-11,3,890261582
680,-0.818552035535737,0.156183206573042,0.441069845818329,0.324761083264447,0.599033008926724,0.558930154181671,0.400966991073276,0.675238916735553,318,1.59731718143202e-07,4,553520670
205,-1.16556658915364,0.170472359245009,0.311745980093327,0.223200172944702,0.435418820792882,0.688254019906673,0.564581179207118,0.776799827055298,281,8.07130884764222e-12,3,97882959
930,-0.790035316926055,0.173121439984912,0.453828767162314,0.323244232328205,0.637166975635143,0.546171232837686,0.362833024364857,0.676755767671795,281,5.03138678748619e-06,4,380878719
530,-1.19603019772881,0.168772793147749,0.302392269831863,0.217225608749638,0.420949838190836,0.697607730168137,0.579050161809164,0.782774391250362,276,1.37417962205331e-12,3,212613282
480,-1.0414039119285,0.178282014272891,0.352958810875706,0.248868598420819,0.500585139970679,0.647041189124294,0.499414860029321,0.751131401579181,255,5.17859969650229e-09,4,650169594
180,-1.09070636372508,0.172703431174052,0.335979086429622,0.239500716896053,0.471321956698257,0.664020913570378,0.528678043301743,0.760499283103947,267,2.69311126068968e-10,3,222935057
605,-0.970380223303691,0.178170052638259,0.378938929296777,0.267245622341536,0.537313617631783,0.621061070703223,0.462686382368217,0.732754377658464,266,5.14078298498166e-08,3,752492439
755,-0.885487294462755,0.177360484315513,0.412513108940458,0.291385701125333,0.583992503374519,0.587486891059542,0.416007496625481,0.708614298874667,282,5.95764785118234e-07,4,382875520
380,-0.941486046854676,0.175607988879349,0.390047775197474,0.276464908173473,0.550295037231407,0.609952224802526,0.449704962768593,0.723535091826527,268,8.2627938772181e-08,4,749396535
255,-0.877875341387871,0.181914987991895,0.415665120631601,0.291002865115896,0.593731241927369,0.584334879368399,0.406268758072631,0.708997134884104,279,1.39480889390027e-06,4,551513250
880,-0.631496202800732,0.159999702964044,0.531795531501462,0.38864464644474,0.727673698613865,0.468204468498538,0.272326301386135,0.61135535355526,306,7.91832907578972e-05,3,252849072
455,-0.886305258240169,0.168208873544348,0.412175826121007,0.296416834010089,0.573141914176008,0.587824173878993,0.426858085823992,0.703583165989911,274,1.37112547759314e-07,3,728821931
280,-0.915973214365147,0.169547906955843,0.400127027169211,0.286997720531576,0.557849858788881,0.599872972830789,0.442150141211119,0.713002279468424,280,6.57386776082716e-08,4,349824114
655,-0.817969223367746,0.171924778738779,0.441326981615063,0.31507782797239,0.618163156559938,0.558673018384937,0.381836843440062,0.68492217202761,289,1.95795966355063e-06,5,226640611
130,-1.1986530827111,0.172715529608747,0.301600168937437,0.214988809657214,0.423104170157159,0.698399831062563,0.576895829842841,0.785011190342786,296,3.91982532227008e-12,4,99271880
730,-1.08122700932763,0.176986184828943,0.33917909430217,0.23976079087849,0.479821815694393,0.66082090569783,0.520178184305607,0.76023920912151,254,1.00192027639057e-09,3,888115188
830,-1.12906411174391,0.169050965512677,0.323335720967694,0.23214388265317,0.450349960803808,0.676664279032306,0.549650039196192,0.76785611734683,272,2.40843245486057e-11,3,625380448
780,-1.01540293247538,0.160116287567382,0.36225643553925,0.264682286948986,0.495800934026597,0.63774356446075,0.504199065973403,0.735317713051014,281,2.27303662523915e-10,3,137499971
405,-0.656480752226841,0.158928154431883,0.518673466786566,0.379851758705832,0.708229352589976,0.481326533213434,0.291770647410024,0.620148241294168,295,3.61697671173365e-05,4,506712835
555,-1.13152480852569,0.166647428440345,0.322541067900768,0.232666829185062,0.447131810094943,0.677458932099232,0.552868189905057,0.767333170814938,289,1.1218593687519e-11,4,987435901
855,-0.925809627700781,0.19066704036053,0.396210506181393,0.272665322750849,0.575734250416438,0.603789493818607,0.424265749583562,0.727334677249151,262,1.20001333081833e-06,4,837803819
630,-0.975807746311752,0.179082102347698,0.37688780084797,0.265324355830232,0.535361384308444,0.62311219915203,0.464638615691556,0.734675644169768,286,5.06707184478454e-08,5,125141501
805,-0.828850313012733,0.161534445529242,0.436550894802947,0.318080110374172,0.599146810937251,0.563449105197053,0.400853189062749,0.681919889625828,312,2.88045103565795e-07,4,252312706
980,-1.00453704955097,0.16306694963519,0.366214134564032,0.266031010038075,0.504124659509764,0.633785865435968,0.495875340490236,0.733968989961925,283,7.26192985305195e-10,3,419585890
905,-0.874653061713798,0.179832036102518,0.417006670164143,0.293136362929563,0.593220715517887,0.582993329835857,0.406779284482113,0.706863637070437,238,1.15198582481263e-06,3,459245621
31,-0.829732329363658,0.172732584638705,0.436166019533811,0.31090061797822,0.611902278718841,0.563833980466189,0.388097721281159,0.689099382021779,308,1.55864665812343e-06,4,904846504
56,-0.909551120784952,0.17027562119777,0.402704949350242,0.288435091126354,0.5622453065537,0.597295050649758,0.4377546934463,0.711564908873646,268,9.21092847783319e-08,3,247846670
955,-1.06496296848584,0.176881064664692,0.344740620798025,0.243742366924575,0.487588994591917,0.655259379201975,0.512411005408083,0.756257633075425,266,1.73572537926971e-09,4,531688971
106,-1.26654408652642,0.177092083162899,0.281803830530935,0.199161705959144,0.398738294188939,0.718196169469065,0.601261705811061,0.800838294040856,255,8.55876676419528e-13,4,282654374
231,-1.26457492603079,0.171447920861699,0.282359294220624,0.201774069340727,0.39512892460992,0.717640705779376,0.60487107539008,0.798225930659273,295,1.63294222928798e-13,5,112162394
156,-0.97263853599746,0.172417333743812,0.378084132265364,0.269666221756405,0.530090903264779,0.621915867734636,0.469909096735221,0.730333778243595,280,1.68881169540815e-08,5,49747422
581,-1.0075162990128,0.162017329092329,0.365124714932941,0.265785834246963,0.501592034927591,0.634875285067059,0.498407965072409,0.734214165753037,300,5.01702235242666e-10,3,255624960
81,-0.858108157164368,0.170143508684851,0.423963396212472,0.303739969714104,0.591772500330459,0.576036603787528,0.408227499669541,0.696260030285896,288,4.57242091824901e-07,4,87559076
706,-1.07965255617096,0.176302698297871,0.339713536514582,0.240460487707084,0.479934512283885,0.660286463485418,0.520065487716115,0.759539512292916,267,9.1336736579054e-10,4,317860359
6,-0.954535764359968,0.167236614987706,0.384990829537957,0.277394802812426,0.534321253771106,0.615009170462043,0.465678746228894,0.722605197187574,275,1.14515692102519e-08,3,717356670
681,-0.997731293383861,0.172243485890916,0.368714999153143,0.26307336737571,0.516778843699308,0.631285000846856,0.483221156300692,0.73692663262429,276,6.93201896691959e-09,4,321849917
306,-1.249964645619,0.169948603619259,0.286514926238995,0.205346231994306,0.399767758874744,0.713485073761005,0.600232241125256,0.794653768005694,274,1.90988809501247e-13,4,137997873
431,-1.22913710085078,0.16076891181081,0.292544905548557,0.21347439615582,0.400902980889313,0.707455094451443,0.599097019110687,0.78652560384418,320,2.08352548322101e-14,3,480264999
506,-1.14289601901147,0.168522839830175,0.318894159704419,0.22919211072581,0.443704125641772,0.681105840295581,0.556295874358228,0.77080788927419,292,1.18649565030317e-11,3,431508360
206,-0.845519280248537,0.178801224099775,0.429334355464479,0.302412518046908,0.609524995765908,0.570665644535521,0.390475004234092,0.697587481953092,257,2.25825520786584e-06,4,893156577
331,-1.08548648003514,0.169506900263919,0.33773744339995,0.242267231498682,0.47082958751256,0.66226255660005,0.52917041248744,0.757732768501318,259,1.51567210844531e-10,3,397995584
356,-0.96953582450899,0.168360996672761,0.379259040003468,0.272663371962159,0.527527472389341,0.620740959996532,0.472472527610659,0.727336628037841,287,8.47780536671569e-09,3,707124385
931,-1.03948903116196,0.172555190239866,0.353635332436372,0.252160121776936,0.495946573415804,0.646364667563628,0.504053426584196,0.747839878223064,267,1.70057412526119e-09,4,598534103
606,-1.08683962856151,0.17031709492686,0.337280743537171,0.241555745917727,0.470940153084716,0.662719256462829,0.529059846915284,0.758444254082273,274,1.75623591992348e-10,3,810263166
481,-0.914992016135582,0.164332378942093,0.400519823774024,0.2902311628198,0.55271848714459,0.599480176225976,0.44728151285541,0.7097688371802,291,2.57775835022444e-08,3,263018028
531,-0.966282653738989,0.166923225115339,0.380494843476647,0.274323787748694,0.527757097189641,0.619505156523353,0.472242902810359,0.725676212251306,273,7.08973950197548e-09,4,470981386
381,-0.978053834231641,0.164628705624535,0.376042227682655,0.272335594992917,0.519240817581013,0.623957772317345,0.480759182418987,0.727664405007083,315,2.83344322483617e-09,4,876145097
756,-1.12746133634601,0.174448646742105,0.32385437103528,0.230069371317322,0.455869692858851,0.67614562896472,0.544130307141149,0.769930628682678,285,1.02648333280887e-10,4,634921508
881,-1.22695756175203,0.1793630942237,0.293183213964733,0.206283721987605,0.416690159177249,0.706816786035267,0.583309840822751,0.793716278012395,271,7.88425951690757e-12,4,942946426
256,-0.808255424399683,0.172873518791178,0.445634832117281,0.317562288667653,0.625358900231487,0.554365167882719,0.374641099768513,0.682437711332347,276,2.93359920138182e-06,4,149791308
456,-0.935232834218496,0.173829265689968,0.392494468748887,0.279170678186809,0.55181980070051,0.607505531251113,0.44818019929949,0.720829321813191,265,7.44111716481711e-08,4,248581737
656,-1.11228789381667,0.162675913933533,0.32880582703979,0.239039414534185,0.452282198339549,0.67119417296021,0.547717801660451,0.760960585465815,312,8.06170569260127e-12,4,180460457
181,-1.00303009126591,0.16756199799866,0.366766420019273,0.264095216441801,0.509352682211104,0.633233579980727,0.490647317788896,0.735904783558199,291,2.15033048548683e-09,4,425847619
731,-0.999902796869255,0.167103745501366,0.367915201942862,0.265160461876048,0.510489365054483,0.632084798057138,0.489510634945517,0.734839538123952,288,2.18091915807193e-09,3,882569516
131,-0.910019634942653,0.169457942664257,0.402516320571173,0.288762392748135,0.561082025897576,0.597483679428827,0.438917974102424,0.711237607251865,288,7.86581419930748e-08,4,349556165
831,-1.00178652933904,0.166006442820025,0.367222800485134,0.265231253593571,0.508433992484109,0.632777199514866,0.491566007515891,0.734768746406429,299,1.59332853811793e-09,3,776126447
781,-1.1893480184275,0.181324763763895,0.304419675398076,0.213367760940121,0.434326809079076,0.695580324601924,0.565673190920924,0.786632239059879,264,5.40919507420582e-11,3,349962819
556,-0.938641176874395,0.179331456752569,0.391158990285783,0.27523654885425,0.555904934567455,0.608841009714217,0.444095065432545,0.72476345114575,255,1.65778675993957e-07,4,884688159
856,-1.01058947294584,0.176821896015491,0.364004345603379,0.257392268593814,0.514775227484547,0.635995654396621,0.485224772515453,0.742607731406186,268,1.09513235623411e-08,4,846904524
281,-1.06427775225478,0.175280768317512,0.344976923616921,0.244675669023265,0.486395228030947,0.655023076383079,0.513604771969053,0.755324330976735,284,1.26448524621195e-09,4,801060826
406,-1.29914442504765,0.164428824369424,0.272765064186099,0.19761808020678,0.376487718950597,0.727234935813901,0.623512281049403,0.80238191979322,293,2.76778852105744e-15,3,656417806
806,-1.1355063934625,0.1722137206798,0.321259396478323,0.229227783131058,0.450240360988916,0.678740603521677,0.549759639011084,0.770772216868942,289,4.29320882760518e-11,3,228551879
981,-0.894341942799834,0.167380664789384,0.408876574304156,0.294521869909358,0.567632050774882,0.591123425695844,0.432367949225118,0.705478130090642,285,9.13392583788898e-08,3,498903018
631,-1.18036299006209,0.182100019417868,0.307167219714075,0.214966630536955,0.438913242633046,0.692832780285925,0.561086757366954,0.785033369463045,236,9.05454100528139e-11,3,508212118
32,-0.909318712261317,0.163766257877924,0.402798552289621,0.292206457714907,0.555246708082377,0.597201447710379,0.444753291917623,0.707793542285093,287,2.81548118040253e-08,3,320905189
57,-1.28541036574603,0.169968650224091,0.27653707899963,0.198187287542605,0.385861056023626,0.72346292100037,0.614138943976374,0.801812712457395,303,3.94993712907809e-14,3,254143244
906,-1.10431219358177,0.158516961996937,0.331438769574776,0.242925679030293,0.452202741248869,0.668561230425224,0.547797258751131,0.757074320969707,298,3.24867885146867e-12,3,990808426
956,-1.43337382548809,0.169149685925963,0.238502896162593,0.171203714630943,0.332256993375209,0.761497103837407,0.667743006624791,0.828796285369057,277,2.37114812218163e-17,3,465425245
107,-1.11207976667163,0.172036038092055,0.328874267579764,0.234742947163976,0.46075200632364,0.671125732420236,0.53924799367636,0.765257052836024,268,1.01818854688312e-10,3,725913765
432,-1.18238608087851,0.181387177023967,0.306546420710886,0.214832115267905,0.437414619939248,0.693453579289114,0.562585380060752,0.785167884732095,287,7.09780197505048e-11,5,570876529
582,-0.957905018805843,0.164060475802605,0.383695880205821,0.278188136922307,0.529219290641556,0.616304119794179,0.470780709358444,0.721811863077693,314,5.25998527268342e-09,5,391991429
707,-1.0042972984427,0.160664075818356,0.3663019453346,0.267350940253238,0.501876354086574,0.6336980546654,0.498123645913426,0.732649059746762,276,4.08057901813558e-10,3,331261358
82,-0.996874431064773,0.159083246767592,0.369031072538749,0.27017865185046,0.504051417705923,0.630968927461251,0.495948582294077,0.72982134814954,299,3.69562439507724e-10,4,357521470
7,-0.863886319079109,0.174375648262082,0.421520730917156,0.299495373351655,0.593263677513672,0.578479269082844,0.406736322486328,0.700504626648345,284,7.26402929375386e-07,4,180857244
232,-0.991198352917462,0.177308515169356,0.371131677705057,0.26218192215633,0.525355528189475,0.628868322294943,0.474644471810525,0.73781807784367,273,2.26747148333631e-08,3,694820802
332,-0.665682710756999,0.163791209925888,0.513922547459854,0.372802092522849,0.708462720797198,0.486077452540146,0.291537279202802,0.627197907477151,291,4.81943632693875e-05,4,863440314
307,-0.924773250022176,0.15711673027876,0.396621342760186,0.291499676567623,0.539652363890017,0.603378657239814,0.460347636109983,0.708500323432377,298,3.95895362334109e-09,3,672261319
207,-0.770060900020934,0.177095024358197,0.462984871664272,0.327207494487081,0.655104161736876,0.537015128335728,0.344895838263124,0.672792505512919,291,1.37201775906765e-05,5,678937000
357,-1.24507203574269,0.16673452894951,0.287920166840667,0.207657392771108,0.399205736753771,0.712079833159333,0.600794263246229,0.792342607228892,302,8.18000065126741e-14,3,441426817
157,-0.664285158915801,0.175259251565137,0.514641282980382,0.365025896011028,0.725580439749654,0.485358717019618,0.274419560250346,0.634974103988972,273,0.000150465383409247,4,410139018
507,-0.929800079354371,0.180547576190066,0.394632597689453,0.277019652908641,0.562179923063025,0.605367402310547,0.437820076936975,0.722980347091359,264,2.60639873537155e-07,4,876165477
482,-1.16695011390252,0.165634673355105,0.311314970039791,0.225015023415869,0.4307135101453,0.688685029960209,0.5692864898547,0.774984976584131,292,1.85029052464462e-12,3,432854761
682,-1.01985182346358,0.174324874366827,0.360648375841221,0.25627035979376,0.507539190648445,0.639351624158779,0.492460809351555,0.74372964020624,265,4.90703903797364e-09,4,335116551
607,-0.902413330598004,0.184196706478041,0.405589655752974,0.282682126268618,0.581936222941443,0.594410344247026,0.418063777058557,0.717317873731382,266,9.62360930632416e-07,5,808489618
757,-0.908869815786237,0.176787137448335,0.402979407729559,0.284971461699524,0.569854967531078,0.597020592270441,0.430145032468922,0.715028538300476,254,2.73221291599075e-07,3,630197101
257,-1.0489451847052,0.169111924380772,0.35030706354616,0.251478327567874,0.487974609808923,0.64969293645384,0.512025390191077,0.748521672432126,275,5.55137404927162e-10,4,142310931
457,-0.872222146382571,0.179812828351811,0.418021611189916,0.293860882058533,0.594642152428464,0.581978388810084,0.405357847571536,0.706139117941467,259,1.23012503404753e-06,4,760887036
382,-1.22522872298637,0.168370528043788,0.29369051886831,0.211141048188215,0.408514221243464,0.70630948113169,0.591485778756536,0.788858951811785,270,3.41379482643692e-13,3,15581559
532,-1.03788656831547,0.176535833564516,0.354202474208255,0.250601702190617,0.500632643906865,0.645797525791745,0.499367356093135,0.749398297809383,271,4.12294996183401e-09,3,275966337
657,-1.13470767719441,0.170193143171388,0.321516094085198,0.230321272395349,0.448819154569283,0.678483905914802,0.551180845430717,0.769678727604651,289,2.60771916227953e-11,4,215904326
932,-1.01969488900537,0.170456007209841,0.360704978440022,0.258261530318605,0.503784211728742,0.639295021559978,0.496215788271258,0.741738469681395,278,2.20199547038748e-09,4,832007089
182,-0.771772284443599,0.173352821989991,0.462193204183895,0.329052629751009,0.64920483436167,0.537806795816105,0.35079516563833,0.670947370248991,255,8.50615458336963e-06,3,604629830
882,-1.1803419671428,0.177113505673341,0.307173677333624,0.217082446581095,0.434653605267034,0.692826322666376,0.565346394732966,0.782917553418905,292,2.65884471102356e-11,4,934907395
132,-1.09936871278796,0.163289119203333,0.333081287298918,0.241856789845268,0.458714200331867,0.666918712701082,0.541285799668133,0.758143210154732,300,1.66598913810071e-11,3,846711349
282,-0.964791473423352,0.17442124769542,0.381062653145525,0.270725242684166,0.536369435604165,0.618937346854475,0.463630564395835,0.729274757315834,290,3.17707970766326e-08,4,83926202
857,-0.909452477904337,0.172120861415371,0.402744675285792,0.287422170336608,0.56433807204607,0.597255324714208,0.43566192795393,0.712577829663392,282,1.26530300913692e-07,4,329677284
732,-0.790977334866338,0.161006821194364,0.453401453621941,0.330699587723783,0.621630282521532,0.546598546378059,0.378369717478468,0.669300412276217,300,8.98331657672095e-07,4,448840060
832,-1.00657950558507,0.168029586423203,0.365466921629659,0.262918430970439,0.508013342056178,0.634533078370341,0.491986657943822,0.737081569029561,281,2.09210134824983e-09,3,414236677
407,-0.851846208306869,0.167234060442133,0.426626562921535,0.307395851393191,0.592103710461053,0.573373437078465,0.407896289538947,0.692604148606809,291,3.51074949152769e-07,5,573989912
557,-1.08712449591648,0.180591095425027,0.337184676947644,0.236672833981378,0.480382579004537,0.662815323052356,0.519617420995463,0.763327166018622,251,1.74619450652583e-09,3,753553399
782,-1.0884412623889,0.168864565187839,0.336740975659625,0.241856735928545,0.46884981000363,0.663259024340375,0.53115018999637,0.758143264071455,304,1.15108815647541e-10,4,170397134
982,-0.788139931316526,0.175881915319379,0.454689763378943,0.322110008372783,0.641839047367733,0.545310236621057,0.358160952632267,0.677889991627217,267,7.42682469670076e-06,5,705087103
33,-0.942729554802892,0.162336845216266,0.389563049131651,0.283397740442367,0.535499573891668,0.610436950868349,0.464500426108332,0.716602259557633,273,6.35098203304767e-09,3,263240113
58,-1.2540264445056,0.176585698393166,0.285353520525579,0.201870666085849,0.403360395322191,0.714646479474421,0.596639604677809,0.798129333914151,280,1.23394295896329e-12,5,80544713
807,-1.07647699428885,0.167543815911079,0.340794032555,0.245402185885291,0.473266251505136,0.659205967445,0.526733748494864,0.754597814114709,302,1.31828249151203e-10,3,627411038
907,-1.05457313043575,0.183353700389175,0.348341091783828,0.243183304712974,0.498971409112016,0.651658908216172,0.501028590887984,0.756816695287026,270,8.84142116494757e-09,4,932747547
632,-1.14912901449774,0.1771051885213,0.316912675552362,0.223968736632041,0.448427068152639,0.683087324447638,0.551572931847361,0.776031263367959,254,8.67536517730513e-11,3,379402900
108,-1.1672246491296,0.192167755588345,0.311229514844565,0.21355379110608,0.453580385572587,0.688770485155435,0.546419614427413,0.78644620889392,243,1.24772024970855e-09,3,106239691
957,-1.11337851854453,0.176687192849234,0.328447418754152,0.232310822214091,0.46436797846141,0.671552581245848,0.53563202153859,0.76768917778591,286,2.94949227161056e-10,4,382117743
583,-0.973702108454347,0.167623523867802,0.377682226161917,0.271922500423943,0.524575435045762,0.622317773838083,0.475424564954238,0.728077499576057,285,6.28984798404855e-09,3,699636442
8,-0.741402990189188,0.170445943772238,0.476444998730005,0.341137075581594,0.665421184219948,0.523555001269995,0.334578815780052,0.658862924418406,265,1.36271872149341e-05,3,264426949
83,-1.01627511721071,0.168535862291377,0.361940618751208,0.260123349996753,0.50361111950789,0.638059381248792,0.49638888049211,0.739876650003247,285,1.6393639878374e-09,3,839968292
708,-1.09618663917974,0.184599306619233,0.3341428645854,0.23270246126914,0.479803493888286,0.6658571354146,0.520196506111714,0.76729753873086,255,2.88177545094783e-09,4,939520712
433,-0.733622096953573,0.179764564679185,0.480166626415301,0.337579524113829,0.682979780033424,0.519833373584699,0.317020219966576,0.662420475886171,266,4.48392333338615e-05,4,540152404
208,-0.843694546765953,0.182242722046768,0.430118491440128,0.300928158613902,0.614771038811603,0.569881508559872,0.385228961188397,0.699071841386098,283,3.66531612472824e-06,4,373756060
308,-1.16290478194325,0.180945577340808,0.312576893165553,0.219248037948599,0.445633698961244,0.687423106834447,0.554366301038756,0.780751962051401,262,1.3030035961632e-10,5,779790994
358,-1.11970596559746,0.177078296847443,0.326375746213356,0.230668641682436,0.461792842492104,0.673624253786644,0.538207157507896,0.769331358317564,274,2.56159395867587e-10,4,807118315
158,-0.978554955354213,0.177699331615116,0.375853832187807,0.265314531526759,0.532447666388045,0.624146167812193,0.467552333611955,0.734685468473241,282,3.65411776291909e-08,4,909160996
683,-1.23214169148061,0.183566736894912,0.291667247029085,0.203533252488952,0.417965034947511,0.708332752970915,0.582034965052489,0.796466747511048,255,1.91675593528638e-11,4,279679872
508,-1.06433500507225,0.169054263794286,0.344957173281468,0.247665737767457,0.48046795843061,0.655042826718532,0.51953204156939,0.752334262232543,278,3.05781490673523e-10,4,193609484
458,-0.892609906482779,0.181347254583423,0.409585377038885,0.287065750350908,0.584396365219523,0.590414622961115,0.415603634780477,0.712934249649092,240,8.56190301815249e-07,3,48936042
383,-0.879177950188048,0.179538296002597,0.415124024082613,0.291981000912506,0.590202632472588,0.584875975917387,0.409797367527412,0.708018999087494,255,9.73689903485496e-07,3,944122431
533,-0.740555717245739,0.172408795509653,0.476848848747907,0.340115250394076,0.668552275408833,0.523151151252093,0.331447724591167,0.659884749605924,270,1.7441977417832e-05,4,656471821
333,-1.08394529302771,0.180267843696951,0.33825836127246,0.237576934258075,0.481607018492961,0.661741638727541,0.518392981507039,0.762423065741925,264,1.82153778500427e-09,4,904158370
658,-0.986348930650479,0.163315543326359,0.372935822922241,0.270781917732878,0.513627827083675,0.627064177077759,0.486372172916325,0.729218082267122,313,1.54564905682591e-09,4,471372468
258,-1.28289458686155,0.189558740441919,0.2772336609995,0.191202368463055,0.401974637704538,0.7227663390005,0.598025362295462,0.808797631536945,282,1.30760367489518e-11,4,775320025
233,-1.07648702193234,0.169102013891452,0.34079061521107,0.244651414661944,0.474709061365609,0.65920938478893,0.525290938634391,0.755348585338056,292,1.94144070739018e-10,4,422811054
183,-0.917009911886075,0.172228718971817,0.399712431414416,0.28519788732257,0.560207613482488,0.600287568585584,0.439792386517512,0.71480211267743,270,1.01301942637165e-07,4,173196866
483,-0.937867679082515,0.160685612307133,0.391461667946204,0.285702079248498,0.536370746318358,0.608538332053796,0.463629253681642,0.714297920751501,302,5.32568367264191e-09,3,976903809
608,-0.971834081758602,0.177624459748059,0.378388406018956,0.2671428818671,0.535959576421712,0.621611593981044,0.464040423578288,0.7328571181329,258,4.46783570526329e-08,4,728766302
758,-0.99633415590056,0.176906844913179,0.369230504731343,0.261044287916909,0.522253011977636,0.630769495268657,0.477746988022364,0.738955712083091,298,1.78162022598434e-08,4,770663752
883,-0.402453978966531,0.172965205574609,0.668677111429788,0.47641805067569,0.938522540688655,0.331322888570212,0.0614774593113454,0.52358194932431,289,0.0199763623131266,4,891465373
283,-1.19138266288217,0.181624248853091,0.303800919281446,0.212809123391489,0.433698504487813,0.696199080718555,0.566301495512187,0.787190876608511,272,5.39518248427972e-11,4,742147341
733,-1.00986824729981,0.172278091448918,0.36426696956688,0.25988212871304,0.510579260584534,0.63573303043312,0.489420739415466,0.74011787128696,287,4.57739765812575e-09,4,241100638
933,-1.07408468943169,0.170498943527095,0.3416102917555,0.244569323600385,0.477155473611058,0.6583897082445,0.522844526388942,0.755430676399615,292,2.98306974857776e-10,3,478045609
783,-0.828408806811627,0.164341089043268,0.4367436772843,0.316474875607222,0.602717796418528,0.5632563227157,0.397282203581472,0.683525124392778,290,4.63615635262414e-07,4,763572855
558,-0.90202350654171,0.176392241047395,0.405747795179044,0.287151322479526,0.573325840435207,0.594252204820956,0.426674159564793,0.712848677520474,276,3.1584725386863e-07,4,51161972
833,-1.03387671208714,0.176845948522786,0.355625626616922,0.251455711590824,0.502949746126562,0.644374373383078,0.497050253873438,0.748544288409176,307,5.02930556545152e-09,5,420615943
133,-1.03143405476855,0.175676798083873,0.356495359954266,0.252648962952697,0.503025780053236,0.643504640045734,0.496974219946764,0.747351037047303,297,4.3264543572971e-09,5,277308471
858,-0.84708524629105,0.173331213618979,0.428662558585771,0.305193834164967,0.602081590658794,0.571337441414229,0.397918409341206,0.694806165835033,281,1.02337302790167e-06,4,195211923
908,-1.03895163979184,0.18158300198385,0.353825424084424,0.24787076342049,0.505071388819442,0.646174575915576,0.494928611180558,0.75212923657951,253,1.05503843748099e-08,4,818185487
408,-0.817699322028222,0.171934435754046,0.441446112434629,0.315156914219343,0.618341725633277,0.558553887565371,0.381658274366723,0.684843085780657,274,1.97585081100941e-06,4,227076207
59,-1.47863928786514,0.167858778861457,0.227947648584226,0.164041399191021,0.316750105469239,0.772052351415774,0.683249894530761,0.835958600808979,289,1.26459866273938e-18,3,285044381
34,-0.992035903028869,0.170618330295868,0.370820966463329,0.26542003091132,0.518077662400471,0.629179033536671,0.481922337599529,0.73457996908868,268,6.0867349264738e-09,3,412510999
983,-0.914769926727017,0.177114910211104,0.400608784863096,0.283113112079704,0.566866710377954,0.599391215136904,0.433133289622046,0.716886887920296,273,2.4064646719714e-07,4,63157363
808,-0.862726250423623,0.178118634923942,0.422010007647159,0.297651375007099,0.5983256302784,0.577989992352841,0.4016743697216,0.702348624992901,289,1.27540558366485e-06,5,65987237
109,-1.04104513326414,0.184430488331522,0.353085467685965,0.245975768964618,0.506835888818583,0.646914532314035,0.493164111181417,0.754024231035382,273,1.65519824131737e-08,4,682973209
958,-1.2121077415211,0.173936057941195,0.297569418559211,0.211608766409715,0.418449388293403,0.702430581440789,0.581550611706597,0.788391233590285,288,3.19889077783476e-12,3,946479931
633,-1.23030363084119,0.161628805534767,0.292203842111733,0.212866457805402,0.401111035647119,0.707796157888267,0.598888964352881,0.787133542194598,296,2.70078362590353e-14,4,384036619
359,-0.883614392390997,0.166170413640347,0.413286429547652,0.29840536892983,0.572394771115566,0.586713570452348,0.427605228884434,0.70159463107017,301,1.05191492374348e-07,4,702220932
584,-1.06954169178628,0.17543189534933,0.343165757068976,0.243319012395096,0.483984936752509,0.656834242931024,0.516015063247491,0.756680987604904,285,1.08334284983704e-09,5,446909060
709,-1.25643910707059,0.175668319574814,0.284665888614261,0.201746627811268,0.401665539690477,0.715334111385739,0.598334460309523,0.798253372188732,294,8.53125059172173e-13,4,205108290
9,-1.07821492256278,0.176853225793903,0.340202271338457,0.240546737001822,0.481143859469475,0.659797728661543,0.518856140530525,0.759453262998178,255,1.08303959437009e-09,3,579022720
434,-0.797794937073636,0.169527334912603,0.450320855947783,0.323013097224983,0.627803872486007,0.549679144052217,0.372196127513993,0.676986902775017,275,2.52629638449269e-06,4,282042184
209,-0.992103387350852,0.177651688981716,0.370795942706196,0.261768618856894,0.525233436031308,0.629204057293804,0.474766563968692,0.738231381143106,270,2.34316365364504e-08,5,480901861
84,-0.872560078058544,0.172348118285044,0.417880372312143,0.298091085630944,0.58580753998102,0.582119627687857,0.41419246001898,0.701908914369056,295,4.13193213624259e-07,5,251670007
309,-1.00493578944134,0.169272892207539,0.366068139489128,0.262709988191935,0.510090551452988,0.633931860510872,0.489909448547012,0.737290011808065,271,2.9067566992752e-09,3,68666244
684,-0.795326808196221,0.178634066526417,0.451433678586383,0.318082929693784,0.640689415047274,0.548566321413617,0.359310584952726,0.681917070306216,260,8.49678677337744e-06,4,686341973
159,-0.960338115870248,0.173588294314933,0.382763445697898,0.272377877616791,0.537884561860967,0.617236554302102,0.462115438139033,0.727622122383209,314,3.161044676974e-08,5,721728273
459,-0.867176581930415,0.170186830368469,0.420136096070615,0.300972421878878,0.586480110435143,0.579863903929385,0.413519889564857,0.699027578121122,261,3.47934374922359e-07,4,583897016
509,-0.952735707086345,0.169701443458721,0.385684459180195,0.276555314830882,0.537876128484762,0.614315540819805,0.462123871515238,0.723444685169118,283,1.97488085988463e-08,4,203161041
659,-0.947007197187859,0.177371945208798,0.387900196800477,0.273993794224865,0.549160476803945,0.612099803199523,0.450839523196055,0.726006205775135,263,9.34072425118574e-08,3,487796192
384,-1.083086051516,0.173248678045763,0.338549131801312,0.241074992702857,0.475435105725355,0.661450868198688,0.524564894274645,0.758925007297144,275,4.06199520072183e-10,4,702169182
534,-0.722857268513142,0.163618855321065,0.485363459092939,0.352204138651122,0.66886689158419,0.514636540907061,0.33113310841581,0.647795861348878,270,9.96489374033886e-06,4,389754631
884,-0.903368404800942,0.173544063687841,0.405202472459604,0.288370686844403,0.569368008531215,0.594797527540396,0.430631991468785,0.711629313155597,271,1.93566341688975e-07,4,205469943
259,-1.01073197092312,0.176736196922193,0.363952479415908,0.257398824241933,0.514615432541699,0.636047520584092,0.485384567458301,0.742601175758067,257,1.07232523671759e-08,4,649788489
334,-0.829865496836199,0.173969489519716,0.436107940274601,0.310106519044082,0.613305828451545,0.563892059725398,0.386694171548455,0.689893480955918,268,1.84062854474581e-06,4,227518426
184,-0.842287631466172,0.163354918757091,0.430724057616724,0.312716769171869,0.593262760743899,0.569275942383276,0.406737239256101,0.687283230828131,263,2.52036432335307e-07,3,793419511
484,-1.05559260716848,0.171270454091881,0.347986147105365,0.248757555681836,0.486796705512406,0.652013852894635,0.513203294487594,0.751242444318164,289,7.12406217673642e-10,4,673308605
234,-1.03015160864486,0.172722987047186,0.356952839330377,0.25444198072439,0.500763785690043,0.643047160669623,0.499236214309957,0.74555801927561,266,2.45860153506128e-09,3,860021410
609,-1.12452726983858,0.166381532785954,0.324805976653028,0.234422770601852,0.450037008771253,0.675194023346972,0.549962991228747,0.765577229398148,285,1.39209921751621e-11,5,578169587
284,-1.05004586062491,0.164417438951642,0.349921701115289,0.253523661919784,0.482973447070829,0.650078298884711,0.517026552929171,0.746476338080216,290,1.69766685960401e-10,3,173558774
734,-1.204784367018,0.164265369169026,0.299756629960761,0.217243035150548,0.413610669465948,0.700243370039239,0.586389330534052,0.782756964849452,297,2.22752995112713e-13,4,335591881
934,-1.01358694017049,0.191708640561423,0.36291488813005,0.249242497424754,0.528430012486971,0.63708511186995,0.471569987513029,0.750757502575246,243,1.24255882591988e-07,4,678199676
759,-1.12306882576914,0.184654479687362,0.325280033612148,0.226505748307426,0.467127660367862,0.674719966387852,0.532872339632138,0.773494251692574,268,1.18691444520643e-09,5,383668618
834,-1.02978700329147,0.162893622170171,0.357083009975519,0.259485971892198,0.491387935476331,0.642916990024481,0.508612064523668,0.740514028107802,312,2.58471174589872e-10,3,671622727
859,-1.00496085229069,0.182496430770291,0.366058964893468,0.255982221569681,0.523470594782698,0.633941035106532,0.476529405217302,0.744017778430319,272,3.65534311026268e-08,4,45319794
134,-1.20009457317942,0.178787130356806,0.30116572836487,0.212139562000677,0.427552480481003,0.69883427163513,0.572447519518998,0.787860437999323,290,1.91420823545744e-11,4,244720054
784,-1.15740042956418,0.188216644726143,0.31430217044211,0.217338708315061,0.454524898534954,0.68569782955789,0.545475101465046,0.782661291684939,265,7.78261321805915e-10,5,938076453
909,-1.07125414788274,0.167191452941662,0.342578603656892,0.246857662369073,0.475416069961981,0.657421396343108,0.52458393003802,0.753142337630927,290,1.48070690717828e-10,4,177570315
559,-1.22648503012475,0.171648264928636,0.293321785042948,0.209525579882926,0.410630862488749,0.706678214957052,0.589369137511251,0.790474420117074,286,8.9774101291012e-13,4,212202872
409,-1.18431306489985,0.181601559283344,0.305956279435395,0.21432846004482,0.436756018805781,0.694043720564605,0.563243981194219,0.78567153995518,273,6.96115659016768e-11,4,587102263
35,-1.22627855006075,0.166842411861594,0.293382356397069,0.211552164889552,0.406865167700052,0.706617643602931,0.593134832299948,0.788447835110448,288,1.98324005290339e-13,4,956623233
984,-1.37198893523809,0.164690061959886,0.253602059539857,0.183640447037228,0.35021698999578,0.746397940460143,0.64978301000422,0.816359552962772,307,8.03433379225356e-17,3,604980797
60,-1.07287761913208,0.182906536007455,0.342022888359176,0.23898180916117,0.489491884642407,0.657977111640824,0.510508115357593,0.76101819083883,263,4.47201262049302e-09,5,213217525
809,-0.914748809116398,0.172503772376583,0.400617244852753,0.285689423459957,0.561778503837072,0.599382755147247,0.438221496162928,0.714310576540043,269,1.14055038414402e-07,4,711938138
110,-0.829963897084544,0.174392754009468,0.436065029256235,0.309818878824194,0.613754431175717,0.563934970743765,0.386245568824283,0.690181121175806,265,1.94395443869323e-06,4,290950756
360,-1.1959715198654,0.173905598664435,0.302410014084762,0.215063868977576,0.425230965357,0.697589985915238,0.574769034643,0.784936131022424,282,6.10701055183383e-12,4,974165722
959,-1.3175013478315,0.1640696167072,0.267803614760291,0.194160161158475,0.369379463071938,0.732196385239709,0.630620536928062,0.805839838841525,314,9.73646147437621e-16,3,654856958
585,-0.899657246646594,0.177723683535458,0.406709036739471,0.287081461483325,0.576185726904404,0.593290963260529,0.423814273095596,0.712918538516675,291,4.1463662733458e-07,4,417501010
634,-1.09962868403753,0.182187971296329,0.332994706995133,0.233001463063246,0.47590033740121,0.667005293004867,0.52409966259879,0.766998536936754,242,1.58292571749794e-09,3,326007493
10,-0.913690444067096,0.183843999467387,0.401041468595044,0.279705486922354,0.575012886956763,0.598958531404955,0.424987113043237,0.720294513077646,263,6.6979640770686e-07,5,452466894
710,-0.97919626881075,0.163928127998312,0.375612869342151,0.272398422526978,0.517936287246563,0.624387130657849,0.482063712753437,0.727601577473022,290,2.32463667707308e-09,4,599160075
210,-1.16201468042164,0.172799731173662,0.312855242194849,0.222974931183158,0.438965950339941,0.687144757805151,0.561034049660059,0.777025068816842,272,1.76036222731111e-11,4,743327072
435,-0.861153723000703,0.176375829550145,0.422674152012684,0.299139877678267,0.597223747519841,0.577325847987316,0.402776252480159,0.700860122321733,265,1.04753049937017e-06,4,929020373
685,-0.940169878259736,0.177329380518279,0.390561481817818,0.275896612046753,0.55288200151541,0.609438518182182,0.44711799848459,0.724103387953247,275,1.14648822594304e-07,5,634082239
85,-1.13208332056511,0.169990691047681,0.322360975127812,0.231018160948576,0.449820039509731,0.677639024872188,0.550179960490269,0.768981839051424,306,2.74427551426736e-11,4,584572147
460,-1.35824051426112,0.174208730418287,0.257112765447385,0.182741379644376,0.361751532601151,0.742887234552615,0.638248467398849,0.817258620355624,284,6.35837609735898e-15,3,760975262
160,-0.868499348637523,0.160105676987382,0.419580721426801,0.306572592194193,0.574245664079196,0.580419278573199,0.425754335920804,0.693427407805807,301,5.81045882852813e-08,3,671235266
660,-1.15450546057402,0.154346990619776,0.315213383809908,0.232929370257815,0.42656483045877,0.684786616190092,0.57343516954123,0.767070629742185,296,7.43593683997109e-14,3,171118118
385,-0.914826760588572,0.161244165762648,0.400586017365868,0.292041454828243,0.549473900557794,0.599413982634132,0.450526099442206,0.707958545171757,295,1.39868637326338e-08,3,199935603
310,-0.981707806779876,0.158000099884119,0.374670687017707,0.274890535824474,0.510669177057285,0.625329312982293,0.489330822942715,0.725109464175526,304,5.18711617911261e-10,4,134744193
535,-1.12497586126532,0.173039220193728,0.324660304152706,0.23127992610978,0.455743457140747,0.675339695847294,0.544256542859253,0.76872007389022,301,7.96411546476353e-11,4,466048969
510,-0.830468596875519,0.169539188672586,0.435845002855428,0.312622370566708,0.60763683088224,0.564154997144572,0.39236316911776,0.687377629433292,292,9.66264679055887e-07,4,349412754
335,-0.839650980719407,0.180411168980715,0.431861225022742,0.303234036378161,0.615050077840061,0.568138774977258,0.384949922159939,0.696765963621839,277,3.25404470526318e-06,4,215951573
260,-0.718314712556757,0.165717789740463,0.487573265048747,0.352355168012945,0.674681998084278,0.512426734951253,0.325318001915722,0.647644831987055,272,1.46047904997697e-05,4,355232031
185,-0.862541135072265,0.175218938583874,0.422088135409102,0.299403252367115,0.59504495239979,0.577911864590898,0.40495504760021,0.700596747632885,284,8.53810035905088e-07,4,667177717
485,-1.52745530117416,0.18197950164074,0.217087387056946,0.151961425444391,0.310124319256652,0.782912612943054,0.689875680743348,0.848038574555609,294,4.71651247014941e-17,3,225252692
610,-0.969286801346619,0.167000634001589,0.379353496049351,0.273459423195837,0.526253852520581,0.620646503950649,0.473746147479419,0.726540576804163,275,6.47162985752267e-09,3,419546001
235,-1.09739297528713,0.163750291990268,0.333740019015255,0.2421161643442,0.460037026416616,0.666259980984745,0.539962973583384,0.7578838356558,292,2.06115078867274e-11,3,625428841
885,-1.57632751368963,0.175385941390042,0.206732929644363,0.146595579683875,0.291540197129438,0.793267070355637,0.708459802870562,0.853404420316125,266,2.52310283854895e-19,3,762041669
935,-0.905227259759428,0.174069457711504,0.404449959457428,0.287538898811694,0.568896140247937,0.595550040542572,0.431103859752063,0.712461101188306,265,1.9888190019573e-07,3,771254882
760,-0.724378583251098,0.190424307549589,0.484625629886881,0.333669809990226,0.703875490414118,0.515374370113119,0.296124509585882,0.666330190009774,242,0.000142364537657141,3,924547912
285,-0.978355083965927,0.170485515726044,0.375928962122952,0.269146199440552,0.525077392348816,0.624071037877048,0.474922607651184,0.730853800559448,287,9.543957237129e-09,3,687486153
735,-0.714186856285504,0.175917709216334,0.489590057058637,0.346809642382103,0.691152709377636,0.510409942941363,0.308847290622364,0.653190357617897,317,4.91193821475106e-05,4,135491204
860,-0.867132628445247,0.170178896941727,0.42015456292212,0.300990331088195,0.586496769202036,0.57984543707788,0.413503230797964,0.699009668911805,296,3.47972466698248e-07,5,177327276
910,-0.922640094149039,0.160153551925475,0.397468300932643,0.290388589859994,0.544033256687015,0.602531699067357,0.455966743312985,0.709611410140006,290,8.36310200434634e-09,4,408814353
785,-0.953979637719009,0.170205184173545,0.3852049927402,0.275938940260284,0.537738118048917,0.6147950072598,0.462261881951083,0.724061059739716,276,2.08399261180789e-08,3,224151601
36,-1.05070398383742,0.175540788096335,0.349691485284725,0.24789311680921,0.493293789091985,0.650308514715275,0.506706210908015,0.75210688319079,255,2.15691415998589e-09,3,201175295
135,-1.25096561935346,0.17675262089124,0.286228275812007,0.202423267439008,0.40472929278745,0.713771724187993,0.59527070721255,0.797576732560992,280,1.4678451283641e-12,3,107626435
61,-0.761895453918065,0.170441509646458,0.466780826421184,0.334220382986641,0.651918168387569,0.533219173578817,0.348081831612431,0.665779617013359,283,7.81726076083989e-06,4,927947005
835,-1.18310805192542,0.173440568024038,0.306325182943842,0.218046852685234,0.430343830007196,0.693674817056158,0.569656169992804,0.781953147314766,270,9.01554871898247e-12,4,324030995
410,-1.24094103600962,0.172188152040408,0.289112025061092,0.206300050818217,0.405165983737821,0.710887974938908,0.594834016262179,0.793699949181783,287,5.72442944566384e-13,3,403738061
560,-1.21584869901817,0.173492813372283,0.296458303624641,0.211001852736192,0.416524900840004,0.703541696375359,0.583475099159996,0.788998147263808,268,2.41638683902846e-12,3,789876463
985,-0.88633416120603,0.168132059157291,0.412163913189336,0.296452895449556,0.573039069420905,0.587836086810664,0.426960930579095,0.703547104550444,278,1.35199254335207e-07,3,768302857
111,-1.07881984564277,0.17257699673958,0.339996537365547,0.242424600236436,0.476839583556368,0.660003462634454,0.523160416443632,0.757575399763563,269,4.07212290142037e-10,3,635320133
810,-1.29170198617142,0.170980835404267,0.274802674493716,0.196553962783542,0.384202428887496,0.725197325506284,0.615797571112504,0.803446037216458,311,4.19957159741645e-14,4,491721992
960,-1.05176424417667,0.178917190615227,0.349320917755645,0.245997109283818,0.496042835368689,0.650679082244355,0.503957164631311,0.754002890716182,278,4.14007249171225e-09,5,154681203
586,-0.975085066079632,0.180535270228823,0.37716026865306,0.264761014049709,0.537276489746867,0.62283973134694,0.462723510253133,0.735238985950291,268,6.62416339371857e-08,3,743323702
211,-0.752786632475536,0.167565862703823,0.471052073101229,0.339184969245045,0.65418599198793,0.528947926898771,0.34581400801207,0.660815030754955,270,7.03978495676561e-06,3,376955400
11,-0.928650970417404,0.177179633688346,0.395086334180677,0.27917493925424,0.559123293348956,0.604913665819323,0.440876706651044,0.72082506074576,290,1.59452376214274e-07,5,499120126
711,-1.11148041215291,0.171539119797051,0.329071438939999,0.235112558094045,0.460579446729197,0.670928561060001,0.539420553270803,0.764887441905955,294,9.20530767498207e-11,5,860193158
86,-0.999286841842194,0.174184215290115,0.368141890968987,0.261667247405509,0.517941978715399,0.631858109031013,0.482058021284601,0.738332752594491,263,9.63943872642881e-09,3,700244060
161,-1.06855601649884,0.191923668705431,0.343504173832334,0.235812213798156,0.50037746365942,0.656495826167666,0.49962253634058,0.764187786201844,242,2.58257976754962e-08,4,487005950
361,-1.0564089228952,0.167805767339634,0.347702196453263,0.250248167553041,0.483107703047612,0.652297803546737,0.516892296952388,0.749751832446959,301,3.06555223217042e-10,4,293171667
461,-0.780372331607735,0.169834721513372,0.458235364028698,0.328492172581833,0.639222685874512,0.541764635971302,0.360777314125488,0.671507827418167,291,4.32971890377198e-06,4,292676823
635,-1.21401244112108,0.179969220340516,0.297003177637331,0.208723340974263,0.42262109793245,0.702996822362669,0.57737890206755,0.791276659025737,284,1.52325556251354e-11,5,436215153
686,-1.08931324080056,0.171412289021285,0.336447472781213,0.240442295496765,0.47078614728326,0.663552527218787,0.52921385271674,0.759557704503235,265,2.08520423877066e-10,3,909307543
436,-1.01585523090718,0.18638093589604,0.362092624570061,0.251288109208697,0.521755960442785,0.637907375429939,0.478244039557215,0.748711890791303,264,5.02497145933064e-08,4,474110344
311,-1.07159675809197,0.158191907911643,0.342461252833757,0.251164493918433,0.466943825788343,0.657538747166243,0.533056174211657,0.748835506081567,318,1.25243529958802e-11,4,605445305
511,-0.818057941593062,0.171306769929505,0.441287829605244,0.315431719319754,0.617360070755291,0.558712170394756,0.382639929244709,0.684568280680246,297,1.79352518995898e-06,4,52884613
261,-0.745746437056525,0.172786487980122,0.47438007288698,0.338104002706952,0.665583523858204,0.52561992711302,0.334416476141796,0.661895997293048,277,1.58882166065192e-05,4,394217064
336,-0.919667899525719,0.171443352060625,0.398651411425978,0.28487901575818,0.55786119384387,0.601348588574022,0.44213880615613,0.71512098424182,320,8.12786444421045e-08,5,292245338
486,-0.924429694644513,0.176929584287399,0.396757627564736,0.280493337186459,0.561213384281403,0.603242372435264,0.438786615718597,0.719506662813541,284,1.74300838237831e-07,4,384158402
661,-0.852349349383958,0.16639846551142,0.426411963564555,0.307744819087287,0.590837445160716,0.573588036435445,0.409162554839284,0.692255180912713,283,3.01768728632263e-07,3,427864740
611,-1.08077923524341,0.159607494841295,0.339331003918564,0.248179209012054,0.463961226561842,0.660668996081436,0.536038773438158,0.751820790987946,309,1.27470060874383e-11,3,654210263
386,-0.986611349571317,0.182692789699053,0.372837970345793,0.260622406484652,0.533369920132928,0.627162029654207,0.466630079867072,0.739377593515348,275,6.64981332298379e-08,5,988513027
536,-0.980133243959814,0.158161059391382,0.375261094245906,0.275236865178542,0.511635273724276,0.624738905754094,0.488364726275724,0.724763134821458,293,5.75283398068376e-10,3,719523687
236,-1.21652962467047,0.178332712057288,0.296256506273159,0.20886747530891,0.420208638895892,0.703743493726841,0.579791361104108,0.79113252469109,283,8.997866403171e-12,5,844211340
886,-1.4293685205315,0.177790410657378,0.239460088638995,0.169004265925225,0.339288086824776,0.760539911361005,0.660711913175224,0.830995734074775,255,9.01126189337943e-16,3,63056014
186,-1.10752208644171,0.175565245283638,0.330376592284465,0.234189738443592,0.466069493287322,0.669623407715535,0.533930506712678,0.765810261556408,275,2.82077023754781e-10,5,974499730
286,-0.863673206192563,0.172573773517783,0.421610571989666,0.300619002939348,0.591298196971655,0.578389428010334,0.408701803028345,0.699380997060652,277,5.59604708000092e-07,3,826407336
37,-1.03885088028892,0.170307200355804,0.353861077154439,0.253435263519797,0.494081447805776,0.646138922845561,0.505918552194224,0.746564736480203,285,1.0615828160407e-09,5,222810947
761,-0.930639440231952,0.171766949616992,0.394301497501646,0.281591884259275,0.552124118708222,0.605698502498355,0.447875881291778,0.718408115740725,295,6.0257434909699e-08,5,286360295
736,-1.16521179181651,0.173523398322515,0.311856606360716,0.221948167743385,0.438185833745056,0.688143393639284,0.561814166254944,0.778051832256615,298,1.88050076354845e-11,5,846375648
936,-0.88836323873819,0.160899486464806,0.411328448551424,0.300075719649889,0.563827999096774,0.588671551448576,0.436172000903226,0.699924280350111,315,3.36632797539329e-08,4,432415042
786,-1.07625838516756,0.170446445603366,0.340868541382854,0.244063393051974,0.47607042191588,0.659131458617146,0.52392957808412,0.755936606948026,296,2.71300640358028e-10,3,656542626
62,-1.20670125982355,0.161370820046465,0.299182579006223,0.218060603903524,0.410483205028712,0.700817420993777,0.589516794971288,0.781939396096476,294,7.55680420239807e-14,3,41181730
861,-0.859194665620563,0.181841470754767,0.423503006551291,0.296532812905404,0.60483962904705,0.576496993448709,0.39516037095295,0.703467187094596,284,2.30154489913673e-06,4,806052544
911,-1.4272395909902,0.169961630043609,0.239970425338347,0.17198323727364,0.334833824214178,0.760029574661653,0.665166175785822,0.82801676272636,296,4.5638614207751e-17,3,518258800
561,-1.08086090524623,0.179019352828485,0.339303291886154,0.23889470491774,0.481914088152027,0.660696708113846,0.518085911847973,0.76110529508226,248,1.5634929543101e-09,3,935652978
136,-1.07587357150331,0.175299981274239,0.340999737496703,0.241845733421943,0.48080575715573,0.659000262503297,0.51919424284427,0.758154266578057,277,8.39207362062389e-10,4,465343947
411,-1.17169559177382,0.177570682312452,0.309841131538309,0.218771442910144,0.438821107160545,0.690158868461691,0.561178892839455,0.781228557089856,273,4.15410343301801e-11,4,201630179
836,-1.17856723171701,0.175970147508986,0.307719313377249,0.217955932049613,0.434451014638185,0.692280686622751,0.565548985361815,0.782044067950387,291,2.11956152684588e-11,4,776788363
112,-0.899548335521371,0.178707072434467,0.406753334290505,0.286559879471233,0.57736021965717,0.593246665709495,0.42263978034283,0.713440120528767,257,4.8123524363346e-07,4,68074205
811,-0.805969173046827,0.181449341426907,0.446654830897595,0.312983956400502,0.637414582710664,0.553345169102405,0.362585417289336,0.687016043599498,261,8.91923475690893e-06,3,688462057
587,-0.803455782168355,0.166946319307889,0.44777886104724,0.322818654254569,0.621110043543669,0.55222113895276,0.378889956456331,0.677181345745431,289,1.48934954464502e-06,4,240356793
986,-1.0851311881576,0.191156807069281,0.337857460089546,0.23228466726408,0.491412819806942,0.662142539910454,0.508587180193058,0.76771533273592,260,1.3735433507738e-08,5,438590922
961,-0.99357015398104,0.172332600511931,0.370252470261884,0.264124196717691,0.519024358383766,0.629747529738116,0.480975641616234,0.735875803282309,292,8.14538021390349e-09,4,490625494
712,-1.16091015050558,0.179125866103442,0.313200991079092,0.220470716750321,0.444933741128152,0.686799008920908,0.555066258871848,0.779529283249679,254,9.11321424076497e-11,4,754390014
462,-1.31900959838187,0.189162079923928,0.267400004260329,0.184563728674402,0.387415028900752,0.732599995739671,0.612584971099248,0.815436271325598,269,3.10457787173403e-12,4,709688320
212,-0.861651458780672,0.175745765618585,0.422463824312112,0.299360474973287,0.596189870651231,0.577536175687888,0.403810129348769,0.700639525026713,281,9.44661521750671e-07,3,874753903
87,-1.19286505811664,0.16826540850318,0.30335089988219,0.218131061210543,0.42186457971024,0.69664910011781,0.57813542028976,0.781868938789457,295,1.34901493065334e-12,4,573303177
362,-1.18806603038122,0.170037053154394,0.304810188045778,0.218420640760342,0.425368456081243,0.695189811954222,0.574631543918757,0.781579359239658,283,2.80624626512921e-12,3,373148139
12,-1.00911696110945,0.180171462300339,0.364540741138242,0.256084825888565,0.518929426952637,0.635459258861758,0.481070573047363,0.743915174111435,281,2.1327848821331e-08,4,303386615
687,-0.694172104657858,0.168984098135262,0.499487800478697,0.358661995410068,0.695607747739764,0.500512199521303,0.304392252260236,0.641338004589932,283,3.99249088889185e-05,4,903525136
312,-0.744213495382254,0.172292853537757,0.47510782753035,0.338950471817125,0.665959975126974,0.52489217246965,0.334040024873026,0.661049528182875,292,1.56405670267505e-05,4,242601244
612,-1.08166021503438,0.186230469296453,0.339032191804704,0.235353832342469,0.488383069593044,0.660967808195296,0.511616930406956,0.764646167657531,272,6.31553393422687e-09,5,690819503
162,-1.03082857758632,0.173627254207251,0.356711275119543,0.253819538564036,0.501312603896758,0.643288724880457,0.498687396103242,0.746180461435964,287,2.90248285267207e-09,4,92441990
662,-1.05852449903568,0.161900203142861,0.346967383532858,0.252626525094894,0.47653889547195,0.653032616467142,0.52346110452805,0.747373474905106,292,6.22929648395769e-11,3,988068569
337,-1.1255335364364,0.174737238767125,0.324479299637599,0.230382978442351,0.457007790268032,0.675520700362401,0.542992209731968,0.769617021557649,271,1.1846089918645e-10,4,426781740
512,-1.07071201777444,0.164114518462593,0.342764376184284,0.248485555150676,0.472813872459345,0.657235623815716,0.527186127540655,0.751514444849324,305,6.83763404862932e-11,4,973891570
237,-0.979201077640646,0.168770999559726,0.375611063088098,0.269823791148445,0.522873354175629,0.624388936911902,0.477126645824371,0.730176208851555,285,6.55477003875884e-09,4,546141242
636,-0.738527562291983,0.168399703465863,0.477816953504066,0.343494246844803,0.664666273607374,0.522183046495934,0.335333726392626,0.656505753155197,277,1.15685999298708e-05,3,124902051
187,-0.89085890744031,0.160622503538554,0.410303188902432,0.299490305924148,0.562117382410842,0.589696811097568,0.437882617589158,0.700509694075852,303,2.91795515304622e-08,3,269668407
387,-1.16616114010782,0.163680996533792,0.311560686312156,0.226056570684933,0.429406059559285,0.688439313687844,0.570593940440715,0.773943429315067,308,1.04385640331337e-12,4,605489989
437,-0.922861229300952,0.1669276558162,0.39738041643707,0.286495221249347,0.551182650373993,0.60261958356293,0.448817349626007,0.713504778750653,298,3.22961855908537e-08,4,596639291
537,-0.938409875432435,0.179577380949718,0.391249476388652,0.275167555389887,0.556301605243756,0.608750523611348,0.443698394756244,0.724832444610113,265,1.73537392007567e-07,4,967584961
262,-1.07405987920885,0.170351574367216,0.341618767288103,0.244646044425264,0.477029507824699,0.658381232711897,0.522970492175301,0.755353955574736,290,2.8826815079696e-10,3,371692159
887,-1.0603630544823,0.162927223237451,0.346330050825357,0.2516554109436,0.476621995350521,0.653669949174643,0.523378004649479,0.7483445890564,290,7.60563046798553e-11,3,872735876
487,-1.04508415242778,0.1801506822896,0.351662224902878,0.247047908035079,0.500576270437725,0.648337775097122,0.499423729562275,0.752952091964921,269,6.58550603620307e-09,5,626659804
38,-0.875715533633583,0.167846026653076,0.416563847571672,0.299785607694537,0.578831787283554,0.583436152428328,0.421168212716446,0.700214392305463,292,1.81477369689821e-07,4,168080494
737,-1.21195381505123,0.17481180527217,0.297615225894739,0.211278384461293,0.41923277154083,0.702384774105261,0.58076722845917,0.788721615538707,262,4.12282152481988e-12,3,403123550
762,-0.868804955207773,0.178932606617538,0.419452514393036,0.295375922645733,0.595649131637785,0.580547485606964,0.404350868362215,0.704624077354267,246,1.20091199653102e-06,3,907676129
937,-1.4226158824462,0.182579619918501,0.241082547727879,0.168559687774701,0.344808391533389,0.758917452272121,0.655191608466611,0.831440312225299,257,6.6084161437846e-15,3,730773027
63,-1.43672995479922,0.183134445428872,0.237703791301681,0.1660167035042,0.340345827898961,0.762296208698319,0.659654172101039,0.8339832964958,259,4.32196246374893e-15,4,312242537
287,-1.08885247176607,0.185728197190279,0.336602533079151,0.23389732331504,0.484405993490971,0.663397466920849,0.515594006509029,0.76610267668496,257,4.55640383001038e-09,5,994633295
912,-0.773953469700319,0.16446565870882,0.461186173840294,0.334104908685434,0.636604495810338,0.538813826159706,0.363395504189662,0.665895091314566,286,2.52789639975631e-06,4,878518782
787,-0.702219470188355,0.165603384976558,0.495484369710793,0.358152594971382,0.685475308778143,0.504515630289208,0.314524691221857,0.641847405028618,290,2.23152577752178e-05,5,719889191
562,-0.829880624252441,0.164721086367346,0.436101343138162,0.315774154764719,0.602279757913099,0.563898656861838,0.397720242086901,0.684225845235281,295,4.70185944573541e-07,4,108435193
837,-0.894646768189573,0.171591101404938,0.408751957337211,0.292012360534895,0.572161268519438,0.591248042662789,0.427838731480562,0.707987639465105,275,1.84981375044096e-07,4,318107610
862,-1.11752161783004,0.171474658387738,0.327089443543744,0.233726004055176,0.457747542941348,0.672910556456256,0.542252457058652,0.766273995944824,275,7.16681620530797e-11,4,739885428
113,-0.653658582997814,0.16998882532292,0.520139318552403,0.372756249926404,0.725795773397693,0.479860681447597,0.274204226602307,0.627243750073596,304,0.000120403440041717,5,648694285
812,-0.871151910235181,0.160595605010189,0.418469232516138,0.305467004189294,0.573274678315593,0.581530767483862,0.426725321684407,0.694532995810706,297,5.81148613767607e-08,3,607342185
588,-1.02115231544584,0.174786481572375,0.360179660366444,0.255705848532616,0.507338367448954,0.639820339633556,0.492661632551046,0.744294151467384,248,5.14898372064278e-09,3,702011962
987,-0.841761986368615,0.165704741386711,0.430950525121563,0.311443508119111,0.596314741714004,0.569049474878437,0.403685258285996,0.688556491880889,315,3.77651944741185e-07,4,947546286
137,-1.28234381547317,0.183827304429577,0.277386395424889,0.193468859645042,0.397703343618094,0.722613604575111,0.602296656381906,0.806531140354958,276,3.04119773573842e-12,5,942653166
713,-1.188254962683,0.169281246206934,0.304752604995166,0.218703114920961,0.424658561835774,0.695247395004834,0.575341438164226,0.781296885079039,272,2.22802461898442e-12,3,254659015
412,-0.979145011010518,0.17520151771188,0.375632122925016,0.266459324441491,0.529534825132896,0.624367877074984,0.470465174867104,0.733540675558509,280,2.28803689534007e-08,4,293730471
213,-1.18741257764648,0.173784047772277,0.305009432187958,0.216964170415342,0.428783948730006,0.694990567812042,0.571216051269994,0.783035829584658,282,8.33367433770428e-12,5,546488455
688,-0.914057633520932,0.163367947191162,0.400894237429745,0.291052118566639,0.552190413166773,0.599105762570255,0.447809586833227,0.708947881433361,283,2.20513064083534e-08,3,822059646
88,-0.965758175413729,0.169231181458143,0.380694457116861,0.273228948481297,0.530427945080725,0.619305542883139,0.469572054919275,0.726771051518703,285,1.15161194284814e-08,4,936585883
363,-0.763101063423507,0.180306172179312,0.466218410115237,0.327425520829283,0.663844422938884,0.533781589884763,0.336155577061116,0.672574479170717,240,2.31363505656305e-05,4,531476952
463,-1.31366071363054,0.181940138554357,0.268834128128011,0.188198723874996,0.384018483007099,0.731165871871989,0.615981516992901,0.811801276125004,274,5.18765080341624e-13,4,772611111
313,-0.848951705876181,0.168770369011699,0.427863223439936,0.30736000896423,0.595610790711936,0.572136776560064,0.404389209288064,0.69263999103577,271,4.89923112352105e-07,3,566867703
962,-0.81766950032885,0.183973076369809,0.441459277304182,0.307816915133183,0.633124055036446,0.558540722695818,0.366875944963554,0.692183084866817,263,8.80939192893682e-06,4,705136082
163,-1.14222958685135,0.173759761981713,0.319106751859376,0.227002905437668,0.448580686163078,0.680893248140624,0.551419313836922,0.772997094562332,264,4.91084742876898e-11,3,177038046
13,-0.802450389786375,0.173358060594016,0.448229280889347,0.319107914007116,0.629597322497307,0.551770719110653,0.370402677502693,0.680892085992884,283,3.67682206436235e-06,4,569432574
338,-1.09039149788147,0.177133251042535,0.33608489142442,0.237505074269757,0.475581646375575,0.66391510857558,0.524418353624425,0.762494925730243,268,7.47137345780747e-10,3,65855228
188,-0.924966461450402,0.169324247007266,0.396544718386677,0.284552961224535,0.552613169104532,0.603455281613323,0.447386830895468,0.715447038775465,281,4.68963936802902e-08,4,66658293
513,-0.884469375783611,0.174076241609231,0.412933227526443,0.293566074231247,0.580836361428768,0.587066772473557,0.419163638571232,0.706433925768753,293,3.75589497296797e-07,4,410381324
613,-1.05311183030707,0.189606933872438,0.348850494770755,0.240572304570352,0.505863166249098,0.651149505229245,0.494136833750902,0.759427695429648,249,2.78911302188181e-08,4,907858195
538,-0.952397952658472,0.16735051165413,0.385814747815588,0.277926405628013,0.535584300799528,0.614185252184412,0.464415699200472,0.722073594371987,287,1.26270144955495e-08,3,156580410
663,-1.31731612442433,0.171387238732884,0.267853222852418,0.191430791121183,0.374784790744606,0.732146777147582,0.625215209255394,0.808569208878817,279,1.51572752395165e-14,3,371992013
388,-0.923612505395919,0.175686252081394,0.397081986145401,0.281407570394297,0.560305124344203,0.602918013854599,0.439694875655797,0.718592429605703,257,1.46289021029963e-07,3,27520364
888,-1.00230183755465,0.165404103293219,0.367033616307353,0.265407758864658,0.507572484225484,0.632966383692647,0.492427515774516,0.734592241135342,290,1.36362372599411e-09,4,493893749
637,-1.08562755926877,0.173233714439896,0.337689799021163,0.240470129099408,0.474214409872973,0.662310200978837,0.525785590127027,0.759529870900592,298,3.68454006500413e-10,5,430406722
438,-1.04168985477323,0.17575144372599,0.352857899257414,0.250034503984031,0.497966061021352,0.647142100742586,0.502033938978648,0.749965496015969,260,3.08400944370776e-09,3,225986640
39,-0.905409531831545,0.181403679341136,0.404376246243384,0.283383490085034,0.577027788304897,0.595623753756616,0.422972211695103,0.716616509914966,253,6.00267602784807e-07,4,171620989
238,-0.486331147511303,0.167574502117689,0.614878158224595,0.442740642989379,0.853942721203346,0.385121841775405,0.146057278796654,0.557259357010621,293,0.00370577104962402,4,30574930
738,-0.953040780580398,0.184680562501659,0.3855668150206,0.26847216693509,0.553732517386327,0.6144331849794,0.446267482613673,0.73152783306491,266,2.4631440364348e-07,4,906257668
488,-1.28887857708686,0.167859100717408,0.275579651206751,0.198319409460429,0.382938535193589,0.724420348793249,0.617061464806411,0.801680590539571,298,1.61168305260648e-14,4,876982449
263,-0.720068706830262,0.16442856802135,0.486718813904204,0.352627585272039,0.671799977377151,0.513281186095796,0.328200022622849,0.647372414727961,296,1.1910540019451e-05,3,954501079
763,-1.11245324750161,0.176210596396531,0.328751462279489,0.232743178823978,0.464363873076772,0.671248537720511,0.535636126923228,0.767256821176022,281,2.73318777267073e-10,4,89431806
64,-1.08150816367014,0.164754409879244,0.339083746031337,0.245509196214336,0.468323747523761,0.660916253968663,0.531676252476239,0.754490803785664,297,5.22548867767635e-11,3,315802387
288,-1.0707511860356,0.1684706268254,0.342750950962602,0.246363412379894,0.476849274212099,0.657249049037397,0.523150725787901,0.753636587620106,293,2.074601880615e-10,4,736884394
913,-1.1047925617544,0.155124675374546,0.331279595172916,0.244428770770732,0.448990394346295,0.668720404827084,0.551009605653705,0.755571229229268,316,1.06398815408909e-12,3,909592004
938,-0.984703102287429,0.167836948514508,0.373550116649559,0.26883499834,0.519053287371538,0.626449883350441,0.480946712628462,0.73116500166,307,4.43691298874151e-09,5,719757748
838,-1.23341746805628,0.183865024141608,0.291295382046188,0.203154949435835,0.417676260593566,0.708704617953812,0.582323739406434,0.796845050564165,273,1.96936161141959e-11,4,580718052
563,-0.796445431509635,0.160343970418429,0.45092897668734,0.329323793091403,0.617437750572294,0.54907102331266,0.382562249427706,0.670676206908597,290,6.79595897580926e-07,3,581313262
863,-1.19684892359523,0.169986310228149,0.302144794779685,0.216532209375709,0.421606916013389,0.697855205220315,0.578393083986611,0.783467790624292,298,1.91064069492395e-12,5,890064249
788,-1.07586878143708,0.169516507472651,0.341001370911941,0.244603919712303,0.475388681835479,0.658998629088059,0.524611318164521,0.755396080287697,264,2.19996307547859e-10,3,320481087
114,-0.93578356188413,0.159270005788862,0.392278370697388,0.28709358476686,0.536000552718587,0.607721629302612,0.463999447281413,0.71290641523314,302,4.21686544242463e-09,3,550380322
589,-1.27223390682737,0.173727458890354,0.280204970302253,0.199341973488666,0.393870011458227,0.719795029697747,0.606129988541773,0.800658026511334,280,2.42199473412793e-13,3,454524208
813,-1.0062661199221,0.160283487331737,0.36558147167142,0.267024201488991,0.500515727354217,0.63441852832858,0.499484272645783,0.732975798511009,298,3.42868060095133e-10,3,674840996
138,-0.990561099271468,0.172630962674806,0.37136825809267,0.264765283338739,0.520893001452675,0.62863174190733,0.479106998547325,0.735234716661261,287,9.57859321761088e-09,4,218921284
988,-1.03289698640704,0.180520761282817,0.355974212907411,0.249895817748111,0.507081876747449,0.644025787092589,0.492918123252551,0.750104182251889,259,1.05424393533848e-08,5,568564660
714,-0.82316933318139,0.170850459731992,0.439037989510172,0.314104331920965,0.613663476254235,0.560962010489828,0.386336523745765,0.685895668079035,274,1.44954120792164e-06,4,793504354
214,-1.06785804523495,0.165546710950671,0.343744013565579,0.248497216067143,0.475498070892861,0.656255986434421,0.524501929107139,0.751502783932857,283,1.1148623763014e-10,3,51906355
89,-1.1913501214227,0.165786965616734,0.303810805567603,0.21952556079893,0.420456757945271,0.696189194432397,0.579543242054729,0.78047443920107,275,6.67023560169001e-13,3,650787902
364,-0.904927761259383,0.161616158684405,0.404571109754889,0.294731763781589,0.555344903271423,0.595428890245111,0.444655096728577,0.705268236218411,303,2.15292790704889e-08,3,370730303
464,-1.15234999906238,0.172515277916432,0.315893546896003,0.225265914909927,0.442981944296534,0.684106453103997,0.557018055703466,0.774734085090073,276,2.39434744847768e-11,3,398964821
689,-1.25483614679928,0.160991675400305,0.285122562641683,0.207967381270241,0.390902050267791,0.714877437358317,0.609097949732209,0.792032618729759,305,6.47068627370268e-15,3,744801944
314,-1.10137943109635,0.181355872370036,0.332412227527148,0.23297353645191,0.474293736071476,0.667587772472852,0.525706263928524,0.76702646354809,273,1.25519953832931e-09,5,670541382
164,-1.12315121809159,0.161186853152758,0.325253234138782,0.237147813867988,0.446091678402007,0.674746765861218,0.553908321597993,0.762852186132012,290,3.21460861492191e-12,3,362614947
413,-1.07058505734355,0.170997590993419,0.342807896459796,0.245186979682912,0.479296470094656,0.657192103540204,0.520703529905344,0.754813020317088,283,3.82959513507895e-10,4,791210003
963,-1.1960697051084,0.159408150084774,0.302380323341663,0.221240720300857,0.413277717681768,0.697619676658337,0.586722282318232,0.778759279699143,320,6.2282969972238e-14,4,812586936
889,-0.707484144639042,0.160795746663812,0.492882660394396,0.359644938214141,0.675480984450306,0.507117339605604,0.324519015549694,0.640355061785859,306,1.08304067526232e-05,4,539341810
189,-1.15749658657035,0.181422285560181,0.314271949539369,0.22023112139862,0.448469124799609,0.685728050460631,0.551530875200391,0.77976887860138,282,1.76945236023027e-10,5,796992500
339,-1.05044755483787,0.176069466646112,0.349781167820558,0.247699894540607,0.493931842760054,0.650218832179442,0.506068157239946,0.752300105459393,321,2.42995539847356e-09,5,847584521
14,-0.961739380625807,0.175489317235313,0.382227468382487,0.27098491548231,0.539136421398416,0.617772531617513,0.460863578601584,0.729015084517689,260,4.24533110085504e-08,3,714381712
664,-1.16642660372378,0.170202385126838,0.311477989262791,0.223126333799057,0.434814376874779,0.688522010737209,0.565185623125221,0.776873666200943,263,7.22290125457294e-12,3,805469973
614,-1.08917179039602,0.1615709699731,0.336495066778362,0.245159791092906,0.461857670303142,0.663504933221638,0.538142329696858,0.754840208907094,303,1.57153633920655e-11,3,829511918
514,-1.22512778163462,0.171551932107892,0.29372016588256,0.209849768988473,0.411110940278507,0.70627983411744,0.588889059721493,0.790150231011527,282,9.23583789675883e-13,4,650303155
539,-0.870969109588339,0.17135044370015,0.418545735954751,0.299150105052675,0.585594088476278,0.581454264045249,0.414405911523722,0.700849894947325,270,3.71579038756988e-07,4,556826566
389,-1.06915408923344,0.175601410796394,0.343298794773674,0.243332482514715,0.484333457149233,0.656701205226326,0.515666542850767,0.756667517485285,292,1.1395359641381e-09,5,992160065
439,-1.11497282763923,0.166048089893062,0.327924189252907,0.236828008570314,0.454060626301511,0.672075810747093,0.545939373698489,0.763171991429686,306,1.88377911062736e-11,4,608764726
40,-0.945496882946508,0.182005744806042,0.388486490624437,0.271927011778336,0.555008317896406,0.611513509375563,0.444991682103594,0.728072988221664,261,2.04858713695847e-07,4,722664948
239,-1.21642881506168,0.160136630042553,0.296286373281073,0.21647269868763,0.40552741996683,0.703713626718927,0.59447258003317,0.78352730131237,301,3.0496860357876e-14,3,954505829
264,-0.900505511514808,0.178083503340741,0.406364186035066,0.286635827034122,0.576103320372036,0.593635813964934,0.423896679627964,0.713364172965878,267,4.26690755048158e-07,3,863773952
489,-1.47169062882553,0.179946477013651,0.229537094938126,0.16131775219243,0.326605579587953,0.770462905061874,0.673394420412047,0.83868224780757,280,2.87420648348211e-16,4,813124082
65,-1.04127204612497,0.160137730575261,0.353005357141777,0.257912156525858,0.483159785290307,0.646994642858223,0.516840214709694,0.742087843474142,303,7.90732998576416e-11,3,373059118
638,-0.667644483374414,0.170518016679667,0.512915336561181,0.367198151319377,0.716458243415418,0.487084663438819,0.283541756584582,0.632801848680623,261,9.02583075219024e-05,4,368848406
739,-1.14316386085711,0.174445705234131,0.318808757941714,0.226486223258731,0.448764709296377,0.681191242058286,0.551235290703624,0.773513776741269,263,5.63467219584598e-11,3,20518639
564,-0.972450289998806,0.187943664047107,0.378155311789837,0.261632847706695,0.546572959352494,0.621844688210163,0.453427040647506,0.738367152293305,278,2.28940531429546e-07,5,352488545
289,-1.1062129919095,0.170395555082715,0.330809369686454,0.236884607879932,0.461975305410378,0.669190630313546,0.538024694589622,0.763115392120068,285,8.46875982823012e-11,4,323444411
764,-0.839152451372063,0.177471580512563,0.432076574191876,0.305138240519314,0.611821598130935,0.567923425808124,0.388178401869065,0.694861759480686,253,2.26322216566241e-06,4,514313347
914,-1.17350781949187,0.184113450903861,0.309280137329705,0.215592861087875,0.443679827170591,0.690719862670295,0.556320172829409,0.784407138912125,256,1.84365060942515e-10,3,628527636
864,-1.27761362807678,0.182510596430606,0.278701593170098,0.194888471731333,0.398559121252851,0.721298406829902,0.601440878747149,0.805111528268667,273,2.55567879459524e-12,5,264155276
839,-1.02908903502925,0.167479881673827,0.357332329581926,0.257343484402123,0.496171076804588,0.642667670418074,0.503828923195412,0.742656515597877,269,8.01889349311322e-10,3,621045429
789,-0.890566916576878,0.173460855681213,0.410423011177482,0.292133629407514,0.576609575712404,0.589576988822518,0.423390424287596,0.707866370592486,278,2.83483981825395e-07,4,861743989
115,-1.17154463561197,0.170642995517881,0.30988790749678,0.221795662305321,0.432968409817404,0.69011209250322,0.567031590182596,0.778204337694679,287,6.62719594085357e-12,4,808145329
590,-1.01366092344134,0.177410213230265,0.362888039492773,0.256307200529239,0.513788644778577,0.637111960507227,0.486211355221423,0.743692799470761,272,1.10574434413367e-08,4,885565024
939,-1.16265728758892,0.186571006805584,0.312654263755903,0.216897640067541,0.450685810202018,0.687345736244097,0.549314189797982,0.783102359932459,282,4.61357103808314e-10,5,553341115
814,-0.704534418682443,0.187337649743273,0.494338675538433,0.34242265721616,0.713652326980305,0.505661324461568,0.286347673019695,0.657577342783841,258,0.000169388938044122,4,154111545
715,-1.04019855007775,0.169528948444237,0.353384510470704,0.25348029686617,0.492663981321406,0.646615489529296,0.507336018678594,0.74651970313383,282,8.47228098173868e-10,4,252445273
989,-0.786554764299169,0.168965526939267,0.455411094158818,0.327024197703646,0.634201585507383,0.544588905841182,0.365798414492617,0.672975802296354,279,3.23792435337254e-06,3,452669879
215,-0.754333774815269,0.166115736904123,0.470323851970846,0.339624515974587,0.6513208420715,0.529676148029154,0.3486791579285,0.660375484025413,270,5.59844926910639e-06,3,885438800
90,-1.0453797791594,0.173148055863408,0.351558279513969,0.250387957830264,0.493606900930134,0.648441720486032,0.506393099069866,0.749612042169736,294,1.56529168567486e-09,5,208129933
139,-1.01452709684319,0.187823018403697,0.362573851615352,0.250911887228026,0.523928137991015,0.637426148384648,0.476071862008985,0.749088112771974,290,6.60838539812996e-08,5,625503128
315,-0.945294607435372,0.164147351311345,0.38856507987597,0.281670451201991,0.536026482915478,0.61143492012403,0.463973517084522,0.718329548798009,297,8.47053182737873e-09,3,636485209
465,-0.806530901480901,0.157090813223171,0.446404002634143,0.328104462621688,0.60735697398165,0.553595997365858,0.39264302601835,0.671895537378312,296,2.83392231993659e-07,3,566700519
165,-0.960373155365173,0.173960294429277,0.382750034095054,0.272169820566749,0.538258019550836,0.617249965904946,0.461741980449164,0.72783017943325,281,3.37756153410355e-08,4,69496471
690,-1.30024595043391,0.168844788666656,0.272464771963532,0.195699363855146,0.379342326406787,0.727535228036468,0.620657673593213,0.804300636144854,269,1.35179371986987e-14,3,721261026
964,-1.17030508347492,0.167978770612848,0.310272267882921,0.223233398671692,0.431247657339989,0.689727732117079,0.568752342660011,0.776766601328308,290,3.23811914298149e-12,5,357857437
365,-0.845705351891257,0.171200376877185,0.429254475947568,0.306894289456255,0.600400240250432,0.570745524052432,0.399599759749568,0.693105710543745,286,7.81799502287608e-07,3,309346632
414,-0.737977423495646,0.18259371423063,0.478079891467291,0.3342538558664,0.683792807813508,0.521920108532709,0.316207192186492,0.6657461441336,270,5.30794646768428e-05,5,703555719
190,-1.03484413526099,0.170102340098367,0.35528175250723,0.254554939105499,0.495865938049214,0.64471824749277,0.504134061950786,0.745445060894501,281,1.17472450871857e-09,4,666872499
665,-1.20851863252954,0.184516929959007,0.298639346530485,0.208010822416236,0.42875393818545,0.701360653469515,0.57124606181455,0.791989177583764,271,5.76776919032631e-11,3,121489295
615,-1.20959262248509,0.17556754166322,0.298318783043775,0.211464386292292,0.42084673394464,0.701681216956225,0.57915326605536,0.788535613707708,262,5.59439115074078e-12,3,96526320
515,-1.28908211764068,0.163927298332081,0.275523565279995,0.199812926341897,0.379921541685974,0.724476434720005,0.620078458314026,0.800187073658103,278,3.72822552092522e-15,3,810870353
540,-0.898075763495728,0.162868686517672,0.407352749104343,0.296030578787385,0.560537573120259,0.592647250895657,0.439462426879741,0.703969421212615,289,3.50550405546528e-08,4,837388094
890,-1.00580714198481,0.168538494880088,0.365749304013924,0.26285926030509,0.508913223111887,0.634250695986076,0.491086776888113,0.73714073969491,290,2.40446666772737e-09,3,717130082
390,-1.22688375794205,0.171909004540822,0.29320485280145,0.209335046884789,0.410676984029504,0.70679514719855,0.589323015970496,0.790664953115211,300,9.55142384244398e-13,4,7351679
440,-0.859608616399161,0.172905354789138,0.423327733431715,0.301647282017657,0.594092440328845,0.576672266568285,0.405907559671155,0.698352717982343,265,6.64177480104899e-07,4,397289617
340,-1.17006802459604,0.17687019102581,0.310345829397751,0.219428853478833,0.438932858179788,0.689654170602249,0.561067141820212,0.780571146521167,289,3.70534768949176e-11,4,228517832
15,-1.06251876913697,0.174935054028231,0.345584266197677,0.245272565477875,0.486921498173671,0.654415733802323,0.513078501826329,0.754727434522125,293,1.24926134062421e-09,4,438666309
66,-1.1323913379493,0.1820623996006,0.322261697633871,0.225546916983155,0.460447888851527,0.677738302366129,0.539552111148473,0.774453083016845,270,4.97795522264265e-10,3,520286307
41,-0.78400496871192,0.172023683329401,0.456573781034091,0.325899837249867,0.639643208437506,0.543426218965909,0.360356791562494,0.674100162750133,259,5.17560196646817e-06,3,601493331
740,-0.952331353588831,0.166923852271886,0.385840443574493,0.278177440922885,0.535172253378488,0.614159556425507,0.464827746621512,0.721822559077115,303,1.16217221144816e-08,4,48108651
490,-1.13346043528602,0.190433677322674,0.321917352613172,0.221639390646208,0.467564820546244,0.678082647386828,0.532435179453756,0.778360609353792,250,2.64892278016165e-09,5,390638748
265,-1.10396815680082,0.170760201330577,0.331552816319155,0.237247352326255,0.463344559723452,0.668447183680845,0.536655440276548,0.762752647673745,299,1.01285255368049e-10,3,184779831
240,-1.0819996468837,0.165028335954422,0.338917133009275,0.245256852075068,0.468345010854451,0.661082866990725,0.531654989145549,0.754743147924932,282,5.51046481898477e-11,3,266495134
290,-1.09731441150733,0.173054394405439,0.333766239922612,0.237759696985621,0.468539892691804,0.666233760077388,0.531460107308196,0.76224030301438,283,2.28479894001766e-10,4,600031316
765,-1.16093095811535,0.169885503615986,0.31319447418289,0.224495318124151,0.436939083978805,0.68680552581711,0.563060916021195,0.775504681875849,279,8.28050298837516e-12,3,511062080
915,-0.846206711907995,0.159177061745013,0.42903931885641,0.314054726484492,0.586123123142558,0.57096068114359,0.413876876857442,0.685945273515508,301,1.0599465884182e-07,3,138296700
639,-0.816584087431016,0.178017028139112,0.441938703038005,0.311769529630372,0.626455758760228,0.558061296961995,0.373544241239772,0.688230470369628,264,4.49419109099149e-06,3,992392718
565,-1.02563712568393,0.170743427618823,0.358567939770044,0.25658684506768,0.501081680150128,0.641432060229956,0.498918319849872,0.74341315493232,281,1.89114786610205e-09,4,625957178
865,-1.08605432312271,0.178341957159247,0.337545715968003,0.237972981208941,0.478781707862517,0.662454284031997,0.521218292137483,0.762027018791059,279,1.13101442819167e-09,5,461005892
790,-0.92819417880836,0.169866922536891,0.395266847528331,0.283334463558081,0.551418555981483,0.604733152471669,0.448581444018517,0.716665536441919,272,4.64885790872058e-08,3,155339966
591,-1.09362696961475,0.18881503148951,0.334999255477505,0.2313791363312,0.485024289354433,0.665000744522495,0.514975710645567,0.7686208636688,255,6.95305336944974e-09,4,551374521
815,-1.14586683495488,0.164518268847447,0.317948189697638,0.230312840840579,0.438929288367295,0.682051810302362,0.561070711632704,0.769687159159421,275,3.28444979965934e-12,4,855041530
116,-0.811935194982179,0.19476213266952,0.443998011580526,0.303109255103308,0.650373523633492,0.556001988419474,0.349626476366508,0.696890744896692,246,3.06132939094963e-05,5,174046070
216,-0.900686776296538,0.175216198638163,0.406290533195117,0.288198956798977,0.572770974598331,0.593709466804883,0.427229025401669,0.711801043201024,263,2.74108996550783e-07,3,772529292
940,-1.02783656747614,0.167622628937762,0.35778015711659,0.257593921114577,0.496931916221093,0.64221984288341,0.503068083778907,0.742406078885423,294,8.68637991314022e-10,4,898432621
716,-0.767270647368509,0.179478493275339,0.464278520394557,0.326592510578963,0.660010678498527,0.535721479605443,0.339989321501473,0.673407489421037,283,1.91136871161462e-05,5,557666177
990,-1.04937551619229,0.175258738261808,0.350156347817755,0.248359910919266,0.493676565848526,0.649843652182245,0.506323434151474,0.751640089080734,288,2.12987683559447e-09,4,157869040
840,-1.0125612148389,0.164057084737434,0.363287330102945,0.263393230006372,0.501067108710929,0.636712669897055,0.498932891289071,0.736606769993628,296,6.74291920088643e-10,3,488841657
316,-1.12910306219529,0.17103546774778,0.323323127140686,0.231233693641183,0.452087422459499,0.676676872859314,0.547912577540501,0.768766306358817,271,4.06818878246323e-11,3,10579653
466,-1.08467007115019,0.174119733511143,0.338013287835126,0.240282857227421,0.475493691357991,0.661986712164874,0.524506308642009,0.759717142772579,266,4.6807727423577e-10,3,677773346
140,-1.00142933576949,0.170661012693718,0.367353993537323,0.262916503548094,0.513276856898159,0.632646006462677,0.486723143101841,0.737083496451906,305,4.41231119560579e-09,4,503314327
91,-1.12333888446387,0.175644571449027,0.325192200771394,0.230478909745042,0.458827089903907,0.674807799228605,0.541172910096093,0.769521090254958,271,1.5999882663911e-10,4,451757613
191,-0.867671551168288,0.165091091175904,0.419928193084375,0.303843004347305,0.58036448041945,0.580071806915625,0.41963551958055,0.696156995652695,278,1.47451321970927e-07,4,210646561
166,-0.91100107683776,0.16967017698335,0.40212146798483,0.288359154088558,0.560764840378934,0.59787853201517,0.439235159621066,0.711640845911442,269,7.90661006108385e-08,4,493732551
965,-1.14934644204161,0.165304943619982,0.316843777498134,0.229159232644946,0.438079575413961,0.683156222501866,0.561920424586039,0.770840767355054,294,3.57887682399026e-12,3,163486671
666,-1.04040760854517,0.167889562524573,0.353310640168409,0.254242916586875,0.490980870310921,0.646689359831591,0.509019129689079,0.745757083413125,287,5.75582323175473e-10,3,154809770
415,-1.14717423035487,0.171544419965764,0.317532777310287,0.226866142683963,0.444434164893622,0.682467222689713,0.555565835106378,0.773133857316037,280,2.27278223631332e-11,4,586096643
616,-0.765698466601609,0.174528725131311,0.46500902424639,0.330295198945609,0.654667077574409,0.53499097575361,0.345332922425591,0.669704801054391,270,1.14800929432459e-05,5,862422924
691,-1.1671775072473,0.188707416384011,0.311244187135561,0.215017201522051,0.450535786625153,0.688755812864439,0.549464213374847,0.784982798477949,272,6.20563050712889e-10,5,775489903
366,-0.821643410823195,0.185789008244393,0.439708438791145,0.305506820261247,0.632861521647251,0.560291561208855,0.367138478352749,0.694493179738753,252,9.7585964589973e-06,4,943807835
441,-0.819051801107107,0.17036995059386,0.440849469367687,0.315697510746647,0.61561541673903,0.559150530632313,0.38438458326097,0.684302489253353,274,1.52837208059731e-06,4,995046216
391,-0.860652315206123,0.165798212178059,0.422886137268159,0.305559474600033,0.585263099197531,0.577113862731841,0.414736900802469,0.694440525399967,270,2.09209673015063e-07,3,551116834
891,-1.19022622481644,0.169438783322008,0.304152449451164,0.218205033467574,0.423953155603488,0.695847550548836,0.576046844396512,0.781794966532426,296,2.14802476517008e-12,4,926088274
516,-0.99430297389163,0.18053947080157,0.36998124127287,0.259719303143923,0.527054081990812,0.63001875872713,0.472945918009188,0.740280696856077,280,3.6417338558692e-08,4,654364543
541,-0.903690454197342,0.16790399765024,0.405071998258626,0.291482228002337,0.562927369183965,0.594928001741374,0.437072630816035,0.708517771997663,287,7.35868907230453e-08,4,859393998
341,-0.92970501065737,0.173101397687252,0.394670116679722,0.281118914526209,0.55408758696478,0.605329883320278,0.44591241303522,0.718881085473791,270,7.83579172575886e-08,3,791646101
16,-1.1295682460461,0.173394018705994,0.32317275742084,0.230060197085529,0.453970884412315,0.67682724257916,0.546029115587685,0.769939802914472,275,7.29520469418977e-11,3,59291253
67,-1.01155549548075,0.172379554499629,0.363652878992385,0.259392423848225,0.509819887711246,0.636347121007615,0.490180112288754,0.740607576151775,270,4.40585645113433e-09,4,284645459
42,-0.87452313497047,0.171791060923038,0.417060854002632,0.297831488501366,0.584020705186809,0.582939145997368,0.415979294813191,0.702168511498634,283,3.56893259788144e-07,4,49926433
491,-0.844671846526342,0.167187042089596,0.42969834208088,0.309637683573832,0.596311996188376,0.57030165791912,0.403688003811624,0.690362316426168,278,4.36620443583149e-07,3,251789347
291,-1.10997406164092,0.175566743883796,0.329567509404724,0.233615528256604,0.464929467941574,0.670432490595276,0.535070532058426,0.766384471743396,281,2.57808343302973e-10,5,659642027
916,-1.27047854689017,0.189976518194003,0.280697262830208,0.193432690361024,0.407330080625537,0.719302737169792,0.592669919374463,0.806567309638976,263,2.26928853590628e-11,4,259199734
766,-0.957452757665129,0.171994429619033,0.383869450188811,0.27401959919048,0.537756259857266,0.616130549811189,0.462243740142734,0.72598040080952,270,2.59510383016771e-08,4,142354416
816,-1.3312940218897,0.172049231750356,0.264135243271508,0.188528833733549,0.370062368479414,0.735864756728492,0.629937631520586,0.811471166266451,267,1.01098756643218e-14,4,774048725
241,-1.17884728577181,0.180723884138981,0.307633147401928,0.215874169462449,0.438394985449513,0.692366852598072,0.561605014550487,0.784125830537551,256,6.89520326980019e-11,3,222112528
741,-1.2407055316014,0.168981672471536,0.289180120235505,0.207649540099869,0.402722500127868,0.710819879764495,0.597277499872132,0.792350459900131,275,2.10034021786228e-13,4,170623479
866,-1.06562038960253,0.175147711906155,0.344514055516693,0.244411109398642,0.485615955594606,0.655485944483307,0.514384044405394,0.755588890601358,285,1.17129963442575e-09,4,377520483
266,-1.14856336113098,0.178054470125988,0.317091988984099,0.223678906223672,0.449516367794412,0.682908011015901,0.550483632205588,0.776321093776328,257,1.11386738874139e-10,3,439915168
592,-1.03536328476588,0.158896952975664,0.355097356030131,0.260072305162023,0.484842598603621,0.644902643969869,0.515157401396379,0.739927694837976,299,7.22350202090317e-11,4,182957270
117,-1.1991479160504,0.183321423097679,0.301450964037532,0.210461760453276,0.431777647034039,0.698549035962468,0.568222352965961,0.789538239546724,285,6.10141895746017e-11,5,361271880
566,-1.10139125746761,0.158650442105314,0.332408296319979,0.243572555869971,0.453644192662401,0.667591703680021,0.546355807337599,0.756427444130029,307,3.85899602712569e-12,3,412306271
640,-1.03311654347406,0.168305279808205,0.355896064832582,0.255894806692786,0.494976864127535,0.644103935167418,0.505023135872465,0.744105193307214,267,8.33835257738053e-10,3,360161397
717,-1.21907636453929,0.164437481245144,0.29550297794483,0.214088048821589,0.407878956601789,0.704497022055171,0.592121043398211,0.785911951178411,281,1.22901317832559e-13,3,721477402
991,-1.08269306173659,0.175664578311072,0.338682204296291,0.240030493230062,0.477879430914858,0.661317795703709,0.522120569085142,0.759969506769938,277,7.1194228099419e-10,4,907341176
791,-1.40189733230531,0.180306901150181,0.246129531133436,0.172856697702687,0.350462243587241,0.753870468866564,0.649537756412759,0.827143302297313,277,7.54104725843549e-15,3,269582535
317,-1.28903505030028,0.181334575513742,0.275536533746625,0.193119852103709,0.39312572271614,0.724463466253375,0.60687427728386,0.806880147896291,259,1.17225541187693e-12,4,402818135
841,-1.06603001268167,0.179257019033437,0.344372963507709,0.24235121241405,0.489342458054098,0.655627036492291,0.510657541945902,0.75764878758595,284,2.73208234214609e-09,5,645184960
467,-1.22334443376972,0.170679798713725,0.294244438454505,0.210583992301161,0.411141362718528,0.705755561545495,0.588858637281472,0.789416007698839,268,7.63895483549107e-13,3,829127570
92,-1.23605762999566,0.179493473967695,0.290527329403209,0.20436281203077,0.413020981123768,0.709472670596791,0.586979018876232,0.79563718796923,261,5.72359052732596e-12,3,163320435
141,-1.48837124661339,0.181653463876007,0.22574003111629,0.158119295905279,0.322279209230164,0.77425996888371,0.677720790769836,0.841880704094721,284,2.53811889634083e-16,4,757224656
941,-1.13362359582793,0.178266507392769,0.321864832688176,0.226951366268568,0.456472116580228,0.678135167311824,0.543527883419773,0.773048633731433,291,2.02872221533204e-10,5,221762662
217,-1.07798829042419,0.163657326612877,0.340279380844179,0.246905216123622,0.468965617031448,0.659720619155821,0.531034382968552,0.753094783876378,319,4.4921825185802e-11,4,557299642
416,-0.971758316551011,0.17501408799157,0.378417075781159,0.268533494572686,0.533264885524374,0.621582924218841,0.466735114475626,0.731466505427314,266,2.81680927977534e-08,3,985663699
167,-1.04051490489635,0.174916788102808,0.35327273325956,0.250738300847337,0.497736578906892,0.64672726674044,0.502263421093108,0.749261699152663,295,2.70399376499822e-09,5,266841332
667,-0.8599669130413,0.172907852495656,0.42317608369572,0.301537746013332,0.593882524425746,0.57682391630428,0.406117475574254,0.698462253986668,278,6.57357221517841e-07,4,127225963
966,-0.915925383013383,0.181400486020126,0.400146166243518,0.280420840503638,0.570988069473774,0.599853833756482,0.429011930526226,0.719579159496362,245,4.436890422109e-07,4,557733201
692,-1.51122633740668,0.172206599601322,0.220639233835653,0.157434611732266,0.309218354032416,0.779360766164347,0.690781645967584,0.842565388267734,278,1.69906453676987e-18,3,135677641
617,-0.913141494912388,0.186882075488671,0.401261680407246,0.278197598383911,0.578764651810736,0.598738319592754,0.421235348189264,0.721802401616089,238,1.02805527018489e-06,4,860214437
192,-1.28257129520269,0.172599457910483,0.277323302819102,0.197728576110076,0.388958519802824,0.722676697180898,0.611041480197176,0.802271423889924,274,1.07851864351827e-13,3,317679582
367,-0.971673155489624,0.179065793771253,0.378449303553236,0.266432150604799,0.537562283811515,0.621550696446764,0.462437716188485,0.733567849395201,289,5.75190448909784e-08,4,644899544
392,-1.00070712767558,0.172653501167962,0.367619395390934,0.262080971413875,0.515657505153924,0.632380604609066,0.484342494846076,0.737919028586125,282,6.78978361504344e-09,3,739639254
68,-1.05117599437224,0.167209394159048,0.349526466168177,0.251855344814829,0.485075076099083,0.650473533831823,0.514924923900917,0.748144655185171,286,3.24526301434809e-10,3,299968361
517,-0.945651509483641,0.167243768146061,0.388426424947662,0.279866305083387,0.53909700759678,0.611573575052338,0.46090299240322,0.720133694916613,279,1.56455067911205e-08,3,759211531
342,-1.01666304998588,0.160682756335767,0.361800237353563,0.264055633431804,0.495726639298916,0.638199762646437,0.504273360701084,0.735944366568196,297,2.49739147645247e-10,3,676633091
17,-1.08523029656275,0.169417454073509,0.337823977234751,0.242371791102282,0.470867666058316,0.662176022765249,0.529132333941684,0.757628208897718,272,1.4972208859316e-10,3,457870639
542,-0.745156073774184,0.167240383540378,0.474660212147717,0.342001142160683,0.658776504583316,0.525339787852283,0.341223495416684,0.657998857839317,288,8.3659306007645e-06,3,19867556
43,-1.31852750314116,0.174930715548553,0.26752894760874,0.189875742917782,0.376939869773842,0.73247105239126,0.623060130226158,0.810124257082218,269,4.79334701141378e-14,3,524977623
442,-0.933509177634128,0.172749794805071,0.393171577808378,0.280244580925717,0.551603492512507,0.606828422191622,0.448396507487493,0.719755419074283,261,6.52356080823718e-08,3,317983079
892,-0.9468985651588,0.17416011801925,0.3879423374748,0.275753997529503,0.545773619072592,0.6120576625252,0.454226380927408,0.724246002470497,271,5.42025893872367e-08,3,656898306
492,-1.14377230207491,0.174592294847949,0.318614840552435,0.226283438701936,0.4486206202389,0.681385159447565,0.5513793797611,0.773716561298064,304,5.71132187886021e-11,5,446923070
292,-1.15970533643364,0.169209211629224,0.313578567449478,0.225068765938338,0.436895441949535,0.686421432550522,0.563104558050465,0.774931234061662,292,7.19753352277088e-12,4,945963489
767,-0.772650210086553,0.17460699201075,0.461787610984329,0.327956721524126,0.650231520389581,0.53821238901567,0.349768479610419,0.672043278475875,286,9.64057776930845e-06,4,192485852
242,-0.847541546040744,0.174276995245132,0.428467004586599,0.304489650762011,0.602923526497462,0.571532995413401,0.397076473502538,0.695510349237989,291,1.15510862759306e-06,4,767666655
267,-1.05575377790107,0.174105774406576,0.347930066442507,0.247339145548085,0.489430538245119,0.652069933557493,0.510569461754881,0.752660854451915,262,1.32889345614351e-09,4,767228315
867,-1.19968746739135,0.175724133008166,0.301288359636312,0.213503844531586,0.425166468788858,0.698711640363688,0.574833531211142,0.786496155468414,286,8.66440429438602e-12,4,630486898
593,-1.000058475829,0.158914738790466,0.367857929745104,0.269408721840904,0.50228313156196,0.632142070254896,0.49771686843804,0.730591278159096,297,3.11287018411581e-10,3,563565814
917,-1.26269072012707,0.181569293414635,0.2828918188052,0.198183879299148,0.403805705236581,0.7171081811948,0.596194294763419,0.801816120700852,274,3.54270083322632e-12,4,62911175
817,-1.16635011546682,0.158288008179267,0.311501814582438,0.228415506720575,0.424810827781734,0.688498185417562,0.575189172218266,0.771584493279425,297,1.72518254088334e-13,3,321584464
118,-0.87616143944339,0.170695582248823,0.416378140738839,0.297983062014042,0.581814130351352,0.583621859261161,0.418185869648648,0.702016937985958,296,2.85328526141424e-07,5,853639893
792,-1.11896745501504,0.185612650591661,0.326616867180014,0.227009919265698,0.469929147904887,0.673383132819986,0.530070852095113,0.772990080734302,258,1.65479623344753e-09,4,35798729
742,-1.17587166666633,0.180372850773483,0.308549909764175,0.216666503471096,0.43939900856978,0.691450090235825,0.56060099143022,0.783333496528903,276,7.07226085894228e-11,4,825669918
718,-0.974631599111821,0.169221854436669,0.377331337160492,0.270820147928069,0.52573244307193,0.622668662839508,0.47426755692807,0.729179852071931,289,8.43683961480893e-09,4,556764739
992,-0.696510171712423,0.178704014990762,0.498321328684259,0.351072120544114,0.707330864771537,0.501678671315741,0.292669135228463,0.648927879455886,259,9.71655161860277e-05,4,718922486
468,-1.18661561207707,0.170639714549218,0.305252611093494,0.218479452684462,0.426489335424918,0.694747388906506,0.573510664575082,0.781520547315538,288,3.55262964551175e-12,4,362653120
641,-0.8680377852378,0.157952343817723,0.419774429231818,0.308011336337835,0.572091188369854,0.580225570768182,0.427908811630146,0.691988663662165,288,3.89455686422562e-08,3,792617348
567,-1.08740381394788,0.173468104587756,0.337090508339568,0.239933122335814,0.473590347620243,0.662909491660432,0.526409652379757,0.760066877664186,269,3.64286334856822e-10,4,837349471
93,-0.793832590145425,0.167317179247852,0.452108723143949,0.325703364900264,0.62757195525273,0.547891276856051,0.37242804474727,0.674296635099736,290,2.09045225354212e-06,4,512526743
142,-0.924367484708445,0.162829018414152,0.396782310599138,0.288371270196297,0.545949677640295,0.603217689400862,0.454050322359705,0.711628729803703,300,1.37140715590583e-08,4,820894244
942,-1.22203966628008,0.175580241360284,0.294628609604318,0.208843394658447,0.4156512478613,0.705371390395682,0.5843487521387,0.791156605341553,296,3.40256418064055e-12,4,13610082
842,-1.00827822304198,0.18202054668269,0.364846623594676,0.25537251951841,0.521250520609909,0.635153376405324,0.478749479390091,0.74462748048159,259,3.03570567607451e-08,4,676217019
318,-0.946877316742421,0.161360561214026,0.387950580722696,0.28276525724503,0.532263597548889,0.612049419277304,0.467736402451111,0.71723474275497,296,4.40860078512141e-09,3,475255272
168,-1.00742582101446,0.178634561266754,0.365157752180841,0.257292135026046,0.518244306085246,0.634842247819159,0.481755693914754,0.742707864973954,270,1.70454789831899e-08,4,417756458
218,-0.877722784112986,0.17345611941784,0.415728538206952,0.295912779754875,0.584057970131795,0.584271461793048,0.415942029868205,0.704087220245124,283,4.18815308222477e-07,5,796107791
668,-0.957593035775259,0.182062273634823,0.383815605484507,0.268627790753302,0.548396048675123,0.616184394515493,0.451603951324877,0.731372209246698,266,1.44290204419515e-07,5,115622871
967,-0.813529842822819,0.176268251133572,0.443290555331816,0.313796915995258,0.626221949387673,0.556709444668184,0.373778050612327,0.686203084004742,259,3.92538790869043e-06,3,116461549
193,-0.980845092656919,0.168416781636903,0.374994060180095,0.269567644788685,0.521652163710469,0.625005939819905,0.478347836289531,0.730432355211315,262,5.74846742874664e-09,3,702238735
368,-1.18253237416266,0.180323205241941,0.306501578308408,0.215249090282368,0.436439556526387,0.693498421691592,0.563560443473613,0.784750909717632,273,5.45893959757124e-11,4,24471133
417,-0.912890785675384,0.164863058179954,0.40136229302871,0.290539295862106,0.554457495283945,0.59863770697129,0.445542504716055,0.709460704137894,287,3.0722785795794e-08,3,830712186
69,-1.05439586364676,0.172431625096036,0.348402846564017,0.248489263743398,0.488490092752087,0.651597153435983,0.511509907247913,0.751510736256602,286,9.66396009568064e-10,5,287839992
693,-0.835747444281218,0.173829225735041,0.433550305599856,0.308372606387193,0.609541391136793,0.566449694400144,0.390458608863207,0.691627393612807,289,1.52550748614698e-06,4,441651959
393,-1.06611726567943,0.170144914028353,0.344342917245128,0.246696814166167,0.480638734868375,0.655657082754872,0.519361265131625,0.753303185833833,270,3.70590800933619e-10,3,797307400
618,-1.04084011266331,0.172614313833739,0.353157864901903,0.251790483745899,0.49533435770327,0.646842135098097,0.50466564229673,0.748209516254101,265,1.64101973814066e-09,4,256814882
518,-0.94878198099497,0.170100794376563,0.387212368366351,0.277433667136746,0.540429789085321,0.612787631633649,0.459570210914679,0.722566332863254,281,2.43630747663877e-08,3,132689928
44,-1.09116929999354,0.156933206953138,0.335823585521351,0.246904727941007,0.456765172270667,0.664176414478649,0.543234827729333,0.753095272058993,295,3.57393333997105e-12,3,184336539
343,-1.08390122797632,0.168946035866662,0.338273266972939,0.242918477952334,0.471058455960679,0.661726733027062,0.528941544039321,0.757081522047666,280,1.40209141734953e-10,4,893719855
18,-1.27505862530122,0.178355641574011,0.279414586976908,0.196984691925407,0.396337962368365,0.720585413023092,0.603662037631635,0.803015308074593,267,8.7433239044982e-13,4,947467753
443,-1.19292816852971,0.176336738769765,0.303331755885693,0.214693934473109,0.428564292486904,0.696668244114307,0.571435707513096,0.785306065526891,266,1.33256310468062e-11,4,972802513
893,-0.945542607093506,0.170076278757977,0.38846872781713,0.278347209908427,0.542157230681445,0.61153127218287,0.457842769318555,0.721652790091573,277,2.7051637815669e-08,4,95351101
493,-0.862812802166834,0.175129047672089,0.42197348352598,0.299374665468393,0.594778521156628,0.57802651647402,0.405221478843372,0.700625334531607,265,8.36189576240655e-07,4,216472297
543,-1.10234030860219,0.166132614242253,0.332092973501619,0.2397989897761,0.459909122853771,0.667907026498381,0.540090877146229,0.7602010102239,315,3.23835621494496e-11,3,56491048
293,-1.34965822109093,0.179475854260854,0.259328878642381,0.182423489124771,0.36865574505001,0.740671121357619,0.63134425494999,0.817576510875229,292,5.4776715967727e-14,4,452214198
768,-1.27383644133187,0.168501924661518,0.279756291776442,0.20107161416637,0.389232379284276,0.720243708223558,0.610767620715724,0.79892838583363,295,4.03770797676125e-14,3,77862218
243,-0.989764803357877,0.16551208288209,0.371664094890211,0.268699257998794,0.51408478184625,0.628335905109789,0.48591521815375,0.731300742001206,283,2.23116535440111e-09,4,569749169
743,-1.17119749096157,0.172232730257582,0.309995502100457,0.221182430805774,0.434470364451777,0.690004497899543,0.565529635548223,0.778817569194226,275,1.04556239612943e-11,4,148724041
868,-1.1313389050059,0.165323695813311,0.322601034994443,0.233314629620026,0.446056160082955,0.677398965005557,0.553943839917045,0.766685370379974,289,7.74571843551278e-12,3,957054659
594,-0.765799398874546,0.16634763834808,0.464962092197156,0.335600176337378,0.644188419504946,0.535037907802844,0.355811580495054,0.664399823662622,294,4.1523274581271e-06,3,373846406
119,-1.00649104638724,0.179083305878111,0.365499251970315,0.257306351156758,0.519185409105869,0.634500748029684,0.480814590894131,0.742693648843242,270,1.90693063362748e-08,3,112014038
993,-0.994523146021951,0.166400827904966,0.369899790681705,0.266958309835056,0.512536415258656,0.630100209318295,0.487463584741344,0.733041690164944,277,2.27742276606581e-09,3,620733492
268,-0.705836378120535,0.171711478392819,0.493695485428774,0.352612805788599,0.691226263855201,0.506304514571226,0.308773736144799,0.647387194211401,272,3.9464053584837e-05,4,389036088
719,-1.0806479086229,0.182950480086309,0.339375570038836,0.237111624198837,0.485744964753821,0.660624429961164,0.514255035246179,0.762888375801163,269,3.48862923048827e-09,4,355063284
918,-0.922578749280808,0.181616905711367,0.39749268432108,0.278443157311147,0.567442330472572,0.60250731567892,0.432557669527428,0.721556842688853,247,3.77819378814237e-07,5,987440526
469,-0.869013825927084,0.178171560063901,0.419364912193724,0.295755060148928,0.594637094258647,0.580635087806276,0.405362905741353,0.704244939851072,315,1.07493744035237e-06,5,303276510
818,-0.987571546570281,0.175524122493688,0.372480144264824,0.264056415107532,0.525423545627717,0.627519855735176,0.474576454372283,0.735943584892468,247,1.83993441155942e-08,3,137246448
568,-0.91858608758993,0.170350529677088,0.399082910639495,0.285798863370523,0.557270129370703,0.600917089360505,0.442729870629297,0.714201136629477,317,6.95503067043199e-08,5,434088784
642,-0.983120990046204,0.177859420030974,0.374141582621225,0.264023002851564,0.530188363644261,0.625858417378775,0.469811636355739,0.735976997148436,282,3.24794532380075e-08,5,394776261
968,-1.0669220642209,0.176203255388117,0.344065902053227,0.243588708039044,0.485988640067527,0.655934097946773,0.514011359932473,0.756411291960956,245,1.40361472985895e-09,3,954250040
94,-0.936012258288589,0.175896352566345,0.392188668302161,0.277825301601383,0.553628307638115,0.607811331697839,0.446371692361885,0.722174698398617,256,1.02980052827324e-07,3,741507859
143,-0.885589880207264,0.170392446913056,0.412470793146594,0.295362182208417,0.576011979349914,0.587529206853406,0.423988020650086,0.704637817791583,271,2.02145096945374e-07,4,395559036
793,-0.966605315632844,0.190764601636816,0.38037209209451,0.261715546771185,0.552825119597688,0.61962790790549,0.447174880402312,0.738284453228815,261,4.04122277828009e-07,4,620426903
219,-1.0029810400553,0.178938320072364,0.366784410797416,0.258284470445172,0.520862922080193,0.633215589202584,0.479137077919807,0.741715529554828,258,2.0804168732966e-08,5,275933759
169,-0.816574619467437,0.164598184602567,0.441942887317358,0.320081018247802,0.610200244674285,0.558057112682642,0.389799755325715,0.679918981752198,287,7.01245546420212e-07,3,141015146
943,-0.908174135920429,0.173998297304361,0.403259849927536,0.286732792925333,0.567143035522713,0.596740150072464,0.432856964477287,0.713267207074667,290,1.79462363605906e-07,4,621553106
669,-1.1996634389207,0.174487150225045,0.301295599221796,0.214027242828261,0.424147117492252,0.698704400778204,0.575852882507748,0.785972757171739,278,6.18298626626955e-12,4,24742585
194,-0.932322640611656,0.173402378025663,0.393638367318384,0.280218658775995,0.552965191190035,0.606361632681616,0.447034808809965,0.719781341224005,268,7.58875315760166e-08,3,768478599
319,-0.808730268119763,0.163563748750555,0.445423275447954,0.323256444532358,0.613760058512691,0.554576724552046,0.386239941487309,0.676743555467642,275,7.6365149237043e-07,3,562071804
843,-1.18865785889058,0.178270505324385,0.304629846057579,0.214797054578481,0.432032661207455,0.695370153942421,0.567967338792545,0.785202945421519,240,2.5980739218746e-11,3,230983256
694,-1.3028027844591,0.195365351057907,0.271769014610983,0.185312472838837,0.398561392933642,0.728230985389017,0.601438607066358,0.814687527161163,267,2.58350492830654e-11,4,24899994
70,-1.21834973526866,0.161791007825294,0.295717777088384,0.215357835405358,0.406063719583241,0.704282222911616,0.593936280416759,0.784642164594642,312,5.05881605038536e-14,5,714888956
394,-1.01974330172086,0.167056273622893,0.360687516155226,0.259975578450905,0.500414250774692,0.639312483844774,0.499585749225308,0.740024421549095,309,1.03323058626312e-09,4,652748844
418,-1.01019600750256,0.172536004346814,0.364147596914951,0.259665669476067,0.510670018899649,0.635852403085049,0.489329981100351,0.740334330523932,290,4.77048244517807e-09,4,474212894
45,-1.02292507395494,0.177225856275332,0.359541714437834,0.254035471691876,0.508866905711858,0.640458285562166,0.491133094288142,0.745964528308124,259,7.83953542929011e-09,4,172709604
619,-1.03059054948493,0.171032350667161,0.35679619253307,0.255174463548403,0.498888177272282,0.64320380746693,0.501111822727718,0.744825536451597,296,1.68373690955002e-09,4,637143040
344,-0.629797676557339,0.177940547685156,0.532699567715108,0.375853912599728,0.754997673114734,0.467300432284892,0.245002326885266,0.624146087400272,271,0.000401081210503808,3,398609735
519,-1.03689709951817,0.173607245722752,0.354553119952313,0.252293787124703,0.498260049526247,0.645446880047687,0.501739950473753,0.747706212875297,302,2.33415645138612e-09,4,279890795
369,-0.999667383988487,0.176174530523289,0.368001824116017,0.260549317052323,0.519768557004202,0.631998175883983,0.480231442995798,0.739450682947677,275,1.39255771091025e-08,3,522816447
19,-1.02479474928559,0.173412282123217,0.358870116194985,0.255463285401119,0.504134126732085,0.641129883805015,0.495865873267915,0.744536714598881,274,3.42969133374401e-09,3,663569079
894,-1.1495294281302,0.16574928270231,0.316785804798857,0.228917854743768,0.438381035128895,0.683214195201143,0.561618964871105,0.771082145256232,274,4.05214227085573e-12,3,840548569
769,-0.961144089127109,0.16708954892868,0.382455072883775,0.275647173699533,0.530648948115013,0.617544927116225,0.469351051884987,0.724352826300467,296,8.80533641465949e-09,3,704033135
494,-0.859399150881914,0.162365499163504,0.423416415281934,0.308007950948392,0.582067638767683,0.576583584718066,0.417932361232317,0.691992049051608,303,1.20331742823403e-07,4,986473486
444,-1.07031517477999,0.180457994933081,0.342900426819304,0.240747564280233,0.48839830660133,0.657099573180696,0.51160169339867,0.759252435719767,260,3.00904136535121e-09,4,192135352
294,-0.864227581001856,0.17102219366872,0.421376906484342,0.301367472147715,0.589176051592203,0.578623093515658,0.410823948407797,0.698632527852285,280,4.34225978955897e-07,4,163203813
544,-0.913422481111223,0.167603855509406,0.401148947251903,0.288829132836123,0.557147668246519,0.598851052748097,0.442852331753481,0.711170867163877,294,5.04011442788552e-08,4,76901637
244,-1.41437894106491,0.176807970020303,0.243076531431166,0.171887309453999,0.343749636435024,0.756923468568834,0.656250363564976,0.828112690546001,306,1.24904882367269e-15,4,607964965
869,-1.10832140389361,0.170770443620838,0.330112622020625,0.236212058838514,0.461341151477082,0.669887377979375,0.538658848522918,0.763787941161487,282,8.57655906459191e-11,3,857550748
595,-1.010009191148,0.170011714797447,0.36421563199636,0.261002307917985,0.508244649821992,0.63578436800364,0.491755350178008,0.738997692082015,285,2.83597887172613e-09,4,367274071
120,-1.07555074344864,0.169873451734205,0.34110983954966,0.24451060646646,0.475872700653399,0.65889016045034,0.524127299346601,0.75548939353354,296,2.42817116941388e-10,4,849305534
994,-1.09721017085104,0.180536634249354,0.333801033747944,0.234322836365353,0.475511187298308,0.666198966252056,0.524488812701692,0.765677163634647,248,1.22075839717363e-09,3,805398131
744,-0.709366678219139,0.172514688063412,0.491955665058847,0.35081745794606,0.689875520450024,0.508044334941153,0.310124479549976,0.64918254205394,287,3.92381465153926e-05,4,82704846
720,-0.989455824392524,0.171422439965831,0.37177894902055,0.265686660427657,0.520235328007596,0.62822105097945,0.479764671992404,0.734313339572343,288,7.83211954392647e-09,4,50568442
470,-0.830961819176035,0.179535914756531,0.435630087385359,0.306405544384333,0.619354239874125,0.564369912614641,0.380645760125875,0.693594455615667,285,3.68523616909982e-06,5,87675513
269,-1.1152347877667,0.180313936542872,0.327838297441096,0.230237565579834,0.466813263067659,0.672161702558904,0.533186736932341,0.769762434420166,295,6.21175576703221e-10,4,549823716
919,-1.07564957995161,0.167200132042823,0.341076127112028,0.245770816641144,0.473339048450169,0.658923872887972,0.526660951549831,0.754229183358856,311,1.24858088574169e-10,4,275759816
819,-1.0857248948202,0.170395634559559,0.337656931397981,0.241787943940182,0.471537999220123,0.662343068602019,0.528462000779877,0.758212056059818,266,1.86836785405129e-10,3,688390714
569,-0.988791045179254,0.166418120705267,0.372026182106393,0.268483835953359,0.515500233677765,0.627973817893607,0.484499766322235,0.731516164046641,275,2.8224168090036e-09,5,494346814
95,-1.02962960042347,0.172735286133499,0.357139220289122,0.254568699555483,0.50103733448551,0.642860779710878,0.49896266551449,0.745431300444517,263,2.51102923368332e-09,3,279465325
220,-0.853799621987225,0.182995295554366,0.425793998193529,0.297463482147716,0.609488356650111,0.574206001806471,0.390511643349889,0.702536517852284,264,3.07580663064016e-06,4,307711518
670,-0.965064900658902,0.162314183341721,0.380958474480995,0.277150429285621,0.523648329367449,0.619041525519005,0.476351670632551,0.722849570714379,303,2.7534562829618e-09,3,342201511
170,-1.25830037714639,0.174326640226372,0.284136541296162,0.201901704068912,0.3998657389845,0.715863458703838,0.6001342610155,0.798098295931088,292,5.27339420993217e-13,4,960056353
643,-1.02505684618113,0.175712509331992,0.358776069776803,0.25424751038309,0.506279365530617,0.641223930223197,0.493720634469383,0.74575248961691,271,5.42064122387798e-09,4,388461311
195,-1.15149057649746,0.183511377654835,0.316165149632362,0.220652488022015,0.453021865912885,0.683834850367638,0.546978134087115,0.779347511977985,272,3.50165130934749e-10,4,720211001
320,-1.05180424193515,0.168214375318484,0.349306945981367,0.251201880275916,0.485726230937483,0.650693054018634,0.514273769062517,0.748798119724084,279,4.03259693484522e-10,3,252777699
969,-0.875612495205453,0.17255449278608,0.41660677186713,0.29706239251424,0.584258414188968,0.58339322813287,0.415741585811032,0.70293760748576,289,3.88697169794175e-07,3,116569651
944,-0.998663087822077,0.16763732009163,0.368371592584657,0.265211887327057,0.511657420755111,0.631628407415343,0.488342579244889,0.734788112672943,280,2.56464689448396e-09,3,262272286
794,-1.00012155244497,0.175364207330758,0.367834727243512,0.260844956911292,0.518708079191742,0.632165272756488,0.481291920808258,0.739155043088708,269,1.17640270149113e-08,4,51225911
144,-0.829053782550633,0.182652114740892,0.43646207903007,0.305121460914142,0.624338733370365,0.56353792096993,0.375661266629635,0.694878539085858,253,5.65277497665863e-06,4,819232080
71,-1.24885465661643,0.168720727549241,0.286833131225539,0.206069620013432,0.399249754346538,0.713166868774461,0.600750245653462,0.793930379986568,288,1.34245371304073e-13,4,196406020
695,-1.22954263314299,0.178505448150027,0.292426293194632,0.206097301864561,0.414916334070929,0.707573706805368,0.585083665929071,0.793902698135439,297,5.6588657672298e-12,5,765421894
46,-0.829278292324432,0.182928266550038,0.436364100026469,0.30488790134188,0.624536516384734,0.563635899973531,0.375463483615266,0.69511209865812,255,5.80548440358511e-06,4,594407284
395,-1.07649896535755,0.175178313810127,0.340786545028152,0.241752174152352,0.48039058874828,0.659213454971848,0.51960941125172,0.758247825847648,285,7.9882380015107e-10,3,825191220
895,-1.14752721765473,0.172459643422794,0.317420712052578,0.22637963059972,0.445074975045437,0.682579287947422,0.554925024954563,0.77362036940028,253,2.85449187320864e-11,3,446756468
844,-0.612567431973275,0.172950057445224,0.541957641953771,0.386144620302567,0.76064269765547,0.458042358046229,0.23935730234453,0.613855379697433,276,0.000397294154529102,4,935149728
370,-1.13677176574896,0.171235482885882,0.320853140827782,0.22937727428566,0.448809666518427,0.679146859172218,0.551190333481574,0.77062272571434,283,3.16577524360955e-11,4,244004609
520,-0.731457937183491,0.163802874708666,0.481206908973935,0.349062017436093,0.663378075177267,0.518793091026065,0.336621924822733,0.650937982563907,301,7.98906287747212e-06,3,5196128
345,-1.27557504637983,0.169025061588689,0.279270328646749,0.20051663269762,0.388954848349539,0.720729671353251,0.611045151650461,0.79948336730238,287,4.4655477356606e-14,4,301395402
20,-0.951939461993164,0.175806857623252,0.385991680833969,0.273483340514784,0.544784839151759,0.614008319166031,0.455215160848241,0.726516659485216,264,6.13953151595762e-08,3,193546534
620,-0.876729688434287,0.161256276351135,0.416141601493492,0.303374827856526,0.57082465845013,0.583858398506508,0.42917534154987,0.696625172143474,289,5.4224147708904e-08,3,879074974
419,-0.938412060231991,0.182038651631635,0.391248621587903,0.273842744858849,0.558990467223576,0.608751378412097,0.441009532776424,0.726157255141151,256,2.53610028799345e-07,4,518252538
495,-0.988379201212598,0.174769307642401,0.372179430399958,0.264233855990668,0.524223241164559,0.627820569600042,0.475776758835441,0.735766144009332,284,1.55541458730699e-08,3,707656745
770,-1.16914829853662,0.183526322746331,0.310631393844885,0.21678411523017,0.44510578064987,0.689368606155115,0.55489421935013,0.78321588476983,265,1.8845405306488e-10,4,716685836
445,-1.13949250900706,0.212331645288599,0.319981368280447,0.211051122831784,0.485134002950716,0.680018631719553,0.514865997049283,0.788948877168216,226,8.02483339733591e-08,5,656065444
545,-0.768021661954605,0.169563497059761,0.463929971352819,0.332751268586011,0.64682253274053,0.536070028647181,0.35317746725947,0.667248731413989,298,5.91501698748082e-06,3,769844533
295,-0.988924183688172,0.166008575890272,0.371976654392325,0.268663660729515,0.515018037933355,0.628023345607675,0.484981962066645,0.731336339270485,299,2.56805221313249e-09,4,742631372
745,-1.17160569843802,0.16397968729316,0.309868985443115,0.224697555291254,0.427324578654563,0.690131014556885,0.572675421345437,0.775302444708746,298,9.0112498683064e-13,4,591804225
596,-1.15838208589517,0.157924919468381,0.313993785115622,0.230406707006096,0.427904631650444,0.686006214884378,0.572095368349556,0.769593292993904,302,2.21692119181981e-13,3,196385762
870,-0.591278615063239,0.166447695935438,0.553618966447997,0.399512548240155,0.767169795694898,0.446381033552003,0.232830204305102,0.600487451759845,287,0.000381822831500725,3,197458222
245,-1.41340368646298,0.172653404951914,0.243313708572316,0.173461753992829,0.341294604813354,0.756686291427684,0.658705395186646,0.826538246007171,261,2.69235722458031e-16,3,826016857
121,-1.01373215649754,0.182159655569684,0.362862190789314,0.253914287207996,0.51855675768478,0.637137809210686,0.48144324231522,0.746085712792004,258,2.62039590128832e-08,5,135946975
721,-1.02606084179513,0.184912131802096,0.358416040940267,0.249453697934908,0.514973558086183,0.641583959059733,0.485026441913817,0.750546302065092,262,2.8745552370748e-08,4,477912313
995,-1.19640888501469,0.18206044076955,0.302277779403332,0.211561235694228,0.431893185068507,0.697722220596668,0.568106814931493,0.788438764305772,283,4.98132784662201e-11,5,779931807
471,-1.00978147546898,0.170620637875455,0.364298579050125,0.260750366191594,0.508967471978257,0.635701420949875,0.491032528021743,0.739249633808406,287,3.25316901995058e-09,4,425456042
270,-0.895119229147532,0.161728144182477,0.408558883609371,0.297571553475512,0.560941929517709,0.591441116390629,0.439058070482291,0.702428446524489,284,3.11734347000265e-08,3,5634603
221,-0.516720070852715,0.180299067377799,0.596473734650081,0.418909761183199,0.849302043290952,0.403526265349919,0.150697956709048,0.581090238816801,249,0.00415818482766445,3,419643272
820,-0.757953667091294,0.164446502164821,0.468624408049567,0.339506261546364,0.646847674677765,0.531375591950433,0.353152325322235,0.660493738453636,329,4.0437683731437e-06,5,219249833
96,-1.15788592971224,0.179722709153974,0.314149613727978,0.220879943565663,0.446803717043231,0.685850386272022,0.553196282956769,0.779120056434337,276,1.17424965183894e-10,4,54617639
671,-0.885573667659697,0.181632893385074,0.412477480403156,0.288930935452553,0.588852389839285,0.587522519596844,0.411147610160715,0.711069064547447,268,1.08465116334174e-06,4,630077485
171,-1.25547421001493,0.17841948984093,0.284940694450379,0.200855409753432,0.404227097759197,0.715059305549621,0.595772902240803,0.799144590246568,289,1.96926890483902e-12,5,226842378
321,-0.869931215802068,0.18019021629175,0.418980367485035,0.294317091569218,0.596447006872552,0.581019632514965,0.403552993127448,0.705682908430782,275,1.38015445531412e-06,5,892784073
570,-0.982721064906888,0.167283273067109,0.374291241169892,0.269660840650668,0.519519010911867,0.625708758830108,0.480480989088133,0.730339159349332,284,4.23884687433017e-09,3,273249621
196,-1.19027775808374,0.180459083791724,0.304136775885544,0.213531468656639,0.433187571967639,0.695863224114456,0.566812428032361,0.786468531343361,284,4.22878227502732e-11,4,676146343
920,-0.980681692178961,0.168843706203856,0.37505533939515,0.26938619081594,0.522174158900829,0.62494466060485,0.477825841099171,0.73061380918406,290,6.31398429711845e-09,4,461021615
644,-1.10733495427462,0.176879270231242,0.330438422157132,0.233631088268991,0.46735882474673,0.669561577842868,0.53264117525327,0.766368911731009,270,3.83991649569787e-10,4,379873484
945,-0.973848446832768,0.183274388572413,0.377626960801202,0.263669290732392,0.540837050563787,0.622373039198798,0.459162949436213,0.736330709267608,242,1.07475078679963e-07,3,760234045
845,-0.952987493431469,0.154684657533639,0.385587361324317,0.284744255368085,0.522144381879998,0.614412638675683,0.477855618120002,0.715255744631915,309,7.23598738663386e-10,3,514574174
795,-1.24429382543364,0.176192633224176,0.288144316489159,0.204002089836403,0.406991649897249,0.711855683510841,0.593008350102751,0.795997910163597,268,1.63979222906624e-12,3,711256944
696,-1.29522833639745,0.181131490928379,0.273835330619467,0.192003911439119,0.390543024532339,0.726164669380533,0.609456975467661,0.807996088560881,238,8.62969661918992e-13,3,538639852
72,-0.784478297099489,0.176434800158193,0.45635772283978,0.322941479229927,0.644891983811195,0.543642277160221,0.355108016188805,0.677058520770073,274,8.73705759881296e-06,4,579209192
970,-0.940831390834685,0.176404444798032,0.390303205922099,0.276214442504189,0.551515667218444,0.609696794077901,0.448484332781556,0.723785557495811,276,9.64029250736587e-08,4,786902195
396,-1.15061293419187,0.168485062773924,0.316442751342916,0.22744710135118,0.440260677241447,0.683557248657084,0.559739322758553,0.77255289864882,276,8.54080316709398e-12,4,287723376
47,-1.16287808571152,0.163836076770879,0.312585237902111,0.226731020557741,0.430949107510571,0.687414762097889,0.569050892489429,0.773268979442259,276,1.26745119125597e-12,3,668658824
145,-0.998315442828233,0.165965037888848,0.368499677387424,0.266175093693155,0.510160475011144,0.631500322612576,0.489839524988856,0.733824906306845,291,1.79647721110957e-09,4,147751394
21,-0.937971114097091,0.158717302154547,0.391421179196887,0.286776730053248,0.534250249298238,0.608578820803113,0.465749750701762,0.713223269946752,300,3.42738231561577e-09,3,491885131
521,-1.4406333350801,0.18699829483921,0.23677775152851,0.16412232285157,0.341597063975265,0.76322224847149,0.658402936024735,0.83587767714843,270,1.31880287673784e-14,4,876790988
346,-0.884218738129274,0.162692534304371,0.413036737113146,0.300264884392745,0.568162829130333,0.586963262886854,0.431837170869667,0.699735115607255,318,5.48251243671151e-08,4,720690867
496,-0.894020656682725,0.161045093041018,0.409007961776446,0.298297717575652,0.560807216884241,0.590992038223554,0.439192783115759,0.701702282424348,313,2.83441887141253e-08,3,192132740
896,-1.07342524878494,0.187196280237385,0.341835637760224,0.236851192192756,0.493354507364448,0.658164362239776,0.506645492635552,0.763148807807244,271,9.79602741536306e-09,5,226217605
371,-1.11986002927493,0.16386857853103,0.326325467438823,0.23668230048874,0.449920887532664,0.673674532561177,0.550079112467336,0.76331769951126,289,8.26417384077071e-12,3,134133788
621,-1.04428162126822,0.164840381947057,0.35194455807143,0.254777966409753,0.486168304510624,0.64805544192857,0.513831695489376,0.745222033590247,285,2.3717509105953e-10,4,700019416
420,-1.10103993306101,0.182584227652585,0.332525099984221,0.23249223708238,0.475598426455573,0.667474900015779,0.524401573544427,0.76750776291762,239,1.63643028317435e-09,4,967717195
446,-1.01396479261855,0.18453419588881,0.362777785754998,0.252676523772485,0.520854568807513,0.637222214245002,0.479145431192487,0.747323476227515,268,3.91318119853958e-08,4,609755581
771,-0.799947343091035,0.163657037751236,0.44935262501453,0.326048465039429,0.61928763131282,0.55064737498547,0.38071236868718,0.673951534960571,288,1.01891634378031e-06,3,173923275
546,-0.959365794771052,0.174668107452806,0.38313579566468,0.272066435424305,0.539548502889284,0.61686420433532,0.460451497110716,0.727933564575695,267,3.96267943694465e-08,3,505422224
296,-1.19877322280396,0.170654301929953,0.301563936841641,0.215833174843318,0.42134768239149,0.698436063158359,0.57865231760851,0.784166825156682,283,2.14725305126292e-12,4,620708710
746,-0.72627042082005,0.166945046450239,0.483709663616275,0.348723233274336,0.670947663793039,0.516290336383725,0.329052336206961,0.651276766725664,295,1.35916553341887e-05,3,724087730
597,-0.954799263324636,0.170569478167893,0.384889398217078,0.275516076718814,0.537681323805628,0.615110601782922,0.462318676194372,0.724483923281186,280,2.17195878634861e-08,3,613405428
246,-1.33447144485605,0.160624290484426,0.263297305829136,0.192186452914129,0.360719864515408,0.736702694170864,0.639280135484592,0.80781354708587,297,9.73038253366548e-17,3,455827651
722,-0.909577028712846,0.165072035135256,0.402694516234603,0.291384297689607,0.556525779498807,0.597305483765397,0.443474220501193,0.708615702310393,262,3.58461974458812e-08,3,856998017
122,-0.897995059727046,0.172901462394867,0.407385625332979,0.290289755219808,0.571715138904144,0.592614374667021,0.428284861095856,0.709710244780192,284,2.06176173917179e-07,4,178010000
996,-1.11876885935494,0.173719068316595,0.326681738313701,0.232410057867053,0.459192511404605,0.673318261686299,0.540807488595395,0.767589942132947,275,1.19391698442894e-10,4,727285720
472,-1.05684034628434,0.1639637620522,0.347552221946837,0.2520309416516,0.479276656225662,0.652447778053163,0.520723343774338,0.7479690583484,291,1.15164715842034e-10,4,683355823
871,-0.969953191774655,0.166405311335,0.379100782722965,0.273596302158556,0.525290006945621,0.620899217277035,0.474709993054379,0.726403697841444,293,5.58074397639972e-09,3,283982657
821,-1.08523147389321,0.17354928887537,0.337823579504526,0.240416647480567,0.47469579193128,0.662176420495474,0.52530420806872,0.759583352519433,286,4.02229637171182e-10,4,982317997
97,-0.938876417603647,0.162629462482526,0.391066984581824,0.284328702509126,0.53787530094684,0.608933015418176,0.46212469905316,0.715671297490875,286,7.78254606256773e-09,3,672059610
672,-1.18279393690124,0.163728776359751,0.306421419399954,0.222306895011037,0.422362456470012,0.693578580600046,0.577637543529989,0.777693104988962,316,5.04411267150135e-13,4,112795907
172,-1.01943766808246,0.174004204938044,0.360797771241089,0.256537700947791,0.507430413742695,0.639202228758911,0.492569586257305,0.743462299052209,294,4.66516941511713e-09,4,953852782
322,-1.20214374429857,0.16568506428959,0.300549220133388,0.217212204341709,0.415859845428781,0.699450779866612,0.584140154571219,0.782787795658291,287,3.99899621617283e-13,3,12091104
271,-0.977128944479476,0.166527005055097,0.376390186172236,0.271575287278036,0.521658556147383,0.623609813827764,0.478341443852617,0.728424712721965,291,4.41906845847629e-09,3,409421966
222,-1.09060778304675,0.167578121647902,0.336012209108468,0.241942577007858,0.466657031045369,0.663987790891532,0.533342968954631,0.758057422992142,295,7.61295918057175e-11,3,763980901
571,-0.783251987465319,0.178114297104497,0.456917701995666,0.322275150093547,0.647812238506132,0.543082298004334,0.352187761493868,0.677724849906453,257,1.09520839837469e-05,3,211013437
197,-0.928674083881962,0.176867901866474,0.395077202472228,0.279339105985799,0.558768867547019,0.604922797527772,0.441231132452981,0.720660894014201,290,1.51551165186177e-07,4,890666447
921,-0.86476888710757,0.152908797217335,0.421148874315226,0.312089703095922,0.56831857180007,0.578851125684774,0.43168142819993,0.687910296904078,310,1.55433564587149e-08,3,517087092
73,-0.77626061881482,0.175881903332245,0.460123375056768,0.325959279515678,0.649509106131916,0.539876624943232,0.350490893868084,0.674040720484322,277,1.01697116166253e-05,5,387542496
697,-0.981622285935195,0.165597406496745,0.374702730541513,0.270850779582224,0.518374495697704,0.625297269458487,0.481625504302296,0.729149220417776,296,3.07088066739252e-09,3,336933495
645,-0.985262010504614,0.162999476271568,0.373341394753458,0.27124437450468,0.51386797345009,0.626658605246542,0.48613202654991,0.72875562549532,298,1.49807484846284e-09,3,64547326
971,-1.07769925625376,0.18046984841292,0.340377747427702,0.238970859935896,0.484816479193468,0.659622252572298,0.515183520806532,0.761029140064104,240,2.34894015929858e-09,4,435654978
48,-1.21838775390272,0.175007037427674,0.295706534516145,0.209843084486326,0.416703532401832,0.704293465483855,0.583296467598168,0.790156915513674,302,3.35628532494234e-12,4,515175790
846,-0.92920145883436,0.163068469732746,0.394868903582017,0.286846001743224,0.54357198660081,0.605131096417983,0.45642801339919,0.713153998256776,308,1.21058479749928e-08,4,253361135
397,-1.12098729172535,0.183964635560876,0.325957820249131,0.227284816019336,0.467468537680606,0.67404217975087,0.532531462319394,0.772715183980664,276,1.10472895222648e-09,4,387579310
796,-0.994552806346016,0.167425698378463,0.369888819496747,0.26641470437022,0.513551754255164,0.630111180503253,0.486448245744836,0.73358529562978,284,2.8456388147828e-09,3,378349471
146,-0.804249242090647,0.169661108676889,0.447423707385681,0.320850850289282,0.623928450712399,0.552576292614319,0.376071549287601,0.679149149710718,293,2.13372903340732e-06,4,204027932
946,-0.640422178949902,0.158137207719778,0.527069859265563,0.386599729964444,0.718579489364283,0.472930140734437,0.281420510635717,0.613400270035556,303,5.12640352141011e-05,4,947097805
347,-0.950417690660035,0.172079118019096,0.386579519072936,0.27590834149081,0.541642647551632,0.613420480927064,0.458357352448368,0.72409165850919,275,3.32987237624603e-08,3,387056739
522,-0.769840379498535,0.173218196933976,0.463086980588177,0.329775945892041,0.650288640701768,0.536913019411823,0.349711359298232,0.670224054107959,277,8.81625197454551e-06,4,410770024
372,-0.853723841580074,0.176104113731904,0.425826266258703,0.30153126740967,0.601357234337724,0.574173733741297,0.398642765662276,0.69846873259033,280,1.24815590111828e-06,5,996092718
897,-0.629725784454352,0.169490378800771,0.532737865983946,0.382158122555912,0.742649749153522,0.467262134016054,0.257350250846478,0.617841877444088,270,0.000202876663472685,3,56587336
22,-1.19678280811608,0.1741631474545,0.302164771887956,0.214781015050753,0.425100651230861,0.697835228112044,0.574899348769139,0.785218984949247,290,6.34772680183176e-12,4,426763156
497,-0.875850042828797,0.17446417829433,0.416507819671999,0.295882297039097,0.586310048231779,0.583492180328001,0.413689951768221,0.704117702960903,293,5.16100454199824e-07,5,295686029
421,-1.04559500822645,0.178396004425076,0.351482622095586,0.247772386186728,0.498602913490471,0.648517377904414,0.501397086509529,0.752227613813272,263,4.598391036245e-09,4,715300446
447,-0.994367029663803,0.173166984125301,0.369957542597798,0.263482564555231,0.51945973562251,0.630042457402202,0.48054026437749,0.736517435444769,264,9.34302093484713e-09,3,669652627
772,-0.990744580640257,0.195479971753165,0.3713001251871,0.253123368904703,0.544650553445581,0.6286998748129,0.455349446554419,0.746876631095297,228,4.01455191121792e-07,5,346720553
622,-1.10321058748158,0.163612232499488,0.331804085725485,0.240776859012758,0.4572447358751,0.668195914274515,0.5427552641249,0.759223140987242,276,1.55323611518565e-11,3,231885259
297,-0.993103907145972,0.185445524456805,0.370425139554447,0.257542517455772,0.532784976125332,0.629574860445553,0.467215023874668,0.742457482544228,257,8.54464534280097e-08,3,309540444
747,-0.843865916940905,0.167545867237519,0.430044788274442,0.309669468032833,0.597212638032503,0.569955211725558,0.402787361967497,0.690330531967168,285,4.7380858521544e-07,4,548449760
598,-1.31207714193782,0.176366089056437,0.269260183498929,0.190567593737203,0.380447929241618,0.730739816501071,0.619552070758382,0.809432406262797,296,1.01060063541626e-13,4,656269874
247,-0.832262292034279,0.175723029222104,0.435063930496106,0.308302726471168,0.613944047090424,0.564936069503894,0.386055952909576,0.691697273528832,269,2.17745089068383e-06,3,122811795
997,-1.12907906918875,0.169054347649706,0.323330884727654,0.232138871577068,0.45034621004462,0.676669115272346,0.54965378995538,0.767861128422932,269,2.40917430447304e-11,3,230631524
723,-0.909521506559403,0.173854088279406,0.402716875322031,0.286427663492884,0.566219336817546,0.597283124677969,0.433780663182454,0.713572336507116,267,1.68119922646507e-07,4,307757815
123,-1.1394714712443,0.170310285212319,0.319988100043372,0.229174055497774,0.446788725481893,0.680011899956628,0.553211274518107,0.770825944502226,261,2.22315600029953e-11,3,389530735
547,-0.991073059879421,0.166723430875022,0.371178180833668,0.267711604693804,0.514633058527925,0.628821819166332,0.485366941472075,0.732288395306196,275,2.77447956058101e-09,4,127438191
473,-1.00973279202934,0.171442422368098,0.364316314789723,0.260343396066514,0.509812728985278,0.635683685210277,0.490187271014722,0.739656603933486,283,3.87056336689534e-09,4,343270638
872,-1.34177815688563,0.175911954920548,0.261380479613821,0.185155502488437,0.368985821133877,0.738619520386179,0.631014178866123,0.814844497511563,285,2.39247267319006e-14,4,373913104
673,-1.06663316282382,0.161695690840695,0.344165317532961,0.250686808636153,0.472500992122332,0.655834682467039,0.527499007877668,0.749313191363847,293,4.20845209738008e-11,3,752504704
98,-1.28822575791586,0.173141236877733,0.275759613621262,0.19640501545755,0.387176286345821,0.724240386378738,0.612823713654179,0.80359498454245,293,1.00443666879998e-13,4,845683672
323,-0.882233186264574,0.173803422518966,0.413857657697208,0.294380645995879,0.581825480595681,0.586142342302792,0.418174519404319,0.705619354004121,275,3.85381480680537e-07,4,760335589
822,-1.08658545549956,0.177162780429095,0.337366482112248,0.238396953088522,0.477422810058027,0.662633517887752,0.522577189941973,0.761603046911478,257,8.6096079269953e-10,3,3930097
272,-0.787462588137201,0.157689937366844,0.454997848716849,0.334028424577665,0.619776722890317,0.545002151283151,0.380223277109683,0.665971575422335,316,5.92210331419575e-07,3,133842136
223,-0.916491177293208,0.181424933483719,0.399919829867515,0.280248796107718,0.570692443794794,0.600080170132485,0.429307556205206,0.719751203892282,274,4.38061445902864e-07,4,490523872
198,-1.19164110846587,0.164998429769827,0.303722413420715,0.219801131685464,0.419685302376469,0.696277586579285,0.580314697623531,0.780198868314536,299,5.11772308888722e-13,4,863001862
922,-1.01388871999895,0.167704277730266,0.362805384261227,0.261170177149108,0.503992256258979,0.637194615738773,0.496007743741021,0.738829822850892,300,1.48768359145855e-09,3,670979633
572,-1.03501872388183,0.174485386334271,0.355219729770438,0.252333463862179,0.500056768083291,0.644780270229562,0.499943231916709,0.747666536137821,280,2.99565479900062e-09,3,488048446
74,-1.07040528944786,0.162366029635011,0.342869527853476,0.249415060695927,0.471340875737202,0.657130472146524,0.528659124262798,0.750584939304073,277,4.32351282774755e-11,4,485577504
698,-0.757046726356663,0.167169487469658,0.469049615404259,0.338005571093024,0.65089915825776,0.530950384595741,0.34910084174224,0.661994428906976,276,5.93707621451434e-06,4,539110663
173,-1.02903118159299,0.162635827045823,0.357353003083088,0.259813413702565,0.491511069396493,0.642646996916912,0.508488930603507,0.740186586297435,311,2.49632027772972e-10,4,605072877
49,-1.01039702860382,0.166595764111526,0.364074402921013,0.262653731059795,0.504657483171698,0.635925597078987,0.495342516828302,0.737346268940205,288,1.31984608174164e-09,3,365994432
972,-1.14333854188846,0.166520570306897,0.318753072962769,0.229991514923813,0.441770739050375,0.681246927037231,0.558229260949625,0.770008485076187,272,6.60040032263008e-12,3,913918000
646,-0.854925298416704,0.162962990798446,0.425314961596636,0.309026918437376,0.585362652136099,0.574685038403364,0.414637347863901,0.690973081562624,270,1.55325958910584e-07,3,983203754
847,-0.818438899623007,0.170566568889648,0.441119749480808,0.315769351691141,0.616230271683677,0.558880250519192,0.383769728316323,0.684230648308859,270,1.59974285670692e-06,3,712183768
398,-0.868960805397509,0.174803280688943,0.419387147732919,0.297729792637226,0.590755725604738,0.580612852267081,0.409244274395262,0.702270207362774,272,6.65815314454191e-07,3,748280283
797,-0.86915458963364,0.174528281554543,0.419305884988826,0.297832587942778,0.590322994540952,0.580694115011174,0.409677005459048,0.702167412057222,266,6.35772189470261e-07,4,131377611
348,-0.783698848020592,0.163042421058243,0.456713569110503,0.331788977780056,0.628674543697251,0.543286430889497,0.371325456302749,0.668211022219944,285,1.53428600206528e-06,3,638229507
523,-0.778624442280455,0.167489322471897,0.459037009120222,0.330583011390091,0.63740412689687,0.540962990879778,0.36259587310313,0.669416988609909,299,3.33870977852884e-06,5,269632717
147,-1.02720272597462,0.169795950604611,0.358007004913772,0.256661630639417,0.499369598985342,0.641992995086228,0.500630401014658,0.743338369360583,264,1.45178612111216e-09,3,302673752
947,-1.02007755348186,0.173266267240146,0.360566975864304,0.256744668170535,0.506372907411559,0.639433024135696,0.493627092588441,0.743255331829465,265,3.92459055062748e-09,3,993951885
898,-1.15064880861398,0.171013192148345,0.316431399345705,0.226314759820875,0.442431729027004,0.683568600654295,0.557568270972996,0.773685240179125,294,1.71513693124525e-11,3,950842503
373,-1.04899182205945,0.177985408413675,0.350290726532503,0.247130976831782,0.496512394632709,0.649709273467497,0.503487605367291,0.752869023168218,265,3.77652537925122e-09,5,429419320
23,-0.618316223788744,0.173377407872387,0.538850978633614,0.383609681043539,0.756916187267569,0.461149021366386,0.243083812732431,0.616390318956461,263,0.000362053906613791,3,543373060
448,-1.03226382989616,0.165625938888544,0.356199671665826,0.257461597731511,0.492804391850138,0.643800328334174,0.507195608149862,0.742538402268489,297,4.59046606695648e-10,3,386957023
422,-0.89695684828963,0.168546901041068,0.407808797381658,0.293082041501106,0.567445259934997,0.592191202618342,0.432554740065003,0.706917958498894,283,1.02799305762188e-07,3,833622310
773,-1.01966435731381,0.170793430049323,0.360715991541291,0.258098669046521,0.504132884661114,0.639284008458709,0.495867115338886,0.741901330953479,292,2.37018878393523e-09,3,187700334
498,-0.960775454761406,0.174941326127159,0.382596084956329,0.271537737383828,0.5390770565971,0.617403915043671,0.4609229434029,0.728462262616173,272,3.97437092437415e-08,4,942319248
623,-1.37251012817726,0.172847997898784,0.253469918375579,0.180633352520107,0.355676283615293,0.746530081624421,0.644323716384707,0.819366647479893,274,2.01268303041155e-15,3,630575967
298,-1.09856629440283,0.173760855288188,0.333348665107678,0.237133664240169,0.468602097830054,0.666651334892322,0.531397902169946,0.762866335759831,293,2.57717277136127e-10,5,526459994
599,-1.13489267341992,0.169970247183571,0.321456620322732,0.230379291154242,0.44854013670929,0.678543379677268,0.55145986329071,0.769620708845759,288,2.43869905027442e-11,4,662556619
248,-1.2753305160862,0.160904909215094,0.27933862705239,0.203783251407677,0.382907172324048,0.72066137294761,0.617092827675952,0.796216748592323,295,2.26337905622626e-15,3,993741523
724,-0.708007957161935,0.170579070399775,0.492624549891223,0.352629696290374,0.688197703450634,0.507375450108777,0.311802296549366,0.647370303709626,275,3.31583888674452e-05,3,284289146
548,-1.03998179752147,0.169827769094589,0.353461115768596,0.253386798855988,0.493059468466575,0.646538884231404,0.506940531533425,0.746613201144012,272,9.14016571159521e-10,3,972521872
124,-0.868675025154528,0.186799264918126,0.41950701742128,0.290894431281403,0.604982834805296,0.58049298257872,0.395017165194704,0.709105568718597,266,3.31431855768183e-06,4,543220203
474,-0.976175249173113,0.181084150348532,0.376749318950552,0.264188170674598,0.537268754188593,0.623250681049448,0.462731245811407,0.735811829325402,261,7.0173145081348e-08,4,198588783
748,-1.1337401687541,0.180494391941096,0.321827314149663,0.225936187365444,0.458416251688185,0.678172685850337,0.541583748311816,0.774063812634556,269,3.35744618910437e-10,4,284743253
873,-0.977085749559823,0.173138120569881,0.376406444667226,0.268090617605873,0.528484781945304,0.623593555332774,0.471515218054696,0.731909382394127,299,1.66735125641848e-08,5,894104517
998,-1.06260479958977,0.167269802587745,0.345554536705613,0.248963846369406,0.479619589667875,0.654445463294387,0.520380410332125,0.751036153630594,266,2.1165096927757e-10,3,276591711
674,-1.01423885846155,0.172182568311322,0.362678374378577,0.258797211506628,0.508257420843649,0.637321625621423,0.491742579156351,0.741202788493372,268,3.85063518360988e-09,3,908414094
324,-0.976345403266362,0.159857714310582,0.376685218965396,0.275364180148778,0.515287624230373,0.623314781034604,0.484712375769627,0.724635819851222,278,1.01146675783052e-09,3,445466369
823,-1.25774931802224,0.187531420557978,0.284293160478999,0.196851793962634,0.41057589300141,0.715706839521001,0.58942410699859,0.803148206037366,265,1.98839918346792e-11,4,722187027
99,-0.990295785307452,0.17546340878315,0.371466800349074,0.263369379566551,0.523931764537989,0.628533199650926,0.476068235462011,0.736630620433449,264,1.66252479144104e-08,4,203081075
923,-0.964311216267158,0.163284080043906,0.381245705164159,0.276832642965824,0.52504027758049,0.618754294835841,0.47495972241951,0.723167357034176,291,3.5109476115345e-09,3,14076165
573,-1.01588085573427,0.180391531289973,0.362083346128046,0.254248851777766,0.51565365438849,0.637916653871954,0.48434634561151,0.745751148222234,246,1.78614822328856e-08,4,143288698
199,-0.876242837535428,0.172501364235632,0.416344249731967,0.296906115755004,0.583829450074079,0.583655750268033,0.416170549925921,0.703093884244996,300,3.78173755276278e-07,5,141550853
75,-0.7843569794147,0.181993823756121,0.456413090460618,0.319480730187557,0.652035911591659,0.543586909539382,0.347964088408341,0.680519269812443,265,1.63402264510884e-05,5,894108101
224,-0.902829156359651,0.165606501663604,0.405421036186064,0.293050029549321,0.560881078343378,0.594578963813936,0.439118921656622,0.706949970450679,292,4.99038027136229e-08,3,750398491
699,-0.853645537562842,0.161956539769812,0.425859611471509,0.310033624091852,0.584957225894102,0.574140388528491,0.415042774105898,0.689966375908148,290,1.35807532508424e-07,3,39255500
50,-1.14946612681933,0.170353307465073,0.316805858390268,0.226875816720813,0.442382768516496,0.683194141609732,0.557617231483504,0.773124183279187,282,1.50370536430077e-11,4,450637731
273,-1.22961982816966,0.174138710114392,0.292403720210402,0.207852740515196,0.41134860854352,0.707596279789598,0.58865139145648,0.792147259484804,298,1.65128341282591e-12,5,50986824
973,-1.07216756346921,0.175607756024505,0.342265829888685,0.242597293033127,0.482882132956833,0.657734170111315,0.517117867043167,0.757402706966873,267,1.02499786179137e-09,4,858511912
349,-1.12157889102294,0.176386710065626,0.325765040861326,0.230549315319702,0.460304389541219,0.674234959138674,0.539695610458781,0.769450684680298,271,2.03553070281362e-10,3,781634225
848,-0.961969431099239,0.169978535034779,0.382139546886006,0.273864659539075,0.533221897049503,0.617860453113994,0.466778102950497,0.726135340460925,314,1.51940052026479e-08,5,163284912
174,-0.907601690456492,0.164684863116702,0.403490760284903,0.292182085387739,0.557203202308723,0.596509239715097,0.442796797691277,0.707817914612261,269,3.56512645965969e-08,3,524817095
647,-1.19443812476778,0.187800659868488,0.302874083828035,0.209607057801964,0.437641325710227,0.697125916171965,0.562358674289773,0.790392942198036,255,2.01572489175647e-10,4,816722178
798,-1.10391152474221,0.173341360120895,0.331571593369366,0.236063522365084,0.465720923029662,0.668428406630634,0.534279076970338,0.763936477634916,273,1.90978590790669e-10,3,225982073
399,-0.985468969454697,0.157622220683154,0.373264136405307,0.274061472612522,0.508375417377194,0.626735863594693,0.491624582622806,0.725938527387478,302,4.04985021926682e-10,3,807746403
148,-1.0482134509135,0.183483476152609,0.350563488868124,0.244672559070621,0.502282561617055,0.649436511131876,0.497717438382945,0.755327440929379,252,1.11100050280072e-08,3,957724545
524,-0.654008125365571,0.168490810167674,0.519957539595007,0.373721636911085,0.723415013420845,0.480042460404993,0.276584986579155,0.626278363088915,281,0.000103786165303371,4,399596688
948,-0.748054339608164,0.175258565590602,0.47328651230734,0.335694145056417,0.667274440233089,0.52671348769266,0.332725559766911,0.664305854943583,292,1.96977361260229e-05,4,357773399
899,-1.03140755891372,0.164743410848613,0.356504805728705,0.258128253531138,0.492374138704386,0.643495194271295,0.507625861295614,0.741871746468862,279,3.83275772325148e-10,3,719239256
374,-1.29910564711387,0.178614868525033,0.272775641656782,0.192206616775652,0.387117529716046,0.727224358343218,0.612882470283954,0.807793383224348,280,3.51011936196885e-13,4,761023817
24,-1.25231648578237,0.177510766817439,0.285841880686069,0.201849845800899,0.404783964188615,0.714158119313931,0.595216035811385,0.798150154199101,285,1.72754446749636e-12,3,480599888
774,-0.839480445752544,0.169225411379574,0.43193487874253,0.310008315606542,0.601815274242878,0.56806512125747,0.398184725757122,0.689991684393458,263,7.0231164539786e-07,3,11946253
423,-1.08849578812874,0.167460433598926,0.336722615109359,0.242510030440663,0.467535793550723,0.663277384890641,0.532464206449277,0.757489969559337,268,8.03105438637171e-11,3,462529397
249,-0.774527553002149,0.167247670354043,0.460921490541258,0.332097405380962,0.639717796647845,0.539078509458742,0.360282203352155,0.667902594619038,286,3.63866127125158e-06,3,645525217
449,-1.05058638114754,0.165247554599609,0.349732612362303,0.252974740111383,0.483498471412233,0.650267387637697,0.516501528587767,0.747025259888617,299,2.04861445793312e-10,4,536114460
624,-0.620433552859899,0.176002359691965,0.537711260796175,0.380833944888053,0.759211209683538,0.462288739203825,0.240788790316462,0.619166055111947,269,0.000423253639255324,3,661216812
600,-1.02153658410441,0.181667231822481,0.360041281200604,0.252183617570617,0.514029124561484,0.639958718799396,0.485970875438516,0.747816382429383,289,1.87539390945227e-08,4,147977349
299,-1.00651298009032,0.174976668748074,0.365491235306165,0.259380042046332,0.515012034201789,0.634508764693835,0.484987965798211,0.740619957953668,287,8.80532049807153e-09,4,920771799
725,-0.900239896732446,0.16468136791248,0.406472136705912,0.294343023028747,0.561316508263672,0.593527863294088,0.438683491736328,0.705656976971254,278,4.58863867487316e-08,3,753120578
549,-1.14105073736657,0.173133274570212,0.319483152505661,0.227549900895129,0.448558686835009,0.680516847494339,0.551441313164991,0.772450099104871,266,4.38076864440496e-11,3,721515197
475,-1.06299768200554,0.164229975445772,0.345418801070271,0.250353209794236,0.47658325703468,0.654581198929729,0.52341674296532,0.749646790205764,302,9.63200738641351e-11,4,772988081
499,-0.840485064553682,0.182828668804548,0.431501166736573,0.301549025492434,0.617456006004222,0.568498833263427,0.382543993995778,0.698450974507566,290,4.28373909421227e-06,4,835074037
125,-0.872248686551963,0.172041874307745,0.418010516972767,0.29836295493247,0.585638362307373,0.581989483027233,0.414361637692627,0.70163704506753,278,3.9785963936528e-07,3,345118717
749,-0.930101239831063,0.194570024701716,0.394513767842539,0.269428701866128,0.577670871511866,0.605486232157461,0.422329128488134,0.730571298133872,240,1.75042083443117e-06,5,629201256
675,-1.06599403833213,0.167786273250203,0.344385352323911,0.247870439424398,0.478480899822824,0.655614647676089,0.521519100177176,0.752129560575602,300,2.10764491940977e-10,4,66489147
999,-1.03848943744544,0.177491900386022,0.353989000825516,0.24998179850519,0.501269346227404,0.646010999174484,0.498730653772596,0.75001820149481,256,4.88885719033833e-09,3,190696174
874,-0.956611944312324,0.175631834630595,0.384192348477837,0.272301869230308,0.542059300019256,0.615807651522163,0.457940699980744,0.727698130769692,278,5.13161335799231e-08,3,803424075
325,-0.883526921826836,0.189606213106444,0.413322581525898,0.285033582945069,0.599352380284802,0.586677418474102,0.400647619715198,0.714966417054931,248,3.16517665989687e-06,4,966092628
924,-1.07928183837979,0.16638523985063,0.339839497713053,0.245271157278862,0.470870221705492,0.660160502286947,0.529129778294508,0.754728842721138,297,8.77693197595263e-11,4,278287923
824,-1.00606751447657,0.174348328791803,0.365654085352978,0.259815384531301,0.514607363903869,0.634345914647023,0.485392636096131,0.740184615468699,271,7.90622728908570e-09,4,698131674
200,-0.906017590925631,0.183660233704387,0.404130436330473,0.281961417613298,0.579233183572119,0.595869563669527,0.420766816427881,0.718038582386702,257,8.09272616552399e-07,4,40197290
100,-1.08786739544632,0.163629134222099,0.336934275632698,0.244491531821694,0.464329808277055,0.663065724367302,0.535670191722945,0.755508468178306,294,2.96352032098566e-11,4,948082191
700,-1.01202456703132,0.171665777898489,0.363482339773241,0.259633746315251,0.508868408679851,0.636517660226759,0.491131591320149,0.740366253684749,291,3.73957630471207e-09,4,177962561
225,-0.698652407170618,0.173407734064964,0.497254949689641,0.353976298818942,0.698528364231871,0.502745050310359,0.301471635768129,0.646023701181058,276,5.60247220028069e-05,4,628569877
849,-0.898744881733253,0.169924038304424,0.407080273120303,0.291769877866616,0.567962498306483,0.592919726879697,0.432037501693517,0.708230122133384,294,1.22921059599997e-07,5,326954078
274,-1.10260540198826,0.168211688234008,0.332004949518585,0.238760516432729,0.461664634302694,0.667995050481415,0.538335365697306,0.761239483567271,291,5.56911393758958e-11,3,267087694
574,-1.04884115570455,0.177375309055238,0.350343507535483,0.247463947760084,0.495993757406886,0.649656492464517,0.504006242593114,0.752536052239916,257,3.35691241582753e-09,3,736763333
974,-0.884928898813661,0.171888122521406,0.412743518789627,0.294692326380869,0.578084995951567,0.587256481210373,0.421915004048433,0.705307673619131,288,2.62880043099838e-07,4,396957800
350,-1.2549223371767,0.179349863801491,0.285097988879423,0.200600158994522,0.405188428915008,0.714902011120577,0.594811571084992,0.799399841005478,278,2.61383345196184e-12,4,65729524
149,-0.891262322006891,0.173006157485924,0.410137700001875,0.292190830873552,0.575695453755095,0.589862299998125,0.424304546244905,0.707809169126448,281,2.58243183465023e-07,4,552500307
799,-1.3519849247389,0.192506789016954,0.258726198595238,0.177410096319108,0.37731362097419,0.741273801404762,0.62268637902581,0.822589903680892,276,2.1707551306701e-12,5,358674615
648,-1.17306743259611,0.169333951851902,0.309416370244697,0.222027089543034,0.431201842858222,0.690583629755303,0.568798157141778,0.777972910456966,288,4.28226708596092e-12,3,562051479
175,-1.21117971632074,0.169397016250341,0.297845698656107,0.213697937676107,0.415128293574839,0.702154301343893,0.584871706425161,0.786302062323893,299,8.68113064453282e-13,4,217051173
949,-0.996139657028844,0.17608357269821,0.36930232663233,0.261516704549632,0.521512416160659,0.63069767336767,0.478487583839341,0.738483295450368,267,1.53864114479469e-08,3,965177139
525,-1.14645784574527,0.162001998658283,0.317760334404465,0.231314753063366,0.43651184709856,0.682239665595535,0.56348815290144,0.768685246936634,297,1.47507392390443e-12,3,329551866
775,-1.29791002226118,0.172649391797453,0.273101974039833,0.194699757494886,0.383075403812009,0.726898025960167,0.616924596187991,0.805300242505114,280,5.57885251080542e-14,4,268098051
400,-1.00904909586286,0.178247725875064,0.364565481625032,0.257069650058263,0.517011597294232,0.635434518374967,0.482988402705768,0.742930349941737,275,1.50548942705933e-08,5,909596299
25,-1.00734876833873,0.163286913401789,0.36518588964673,0.265169711359488,0.502925968857271,0.63481411035327,0.497074031142729,0.734830288640512,310,6.86386473363401e-10,3,181010377
424,-1.09762998247236,0.155266078945623,0.333660929605498,0.246117576193456,0.452343216063921,0.666339070394502,0.547656783936079,0.753882423806544,313,1.55663059502523e-12,3,952405123
250,-1.27244202311612,0.182886873503773,0.280146661151497,0.195754548437707,0.400921216802818,0.719853338848503,0.599078783197182,0.804245451562293,283,3.46275256769442e-12,4,154619488
375,-1.1781050061708,0.173672937932805,0.307861581982514,0.219040702645007,0.432699276966716,0.692138418017486,0.567300723033284,0.780959297354993,275,1.1732390515028e-11,3,749596915
625,-0.891851805579501,0.174857080917376,0.409896001810771,0.290961190518824,0.577447225868379,0.590103998189229,0.422552774131621,0.709038809481176,276,3.38826336811674e-07,3,411936881
900,-1.04509437475616,0.172394235818727,0.351658630114508,0.25082974717575,0.493018844560586,0.648341369885492,0.506981155439414,0.74917025282425,295,1.34242853972436e-09,5,30177119
450,-1.02944894406861,0.173872685960442,0.357203745587112,0.254047722323938,0.502246250012686,0.642796254412888,0.497753749987314,0.745952277676062,286,3.20563722258952e-09,4,323786617
750,-0.928497795720109,0.169572410499284,0.395146856045411,0.283411999028896,0.55093305286151,0.604853143954589,0.44906694713849,0.716588000971104,272,4.36218944181331e-08,4,998194607
300,-1.3680586615161,0.181029169183786,0.254600746320953,0.178553087455113,0.363037911867427,0.745399253679047,0.636962088132573,0.821446912544887,282,4.12100390032155e-14,4,853806518
550,-0.933310537973011,0.169889272303374,0.393249685034694,0.281876177021652,0.548628537586584,0.606750314965306,0.451371462413416,0.718123822978348,277,3.93732231793748e-08,3,893483341
500,-0.959296320230715,0.181260931802357,0.383162414772635,0.26859215068944,0.546603598495139,0.616837585227365,0.453396401504861,0.73140784931056,283,1.20754403483624e-07,5,900301367
1000,-0.897252919942446,0.178779858737577,0.407688074629159,0.287177437758919,0.578769584031045,0.592311925370841,0.421230415968955,0.712822562241082,265,5.20065022351425e-07,4,354360350
925,-1.00025911688613,0.178826502144389,0.367784129745107,0.259045224496366,0.522168151740095,0.632215870254893,0.477831848259905,0.740954775503634,266,2.22586873661451e-08,4,46578917
875,-1.34109031535355,0.188673352348799,0.261560329810501,0.180706106061751,0.378591557427505,0.738439670189499,0.621408442572495,0.819293893938249,271,1.17735986589854e-12,4,726935462
825,-1.16090761980597,0.187401414907814,0.313201783697719,0.216924124411217,0.452210456433495,0.686798216302281,0.547789543566505,0.783075875588783,251,5.83722647976701e-10,4,776287607
850,-1.07370603826619,0.172762110941275,0.341739667383193,0.24357909746932,0.479458219020148,0.658260332616807,0.520541780979852,0.75642090253068,277,5.1344483813899e-10,4,651399613
275,-1.00503827252126,0.166181400943392,0.366030625621031,0.264279550341105,0.506957192562186,0.633969374378969,0.493042807437814,0.735720449658895,294,1.46802012063392e-09,3,830986157
575,-1.26722447220077,0.166194134667288,0.281612160453846,0.203323089636169,0.390046251300793,0.718387839546154,0.609953748699207,0.796676910363831,288,2.44100468023748e-14,3,142701111
975,-0.991054965654359,0.173856720158432,0.371184897075973,0.26399955125336,0.521888113684993,0.628815102924027,0.478111886315007,0.73600044874664,281,1.19518089677992e-08,3,79958112
800,-1.09620885480851,0.183979908244397,0.334135441474019,0.232979957402872,0.479210720499777,0.665864558525981,0.520789279500223,0.767020042597128,255,2.5486372744404e-09,3,189502682
150,-0.747028253508141,0.166978464564626,0.473772394254673,0.341536737036159,0.657206845464597,0.526227605745327,0.342793154535403,0.658463262963841,315,7.6841622604388e-06,4,197946920
649,-0.885344522236794,0.170230198156633,0.412572008559775,0.295528624234666,0.575970137200267,0.587427991440225,0.424029862799733,0.704471375765334,259,1.98361628268746e-07,3,999758813
950,-0.878428900265642,0.182926708619793,0.415435089187744,0.290265673178152,0.594580514598096,0.584564910812256,0.405419485401904,0.709734326821848,260,1.57025023955765e-06,3,229667997
425,-0.906987530566878,0.161042385411941,0.403738644238099,0.294456261143262,0.553579306543973,0.596261355761901,0.446420693456027,0.705543738856738,277,1.78152111332619e-08,4,175375438
650,-1.08901341304424,0.170912423663178,0.336548364196363,0.240750149353974,0.470466173114249,0.663451635803637,0.529533826885751,0.759249850646026,277,1.86867818855752e-10,4,338932902
