"rep","est_V","se_V","IRR_V","IRR_V_CI_Lower","IRR_V_CI_Upper","VE","VE_CI_Lower","VE_CI_Upper","n_event","p_val","n_calendar_group","seed"
1,-0.78421562267169,0.210409843352424,0.456477612088729,0.302216588669106,0.689478401089269,0.543522387911271,0.310521598910731,0.697783411330894,179,0.000193706226576033,4,189571203
76,-0.566132075991046,0.230036935286467,0.567717083947792,0.361679729365553,0.891127318557656,0.432282916052208,0.108872681442344,0.638320270634447,172,0.0138531601725167,3,711096628
51,-1.00873184551909,0.22134286520508,0.364681158497696,0.236322970713052,0.562756751753528,0.635318841502305,0.437243248246472,0.763677029286948,168,5.18086990616018e-06,3,763132352
176,-0.547302393408924,0.235952186983833,0.578508295135962,0.364306336323882,0.918655027848818,0.421491704864038,0.0813449721511822,0.635693663676118,137,0.0203653485298849,3,584969117
226,-0.96947889126407,0.218646475348622,0.379280633065957,0.247086177042731,0.582200916055432,0.620719366934043,0.417799083944568,0.752913822957269,174,9.24998019638176e-06,3,974025182
126,-0.880230266233186,0.228434841444022,0.414687412178496,0.265018848720654,0.648880827342813,0.585312587821504,0.351119172657187,0.734981151279346,161,0.000116531682336175,3,674473714
301,-0.895038969246897,0.200591301364783,0.408591675820705,0.275769282579672,0.60538706845183,0.591408324179295,0.39461293154817,0.724230717420328,188,8.11971253308884e-06,3,103074760
376,-0.866677129979005,0.220744831199661,0.420345986274327,0.272714709896594,0.647895921140203,0.579654013725672,0.352104078859797,0.727285290103406,149,8.63166464483817e-05,3,598662979
26,-0.837229437365264,0.22019392437191,0.432908262914291,0.281168372486244,0.666538567059629,0.567091737085709,0.333461432940371,0.718831627513757,178,0.000143395583289886,3,278398801
351,-0.739436045860559,0.219428805097115,0.477383061774616,0.310519492742114,0.733913950640687,0.522616938225384,0.266086049359313,0.689480507257886,177,0.00075216715410167,4,113865907
426,-0.598961279819056,0.206159757100585,0.549381993985819,0.366767561569862,0.822920582245503,0.450618006014181,0.177079417754497,0.633232438430138,183,0.00366870896609737,3,947397784
451,-1.14342726791882,0.248343426703745,0.318724792522563,0.195895986829048,0.518568527170501,0.681275207477437,0.481431472829499,0.804104013170952,145,4.14018662291455e-06,4,603585240
501,-0.652573938512744,0.228290332778365,0.52070379086629,0.332866167635576,0.814538887350556,0.47929620913371,0.185461112649444,0.667133832364424,164,0.00425613718698957,3,391358152
576,-0.976031050895261,0.238096663039978,0.376803649470616,0.236290822167257,0.60087391017614,0.623196350529384,0.39912608982386,0.763709177832743,140,4.14391068466089e-05,3,777436007
551,-0.678696013850698,0.2136222570096,0.507278044814584,0.333741698199496,0.771048436977407,0.492721955185416,0.228951563022593,0.666258301800504,179,0.00148763559430824,3,709942395
601,-0.908310207082035,0.211592725182493,0.403204981624409,0.266328617691348,0.610427293228959,0.596795018375591,0.389572706771041,0.733671382308652,168,1.76490446422713e-05,3,467610745
276,-1.32147947622955,0.225904483039482,0.266740373851933,0.171316230881862,0.415316322781661,0.733259626148067,0.584683677218339,0.828683769118138,171,4.92381502706503e-09,3,579417867
676,-0.692491641466279,0.21510547941716,0.500327877003188,0.328213609530036,0.762698368495318,0.499672122996812,0.237301631504682,0.671786390469964,183,0.00128498609428389,3,306843803
251,-1.00410188439223,0.248624187635157,0.366373532875813,0.225058178780803,0.596421628927505,0.633626467124187,0.403578371072495,0.774941821219197,136,5.37635735027469e-05,4,258985759
101,-1.27512272197539,0.209029951301602,0.279396678005126,0.185478946706991,0.420869888826891,0.720603321994874,0.579130111173109,0.814521053293009,182,1.05941496828471e-09,3,393423488
701,-1.05881377297515,0.234011914879044,0.34686702942657,0.219266214057749,0.548724465464272,0.65313297057343,0.451275534535728,0.780733785942251,169,6.0505604261765e-06,4,245108412
201,-0.226955471773411,0.227568305337816,0.796956268549371,0.510185367171848,1.24491868024549,0.203043731450629,-0.244918680245489,0.489814632828152,171,0.318615500208458,3,993155663
776,-0.854908785995113,0.221074301728793,0.425321984634575,0.275764936557038,0.655989093000868,0.574678015365425,0.344010906999132,0.724235063442962,175,0.000110152888701554,4,160358281
401,-0.982296496382366,0.21816912668385,0.374450187189247,0.244167667639187,0.574248605647733,0.625549812810753,0.425751394352267,0.755832332360813,170,6.7173239972969e-06,3,796792878
826,-1.07995576402983,0.21578245138553,0.339610548314752,0.222488114397418,0.518388700623483,0.660389451685248,0.481611299376517,0.777511885602582,170,5.59096330043335e-07,3,975908172
801,-1.01894141105764,0.223032990361692,0.360976864103975,0.233148884658993,0.558888783057763,0.639023135896025,0.441111216942237,0.766851115341007,159,4.91067455747391e-06,3,274667754
151,-0.634133413646506,0.219390377756631,0.5303949222208,0.345027673334405,0.815351333413048,0.4696050777792,0.184648666586952,0.654972326665595,165,0.00384710267248121,3,731472164
476,-1.09534887458837,0.238795753421934,0.334422914937562,0.209427020539172,0.534022237185087,0.665577085062438,0.465977762814913,0.790572979460828,156,4.49726018591279e-06,4,562856804
326,-1.17283425825811,0.223411966096682,0.309488526614174,0.199745012067646,0.479527108658785,0.690511473385826,0.520472891341215,0.800254987932354,163,1.52389837324379e-07,4,242444738
851,-0.638230638966698,0.220483480608254,0.528226220579293,0.342881517971508,0.813759055192555,0.471773779420707,0.186240944807445,0.657118482028492,174,0.00379536913163853,3,763827346
901,-0.858502190587945,0.228889032197955,0.423796373372442,0.27059921880417,0.663724628908156,0.576203626627558,0.336275371091844,0.72940078119583,167,0.000176316702962182,3,103545544
926,-0.703570224081795,0.214146344656867,0.494815544080371,0.325208310357494,0.752878739151543,0.505184455919629,0.247121260848457,0.674791689642506,170,0.0010181435307493,3,506737003
951,-0.659241517088387,0.212860032053312,0.517243506105688,0.340806805968711,0.785022012245459,0.482756493894312,0.214977987754541,0.659193194031289,166,0.00195446511384088,3,312541776
526,-0.689170388350405,0.208561437660058,0.501992355070094,0.333556405922151,0.755483390739117,0.498007644929906,0.244516609260883,0.666443594077849,183,0.000951799674663878,4,749482386
626,-0.873895632991234,0.220030079438649,0.417322642641835,0.271132766657301,0.642335451405225,0.582677357358165,0.357664548594775,0.728867233342699,174,7.13586026000578e-05,3,406630855
651,-0.997237694281373,0.240829942046891,0.368897041470065,0.230096680796619,0.591425424887601,0.631102958529935,0.408574575112399,0.769903319203381,166,3.4603980489494e-05,5,285965559
751,-0.750212634507515,0.221355691668661,0.472266121989606,0.306033159674629,0.728794520882083,0.527733878010394,0.271205479117917,0.69396684032537,176,0.000701038810952436,3,330187486
876,-0.866549047438095,0.211008074558729,0.420399828704375,0.27800469581304,0.635730326273064,0.579600171295625,0.364269673726936,0.72199530418696,173,4.01333948722398e-05,3,381454605
726,-0.846220236454026,0.217302674056692,0.429033516333631,0.280235305667201,0.656839999868524,0.570966483666369,0.343160000131476,0.719764694332799,170,9.85230336910627e-05,3,638475346
2,-1.01306124021386,0.207319809116115,0.363105722627451,0.241858943863016,0.545134960481253,0.636894277372549,0.454865039518747,0.758141056136984,186,1.02661941302147e-06,3,164058148
976,-0.902965242906423,0.226908937050217,0.405365867591197,0.259837566535406,0.632400806392149,0.594634132408803,0.367599193607851,0.740162433464594,159,6.90845227912521e-05,3,484875205
377,-0.926190804498488,0.224047937763274,0.396059508709624,0.255299811437972,0.614427145698934,0.603940491290376,0.385572854301066,0.744700188562028,159,3.56665399569198e-05,4,888004426
302,-1.1545130982947,0.220526201413159,0.315210976307323,0.204592207906785,0.48563902115903,0.684789023692677,0.51436097884097,0.795407792093215,174,1.6474834008814e-07,3,293695960
52,-0.894179522247175,0.2337590169305,0.408942989656787,0.258634664071958,0.64660462041895,0.591057010343213,0.35339537958105,0.741365335928042,163,0.000130655684947691,3,350374763
452,-1.20504449098447,0.215983800206183,0.299678666217759,0.196250188731152,0.457616390418273,0.700321333782241,0.542383609581727,0.803749811268847,172,2.41449391646336e-08,3,445658993
177,-1.14740717973764,0.237242932713586,0.317458816860657,0.199409499245748,0.505392675794092,0.682541183139343,0.494607324205908,0.800590500754252,182,1.32196438832747e-06,5,632238552
252,-0.769243203700715,0.220207576130655,0.463363607514502,0.300940676397038,0.713449027028792,0.536636392485498,0.286550972971208,0.699059323602962,162,0.000477154488916647,3,692988383
277,-0.537354593372095,0.232225538823781,0.584291899349965,0.370645838410491,0.92108689284106,0.415708100650035,0.0789131071589402,0.629354161589509,151,0.0206713372145046,3,586383456
102,-1.03424182320288,0.227478218498655,0.355495807448255,0.227616988243318,0.555218967128201,0.644504192551745,0.444781032871799,0.772383011756682,174,5.45315897035352e-06,3,876216905
677,-1.10562416488587,0.233112112008973,0.331004216542912,0.209608136358678,0.522707721525197,0.668995783457088,0.477292278474803,0.790391863641322,165,2.10694882603171e-06,3,677804008
27,-1.17897807220912,0.209317708412185,0.307592915789511,0.204082033284703,0.463604758934872,0.692407084210489,0.536395241065128,0.795917966715297,176,1.77635142197113e-08,3,855122939
202,-0.998390438800611,0.23102625216327,0.368472042432066,0.23429047846277,0.579501339298484,0.631527957567934,0.420498660701516,0.76570952153723,153,1.54940157752628e-05,3,710417310
227,-0.717963492438859,0.224667006574576,0.487744540664341,0.314018702156549,0.75758142847578,0.512255459335659,0.24241857152422,0.685981297843451,162,0.00139502526863542,3,575335142
402,-0.676468928874389,0.232119919591648,0.50840905508752,0.322576290391571,0.801298095967374,0.49159094491248,0.198701904032626,0.677423709608429,179,0.00356478059891385,4,519421622
427,-1.17586033857831,0.215842677261277,0.308553405064508,0.202117874966223,0.471038020723364,0.691446594935492,0.528961979276636,0.797882125033777,163,5.10064804299038e-08,3,208416219
477,-1.16631857549155,0.245811400789225,0.311511639496903,0.192415137227294,0.504323635553782,0.688488360503097,0.495676364446218,0.807584862772706,152,2.08743315245828e-06,3,560950743
127,-0.843486482047613,0.236607146817641,0.430207993233662,0.270569043764408,0.684035818980414,0.569792006766338,0.315964181019586,0.729430956235592,161,0.000363961720131072,4,177208325
502,-1.12884980075507,0.226748957732991,0.323405022791589,0.207366070423149,0.504377637833428,0.676594977208411,0.495622362166572,0.792633929576851,167,6.41079788927811e-07,3,604866021
152,-1.03972608339895,0.235050012573265,0.353551512325006,0.223037437017867,0.560438075054123,0.646448487674994,0.439561924945877,0.776962562982133,154,9.71484019644835e-06,4,808287957
77,-0.709893080957753,0.227795846811573,0.491696766397944,0.314627859636606,0.76841799821997,0.508303233602056,0.23158200178003,0.685372140363394,173,0.00183100735243685,3,928635820
602,-0.928235949416466,0.222791828514839,0.395250337336568,0.255406238483824,0.611664108488741,0.604749662663432,0.388335891511259,0.744593761516176,177,3.09471444156471e-05,3,563419525
352,-0.539589405924667,0.224314112027359,0.582987574482583,0.375597575481901,0.904890058369034,0.417012425517417,0.0951099416309664,0.624402424518099,165,0.0161499954114342,4,608769812
552,-0.366549099275828,0.249334035600335,0.693122103853713,0.425183333907576,1.12990847133022,0.306877896146287,-0.129908471330223,0.574816666092424,158,0.141531269123205,3,631958968
577,-0.845346443420194,0.224735115271122,0.429408566665805,0.276424051073475,0.667061047726882,0.570591433334195,0.332938952273118,0.723575948926525,165,0.000168881472314584,4,672278399
627,-1.05095567468297,0.225145968272195,0.349603482214359,0.224869810608387,0.543526027107558,0.650396517785641,0.456473972892442,0.775130189391613,162,3.04314915534727e-06,3,209288679
527,-0.857934837220014,0.218296495698979,0.424036883892968,0.27643263933499,0.650456036357423,0.575963116107032,0.349543963642577,0.72356736066501,169,8.48979560449431e-05,3,599319
327,-1.01710815409378,0.224735793132507,0.361639234415871,0.232798451525315,0.561786107304393,0.638360765584129,0.438213892695607,0.767201548474685,171,6.01688524702332e-06,3,776492209
852,-0.787243466918452,0.223026484165611,0.455097559323944,0.293943606848747,0.704603820858687,0.544902440676056,0.295396179141313,0.706056393151253,175,0.000415841616854968,4,1204940
752,-0.894675507243517,0.224122375019023,0.408740210361459,0.263435350457712,0.634191877726557,0.591259789638541,0.365808122273443,0.736564649542288,178,6.55442888739284e-05,3,799050316
652,-0.978156088072423,0.220607601789181,0.376003777886431,0.244011715061353,0.579393661281063,0.623996222113569,0.420606338718937,0.755988284938647,178,9.2535694383623e-06,3,723820754
777,-0.647932657397716,0.207929423240572,0.523126140591962,0.348029915690191,0.786314470777416,0.476873859408038,0.213685529222584,0.651970084309809,192,0.00183248812833574,3,164127805
802,-0.96833832507266,0.209499847801962,0.379713474528334,0.251842728001556,0.572509374729648,0.620286525471666,0.427490625270352,0.748157271998444,189,3.7979543800903e-06,3,133959973
827,-0.999924462145076,0.233677954979126,0.367907231044879,0.232718703034122,0.581628072391173,0.632092768955121,0.418371927608827,0.767281296965878,159,1.87675348918678e-05,3,697838945
927,-0.850441034507197,0.201242598335429,0.427226468777282,0.287978550399332,0.633805730915747,0.572773531222718,0.366194269084253,0.712021449600668,184,2.3793547427264e-05,3,911594406
952,-0.993286323050212,0.230180403695979,0.37035757428034,0.235880106997224,0.581501910326128,0.62964242571966,0.418498089673872,0.764119893002776,160,1.59421326824948e-05,3,752956362
902,-1.07583087812446,0.248585422216456,0.341014296238463,0.209496268182409,0.555097001239942,0.658985703761537,0.444902998760058,0.790503731817591,142,1.50598189805663e-05,3,129806269
877,-0.363028881527447,0.234291325946643,0.69556634419053,0.4394499524069,1.10095025957041,0.30443365580947,-0.100950259570407,0.5605500475931,167,0.121267239154752,3,13975127
702,-0.5042256150572,0.217760156411153,0.603973102056975,0.394148444129587,0.925497774864722,0.396026897943025,0.0745022251352785,0.605851555870413,174,0.0205850893187635,3,955594224
727,-0.826850677849139,0.232490649950145,0.437424710688213,0.277336425155559,0.689921554348092,0.562575289311787,0.310078445651908,0.722663574844441,162,0.000375842741627723,3,159786940
3,-0.739078078168184,0.226678927314884,0.477553980077408,0.306247827275332,0.744683826549204,0.522446019922592,0.255316173450796,0.693752172724668,162,0.00111230785146198,3,353260944
977,-0.784251744370527,0.249134865953137,0.456461123639696,0.280117223257855,0.743819872877352,0.543538876360304,0.256180127122648,0.719882776742145,141,0.00164447715014157,3,220994652
253,-0.942890298249497,0.214334320126031,0.389500434457048,0.255897617446208,0.592856588335059,0.610499565542952,0.407143411664941,0.744102382553792,167,1.08672250893903e-05,3,470580350
178,-0.921120597360076,0.230210851782539,0.398072711823537,0.253516701192687,0.625055008814211,0.601927288176463,0.374944991185789,0.746483298807313,166,6.30209763906433e-05,5,920892538
228,-1.14609605178779,0.229721622757772,0.317875318972485,0.202636375699615,0.498650442513078,0.682124681027515,0.501349557486922,0.797363624300385,167,6.06723080850787e-07,3,753609572
28,-0.780951822970893,0.205192378615803,0.457969897518153,0.306321065031501,0.68469475650073,0.542030102481847,0.31530524349927,0.693678934968499,196,0.000141261227907141,3,970169598
453,-0.62298776828879,0.222943582863238,0.536339582923691,0.346473424145967,0.830251696561782,0.463660417076309,0.169748303438218,0.653526575854033,160,0.00520002883682981,3,214875164
378,-0.649689924425649,0.212618223928826,0.522207675504208,0.344240758936015,0.792180615678332,0.477792324495792,0.207819384321668,0.655759241063985,176,0.00224562501046724,4,545912208
428,-0.93111915859069,0.233360370534106,0.394112389197405,0.249449926267238,0.622668355301441,0.605887610802595,0.377331644698559,0.750550073732762,160,6.6059831059569e-05,3,759570074
53,-0.963841464750637,0.221326876018645,0.381424837982989,0.247181060963748,0.588576270621668,0.618575162017011,0.411423729378332,0.752818939036252,169,1.33168727479908e-05,3,815741714
403,-0.673036970386714,0.205237880450426,0.510156891394613,0.341196806052574,0.762785727241865,0.489843108605387,0.237214272758135,0.658803193947426,177,0.00104064245156821,3,921650978
303,-1.09666221883987,0.223661289474364,0.333983990816985,0.215449164912006,0.51773375945828,0.666016009183015,0.48226624054172,0.784550835087994,173,9.42746203223037e-07,4,256844795
553,-0.646971679250769,0.222919337608206,0.523629095006563,0.338278569636021,0.810537390625752,0.476370904993437,0.189462609374248,0.661721430363979,163,0.00370471352194803,3,103042723
603,-0.338607430427513,0.218563252496797,0.712762202927465,0.464411840257993,1.09392120071656,0.287237797072535,-0.0939212007165633,0.535588159742007,174,0.121323490580184,3,541283442
128,-0.795386458863183,0.227619197043871,0.451406751069496,0.288947032198018,0.705209025201112,0.548593248930504,0.294790974798888,0.711052967801982,171,0.000475175981443107,3,218590189
78,-0.826921996507787,0.226006146681394,0.437393515257009,0.280863665290199,0.681159974862577,0.562606484742991,0.318840025137423,0.719136334709801,159,0.00025335216019531,3,764908905
503,-0.755058837939607,0.212476536256207,0.469982961087923,0.309900129422585,0.712758604278513,0.530017038912077,0.287241395721487,0.690099870577415,184,0.000379981612083825,3,845252062
353,-0.955260361100732,0.209218607661887,0.38471196748112,0.255298636119828,0.579726159812804,0.61528803251888,0.420273840187196,0.744701363880172,174,4.97479156374593e-06,3,320642943
103,-1.22352954107344,0.210331971256085,0.294189976700657,0.1948018035137,0.444286145354125,0.705810023299343,0.555713854645875,0.8051981964863,184,5.98646748693504e-09,3,584251844
678,-1.08954917009503,0.234802444399801,0.336368104329374,0.212300298424443,0.532940850530194,0.663631895670626,0.467059149469806,0.787699701575557,162,3.47936818251341e-06,3,74204220
203,-0.902814686139796,0.220286508510227,0.405426902760037,0.263271802969873,0.624339453095194,0.594573097239963,0.375660546904806,0.736728197030127,156,4.16077413875742e-05,3,242639801
278,-1.00454576656645,0.217366251912405,0.366210942283664,0.239171169798192,0.56073001759137,0.633789057716337,0.43926998240863,0.760828830201808,183,3.81079846467634e-06,3,445600925
778,-0.689066627533439,0.220864973185989,0.502044444909362,0.325642859734835,0.774003228167165,0.497955555090638,0.225996771832835,0.674357140265165,170,0.0018094026097039,3,51904674
328,-0.611928864148342,0.222640684203455,0.54230382918665,0.350534345715041,0.83898609863919,0.45769617081335,0.16101390136081,0.649465654284959,176,0.00598678609087517,3,450745508
828,-0.934358305797018,0.207814520472893,0.39283786645072,0.261409461911161,0.590344313435752,0.60716213354928,0.409655686564248,0.738590538088839,194,6.92058098883363e-06,3,346147033
803,-0.765658533218289,0.215362348732227,0.465027594000777,0.304903184583866,0.709243701331922,0.534972405999223,0.290756298668078,0.695096815416134,172,0.00037767626348555,4,522781581
928,-0.922252160050211,0.248366859194527,0.397622522351718,0.244377221187668,0.646965660354766,0.602377477648282,0.353034339645234,0.755622778812332,159,0.000204601815982302,4,226584411
153,-0.585021819956421,0.202073794695659,0.557093705919168,0.374906289173087,0.827815926639386,0.442906294080832,0.172184073360614,0.625093710826913,199,0.00379049851553207,3,63774477
478,-0.659962779895197,0.236162051050683,0.516870572110547,0.325357111763964,0.821113719830711,0.483129427889453,0.178886280169289,0.674642888236036,151,0.00519746440165097,3,114000966
528,-1.41280403896393,0.256434159132031,0.243459654782912,0.147282059988659,0.402442792500181,0.756540345217088,0.597557207499819,0.852717940011341,149,3.60013549454581e-08,4,516928582
628,-0.917701127812001,0.217847414635805,0.399436239281229,0.260624601714673,0.612180539371349,0.600563760718771,0.387819460628651,0.739375398285327,181,2.52462728070191e-05,3,654131782
753,-0.684299825602361,0.221683156212134,0.50444330424017,0.326674561716655,0.778949685753163,0.49555669575983,0.221050314246837,0.673325438283345,163,0.00202298318924211,3,619262777
578,-1.01784661697151,0.247591490611904,0.361372275847752,0.222435741474421,0.587090549773005,0.638627724152248,0.412909450226995,0.777564258525579,159,3.93962991532334e-05,4,405312702
853,-1.00550422491059,0.229933770075219,0.365860112505037,0.233128346649148,0.574162789922947,0.634139887494963,0.425837210077053,0.766871653350852,165,1.22541325430853e-05,3,875740607
653,-0.884926221207534,0.212773682791229,0.412744623955681,0.271999520287582,0.626317739179095,0.587255376044319,0.373682260820905,0.728000479712418,167,3.19640779354254e-05,3,690760291
703,-1.07569300686441,0.221953707570938,0.341061315550412,0.22075224273415,0.526938342841953,0.658938684449588,0.473061657158047,0.77924775726585,179,1.25674667362926e-06,3,787416592
953,-0.846748272548755,0.216520984508785,0.428807030952649,0.280516816461188,0.655488223893584,0.571192969047351,0.344511776106416,0.719483183538812,167,9.20296214683098e-05,3,904632063
728,-0.84130643380506,0.216371920991617,0.431146890462018,0.282129919634274,0.658872484690863,0.568853109537982,0.341127515309137,0.717870080365726,182,0.000100972842732465,3,387681424
903,-0.879991683646227,0.210669126725801,0.414786361177357,0.2744748661051,0.626825063657646,0.585213638822643,0.373174936342354,0.7255251338949,173,2.95214297579831e-05,3,494937850
4,-0.75602522742915,0.218477498052094,0.469528993883962,0.305980698736491,0.720494714235365,0.530471006116038,0.279505285764635,0.694019301263509,169,0.000539321326358847,3,631328655
379,-1.19425301667842,0.219942435642999,0.302930153460319,0.196846258385892,0.466184516931968,0.697069846539681,0.533815483068032,0.803153741614108,176,5.64034740465399e-08,4,945104239
304,-1.05591670585768,0.233186180174808,0.347873383525481,0.220258544428179,0.549426544516764,0.652126616474519,0.450573455483236,0.779741455571821,173,5.94845882566432e-06,3,164541099
54,-1.03391930937581,0.219836667534268,0.355610478252089,0.231126231680094,0.547141755928914,0.644389521747911,0.452858244071086,0.768873768319906,154,2.56209550971651e-06,3,911301643
878,-1.09255950728811,0.223191727564892,0.335357045491886,0.216534096363544,0.519384013186673,0.664642954508114,0.480615986813327,0.783465903636456,170,9.82251288779214e-07,4,273465480
554,-0.774567221514317,0.220481277714579,0.460903206834148,0.299182182506781,0.710041501435958,0.539096793165852,0.289958498564042,0.700817817493219,166,0.000442952750645764,4,431667073
229,-0.839611473669937,0.222300921387054,0.431878286922554,0.279343443664934,0.667704429601308,0.568121713077446,0.332295570398692,0.720656556335066,166,0.000158783494227782,3,549424908
978,-0.957019845661816,0.236858941359077,0.384035667857719,0.241410894670521,0.610922694223103,0.615964332142281,0.389077305776897,0.758589105329479,147,5.33457264461467e-05,3,551338403
204,-0.589876365525793,0.228691936978053,0.554395822933649,0.354125352451572,0.867926360986282,0.445604177066351,0.132073639013718,0.645874647548428,159,0.00989866657989843,3,98772387
29,-0.74456415980813,0.215319770404774,0.474941253324311,0.311429230814927,0.724303218162961,0.525058746675689,0.275696781837039,0.688570769185073,167,0.000544310275623654,3,830171430
179,-0.902791960343993,0.239047252470054,0.405436116513736,0.253772783417803,0.647738667480007,0.594563883486264,0.352261332519993,0.746227216582197,167,0.000158967447895606,5,658745205
104,-0.591591610352278,0.235599671692535,0.553445713434678,0.348764460942153,0.878249340233161,0.446554286565322,0.121750659766839,0.651235539057847,165,0.0120388488683803,3,242562575
254,-0.760784805876587,0.230412175617651,0.467299543634655,0.297487113266265,0.734044782927139,0.532700456365345,0.265955217072861,0.702512886733735,173,0.000960518514616951,4,343638303
279,-1.00240917365057,0.206912582916828,0.366994222466134,0.244644196269011,0.550533228981334,0.633005777533866,0.449466771018666,0.755355803730989,183,1.26865543304723e-06,3,513890955
404,-0.912912163497063,0.237825647334219,0.401353712868894,0.25181971431957,0.639683049712395,0.598646287131106,0.360316950287605,0.74818028568043,161,0.000123749188792942,3,777689191
804,-1.02636571439931,0.243839254403193,0.358306786363695,0.222176788140676,0.577845031556536,0.641693213636305,0.422154968443464,0.777823211859324,155,2.56287979976111e-05,4,775282345
79,-0.654603801299843,0.207104938485599,0.519647905631732,0.346275000058512,0.779825126797537,0.480352094368268,0.220174873202463,0.653724999941488,190,0.00157371670794207,3,2462722
604,-1.02657199941654,0.243616848688835,0.358232880665178,0.222227810715263,0.577474063109501,0.641767119334822,0.422525936890499,0.777772189284737,161,2.51021452233268e-05,3,73167750
129,-0.77256448307078,0.215473737302584,0.461827200355055,0.302738692120502,0.704516365231877,0.538172799644945,0.295483634768123,0.697261307879498,175,0.00033653235217129,3,362154243
454,-0.26019873364443,0.23184797657682,0.770898367137233,0.489381750785586,1.21435728140837,0.229101632862767,-0.214357281408368,0.510618249214414,167,0.261742698533395,3,829531485
679,-1.27933146310641,0.235651359688343,0.278223240793404,0.17530996539607,0.4415503222689,0.721776759206596,0.5584496777311,0.82469003460393,153,5.66973243592454e-08,4,757973000
429,-0.821711196209848,0.225816067935395,0.439678633994783,0.282436210765278,0.684463584423942,0.560321366005217,0.315536415576058,0.717563789234722,162,0.000273856375309107,4,193202200
504,-0.936638688030082,0.232203908753077,0.3919430665902,0.24863980744016,0.617838989780838,0.6080569334098,0.382161010219162,0.75136019255984,167,5.49076409613656e-05,4,685403196
354,-0.894712092633484,0.219848942824311,0.408725256715012,0.265641372751717,0.628879205623187,0.591274743284988,0.371120794376813,0.734358627248283,171,4.70802856199162e-05,3,314527634
629,-0.98350453093539,0.225016456747842,0.373998111541216,0.240621845872106,0.581304606526631,0.626001888458784,0.418695393473369,0.759378154127894,173,1.2378558738914e-05,3,428988832
779,-0.850904309316627,0.233902953514597,0.427028591355727,0.269996664413868,0.675391372819827,0.572971408644273,0.324608627180173,0.730003335586132,157,0.000274921400955638,4,657782308
829,-1.28044364264795,0.232383379118406,0.277913978606429,0.176240331360116,0.438243499140025,0.722086021393571,0.561756500859975,0.823759668639884,159,3.58735251934563e-08,3,449791266
654,-0.980821475412903,0.240086349305981,0.375002916610901,0.234246318703803,0.600338943402995,0.624997083389099,0.399661056597005,0.765753681296197,161,4.40224998266334e-05,3,804310270
579,-0.69055763045289,0.23369321389795,0.501296452943982,0.317084203839278,0.792528075165783,0.498703547056018,0.207471924834217,0.682915796160722,172,0.00312694276741977,4,865039392
479,-0.850649070498068,0.202868725841608,0.427137599539844,0.287002467201905,0.635696726649774,0.572862400460156,0.364303273350226,0.712997532798095,204,2.75166775236603e-05,5,635887766
704,-0.447616833629234,0.235553333436784,0.639149537727817,0.402808956169881,1.01415851192096,0.360850462272183,-0.0141585119209628,0.597191043830119,146,0.0573966378117219,3,463291198
929,-0.577197266164028,0.214615840559969,0.561469813807574,0.368676178903527,0.855081965845167,0.438530186192426,0.144918034154833,0.631323821096473,190,0.00715711728759332,3,976607157
329,-0.522454743617271,0.231667859953732,0.593062942205884,0.376621187078955,0.933892371127182,0.406937057794116,0.0661076288728178,0.623378812921045,168,0.0241214859077502,3,603332971
154,-0.870540087799155,0.249044760924817,0.418725339719455,0.257005228547726,0.682207560966466,0.581274660280545,0.317792439033534,0.742994771452274,146,0.000473145079106988,4,916073432
529,-0.747868261524033,0.209506236009253,0.473374588749089,0.313958979972243,0.713734964017211,0.526625411250911,0.286265035982789,0.686041020027757,189,0.00035743031858898,3,379685869
754,-0.865943846086281,0.218594517760853,0.420654332254187,0.27406739707477,0.645644352932434,0.579345667745813,0.354355647067566,0.72593260292523,179,7.45065568001566e-05,4,479652420
954,-1.04754054386977,0.221292056820049,0.350799464895119,0.227349907561614,0.541281348607326,0.649200535104881,0.458718651392674,0.772650092438386,168,2.20412768358441e-06,4,13687030
854,-0.976589752533012,0.231284235848896,0.376593187452758,0.239333207351485,0.592573134356353,0.623406812547242,0.407426865643647,0.760666792648515,166,2.41644182491287e-05,4,648634757
904,-0.677529217323141,0.232778105727079,0.507870280517871,0.321819026500304,0.801482201466596,0.492129719482129,0.198517798533404,0.678180973499696,164,0.0036070941112367,3,302047393
5,-1.00750105475399,0.226746479902758,0.365130281031019,0.234121284286221,0.569448961175194,0.634869718968981,0.430551038824806,0.765878715713779,163,8.85923745611137e-06,3,277571435
305,-0.869182858315801,0.240066559954598,0.41929403193157,0.261923010955354,0.671218174272591,0.580705968068429,0.328781825727409,0.738076989044645,153,0.000293930695259546,4,190721285
380,-0.765253976568198,0.214569990532172,0.465215762066161,0.305500632445573,0.708429647239294,0.534784237933839,0.291570352760706,0.694499367554427,171,0.000361844447227874,3,201736999
230,-0.645040134374716,0.2131712696556,0.524641485526078,0.345470457674199,0.796735819867375,0.475358514473922,0.203264180132625,0.654529542325802,174,0.00247874316004995,3,23392398
879,-1.28523762322865,0.220059991794773,0.276584852836975,0.179685481474895,0.425739354069846,0.723415147163025,0.574260645930154,0.820314518525105,181,5.20767056371724e-09,3,558752344
979,-0.602517679269044,0.215604480054816,0.54743164233501,0.358762490753892,0.835319774929272,0.45256835766499,0.164680225070728,0.641237509246108,177,0.00519718693209418,3,190021051
255,-1.10879063372658,0.223151692615208,0.329957759665992,0.21306459116383,0.510981775850717,0.670042240334008,0.489018224149283,0.78693540883617,165,6.73770671927462e-07,3,406590190
180,-0.983589111618068,0.227928122279343,0.373966479863355,0.239232350293242,0.584582009456351,0.626033520136645,0.415417990543649,0.760767649706758,173,1.59351842507651e-05,3,95804376
729,-0.965928268429474,0.233622560317098,0.380629709155317,0.240792413214763,0.601675831715027,0.619370290844683,0.398324168284973,0.759207586785237,160,3.55623567521679e-05,3,499034998
405,-1.1664703526688,0.205434945860416,0.31146436272744,0.208229290611862,0.46588089967629,0.68853563727256,0.53411910032371,0.791770709388138,181,1.3623711950687e-08,3,587542634
555,-0.925630944315968,0.199627942510649,0.396281308741169,0.267966174243978,0.586039921272424,0.603718691258831,0.413960078727576,0.732033825756022,218,3.53877914560346e-06,3,53079667
205,-0.713805012134765,0.217345108116671,0.489777039855057,0.319885040471735,0.749899240100219,0.510222960144943,0.250100759899781,0.680114959528265,173,0.0010227196954255,4,309808887
605,-0.759227026733189,0.21162912346261,0.46802806040424,0.309124093133952,0.708615957769536,0.53197193959576,0.291384042230464,0.690875906866048,179,0.000333818092146137,3,765841750
30,-1.3187169367614,0.22583932045386,0.267478273431523,0.171812094851604,0.416412050733112,0.732521726568477,0.583587949266888,0.828187905148396,176,5.24576816246065e-09,3,602370464
105,-0.608350464981573,0.258338529932974,0.544247884986515,0.328018693622916,0.903014877111872,0.455752115013485,0.0969851228881283,0.671981306377084,132,0.0185298022722143,3,422678942
80,-0.464330081796157,0.216531420013981,0.628556045313063,0.41118013881911,0.960850646225902,0.371443954686937,0.0391493537740984,0.58881986118089,170,0.0320008115512721,3,276926846
280,-1.11646084694778,0.226990091812795,0.32743659459266,0.209851896518342,0.510906621561399,0.672563405407339,0.489093378438601,0.790148103481658,181,8.71901377888351e-07,3,489385564
680,-0.463507054140343,0.239059602234018,0.629073577263925,0.393743630816406,1.00505388440468,0.370926422736075,-0.00505388440468169,0.606256369183594,153,0.0525163733722468,3,938404910
130,-0.892822440989404,0.215897382058637,0.409498335262874,0.268213081493409,0.625207710412087,0.590501664737126,0.374792289587913,0.731786918506591,162,3.54333980872294e-05,3,440890803
455,-0.878711702476398,0.220069789066672,0.415317619837175,0.269809111859989,0.639299110983045,0.584682380162825,0.360700889016955,0.730190888140011,189,6.52763037511352e-05,3,386049813
430,-0.791768921674602,0.23144271965125,0.4530426890278,0.287829117581185,0.713088654151356,0.5469573109722,0.286911345848644,0.712170882418815,166,0.0006238798424627,4,423256648
630,-0.43583924288201,0.219779746631272,0.646721682693173,0.420378564001046,0.994934020623487,0.353278317306827,0.00506597937651287,0.579621435998954,173,0.0473592956270272,3,770441747
780,-0.955309667605839,0.255462079627317,0.384692999146166,0.23316564783633,0.634693424890583,0.615307000853834,0.365306575109417,0.76683435216367,147,0.000184360175476839,3,188189593
55,-0.79841770212627,0.228998894466908,0.450040499163491,0.287294548596275,0.704978398918183,0.549959500836509,0.295021601081817,0.712705451403725,158,0.000489281075268878,3,215800471
830,-0.973995016546177,0.212183836163689,0.377571616181804,0.249108261086476,0.57228260806915,0.622428383818196,0.42771739193085,0.750891738913524,177,4.42533901907894e-06,3,865654485
805,-0.860462696576851,0.231017548172424,0.42296633196081,0.268944895235262,0.665193952894652,0.57703366803919,0.334806047105348,0.731055104764738,175,0.000195575698590679,4,214536024
930,-0.571197165622348,0.227099946161427,0.564848816181184,0.361929846190931,0.881535989637538,0.435151183818816,0.118464010362462,0.638070153809069,147,0.0118971739370741,3,132632012
480,-1.16110609777257,0.232168373469347,0.313139626213207,0.198662524999187,0.493582901482542,0.686860373786793,0.506417098517458,0.801337475000813,154,5.69928688910484e-07,3,732794000
155,-0.882503557621767,0.237859853420355,0.413745777565885,0.259577413305686,0.659477904003941,0.586254222434115,0.340522095996059,0.740422586694314,158,0.00020710957595506,3,604858034
330,-0.436083032324202,0.238783883219239,0.646564037991733,0.40490984421913,1.03243984109691,0.353435962008267,-0.0324398410969147,0.59509015578087,154,0.0678101125567367,3,571939450
355,-1.11970156896313,0.229864359597252,0.32637718117132,0.20799787095986,0.512130551614605,0.67362281882868,0.487869448385395,0.79200212904014,152,1.10955955877368e-06,3,806262285
530,-1.32465145898393,0.232460027584413,0.265895618469222,0.168593507763842,0.419354700301769,0.734104381530778,0.580645299698231,0.831406492236158,168,1.20933259929625e-08,3,50644501
655,-0.872985751208558,0.215335324657144,0.417702529711827,0.273888214494688,0.637031438718748,0.582297470288173,0.362968561281252,0.726111785505312,187,5.03328725024205e-05,3,58187967
505,-0.566218381497823,0.203711282001697,0.567668088951455,0.38079840772594,0.846240563709808,0.432331911048545,0.153759436290192,0.61920159227406,179,0.00544402893543018,3,260516104
705,-0.818772621889104,0.218754794194637,0.440972562559534,0.287215021484718,0.677042586161074,0.559027437440466,0.322957413838926,0.712784978515282,191,0.000181924186822148,3,360411638
580,-0.684056560007808,0.220749345266632,0.504566032867715,0.327352624622239,0.77771449615733,0.495433967132285,0.22228550384267,0.672647375377761,167,0.00194310628357283,3,430388208
855,-0.810560761062268,0.206931572105513,0.444608677071565,0.296372197770801,0.666988594794579,0.555391322928435,0.333011405205421,0.703627802229199,183,8.96401562715451e-05,4,776686643
6,-0.952868058734404,0.21437498433478,0.385633416584252,0.2533368362363,0.587017404163564,0.614366583415748,0.412982595836436,0.7466631637637,187,8.79467053694029e-06,3,555412409
755,-0.938285921389259,0.21734713674621,0.391297976348962,0.255565004346526,0.599120003485225,0.608702023651039,0.400879996514775,0.744434995653473,163,1.58169655227581e-05,3,65914852
381,-1.02399760433399,0.218148643170809,0.359156301746918,0.234204388853912,0.550772125645283,0.640843698253082,0.449227874354717,0.765795611146088,170,2.67866742493027e-06,3,77495715
955,-1.11484115406498,0.220731357825413,0.327967371045875,0.212786350563338,0.505495752833664,0.672032628954125,0.494504247166336,0.787213649436662,165,4.4026406205018e-07,3,842817544
905,-0.790259921258139,0.206843908578532,0.453726846701502,0.302502259386287,0.680550458814261,0.546273153298498,0.319449541185739,0.697497740613713,199,0.000133148073472288,4,487639910
306,-0.821308325122033,0.206077241775791,0.439855803490187,0.293695343053837,0.658754496589115,0.560144196509813,0.341245503410885,0.706304656946163,189,6.73554127606789e-05,3,737067548
556,-0.854774306634056,0.239448487998098,0.425379185509394,0.266046354787951,0.680135052437978,0.574620814490606,0.319864947562022,0.733953645212049,155,0.000357304602517728,3,98361245
206,-0.775315960270325,0.241063537417154,0.460558239901595,0.287138152457832,0.738717201199536,0.539441760098405,0.261282798800464,0.712861847542168,157,0.00129886352909656,3,167580113
106,-0.828852556456754,0.213416665132859,0.436549915426551,0.287324932739959,0.663276336103446,0.563450084573449,0.336723663896554,0.712675067260041,170,0.000102866427846432,4,709263928
730,-0.623712343448448,0.24370224025067,0.535951105342362,0.33241870092103,0.864101768407843,0.464048894657638,0.135898231592157,0.66758129907897,157,0.0104876748889115,4,799295841
231,-0.786926437389801,0.224814278091724,0.455241861561493,0.293008304999099,0.707301291404049,0.544758138438507,0.292698708595951,0.706991695000901,166,0.00046466487576862,4,499245461
281,-0.954952854416163,0.2303418317685,0.38483028717387,0.245020218141576,0.604416856084718,0.61516971282613,0.395583143915282,0.754979781858424,157,3.3861847831727e-05,4,852688811
31,-1.21353521590879,0.229903289246119,0.297144948867542,0.189353927514925,0.466296748085854,0.702855051132458,0.533703251914146,0.810646072485075,169,1.30274405629918e-07,4,685591817
181,-0.977846041777648,0.217121195580751,0.376120374538832,0.245760998678911,0.575626470040754,0.623879625461168,0.424373529959246,0.754239001321089,158,6.67843512476309e-06,3,910767580
256,-0.893961282889131,0.232493126820194,0.409032246851689,0.259333749657557,0.645143099135633,0.590967753148312,0.354856900864367,0.740666250342443,166,0.000120499141051024,4,744286015
606,-0.902639305928283,0.220293722299158,0.405498012851465,0.263314256718376,0.624457788483322,0.594501987148535,0.375542211516678,0.736685743281624,168,4.17752617256173e-05,4,780056833
781,-1.04330535987015,0.23639284228242,0.352288315729101,0.221656405964714,0.559907379437542,0.647711684270899,0.440092620562458,0.778343594035286,161,1.01741453083693e-05,3,27114891
56,-0.927037561694261,0.252758221473773,0.39572428441749,0.241126262335356,0.649442776415372,0.60427571558251,0.350557223584628,0.758873737664644,161,0.000244756361252347,4,587227133
880,-1.05739452262741,0.228174216762379,0.347359670086223,0.222104392825958,0.543252381761573,0.652640329913777,0.456747618238427,0.777895607174042,171,3.58399644729419e-06,3,760959513
980,-0.915318302856608,0.220088081021788,0.400389160791976,0.260101584388808,0.616341805285061,0.599610839208024,0.383658194714939,0.739898415611192,177,3.19822122873592e-05,4,478257484
406,-1.17742332603249,0.227119824668962,0.30807151665432,0.197390751912948,0.480813100177806,0.69192848334568,0.519186899822194,0.802609248087051,162,2.17001791989621e-07,3,216163416
806,-0.842932292025761,0.26351552141224,0.430446476287194,0.25681142369528,0.721479466458279,0.569553523712806,0.278520533541721,0.74318857630472,138,0.00138002971784561,3,413152190
81,-0.848769462316454,0.241192749068476,0.427941205862533,0.266735282468745,0.686574621775196,0.572058794137467,0.313425378224804,0.733264717531255,156,0.000433094272515509,3,471304532
356,-0.749816219949893,0.236761614040133,0.47245337226735,0.297048321015842,0.751433935743025,0.52754662773265,0.248566064256975,0.702951678984158,173,0.00154037794131671,4,143133381
681,-1.00888406767483,0.210849242336365,0.364625650170499,0.241197063482031,0.551216763765301,0.635374349829501,0.448783236234699,0.758802936517969,171,1.71106709734393e-06,3,639743529
631,-0.70883650630311,0.229181387057443,0.492216555288618,0.314106313968137,0.771322085950713,0.507783444711382,0.228677914049287,0.685893686031863,163,0.00198206850409592,3,567750475
131,-1.2620328876932,0.220135164023965,0.28307797544211,0.183876695178937,0.435798240241501,0.71692202455789,0.564201759758499,0.816123304821063,168,9.86749412307587e-09,3,19602105
831,-1.14372036082364,0.221727265144894,0.318631390235728,0.206326004517411,0.49206576301915,0.681368609764272,0.50793423698085,0.793673995482589,170,2.49294491340784e-07,3,221535469
706,-0.885194489868927,0.234819110765244,0.412633912358805,0.260427311870983,0.6537975775478,0.587366087641195,0.3462024224522,0.739572688129017,154,0.000163452568854266,3,531608648
506,-1.23589702395582,0.219077962506391,0.290573993594228,0.189137325034595,0.446412392360179,0.709426006405772,0.553587607639821,0.810862674965405,175,1.68715012119503e-08,3,594855105
931,-0.885929063131388,0.215616170993968,0.412330913820539,0.270217255709965,0.629185512395872,0.587669086179461,0.370814487604128,0.729782744290035,183,3.97677674424964e-05,3,170353150
431,-1.22275381836448,0.252319113348239,0.294418275083005,0.179552040628218,0.482768786138926,0.705581724916995,0.517231213861074,0.820447959371782,168,1.25936800167704e-06,5,300586985
481,-1.04035752060769,0.215373778184833,0.353328337212868,0.231660493532154,0.538896002396206,0.646671662787132,0.461103997603794,0.768339506467846,178,1.3620813138507e-06,3,962837014
456,-1.11911501866593,0.221847654365821,0.326568673958521,0.211415807871337,0.504442406103946,0.673431326041479,0.495557593896054,0.788584192128663,177,4.54660320487452e-07,4,499392027
581,-1.24884256816962,0.23301209567036,0.286836598613547,0.181674640071971,0.45287132134455,0.713163401386453,0.54712867865545,0.818325359928029,160,8.3424367765157e-08,3,651536756
756,-0.943277010175999,0.22613105989353,0.38934983911405,0.249952159019779,0.606489249033216,0.61065016088595,0.393510750966784,0.750047840980221,170,3.02769712908737e-05,4,204461145
531,-0.898955329254294,0.247528205403059,0.406994613099746,0.250548767440918,0.661127239954484,0.593005386900254,0.338872760045516,0.749451232559082,159,0.000281528823006226,3,984693446
331,-0.99910756447708,0.239954343454519,0.36820789639365,0.230061311100119,0.589308364445666,0.63179210360635,0.410691635554334,0.76993868889988,147,3.13076229392608e-05,4,933125580
956,-0.853831511974067,0.231135420934501,0.425780419845037,0.270671705154987,0.669774351994456,0.574219580154963,0.330225648005544,0.729328294845013,155,0.000220688919592961,4,533350096
156,-1.01153296888816,0.209615613848919,0.363661070944902,0.24114134524271,0.548430939487723,0.636338929055098,0.451569060512277,0.75885865475729,182,1.39542772665144e-06,3,146982376
656,-0.469417912947406,0.228841534370864,0.625366179914759,0.399341204468043,0.97932007668013,0.374633820085241,0.0206799233198701,0.600658795531957,168,0.0402397506722427,3,581717992
307,-0.70721252511929,0.221553593227185,0.493016555129295,0.31935575170003,0.761111463744258,0.506983444870705,0.238888536255742,0.68064424829997,161,0.00141261627207287,3,431413856
7,-0.731635432528917,0.227650728543244,0.481121504567072,0.307948517323204,0.751677274399532,0.518878495432928,0.248322725600468,0.692051482676796,173,0.00130967794539776,3,323090808
382,-0.668128746539629,0.224586679714864,0.5126670106892,0.330116204985223,0.796166501007622,0.4873329893108,0.203833498992378,0.669883795014777,170,0.00293059259782924,4,207263355
856,-0.518002078645073,0.208607411567165,0.595709540630333,0.395792540660751,0.89660572229474,0.404290459369667,0.10339427770526,0.604207459339249,183,0.0130228718411652,3,645534388
232,-1.28530905790563,0.245707819870364,0.276565095793031,0.17086397009565,0.447655829184996,0.723434904206969,0.552344170815004,0.82913602990435,146,1.68553000890788e-07,3,280790778
257,-0.65289984958709,0.225937612299939,0.520534115385454,0.334295671882069,0.810527290869932,0.479465884614546,0.189472709130068,0.665704328117931,168,0.0038556657419485,3,308797078
407,-0.712096189026394,0.222234881964893,0.490614697679399,0.317375852207354,0.758415550222099,0.509385302320601,0.241584449777901,0.682624147792646,159,0.00135414691459047,3,138763924
57,-0.754649220441561,0.222889747837424,0.470175513766349,0.303763725436474,0.727753168775519,0.529824486233651,0.272246831224481,0.696236274563526,150,0.000709837213254218,3,434222608
557,-1.08677515012947,0.219046930351836,0.337302491571805,0.219566694652741,0.518170440195798,0.662697508428195,0.481829559804202,0.780433305347259,173,6.9993957329e-07,3,319279902
906,-0.945936944769947,0.202751490557056,0.388315570161535,0.260977113283418,0.577786228580599,0.611684429838465,0.422213771419401,0.739022886716582,183,3.07868488561701e-06,3,117990672
107,-0.82407268086543,0.209029459808397,0.438641564640844,0.291194778499386,0.660748187938313,0.561358435359156,0.339251812061687,0.708805221500614,170,8.06784363350704e-05,3,594299072
182,-1.21963756553701,0.215905352136458,0.295337187903896,0.193436829993494,0.450917514321936,0.704662812096104,0.549082485678064,0.806563170006506,185,1.61435029123138e-08,3,460340424
981,-1.01679636829963,0.227577078714363,0.36175200597114,0.231577833929238,0.56509948125748,0.63824799402886,0.43490051874252,0.768422166070762,176,7.89835281471809e-06,3,821431153
207,-1.67635943729894,0.246176770085343,0.187053718757261,0.115457008337696,0.303048677639231,0.812946281242739,0.696951322360769,0.884542991662304,148,9.78867778108796e-12,4,759319729
282,-0.914691012979613,0.223673191460214,0.400640399650957,0.258442405504401,0.621077371258817,0.599359600349043,0.378922628741183,0.741557594495599,154,4.32474937188247e-05,3,620266868
682,-0.911711624701465,0.220429869691934,0.401835842921959,0.260866569483266,0.618983279370182,0.598164157078041,0.381016720629818,0.739133430516734,165,3.53316648758588e-05,3,278362526
32,-0.922749718227464,0.220297078849075,0.397424731224639,0.258070091449716,0.612029143329657,0.602575268775361,0.387970856670343,0.741929908550284,158,2.80605563372458e-05,3,363449469
731,-0.739508467392253,0.223742189042636,0.477348490213955,0.307883104239779,0.740091216347112,0.522651509786045,0.259908783652888,0.692116895760221,163,0.000949150291555183,3,856087391
632,-0.991312675529998,0.227819370284946,0.371089251387257,0.237442346567964,0.579960712508112,0.628910748612743,0.420039287491888,0.762557653432036,162,1.35326637662827e-05,3,663783813
881,-1.11054980364315,0.220005122232833,0.329377818158836,0.214005851765865,0.506947572694272,0.670622181841164,0.493052427305728,0.785994148234135,163,4.46842167002738e-07,3,729664520
782,-0.974985808103219,0.216291256201331,0.377197706676091,0.246866177560588,0.576336990865356,0.622802293323909,0.423663009134644,0.753133822439412,166,6.55202829147591e-06,3,812966038
932,-0.745507484880685,0.227352176328855,0.474493440581761,0.303883898822147,0.74088829986641,0.525506559418239,0.25911170013359,0.696116101177853,154,0.00104143655485628,3,878694439
607,-0.987454700252407,0.224697814469129,0.372523669741009,0.239822952925218,0.578651387720094,0.627476330258991,0.421348612279906,0.760177047074782,184,1.10982172498578e-05,4,273460183
482,-0.832762348238504,0.225735590075569,0.434846428464579,0.279376212154541,0.676834347814129,0.565153571535421,0.323165652185871,0.720623787845459,167,0.000225044121076677,4,542406411
807,-1.42941237510229,0.234412965349664,0.23944958744985,0.151245135481094,0.379093877945387,0.76055041255015,0.620906122054613,0.848754864518906,159,1.07512368838594e-09,3,820118459
82,-0.766833539998721,0.227605916789081,0.464481504317108,0.297323966141906,0.725616137347349,0.535518495682892,0.274383862652651,0.702676033858094,164,0.00075406314576654,4,201269334
432,-0.72028862517292,0.217519555412645,0.4866117872783,0.317709092066092,0.745307696352997,0.5133882127217,0.254692303647003,0.682290907933908,194,0.00092839000206757,3,598599604
457,-0.883461641067109,0.235582411563014,0.413349564418755,0.260488990113425,0.655912030411641,0.586650435581245,0.344087969588359,0.739511009886575,162,0.000176751977692259,4,703099179
532,-0.65599918632823,0.213555105982446,0.518923302392011,0.341448129134532,0.788645099470825,0.481076697607989,0.211354900529175,0.658551870865468,186,0.00212770193210771,3,434181309
357,-0.692594330665788,0.219029140547517,0.500276501371913,0.325665806225135,0.768507387146147,0.499723498628087,0.231492612853853,0.674334193774865,161,0.0015663015212375,3,284194080
832,-0.807513521908951,0.254400652940193,0.445965572382529,0.270866380843278,0.734256097531538,0.554034427617471,0.265743902468462,0.729133619156722,146,0.00150260358732785,3,441589818
657,-0.83888984843885,0.23071872130457,0.432190053667001,0.274970837400567,0.679302009822152,0.567809946332999,0.320697990177848,0.725029162599433,159,0.000276920266381687,3,447872670
332,-0.57157491123964,0.214305041921837,0.564635487310998,0.370980760907404,0.859379426445524,0.435364512689002,0.140620573554476,0.629019239092596,179,0.00765068487939424,4,96588173
132,-1.22276282185428,0.21656102056425,0.294415624303001,0.192585585778122,0.450088512509915,0.705584375696999,0.549911487490085,0.807414414221878,175,1.63962625024547e-08,5,777123208
157,-0.814238414632992,0.214048860593158,0.442976563396647,0.291193736452097,0.673875194259145,0.557023436603353,0.326124805740855,0.708806263547903,186,0.000142387451573575,4,861015862
757,-1.20994839279335,0.226494962507942,0.298212668955611,0.191308042525746,0.46485654628796,0.701787331044389,0.53514345371204,0.808691957474254,162,9.1899105887086e-08,3,155051575
707,-0.805278353871241,0.238158415190349,0.446963495222989,0.280253628355894,0.712841318893666,0.553036504777011,0.287158681106334,0.719746371644106,153,0.000721511124257616,4,167238912
507,-0.937867015864126,0.214136713007468,0.391461927570866,0.257285925706463,0.595611440138908,0.608538072429134,0.404388559861092,0.742714074293537,187,1.18811092430371e-05,3,775842745
308,-1.1436666664168,0.234185876238738,0.318648499418556,0.201359673519669,0.504256211816807,0.681351500581444,0.495743788183193,0.798640326480331,157,1.04174134749503e-06,3,367898506
233,-0.90121440640261,0.264846857991775,0.406076218622373,0.241640375563587,0.682410358558862,0.593923781377627,0.317589641441138,0.758359624436413,139,0.000667050601471511,4,975911184
383,-0.873885441060159,0.22815833432226,0.41732689598712,0.266850271412672,0.652657151863681,0.58267310401288,0.347342848136319,0.733149728587328,149,0.000128054227344773,3,425849963
582,-0.519352716244665,0.230334748616493,0.594905496034982,0.37877969298131,0.934349321704771,0.405094503965018,0.0656506782952287,0.62122030701869,161,0.0241475415621819,4,752872315
857,-1.35055358690517,0.214103103282937,0.259096788348162,0.170300976331934,0.394191197127883,0.740903211651838,0.605808802872117,0.829699023668066,180,2.82739173700214e-10,3,565877066
258,-0.860919041098183,0.233778504702957,0.42277335762725,0.267371422788127,0.668498188982058,0.57722664237275,0.331501811017942,0.732628577211873,157,0.000230842771365417,3,222952545
957,-0.941379862054981,0.230972329056975,0.390089194541368,0.248061815350148,0.613434113118702,0.609910805458632,0.386565886881298,0.751938184649852,164,4.58710618966879e-05,4,24897429
8,-0.629341669989453,0.23419795838668,0.53294253761042,0.336767925683463,0.843393110606379,0.46705746238958,0.156606889393621,0.663232074316537,152,0.00720492667643871,3,436397765
907,-0.771167077124826,0.216126600763568,0.462473011555949,0.302774362009099,0.706404878531958,0.537526988444051,0.293595121468042,0.697225637990901,191,0.000359542756795195,3,947632859
283,-0.883775937654255,0.211028052225771,0.413219670475041,0.273245855424914,0.624896929550767,0.586780329524959,0.375103070449233,0.726754144575086,186,2.81479595820302e-05,3,954702925
33,-0.904886110061966,0.243205146866929,0.404587960976985,0.251186537450539,0.651672736241871,0.595412039023015,0.348327263758129,0.748813462549461,156,0.0001986948840432,3,845139782
882,-0.675363681527954,0.233366702030997,0.508971283490051,0.322144842644608,0.804146871608611,0.491028716509949,0.195853128391389,0.677855157355392,156,0.00380365847655937,4,776458336
783,-0.907121035263958,0.213509241375248,0.403684746830559,0.265645794092286,0.613453623011396,0.596315253169441,0.386546376988604,0.734354205907714,180,2.15085114817883e-05,3,15286369
408,-0.903531019630247,0.224868535644261,0.405136585885924,0.260731209559363,0.62952054531827,0.594863414114076,0.37047945468173,0.739268790440637,166,5.86839616410539e-05,3,913278240
58,-0.783455835820927,0.242535084819696,0.456824569566235,0.283990109521778,0.734844913123189,0.543175430433765,0.265155086876811,0.716009890478222,139,0.00123669749206012,3,899385562
808,-1.36516528716999,0.232170477095613,0.255338468327162,0.161991557298224,0.402476119713036,0.744661531672838,0.597523880286964,0.838008442701776,155,4.1023571745412e-09,3,812946182
558,-0.683628756840964,0.234623810038754,0.504781933992758,0.31870703797008,0.799495368876634,0.495218066007242,0.200504631123366,0.68129296202992,171,0.00357146822890658,3,529580190
108,-0.457108717204788,0.240097392711298,0.633111506207841,0.395465803413555,1.01356470226478,0.366888493792159,-0.0135647022647789,0.604534196586445,158,0.0569301044578791,5,126684059
183,-1.30457452760507,0.213297433080986,0.271287936021749,0.178595855831736,0.41208763713017,0.728712063978251,0.58791236286983,0.821404144168264,172,9.58196060570279e-10,3,998329270
83,-0.95787942420365,0.21676932969359,0.383705700874916,0.250890295941142,0.586830448469996,0.616294299125084,0.413169551530004,0.749109704058858,168,9.92099681923497e-06,3,499238273
208,-0.846643624240986,0.214622698747542,0.42885190723087,0.281591909930489,0.653122308737329,0.571148092769129,0.346877691262671,0.718408090069511,175,7.98666057182217e-05,3,351971892
683,-1.00863235740495,0.220822887569416,0.364717441743263,0.236587475540155,0.562239450791104,0.635282558256737,0.437760549208896,0.763412524459845,179,4.93321835465453e-06,3,820518883
982,-0.628744559868154,0.253134723006381,0.533260858020409,0.324691590273755,0.875806923292676,0.466739141979591,0.124193076707324,0.675308409726245,150,0.012997648505181,3,1640453
483,-1.0920081939221,0.23301786938001,0.335541983288106,0.212520924833418,0.529775703908529,0.664458016711894,0.470224296091471,0.787479075166582,149,2.78091914536086e-06,3,480684971
608,-1.08568446335178,0.214531474953649,0.337670583639527,0.22176025173531,0.514165285091546,0.662329416360473,0.485834714908454,0.77823974826469,179,4.17668680149127e-07,3,667076967
933,-0.811788013050376,0.251646390117285,0.444063364874881,0.271170942041861,0.727188062773929,0.555936635125118,0.272811937226071,0.728829057958139,145,0.00125573871447363,3,615884957
758,-0.821381677590454,0.213838305586423,0.439823540164563,0.289240413792962,0.668802619752014,0.560176459835437,0.331197380247986,0.710759586207038,179,0.000122467020645172,3,845938653
633,-0.900431083175555,0.253905105301275,0.406394432172136,0.247071886791346,0.668454985491685,0.593605567827864,0.331545014508315,0.752928113208654,141,0.000390637912698456,3,799522598
732,-0.964864169582185,0.226669057479442,0.381034952361249,0.244356425662225,0.594163360048623,0.618965047638751,0.405836639951377,0.755643574337775,179,2.07458291980189e-05,3,899416631
133,-0.986847497698814,0.221881277093487,0.372749935752247,0.241296982973863,0.575815382732551,0.627250064247753,0.424184617267449,0.758703017026137,161,8.68198671061346e-06,3,44799405
708,-0.551323801553785,0.224256076366707,0.576186548640053,0.371258150630189,0.89423205462345,0.423813451359947,0.10576794537655,0.628741849369811,172,0.0139535691868961,4,965288514
533,-0.899105922432096,0.214273314037771,0.406933327102353,0.267382810347819,0.619317047685977,0.593066672897647,0.380682952314023,0.732617189652181,174,2.715857942615e-05,3,639993614
309,-0.879042053073043,0.214208222615391,0.41518044207329,0.272836529934922,0.631787831055057,0.58481955792671,0.368212168944943,0.727163470065078,191,4.06629364076116e-05,3,745405562
833,-0.70507870561357,0.230778441504471,0.49406968666799,0.314303518862152,0.776653268687284,0.50593031333201,0.223346731312716,0.685696481137848,177,0.00224896151406184,3,365168773
234,-0.430212677430582,0.203761358825166,0.650370760831251,0.436233511499771,0.96962318435832,0.349629239168749,0.0303768156416798,0.563766488500229,190,0.0347417619802438,3,281669498
458,-0.665295562054673,0.238002525570459,0.514121550426584,0.322461367570012,0.819698094704773,0.485878449573416,0.180301905295227,0.677538632429988,162,0.00518467872124955,3,560222956
658,-0.460150947889064,0.220076644825833,0.631188361764857,0.410043000470816,0.97160236260577,0.368811638235143,0.0283976373942301,0.589956999529184,165,0.0365400068607395,3,454629610
433,-0.897758972218656,0.214030599787922,0.407481815344401,0.267870603081165,0.619856855983776,0.592518184655599,0.380143144016224,0.732129396918835,176,2.73431196500659e-05,3,985494806
358,-0.995204050234296,0.214618977232581,0.369648010085046,0.242719331883279,0.562953310309633,0.630351989914954,0.437046689690367,0.757280668116721,171,3.53376155401596e-06,3,19445395
158,-0.543596624794444,0.231705610961028,0.580656090177098,0.36871500508575,0.914423037872685,0.419343909822902,0.085576962127315,0.63128499491425,159,0.0189727543444059,3,956578733
333,-0.915676018480867,0.221315123239832,0.400245960947314,0.259384000139809,0.617604899177638,0.599754039052686,0.382395100822362,0.740615999860192,171,3.51216245619505e-05,3,514656203
9,-0.234335580635492,0.228722060431499,0.791096294748871,0.505290088705036,1.23856248431329,0.208903705251129,-0.238562484313291,0.494709911294964,155,0.305578882517154,3,255187385
384,-0.729426244153342,0.249327209140153,0.482185567527197,0.295792053224261,0.786035050628111,0.517814432472803,0.213964949371889,0.704207946775739,154,0.00343816768437457,3,880920222
508,-1.06239301553907,0.237991451310996,0.345627727395171,0.216785327619852,0.551045254104232,0.654372272604829,0.448954745895768,0.783214672380148,157,8.04448631664461e-06,3,830095936
259,-0.860600069471869,0.243528627117612,0.422908231842075,0.262394178480569,0.681613340644426,0.577091768157925,0.318386659355574,0.737605821519431,158,0.000409512525211305,4,47632219
284,-1.14993934710248,0.220149023230538,0.316655974899008,0.205682100447485,0.487504776648478,0.683344025100992,0.512495223351522,0.794317899552515,181,1.75611576109877e-07,3,354050775
583,-0.935537063618234,0.215367536953496,0.392375078554184,0.25726472149633,0.598442730021179,0.607624921445816,0.401557269978821,0.74273527850367,164,1.39969272941898e-05,3,41809664
858,-1.20139911082107,0.233128164645877,0.30077310248914,0.190458316894765,0.474982981346661,0.69922689751086,0.525017018653339,0.809541683105235,171,2.55826428090805e-07,4,666392140
958,-0.82430208037366,0.237488626504353,0.43854095202231,0.275333762597385,0.698491041514065,0.56145904797769,0.301508958485935,0.724666237402614,164,0.000518694305991257,3,819064213
59,-1.0417210909129,0.24943681498524,0.352846877510928,0.216403996362234,0.575317097013366,0.647153122489072,0.424682902986634,0.783596003637766,140,2.96298819454557e-05,3,126138310
409,-0.820018090580309,0.247321908178504,0.440423686913852,0.271237590848501,0.71514063883252,0.559576313086148,0.28485936116748,0.728762409151499,144,0.000914498292698224,4,481372919
184,-0.901233850057966,0.213068427010605,0.406068323093089,0.26744528028825,0.616542878759778,0.593931676906911,0.383457121240222,0.73255471971175,190,2.33913720859697e-05,4,452609243
559,-0.682571963520789,0.205635095576001,0.505315666141358,0.337695949915045,0.756135578505225,0.494684333858642,0.243864421494775,0.662304050084955,188,0.000902318070747296,3,593334607
34,-1.14623232350394,0.228722883466176,0.317832004508583,0.203005757649369,0.497607478032325,0.682167995491417,0.502392521967675,0.796994242350631,164,5.40226126236843e-07,3,302219821
908,-0.762173699010428,0.226996259643574,0.46665096501451,0.299069828555863,0.728134710881737,0.53334903498549,0.271865289118263,0.700930171444137,166,0.00078608445337457,4,216437713
109,-0.844275838301583,0.206278422186086,0.429868539856144,0.286913610692655,0.644050873403839,0.570131460143856,0.355949126596161,0.713086389307345,193,4.26021417191522e-05,3,536320393
784,-0.80849419091622,0.218032451293735,0.445528442142456,0.290593486254542,0.683069656227648,0.554471557857544,0.316930343772352,0.709406513745458,165,0.00020878972724809,3,660533906
209,-1.03132092300992,0.233557731418606,0.35653569318272,0.225578815904159,0.563517899514514,0.64346430681728,0.436482100485486,0.774421184095841,165,1.00683543370207e-05,3,398519924
883,-1.38734345693426,0.240725639767018,0.249737863573565,0.155803911332145,0.400304459426112,0.750262136426435,0.599695540573888,0.844196088667855,147,8.25472067844129e-09,3,924635524
983,-0.974898224870965,0.231507115866085,0.377230744317191,0.239633685002023,0.593835689072261,0.622769255682809,0.406164310927739,0.760366314997977,182,2.54136972214762e-05,3,733682024
934,-0.495802361332919,0.21554349032227,0.609082007334064,0.399213131931205,0.929280281596604,0.390917992665936,0.0707197184033956,0.600786868068795,185,0.021434468370693,4,836182086
809,-0.912787872944379,0.228877215369258,0.401403600443901,0.256307092857756,0.628639842357961,0.598596399556099,0.371360157642039,0.743692907142244,156,6.66013389515136e-05,3,939837391
609,-0.999694299207747,0.216558127679096,0.367991919399528,0.240715285940256,0.56256524056789,0.632008080600472,0.43743475943211,0.759284714059744,174,3.90668069938529e-06,3,308576795
634,-0.857098034740843,0.209568357319306,0.424391867513542,0.281437616384124,0.639958721672117,0.575608132486458,0.360041278327883,0.718562383615876,185,4.31697645546379e-05,3,402662638
733,-0.541603550743279,0.2217322049816,0.581814534812574,0.376743502910219,0.898510924022068,0.418185465187426,0.101489075977932,0.623256497089781,177,0.0145818041149845,3,959359503
484,-0.785422449206197,0.22633989330177,0.455927055074279,0.292573170411072,0.710487155252969,0.544072944925721,0.289512844747031,0.707426829588928,163,0.000520261327288795,3,901951060
84,-0.900574337877493,0.246457052852619,0.406336218428681,0.250669162942068,0.658673450172567,0.593663781571319,0.341326549827433,0.749330837057932,158,0.000258103542810888,4,965245732
534,-1.112830526684,0.224580544858059,0.328627454590822,0.211612119263873,0.510348860389116,0.671372545409178,0.489651139610884,0.788387880736128,178,7.22741139406584e-07,4,656918055
709,-0.525074196838478,0.230080205238525,0.591511474457261,0.376806640637913,0.928555356196124,0.408488525542739,0.0714446438038757,0.623193359362087,161,0.0224813435725437,4,907570942
834,-0.88237017008409,0.209115511879905,0.413800969777273,0.27465787631035,0.623434670393829,0.586199030222727,0.376565329606171,0.72534212368965,192,2.44806984097555e-05,3,35659097
684,-0.541390893047205,0.228142075118833,0.581938275307807,0.372119163640189,0.910063735915724,0.418061724692193,0.0899362640842758,0.627880836359811,176,0.0176422227518661,3,574432823
659,-0.844180341296194,0.213703563992425,0.429909592974605,0.282795394602884,0.653554695935299,0.570090407025395,0.346445304064701,0.717204605397116,162,7.80729059157921e-05,3,709290236
759,-1.11694564611909,0.230305018567952,0.32727789207548,0.208391826948142,0.513987617508741,0.67272210792452,0.486012382491259,0.791608173051858,161,1.23552569815278e-06,3,176030770
359,-0.866932601718217,0.226963430002102,0.420238613470086,0.269342156514419,0.655673417546896,0.579761386529914,0.344326582453104,0.730657843485581,157,0.000133613156982558,3,203373630
434,-0.786838470733668,0.222377689145934,0.455281909427199,0.294436849322385,0.703993462532671,0.544718090572801,0.296006537467329,0.705563150677615,166,0.000402715706229627,4,923398732
159,-0.3822494728099,0.218837150556296,0.682324810483072,0.444341260795898,1.04776933424288,0.317675189516928,-0.0477693342428818,0.555658739204102,184,0.0806841388788536,4,783040028
310,-0.976949020144949,0.20368619826316,0.376457914018767,0.25254479681127,0.561169989707889,0.623542085981233,0.438830010292111,0.74745520318873,183,1.6158790697437e-06,3,1089820
385,-0.783750015966673,0.233950875876534,0.456690200613088,0.288723641305127,0.722372225541473,0.543309799386912,0.277627774458527,0.711276358694873,155,0.000807933782040341,3,783864750
134,-1.02789172158363,0.238743941566114,0.357760424615517,0.224064516483708,0.57123065905164,0.642239575384483,0.42876934094836,0.775935483516292,164,1.6667306077069e-05,3,375928571
235,-0.634198154714911,0.220694510327197,0.530360584998385,0.344124610787083,0.817385160208331,0.469639415001615,0.182614839791669,0.655875389212917,181,0.00405761984004179,4,146000170
10,-0.841184942298677,0.209753127612292,0.431199274329246,0.285848445897447,0.650459419495235,0.568800725670754,0.349540580504765,0.714151554102553,204,6.0626987199687e-05,3,666003170
509,-0.752651454600649,0.219473872168874,0.471115753223406,0.306415780471015,0.724342762615168,0.528884246776594,0.275657237384832,0.693584219528985,168,0.000605041650630994,3,447420793
260,-0.959798981353339,0.217138548336537,0.382969862321448,0.250228015261644,0.586129076287288,0.617030137678552,0.413870923712712,0.749771984738356,174,9.86029327747955e-06,4,136438405
334,-0.848261429010776,0.228002841848778,0.428158669482687,0.273859853394808,0.669392917511363,0.571841330517313,0.330607082488637,0.726140146605192,169,0.000198908678238911,4,183337764
584,-0.677136632509074,0.226226089633507,0.508069701819844,0.326106383676334,0.791566295014662,0.491930298180156,0.208433704985338,0.673893616323666,167,0.00276081963812554,3,359896295
285,-1.01267595945849,0.201766829282657,0.363245647227941,0.244599847761431,0.53944187389168,0.636754352772059,0.46055812610832,0.755400152238569,191,5.19301058111191e-07,3,76957423
959,-0.657017745855737,0.216058340014213,0.51839501720894,0.339431095670423,0.791717073935938,0.48160498279106,0.208282926064062,0.660568904329577,171,0.00235850620568267,3,833595437
859,-0.9393714360583,0.237895376077626,0.390873447113712,0.245210609950425,0.623064604298499,0.609126552886288,0.376935395701501,0.754789390049575,154,7.85850781844956e-05,4,578800794
410,-0.933878613365542,0.221216374263631,0.393026353006226,0.254754551701332,0.606347219807368,0.606973646993774,0.393652780192632,0.745245448298668,175,2.42615327207111e-05,3,787134962
60,-0.481736658365249,0.223480082245994,0.61770970903242,0.398618854374981,0.957218356445271,0.38229029096758,0.0427816435547287,0.601381145625019,171,0.0311138658830574,3,813201646
459,-1.00566614455925,0.219514178010041,0.36580087735996,0.237899722636925,0.562465060463874,0.63419912264004,0.437534939536126,0.762100277363075,181,4.62035597213162e-06,4,890339029
35,-1.07883530347028,0.217404840209433,0.339991281798338,0.222030402043229,0.520622719389442,0.660008718201662,0.479377280610558,0.777969597956771,170,6.96512969480688e-07,3,618396945
909,-0.27299815266573,0.213868922839893,0.761094193623022,0.500487057929307,1.15740130017208,0.238905806376978,-0.157401300172078,0.499512942070693,175,0.201787957100138,4,398783113
785,-1.25413886643116,0.224790697043481,0.285321442336517,0.183650545445062,0.443278430018839,0.714678557663483,0.556721569981161,0.816349454554938,171,2.41710043987091e-08,3,286449888
884,-0.682439654957704,0.222746904555628,0.50538252815416,0.326601153844323,0.782028773496724,0.49461747184584,0.217971226503276,0.673398846155677,159,0.00218585337834751,3,682004440
810,-0.814087454509106,0.219970771733923,0.443043440241277,0.287876921883582,0.681845174168582,0.556956559758723,0.318154825831418,0.712123078116418,194,0.000214845274985043,4,250701041
935,-0.892592239234135,0.235906263356132,0.409592613349505,0.257957607612765,0.650363098274351,0.590407386650495,0.349636901725649,0.742042392387235,170,0.000154530613677508,3,191813692
185,-0.765347608820812,0.217007727920103,0.465172204905616,0.304016002271267,0.711755889822129,0.534827795094384,0.288244110177871,0.695983997728733,189,0.000420579557568935,3,932798271
560,-1.01823045779719,0.228999078765869,0.361233593032778,0.230602367461526,0.565864566664267,0.638766406967222,0.434135433335733,0.769397632538474,171,8.73054023395557e-06,3,339242628
110,-1.08226881715103,0.227091098328947,0.338825918870599,0.217108252347649,0.528782310470055,0.661174081129401,0.471217689529945,0.782891747652351,157,1.88113748609342e-06,3,515355312
485,-1.01702756453472,0.226307902986371,0.361668379936709,0.232100942768199,0.56356521212703,0.638331620063291,0.43643478787297,0.767899057231801,161,6.98978478053796e-06,3,605490957
210,-1.07080034988035,0.227881195515355,0.342734100422285,0.219272663264628,0.535710479561737,0.657265899577715,0.464289520438263,0.780727336735372,163,2.61513661533128e-06,3,399228269
685,-1.04802402033924,0.226624807786445,0.350629902601332,0.224877272397521,0.54670410792289,0.649370097398668,0.45329589207711,0.775122727602479,163,3.75522295826453e-06,3,825812263
360,-0.434464961333799,0.234653641359614,0.647611071363767,0.408861975855663,1.02577428207944,0.352388928636233,-0.0257742820794447,0.591138024144337,156,0.0640953612804137,4,483278346
610,-1.02535362817917,0.218153621402991,0.358669607296822,0.233884735287347,0.550031138374236,0.641330392703178,0.449968861625764,0.766115264712653,170,2.59976972870126e-06,3,549003824
311,-0.82988412143373,0.220052227224795,0.436099818015371,0.28331991970275,0.671266077840816,0.563900181984629,0.328733922159184,0.71668008029725,171,0.0001623958683356,3,33402574
386,-0.757741609832967,0.225067222494879,0.468723793794084,0.301536183012626,0.728609060026205,0.531276206205916,0.271390939973795,0.698463816987374,181,0.00076063847945489,4,609676812
85,-0.640502160388619,0.227809475997448,0.52702770514571,0.337226479391054,0.823654780884096,0.47297229485429,0.176345219115904,0.662773520608946,171,0.00493004481589825,3,632624205
135,-0.776916104211429,0.210092715919734,0.459821869730745,0.304619975620186,0.694098118326639,0.540178130269255,0.305901881673361,0.695380024379814,181,0.00021733242647331,3,528411196
635,-1.12464867312897,0.22205936835843,0.324766546532245,0.21016191163743,0.501866912632783,0.675233453467755,0.498133087367217,0.78983808836257,173,4.09193022087287e-07,3,668612681
236,-0.638291094543346,0.229573275718606,0.528194287323808,0.336806584453596,0.828336552903538,0.471805712676192,0.171663447096462,0.663193415546404,166,0.00543024972485861,3,585117025
710,-0.889269753443873,0.238045861646803,0.410955742221354,0.257733011521421,0.655269657029043,0.589044257778646,0.344730342970957,0.742266988478579,158,0.000187188018072481,4,429448726
535,-0.955628445565465,0.2372279033331,0.384570387040872,0.24157227091135,0.612215888979406,0.615429612959128,0.387784111020594,0.75842772908865,164,5.61783192196273e-05,3,266781428
760,-1.11856450174541,0.231657035903794,0.326748505034731,0.207504148055527,0.514517837560826,0.673251494965269,0.485482162439174,0.792495851944473,182,1.37539982160323e-06,3,190414584
835,-0.879984215530806,0.212600411051972,0.414789458861345,0.273439916689346,0.629206947052844,0.585210541138655,0.370793052947156,0.726560083310654,182,3.48600525119354e-05,3,480521785
261,-0.677911237224102,0.225661472112944,0.50767630101798,0.32621467722015,0.790078572833076,0.49232369898202,0.209921427166924,0.67378532277985,156,0.00266361517188558,3,149998564
984,-1.36748804899073,0.218889740307935,0.254746066152487,0.16587777507052,0.391225154741664,0.745253933847513,0.608774845258336,0.83412222492948,161,4.17386635931432e-10,3,752126165
660,-0.601261716525521,0.22802954618393,0.548119628034173,0.350571214130302,0.856987438006401,0.451880371965827,0.143012561993599,0.649428785869698,156,0.00836992904158307,3,859982993
734,-0.844443779148606,0.218568015886716,0.429796353431147,0.280038210666107,0.659641785966704,0.570203646568853,0.340358214033296,0.719961789333893,174,0.000111760804033439,3,388833381
435,-0.843399108095751,0.229767871452579,0.43024558384835,0.274244328261369,0.674986657315978,0.56975441615165,0.325013342684022,0.725755671738631,167,0.000241927556655321,4,628311939
11,-0.91208140377229,0.214361400032175,0.40168727990678,0.263890237981711,0.61143857413206,0.59831272009322,0.38856142586794,0.736109762018289,181,2.09163906471571e-05,3,122704470
36,-0.910605873851449,0.212584620818368,0.402280418996726,0.265201842177855,0.610212712623813,0.597719581003274,0.389787287376187,0.734798157822145,169,1.83977458432926e-05,3,726519975
160,-0.700796172773692,0.21735097633317,0.496190093441452,0.324069831078905,0.75972702552954,0.503809906558548,0.24027297447046,0.675930168921095,168,0.00126298441906717,3,173367634
460,-0.774622289785013,0.224154468358843,0.460877826390424,0.297019651785026,0.715132381247611,0.539122173609576,0.284867618752389,0.702980348214974,173,0.000548759624960768,3,347743840
286,-1.04092820507454,0.227164938872581,0.353126755744299,0.226239002840097,0.551180406813539,0.646873244255701,0.448819593186461,0.773760997159904,150,4.59983369923784e-06,3,360872912
510,-1.41428573022267,0.236530822107899,0.243099189855379,0.152914303433334,0.38647278103782,0.756900810144621,0.61352721896218,0.847085696566666,157,2.24116044978425e-09,3,558314136
585,-0.900939356979624,0.218310212073645,0.406187925013678,0.264789658389758,0.623093180565466,0.593812074986322,0.376906819434534,0.735210341610242,169,3.6772320922183e-05,4,627286343
335,-1.10094233592308,0.215761399610537,0.332557555066002,0.217876496093557,0.507601918584131,0.667442444933998,0.492398081415869,0.782123503906443,168,3.35033241145315e-07,3,216578851
960,-0.696105402260411,0.240794073382166,0.498523074762967,0.310971778970581,0.799189099711308,0.501476925237033,0.200810900288692,0.689028221029419,143,0.00384171725981687,4,67919323
411,-1.06592172276498,0.222660830591305,0.34441025764649,0.222611109942501,0.53285042962483,0.65558974235351,0.46714957037517,0.777388890057499,161,1.69125051902141e-06,4,544226586
860,-0.94434379675536,0.231064794285082,0.388934707398848,0.247282846087764,0.611729479066815,0.611065292601152,0.388270520933185,0.752717153912236,164,4.37133956441849e-05,4,476008858
186,-1.08453395295921,0.225619149316383,0.338059300723916,0.217242864539793,0.526066027752133,0.661940699276084,0.473933972247867,0.782757135460207,173,1.53270734283803e-06,3,582848591
111,-0.536948324566185,0.208414900752201,0.584529327148705,0.388510911289338,0.879446430894344,0.415470672851295,0.120553569105656,0.611489088710662,180,0.00998514651588479,4,704281139
61,-0.671859823663379,0.209894149672065,0.510757774502109,0.338495392722587,0.770685539073632,0.489242225497891,0.229314460926368,0.661504607277413,181,0.00136977234531624,3,227002826
561,-1.1750703732744,0.218214806764015,0.308797247849902,0.201339340060029,0.473607096612335,0.691202752150098,0.526392903387665,0.798660659939971,165,7.24748529741912e-08,3,680303374
786,-0.755025526483139,0.206610146961699,0.469998617165634,0.313494339978061,0.704633774737583,0.530001382834366,0.295366225262417,0.686505660021939,192,0.000257835632173771,3,340280311
910,-0.813838337772958,0.195762605389928,0.443153823525672,0.301940290764013,0.650411082298756,0.556846176474328,0.349588917701244,0.698059709235987,175,3.22070877839835e-05,3,880483913
811,-1.1502059434663,0.225746166695491,0.316571566819461,0.203383829433676,0.492750860270381,0.683428433180539,0.507249139729619,0.796616170566324,192,3.48503030434239e-07,4,455388334
936,-1.08928548238514,0.223787840960226,0.336456812159551,0.216990524814314,0.521696449858535,0.663543187840449,0.478303550141465,0.783009475185686,165,1.13023515823469e-06,3,506840081
312,-0.746012351267267,0.228569151325285,0.474253945254615,0.303006913821089,0.74228274778697,0.525746054745385,0.25771725221303,0.696993086178911,178,0.0010991455371075,3,549046104
885,-0.548509451004374,0.232433189834206,0.577810423574604,0.366385166336494,0.911240181827766,0.422189576425396,0.0887598181722339,0.633614833663506,145,0.0182819042682817,3,246898388
611,-1.08496374933702,0.226232899797517,0.337914035280497,0.216888456041369,0.526472903738912,0.662085964719503,0.473527096261088,0.783111543958631,175,1.62041142621949e-06,3,46619961
211,-0.773637274084081,0.217846855326531,0.461332021943782,0.301010760811071,0.707041947262206,0.538667978056218,0.292958052737794,0.698989239188929,172,0.000383348340044648,3,462950403
86,-0.840726074235737,0.230557052509526,0.431397183308581,0.274553374712779,0.677840984330525,0.568602816691419,0.322159015669475,0.725446625287221,165,0.000265837454532914,4,670487463
387,-1.07387969624503,0.209966024351566,0.341680326715903,0.226410503098542,0.515636174413137,0.658319673284097,0.484363825586863,0.773589496901458,176,3.14505917135998e-07,3,740881755
686,-0.952269318155348,0.222946459542102,0.385864380096114,0.249265583796951,0.597320005268934,0.614135619903886,0.402679994731066,0.750734416203049,168,1.94344174455493e-05,3,716378362
636,-0.554186023770965,0.230385225234235,0.574539732600293,0.365776507331777,0.90245244765543,0.425460267399707,0.0975475523445698,0.634223492668223,173,0.0161514332071559,3,181915272
136,-0.953758218225521,0.223063365289046,0.385290294077922,0.248837705425328,0.596567993813136,0.614709705922078,0.403432006186864,0.751162294574672,159,1.90513936154023e-05,3,712168745
836,-1.01372559388856,0.225934036649702,0.362864572119801,0.233039300351404,0.565014988893021,0.637135427880199,0.434985011106979,0.766960699648596,159,7.22937425427065e-06,4,34676738
486,-1.06287724795945,0.215079372962563,0.345460403759219,0.226632600478082,0.526591895048321,0.654539596240781,0.473408104951679,0.773367399521918,185,7.74082850595304e-07,3,503345488
761,-1.25433690467047,0.238882013268475,0.285264943375099,0.17861242443906,0.455601496784805,0.714735056624901,0.544398503215195,0.82138757556094,154,1.51387629355562e-07,3,96482083
536,-0.729372816610127,0.221223096463312,0.482211330205656,0.312558971682002,0.743948464276629,0.517788669794344,0.256051535723371,0.687441028317997,158,0.000977230803984598,3,698089485
661,-1.00459450883174,0.226285836456872,0.366193092767778,0.235014844558556,0.570591110713516,0.633806907232222,0.429408889286484,0.764985155441444,159,9.01708216680569e-06,3,562330709
985,-1.36558151914274,0.238616371117803,0.255232210408276,0.159891309109455,0.407423527849783,0.744767789591724,0.592576472150217,0.840108690890545,148,1.04710861358962e-08,3,970526317
735,-0.590706930802362,0.235155999396694,0.553935552182556,0.349376821892089,0.878262599991729,0.446064447817444,0.121737400008271,0.650623178107911,156,0.0120056234698568,3,680218983
361,-0.460577642505167,0.218465155458168,0.630919094540668,0.411164673582492,0.968125253533373,0.369080905459332,0.0318747464666272,0.588835326417508,197,0.0350099725042581,4,422421209
237,-0.740742441618247,0.222531993247484,0.47675981775823,0.308233664152774,0.737427316557485,0.52324018224177,0.262572683442515,0.691766335847226,149,0.000872520579987188,4,541964411
262,-0.935105579993646,0.242017471086823,0.392544418506357,0.244277328488873,0.630804018750813,0.607455581493643,0.369195981249187,0.755722671511127,150,0.000111639517828316,4,212380737
37,-0.993234423301928,0.206435685918001,0.370376796244023,0.24712995853041,0.555088391596627,0.629623203755977,0.444911608403373,0.75287004146959,193,1.49913912623473e-06,3,22784126
161,-1.073538964264,0.213441742417886,0.341796767967007,0.224950007084671,0.519337750226073,0.658203232032992,0.480662249773927,0.775049992915329,196,4.91355499390825e-07,3,535454620
711,-0.669162719809032,0.221771326246695,0.51213720065595,0.33159977572731,0.790967097973557,0.48786279934405,0.209032902026443,0.66840022427269,159,0.0025499137975024,4,567088771
287,-0.72707996378106,0.220299465547408,0.483318238322095,0.313844078381517,0.744307557751043,0.516681761677905,0.255692442248957,0.686155921618483,181,0.000965414796135713,3,907607995
511,-0.731783367208099,0.232204584131934,0.481050335275979,0.305167037256376,0.758304131237873,0.518949664724021,0.241695868762127,0.694832962743624,148,0.0016245663194572,3,712802931
436,-0.6266902903019,0.230030026427838,0.534357445529453,0.340431667121503,0.838752405165795,0.465642554470547,0.161247594834205,0.659568332878497,156,0.0064421414743055,3,384798896
12,-0.851295046725501,0.237687776687519,0.426861767904629,0.267896510312626,0.680154320360619,0.573138232095371,0.319845679639381,0.732103489687374,154,0.000341537599560317,3,339755063
586,-0.75613549904922,0.205666899187441,0.469477221015728,0.313726022342698,0.702552052924342,0.530522778984272,0.297447947075658,0.686273977657302,199,0.000236450701041396,4,927581255
412,-0.871070359827786,0.222409413108106,0.418503360244078,0.270634845755564,0.647163753235878,0.581496639755922,0.352836246764122,0.729365154244435,167,8.9837295263118e-05,3,546169862
336,-0.875744852369608,0.211696567340006,0.416551634625223,0.275088476589787,0.630761660611804,0.583448365374777,0.369238339388196,0.724911523410213,187,3.521937417096e-05,3,717537024
861,-0.951122670183919,0.237839616891403,0.386307084469328,0.242372433754708,0.615718385128829,0.613692915530672,0.384281614871171,0.757627566245292,160,6.36083726426134e-05,4,112659861
62,-0.557493078326916,0.21558884622714,0.572642836658007,0.375296292219639,0.873762478270947,0.427357163341993,0.126237521729053,0.624703707780361,172,0.00971226461535448,3,182885085
461,-0.668786890011306,0.236988988825946,0.5123297132502,0.321976482170465,0.815220208971862,0.4876702867498,0.184779791028138,0.678023517829535,163,0.00477226884455201,3,862919670
787,-1.23868879810527,0.218147191819629,0.289763907944646,0.188954423708813,0.444356478664634,0.710236092055354,0.555643521335366,0.811045576291187,169,1.36099765036577e-08,3,204257076
911,-0.610513930270034,0.2195159896118,0.543071696359432,0.353187089473541,0.835044304213747,0.456928303640568,0.164955695786253,0.646812910526459,172,0.00541613552214563,3,464589975
961,-0.918819762715209,0.225058421057251,0.39898966578528,0.256679728867763,0.620199943741811,0.601010334214719,0.379800056258189,0.743320271132237,171,4.4537830318975e-05,3,833998119
187,-1.0108177576808,0.23101816795962,0.363921258451943,0.23140055942556,0.572335186578711,0.636078741548057,0.427664813421289,0.76859944057444,180,1.2115981904561e-05,5,507765322
313,-0.921531299623424,0.2211470802055,0.397909256027944,0.257954617134566,0.613797022869785,0.602090743972056,0.386202977130215,0.742045382865434,148,3.08564639047101e-05,3,761585012
886,-0.912968557936046,0.22362747769504,0.40133107938963,0.25891114123818,0.622092330649749,0.59866892061037,0.377907669350251,0.74108885876182,167,4.45457686250402e-05,4,328974280
812,-0.799143525160387,0.226043997163854,0.449713967919197,0.28875358012462,0.700398772040662,0.550286032080803,0.299601227959338,0.71124641987538,173,0.000407243014341457,3,367651397
112,-0.900741986494085,0.237688855284004,0.406268102433727,0.254971480213816,0.647342090639661,0.593731897566274,0.352657909360339,0.745028519786184,155,0.000150899514197517,3,795209287
562,-0.423850228373008,0.222269829385787,0.654521903378628,0.423377489039605,1.01186041556949,0.345478096621372,-0.0118604155694917,0.576622510960395,166,0.0565312710600381,3,842994485
687,-0.797643333845027,0.222385053192732,0.4503891312187,0.291268420775964,0.696437907616364,0.5496108687813,0.303562092383636,0.708731579224036,165,0.000334803440805426,3,669534454
837,-1.03922746049961,0.22836157725765,0.353727845163288,0.226093210843675,0.553415062650313,0.646272154836712,0.446584937349687,0.773906789156324,161,5.34427798727252e-06,3,211513331
388,-0.75333078906288,0.230637478565073,0.470795816740785,0.299580552637537,0.739863449443583,0.529204183259215,0.260136550556417,0.700419447362463,171,0.00108963426152527,3,994833448
487,-0.476432777462331,0.229883869246865,0.620994671585969,0.395740382761869,0.974463054406595,0.379005328414031,0.0255369455934049,0.604259617238131,167,0.0382194609719263,4,491235875
537,-1.00491440183214,0.219476101474213,0.36607596889516,0.238096397407695,0.562846042450028,0.63392403110484,0.437153957549972,0.761903602592305,175,4.67883067625067e-06,3,84911408
662,-0.576457240847231,0.220724753002516,0.561885469463294,0.364557931054174,0.866022252981984,0.438114530536706,0.133977747018016,0.635442068945826,162,0.00901047308078526,3,784684446
937,-1.07509436712125,0.220499154439866,0.341265549533943,0.221515045023954,0.525752890897817,0.658734450466057,0.474247109102183,0.778484954976046,175,1.0840674076264e-06,3,373316183
612,-1.31295976492895,0.225720544162092,0.269022633119512,0.172844332437708,0.418718832777685,0.730977366880488,0.581281167222315,0.827155667562292,170,6.00031114375391e-09,4,624884733
212,-0.871996529235062,0.223359344409518,0.418115934673527,0.269881366496233,0.647769562965946,0.581884065326473,0.352230437034054,0.730118633503767,161,9.4612893171738e-05,3,397902526
238,-1.13774876244104,0.218380897369037,0.320539821451469,0.208927608841608,0.491776925538038,0.679460178548531,0.508223074461962,0.791072391158392,182,1.8891387938725e-07,3,531818454
736,-1.02329680004822,0.207583315673522,0.359408088238665,0.239272401090522,0.539862404952014,0.640591911761335,0.460137595047986,0.760727598909478,196,8.2410164453303e-07,3,299276497
87,-0.764167246531154,0.217079854415337,0.465721600813802,0.30433203812412,0.712697259222215,0.534278399186198,0.287302740777785,0.69566796187588,175,0.00043120096025416,3,981455470
137,-0.359647952862664,0.233899199725012,0.697921984263506,0.441277230553403,1.10383011493126,0.302078015736494,-0.103830114931257,0.558722769446597,165,0.124141695215763,3,488666314
762,-0.867856244118224,0.216923108651141,0.41985064246938,0.274441343845547,0.642303231400719,0.58014935753062,0.357696768599281,0.725558656154453,173,6.31406648212177e-05,3,207850782
637,-1.08956445056234,0.221885751169836,0.33636296450682,0.2177402301494,0.519610197041615,0.66363703549318,0.480389802958385,0.7822597698506,170,9.08560048513107e-07,3,284623384
362,-0.995476946488035,0.20823385119208,0.369547148290921,0.245708895549778,0.555800368986988,0.630452851709079,0.444199631013012,0.754291104450222,174,1.74797024659931e-06,3,178276117
712,-0.998601404771131,0.226964098023688,0.368394315569174,0.236113451521839,0.574784582872983,0.631605684430826,0.425215417127017,0.763886548478161,157,1.08340207285074e-05,3,279421860
263,-0.624569690786585,0.22596421515563,0.53549180600649,0.343883818942517,0.833861491889578,0.46450819399351,0.166138508110422,0.656116181057483,163,0.00570939771191305,3,612116376
13,-0.799401815161234,0.227560716311767,0.449597826297798,0.287822121474835,0.702302534551287,0.550402173702202,0.297697465448713,0.712177878525165,169,0.000443216593823994,3,339341720
437,-1.15490876066814,0.215090053813487,0.315086283853984,0.206701920813954,0.480302098219357,0.684913716146016,0.519697901780643,0.793298079186046,176,7.89904215864015e-08,4,593689664
413,-0.554983695309918,0.206796640135371,0.574081621343046,0.382778930235922,0.860992290669535,0.425918378656954,0.139007709330465,0.617221069764078,189,0.00728086695671559,3,405547573
986,-1.14404323969199,0.214767363869488,0.318528527500024,0.209092291590451,0.485242292097808,0.681471472499976,0.514757707902192,0.790907708409549,176,9.99057675503843e-08,3,618562213
38,-1.38734288882159,0.236450977403732,0.249738005452848,0.157114838022489,0.396964870744033,0.750261994547152,0.603035129255967,0.842885161977512,160,4.42789931872326e-09,3,168291959
162,-0.990513871476548,0.246504685900204,0.371385797410771,0.229086829800192,0.602074814334518,0.628614202589229,0.397925185665482,0.770913170199808,161,5.86355877417629e-05,3,739402173
512,-0.833196869983644,0.214423600014432,0.434657519281161,0.285515373572157,0.661705731302439,0.565342480718839,0.338294268697561,0.714484626427843,180,0.000102013731230869,4,784852460
587,-1.0793116365965,0.200801450664119,0.33982937125293,0.229265341901324,0.503713298348717,0.66017062874707,0.496286701651283,0.770734658098676,192,7.6574556047547e-08,3,77828117
288,-0.977004121502281,0.230238112878718,0.376437171248209,0.239725075592342,0.591114398638571,0.623562828751791,0.408885601361429,0.760274924407658,143,2.20108573920032e-05,3,768471235
337,-0.833018640248454,0.218789852733051,0.434734995079762,0.28313290239992,0.667511668001231,0.565265004920238,0.332488331998769,0.71686709760008,173,0.000140440284526655,3,668779179
462,-0.671076323664201,0.207035341921442,0.511158110028975,0.340664166022205,0.766980033442562,0.488841889971025,0.233019966557438,0.659335833977795,192,0.00118960350493792,3,33964070
962,-0.385235791574946,0.236680259021251,0.680290210591651,0.427790976606286,1.08182452631011,0.319709789408349,-0.0818245263101058,0.572209023393714,144,0.10359628094724,3,152194012
887,-1.19692922521093,0.234188682347172,0.30212053303863,0.190914306592019,0.478103595864102,0.69787946696137,0.521896404135898,0.809085693407981,156,3.20524131467906e-07,4,794647548
838,-0.688632304495559,0.215465742459738,0.502262541736636,0.329250177380166,0.766188382460511,0.497737458263364,0.233811617539489,0.670749822619834,177,0.00139338613348937,3,134723886
788,-1.19767015355639,0.236095175543746,0.30189676627976,0.190061382245489,0.479538012474595,0.69810323372024,0.520461987525405,0.809938617754511,166,3.91947298699343e-07,3,755625757
63,-0.672220200786542,0.235582853017507,0.5105737422472,0.321758469996789,0.810190159951072,0.4894262577528,0.189809840048928,0.678241530003211,155,0.00432494655352071,4,818139651
912,-0.731388920453417,0.213555932774522,0.481240121447376,0.316652330122993,0.731376441792583,0.518759878552624,0.268623558207417,0.683347669877007,161,0.000615224992923238,3,383516771
938,-0.733259447269629,0.240973964470843,0.480340790268935,0.299524297198916,0.770312381846462,0.519659209731065,0.229687618153538,0.700475702801084,165,0.00234310923216883,3,485820925
113,-0.669506608559612,0.222449398834309,0.511961112712958,0.331045510646108,0.791746670778698,0.488038887287042,0.208253329221302,0.668954489353892,160,0.00261503318688787,3,501506722
213,-1.23163221921502,0.232108600838928,0.291815881261521,0.185155971972774,0.459917698841278,0.708184118738479,0.540082301158722,0.814844028027226,160,1.11887713319364e-07,3,332129737
314,-0.670455082797612,0.213651560864754,0.511475760994878,0.336484078059501,0.777473500660048,0.488524239005122,0.222526499339952,0.663515921940499,177,0.00170060104942521,3,987783719
239,-0.789232449160636,0.239093068940084,0.454193277957892,0.284265603796245,0.725699947468847,0.545806722042108,0.274300052531153,0.715734396203755,140,0.000963606625536409,3,911530738
813,-1.13848479079168,0.234462169946718,0.320303981858332,0.202296224142977,0.507150547317147,0.679696018141668,0.492849452682853,0.797703775857023,148,1.19944563275788e-06,3,560291548
563,-1.0127653258029,0.244861974404304,0.363213186742782,0.224768122056,0.586932959252019,0.636786813257218,0.413067040747981,0.775231877944,145,3.53310368368345e-05,3,308466889
188,-0.839670237414243,0.232008896686378,0.431852908882992,0.274062438994576,0.680490677945081,0.568147091117008,0.319509322054919,0.725937561005424,162,0.000295595718897925,4,323774853
138,-0.798002544377551,0.211520743920939,0.450227375752904,0.29743023537263,0.681520120586906,0.549772624247096,0.318479879413094,0.70256976462737,163,0.000161495828364549,3,669275377
862,-1.01986532934333,0.207782036814721,0.360643505000518,0.240001372205264,0.541929141920991,0.639356494999482,0.458070858079009,0.759998627794736,192,9.18495121375392e-07,3,135216040
763,-0.634366232398102,0.230491262905607,0.530271450710955,0.337523275553599,0.833091617097819,0.469728549289045,0.166908382902181,0.662476724446401,175,0.00591899420197299,3,820037170
488,-0.479007825251578,0.215284619839617,0.619397637731493,0.406180382343323,0.944539545248325,0.380602362268507,0.0554604547516746,0.593819617656677,168,0.0260813796826604,3,883052486
688,-1.1571626024772,0.22162686158195,0.314376928901179,0.203611142339577,0.485400024231022,0.685623071098821,0.514599975768978,0.796388857660423,180,1.77748224635076e-07,4,851647429
538,-0.681941367246553,0.232494540519842,0.505634416808668,0.320580362421271,0.797510370037807,0.494365583191332,0.202489629962193,0.679419637578729,153,0.00335541710886064,3,915435855
638,-0.81835521591405,0.230889976892674,0.441156665562154,0.280581440691241,0.693628213934801,0.558843334437846,0.306371786065199,0.719418559308759,170,0.000393580278013001,4,244166934
613,-0.799163183833405,0.238600956816839,0.449705127226249,0.281728210351442,0.717836176935562,0.550294872773751,0.282163823064438,0.718271789648558,162,0.000809951904920667,3,60715923
389,-0.929417159938391,0.220072955718033,0.394783739108932,0.256467782354244,0.607695045491357,0.605216260891068,0.392304954508643,0.743532217645756,174,2.40833356507572e-05,3,525034175
264,-1.02214682575911,0.214088125888455,0.359821636038532,0.236513062026764,0.547418432842389,0.640178363961468,0.452581567157611,0.763486937973236,185,1.8022508833234e-06,3,607181821
663,-0.627546739082064,0.230821163730479,0.53389999166792,0.339613216701824,0.839334828812847,0.46610000833208,0.160665171187153,0.660386783298176,158,0.00655276559761397,3,927123423
14,-0.818635038261968,0.226100568360158,0.44103323733799,0.283148436249097,0.686955291060513,0.55896676266201,0.313044708939487,0.716851563750903,167,0.000293843650098424,3,287407891
737,-0.621523079285494,0.210686332490719,0.537125729202192,0.355418005112277,0.811731664747394,0.462874270797808,0.188268335252606,0.644581994887723,176,0.00317781748063943,3,986819047
88,-1.06120984437212,0.242221033018845,0.346036906173258,0.215250170109378,0.556290108263859,0.653963093826742,0.443709891736141,0.784749829890622,169,1.18047479054637e-05,3,198504844
363,-0.797224644231692,0.253364367104866,0.45057774395224,0.274224084902206,0.74034453763422,0.54942225604776,0.25965546236578,0.725775915097794,150,0.00165206793082901,4,777765933
987,-1.13705335242522,0.201190167324695,0.320762805577486,0.216237306226166,0.47581418413679,0.679237194422514,0.52418581586321,0.783762693773834,203,1.58928971516301e-08,3,499064604
289,-0.999924159709658,0.245057198051301,0.367907342313073,0.227585919890404,0.594745986891679,0.632092657686927,0.405254013108321,0.772414080109596,143,4.49639757840085e-05,3,429286187
713,-0.826273893293708,0.220282854596646,0.437677083280812,0.284216117042334,0.673998474198654,0.562322916719188,0.326001525801346,0.715783882957666,185,0.000176153327058103,3,10244097
438,-0.953115723620818,0.213138663473517,0.385537920553931,0.253888565243761,0.585451684451952,0.614462079446069,0.414548315548048,0.746111434756239,169,7.75601250427767e-06,3,107575684
39,-0.644257203522074,0.213329994134293,0.525052404371202,0.345633501739271,0.79760794584068,0.474947595628798,0.20239205415932,0.654366498260729,174,0.00252772255158259,4,681435183
963,-1.02683518549737,0.199357631686474,0.358138611163048,0.242302347295916,0.529352134790315,0.641861388836952,0.470647865209685,0.757697652704084,182,2.59489422753229e-07,3,904586872
414,-0.579746119915858,0.228958422339666,0.560040531655496,0.357544166558202,0.87722140768283,0.439959468344504,0.12277859231717,0.642455833441798,155,0.0113380946247322,3,985160947
463,-1.02242442572085,0.227923053269766,0.359721763429094,0.230122063175664,0.562309173222383,0.640278236570906,0.437690826777617,0.769877936824336,169,7.2630104399636e-06,3,830359434
789,-0.856772838069107,0.222352337045948,0.424529900779132,0.274562759925329,0.656409619077818,0.575470099220868,0.343590380922182,0.725437240074671,168,0.000116573774198747,3,37462698
163,-0.803970369524378,0.217662629799746,0.447548498982837,0.29212272184606,0.685669562696128,0.552451501017163,0.314330437303872,0.70787727815394,178,0.000221054828594384,4,37523991
588,-0.598919558207686,0.237205362548822,0.549404915566025,0.345130205555724,0.874585175070617,0.450595084433975,0.125414824929383,0.654869794444276,159,0.0115731579093314,3,918076965
64,-0.802783164755651,0.220029034059231,0.448080146219689,0.291116383908378,0.689675430632745,0.551919853780311,0.310324569367255,0.708883616091622,168,0.000263742155269529,3,167041495
338,-0.896867670659928,0.204420852519129,0.407845166425209,0.2732070956423,0.6088336739035,0.592154833574791,0.3911663260965,0.7267929043577,182,1.14735316412394e-05,4,18979121
513,-0.688740248903556,0.235767314162636,0.502208328229984,0.316372268658712,0.79720389531243,0.497791671770016,0.20279610468757,0.683627731341288,153,0.00348606300398388,3,650619761
913,-0.692534062257148,0.249696763192219,0.500306653149121,0.306686040159287,0.81616609303531,0.499693346850879,0.18383390696469,0.693313959840713,172,0.00554567792555964,4,796919326
114,-0.78189855100259,0.225488048846127,0.457536529751575,0.294096596617138,0.711805843607353,0.542463470248425,0.288194156392647,0.705903403382862,189,0.000525161307223335,4,958258414
315,-1.20665459149599,0.237081931399201,0.299196541682626,0.187997495429654,0.476168952944055,0.700803458317374,0.523831047055945,0.812002504570346,160,3.58800496626184e-07,4,52733405
214,-1.03738707852014,0.210734279660442,0.354379438921957,0.234472099474154,0.535606526372595,0.645620561078043,0.464393473627405,0.765527900525846,172,8.53469923603244e-07,3,574561647
814,-0.782907709754939,0.22928653700551,0.457075035657624,0.291620766864893,0.716401614560631,0.542924964342376,0.283598385439369,0.708379233135108,163,0.000638901617625541,4,801779211
564,-0.700887991692724,0.226078231355485,0.496144535894992,0.318544472435093,0.772763057593519,0.503855464105008,0.227236942406481,0.681455527564907,167,0.00193389262789623,4,362814551
189,-0.880584620740319,0.219708163523693,0.414540491857415,0.269495197627411,0.637650766701119,0.585459508142585,0.362349233298881,0.730504802372589,172,6.12418442649275e-05,3,68812366
839,-1.2350134612997,0.223042618339408,0.290830847380303,0.18783920770757,0.450292475251622,0.709169152619697,0.549707524748378,0.81216079229243,174,3.07488099861071e-08,3,378853744
139,-0.663409142570713,0.219396754482077,0.515092314682858,0.335068972704005,0.791837246236833,0.484907685317142,0.208162753763167,0.664931027295995,172,0.00249631792852711,3,9664708
539,-0.771272307261264,0.211622171208247,0.462424348018324,0.30542710393726,0.700122140057674,0.537575651981676,0.299877859942326,0.69457289606274,175,0.000267836816907011,3,325195213
489,-0.609394185503953,0.223403043496493,0.543680138635491,0.350899260162958,0.84237308739105,0.456319861364509,0.15762691260895,0.649100739837042,174,0.00637622633709696,3,539205919
888,-1.01224045055434,0.212714180453204,0.363403878394741,0.239511802584386,0.551381507747666,0.636596121605259,0.448618492252334,0.760488197415614,188,1.94855206262142e-06,3,765595505
240,-0.825743497490519,0.209639198397536,0.437909286943417,0.290361443228664,0.660433911124606,0.562090713056583,0.339566088875394,0.709638556771336,166,8.18631002747522e-05,3,374189633
863,-0.867879816369766,0.242580163491496,0.41984074576107,0.260975642393582,0.675412656079915,0.58015925423893,0.324587343920085,0.739024357606418,162,0.000346626786655064,3,115902285
390,-0.992915017908289,0.215427867416294,0.370495115485318,0.242890178212448,0.565138663113899,0.629504884514682,0.434861336886101,0.757109821787552,172,4.04538287523641e-06,3,606326506
614,-0.477677331073309,0.235296460574868,0.620222291159169,0.391077347256598,0.983630714356696,0.379777708840831,0.0163692856433043,0.608922652743402,164,0.0423455175696874,3,428014501
689,-0.709037585809929,0.220811008608011,0.492117590576654,0.31923773273452,0.758618728683834,0.507882409423346,0.241381271316166,0.68076226726548,171,0.001322459267006,3,292589425
664,-0.548643459726533,0.24261390641054,0.577732997126116,0.359098706994671,0.929480974080141,0.422267002873884,0.0705190259198594,0.640901293005329,148,0.0237354240016731,3,596906281
939,-0.632367388057138,0.216138051516188,0.53133244082317,0.347847823124972,0.811602499434585,0.46866755917683,0.188397500565415,0.652152176875028,177,0.00343619373285211,4,55887572
764,-0.751649817140426,0.250731509726116,0.471587876818803,0.288495859201049,0.770878050653345,0.528412123181197,0.229121949346655,0.711504140798951,146,0.00271911524056595,3,106697075
89,-0.841962741772611,0.232843456714536,0.43086401815845,0.272987975386943,0.680043880616013,0.56913598184155,0.319956119383987,0.727012024613057,155,0.000299186393999683,3,244967636
738,-0.627577149764406,0.223401538024355,0.533883755651747,0.344577545391348,0.827192219461353,0.466116244348253,0.172807780538647,0.655422454608652,166,0.00496664751471,4,40111794
639,-1.31952559083249,0.210561851904986,0.267262063468099,0.176891410074066,0.403801465200139,0.732737936531901,0.596198534799862,0.823108589925934,184,3.68806254465019e-10,3,502009983
290,-0.164914243691896,0.226227640879433,0.847966419439499,0.544268671765941,1.32112518283298,0.152033580560501,-0.321125182832983,0.455731328234059,170,0.466017092554621,4,598082687
364,-0.928605715680391,0.21579898282457,0.3951042141134,0.258835138739552,0.60311494324288,0.6048957858866,0.39688505675712,0.741164861260448,177,1.68420863221026e-05,4,337106792
265,-0.916388596647295,0.211338291850518,0.399960856006184,0.264317555426903,0.605214005096378,0.600039143993816,0.394785994903622,0.735682444573097,197,1.45018538014814e-05,3,950001449
15,-0.913355512793613,0.236796879771326,0.401175812421559,0.252216137950552,0.638111556936341,0.598824187578441,0.361888443063659,0.747783862049448,151,0.000114727809848298,3,869682561
415,-0.719429584870379,0.225782329566718,0.48702998601433,0.312873970662811,0.758127008055749,0.51297001398567,0.241872991944251,0.687126029337189,170,0.00144062402244589,3,117318911
40,-1.04003029288637,0.206671659453214,0.353443974958436,0.235722667651882,0.529956005838635,0.646556025041564,0.470043994161365,0.764277332348118,191,4.84672901201979e-07,3,922580643
439,-1.01554032768295,0.235560431588241,0.362206666660178,0.228269052760671,0.574732613932678,0.637793333339822,0.425267386067322,0.771730947239329,170,1.6239529397341e-05,3,589813550
964,-0.963980795706232,0.231747246901538,0.381371697397976,0.242150207518605,0.600636989192084,0.618628302602025,0.399363010807916,0.757849792481395,182,3.18775624070972e-05,3,781939339
790,-1.14347374176697,0.233080417450792,0.318709980499145,0.201835359585681,0.503261925354787,0.681290019500855,0.496738074645213,0.798164640414319,171,9.29907080933112e-07,3,361571130
65,-1.06585137946552,0.222828293747327,0.344434485452504,0.222553710734713,0.53306284751345,0.655565514547496,0.46693715248655,0.777446289265287,183,1.72452780240042e-06,3,387168203
589,-0.872863458957295,0.235153556152708,0.417753614618124,0.263485758512264,0.66234351151235,0.582246385381876,0.33765648848765,0.736514241487736,156,0.000205719724420835,4,917472799
714,-0.829617196261035,0.209433926190584,0.436216239571838,0.289355237926759,0.657615908492243,0.563783760428162,0.342384091507757,0.710644762073241,178,7.45628086919825e-05,3,564956133
316,-1.00221457814797,0.229014130420999,0.367065644840317,0.234318488813981,0.575017312137932,0.632934355159683,0.424982687862068,0.765681511186019,169,1.20759101756055e-05,3,233194326
840,-0.479496216604706,0.220013556438115,0.619095203140308,0.402236577051225,0.952869262564674,0.380904796859692,0.0471307374353263,0.597763422948775,171,0.0293024142526126,3,996196441
339,-1.06831576433039,0.231825562987077,0.343586711369482,0.218125320108414,0.541211025712289,0.656413288630518,0.458788974287711,0.781874679891587,161,4.06024958609088e-06,3,946841675
988,-0.874558037586625,0.206793613291077,0.417046297741759,0.278074539962556,0.625471193743692,0.582953702258241,0.374528806256308,0.721925460037444,192,2.3459190296794e-05,3,753979592
565,-1.2047783734887,0.213214404548424,0.299758426566289,0.197370831290116,0.455260352860443,0.700241573433712,0.544739647139557,0.802629168709884,182,1.59936498815243e-08,3,305334140
241,-0.785147842057087,0.236627139955284,0.45605227309517,0.286811947224772,0.725156946242122,0.54394772690483,0.274843053757878,0.713188052775228,173,0.000906384361057888,4,405359678
540,-0.300647738493025,0.243611427324667,0.740338519581054,0.459269836636895,1.19341850879879,0.259661480418946,-0.193418508798789,0.540730163363105,154,0.217155127391884,3,37034069
164,-0.733731489994941,0.238564607513446,0.480114102400607,0.30080004758633,0.766321525457151,0.519885897599393,0.233678474542849,0.69919995241367,155,0.00210073021701455,3,237251920
190,-0.502579673929866,0.225438026939357,0.604968024792965,0.388901147390341,0.941077992383909,0.395031975207035,0.0589220076160909,0.611098852609659,176,0.0257908006794675,3,655974077
464,-0.256191067457903,0.228379240699898,0.773994069584028,0.494698816036979,1.21097281887666,0.226005930415972,-0.210972818876657,0.505301183963021,165,0.261956359098913,4,686795062
514,-0.847376405799599,0.239029071186632,0.428537767573806,0.268242253290031,0.684622262095972,0.571462232426194,0.315377737904028,0.731757746709969,155,0.000392498762861553,4,428986861
215,-0.94987475882758,0.216641278404456,0.386789462386913,0.252970129595427,0.591398235249437,0.613210537613087,0.408601764750563,0.747029870404573,189,1.16225190736664e-05,4,456411073
864,-0.902587563420661,0.215447184316017,0.405518994878312,0.265841161639647,0.6185861293746,0.594481005121688,0.3814138706254,0.734158838360353,170,2.79732307846386e-05,3,428991025
115,-0.621553784296179,0.22242949603039,0.537109237004135,0.347320398784215,0.830605784989889,0.462890762995865,0.169394215010111,0.652679601215785,171,0.00519984324707144,3,33292764
914,-0.83777697235753,0.196180141915243,0.432671295371835,0.294556929671022,0.635545902952691,0.567328704628165,0.364454097047309,0.705443070328978,204,1.95081248576283e-05,3,387873875
940,-0.973948674927934,0.244327740401238,0.377589113866932,0.233909206217027,0.609525128218049,0.622410886133068,0.390474871781951,0.766090793782973,162,6.7129002154697e-05,4,510820068
815,-1.13936287592746,0.232093103379547,0.320022851139349,0.203059345639708,0.504358097524227,0.679977148860651,0.495641902475773,0.796940654360292,170,9.15061267472435e-07,4,887990979
739,-0.642463082298115,0.22517919903241,0.525995257577139,0.338305413089,0.817814318923876,0.474004742422861,0.182185681076124,0.661694586911,179,0.00432923876247019,4,270132074
490,-0.46376238112251,0.237376569188971,0.628912978309377,0.394943758601202,1.00148825161043,0.371087021690623,-0.00148825161043376,0.605056241398798,158,0.050736817027877,3,660762846
391,-1.07226489016248,0.238005226144209,0.342232519908244,0.214649983423468,0.545646898335338,0.657767480091756,0.454353101664662,0.785350016576532,171,6.63055450457536e-06,3,376815011
690,-0.564914536565812,0.232185000316284,0.568408722843248,0.360598987897024,0.895977213049074,0.431591277156752,0.104022786950926,0.639401012102976,162,0.0149727992905614,3,955737636
889,-0.766070024225038,0.245915407199533,0.464836278692919,0.287062486024793,0.752702900964981,0.535163721307081,0.247297099035019,0.712937513975207,148,0.00183834552154996,4,771533863
16,-0.692293843942417,0.219466217556822,0.500426850406403,0.325484731529554,0.769397173965235,0.499573149593597,0.230602826034765,0.674515268470446,174,0.00160804359588042,4,818542804
615,-0.693269107647763,0.218539626322787,0.499939040172494,0.325758521256481,0.767252512457868,0.500060959827506,0.232747487542132,0.674241478743519,164,0.00151246576662057,3,512285096
365,-0.867046360568235,0.22132576076379,0.420190810327751,0.272303811896172,0.648394584910231,0.579809189672249,0.351605415089769,0.727696188103828,180,8.94675316398857e-05,4,362531558
90,-0.896939609312764,0.23107064838637,0.407815827648679,0.259284397974341,0.641433694353008,0.592184172351321,0.358566305646992,0.740715602025658,155,0.000103742320519098,3,368506726
41,-0.430797057366547,0.247426366493581,0.649990808236831,0.40021882277427,1.05564263035839,0.350009191763169,-0.0556426303583897,0.59978117722573,139,0.0816639188871745,3,908211381
665,-0.828392739966089,0.215463462385309,0.436750694433874,0.286306212964215,0.666248793952343,0.563249305566126,0.333751206047657,0.713693787035785,177,0.000120699173345607,3,438038794
765,-0.865163010533064,0.23701583494237,0.420982922383158,0.264555158470054,0.669904234576948,0.579017077616842,0.330095765423052,0.735444841529946,163,0.000262002583624983,4,939618330
440,-0.935415060796079,0.227333832091867,0.392422952341419,0.251331829228141,0.612718946093252,0.607577047658581,0.387281053906748,0.748668170771859,183,3.8764971790622e-05,4,108645169
140,-0.834025116091902,0.23912276105369,0.434297664926948,0.271797733638902,0.693951561831579,0.565702335073052,0.306048438168421,0.728202266361098,161,0.000486915119144723,3,661824872
266,-0.981014403053454,0.22897883639785,0.374930575161556,0.239355669677094,0.587297290181667,0.625069424838444,0.412702709818333,0.760644330322906,164,1.83314076400332e-05,4,694500617
640,-0.670934073965543,0.225504298924603,0.511230827287974,0.328599899830331,0.795365302620286,0.488769172712026,0.204634697379714,0.671400100169669,162,0.0029273966664956,3,459611191
291,-1.10337272344754,0.224129275816457,0.331750292710544,0.213812026259476,0.514743060242871,0.668249707289456,0.485256939757129,0.786187973740524,172,8.52579800030638e-07,3,801526804
416,-0.93441580888621,0.221159353173297,0.392815277709315,0.254646192934939,0.605953855517761,0.607184722290685,0.394046144482239,0.74535380706506,165,2.3885663455263e-05,4,778843802
715,-0.623386904256133,0.22028023146122,0.536125553221754,0.348147783394256,0.825599422219599,0.463874446778246,0.174400577780401,0.651852216605744,175,0.00465520667086785,3,379219306
965,-0.646705967479674,0.212329801982997,0.523768247907257,0.345464727481834,0.794098950464527,0.476231752092743,0.205901049535473,0.654535272518166,191,0.00232091743031627,4,194274673
791,-0.780300982292674,0.209371662132869,0.458268059974461,0.304019966804021,0.690775730951032,0.541731940025539,0.309224269048968,0.695980033195979,186,0.0001938723309886,3,325899848
191,-0.726387618010226,0.22137749411579,0.483652977524629,0.313398563250865,0.746398452634877,0.516347022475371,0.253601547365123,0.686601436749135,169,0.00103360155345959,3,792768813
165,-0.420401575463796,0.231889292345743,0.656783018905185,0.416905276834022,1.03468091648536,0.343216981094815,-0.0346809164853619,0.583094723165978,152,0.0698409417066005,3,586756506
590,-0.687820880588498,0.205287037023245,0.502670254962382,0.336157298036936,0.751664136698833,0.497329745037618,0.248335863301167,0.663842701963064,199,0.000806563564987888,3,350723563
515,-0.81331710373834,0.220263030806709,0.443384870590631,0.287933792840322,0.682761622140311,0.556615129409369,0.317238377859689,0.712066207159678,170,0.000222076748557095,4,572243928
116,-0.453092829364007,0.23720419842049,0.635659123055381,0.399315073724989,1.01188897517507,0.364340876944619,-0.0118889751750693,0.600684926275011,156,0.0561154060741757,3,120975772
216,-0.545935430958394,0.220137694589939,0.579299634995446,0.376289161733338,0.891835591437191,0.420700365004554,0.108164408562809,0.623710838266662,173,0.0131392512258417,3,49079960
465,-0.923676885320773,0.221161215471327,0.397056422859862,0.257394615608274,0.612498449362287,0.602943577140138,0.387501550637713,0.742605384391726,176,2.96045982786818e-05,3,735519402
66,-0.868157465306516,0.224443828280646,0.419724193605445,0.270344208587902,0.651644803555907,0.580275806394555,0.348355196444093,0.729655791412098,173,0.000109714152143384,3,832138411
841,-0.878892996393989,0.213948931079648,0.41524233210364,0.273015913075818,0.631560968107327,0.58475766789636,0.368439031892673,0.726984086924182,187,3.99174498903443e-05,3,553908191
317,-0.830635568788721,0.209800140544158,0.4357722350567,0.288853312709129,0.657418255187317,0.5642277649433,0.342581744812683,0.711146687290871,184,7.52089679604724e-05,3,468642189
915,-0.851333267679595,0.229512031977015,0.426845453152379,0.272213502650292,0.669316691137562,0.573154546847621,0.330683308862438,0.727786497349708,165,0.000207817721808261,3,22778735
816,-1.03929750819533,0.224990479122666,0.353703068210617,0.227576065156042,0.549732065961432,0.646296931789383,0.450267934038568,0.772423934843958,174,3.8504516026154e-06,4,588575537
392,-0.972781396888397,0.220833744878343,0.378030122687399,0.24521802077774,0.582774354045445,0.621969877312601,0.417225645954555,0.75478197922226,161,1.05764542651047e-05,3,214424974
242,-1.19531586671308,0.231946304940633,0.302608355178164,0.192064837097473,0.47677554104899,0.697391644821836,0.52322445895101,0.807935162902527,171,2.55783278856249e-07,3,86320520
541,-0.869208504531539,0.224550494011212,0.41928327876426,0.270003762335697,0.651096363734134,0.58071672123574,0.348903636265866,0.729996237664303,179,0.000108442200955698,4,724245438
340,-0.943897639344766,0.230141532875849,0.389108272216526,0.24784127568169,0.610896014357935,0.610891727783474,0.389103985642065,0.75215872431831,168,4.10695330830452e-05,4,670322718
691,-1.33849280768484,0.214022779161683,0.262240617917307,0.172394513291744,0.398911429212778,0.737759382082693,0.601088570787222,0.827605486708256,185,4.00138717185259e-10,4,126687091
941,-0.913704274390441,0.242100879485864,0.401035922100214,0.249520730564285,0.644554905121735,0.598964077899786,0.355445094878265,0.750479269435715,173,0.000160609367340506,3,218429029
890,-1.47890768848419,0.23927309341148,0.227886475504047,0.142576820394871,0.364240453489064,0.772113524495953,0.635759546510936,0.857423179605129,167,6.37631331285545e-10,5,150193150
91,-1.25842980248944,0.25513596391377,0.284099769206502,0.172305346987352,0.468428172859386,0.715900230793498,0.531571827140614,0.827694653012648,132,8.1229973457695e-07,4,353769810
17,-1.44083892071561,0.232285894882179,0.236729078427404,0.150151437805966,0.373227572056331,0.763270921572596,0.626772427943669,0.849848562194034,158,5.54430737837974e-10,3,440650008
865,-0.948920127316945,0.235618033776761,0.387158880096527,0.243966834373199,0.614394980459948,0.612841119903473,0.385605019540052,0.756033165626801,155,5.6405124080607e-05,3,612091971
989,-0.591085691537167,0.245279454635167,0.553725782874473,0.342383238541784,0.895523518983626,0.446274217125527,0.104476481016374,0.657616761458216,149,0.015959259142467,3,220036610
766,-1.08605473168905,0.221308859514326,0.337545578058212,0.218752981133861,0.52084783794069,0.662454421941788,0.47915216205931,0.781247018866138,186,9.2283959662269e-07,4,814058616
666,-0.914255287601963,0.226995771337711,0.400815006878034,0.256876764651225,0.625407556642053,0.599184993121966,0.374592443357947,0.743123235348774,164,5.63415898746461e-05,3,404868730
566,-0.710307618763789,0.226987199047431,0.491492981740307,0.31499631020867,0.766883113456003,0.508507018259693,0.233116886543997,0.68500368979133,173,0.00175232305114549,3,68849022
491,-0.930574587867251,0.235650874824805,0.394327069715364,0.248467850651881,0.625810693425131,0.605672930284636,0.374189306574869,0.751532149348119,149,7.84932607631827e-05,3,292159353
740,-0.781481514761692,0.214189144434261,0.457727378858747,0.300807569178019,0.696506254578013,0.542272621141253,0.303493745421987,0.699192430821981,185,0.000263716378421942,5,237101322
641,-0.908895518892381,0.223039593892063,0.402969050040181,0.260267562637276,0.623911999039979,0.597030949959819,0.376088000960021,0.739732437362724,166,4.60062149240151e-05,3,301563018
292,-0.765035850421355,0.210190786652634,0.46531724885585,0.30820127408709,0.702528380922894,0.53468275114415,0.297471619077106,0.69179872591291,165,0.000272933451872968,3,776227766
267,-0.837473811681783,0.240475364002983,0.432802484178755,0.270144881893366,0.693398257255311,0.567197515821245,0.306601742744689,0.729855118106634,156,0.000496613614348939,3,204647770
42,-1.03800320613181,0.214232997102051,0.35416116321438,0.232726306807532,0.538959824739949,0.64583883678562,0.461040175260051,0.767273693192468,173,1.26479772765508e-06,3,561869209
616,-0.928785977923582,0.224700496590803,0.395032998160437,0.254312651232163,0.613618979942779,0.604967001839563,0.386381020057221,0.745687348767837,160,3.57373918346099e-05,3,10015471
417,-0.803198643693667,0.223607471097329,0.447894017025449,0.288961668758933,0.694241043626281,0.552105982974551,0.305758956373719,0.711038331241067,184,0.000328146427982166,3,202495548
366,-1.16044574465562,0.239488292227003,0.313346477231257,0.195962067403056,0.501046024337398,0.686653522768743,0.498953975662602,0.804037932596944,150,1.26279334077981e-06,4,829437530
792,-0.86266366775218,0.210751794379939,0.42203641898725,0.279227171301468,0.637884694821767,0.57796358101275,0.362115305178233,0.720772828698532,173,4.25334829865654e-05,3,562145755
141,-0.733376408245212,0.263037879372437,0.480284612426865,0.286814051212996,0.804260837146778,0.519715387573136,0.195739162853222,0.713185948787004,136,0.00530178663210099,4,490106151
716,-0.8042830292649,0.206878933319138,0.447408590458296,0.298269366082829,0.671119697757667,0.552591409541704,0.328880302242333,0.701730633917171,181,0.000101198997247167,4,883664990
166,-1.03909681433482,0.21666822836011,0.353774061368558,0.231364997776326,0.540946503144784,0.646225938631442,0.459053496855216,0.768635002223674,169,1.62029398659746e-06,3,289520224
441,-0.463310514251664,0.203597580130889,0.629197227465472,0.422166945111344,0.937754970242456,0.370802772534528,0.0622450297575443,0.577833054888656,204,0.0228688253318599,3,831806102
516,-1.13334395335143,0.205721668536305,0.321954852353161,0.215121775285007,0.481843025032761,0.678045147646839,0.518156974967239,0.784878224714993,180,3.6064599943895e-08,3,115213872
842,-0.888289962290856,0.220033046473837,0.411358590343149,0.267256392773634,0.633159372140552,0.588641409656851,0.366840627859448,0.732743607226366,169,5.41217167591527e-05,3,695443634
67,-1.00688961319204,0.220650977333215,0.36535360512823,0.237080014258892,0.563030406411357,0.63464639487177,0.436969593588643,0.762919985741108,167,5.03633828363757e-06,3,269858992
966,-0.816016180166102,0.229120576394741,0.442189754518339,0.282215516218991,0.692845601193884,0.557810245481661,0.307154398806116,0.717784483781009,169,0.000368722200094064,4,736527499
393,-0.961274144127346,0.230880832045474,0.382405335923521,0.243219181753883,0.60124304295521,0.617594664076479,0.39875695704479,0.756780818246117,157,3.1339532017985e-05,3,642165273
318,-1.08312247933377,0.220882693330879,0.338536799419855,0.21957869242806,0.521941192445106,0.661463200580146,0.478058807554894,0.78042130757194,184,9.40914392987859e-07,4,266294247
243,-0.830137110026811,0.225918428940922,0.43598950369069,0.280010243040392,0.678856763468592,0.56401049630931,0.321143236531408,0.719989756959608,168,0.00023831629340913,3,846443774
192,-1.22959979127927,0.223863250293759,0.292409579130392,0.188555346592186,0.453465592530464,0.707590420869608,0.546534407469536,0.811444653407814,171,3.9597395549036e-08,3,314385179
217,-0.749695222703381,0.221466642223315,0.472510541283077,0.306124968919654,0.72933028759972,0.527489458716923,0.27066971240028,0.693875031080346,186,0.000711423887994734,4,412999458
591,-0.957789780824754,0.239979953421994,0.383740099092207,0.239754008335869,0.614198130297812,0.616259900907793,0.385801869702188,0.760245991664131,155,6.57608500187975e-05,3,526483182
866,-0.56698981391589,0.242070593445458,0.567230340253413,0.352946264522417,0.911612591620352,0.432769659746587,0.0883874083796484,0.647053735477583,156,0.0191678778175954,5,103161554
117,-0.810779025318332,0.233144376761283,0.444511645479074,0.281468818405256,0.701998196766595,0.555488354520926,0.298001803233405,0.718531181594743,169,0.000505955535127777,4,408515633
341,-1.26365716846412,0.217485766932905,0.282618550548445,0.184534020637151,0.432837505183711,0.717381449451555,0.567162494816289,0.815465979362849,166,6.23616479880425e-09,3,9523325
18,-0.755658711787358,0.200240508530979,0.469701115145135,0.317231687473297,0.695451136441577,0.530298884854865,0.304548863558423,0.682768312526703,187,0.000160808394302589,4,660050895
492,-0.777386283867654,0.230379425576178,0.459605721660305,0.292607938234529,0.721912811584695,0.540394278339695,0.278087188415305,0.707392061765471,158,0.00073983846349934,3,997087132
990,-1.12949427652263,0.242157479320834,0.323196663239847,0.201067578783146,0.519507340574427,0.676803336760153,0.480492659425573,0.798932421216854,148,3.09674652358221e-06,3,58045549
916,-0.916048891653356,0.21747900927131,0.400096747786601,0.261244137219871,0.612750239270208,0.599903252213399,0.387249760729792,0.738755862780129,169,2.52978859723636e-05,3,898963328
567,-0.720572762876538,0.221516034389441,0.486473542163764,0.315140656175818,0.750955176958595,0.513526457836236,0.249044823041405,0.684859343824181,170,0.00114227784519541,3,499922669
466,-0.984934256632772,0.209842953430263,0.37346377889595,0.24753113973772,0.563465244393206,0.62653622110405,0.436534755606794,0.75246886026228,188,2.68342530263808e-06,3,711580783
642,-1.26702831800131,0.233838666780025,0.281667405279815,0.178111827230676,0.4454309881079,0.718332594720185,0.5545690118921,0.821888172769324,157,6.0139236676731e-08,3,149640830
942,-0.549448387439612,0.220447755927871,0.577268150934858,0.374741790242504,0.889248348491114,0.422731849065142,0.110751651508886,0.625258209757496,172,0.0126875922279358,3,899166729
43,-0.793067778932472,0.229940156227216,0.452454633225977,0.288303306993077,0.710068841258796,0.547545366774023,0.289931158741204,0.711696693006923,154,0.000562628822777624,4,747928432
268,-0.951895492514655,0.225561064115286,0.386008653060011,0.248084204915921,0.600613329202891,0.613991346939989,0.399386670797109,0.751915795084079,176,2.44168784066143e-05,3,383672275
542,-0.578977602397022,0.215164107949155,0.560471098043045,0.367625138728806,0.854478703028266,0.439528901956955,0.145521296971734,0.632374861271193,170,0.00712669927317741,3,189755024
817,-1.00562133214282,0.211233762836957,0.365817270148504,0.241803008295872,0.55343511266476,0.634182729851496,0.44656488733524,0.758196991704128,167,1.92919215659507e-06,4,615702356
617,-1.1023084434762,0.21165375740601,0.332103555854662,0.21933781899599,0.502844298881843,0.667896444145338,0.497155701118157,0.78066218100401,176,1.90810771116826e-07,3,535771163
92,-1.0608023596009,0.229003288250261,0.346177939675354,0.220989396796302,0.542284687207572,0.653822060324646,0.457715312792428,0.779010603203698,160,3.61698663078989e-06,3,485123636
891,-0.552396313069405,0.2369234889417,0.575568913201256,0.361765951712095,0.915729001792071,0.424431086798744,0.0842709982079292,0.638234048287905,157,0.0197249652980792,3,345086719
692,-0.78755301661919,0.216779304377008,0.454956705812355,0.297472752688727,0.695813657865391,0.545043294187645,0.304186342134609,0.702527247311273,165,0.000280176064606951,3,984456852
667,-1.42416865594883,0.226770919376835,0.240708491623182,0.154334725873162,0.375421523650648,0.759291508376818,0.624578476349352,0.845665274126838,169,3.38119268565324e-10,3,90709891
767,-1.41757187151119,0.224867711597856,0.242301642714392,0.155936799141631,0.37649923805842,0.757698357285608,0.62350076194158,0.844063200858369,180,2.90012052834804e-10,3,18794220
367,-0.841644666000081,0.208636279443665,0.431001087361923,0.286343179385783,0.648738823483158,0.568998912638077,0.351261176516842,0.713656820614217,191,5.48286987299306e-05,4,982700867
741,-0.897147360064371,0.219378588297016,0.4077311124041,0.265239657940273,0.626771506618819,0.5922688875959,0.373228493381181,0.734760342059727,170,4.3231576450916e-05,3,259499631
793,-0.506245391423549,0.220177074542313,0.602754442583624,0.391494219859703,0.928016046276477,0.397245557416376,0.0719839537235228,0.608505780140297,171,0.0214899088566176,3,625736543
293,-0.894064700848447,0.217932907931844,0.408989947758705,0.266813504023467,0.626927703602876,0.591010052241295,0.373072296397124,0.733186495976533,163,4.08750835185242e-05,3,537439737
142,-0.74370955595387,0.236016817342635,0.475347313435503,0.299304443570167,0.754933891709425,0.524652686564497,0.245066108290575,0.700695556429833,168,0.00162663956470118,5,460293228
418,-0.962971474818293,0.230349191965961,0.381756818140739,0.243059843858307,0.599598295973151,0.618243181859261,0.400401704026849,0.756940156141693,165,2.90887261715272e-05,3,602062249
717,-0.980937451132335,0.22463168778614,0.374959427899724,0.241422330856058,0.582359436562288,0.625040572100276,0.417640563437712,0.758577669143942,159,1.26039505945493e-05,3,327689452
442,-0.701285395571883,0.231088443592818,0.495947405304629,0.315306397556734,0.780078776499093,0.504052594695371,0.219921223500907,0.684693602443266,165,0.00240770579288796,3,546180563
394,-0.984837553987249,0.242491061744456,0.373499895577638,0.232210427904042,0.600757568278343,0.626500104422362,0.399242431721657,0.767789572095958,161,4.87927958851404e-05,4,72056541
967,-1.10569410464817,0.233319165117434,0.330981066996234,0.209508437664807,0.522883316447771,0.669018933003766,0.477116683552229,0.790491562335193,157,2.14800119595679e-06,4,583755148
319,-0.85966658401734,0.214746696006913,0.423303194842527,0.277880983465632,0.644828561239248,0.576696805157473,0.355171438760752,0.722119016534368,174,6.2500523682589e-05,3,978132015
843,-0.816258258169959,0.21866061319018,0.442082723060743,0.287991248960933,0.67862178011983,0.557917276939257,0.32137821988017,0.712008751039067,165,0.000189218818463289,3,234632415
167,-0.661014844574388,0.217322410726655,0.516327076784165,0.337240503599387,0.790514921473285,0.483672923215835,0.209485078526715,0.662759496400613,154,0.00235299205803813,4,469369861
592,-0.887302476634178,0.229303289016617,0.411765001680522,0.262703656191393,0.645405621935595,0.588234998319478,0.354594378064405,0.737296343808607,166,0.000109032646135126,4,929333836
218,-0.926908114055046,0.238847929632157,0.395775513307546,0.247822762930288,0.632057584548493,0.604224486692454,0.367942415451507,0.752177237069712,152,0.000104136613908093,3,469035459
517,-0.709286224490298,0.220289667224292,0.491995246318735,0.319484653744658,0.757655554227947,0.508004753681266,0.242344445772053,0.680515346255342,181,0.00128285027634677,3,945558070
118,-1.15810509574476,0.221846796508895,0.314080770347859,0.203331662650869,0.48515184018185,0.685919229652141,0.51484815981815,0.796668337349131,174,1.78641074112358e-07,3,797083842
193,-0.864623537652262,0.221028976345244,0.421210092523621,0.273123181622721,0.649589467249374,0.578789907476379,0.350410532750626,0.726876818377279,162,9.16066660354382e-05,3,204558626
19,-1.05816280757576,0.213188977982764,0.34709290137035,0.22854879963147,0.527123670638166,0.65290709862965,0.472876329361834,0.77145120036853,175,6.92351866563029e-07,3,22161203
244,-0.713258817072355,0.233337145595359,0.490044626726569,0.310183500759683,0.774198935776521,0.509955373273431,0.225801064223479,0.689816499240317,141,0.00223733222683291,3,20037792
917,-0.996085651450554,0.207280515172553,0.369322271556607,0.246018634508118,0.554425239130541,0.630677728443393,0.445574760869459,0.753981365491882,194,1.5436845523686e-06,4,767816612
68,-0.986465381844845,0.241140307220204,0.37289239662881,0.232447310947523,0.598194657089276,0.62710760337119,0.401805342910724,0.767552689052477,143,4.29821527301202e-05,3,12374841
943,-0.813081666439955,0.215491777790613,0.443489272216244,0.290707465720486,0.676565818780875,0.556510727783756,0.323434181219125,0.709292534279514,175,0.000161202707700905,3,225254355
493,-0.941514863003491,0.201941742319836,0.390036535684679,0.262550087684529,0.579426579174099,0.609963464315321,0.420573420825901,0.737449912315471,199,3.12680783590857e-06,3,187642297
543,-1.25432309092511,0.239983703098844,0.285268883979604,0.178229629651095,0.456592634604451,0.714731116020396,0.543407365395549,0.821770370348905,158,1.72561096143682e-07,3,108691011
467,-0.87671285552449,0.219118836903831,0.416148606426489,0.270853313243789,0.639385431755208,0.583851393573511,0.360614568244792,0.729146686756211,174,6.3052988484037e-05,3,838914544
93,-1.32105250629221,0.237531121274027,0.266854288289931,0.167527971237382,0.425070575694024,0.733145711710069,0.574929424305976,0.832472028762618,149,2.67316158420076e-08,3,932268908
818,-0.96351548420915,0.231993368106128,0.381549195326148,0.242146072306452,0.601206482795186,0.618450804673852,0.398793517204814,0.757853927693548,164,3.27854071129939e-05,3,663423533
892,-0.965670999499247,0.219697850121911,0.380727645950911,0.247518272053642,0.585627635441427,0.619272354049089,0.414372364558573,0.752481727946358,165,1.10543312814675e-05,4,576834321
668,-0.623357441623649,0.209378596499781,0.536141349124587,0.355677111488028,0.808169929851693,0.463858650875413,0.191830070148307,0.644322888511972,184,0.00290914645066917,3,20669304
867,-0.650991007759527,0.216630705143978,0.521528681610391,0.341100068823855,0.797396982885775,0.478471318389609,0.202603017114225,0.658899931176145,169,0.00265517418794295,3,612395687
768,-0.711423199614036,0.241020176571411,0.490944987304729,0.306108989612302,0.787389422522056,0.509055012695271,0.212610577477944,0.693891010387698,145,0.0031601306163737,3,588046540
568,-1.22420505328549,0.240508427905287,0.293991314885529,0.183490403481572,0.471037676021037,0.706008685114471,0.528962323978963,0.816509596518428,139,3.57928849268155e-07,3,495745112
44,-0.793704844172056,0.2249177958164,0.452166481902001,0.290969850573629,0.702665678085078,0.547833518097999,0.297334321914922,0.709030149426371,170,0.00041734382389954,3,318304258
342,-1.0018811491088,0.228126199634001,0.367188055592104,0.234804908946061,0.574208898675463,0.632811944407896,0.425791101324537,0.765195091053939,164,1.12424007826145e-05,4,489110861
269,-0.651107455510411,0.235280146697971,0.521467954304243,0.3288189218285,0.82698655495282,0.478532045695757,0.17301344504718,0.6711810781715,163,0.00565104045857263,4,234073254
294,-1.05401186069456,0.205992610509748,0.348536659976383,0.232759404325704,0.521902879496577,0.651463340023617,0.478097120503423,0.767240595674296,183,3.10851820696821e-07,3,640279683
419,-0.680758002577975,0.228892963028883,0.506233120885496,0.323233609992256,0.792838259262733,0.493766879114504,0.207161740737267,0.676766390007744,162,0.00293818162438483,4,91926095
693,-0.89186053734794,0.229867134469433,0.409892422709425,0.261220123477498,0.643180915612252,0.590107577290575,0.356819084387748,0.738779876522502,170,0.000104501208654751,4,277978554
643,-1.03552106581679,0.247189916670133,0.355041332815938,0.218710924658836,0.5763514017617,0.644958667184062,0.4236485982383,0.781289075341164,140,2.79974196477925e-05,4,257131742
618,-0.642497997522141,0.241566879609814,0.525976892655494,0.327600506335061,0.844478827894659,0.474023107344506,0.155521172105341,0.672399493664939,142,0.00782078119930445,3,250241437
991,-0.793126212232881,0.231722223236376,0.452428195580899,0.287281294162136,0.712511661274627,0.547571804419101,0.287488338725373,0.712718705837864,154,0.000619920742145784,3,548368006
742,-0.977979429451689,0.205423435319885,0.376070208062782,0.251427157334424,0.562504078285663,0.623929791937218,0.437495921714337,0.748572842665576,196,1.92829212651917e-06,4,92287796
395,-0.641237682358227,0.233315271239956,0.526640207214074,0.33336169375186,0.831978937750809,0.473359792785926,0.168021062249191,0.66663830624814,172,0.0059891604678188,4,663342538
794,-0.792868191968199,0.226731516606146,0.452544946285048,0.29018001747412,0.705758205512556,0.547455053714952,0.294241794487444,0.70981998252588,158,0.000470614580862789,3,183719002
368,-0.419790397038672,0.231638995563595,0.65718455320838,0.417364855807194,1.03480571247526,0.34281544679162,-0.034805712475263,0.582635144192806,174,0.0699458247221283,4,700537544
844,-1.31022928713181,0.208488840316483,0.269758197209881,0.179270416692939,0.40592020872338,0.730241802790119,0.59407979127662,0.820729583307061,183,3.29101788822514e-10,3,537579544
143,-0.968533619855051,0.220092992096228,0.379639325708629,0.246619662359309,0.584406029291049,0.620360674291371,0.415593970708951,0.753380337640691,190,1.07969147474067e-05,4,234963365
168,-0.959267256294137,0.21682656030905,0.38317355114259,0.250514242097793,0.586082328356837,0.61682644885741,0.413917671643163,0.749485757902207,179,9.6835081549886e-06,3,168917663
518,-0.524279644762161,0.246050869738672,0.59198164789136,0.365484836442364,0.958842163881219,0.40801835210864,0.0411578361187805,0.634515163557636,145,0.0331074809571151,4,874328375
593,-1.06089796815581,0.262814664643366,0.346144843684955,0.206799563834876,0.579383488958189,0.653855156315045,0.420616511041811,0.793200436165124,144,5.42135780056735e-05,3,605839574
245,-0.549579811693018,0.221971056452624,0.577192288884273,0.373575524277097,0.891790057692199,0.422807711115727,0.108209942307801,0.626424475722903,176,0.013289799096835,3,536881212
443,-1.28257034921451,0.20943346456067,0.277323565163794,0.183957155889927,0.418077564980271,0.722676434836206,0.581922435019729,0.816042844110073,184,9.12554097492383e-10,3,502310115
194,-0.725561285478575,0.240892724181815,0.484052800884761,0.301887046732082,0.776141661527878,0.515947199115238,0.223858338472122,0.698112953267918,149,0.00259559571543226,4,132743176
119,-0.686840376565399,0.226586878405069,0.503163366879267,0.322728941780985,0.784476819377086,0.496836633120733,0.215523180622914,0.677271058219015,166,0.00243547418835679,3,2715654
718,-0.667971468266229,0.239302320833261,0.512747648412585,0.320781395574593,0.819592889673989,0.487252351587415,0.180407110326011,0.679218604425406,160,0.00524921129801107,4,116744608
968,-0.790574903863421,0.223639354717983,0.453583953142916,0.292614280913771,0.703104448307438,0.546416046857084,0.296895551692562,0.707385719086229,168,0.00040770764420307,3,935655470
69,-0.685857141856772,0.229268457928798,0.503658337862142,0.321353003022259,0.789386496819152,0.496341662137858,0.210613503180848,0.678646996977741,156,0.00277608357182215,3,530656683
320,-0.852544033081901,0.221894910286036,0.426328956186995,0.275973601219412,0.658600598319503,0.573671043813005,0.341399401680497,0.724026398780588,177,0.000121982532979331,4,812160701
219,-0.74215444197967,0.205854806451221,0.476087107768386,0.318025901370419,0.712705893471446,0.523912892231614,0.287294106528554,0.681974098629581,192,0.000311873570070846,3,738355930
494,-1.00881300874885,0.235298111417469,0.364651560998171,0.229928052834737,0.578314647991111,0.635348439001829,0.421685352008889,0.770071947165263,155,1.80790820159828e-05,3,621230689
669,-0.878968429149422,0.233055559564921,0.415211010411712,0.262961161584366,0.655610821493135,0.584788989588288,0.344389178506865,0.737038838415634,149,0.000162270870859365,3,487143479
569,-1.37518997942167,0.238443096383865,0.252791566047038,0.158416147945678,0.403390542524914,0.747208433952962,0.596609457475086,0.841583852054322,167,8.05173118264184e-09,3,687673045
918,-1.13580964339212,0.244725455587904,0.32116198935905,0.198798660552754,0.518841641700557,0.67883801064095,0.481158358299443,0.801201339447246,143,3.46461133107263e-06,4,651331476
20,-0.944913580982322,0.22993755411231,0.388713161659881,0.247688615164902,0.610031760834164,0.611286838340119,0.389968239165836,0.752311384835098,162,3.9662722425986e-05,4,474813308
868,-0.732371839515312,0.219450014192423,0.48076733375274,0.312707833476734,0.739147550714989,0.51923266624726,0.260852449285011,0.687292166523266,170,0.000845947687662556,3,425461992
45,-0.911530026508738,0.217144507062204,0.40190882221106,0.26259944258537,0.615122026843483,0.59809117778894,0.384877973156517,0.73740055741463,168,2.6951602782703e-05,3,76856956
270,-0.771246555751651,0.218048041972011,0.462436256296695,0.301612298875071,0.709013829791732,0.537563743703305,0.290986170208268,0.69838770112493,168,0.00040462496191345,3,789195092
420,-0.961871395098987,0.232318447867146,0.382177012155163,0.24239002276055,0.60257954084247,0.617822987844837,0.39742045915753,0.75760997723945,167,3.46830262559364e-05,3,679762517
343,-0.639538799421674,0.23958772731229,0.52753566770171,0.329848402613443,0.843702375068429,0.47246433229829,0.156297624931571,0.670151597386557,160,0.00760026501848463,5,266114846
544,-0.776335162106205,0.238710001789676,0.460089077224301,0.288171880848604,0.734568405348055,0.539910922775699,0.265431594651945,0.711828119151396,156,0.00114511202127254,3,67494825
944,-0.687833142762269,0.214872754785282,0.502664091170156,0.329896601172374,0.765910250830066,0.497335908829844,0.234089749169934,0.670103398827626,181,0.00136895237541317,4,852539144
619,-0.770459936068753,0.218758671428036,0.462800160866468,0.301429520385626,0.710560759357669,0.537199839133532,0.289439240642331,0.698570479614374,161,0.000428364003909484,3,387467514
644,-1.22907380086805,0.23162825940427,0.292563424222135,0.185805129172747,0.46066197189316,0.707436575777865,0.53933802810684,0.814194870827253,168,1.11913128264395e-07,3,547685423
94,-1.31851368403972,0.225415626142807,0.26753264464395,0.171989785109218,0.416150970272651,0.73246735535605,0.583849029727349,0.828010214890782,184,4.93776892658568e-09,3,463741016
769,-1.14157077883972,0.229432821195432,0.319317051209908,0.203670691816491,0.500628628910738,0.680682948790092,0.499371371089262,0.796329308183509,152,6.50387687356192e-07,3,199631754
694,-0.995164465775305,0.203713002502579,0.369662642691153,0.247973197349116,0.551069514214552,0.630337357308848,0.448930485785448,0.752026802650884,196,1.03360721683208e-06,3,991545142
893,-1.33841216411083,0.214360583130876,0.262261766790734,0.172294305354412,0.399207821632371,0.737738233209266,0.600792178367629,0.827705694645588,192,4.27224630805641e-10,3,425247769
819,-0.668318887981238,0.234918583231603,0.512569540711557,0.323437025412093,0.812298881769994,0.487430459288443,0.187701118230006,0.676562974587907,154,0.00444259551019184,3,652005964
795,-0.673530516356209,0.220595288390099,0.509905167640787,0.330916455170896,0.785706712144322,0.490094832359213,0.214293287855678,0.669083544829104,173,0.00226384262062309,3,472233931
396,-0.863921580473156,0.230111193489657,0.421505867770613,0.268492786275403,0.661720558789307,0.578494132229387,0.338279441210693,0.731507213724597,172,0.00017378096458301,4,822545737
468,-0.901244508553306,0.224840606218039,0.406063995038825,0.261342362110919,0.630927059566825,0.593936004961175,0.369072940433175,0.738657637889081,166,6.11390858862684e-05,3,52559316
743,-0.928235538511194,0.2180028602434,0.395250499747049,0.257814925856407,0.605950012519066,0.604749500252951,0.394049987480934,0.742185074143593,163,2.06351302922437e-05,3,536402000
295,-1.17306123625704,0.22586635661996,0.309418287499382,0.198741327712341,0.481730084734185,0.690581712500618,0.518269915265815,0.801258672287659,169,2.06257593697585e-07,3,987801117
369,-1.03842751274206,0.225548433058469,0.354010922168122,0.227525190714406,0.550812561109479,0.645989077831878,0.449187438890521,0.772474809285594,180,4.14430153523336e-06,4,385289187
845,-0.641658548657448,0.227486207312872,0.52641860873398,0.33705022572664,0.822181771348732,0.47358139126602,0.177818228651268,0.66294977427336,170,0.00479267383631958,3,855583684
144,-0.949768474145071,0.207283929664753,0.386830574366868,0.257679810114975,0.580712525355532,0.613169425633132,0.419287474644468,0.742320189885025,191,4.60618888815509e-06,3,213805443
444,-0.623455833800811,0.222623645846797,0.536088599605092,0.346528517633044,0.829342960254952,0.463911400394908,0.170657039745048,0.653471482366956,177,0.0051024705017622,3,512925126
246,-1.2978688440932,0.222591372529193,0.27311322011034,0.176551984272134,0.422486506206953,0.72688677988966,0.577513493793047,0.823448015727866,162,5.51874212727481e-09,3,111089187
992,-0.612165970818725,0.212032190779588,0.542175260574216,0.357814197641725,0.821526968790241,0.457824739425784,0.178473031209759,0.642185802358275,169,0.00388764984777252,3,609774269
719,-1.13774167868605,0.225655203339171,0.320542092085072,0.205971442147435,0.498842129409028,0.679457907914928,0.501157870590972,0.794028557852565,164,4.60817833238425e-07,3,305737360
969,-0.77859520431054,0.209527970487671,0.459050430626693,0.304445716025111,0.692167065478337,0.540949569373307,0.307832934521663,0.695554283974889,173,0.000202442600846083,3,394425548
321,-1.21107035937417,0.239043597915078,0.297878271933285,0.186450926721209,0.475897151332672,0.702121728066715,0.524102848667328,0.813549073278791,161,4.05588822055041e-07,3,943690718
70,-1.08067196725475,0.214820765993149,0.339367405225157,0.222748280576798,0.517042086390196,0.660632594774843,0.482957913609804,0.777251719423202,180,4.89011137912599e-07,3,482397249
220,-1.09451897082275,0.225448170826015,0.334700568971107,0.215156573723678,0.520664876423687,0.665299431028893,0.479335123576313,0.784843426276322,179,1.2047272999476e-06,4,52588573
195,-0.983509504657379,0.20936150136983,0.373996251383211,0.248118082482887,0.563736405863692,0.626003748616789,0.436263594136308,0.751881917517113,201,2.63156840723404e-06,3,507326565
594,-0.965221966037936,0.222365038102864,0.380898643792592,0.246338312904009,0.58896147794749,0.619101356207408,0.41103852205251,0.753661687095991,175,1.42023581134749e-05,3,945555283
169,-0.811332679201655,0.259365995110294,0.444265607996461,0.26722061497792,0.738610419202775,0.555734392003539,0.261389580797225,0.73277938502208,152,0.00175917438946319,3,632550996
120,-0.43022175072317,0.210091677222155,0.650364859853817,0.430850605674773,0.981719522641121,0.349635140146183,0.0182804773588794,0.569149394325227,191,0.0405814601423208,4,457527863
519,-1.54086818442842,0.228819894659552,0.214195059863852,0.13678472533887,0.335414086305451,0.785804940136148,0.664585913694549,0.86321527466113,175,1.65085912803227e-11,3,842430596
21,-0.714426938206054,0.21639462998194,0.489472529446149,0.320282256815868,0.748038181897002,0.510527470553851,0.251961818102998,0.679717743184132,174,0.000961692282384595,4,14287634
919,-0.362708925123488,0.229289526170513,0.695788930703824,0.443921231664205,1.090558868462,0.304211069296176,-0.0905588684619953,0.556078768335795,179,0.113676559731336,3,57907189
271,-1.23223766232946,0.217971885141409,0.291639256818947,0.190242689858662,0.447078708680459,0.708360743181053,0.552921291319541,0.809757310141338,168,1.57492073399782e-08,3,184996069
495,-0.95836944533089,0.224259768879597,0.383517723035162,0.247112763161091,0.595217511230658,0.616482276964838,0.404782488769342,0.752887236838909,176,1.9244629216104e-05,4,748286715
545,-0.355294869268192,0.216347056777698,0.700966719188276,0.458714480775336,1.07115506922535,0.299033280811724,-0.0711550692253486,0.541285519224664,186,0.100539243135375,3,691648510
945,-0.711744043223349,0.21690045644441,0.490787496009416,0.320824470564409,0.750791751687267,0.509212503990584,0.249208248312733,0.679175529435591,174,0.00103281518200794,3,159561942
770,-0.677960700529423,0.218759111307631,0.507651190291133,0.330641464340448,0.779423510956421,0.492348809708867,0.220576489043579,0.669358535659552,170,0.00194096497012955,4,12214801
95,-0.921345424866475,0.21704395291394,0.39798322418839,0.260085786154236,0.608993859593147,0.60201677581161,0.391006140406853,0.739914213845764,160,2.18621069177908e-05,3,598745633
894,-0.417374286837623,0.221667189068383,0.658774303243639,0.426631773915672,1.01723221088527,0.341225696756361,-0.0172322108852661,0.573368226084328,159,0.0597156722154224,3,304515785
670,-0.599977207897926,0.211640673207663,0.548824144807405,0.362480244157367,0.830963747069244,0.451175855192595,0.169036252930756,0.637519755842633,163,0.00458420229063499,3,319279717
570,-1.29750223249369,0.222806592386383,0.273213364940817,0.1765422368291,0.42281974060714,0.726786635059183,0.57718025939286,0.8234577631709,184,5.76463327587555e-09,3,56037104
46,-0.913682869222255,0.230235058125523,0.401044506433449,0.255397201918548,0.629751206874002,0.598955493566551,0.370248793125998,0.744602798081452,179,7.23329935937682e-05,4,678488053
744,-0.948926579399764,0.235185199699226,0.387156382123427,0.244172313391803,0.613870025379924,0.612843617876573,0.386129974620076,0.755827686608197,137,5.46475046762713e-05,3,232713654
469,-0.81472816152118,0.209080650957744,0.442759670118922,0.293899117800141,0.667018420984598,0.557240329881078,0.332981579015402,0.706100882199859,189,9.75053771150898e-05,3,580000070
869,-0.572020821598636,0.225822312819597,0.564383766624751,0.362538565909442,0.878607315143147,0.435616233375249,0.121392684856853,0.637461434090558,165,0.011307251953614,3,509886832
421,-0.834908383891574,0.25124048777777,0.433914233145446,0.265184175796161,0.710003005122473,0.566085766854554,0.289996994877527,0.734815824203839,164,0.000890088719167726,3,473769375
620,-0.446267760163542,0.208118535530501,0.640012379297244,0.425635218425432,0.962363610720529,0.359987620702756,0.0376363892794711,0.574364781574568,190,0.0320091706170713,3,478883765
645,-1.09805286856277,0.230872680398067,0.333519858869982,0.212130207365803,0.52437367427278,0.666480141130018,0.47562632572722,0.787869792634197,165,1.97371636092707e-06,3,487384008
695,-0.612161267352852,0.232207006577403,0.542177810683048,0.343943239319102,0.854666540266946,0.457822189316952,0.145333459733054,0.656056760680898,156,0.00838220446028469,4,202264779
820,-1.09665369495661,0.255581063348617,0.333986837669665,0.202385016339906,0.551163370460389,0.666013162330334,0.448836629539611,0.797614983660094,142,1.78010309669433e-05,3,904410204
397,-0.521266163416658,0.228022265877645,0.593768264159527,0.379772992772276,0.928346033638111,0.406231735840473,0.0716539663618894,0.620227007227724,159,0.0222523950439609,3,849233642
796,-0.590615624001811,0.227977853288562,0.553986132574669,0.354359265666967,0.866071991958211,0.446013867425331,0.133928008041789,0.645640734333033,158,0.00957890055693356,3,296053261
344,-0.715115035030002,0.221779250265799,0.489135840803704,0.316701883537135,0.755454524256697,0.510864159196296,0.244545475743303,0.683298116462865,157,0.00126217018608717,3,148334395
445,-0.918719316696313,0.224386045478528,0.399029744721641,0.257044030343469,0.619445380465974,0.600970255278359,0.380554619534026,0.742955969656531,159,4.23319282219741e-05,3,336191398
296,-0.976569777010623,0.213302705877027,0.37660071017354,0.247923413179812,0.572064143051915,0.62339928982646,0.427935856948085,0.752076586820188,176,4.68707062033762e-06,3,160634653
846,-0.73340170804856,0.232485171327958,0.480272461474328,0.304506066017467,0.757494391712311,0.519727538525672,0.242505608287689,0.695493933982533,152,0.00160708844220567,3,839968492
322,-0.55047131166795,0.240829641176601,0.57667795127325,0.359698630803393,0.924544691042999,0.42332204872675,0.0754553089570014,0.640301369196607,153,0.0222701135153653,3,410449577
993,-1.10552592428987,0.224894747677218,0.331036736191773,0.213032289673781,0.514407092353516,0.668963263808227,0.485592907646484,0.786967710326219,169,8.84440710096812e-07,3,553732748
370,-0.496933586555526,0.241560299864141,0.608393387969962,0.378937848913021,0.976789506741853,0.391606612030038,0.0232104932581472,0.621062151086979,161,0.0396686881818716,4,36696984
247,-0.813479052567513,0.213798106144856,0.443313070744074,0.291558198716928,0.674055744470237,0.556686929255926,0.325944255529763,0.708441801283072,182,0.000141865141105224,3,922474362
196,-0.600302697914438,0.235223001040327,0.54864553709654,0.345994877727801,0.869989542483229,0.45135446290346,0.130010457516771,0.654005122272199,155,0.0107088747112541,4,596197099
595,-1.00239830278858,0.2166439821692,0.366998212031362,0.240024877369073,0.561140533058639,0.633001787968638,0.438859466941361,0.759975122630927,175,3.71111307888576e-06,3,207351079
170,-0.929748513276922,0.207807231501824,0.394652947869234,0.26262103887525,0.593063487711895,0.605347052130766,0.406936512288105,0.73737896112475,182,7.6736973290994e-06,3,80297951
720,-0.682964810528373,0.223499373896326,0.505117193381296,0.325948614610868,0.782771785528217,0.494882806618704,0.217228214471783,0.674051385389132,181,0.00224476253956197,4,915258598
22,-0.958923289616834,0.222832326426626,0.383305372745626,0.247667879970855,0.593225931408438,0.616694627254374,0.406774068591562,0.752332120029145,177,1.68242271130795e-05,4,536412670
145,-0.859200931430293,0.224676257070433,0.423500352970345,0.27265219597024,0.657807094961314,0.576499647029655,0.342192905038686,0.72734780402976,161,0.000131211631170484,4,49945049
496,-0.823042894235643,0.219715796272008,0.439093504520264,0.285452984340701,0.6754285864525,0.560906495479736,0.3245714135475,0.714547015659299,173,0.00017971725029366,3,989334325
221,-1.05041407135428,0.223588863341594,0.349792879908631,0.225679327799658,0.542163343128138,0.650207120091369,0.457836656871862,0.774320672200342,178,2.62758294367231e-06,3,82512400
546,-1.13474379398112,0.200322738948966,0.321504482166699,0.217106090715731,0.476104247985464,0.678495517833301,0.523895752014536,0.782893909284269,196,1.47386747243103e-08,3,314083783
121,-0.879881030371605,0.232111134729709,0.414832261185937,0.263208050010462,0.653801450653948,0.585167738814063,0.346198549346052,0.736791949989538,147,0.000150178100501131,3,747856153
71,-1.09728885727805,0.238439048145396,0.33377476917061,0.209167313514175,0.532614750666311,0.66622523082939,0.467385249333689,0.790832686485825,165,4.18517619296948e-06,4,865982515
895,-0.970154207323993,0.234154105816661,0.379024585229568,0.239527314274992,0.59976306519897,0.620975414770432,0.40023693480103,0.760472685725008,158,3.42448883276006e-05,4,242652997
671,-0.930255140748813,0.219599990430127,0.39445305648349,0.256490612624243,0.606623424449107,0.60554694351651,0.393376575550893,0.743509387375757,170,2.27400387716876e-05,3,675128677
520,-0.978702620673665,0.219801984252069,0.375798335709164,0.244263774750182,0.578163459834408,0.624201664290836,0.421836540165592,0.755736225249818,166,8.48145834929075e-06,3,59368028
571,-1.15535468120301,0.23551900722954,0.314945811731788,0.198500541073498,0.499700725201891,0.685054188268212,0.500299274798109,0.801499458926502,170,9.31570040662856e-07,4,70143188
272,-0.423127755477122,0.224980072060637,0.654994948574174,0.421438847983544,1.01798489795235,0.345005051425826,-0.0179848979523503,0.578561152016456,166,0.0600080609684927,4,95254473
47,-0.333662968848137,0.223651459838234,0.716295155331071,0.46208252642785,1.11036172156766,0.283704844668929,-0.110361721567664,0.53791747357215,179,0.135728462452549,4,81017251
920,-0.806278408889113,0.245049107890911,0.446516730568638,0.276217733495311,0.721811695993407,0.553483269431362,0.278188304006593,0.723782266504689,149,0.00100090302575416,3,976530333
422,-0.649749139246871,0.23829063163668,0.522176753985578,0.327328771709231,0.83301129008338,0.477823246014422,0.16698870991662,0.672671228290769,147,0.00639694841606913,3,842313497
745,-1.25211663308947,0.231263370421672,0.285899012664466,0.181702506299999,0.449846549213597,0.714100987335534,0.550153450786403,0.8182974937,155,6.15477180421423e-08,4,378469469
970,-1.28584156394437,0.224976840406224,0.276417862414227,0.177854750808922,0.42960243858618,0.723582137585773,0.57039756141382,0.822145249191078,159,1.09420721756999e-08,3,119296782
870,-0.738542674089331,0.19689992541717,0.477809732885653,0.324828010085278,0.702840068442134,0.522190267114347,0.297159931557866,0.675171989914722,198,0.000176234009929881,3,790277746
646,-0.529148043248218,0.199912651433203,0.589106649330744,0.398132808320851,0.871685621060435,0.410893350669256,0.128314378939565,0.601867191679149,188,0.00812342765084128,3,495556692
771,-1.27567145158907,0.252747213714298,0.279243406830004,0.170154762628667,0.458270336095134,0.720756593169996,0.541729663904866,0.829845237371333,149,4.48278930265297e-07,3,840801849
621,-0.961038635678053,0.239701684019248,0.382495406216927,0.239106719074226,0.611872122805697,0.617504593783073,0.388127877194303,0.760893280925774,170,6.08961308418749e-05,4,605826838
946,-0.951595679675965,0.206623277572316,0.3861244007605,0.257542670459284,0.578902333336742,0.6138755992395,0.421097666663258,0.742457329540716,202,4.11550882648702e-06,3,304945721
821,-0.932667980277731,0.235464157634143,0.393502451845913,0.248039009481459,0.624273496061994,0.606497548154087,0.375726503938006,0.751960990518541,148,7.46438989886053e-05,3,565214662
96,-1.25602982980152,0.255238101757523,0.284782419736891,0.172684799114343,0.469647745529113,0.715217580263109,0.530352254470887,0.827315200885657,165,8.6097733255344e-07,5,503298309
398,-0.641741262152307,0.220056136169809,0.526375068611795,0.341966204647581,0.810228347393603,0.473624931388205,0.189771652606397,0.658033795352419,162,0.00354253323931642,3,816109032
696,-0.858926864620986,0.213774433845457,0.423616436267387,0.278617040216107,0.644077206967281,0.576383563732613,0.355922793032719,0.721382959783893,181,5.87161135384385e-05,3,375781834
797,-1.08678874004457,0.213950337856115,0.337297907690727,0.221767953843981,0.513013158847027,0.662702092309273,0.486986841152973,0.778232046156019,179,3.78168946575515e-07,4,951893412
446,-0.518720686084475,0.221569594409827,0.595281613097082,0.385586737534924,0.919015527237548,0.404718386902918,0.0809844727624518,0.614413262465076,168,0.019226061508698,4,991174404
297,-0.890180144801663,0.225099151409845,0.410581781916145,0.264116133084438,0.638269982498731,0.589418218083855,0.361730017501269,0.735883866915562,170,7.66584715327998e-05,3,553089856
470,-0.869356479379552,0.228695749822623,0.419221239975013,0.267779362326506,0.656310652618175,0.580778760024987,0.343689347381825,0.732220637673494,171,0.000143899967210923,3,272661322
345,-0.898766206326151,0.216623951338941,0.407071592391759,0.266244199226322,0.622388325506773,0.592928407608241,0.377611674493227,0.733755800773678,181,3.33975035632332e-05,3,760186176
847,-0.582209226934785,0.223684947740876,0.558662789351013,0.360370118621408,0.866065459032523,0.441337210648987,0.133934540967477,0.639629881378592,176,0.00924634117422102,4,928167277
23,-0.864013114197809,0.234801081414055,0.421467287534296,0.266011755571161,0.667770016705137,0.578532712465704,0.332229983294863,0.733988244428839,158,0.000233447764856385,4,852685990
497,-0.719625627896157,0.230164325946621,0.486934516540595,0.310137535410536,0.76451637201786,0.513065483459405,0.23548362798214,0.689862464589464,142,0.00176856431942039,4,761399337
146,-1.25566653664827,0.23052744931917,0.28488589803549,0.181319967026556,0.447606384616212,0.71511410196451,0.552393615383788,0.818680032973444,153,5.12470475534152e-08,3,972637858
197,-0.683775440155681,0.240589319384391,0.504707896335648,0.314956154718586,0.808779434239529,0.495292103664352,0.191220565760471,0.685043845281414,148,0.00448194558927905,3,74384433
323,-0.742798475270039,0.23225862996775,0.475780590536113,0.301792065040776,0.750076614175748,0.524219409463887,0.249923385824252,0.698207934959224,157,0.00138311205214593,3,140671441
248,-1.02665175535726,0.214029907216984,0.358204310604117,0.235476851584,0.544895718081227,0.641795689395883,0.455104281918773,0.764523148416,175,1.61246380021766e-06,3,719899273
222,-0.952407066521439,0.226441685696876,0.385811231568869,0.24752972205167,0.601343164654853,0.614188768431131,0.398656835345147,0.75247027794833,167,2.59964060484966e-05,3,376978863
122,-0.585056253278415,0.230765770370892,0.557074523662468,0.354392985848831,0.875672028808549,0.442925476337532,0.124327971191451,0.645607014151169,173,0.011235690709099,4,178640701
371,-0.918933942108932,0.208801134947751,0.398944111987841,0.26495993674018,0.600681017846998,0.601055888012159,0.399318982153002,0.73504006325982,169,1.07752774530123e-05,3,861478511
72,-0.693291591123827,0.231484702749742,0.499927799931411,0.317590242882022,0.786950514840293,0.500072200068589,0.213049485159707,0.682409757117978,161,0.00274464640675746,3,662692972
994,-0.568314670198128,0.219401712583233,0.566479339167755,0.368492793074635,0.870841567962337,0.433520660832245,0.129158432037663,0.631507206925365,165,0.00958943377850313,3,160352530
521,-0.772400703002001,0.224346409341267,0.461902844640037,0.297568274749002,0.716992555965593,0.538097155359963,0.283007444034407,0.702431725250998,164,0.000575526777270252,3,15948249
596,-0.979430592967976,0.207037655041558,0.375524864484334,0.25026950036329,0.563468275763826,0.624475135515666,0.436531724236174,0.74973049963671,180,2.23759968478716e-06,3,656167290
921,-1.03987952367706,0.221760478600922,0.353497267444409,0.228888092266645,0.545945037390107,0.646502732555591,0.454054962609893,0.771111907733355,170,2.74273481370012e-06,3,335666643
171,-0.937189524373893,0.244162704936885,0.391727229555316,0.242746004220449,0.632143144303741,0.608272770444684,0.367856855696259,0.757253995779551,157,0.000123848134308217,3,262275633
721,-1.11680881272771,0.235182890333132,0.327322677683389,0.206437245724988,0.51899614795556,0.672677322316611,0.48100385204444,0.793562754275012,172,2.04746349536229e-06,3,674719085
971,-1.22302879444496,0.222526788306328,0.294337328229434,0.190296235819364,0.455261042953463,0.705662671770566,0.544738957046537,0.809703764180636,171,3.88289174277216e-08,3,56062634
547,-0.819480045988743,0.214741033481893,0.440660718257592,0.289278687875806,0.67126226975512,0.559339281742408,0.32873773024488,0.710721312124194,162,0.000135560217420896,3,197857697
947,-0.964433631607966,0.204716972876671,0.381199037697695,0.255209238928146,0.569386543182948,0.618800962302305,0.430613456817052,0.744790761071854,185,2.4643349949576e-06,3,413488009
399,-1.03586186318423,0.233536899103097,0.354920356279794,0.224565967186641,0.560941895514742,0.645079643720206,0.439058104485258,0.775434032813359,151,9.18424954127209e-06,3,886400516
572,-0.859346852317889,0.214249118592674,0.423438559931499,0.278241062850222,0.644406013261169,0.576561440068501,0.355593986738831,0.721758937149778,183,6.04697166280658e-05,3,739972461
622,-0.686298573308918,0.220899625221118,0.503436056295321,0.32652332838496,0.776201394343802,0.496563943704679,0.223798605656198,0.67347667161504,170,0.00189102243581785,3,234662894
896,-0.828932844723432,0.204354308400309,0.43651486699753,0.292450478980697,0.651546989336434,0.56348513300247,0.348453010663566,0.707549521019303,194,4.98452921730634e-05,4,157335180
273,-0.601115776421748,0.236970477481382,0.548199626506919,0.344531630287706,0.872264849097802,0.451800373493081,0.127735150902198,0.655468369712294,156,0.0111912560063197,3,134558819
672,-0.803772938157148,0.221969146160381,0.447636867817996,0.289724597702944,0.691618064253403,0.552363132182004,0.308381935746597,0.710275402297056,169,0.000293350725371535,3,362912620
48,-0.739911138162263,0.236550666558619,0.477156314624181,0.300129291609483,0.758600226471653,0.522843685375819,0.241399773528347,0.699870708390517,139,0.00176049162491805,3,325871429
471,-0.92498246860978,0.226533621485674,0.396538370882972,0.254366227972436,0.618174357641381,0.603461629117028,0.381825642358619,0.745633772027564,154,4.44194367982319e-05,3,988219881
772,-0.932624441122535,0.215700676473518,0.393519584983212,0.257846715020593,0.60058032444971,0.606480415016788,0.39941967555029,0.742153284979407,174,1.53435761772982e-05,4,860274233
423,-0.970623323184553,0.215461073018565,0.378846820484486,0.248349247763265,0.577915635677773,0.621153179515514,0.422084364322227,0.751650752236735,192,6.64147494511902e-06,3,794889285
746,-0.722687141362971,0.20481842731885,0.485446039619427,0.32493702577361,0.725241627423443,0.514553960380573,0.274758372576557,0.67506297422639,202,0.00041803513092382,3,367640977
871,-0.62076807322029,0.21302319555418,0.537531415514058,0.354061070787716,0.816073967187956,0.462468584485942,0.183926032812044,0.645938929212284,172,0.00356730752785159,3,350036490
647,-0.583183641160096,0.221921238972407,0.558118685516227,0.361265809586979,0.86223622290325,0.441881314483773,0.13776377709675,0.638734190413021,162,0.00859173897755465,3,749922565
97,-0.819923473629374,0.21796192531348,0.440465360431707,0.287330833470004,0.675213764555788,0.559534639568293,0.324786235444212,0.712669166529996,172,0.000168712554983983,3,610919359
697,-1.07524125190938,0.22582433480651,0.341215426497249,0.219182883109182,0.53119096540811,0.658784573502751,0.46880903459189,0.780817116890818,170,1.92249224070528e-06,3,204813736
822,-0.805533357083956,0.240681608015829,0.446849532626772,0.278799988725217,0.716192657402015,0.553150467373228,0.283807342597985,0.721200011274783,143,0.000817254819402933,3,104395326
798,-0.626617280057772,0.235529258104611,0.534396460521233,0.33680668667995,0.84790352541009,0.465603539478767,0.15209647458991,0.66319331332005,156,0.00780329034470075,3,995372682
848,-0.90585239371652,0.21603628922332,0.404197203065359,0.264668880997741,0.61728216158232,0.595802796934641,0.38271783841768,0.735331119002259,172,2.75220708757176e-05,4,881043739
447,-1.21173752778574,0.262706900845479,0.297679603239866,0.177882227321755,0.498156266194935,0.702320396760134,0.501843733805065,0.822117772678245,146,3.97840350160674e-06,4,66329069
298,-0.752484039665689,0.21806001509742,0.471194631639119,0.307317514792439,0.722459248817887,0.528805368360881,0.277540751182113,0.692682485207561,183,0.000558903477267466,4,516009737
198,-0.908497562815647,0.250739912762832,0.403129445935524,0.246612065677184,0.658983775729015,0.596870554064476,0.341016224270985,0.753387934322816,155,0.000290905655194466,3,541580091
24,-0.986968387648359,0.222455135501562,0.372704876754966,0.240996602908207,0.576393706303998,0.627295123245034,0.423606293696002,0.759003397091793,166,9.13452434735759e-06,3,909985742
324,-0.912036115150817,0.217489119897867,0.401705472181898,0.262289359997779,0.615226200491885,0.598294527818102,0.384773799508115,0.737710640002221,161,2.74708194861151e-05,3,682819718
249,-0.623942786162699,0.241174436533879,0.53582761354438,0.333992749020403,0.859633127601601,0.46417238645562,0.140366872398399,0.666007250979597,151,0.00967870308120446,3,178833265
223,-0.861800646845172,0.235292638750871,0.422400802453014,0.266344220532685,0.66989416010645,0.577599197546986,0.33010583989355,0.733655779467315,151,0.000249594375679954,3,501553923
372,-0.71725913202083,0.225738685321788,0.488088209632095,0.313580609249177,0.759709284806452,0.511911790367905,0.240290715193548,0.686419390750822,153,0.0014860866144474,4,709644683
172,-1.1021347907176,0.216382902247024,0.332161231560905,0.217351920416431,0.507614947871959,0.667838768439095,0.492385052128041,0.782648079583569,156,3.51611834781852e-07,3,137960915
995,-0.343788634178134,0.220426425056335,0.709078787232029,0.46032777516941,1.09224937886359,0.290921212767971,-0.0922493788635881,0.53967222483059,179,0.118842012823728,3,115199220
346,-0.557394872553182,0.218615835100113,0.572699076252336,0.373112970284129,0.879048057993041,0.427300923747664,0.120951942006959,0.626887029715871,168,0.0107829685999185,3,960868550
498,-0.961901884062261,0.219843025041431,0.382165360151905,0.248382273200667,0.588006384747281,0.617834639848095,0.411993615252719,0.751617726799333,177,1.21208200192865e-05,3,248555454
597,-1.02211384266841,0.239169204260926,0.359833504263912,0.225175119811461,0.575019793036019,0.640166495736088,0.424980206963981,0.774824880188539,174,1.92340765183851e-05,4,309602041
722,-1.03687791711036,0.216545729205201,0.35455992120008,0.231934622323552,0.542017989647257,0.645440078799919,0.457982010352743,0.768065377676448,182,1.68231030121113e-06,3,474848657
972,-0.804589298598591,0.225644400897444,0.447271583908931,0.287410377530709,0.696049570273533,0.552728416091069,0.303950429726467,0.712589622469291,172,0.000362830748207093,3,497084496
147,-0.678447440832876,0.215051854021421,0.507404156122343,0.332890613976118,0.773404135896418,0.492595843877657,0.226595864103582,0.667109386023882,178,0.00160603422635492,3,813846019
123,-0.704878660966506,0.24363704051544,0.49416853255055,0.306542618087989,0.796634869521043,0.50583146744945,0.203365130478957,0.693457381912011,165,0.00381398319487276,3,876376780
573,-0.982570267892412,0.245628598084956,0.374347687427461,0.231310694641613,0.605835330266125,0.625652312572539,0.394164669733875,0.768689305358387,153,6.32816240047165e-05,4,298092784
548,-0.573161799089559,0.222738210852833,0.563740184676868,0.364320730944951,0.87231652998503,0.436259815323132,0.12768347001497,0.635679269055049,177,0.0100747491581223,3,415392484
73,-1.05467887801849,0.22975653085,0.348304257503009,0.222018758330043,0.546421647914901,0.651695742496991,0.453578352085099,0.777981241669957,162,4.42355870924185e-06,3,68157296
274,-1.31862708729485,0.229887150527636,0.267502307291404,0.170469714971287,0.419766551602889,0.732497692708596,0.580233448397111,0.829530285028713,161,9.69526169484838e-09,3,900670548
522,-0.358499148214717,0.22769348881284,0.698724221001349,0.447190685519846,1.09173905634105,0.301275778998651,-0.0917390563410465,0.552809314480154,148,0.115376213322539,3,897530300
897,-0.979831438278979,0.20537317785441,0.375374367268307,0.250986664620394,0.561407976854848,0.624625632731693,0.438592023145152,0.749013335379606,191,1.83331239286418e-06,3,518557898
49,-0.955259278030248,0.214300586270143,0.384712384151522,0.252768631418938,0.585530006981948,0.615287615848478,0.414469993018052,0.747231368581062,173,8.28950300049824e-06,4,323220974
922,-1.34448994419528,0.233151148378091,0.260672631546696,0.165058091397018,0.411674582338635,0.739327368453304,0.588325417661365,0.834941908602982,170,8.08856283642985e-09,4,234153588
673,-1.23359085312542,0.228752130300862,0.291244880154496,0.186013358137918,0.456008004292437,0.708755119845504,0.543991995707563,0.813986641862082,167,6.9408061987055e-08,3,749584525
773,-0.663003288777805,0.221177222706574,0.515301409280517,0.334037278658631,0.794927869945471,0.484698590719483,0.205072130054529,0.665962721341369,165,0.0027210469518105,3,394952936
424,-1.18112718924782,0.226099142163392,0.306932572444932,0.197054810151212,0.478078175079169,0.693067427555068,0.521921824920831,0.802945189848788,160,1.75160425883984e-07,3,350861503
747,-0.722359525451844,0.221398765246151,0.485605105520837,0.314650389364908,0.749442322267162,0.514394894479163,0.250557677732838,0.685349610635092,163,0.00110353153531562,3,743208960
400,-0.387120701023246,0.218152663300362,0.679009132883153,0.442775652835023,1.04127993395002,0.320990867116847,-0.0412799339500229,0.557224347164977,164,0.075973815829828,3,516836879
799,-1.2274124489517,0.232040035616085,0.293049879002024,0.185963927596478,0.461800482991774,0.706950120997976,0.538199517008226,0.814036072403522,184,1.22545230054103e-07,3,225408913
948,-0.956531554720096,0.216667952103692,0.38422323478552,0.25127861452238,0.587505205843535,0.61577676521448,0.412494794156465,0.74872138547762,171,1.01133880116046e-05,3,592593898
623,-1.0625218173784,0.235678266047511,0.345583212775004,0.217742364181222,0.548481952058246,0.654416787224996,0.451518047941754,0.782257635818778,159,6.53315053975742e-06,4,231089375
648,-1.39754510186377,0.246471331826499,0.247203078038574,0.15249552380477,0.400728888737613,0.752796921961425,0.599271111262387,0.84750447619523,158,1.42619582092349e-08,3,350548213
472,-0.753376841612982,0.210566261291295,0.47077413589208,0.31158623845324,0.711290357767821,0.52922586410792,0.288709642232179,0.68841376154676,181,0.000346417409556589,3,643872993
448,-0.71813679057332,0.226408838421066,0.487660022768959,0.312894264172264,0.760040451480101,0.512339977231041,0.239959548519899,0.687105735827736,165,0.0015146680726137,4,925379271
698,-0.691087808025776,0.219229423401217,0.501030747249088,0.326028792082575,0.769968223007123,0.498969252750912,0.230031776992877,0.673971207917425,167,0.00161962175248611,3,749176344
872,-0.47261590057274,0.206510888129721,0.623369461052919,0.415875308130686,0.934389412826826,0.376630538947081,0.0656105871731738,0.584124691869314,194,0.0221039888990139,3,897422384
199,-1.04512150050912,0.203007701993428,0.351649091238757,0.236215847241177,0.523491902906877,0.648350908761243,0.476508097093123,0.763784152758823,192,2.63016989179527e-07,4,453683818
823,-0.47894251582621,0.238261523253119,0.619438091556281,0.388319618165081,0.988112707475338,0.380561908443719,0.0118872925246617,0.611680381834919,146,0.044414820402344,4,376831487
25,-0.853370030251411,0.225761098596593,0.42597695507188,0.273664150473846,0.663062245961412,0.57402304492812,0.336937754038588,0.726335849526154,182,0.000156847673509359,4,168996516
325,-0.952428771649178,0.230396232116074,0.385802857577684,0.245613261269364,0.606008992127951,0.614197142422316,0.393991007872049,0.754386738730636,172,3.56700577155333e-05,4,774918674
98,-1.31489769938705,0.225934247671566,0.268501789731961,0.172437455046784,0.41808324687758,0.731498210268039,0.581916753122421,0.827562544953216,179,5.89094032390089e-09,3,242606193
373,-0.473519733106352,0.217031826013535,0.622806293996252,0.407019454229646,0.952995430096799,0.377193706003748,0.0470045699032012,0.592980545770354,174,0.0291244003129751,3,720901048
849,-0.802867620687883,0.206627430216083,0.448042304791214,0.2988391105773,0.671739072221265,0.551957695208785,0.328260927778735,0.7011608894227,178,0.000102085439784244,3,816354807
173,-0.859423511135196,0.220960082564178,0.423406100876445,0.274584202899365,0.652887982507493,0.576593899123555,0.347112017492507,0.725415797100635,176,0.000100452336167069,3,596623122
299,-0.989578472981618,0.218027838309113,0.371733353653158,0.242463236127724,0.569924283883728,0.628266646346842,0.430075716116272,0.757536763872276,182,5.6582990223984e-06,3,394425195
250,-0.959304040353575,0.236001977881724,0.383159456723136,0.241264987272819,0.608505904382871,0.616840543276864,0.391494095617129,0.758735012727181,160,4.80708724176995e-05,3,691875170
224,-0.745520415621561,0.230998865311378,0.474487305069702,0.301715767469915,0.746193029818229,0.525512694930298,0.253806970181771,0.698284232530085,154,0.00124930757070958,4,54638685
347,-0.880866364233786,0.205577951049325,0.414423714222498,0.27698505029483,0.620058789191543,0.585576285777502,0.379941210808457,0.72301494970517,178,1.82879803596329e-05,3,568538229
723,-1.11721811424234,0.222888342807644,0.327188731429713,0.211385618276422,0.506432116089355,0.672811268570287,0.493567883910645,0.788614381723578,153,5.37395372177477e-07,3,317502557
598,-1.26443472102422,0.222738608104342,0.282398885182686,0.182501959163397,0.436976845169225,0.717601114817314,0.563023154830775,0.817498040836603,172,1.37265888781361e-08,3,195148894
148,-1.14623810895009,0.22485518227956,0.317830165713953,0.204549318164703,0.493846741431917,0.682169834286047,0.506153258568083,0.795450681835297,172,3.43854793270926e-07,3,96434174
574,-0.854643708178458,0.219859039342788,0.425434743001848,0.276495838997699,0.654601968728196,0.574565256998152,0.345398031271804,0.723504161002301,183,0.000101392668105354,4,836205912
74,-1.08823934607792,0.239401285588465,0.336808976020147,0.210671075928115,0.538471101587994,0.663191023979853,0.461528898412006,0.789328924071885,149,5.47606640820648e-06,3,515503630
499,-0.942286838842577,0.212812791989302,0.389735553093362,0.256816810825957,0.591448047565415,0.610264446906638,0.408551952434585,0.743183189174043,191,9.52108091708907e-06,3,71260158
275,-1.01514105249374,0.233691379163876,0.362351315671,0.229198293609859,0.572859744723933,0.637648684329,0.427140255276067,0.770801706390141,160,1.39950509403257e-05,3,501831646
523,-1.02159440943542,0.232431407942348,0.360020462296276,0.22828701639299,0.567770937305065,0.639979537703724,0.432229062694935,0.77171298360701,164,1.10644761071949e-05,4,945511544
923,-1.2884106199547,0.234012174948646,0.275708640848469,0.174284535336117,0.43615605074719,0.724291359151531,0.56384394925281,0.825715464663883,165,3.67616938538308e-08,3,622321333
996,-0.989134097629036,0.209910134529129,0.371898579501683,0.246461273998428,0.561177629213472,0.628101420498317,0.438822370786528,0.753538726001572,200,2.4508212509166e-06,3,599382003
774,-1.02735256523499,0.222393046498169,0.3579533654277,0.231486221222709,0.553512909512416,0.6420466345723,0.446487090487584,0.768513778777291,169,3.84600142138665e-06,3,145981057
973,-0.947818972526144,0.263336105155722,0.387585436761502,0.2313211545746,0.64941086372262,0.612414563238498,0.35058913627738,0.7686788454254,136,0.000319106003956914,3,745202005
124,-0.878657719133365,0.208079876291565,0.415340040675884,0.276239569985266,0.624484571120084,0.584659959324116,0.375515428879916,0.723760430014734,191,2.41399079009695e-05,4,863594332
674,-0.76859313103998,0.227965036433451,0.463664925456393,0.296592424070955,0.724850487236488,0.536335074543607,0.275149512763512,0.703407575929045,153,0.000747493115201917,3,558181783
949,-0.560381178725868,0.228493290052314,0.570991372597925,0.364867940419504,0.893559316848751,0.429008627402075,0.106440683151249,0.635132059580496,160,0.0141864989485322,3,484188921
549,-0.864825611198089,0.23918976952547,0.421124985705894,0.263519227258869,0.672991703226165,0.578875014294106,0.327008296773835,0.736480772741131,166,0.000299599185407949,3,794454808
50,-0.945936745593431,0.220459266246808,0.388315647504885,0.25207491157401,0.59819139142241,0.611684352495115,0.40180860857759,0.74792508842599,178,1.78066513519569e-05,3,408946073
425,-0.64521002865298,0.222140803453454,0.524552359510761,0.33939250723833,0.810728498714576,0.475447640489239,0.189271501285424,0.66060749276167,175,0.00367829280272674,3,56755732
449,-1.35317246769487,0.235971109834518,0.258419132483756,0.16272927568178,0.410377590349799,0.741580867516244,0.589622409650201,0.83727072431822,151,9.78098676299489e-09,3,543459050
699,-0.745733168673295,0.221020885970585,0.474386367185341,0.3076088886438,0.731586224193596,0.525613632814659,0.268413775806404,0.6923911113562,161,0.000740737754197535,3,372018684
748,-1.33632494526248,0.246274931720074,0.262809736160646,0.162185434375807,0.425864120823485,0.737190263839354,0.574135879176515,0.837814565624193,146,5.75822787908537e-08,3,411359359
473,-1.14332820462488,0.210935821222013,0.318756368014332,0.210819108841644,0.481956416133079,0.681243631985668,0.518043583866921,0.789180891158356,184,5.9510508305896e-08,3,181178753
824,-1.05727263990043,0.216227067568602,0.347402009810246,0.227394267965903,0.530744057446052,0.652597990189754,0.469255942553948,0.772605732034097,178,1.01020267269113e-06,3,690475322
624,-1.11948213987597,0.220066679077757,0.326448805676216,0.212077203093757,0.50250013284226,0.673551194323784,0.49749986715774,0.787922796906243,185,3.63746190599681e-07,3,645928977
898,-0.628085217788466,0.214829811963344,0.533612575281806,0.350237454873115,0.812998086118568,0.466387424718194,0.187001913881432,0.649762545126885,171,0.00345963645508206,3,289579274
800,-0.730251661543789,0.206109148965193,0.48178772738901,0.321673516924471,0.721599392085387,0.51821227261099,0.278400607914613,0.678326483075529,200,0.000395552145227522,4,100809520
873,-1.19435269991142,0.226527068256803,0.302899957908268,0.194302783829981,0.472192846094847,0.697100042091732,0.527807153905153,0.805697216170019,160,1.34614327097109e-07,4,691297975
649,-0.609372864635811,0.235971915858825,0.543691730491612,0.342367923290375,0.863400680075549,0.456308269508388,0.136599319924451,0.657632076709625,169,0.00981170101206679,4,427555418
99,-1.03370639342367,0.226806330828683,0.35568620145671,0.228038995145137,0.554785263047591,0.64431379854329,0.445214736952409,0.771961004854863,166,5.17264098011467e-06,3,667279942
850,-0.943973324637858,0.223541669949412,0.389078823557328,0.251049048451702,0.602999022997206,0.610921176442672,0.397000977002794,0.748950951548298,175,2.41278438667636e-05,4,90380046
200,-0.704507998720279,0.224264017748019,0.494351736120066,0.318524018173697,0.767237712264625,0.505648263879934,0.232762287735375,0.681475981826303,167,0.00168129382255345,3,672276405
225,-0.469250528823682,0.226656405142931,0.625470865045861,0.401122296339555,0.97529807390724,0.374529134954139,0.0247019260927599,0.598877703660445,182,0.0384227016332041,5,136835353
300,-0.851150116277109,0.214792591547619,0.426923637655351,0.280232444897703,0.650402177575875,0.573076362344649,0.349597822424125,0.719767555102298,181,7.41191490721993e-05,3,34480143
75,-1.08616910180032,0.224727748433274,0.337506975140444,0.217267189452279,0.524289739999935,0.662493024859556,0.475710260000065,0.782732810547721,176,1.34310782813452e-06,3,148454080
724,-1.08590824828907,0.227512088115134,0.337595026503735,0.216141120918971,0.527296247171699,0.662404973496265,0.472703752828301,0.783858879081029,170,1.81529326926231e-06,3,472478706
500,-0.445909663649229,0.228595506225822,0.640241606539677,0.409037425236635,1.00213156414078,0.359758393460323,-0.00213156414077842,0.590962574763365,166,0.0510987786237662,3,631778233
174,-1.11624543753552,0.22180378317836,0.327507135114327,0.212041585781567,0.5058485256816,0.672492864885673,0.4941514743184,0.787958414218432,180,4.83920798950521e-07,3,469437977
374,-1.1133267297279,0.213997859133919,0.328464429097762,0.215939970041369,0.499624414886461,0.671535570902238,0.500375585113539,0.784060029958631,180,1.9661117801219e-07,3,510856874
575,-0.728885430467258,0.211845140452031,0.482446410608745,0.318512271377911,0.730755327266814,0.517553589391256,0.269244672733186,0.681487728622089,186,0.000580314137231651,3,794720867
348,-0.90221793034901,0.208661123716575,0.405668915816163,0.269500180787649,0.61063880839891,0.594331084183837,0.38936119160109,0.730499819212351,195,1.53334466503243e-05,3,182068947
775,-0.909704202832462,0.22751225582694,0.40264330717033,0.257787408886892,0.628896630402123,0.59735669282967,0.371103369597877,0.742212591113108,162,6.37493852674798e-05,3,541593060
599,-0.715300682548007,0.203100485174875,0.489045042377404,0.328450111972002,0.728162496392463,0.510954957622596,0.271837503607537,0.671549888027998,178,0.000428457109871796,4,28160035
125,-0.711687333308535,0.223384419680168,0.490815329315712,0.316791088051208,0.760437072182883,0.509184670684288,0.239562927817117,0.683208911948792,167,0.00144289037392381,3,485889583
997,-0.498031206479462,0.23334368584214,0.607725969618583,0.38466731822805,0.960130576858335,0.392274030381417,0.0398694231416649,0.61533268177195,169,0.0328162057585265,3,96665015
950,-0.665927811999243,0.219308180191534,0.513796599840644,0.334284134119552,0.789708272284906,0.486203400159356,0.210291727715094,0.665715865880449,162,0.00239347456157086,4,921907743
550,-1.17294268918649,0.233316254652802,0.309454970305216,0.195883703505706,0.488873637432592,0.690545029694784,0.511126362567408,0.804116296494294,160,4.97524072040406e-07,3,667458214
524,-0.968587314981181,0.215137436176241,0.379618941474423,0.249013307140798,0.578726263189935,0.620381058525577,0.421273736810065,0.750986692859202,183,6.72601959491719e-06,3,994606076
149,-0.720195225943609,0.226332858534033,0.48665723856673,0.312297357173929,0.758364623999984,0.51334276143327,0.241635376000016,0.687702642826071,160,0.00146252737319209,3,490915375
974,-1.05690382828508,0.233754135462931,0.347530159336725,0.219796422120962,0.549495803813137,0.652469840663275,0.450504196186863,0.780203577879038,169,6.14221950381922e-06,3,854958743
924,-0.385023359675342,0.226187660635774,0.68043474128429,0.436772406591845,1.06002904523975,0.31956525871571,-0.0600290452397461,0.563227593408155,168,0.0887123123311138,3,442062139
749,-1.11962611885283,0.223325467032426,0.326401807294649,0.210696621896109,0.505647118812116,0.673598192705351,0.494352881187884,0.789303378103891,172,5.34688187760092e-07,3,257799786
450,-0.675396794008267,0.223602402210395,0.50895443046747,0.328358444334086,0.788877571940601,0.49104556953253,0.211122428059399,0.671641555665914,176,0.0025233632401263,3,783076045
625,-0.901233045825225,0.246456653199053,0.406068649666661,0.250504295764031,0.658239203999237,0.593931350333339,0.341760796000763,0.749495704235969,152,0.000255422454072612,3,400177337
675,-0.83331712290044,0.25099810963344,0.434605253589274,0.265732695930709,0.710795959021352,0.565394746410726,0.289204040978648,0.734267304069291,156,0.000900130817868466,3,760746078
650,-0.113363734962109,0.241786617885179,0.892825849070648,0.555850004080887,1.43408831684154,0.107174150929352,-0.434088316841543,0.444149995919113,150,0.639170710719469,3,171078624
700,-0.742102339423012,0.253561356387345,0.476111913770115,0.289652466561623,0.782601843943267,0.523888086229885,0.217398156056733,0.710347533438377,149,0.00342560404573314,3,970974065
474,-1.30703249352753,0.231189894718864,0.270621938354926,0.172017964859365,0.425747587345616,0.729378061645074,0.574252412654384,0.827982035140635,163,1.57211434433546e-08,4,306445710
825,-0.993433260430015,0.227283767207701,0.370303158906709,0.237188224126121,0.578124946976176,0.629696841093291,0.421875053023824,0.762811775873879,158,1.23738841170988e-05,3,597276731
100,-1.05299920007202,0.216268690035963,0.348889788096746,0.228349473842237,0.533060497972897,0.651110211903254,0.466939502027103,0.771650526157763,170,1.12198663509269e-06,3,344159964
874,-0.795569392062256,0.225416240699591,0.451324181341043,0.29014423854333,0.70204225900127,0.548675818658957,0.29795774099873,0.70985576145667,183,0.000416605651612793,3,340899426
899,-0.791552617108337,0.245225675243312,0.453140694829319,0.280218363903684,0.732773136099587,0.546859305170681,0.267226863900413,0.719781636096316,151,0.0012472271931014,3,568047781
725,-0.818783599606488,0.22015341609253,0.440967721713938,0.28642562755246,0.678893621549162,0.559032278286062,0.321106378450838,0.71357437244754,173,0.00019989424371743,3,886411903
175,-0.819531630977081,0.240683536203754,0.440637987365871,0.274923419784292,0.706239708723932,0.559362012634129,0.293760291276068,0.725076580215708,159,0.000661598358103524,3,129849117
600,-0.893944130956737,0.214351305100648,0.4090392626053,0.268725472453858,0.622617263725962,0.5909607373947,0.377382736274038,0.731274527546142,182,3.03981757088931e-05,3,458205510
375,-1.44493154226635,0.230312789195787,0.235762215750402,0.150117596665031,0.37026853353886,0.764237784249598,0.62973146646114,0.849882403334969,179,3.52388579205877e-10,3,635616380
349,-0.982347064668723,0.210859151824494,0.37443125236371,0.247678583404577,0.566051213712107,0.62556874763629,0.433948786287893,0.752321416595423,185,3.1808405187293e-06,3,802824979
525,-0.763388849056656,0.260594518859819,0.466084258459281,0.27967006200634,0.776752915292784,0.533915741540719,0.223247084707216,0.72032993799366,149,0.00339603378033647,4,794883143
750,-0.4937645998808,0.206483203484579,0.610324436627119,0.407194532001515,0.914786149296389,0.389675563372881,0.0852138507036114,0.592805467998485,182,0.0167885369134716,3,466584018
975,-1.04793138590371,0.228551004423885,0.350662384508888,0.224050653004761,0.548822805291472,0.649337615491112,0.451177194708528,0.775949346995239,182,4.53748532131272e-06,3,649828086
925,-0.722813379148179,0.211150557820845,0.485384761854413,0.320888724758456,0.734205812989561,0.514615238145587,0.265794187010439,0.679111275241544,188,0.000618855156721086,3,965731835
998,-0.987355453301076,0.232290150745036,0.372560643414261,0.236304090876264,0.587384807882691,0.627439356585739,0.412615192117309,0.763695909123736,156,2.13268551377248e-05,3,380526552
150,-1.19660571166319,0.235040232358502,0.302218288935945,0.190657605308838,0.479057176971352,0.697781711064055,0.520942823028648,0.809342394691162,161,3.56053048837871e-07,3,39391642
475,-1.06869387751517,0.217141811340309,0.343456821261928,0.224409222592749,0.52565837851247,0.656543178738072,0.47434162148753,0.775590777407251,178,8.58218678974325e-07,4,188812012
900,-0.668983064429682,0.239046929458466,0.512229217124393,0.320617505886665,0.818354475530779,0.487770782875607,0.181645524469221,0.679382494113335,151,0.00513337649576837,3,147606304
875,-0.892790295145534,0.234580514121598,0.409511499144005,0.258577543723262,0.648546913689642,0.590488500855995,0.351453086310358,0.741422456276738,164,0.000141288694742024,3,373246845
999,-0.468425660580351,0.228243410033915,0.625987008945656,0.400206536470784,0.979143766177183,0.374012991054344,0.020856233822817,0.599793463529216,163,0.0401397882929407,3,932651725
350,-0.808950300765176,0.231056959771055,0.445325278567981,0.283140052019058,0.700411694910267,0.554674721432019,0.299588305089733,0.716859947980942,169,0.000463366186247486,4,185326435
1000,-1.44493700693526,0.208534207343281,0.235760927391471,0.15666327174829,0.354794166266307,0.764239072608529,0.645205833733693,0.84333672825171,194,4.23775757233155e-12,3,477110968
