"rep","est_V","se_V","IRR_V","IRR_V_CI_Lower","IRR_V_CI_Upper","VE","VE_CI_Lower","VE_CI_Upper","n_event","p_val","n_calendar_group","seed"
1,-0.250069608718434,0.556171878304111,0.778746573633726,0.261807321626796,2.31638375190573,0.221253426366274,-1.31638375190573,0.738192678373204,26,0.652979785041669,3,721579527
126,-1.21672712164165,0.567009649895676,0.296198002287847,0.0974860864416621,0.899956699070213,0.703801997712153,0.100043300929787,0.902513913558338,30,0.0318836158969613,3,903747313
51,-0.700748333357304,0.451805379737522,0.496213831453742,0.204687550657763,1.20294647004544,0.503786168546258,-0.202946470045436,0.795312449342237,30,0.120902644348394,3,621040660
151,-1.00016185852531,0.484263283270404,0.36781990156623,0.142373633839322,0.950256563240326,0.63218009843377,0.0497434367596739,0.857626366160678,31,0.0388921048098757,3,532938294
76,-0.411607122968078,0.600451124782102,0.66258453917022,0.204237917585978,2.14954341846244,0.33741546082978,-1.14954341846244,0.795762082414022,24,0.493030691060333,3,206766149
226,-1.46699119925793,0.510803920499484,0.230618326945889,0.0847416140738237,0.627611514184617,0.769381673054111,0.372388485815383,0.915258385926176,25,0.00407978137881831,3,539193613
176,-1.04300925055522,0.620855312248699,0.352392647026899,0.104364750214279,1.18987088479262,0.647607352973101,-0.189870884792616,0.895635249785721,19,0.0929659885775206,3,699019529
351,-0.940508568011276,0.52476340548142,0.390429225044851,0.139592761298702,1.09199773935943,0.609570774955149,-0.0919977393594271,0.860407238701298,31,0.0730925153387208,4,309995079
376,-1.0085579854943,0.476718328037882,0.364744567484939,0.143286559796693,0.928479263502046,0.635255432515061,0.0715207364979542,0.856713440203307,31,0.0343765758987421,3,306188705
401,0.133480378390901,0.512091924572672,1.14279884236295,0.418867201616734,3.11790751117604,-0.142798842362951,-2.11790751117604,0.581132798383266,30,0.794356978353521,3,139081220
101,-0.664584867690729,0.489084422832027,0.51448706358354,0.197271816546532,1.34178791085638,0.48551293641646,-0.341787910856379,0.802728183453468,32,0.17419898606753,3,652566823
451,-0.220396535674378,0.49542155095265,0.802200633715633,0.303794153763661,2.11829572347334,0.197799366284367,-1.11829572347334,0.696205846236339,28,0.656416110371587,3,281662627
601,-0.276197833345374,0.581872833847518,0.758662827108879,0.242525691164742,2.37323016160736,0.241337172891121,-1.37323016160736,0.757474308835258,28,0.635021891300297,3,478906897
551,-0.889664589274232,0.460347971343454,0.410793514198459,0.166638241718305,1.01268058020431,0.589206485801541,-0.0126805802043124,0.833361758281695,32,0.0532865369312192,3,112252471
526,-0.219259496513602,0.554458583482061,0.803113286013341,0.270907362846066,2.3808542647017,0.196886713986659,-1.3808542647017,0.729092637153934,26,0.692512345827252,4,562093534
26,-0.752709049764828,0.449564085590329,0.471088620015631,0.195178946617215,1.13703087220503,0.528911379984369,-0.137030872205028,0.804821053382785,31,0.0940699499043718,3,244823588
701,-0.811331507128194,0.450373724648371,0.444266128708695,0.183774137858333,1.073994390168,0.555733871291305,-0.0739943901680031,0.816225862141667,27,0.071629966915395,2,51507340
751,-0.465917002587231,0.521926118297387,0.627559367689784,0.22562670411914,1.74549710998413,0.372440632310216,-0.745497109984126,0.77437329588086,27,0.372024463226413,3,746852278
726,-0.837258628717799,0.498796792076415,0.432895625921019,0.16285706303391,1.15069386276806,0.567104374078981,-0.150693862768058,0.83714293696609,26,0.0932384981641664,4,678429541
276,-0.107804530847819,0.43031674864198,0.897803072085164,0.386273403843607,2.08673532328389,0.102196927914836,-1.08673532328389,0.613726596156393,32,0.802182402686181,3,121955540
201,-0.950728774614551,0.457353702376585,0.386459279090742,0.157689785399184,0.947117620949652,0.613540720909258,0.0528823790503481,0.842310214600816,24,0.0376393764516074,2,291177558
251,-0.978390788803944,0.520903042798312,0.375915539879874,0.135424364223399,1.0434790957561,0.624084460120126,-0.0434790957561029,0.864575635776601,28,0.0603457527927383,3,362625229
826,-1.12171121556737,0.471223874850301,0.325721937002612,0.129342282099531,0.82026371054047,0.674278062997388,0.17973628945953,0.870657717900469,33,0.0172928677339395,4,806811425
776,0.557280326628038,0.550420461186889,1.74591771158093,0.593615216226835,5.13502446077324,-0.74591771158093,-4.13502446077324,0.406384783773165,24,0.311316750551032,3,876165734
301,-0.687676980041147,0.510217688789324,0.502742594691946,0.184947130774573,1.36660739455137,0.497257405308054,-0.366607394551371,0.815052869225427,38,0.177719200033524,4,754707069
951,-1.24974677212693,0.517489124316877,0.286577357047267,0.103933207870015,0.790186151811163,0.713422642952733,0.209813848188837,0.896066792129985,31,0.0157343300806363,3,460166965
976,-1.21998887152708,0.49638092036956,0.295233452403212,0.111595160121277,0.781062470121418,0.704766547596787,0.218937529878582,0.888404839878723,34,0.0139803667779599,3,893730458
476,-1.2314267525477,0.540700843208247,0.291875845858267,0.101146943669664,0.842254904643541,0.708124154141733,0.157745095356459,0.898853056330336,30,0.0227585268182878,5,481970796
576,-0.933719789994786,0.537190870083744,0.393088779733687,0.137161728666458,1.126544483325,0.606911220266313,-0.126544483325002,0.862838271333542,32,0.0821839015823138,3,570092073
326,-0.468496137721824,0.566867960425651,0.625942892725278,0.206070502387415,1.90131290220611,0.374057107274722,-0.901312902206115,0.793929497612585,21,0.408540755726565,3,324996397
626,-0.819647389429195,0.331271210359332,0.440586982746676,0.230172320539156,0.843354617580078,0.559413017253324,0.156645382419922,0.769827679460844,47,0.0133516684346756,4,150778261
501,-0.959825490023035,0.420884764997932,0.382959710434421,0.167839943483844,0.873797600093523,0.617040289565579,0.126202399906477,0.832160056516156,35,0.0225783627829759,3,193112913
426,-0.487762740473764,0.549473489213923,0.613998532763549,0.209148450476411,1.80251968100672,0.386001467236451,-0.802519681006723,0.790851549523589,28,0.374706920496699,3,909279090
801,-0.187464170793583,0.465476829697975,0.829058822167934,0.332943659955216,2.06442895085293,0.170941177832066,-1.06442895085293,0.667056340044784,26,0.687142614440951,2,11902930
926,-0.155825958582291,0.580460881822116,0.855708106063818,0.274306720336477,2.66940730393019,0.144291893936182,-1.66940730393019,0.725693279663523,27,0.788351319607173,3,369211490
676,-1.26122861954981,0.552885365984345,0.283305737618507,0.0958602358918381,0.837282948668395,0.716694262381493,0.162717051331605,0.904139764108162,41,0.0225380565943984,4,237123618
651,-0.272347385335346,0.448757472898256,0.761589650055522,0.31603703591218,1.83528741622822,0.238410349944478,-0.835287416228224,0.68396296408782,26,0.543922491311864,5,575510690
876,-0.507962087662013,0.407529629603955,0.601720583963828,0.270710448691934,1.33747205885577,0.398279416036172,-0.337472058855767,0.729289551308066,33,0.212602133053917,3,219706831
901,-1.06400294654101,0.557558787328247,0.345071738273857,0.115694973616899,1.02921069803458,0.654928261726143,-0.0292106980345797,0.884305026383101,23,0.0563493225021131,3,330362155
851,0.0550277734620346,0.535492286315008,1.05656995887364,0.3699017601472,3.01793664769262,-0.056569958873637,-2.01793664769262,0.6300982398528,29,0.91815258379842,4,114175799
2,-0.872937291043338,0.537793261306253,0.417722772135901,0.145585357582352,1.19855675913149,0.582277227864099,-0.198556759131486,0.854414642417648,28,0.104550127185452,3,903183583
352,0.171408803592748,0.523594655244153,1.18697588985958,0.425360657863389,3.31227568197063,-0.186975889859577,-2.31227568197063,0.574639342136611,34,0.743388600961649,3,879512000
452,-0.7119911760956,0.420099062624439,0.490666221271967,0.215375942344254,1.11782837988699,0.509333778728033,-0.11782837988699,0.784624057655746,37,0.0901100769008284,3,730980692
127,-0.311562099553655,0.514374942711977,0.732302133457704,0.267210521340917,2.00690606034377,0.267697866542296,-1.00690606034377,0.732789478659083,32,0.544707273977664,3,978852320
227,-0.484508677620898,0.429070715242796,0.615999776901915,0.265677575839412,1.42825650205635,0.384000223098085,-0.428256502056351,0.734322424160588,40,0.258811482334052,3,571144758
177,-0.0118121072478941,0.524268622855032,0.988257381817717,0.353681062171949,2.7613936881992,0.0117426181822826,-1.7613936881992,0.646318937828051,36,0.982024671556886,3,528569070
152,-0.669052265845346,0.579397187127212,0.512193771363886,0.164532051574394,1.59447631579153,0.487806228636114,-0.594476315791526,0.835467948425606,21,0.248197509300361,3,738650810
252,-1.12024532995799,0.440506674634765,0.326199758232795,0.137569979820904,0.773470217918614,0.673800241767206,0.226529782081386,0.862430020179096,29,0.0109878914593075,2,159337956
102,-1.10595857541566,0.468754397474001,0.330893543753602,0.132033406078822,0.829263900322714,0.669106456246398,0.170736099677286,0.867966593921178,33,0.0183066763386399,4,586797856
77,-0.652535141310696,0.468220329572897,0.520723993108365,0.20799731165435,1.30363933476853,0.479276006891635,-0.303639334768535,0.79200268834565,32,0.163423399934743,3,560866235
52,0.0647928968424931,0.610716179479803,1.06693803526524,0.322326968113245,3.53168330208011,-0.0669380352652427,-2.53168330208011,0.677673031886755,29,0.915508324374143,3,736457589
477,-0.641899103777029,0.439563115717051,0.526291991272456,0.222366806406397,1.2456142378162,0.473708008727544,-0.2456142378162,0.777633193593603,44,0.144204463570233,3,31376496
402,-0.787350759483768,0.607734837662415,0.455048733358714,0.13827799640318,1.49748589882379,0.544951266641286,-0.497485898823791,0.861722003596819,28,0.1951306267713,3,246253327
377,-0.563478673373004,0.479851829143294,0.569225466232411,0.222245872451021,1.45792418025182,0.430774533767589,-0.457924180251823,0.777754127548979,33,0.240284337216,4,874107076
552,-0.205451413367384,0.409262698451053,0.814279656712578,0.365097235390544,1.81609526192848,0.185720343287422,-0.81609526192848,0.634902764609456,34,0.615664876244089,3,575070357
277,-0.988722527515112,0.565195969084248,0.372051673344681,0.122887463768057,1.12641634381715,0.627948326655319,-0.126416343817151,0.877112536231943,27,0.0802314675302435,4,638748206
427,-0.0231270170418657,0.466331543379139,0.977138362666377,0.391754446711342,2.43723941823654,0.0228616373336233,-1.43723941823654,0.608245553288658,24,0.960446320279142,4,798634946
327,-0.86424035959488,0.509176226910803,0.421371521914748,0.155329373533359,1.14308038101125,0.578628478085252,-0.143080381011254,0.844670626466641,35,0.0896341866925816,3,859242117
202,-1.59301377402388,0.617290091111388,0.203311951204329,0.0606351742808682,0.681712388770255,0.796688048795671,0.318287611229745,0.939364825719132,23,0.00986126073424288,3,182818967
527,-0.826361211692068,0.471285920472246,0.437638867687388,0.173762710676811,1.10223751554457,0.562361132312612,-0.102237515544574,0.826237289323189,36,0.0795302851325776,3,5300995
702,-1.24949546186964,0.503453113839735,0.286649385927018,0.106858961278023,0.768937574066011,0.713350614072982,0.231062425933989,0.893141038721977,38,0.013070202602823,4,832943392
602,-0.0553189147860832,0.516816767407697,0.94618334797179,0.343605471310213,2.60549671856315,0.0538166520282104,-1.60549671856315,0.656394528689787,30,0.914759014963801,3,390199590
27,-0.793706241711066,0.453744902803041,0.452165849982145,0.18581013440828,1.10033802268734,0.547834150017855,-0.10033802268734,0.81418986559172,39,0.0802504914615025,4,250174486
977,-0.970404084561265,0.589121433317717,0.378929887445256,0.11942569784071,1.2023196196081,0.621070112554744,-0.202319619608103,0.88057430215929,22,0.0995158069412241,3,871007214
577,-1.45120080640366,0.545925370743381,0.234288783639747,0.0803635252879476,0.683036662997464,0.765711216360253,0.316963337002536,0.919636474712052,27,0.00785498697754096,3,562202709
952,-0.283850025995793,0.551596007239823,0.752879548600249,0.25539131684943,2.21944748041178,0.247120451399751,-1.21944748041178,0.74460868315057,31,0.606834186169769,3,1907714
727,-0.665901095352747,0.411958787565625,0.513810326946143,0.229162142047729,1.15202733626708,0.486189673053857,-0.152027336267075,0.770837857952271,33,0.106002135745174,3,358097644
827,0.801373032945894,0.617208921957236,2.22859876828672,0.66475666337567,7.47138425779468,-1.22859876828672,-6.47138425779468,0.33524333662433,25,0.194156057672835,3,856057584
302,-0.226750270951062,0.425001038713568,0.797119821411071,0.346546940114373,1.83351787632784,0.202880178588929,-0.833517876327843,0.653453059885627,38,0.593667618087849,4,903193640
777,-0.885089150325947,0.495036187759822,0.412677381316011,0.156399405914434,1.0888955751086,0.587322618683989,-0.0888955751085987,0.843600594085566,29,0.0737875957194845,3,574478804
752,-1.14680755647155,0.481094823269039,0.317649229635533,0.123719783235047,0.815561023869176,0.682350770364467,0.184438976130824,0.876280216764953,32,0.0171374556439716,4,781235607
927,-0.5403617604694,0.543274651825919,0.582537475220389,0.200857312361582,1.689507372404,0.417462524779611,-0.689507372403996,0.799142687638418,24,0.319912226850122,3,121864838
502,-0.254350837938446,0.577486959232834,0.775419707667083,0.250022471395751,2.40488672750845,0.224580292332917,-1.40488672750845,0.749977528604248,24,0.659615347708389,3,597745201
802,-0.527445872726321,0.511506998322437,0.590110263222158,0.216539745310327,1.60815799548055,0.409889736777842,-0.608157995480551,0.783460254689673,30,0.302465504977102,3,561881006
677,-1.43015677931965,0.457419855146188,0.239271406494664,0.0976189913273724,0.586472009057539,0.760728593505336,0.413527990942461,0.902381008672628,34,0.00176856314032847,3,305553902
627,-0.729702959949016,0.446630195072428,0.482052157623382,0.200873071252785,1.15682147547259,0.517947842376618,-0.156821475472594,0.799126928747215,36,0.10230153556371,4,428683750
652,-0.840678984096544,0.490639894747358,0.431417498340306,0.164916580248325,1.12857699082745,0.568582501659694,-0.128576990827448,0.835083419751675,32,0.0866327607156776,3,758722640
902,-0.67353496207379,0.497020989254986,0.509902900751457,0.192496328035973,1.35068014464235,0.490097099248543,-0.350680144642354,0.807503671964027,36,0.175371714069005,4,197619614
877,-0.0556751050332062,0.48172824484635,0.945846386705973,0.367936424493,2.4314673070966,0.0541536132940273,-1.4314673070966,0.632063575507001,32,0.907990425029162,3,818831329
128,-0.977551029336508,0.512956318482419,0.376231351097615,0.137665707888428,1.02821560808344,0.623768648902385,-0.0282156080834424,0.862334292111572,29,0.0566865647825044,3,121064943
453,-0.518220871560151,0.526134767183063,0.595579217860768,0.212369825065511,1.67026838505999,0.404420782139232,-0.670268385059991,0.787630174934489,35,0.324644493081048,3,864005716
228,-1.47864729891265,0.554157370832129,0.227945822492097,0.0769364296165108,0.675353642618841,0.772054177507903,0.324646357381159,0.923063570383489,32,0.00762405805274808,4,984835185
3,-0.61611513437324,0.564326619909964,0.540038344088608,0.178677104975803,1.63222598175329,0.459961655911392,-0.632225981753289,0.821322895024197,37,0.27493400540811,3,273270931
353,-0.475583428879157,0.407523400622929,0.621522336584478,0.279622551114941,1.38146946064676,0.378477663415522,-0.381469460646759,0.720377448885059,39,0.243206781929071,3,983020262
403,-0.866044221609515,0.456044594342273,0.420612110974514,0.172066336041088,1.02817641131261,0.579387889025486,-0.0281764113126142,0.827933663958912,33,0.057559996711179,3,815056139
178,-0.897689996295081,0.46940078655908,0.40750992274831,0.162399061166512,1.02256956379855,0.59249007725169,-0.022569563798545,0.837600938833488,39,0.0558227422474441,3,864023589
278,-0.856822686486423,0.435017996098702,0.424508739162916,0.180966691146423,0.995805739078685,0.575491260837084,0.00419426092131481,0.819033308853577,39,0.0488812678053034,3,110278020
852,-0.431886518349961,0.515761188613163,0.649283054216879,0.236274769737292,1.78422979720573,0.350716945783121,-0.784229797205729,0.763725230262708,36,0.40238073177931,3,506209641
953,-0.896564883221385,0.583344681517346,0.40796867551603,0.130041785978771,1.27988429987784,0.59203132448397,-0.27988429987784,0.869958214021229,24,0.12430837732943,3,837275417
253,-2.00316334341794,0.557322710409879,0.134907847678337,0.0452525714155613,0.40218990426128,0.865092152321663,0.59781009573872,0.954747428584439,28,0.000325313470306598,3,814863280
78,-0.704217865545156,0.517338373295377,0.494495184767493,0.17939190643188,1.36307982127995,0.505504815232507,-0.363079821279951,0.820608093568119,31,0.173440190968317,3,802342371
378,-0.687352112907662,0.517583211789176,0.502905945769826,0.182355615501911,1.38692954200795,0.497094054230174,-0.386929542007948,0.817644384498089,34,0.184177080805679,3,786374065
478,-0.531314096275132,0.458944271507483,0.587831994073593,0.239110775326636,1.44513124841197,0.412168005926407,-0.445131248411974,0.760889224673364,41,0.246991542438352,4,531496204
153,-0.672742161924325,0.51996779864236,0.510307312134906,0.18417657765521,1.41393415022546,0.489692687865094,-0.413934150225459,0.81582342234479,27,0.195729313894156,3,200410341
103,-0.36537453815348,0.476839120728217,0.693936696430675,0.272542138210037,1.76687591069682,0.306063303569325,-0.766875910696824,0.727457861789963,32,0.443531852144611,3,259538152
503,-0.417265874409465,0.467650569432835,0.658845726436973,0.263462523256232,1.64758799801708,0.341154273563027,-0.647587998017076,0.736537476743768,32,0.372253614847065,3,552022711
753,-0.141196586194464,0.438524393965374,0.868318595469725,0.367626204855829,2.05093427312724,0.131681404530275,-1.05093427312724,0.632373795144171,30,0.747466979118035,3,451318922
303,-1.07946635728945,0.602727164893331,0.339776796684416,0.104268091584125,1.10722532474835,0.660223203315584,-0.107225324748348,0.895731908415875,18,0.0732980862030195,2,685216325
328,-0.780755670580259,0.475170175332147,0.458059738219336,0.180491408485766,1.16248593513587,0.541940261780664,-0.162485935135872,0.819508591514234,36,0.100360696996015,3,367632600
578,-0.305166986440655,0.428523778326535,0.73700029505959,0.318205410909331,1.70697736837886,0.26299970494041,-0.706977368378857,0.681794589090669,32,0.476380885702573,3,320832554
553,-1.02931586058803,0.571068028244252,0.357251286668248,0.116648676245304,1.09412713400815,0.642748713331752,-0.094127134008146,0.883351323754696,21,0.0714762056299592,3,608319165
53,-2.00798490394188,0.590049922776581,0.134258946939801,0.0422368801809398,0.426770745286216,0.865741053060199,0.573229254713784,0.95776311981906,45,0.000666316718807445,4,145574939
203,1.05251147221074,0.609339341037901,2.86483704929037,0.867819365199949,9.45737286825328,-1.86483704929037,-8.45737286825328,0.132180634800051,30,0.084113908654876,3,491913649
703,-0.648437062943323,0.680514199843935,0.52286233940258,0.137763010460458,1.98445885475193,0.47713766059742,-0.984458854751934,0.862236989539542,21,0.340659294687208,4,938297771
28,-0.715949651008265,0.527368480082086,0.488727770530101,0.173848181882293,1.37392770577862,0.511272229469899,-0.373927705778624,0.826151818117707,31,0.17459413320985,3,615005263
528,-1.2283909224523,0.591924415340894,0.292763277699823,0.0917634271229602,0.934035916669663,0.707236722300177,0.0659640833303373,0.90823657287704,23,0.0379634053140107,3,437643909
603,-1.61835090333831,0.55708852903533,0.198225322410323,0.0665218804278708,0.590682016081638,0.801774677589677,0.409317983918362,0.933478119572129,27,0.0036723472067999,4,373378296
978,-0.568176854464955,0.434194434866491,0.566557414313077,0.241911745080483,1.32687771569887,0.433442585686923,-0.326877715698874,0.758088254919517,31,0.190677673367445,3,885358380
428,-0.734425863305397,0.566900595011955,0.479780839699679,0.15794149294589,1.45743623065403,0.520219160300321,-0.457436230654034,0.84205850705411,37,0.195144066017696,4,560948051
828,-0.578502294272021,0.49399680110312,0.560737557830008,0.212945666447876,1.47655791266419,0.439262442169992,-0.47655791266419,0.787054333552124,33,0.241572707622723,3,648359432
728,-1.14397603716824,0.476716539135592,0.318549934140239,0.125139860306714,0.810885199104755,0.681450065859761,0.189114800895245,0.874860139693286,35,0.0164085737478295,3,295413467
803,0.0721659972471793,0.548221399807594,1.07483374869952,0.367023939822943,3.14766275982103,-0.0748337486995243,-2.14766275982103,0.632976060177057,25,0.895271740387187,3,331892570
928,-1.05672207552055,0.621234831209339,0.347593329644455,0.102866837125979,1.17453910501157,0.652406670355545,-0.174539105011571,0.897133162874021,24,0.0889424952083079,3,29808795
778,-0.762443474266776,0.454957527545955,0.466525091110394,0.191255730609677,1.13798242772523,0.533474908889606,-0.137982427725225,0.808744269390323,36,0.0937663279302467,3,346877319
678,-1.12520760828043,0.513569280421083,0.324585073813835,0.118625370179397,0.888136070584261,0.675414926186165,0.111863929415739,0.881374629820603,24,0.0284549890780998,3,888160427
628,-2.00874972660392,0.580027062344618,0.134156301912225,0.043041871603702,0.41814894827241,0.865843698087775,0.58185105172759,0.956958128396298,31,0.000533791454437969,4,243570744
653,-0.411923991562702,0.483258335044899,0.662374620198595,0.256893693538678,1.70786651645529,0.337625379801405,-0.707866516455286,0.743106306461322,21,0.393998335188571,2,416697360
903,-1.25152279410212,0.529427391525984,0.286068841065004,0.101349391107457,0.807458051144158,0.713931158934996,0.192541948855842,0.898650608892543,27,0.0180828280143574,3,700168685
229,-0.281757301630186,0.465558730762179,0.754456767742819,0.302935415422834,1.87896490609541,0.245543232257181,-0.878964906095414,0.697064584577166,28,0.545044463659244,2,363310986
878,-0.603321773203082,0.461066171818435,0.546991632800315,0.221574840887206,1.35033312065364,0.453008367199685,-0.350333120653641,0.778425159112794,38,0.190691506925567,3,9443348
129,-0.251715184664857,0.47522134082581,0.77746614081746,0.306317878571284,1.97328867298528,0.22253385918254,-0.973288672985281,0.693682121428716,24,0.596333897409973,3,148791061
454,0.0305340976796407,0.428829815241698,1.03100504432915,0.44487724193574,2.38935890900368,-0.0310050443291472,-1.38935890900368,0.55512275806426,32,0.943235955629326,2,435234228
954,-1.02259165996769,0.484803440803942,0.359661610660854,0.139068460777183,0.930163988730815,0.640338389339147,0.0698360112691848,0.860931539222817,32,0.0349194488384547,4,4912648
354,-1.3563918358256,0.579588147451989,0.257588523899063,0.082714221177868,0.802181858205685,0.742411476100937,0.197818141794315,0.917285778822132,29,0.0192698850735892,3,776224651
4,-1.06599496653709,0.594926635162388,0.344385032663865,0.107310396204718,1.10521491782245,0.655614967336135,-0.105214917822448,0.892689603795282,29,0.073163548528674,3,660439597
279,-0.14016583939762,0.540668416143553,0.869214073506922,0.301237447643963,2.50809821784001,0.130785926493078,-1.50809821784001,0.698762552356037,34,0.79544584749633,3,333810811
104,0.00775580495207206,0.507386210166674,1.00778595911349,0.372803840957244,2.7243081422618,-0.00778595911348678,-1.7243081422618,0.627196159042756,32,0.987804169829339,3,688974769
404,-0.610459364673851,0.480615882250452,0.543101330198801,0.211728775490952,1.39309857235873,0.456898669801199,-0.393098572358728,0.788271224509048,24,0.204027423617351,3,497963872
179,-1.2395020935694,0.642145131032704,0.28952834007877,0.0822424716809007,1.01926240779842,0.71047165992123,-0.0192624077984176,0.917757528319099,24,0.0535755885180193,3,717551748
554,0.145270635481318,0.479905429649289,1.15635247793359,0.451433717219949,2.96200970866265,-0.156352477933593,-1.96200970866265,0.548566282780051,42,0.762113317410699,3,921391156
54,-1.13186268244412,0.584024570776698,0.322432108094678,0.102639769206198,1.01288677024909,0.677567891905322,-0.0128867702490949,0.897360230793802,24,0.0526184046062031,4,226718118
479,-0.880753203671565,0.453597748596812,0.41447061329651,0.170369025833074,1.00831643807542,0.58552938670349,-0.0083164380754237,0.829630974166926,35,0.0521727730718058,3,357434164
979,0.224445273688019,0.612078540257527,1.25162821247765,0.377114425780597,4.15410569093803,-0.251628212477653,-3.15410569093803,0.622885574219403,27,0.713847592832911,3,196269133
29,-0.439162534719599,0.457272810434314,0.644576005135031,0.263052729559077,1.57944845161748,0.355423994864969,-0.579448451617475,0.736947270440923,34,0.33685643825714,4,222433072
529,-0.845910252945215,0.433612361645656,0.429166530263419,0.183457019510773,1.00396218792558,0.570833469736581,-0.00396218792558445,0.816542980489227,39,0.051075556831169,3,917527282
329,-0.771060321717931,0.505112279946981,0.462522385685906,0.17186221503775,1.24475852480775,0.537477614314094,-0.244758524807746,0.82813778496225,35,0.126882224402635,4,311374955
429,-0.549297064925269,0.541309151725556,0.57735551121253,0.199838946005769,1.66804015428434,0.42264448878747,-0.668040154284335,0.800161053994231,26,0.310221839519281,3,788141160
604,-0.463706192082105,0.56306392503035,0.62894831731895,0.20860949783265,1.89625108141374,0.37105168268105,-0.896251081413739,0.79139050216735,29,0.41020044786087,3,369320726
254,-0.829371492044433,0.426822810563654,0.43632343290964,0.189015013885612,1.00721172457372,0.563676567090361,-0.00721172457371777,0.810984986114388,38,0.0520006556995297,3,267015589
729,-0.550814448181868,0.455853771949115,0.576480105957314,0.235917898211353,1.40866511224524,0.423519894042686,-0.40866511224524,0.764082101788647,36,0.226926544534399,4,822559705
79,-1.28107643516451,0.537492609507374,0.277738172350827,0.09685477456833,0.796434586984222,0.722261827649173,0.203565413015778,0.90314522543167,32,0.017152109340857,3,753989461
829,-0.0138934271267508,0.537326383435822,0.986202641111595,0.344027464337882,2.82708722458351,0.0137973588884049,-1.82708722458351,0.655972535662118,30,0.979371725906131,3,800606615
379,-1.37363755809446,0.591764839385686,0.253184309838552,0.0793826593554883,0.807510043992899,0.746815690161448,0.192489956007101,0.920617340644512,24,0.0202730429033677,2,125459961
154,-0.853422901772625,0.479099072965184,0.42595443361764,0.166553311801654,1.08936398535621,0.57404556638236,-0.0893639853562065,0.833446688198346,35,0.0748621856787558,3,85736992
804,0.252812119068791,0.647178534262283,1.28764133085452,0.362172558550958,4.57798405146566,-0.287641330854519,-3.57798405146566,0.637827441449042,28,0.696065300550304,4,99699671
504,-0.731783779413348,0.534889416945352,0.481050136984546,0.168613229056477,1.37242632495544,0.518949863015454,-0.372426324955444,0.831386770943523,24,0.171279859209892,2,515642613
579,-1.00949344877346,0.431426427328719,0.364403521878475,0.156441411216921,0.848815705026532,0.635596478121525,0.151184294973468,0.843558588783079,38,0.0192890532699675,3,250211334
304,-0.373246754590252,0.506643415476432,0.688495322500545,0.255061751108954,1.85847469110585,0.311504677499455,-0.858474691105849,0.744938248891046,24,0.461301744917482,4,715488521
204,-1.51115611539194,0.659533571294029,0.220654728111196,0.0605783226635679,0.803728246294073,0.779345271888804,0.196271753705927,0.939421677336432,16,0.0219489743893129,2,610452414
679,-0.375012297897293,0.640139322414586,0.687280826629983,0.195995747793564,2.41002644175071,0.312719173370017,-1.41002644175071,0.804004252206436,25,0.557990308759095,3,373466219
779,-1.10170299399907,0.540506446551139,0.332304688660641,0.115201079206641,0.958553573163747,0.667695311339359,0.0414464268362533,0.884798920793359,25,0.0415220286995841,3,512890662
853,-0.400160285250329,0.499748314489052,0.670212612229517,0.251666876913556,1.78483935232288,0.329787387770483,-0.784839352322878,0.748333123086444,26,0.42329165862762,3,65694579
704,-0.925948160280828,0.521338156085591,0.396155621919448,0.142594239222792,1.10060040036526,0.603844378080552,-0.100600400365257,0.857405760777208,32,0.0757166065435963,3,292006905
929,-1.34018535983768,0.597971923562155,0.261797137407706,0.081090554352599,0.845200056924661,0.738202862592295,0.154799943075339,0.918909445647401,29,0.0250119659805876,4,97221323
754,-0.894361811263841,0.572428959638319,0.408868450635359,0.133146939031129,1.25555578777424,0.591131549364641,-0.255555787774244,0.866853060968871,27,0.118194278704824,4,968082448
629,-0.704261908175314,0.494701490276715,0.494473406378548,0.187522017796849,1.30386795368471,0.505526593621452,-0.303867953684707,0.812477982203151,31,0.154559446531273,3,487664453
654,-1.08977413724758,0.550425301330478,0.336292441065927,0.11433896055252,0.989099475555682,0.663707558934073,0.0109005244443182,0.88566103944748,33,0.0477174039122028,3,44725595
230,-1.24575720932916,0.566144407156939,0.287722959115814,0.0948574673787314,0.872725189592419,0.712277040884186,0.127274810407581,0.905142532621269,24,0.0277768931628922,3,99163124
455,-0.399460274274008,0.521135293100795,0.670681932660108,0.241504618988922,1.86254928241075,0.329318067339892,-0.862549282410751,0.758495381011078,32,0.443367356362107,3,407653261
879,-0.60835455350145,0.616037363101646,0.544245659822768,0.162713287673245,1.82040042624389,0.455754340177232,-0.82040042624389,0.837286712326755,23,0.323383538550573,3,723586729
355,-0.968926724796397,0.525271982489328,0.379490116943037,0.135546450056241,1.06246049821066,0.620509883056963,-0.0624604982106625,0.864453549943759,32,0.0650929684691948,3,100236841
130,0.317287921493949,0.490362031055273,1.37339794579275,0.525290414550645,3.59081731792364,-0.373397945792749,-2.59081731792364,0.474709585449355,25,0.517600680229905,4,403281123
280,-0.996548602729109,0.5645999640925,0.369151332909976,0.12207200566044,1.11633052846099,0.630848667090024,-0.116330528460989,0.87792799433956,27,0.077554935379629,3,191319880
180,-1.29778688255378,0.537369977062104,0.273135605807667,0.0952726322792823,0.783048157431293,0.726864394192333,0.216951842568707,0.904727367720718,25,0.0157321238554758,4,462990120
955,-1.21525752961709,0.568764782664707,0.29663361251596,0.0972941884908283,0.904385980695686,0.70336638748404,0.0956140193043143,0.902705811509172,27,0.0326255742106635,3,982795258
80,-1.21674278174513,0.513474426335873,0.296193363832802,0.108269242904483,0.810299457399809,0.703806636167198,0.189700542600191,0.891730757095517,23,0.0178060464094847,3,45082164
380,-1.45082756790987,0.654653830040914,0.234376245553527,0.0649637733759834,0.845582416554566,0.765623754446473,0.154417583445434,0.935036226624017,25,0.0266795071951687,3,323555085
255,0.430273443569326,0.5043342834952,1.53767793420917,0.57223611274793,4.13195423476414,-0.53767793420917,-3.13195423476414,0.42776388725207,26,0.393575412625848,4,187550603
155,0.0147871006680738,0.470800420349363,1.01489697072637,0.403344288796492,2.55368896944828,-0.0148969707263713,-1.55368896944828,0.596655711203508,30,0.974943820636525,3,829882846
904,-0.775332713882234,0.562663921749654,0.460550523952217,0.152875145088103,1.38745107970575,0.539449476047783,-0.387451079705752,0.847124854911897,28,0.168213258829155,3,72104760
105,-0.331900598692058,0.582655231365373,0.717558645577494,0.229034216955068,2.24809382933389,0.282441354422506,-1.24809382933389,0.770965783044932,28,0.568925533783011,3,303950168
5,-0.257457290998719,0.492037538887288,0.773014640291744,0.294689462594293,2.02773329200454,0.226985359708256,-1.02773329200454,0.705310537405707,34,0.600802201567135,3,778684743
480,-0.05948728234116,0.422891907446583,0.942247516697492,0.411337929143153,2.15839658786634,0.0577524833025084,-1.15839658786634,0.588662070856847,36,0.888132368886175,3,245055122
205,0.72476410936944,0.63424922901535,2.06424410668621,0.595507356533155,7.15541745243162,-1.06424410668621,-6.15541745243162,0.404492643466845,19,0.253158248454014,3,509606680
580,-1.07057601206432,0.47009699510035,0.342810997266966,0.136429239364739,0.861394378465948,0.657189002733034,0.138605621534052,0.863570760635261,38,0.0227652546284441,3,79439021
980,-1.06023191703992,0.489778076413716,0.346375470640495,0.132631681128766,0.904580004116402,0.653624529359505,0.0954199958835982,0.867368318871234,34,0.0304092096857918,3,886299242
405,-1.52928819329114,0.594658899914113,0.216689853725659,0.0675560118369909,0.695045362075937,0.783310146274341,0.304954637924063,0.932443988163009,19,0.0101198626274564,3,57546341
305,0.184509884954521,0.407320165356032,1.20262886915779,0.541277620879105,2.67204137237883,-0.202628869157794,-1.67204137237883,0.458722379120895,31,0.650559613703451,4,566472900
830,-0.694476534790965,0.55407744792635,0.499335764484456,0.168562550688388,1.47919098681776,0.500664235515544,-0.47919098681776,0.831437449311612,22,0.210062888343855,3,941127488
430,-0.154136398970927,0.522057129844227,0.857155097964259,0.30809423921286,2.38470821084879,0.142844902035741,-1.38470821084879,0.69190576078714,24,0.76780432621819,2,624500419
805,-0.901550549578044,0.528892914397011,0.405939741811936,0.143968376167102,1.14460604731052,0.594060258188064,-0.144606047310523,0.856031623832898,32,0.088269161573519,3,715538267
530,-1.41733966030101,0.540975633754846,0.242357914405282,0.0839417293582943,0.699739678035048,0.757642085594718,0.300260321964952,0.916058270641706,32,0.00879376316546386,4,268560536
555,-0.493240656003754,0.592369741126261,0.610644296165608,0.191232748523548,1.94990899476443,0.389355703834392,-0.949908994764428,0.808767251476452,33,0.405038350298491,4,671911889
30,-1.10135423126193,0.477887608371245,0.332420604365785,0.130289454273627,0.84813816147269,0.667579395634215,0.15186183852731,0.869710545726373,28,0.0211872911383371,2,557996531
55,-1.0613259361121,0.497211027460465,0.345996736478452,0.130570542507912,0.91685107034372,0.654003263521548,0.0831489296562797,0.869429457492088,37,0.0327971049760416,4,188153573
605,-0.936737685381062,0.689186750533401,0.391904267185424,0.101518026523912,1.51292297434453,0.608095732814576,-0.512922974344532,0.898481973476088,22,0.174085494781327,3,436040131
330,-0.547342780158174,0.535990633512906,0.5784849315383,0.202328003679782,1.65397181769511,0.4215150684617,-0.653971817695114,0.797671996320218,31,0.307169285404418,4,981636121
505,-2.16346828351038,0.662477592557069,0.114925833643629,0.0313700863081651,0.421036369136329,0.885074166356371,0.578963630863671,0.968629913691835,28,0.00109185013397276,3,50114099
680,-0.53923719349555,0.483715580231733,0.583192946117435,0.225981462025365,1.50505271252275,0.416807053882565,-0.505052712522751,0.774018537974635,32,0.264944054197903,3,541384125
705,-0.77236527257551,0.483280855934462,0.46191921034474,0.179141668035901,1.19106492210818,0.53808078965526,-0.191064922108175,0.820858331964099,24,0.110005006990465,4,896309200
730,-1.00617051199755,0.485061618353002,0.365616425828102,0.141299459534116,0.946043044156444,0.634383574171898,0.0539569558435559,0.858700540465884,36,0.0380500807177712,3,264265021
780,-1.09525104122744,0.559620324282881,0.334455634255798,0.111683452990089,1.00158589558808,0.665544365744202,-0.00158589558807853,0.888316547009911,27,0.0503319097157115,3,694387453
930,-0.832219421949524,0.436686247366457,0.435082582123476,0.184868828720273,1.02395225078024,0.564917417876524,-0.0239522507802443,0.815131171279727,34,0.0566812797058906,3,131015100
755,-0.345950993140487,0.428047409237582,0.707547160921182,0.305774156883744,1.63723118405314,0.292452839078818,-0.637231184053143,0.694225843116256,34,0.418971320271129,4,783150831
630,-0.462333109119197,0.657702837675081,0.629812508705469,0.173529618301676,2.28585644343601,0.370187491294531,-1.28585644343601,0.826470381698324,23,0.482086057554214,3,931745855
655,0.0153239501179552,0.371222612128533,1.01544196388334,0.490534826773551,2.10203705371415,-0.015441963883341,-1.10203705371415,0.509465173226449,38,0.967072933387141,3,791029653
854,-0.309593754063841,0.536857680049775,0.733744976600328,0.25619523926778,2.10145080066648,0.266255023399672,-1.10145080066648,0.74380476073222,27,0.564157322943886,3,194452340
880,0.164744410565998,0.503897426923025,1.17909171681093,0.439166617975908,3.16567156916376,-0.179091716810925,-2.16567156916376,0.560833382024092,37,0.743712987539025,3,678732265
231,-1.56082404439594,0.510863957896772,0.209962981075676,0.0771426477470277,0.571466688137929,0.790037018924324,0.428533311862071,0.922857352252972,19,0.00224862809038919,2,472701401
356,-0.919509220861142,0.501110091069533,0.398714673918646,0.149319503256301,1.06465255864923,0.601285326081354,-0.064652558649227,0.850680496743699,31,0.0665139086962268,3,298078042
131,-0.660816359817771,0.45188065063562,0.51642957000967,0.212995091023971,1.25213919014856,0.48357042999033,-0.252139190148558,0.787004908976029,38,0.143640056221614,3,589271582
281,-0.953366822699077,0.417029865871933,0.385441124490655,0.170208633198187,0.872839747650374,0.614558875509345,0.127160252349626,0.829791366801813,29,0.0222491318171388,2,979937220
181,-0.90255068118764,0.475718749266753,0.405533951600193,0.159622712288216,1.03029063685825,0.594466048399807,-0.0302906368582507,0.840377287711784,36,0.057796812976059,3,990086461
456,-0.00253900909260024,0.652278445663755,0.997464211464735,0.277764604472579,3.58193534068947,0.00253578853526548,-2.58193534068947,0.722235395527421,27,0.996894223544593,4,851642675
81,-0.58055765059714,0.443939252613258,0.559586225947739,0.234414913995482,1.33582261867719,0.440413774052261,-0.335822618677194,0.765585086004518,42,0.190961104275929,4,636377659
406,-1.18279235784808,0.452093706316112,0.306421903256047,0.126327221815967,0.743263260644194,0.693578096743953,0.256736739355806,0.873672778184033,29,0.00889001733271253,4,336003193
956,-0.289143616022645,0.417649357520003,0.748904642972846,0.330310778412248,1.6979711257448,0.251095357027154,-0.697971125744802,0.669689221587752,29,0.488741484881749,3,359306416
156,-0.308161872627421,0.554804278239712,0.734796364963492,0.247694715634682,2.17980305546721,0.265203635036508,-1.17980305546721,0.752305284365318,31,0.5785920328961,3,693293661
256,-0.581770714024243,0.473742247906888,0.558907823918267,0.220846263926024,1.4144588642065,0.441092176081733,-0.414458864206501,0.779153736073976,42,0.219434897146142,3,163324547
531,-1.91794540885479,0.616629562964896,0.146908489147868,0.0438703255049974,0.491952223633508,0.853091510852132,0.508047776366492,0.956129674495003,34,0.0018685382762646,4,268157538
481,-0.640199564471957,0.486909140491501,0.527187205708147,0.203005147406684,1.36906060468304,0.472812794291853,-0.369060604683039,0.796994852593316,34,0.188569238526543,4,870726266
106,-0.605053358310137,0.422037090322421,0.546045289808448,0.238775653666363,1.24872638371504,0.453954710191552,-0.24872638371504,0.761224346333637,36,0.151672245982824,4,97484682
905,-0.827733750168905,0.497798931267489,0.437038603539581,0.164737541846035,1.15943663383262,0.562961396460419,-0.159436633832624,0.835262458153965,30,0.0963550159696599,3,629168047
56,0.17619388775958,0.530653857479303,1.19266928020909,0.421528216315881,3.37453094928411,-0.19266928020909,-2.37453094928411,0.578471783684119,33,0.739865343268541,4,875970493
506,-0.971586030070094,0.473478896822032,0.378482277543994,0.149630311755294,0.957351707247385,0.621517722456006,0.0426482927526153,0.850369688244706,35,0.0401681571315469,4,68512097
581,-0.899979653996699,0.43525487785382,0.406577931892391,0.173242394877676,0.954186847963012,0.593422068107609,0.0458131520369878,0.826757605122324,43,0.038667562472628,3,135533717
381,-1.00789162177463,0.572389900630726,0.364987701030347,0.118866387341727,1.12072070904652,0.635012298969653,-0.120720709046516,0.881133612658273,21,0.0782641301586629,2,66281840
981,-0.00557331551934901,0.566201470574524,0.994442186590836,0.327814360194516,3.01669292914675,0.00555781340916439,-2.01669292914675,0.672185639805484,32,0.992146275085718,3,907647048
331,-1.45506071810472,0.659424607011589,0.233386192703643,0.0640872912997427,0.849920691607088,0.766613807296357,0.150079308392912,0.935912708700257,25,0.0273447337852374,3,540559898
706,-0.64505069944215,0.548261007014342,0.524635942682685,0.179133753249396,1.53652155086231,0.475364057317315,-0.536521550862314,0.820866246750604,26,0.239379380714403,4,348320122
206,-0.583963350482711,0.56555278179795,0.557683684783106,0.184072342264121,1.68961337943426,0.442316315216894,-0.689613379434264,0.815927657735878,26,0.30181302595611,3,824164075
831,-0.580433488749767,0.504529492886013,0.559655709520832,0.208192296504477,1.50444813981161,0.440344290479168,-0.504448139811607,0.791807703495523,38,0.249960588948508,3,539661313
6,-1.03115406703582,0.432956441323094,0.356595188256524,0.152630837658845,0.83312212812413,0.643404811743476,0.16687787187587,0.847369162341155,29,0.0172349068269441,2,114012114
431,0.433567071083185,0.628595748968162,1.54275082207638,0.450022382876411,5.28880382305559,-0.54275082207638,-4.28880382305559,0.549977617123589,27,0.4903582676253,3,962538662
806,0.695296004582782,0.689318746037219,2.00430226879949,0.519055787348621,7.73949098079632,-1.00430226879949,-6.73949098079632,0.480944212651379,25,0.313132321918909,3,320498261
606,0.0364769350735798,0.510220338924177,1.03715038194462,0.381541156478925,2.81930506447814,-0.0371503819446242,-1.81930506447814,0.618458843521075,36,0.943005781731009,3,64464054
31,-0.674346906332991,0.514252440832411,0.509489056050592,0.185952657111479,1.39594186104964,0.490510943949408,-0.395941861049641,0.814047342888521,32,0.189751384431134,4,391824692
756,0.242256770919036,0.493751774839482,1.2741213081168,0.484092669313428,3.35345939053292,-0.274121308116798,-2.35345939053292,0.515907330686572,33,0.623677651377396,3,97316849
631,0.431267581488515,0.522687039275223,1.53920735825432,0.552567218428316,4.28754948301662,-0.539207358254324,-3.28754948301662,0.447432781571684,35,0.409316443019885,4,582920163
931,-1.39045029545907,0.475078952566234,0.248963172401237,0.0981176576376488,0.631717702036792,0.751036827598763,0.368282297963208,0.901882342362351,31,0.00342494026452237,3,837787002
556,-1.49747970836451,0.639566640377482,0.223693222467262,0.0638634997821328,0.783525142663533,0.776306777532738,0.216474857336467,0.936136500217867,26,0.0192117024112042,3,758164972
731,-0.865486430826602,0.44545875096561,0.420846789978005,0.175771655311212,1.00762560562569,0.579153210021995,-0.00762560562569359,0.824228344688788,31,0.0520269876321944,4,411811591
681,-0.370951357016965,0.508551361752345,0.690077508170915,0.254693680119785,1.86972431769573,0.309922491829085,-0.86972431769573,0.745306319880215,24,0.465740190770466,3,451168382
306,-0.257653398400818,0.377588475541454,0.772863061262222,0.368721666297539,1.61996803025296,0.227136938737778,-0.619968030252961,0.631278333702461,41,0.495007782383304,3,157054343
781,-0.227361216940075,0.575819806593467,0.796632972987606,0.257703056823505,2.46261764013809,0.203367027012394,-1.46261764013809,0.742296943176495,27,0.692955173363876,3,386299995
656,-0.948880788629116,0.596590790671932,0.387174110718426,0.120250615458137,1.24659480069597,0.612825889281574,-0.246594800695965,0.879749384541863,20,0.111720961680035,3,653222108
232,-0.492534906491266,0.537492803539507,0.611075410191293,0.213098358390346,1.75230423998129,0.388924589808707,-0.752304239981293,0.786901641609654,27,0.359480057813827,3,555773869
132,-1.02778616374557,0.496483081636215,0.357798191025718,0.135216900067488,0.946771782501892,0.642201808974282,0.053228217498108,0.864783099932512,28,0.0384398625905465,2,794581477
357,-0.455729568530047,0.434903040010127,0.633985263484692,0.270326750747598,1.48685734284226,0.366014736515308,-0.486857342842256,0.729673249252402,30,0.294690326359266,2,966983262
881,0.202397900929834,0.513240866387338,1.22433507526757,0.447743071327354,3.34789407703532,-0.224335075267573,-2.34789407703532,0.552256928672646,27,0.69332068950414,3,611533821
855,-0.674464369482007,0.52268431043939,0.509429213376402,0.182883344120904,1.41903640645227,0.490570786623598,-0.419036406452266,0.817116655879096,32,0.196916768214555,4,661560359
182,-0.87383131968625,0.478943785358839,0.417349482903312,0.163238347829497,1.06703230702625,0.582650517096688,-0.0670323070262526,0.836761652170503,34,0.0680770261972117,4,875090267
82,-0.890322503895425,0.465930934125203,0.410523336026007,0.164716353501729,1.02314922495023,0.589476663973993,-0.0231492249502281,0.835283646498271,24,0.0560243074759688,2,958813018
282,-1.14315920134516,0.594632765075551,0.318810243438392,0.0993985249545953,1.02255009687191,0.681189756561608,-0.0225500968719119,0.900601475045405,26,0.0545475858628007,3,52125517
957,-0.941847579850699,0.499446965182402,0.389906785544456,0.146497686304066,1.0377454091532,0.610093214455544,-0.0377454091532043,0.853502313695934,29,0.0593244770735043,4,328930453
482,-1.23123423682362,0.597185678167549,0.291932041957217,0.0905641664365226,0.941037945521697,0.708067958042783,0.0589620544783028,0.909435833563477,29,0.0392336706753808,3,653474280
906,-0.302102734935049,0.422215628464765,0.739262112942982,0.323152748996166,1.69117692277285,0.260737887057018,-0.691176922772846,0.676847251003834,37,0.474289237645489,4,974709317
382,0.0866184061550255,0.439236797542334,1.09048047967453,0.461040264702073,2.57927076568818,-0.090480479674532,-1.57927076568818,0.538959735297927,30,0.843669409979333,3,413184880
982,-1.10113576244916,0.449414221109907,0.332493235834127,0.137797308852618,0.802278018315221,0.667506764165873,0.197721981684779,0.862202691147382,39,0.0142793617322136,3,884005000
532,-0.388744098757725,0.506533552467102,0.677907725248358,0.251193525612866,1.82950130912078,0.322092274751642,-0.829501309120781,0.748806474387134,26,0.442808232718256,3,944256339
407,-1.41786640046845,0.586762193628294,0.242230288372697,0.0766965028005158,0.765035046744338,0.757769711627303,0.234964953255662,0.923303497199484,29,0.0156737866324438,3,285474889
7,0.00197544603896777,0.474442459933251,1.00197739851795,0.395377336352714,2.53924192115347,-0.00197739851795475,-1.53924192115347,0.604622663647286,32,0.996677840888922,3,764501555
457,-0.936762248148252,0.418477495017564,0.391894641050371,0.172568146780623,0.889975424486879,0.608105358949629,0.110024575513121,0.827431853219377,32,0.0251884089581821,2,879881040
257,-0.626490032385724,0.461573474809126,0.534464465553434,0.216285189752278,1.32072041209335,0.465535534446566,-0.320720412093353,0.783714810247722,38,0.174688415496506,3,550509886
157,-0.593533916822469,0.555953556955841,0.552371795521049,0.185781715777238,1.64232846709735,0.447628204478951,-0.64232846709735,0.814218284222762,26,0.285702688718786,3,627439769
32,-0.886299627046574,0.540459397851011,0.412178147169414,0.142904231632537,1.1888439066022,0.587821852830587,-0.188843906602196,0.857095768367463,27,0.101025860633833,3,842647767
632,-1.09958823615152,0.5821582659999,0.333008176199483,0.106394917527561,1.04229081607191,0.666991823800517,-0.0422908160719146,0.893605082472439,28,0.058916859073534,3,927395246
557,-0.904290856041859,0.545761514339414,0.404828865279757,0.138905175639141,1.17984379926529,0.595171134720243,-0.179843799265285,0.861094824360859,28,0.0975328020217124,4,794134290
732,-0.850087918046199,0.452420172172793,0.427377356114815,0.176080295881497,1.03731881869743,0.572622643885185,-0.0373188186974336,0.823919704118503,26,0.0602473862394836,2,846227379
582,-1.43806488276025,0.472903054893133,0.237386685567977,0.0939551405766346,0.599780258313653,0.762613314432023,0.400219741686347,0.906044859423365,41,0.00235848993271106,3,869493677
107,-1.08129650083085,0.481527738116379,0.339155525055987,0.131984138684607,0.871517375666424,0.660844474944013,0.128482624333576,0.868015861315393,31,0.0247325947226694,3,335620299
832,-0.976180923570149,0.649960831249601,0.376747181131399,0.105390714531363,1.34678314993506,0.623252818868602,-0.346783149935056,0.894609285468637,19,0.133121048535777,3,54713495
507,-1.55838451546231,0.517179228383735,0.210475817127858,0.0763797877049971,0.579997286281295,0.789524182872142,0.420002713718705,0.923620212295003,27,0.00258475442363116,3,7875391
207,-0.745024172912633,0.49060243687383,0.474722824367856,0.181484091380864,1.24177143165044,0.525277175632144,-0.241771431650437,0.818515908619136,34,0.128865617742662,4,590740375
807,-0.233426464993022,0.484602433551877,0.791815819781301,0.306287896356101,2.04700316243315,0.208184180218699,-1.04700316243315,0.693712103643899,36,0.630028645821974,3,37739712
607,-0.245611733547096,0.532595884400023,0.78222587803954,0.275413827465679,2.22166522975677,0.21777412196046,-1.22166522975677,0.724586172534321,24,0.644684065839161,3,257643049
707,-0.600396588609069,0.431244080638535,0.548594026804162,0.23560008764275,1.27739938153825,0.451405973195838,-0.277399381538248,0.76439991235725,37,0.163848800323926,3,234997270
432,-0.336153518037544,0.403454039961578,0.714513406699881,0.324033327514927,1.57554598556024,0.285486593300119,-0.575545985560241,0.675966672485073,35,0.404738075589045,3,715464111
332,-1.12887235890403,0.457265482961215,0.323397727455197,0.131981141123222,0.792432079561589,0.676602272544803,0.207567920438411,0.868018858876778,32,0.0135587399224429,3,484290861
57,-0.986897515313025,0.423857629518549,0.372731292156022,0.162408062956207,0.855429303345361,0.627268707843978,0.144570696654639,0.837591937043793,42,0.0198924493950022,3,694515644
932,-1.79671772430471,0.872625793458578,0.165842336129889,0.029985754758859,0.917224884756101,0.834157663870111,0.0827751152438994,0.970014245241141,14,0.0394963006740172,3,174405620
682,-0.932249558443697,0.61701669612986,0.393667136314897,0.117469088016764,1.31927315373603,0.606332863685103,-0.319273153736034,0.882530911983236,23,0.130814330536919,3,460341667
757,-0.204312410462662,0.518004654238656,0.815207652001168,0.295353340024039,2.25006263964094,0.184792347998832,-1.25006263964094,0.704646659975961,34,0.693269534202496,4,683377280
657,0.858337306526559,0.631595783785136,2.35923474657147,0.684157118396572,8.13554144181809,-1.35923474657147,-7.13554144181809,0.315842881603428,29,0.174147272861635,4,615080272
307,-0.632363004153564,0.435555440916568,0.531334770138462,0.22626780992028,1.24771012747045,0.468665229861538,-0.247710127470448,0.77373219007972,31,0.146542144605907,3,65647184
782,-0.409932689568715,0.474635509042606,0.66369492222431,0.261792992344037,1.6825925928814,0.33630507777569,-0.682592592881401,0.738207007655963,38,0.387764290189094,3,998271343
233,-0.438678215370939,0.441562235112721,0.644888261375765,0.271410106705269,1.53229691667994,0.355111738624235,-0.53229691667994,0.728589893294731,30,0.320481645419614,2,415997424
133,-0.579259608840918,0.416913840449065,0.560313063866155,0.247487371930686,1.26855252084137,0.439686936133845,-0.268552520841372,0.752512628069314,30,0.164711500991421,2,457614549
358,-0.618218237392129,0.533515877559843,0.538903781286251,0.189400749199784,1.53334813463848,0.461096218713749,-0.533348134638478,0.810599250800216,19,0.246552972327964,3,940152871
283,-0.726663172940214,0.696363129766223,0.483519722922593,0.123500530491747,1.89303901387505,0.516480277077407,-0.893039013875051,0.876499469508254,20,0.296711298687648,3,105753904
882,-0.0192857701744473,0.566738228421795,0.980899010505284,0.323009906308768,2.97874105412268,0.0191009894947158,-1.97874105412268,0.676990093691232,26,0.972853694778326,3,137543577
183,-0.987648249348028,0.489760152978455,0.372451575098784,0.142621571414836,0.972645122455406,0.627548424901216,0.0273548775445938,0.857378428585164,31,0.0437377155552941,3,615601013
483,-0.525427007640546,0.483595201341979,0.591302819629528,0.229178022784805,1.52562196083757,0.408697180370472,-0.525621960837567,0.770821977215195,38,0.277257089873122,4,966250291
856,-1.69537217199847,0.525957122421179,0.183530911249504,0.0654656835201058,0.514522931296186,0.816469088750496,0.485477068703814,0.934534316479894,36,0.00126676852980141,3,734350456
408,-0.303337469421506,0.558808385512376,0.73834988381388,0.246946940977871,2.20760196003733,0.26165011618612,-1.20760196003733,0.753053059022129,26,0.587247455119718,3,175835188
158,-0.686533970222288,0.428539433659792,0.503317562948621,0.217304468944115,1.16577707952103,0.496682437051379,-0.165777079521034,0.782695531055886,36,0.109148489969116,3,663319510
958,-1.09533223047291,0.511264221322067,0.334428481157492,0.122776249390386,0.91094498785092,0.665571518842508,0.08905501214908,0.877223750609614,36,0.0321613452146371,4,725426733
258,-0.0696605472961036,0.463557479926406,0.932710377234292,0.375981058678573,2.31380977238073,0.0672896227657076,-1.31380977238073,0.624018941321427,27,0.880548597252723,3,769201080
907,-0.759809004902274,0.419428397368898,0.467755757535414,0.205589553228257,1.06423427295749,0.532244242464586,-0.0642342729574907,0.794410446771743,35,0.0700581562894926,3,297641904
108,0.464376840032855,0.549623096506992,1.59102241842538,0.541796594872963,4.67214515537086,-0.591022418425379,-3.67214515537086,0.458203405127037,29,0.39816638412513,4,795280400
83,-0.357479357381995,0.50956843750317,0.699437137007347,0.257634042081255,1.8988651681005,0.300562862992653,-0.898865168100504,0.742365957918745,30,0.482970101641746,3,329256990
583,-0.69137785553118,0.677354593803116,0.500885445603925,0.132792374549683,1.88931202163251,0.499114554396075,-0.889312021632513,0.867207625450317,21,0.307395180052166,3,236512999
383,-0.594969875269433,0.517003883084664,0.551579181791791,0.200231943681058,1.5194358512082,0.448420818208209,-0.519435851208204,0.799768056318942,34,0.249813086883752,4,994720648
833,-1.12309821271002,0.515783169254041,0.325270474767482,0.118361160308919,0.893881755462062,0.674729525232518,0.106118244537938,0.881638839691081,26,0.0294461196683535,2,746361994
983,-0.877658707854806,0.52634778731455,0.41575517738956,0.148186833279685,1.16644889225743,0.58424482261044,-0.166448892257429,0.851813166720315,33,0.0954249247977565,4,469095868
533,-0.428771154103835,0.550808367505219,0.651308961510641,0.221277940837276,1.91706123863482,0.348691038489359,-0.917061238634818,0.778722059162725,23,0.436309784664288,3,62837641
33,-0.0626057593712869,0.45406907267828,0.939313716332077,0.385750385528252,2.28725696924795,0.0606862836679227,-1.28725696924795,0.614249614471748,32,0.890337492639623,3,446995239
633,-0.0509857701617199,0.579517828692619,0.95029219294044,0.30519027549827,2.95899091309241,0.0497078070595598,-1.95899091309241,0.69480972450173,23,0.929892858007607,3,279772608
58,-0.374651096826894,0.477026187787086,0.687529118039088,0.269926590342567,1.75120312360372,0.312470881960912,-0.751203123603724,0.730073409657433,33,0.432225557409937,4,284910014
508,-0.682525086551661,0.489103030334721,0.505339354363451,0.193757207636302,1.3179786506204,0.494660645636549,-0.317978650620398,0.806242792363698,27,0.162876323643843,2,773564256
733,-0.675713504886396,0.463629459991221,0.50879326458571,0.205068635483835,1.26236069927032,0.49120673541429,-0.262360699270318,0.794931364516165,35,0.144994138408511,4,216775521
458,-0.786573656212058,0.408215327303086,0.455402490653367,0.204607658280664,1.01360540576056,0.544597509346633,-0.0136054057605597,0.795392341719336,40,0.0539971191194291,3,593844513
558,-1.28581292085821,0.494306416739413,0.276425779988268,0.10491175665337,0.728337931606525,0.723574220011732,0.271662068393475,0.895088243346631,33,0.00928856390416893,3,842081173
8,-1.26218844558251,0.519885090550226,0.283033943854558,0.102167209491223,0.784089276518282,0.716966056145443,0.215910723481718,0.897832790508777,32,0.0151897974590391,4,156236163
808,-1.20715557744404,0.639962098046139,0.299046685960477,0.0853104570048783,1.04827618469833,0.700953314039523,-0.0482761846983262,0.914689542995122,29,0.0592555764105614,3,416452624
208,-0.45747983584842,0.488550881816402,0.632876590317919,0.242920276717353,1.64882398449789,0.367123409682081,-0.648823984497892,0.757079723282647,28,0.349066445592254,3,64880598
608,-0.807929662193754,0.528045154708615,0.445780026751408,0.158360824916917,1.25485474298801,0.554219973248592,-0.254854742988007,0.841639175083083,30,0.126007084282772,3,108225631
708,-0.723237704465104,0.505636586967524,0.485178844502571,0.180095645705243,1.3070749724739,0.514821155497429,-0.307074972473902,0.819904354294757,25,0.152616357114378,3,491010740
933,-0.506883822715567,0.495924556230508,0.602369748099641,0.227893220247713,1.59219003106463,0.397630251900359,-0.592190031064634,0.772106779752287,34,0.306734208928875,3,540090427
683,-0.0988958915836584,0.536075294692289,0.905837008371139,0.316768466302637,2.59034838698508,0.0941629916288614,-1.59034838698508,0.683231533697363,32,0.853635860236656,3,953806326
333,-0.987669055825563,0.490371542719418,0.372443825774072,0.142447806207015,0.973791082157059,0.627556174225927,0.0262089178429413,0.857552193792986,31,0.0439965243249398,4,99790564
433,-0.681518117029865,0.469691932110265,0.505848471981401,0.201473506466635,1.27005620288985,0.494151528018599,-0.270056202889849,0.798526493533365,38,0.14678275124261,4,465882154
308,-0.501756781532203,0.499038985566567,0.605466053265215,0.227670648125989,1.61017304898123,0.394533946734785,-0.61017304898123,0.772329351874011,31,0.314682110688772,3,102121914
234,-1.55010887785751,0.55140208060301,0.212224865980081,0.0720181508325696,0.625389477785574,0.787775134019919,0.374610522214426,0.92798184916743,33,0.0049355050331042,3,845751350
134,-0.53190837826181,0.438489696428112,0.587482759890392,0.24874365996334,1.38751674402193,0.412517240109608,-0.38751674402193,0.75125634003666,30,0.225112054327917,4,992564154
658,-0.745161734748141,0.442862458463213,0.474657525116224,0.199257722655434,1.13069527819033,0.525342474883776,-0.130695278190332,0.800742277344565,30,0.0924519558817103,3,130837847
359,-0.515254816856082,0.603045241348312,0.597348360791906,0.183195430278651,1.94778365157922,0.402651639208094,-0.947783651579217,0.816804569721349,24,0.392871490031202,3,119036046
783,-0.16871719829601,0.508294402923836,0.844747765716692,0.311936411396887,2.28764184497656,0.155252234283308,-1.28764184497656,0.688063588603113,30,0.739943547141288,3,797165289
883,0.201768538726558,0.498306225334251,1.22356476747378,0.460752748949378,3.24927142294199,-0.223564767473785,-2.24927142294199,0.539247251050622,27,0.685544604198497,3,271508294
184,-1.23733174100279,0.46663850390038,0.290157401049883,0.116259978406072,0.72416422691874,0.709842598950117,0.27583577308126,0.883740021593928,24,0.00801149023036635,3,125514891
758,0.268276954759474,0.609492818936355,1.30770926617161,0.396013483449834,4.31829621035551,-0.307709266171614,-3.31829621035551,0.603986516550166,27,0.659818144094634,3,561017531
284,-1.78139065134849,0.607531000287446,0.168403793391726,0.051194174566728,0.553966107838266,0.831596206608274,0.446033892161734,0.948805825433272,31,0.00336590879793344,3,907783600
484,-1.20937478949797,0.635083255609491,0.298383773793706,0.0859392096098683,1.03599831633953,0.701616226206294,-0.0359983163395294,0.914060790390132,24,0.0568740457419824,3,311567225
84,-0.743441646545816,0.482230061934786,0.475474680513523,0.184778919139762,1.22349547698371,0.524525319486477,-0.22349547698371,0.815221080860238,33,0.123152783700932,3,776792050
409,-0.0517044172424035,0.484488743661201,0.949609513562339,0.367407054319555,2.45438463319159,0.0503904864376608,-1.45438463319159,0.632592945680445,32,0.915011478190692,3,164522884
834,-0.618736019681275,0.525649069003321,0.538624818679928,0.19224411861678,1.50910570053019,0.461375181320072,-0.509105700530193,0.80775588138322,28,0.239159770473694,4,909372295
959,-0.374281485661056,0.593581603648221,0.687783283446247,0.214879032077393,2.20145186068096,0.312216716553753,-1.20145186068096,0.785120967922607,21,0.52833633686626,3,733647252
34,-0.361541095833018,0.470061411378417,0.696601968049095,0.277247538057236,1.75025648664081,0.303398031950905,-0.750256486640806,0.722752461942764,28,0.441812651954901,3,929684873
534,-0.577553179468855,0.57328319938706,0.561270014788255,0.182470346661271,1.72643958464771,0.438729985211745,-0.726439584647715,0.817529653338729,31,0.31371939482946,4,810230304
259,-1.20361309469918,0.556027250960417,0.300107932299005,0.100922086462323,0.892418837004605,0.699892067700995,0.107581162995395,0.899077913537677,28,0.0304132988979429,3,254661139
908,-1.16894087366513,0.534669225413661,0.310695833204765,0.108949228470438,0.886026474221385,0.689304166795236,0.113973525778615,0.891050771529561,25,0.0287945466919479,3,354525810
159,-0.714965897981323,0.519537622544862,0.48920879451932,0.176710774235242,1.35433306582908,0.51079120548068,-0.354333065829084,0.823289225764758,30,0.168772696769719,4,767715516
634,-0.510534839935103,0.477092486922217,0.600174495667562,0.2356002110052,1.52890111478662,0.399825504332438,-0.528901114786617,0.7643997889948,25,0.284576025794186,2,425822958
584,-0.00592322318749565,0.545033517494977,0.994094284514571,0.341581393289305,2.8930833643727,0.00590571548542929,-1.8930833643727,0.658418606710695,33,0.991329055640066,3,599538996
109,-0.491929135259512,0.575717709239467,0.611445694237607,0.197836348923833,1.88977323447092,0.388554305762393,-0.889773234470921,0.802163651076167,19,0.392848834478472,3,447519811
384,-0.863539140729308,0.509460722218394,0.421667099195401,0.155351683277317,1.14452021885382,0.578332900804599,-0.144520218853817,0.844648316722683,36,0.0900742230753922,3,476224433
857,-1.43818009109547,0.5531777657395,0.23735933821848,0.0802676511612185,0.70189490566201,0.76264066178152,0.29810509433799,0.919732348838782,23,0.00932640865568091,3,238087405
459,-1.35271527688471,0.497927875751507,0.258537306348242,0.0974285509625125,0.68605699369914,0.741462693651758,0.31394300630086,0.902571449037487,26,0.00659384975938881,3,440518785
984,-0.21424853366517,0.52096582262845,0.807147756701961,0.290740900943817,2.24078380108928,0.192852243298039,-1.24078380108928,0.709259099056183,28,0.680887343947738,3,611065996
209,-1.03785241827516,0.588329105281493,0.354214570443567,0.111809776507608,1.12215555592299,0.645785429556433,-0.122155555922992,0.888190223492392,25,0.0777205684160734,4,337210563
809,0.0105349042733228,0.559804118666906,1.01059059175966,0.337340994628644,3.02748068101659,-0.0105905917596603,-2.02748068101659,0.662659005371356,34,0.984985567146547,4,687549389
709,-1.20584589187051,0.392397511299028,0.299438599676743,0.138770903528787,0.646125900288375,0.700561400323257,0.353874099711625,0.861229096471213,46,0.00211903395459813,3,219546722
734,-0.15888128960455,0.544534577625482,0.85309762451474,0.293420234496491,2.48031823095484,0.14690237548526,-1.48031823095484,0.706579765503509,28,0.770459063724452,4,795535480
59,-0.265070873512811,0.478995716977447,0.767151577321945,0.300026274187004,1.96156668005925,0.232848422678055,-0.961566680059251,0.699973725812996,37,0.579997194364108,3,319113500
684,-1.0002606313257,0.460998109567478,0.36778357275869,0.149001288858207,0.907809304387075,0.63221642724131,0.0921906956129251,0.850998711141793,34,0.0300241486440059,3,591660116
509,-0.268768192898456,0.526226200503556,0.764320410013482,0.272490209597516,2.1438777195924,0.235679589986518,-1.1438777195924,0.727509790402484,30,0.609528571906845,4,192030428
9,0.761557585743569,0.606341091361134,2.14160936420837,0.652562006180592,7.02843657066314,-1.14160936420837,-6.02843657066314,0.347437993819408,36,0.20912005113208,4,207879443
609,0.183460085187712,0.508491970213878,1.2013670121159,0.443451933579416,3.25465419927368,-0.201367012115898,-2.25465419927368,0.556548066420584,23,0.718254575694986,2,398186482
334,-0.272872691445385,0.43957178233735,0.761189687419611,0.321609387071974,1.80159461609339,0.238810312580389,-0.801594616093392,0.678390612928026,36,0.534751389648671,3,57979854
559,-0.472933526320887,0.461710708733522,0.623171494302814,0.252115015037385,1.5403394805899,0.376828505697186,-0.540339480589904,0.747884984962615,39,0.305690276936778,3,387550089
934,-0.636903264264126,0.554298615916018,0.528927840254813,0.178474670794901,1.56753145390653,0.471072159745187,-0.567531453906528,0.821525329205099,27,0.250545451135677,4,834712252
434,-0.817599543536015,0.585883141058872,0.441490161459655,0.140028486907547,1.39195650092515,0.558509838540345,-0.391956500925146,0.859971513092453,32,0.162865310143724,3,671369001
309,-0.553852669322331,0.428661282373973,0.574731289902538,0.248077682905881,1.33150250245749,0.425268710097462,-0.331502502457486,0.751922317094119,30,0.196339135416068,3,935029856
135,-0.785390937912972,0.568125544062686,0.455941422151762,0.149733752858706,1.38834816108521,0.544058577848238,-0.388348161085211,0.850266247141294,22,0.166841253672361,2,919796037
884,-0.974312510895441,0.53419592504026,0.377451758355321,0.132480835114527,1.07539954562003,0.622548241644679,-0.0753995456200296,0.867519164885473,33,0.068169296756083,3,772109969
360,-0.21592420558276,0.55539890205619,0.805796374425585,0.271311939809815,2.3932149742196,0.194203625574415,-1.3932149742196,0.728688060190185,25,0.697443931389039,3,635520899
659,-0.911802274634212,0.497001455966552,0.401799418180798,0.151691378229129,1.06428443287376,0.598200581819202,-0.0642844328737622,0.848308621770871,35,0.0665639632747313,4,762520847
235,-0.424965117239306,0.468628902527389,0.653792590822571,0.26094101632075,1.63808954928371,0.346207409177429,-0.638089549283708,0.73905898367925,27,0.364498542905211,3,168333317
784,-1.26926078717154,0.447345792386585,0.281039292862945,0.11694606552519,0.675380430955084,0.718960707137055,0.324619569044916,0.88305393447481,30,0.00454947476626241,3,222963237
185,-0.577205416531827,0.409407621155891,0.561465237640733,0.251671752752313,1.25259672423077,0.438534762359267,-0.252596724230771,0.748328247247687,33,0.158582477340849,3,31715998
485,-1.68330578223239,0.530308750512749,0.185758881505286,0.0656976689769547,0.525229625273294,0.814241118494714,0.474770374726706,0.934302331023045,24,0.00150250369096959,2,158842570
285,-1.19246792288158,0.503224853584256,0.303471395137993,0.113180599316352,0.81369853334656,0.696528604862007,0.18630146665344,0.886819400683648,35,0.0178048212460252,3,946235402
410,-1.57049403537971,0.572046421732221,0.207942426061072,0.0677666956407229,0.638072317785849,0.792057573938928,0.361927682214151,0.932233304359277,33,0.00604378952401337,3,990275208
759,-0.446748436387368,0.492835754593147,0.639704814489029,0.243487720793559,1.6806689402929,0.360295185510971,-0.680668940292898,0.756512279206441,33,0.364678967404504,3,663074851
35,-0.56655480102807,0.545844425931014,0.56747714643983,0.194681533500806,1.65413897220077,0.43252285356017,-0.654138972200768,0.805318466499194,29,0.299297104560279,3,200911105
960,-1.31488764577427,0.532302522302127,0.268504489158556,0.0945920903098812,0.762163733374711,0.731495510841444,0.237836266625289,0.905407909690119,28,0.0135041817979967,3,900187012
909,-1.38824986027231,0.572756374078145,0.249511602897591,0.0812006744851838,0.766693631244213,0.750488397102409,0.233306368755787,0.918799325514816,26,0.015358842908916,3,872281060
260,-0.0958123879801582,0.546707818296029,0.908634470826895,0.311193609502368,2.65306412588331,0.0913655291731049,-1.65306412588331,0.688806390497632,28,0.860880549383119,3,20498073
585,-0.430735057001699,0.485520988791682,0.650031109153413,0.250990871566746,1.68348928480791,0.349968890846587,-0.683489284807913,0.749009128433254,34,0.374992480037742,4,834527887
385,-0.8182444272083,0.536336882323884,0.441205543445674,0.154209162482978,1.26232662464968,0.558794456554326,-0.262326624649684,0.845790837517022,26,0.127105386541535,3,405193113
835,-0.631420561990755,0.3971824630123,0.531835758467587,0.244171633548986,1.15840349623597,0.468164241532413,-0.15840349623597,0.755828366451014,35,0.111891315152196,4,449389588
85,0.0569094401612676,0.503064657222736,1.05855994303697,0.394917194635956,2.83742811967299,-0.0585599430369694,-1.83742811967299,0.605082805364044,32,0.909931059813838,3,643363050
858,-0.604143254847346,0.601146573174197,0.546542473727629,0.16823913522999,1.77550054082226,0.453457526272371,-0.775500540822258,0.83176086477001,22,0.314904099971421,2,797213232
160,0.051563142859967,0.449819870512418,1.05291566829978,0.43601980913259,2.54261705851545,-0.0529156682997798,-1.54261705851545,0.56398019086741,35,0.908737886906787,3,931677018
535,0.153690936290705,0.569148964413556,1.1661304224842,0.382196449905095,3.55801358851148,-0.166130422484198,-2.55801358851148,0.617803550094905,29,0.787132251818102,3,892364521
110,-0.180501091176935,0.579980373252937,0.834851769725451,0.26787314917648,2.6018937678391,0.165148230274549,-1.6018937678391,0.73212685082352,30,0.755633904734696,4,822338365
635,-0.33062963191852,0.575821400448057,0.718471218576223,0.232417759682641,2.2210045076902,0.281528781423777,-1.2210045076902,0.767582240317359,26,0.565840713789719,3,396789816
985,0.276370238765233,0.640893049758359,1.31833587272754,0.375402289243683,4.62972529235723,-0.31833587272754,-3.62972529235723,0.624597710756317,17,0.666303492009546,4,218368994
460,0.428763130853931,0.467691264578283,1.53535731254627,0.613917390157955,3.83980339208635,-0.535357312546273,-2.83980339208635,0.386082609842045,28,0.359265630182215,3,108376713
810,-0.0354626539077353,0.551068040972584,0.965158778465731,0.327739508593245,2.84229225718886,0.0348412215342687,-1.84229225718886,0.672260491406755,24,0.948689482025565,2,750975295
610,-1.52858166350533,0.505605828959797,0.21684300565843,0.0804957509935049,0.584141256186004,0.78315699434157,0.415858743813996,0.919504249006495,36,0.00250061107312072,3,332772359
710,-1.14223594625672,0.425584345596025,0.319104722536637,0.138571902560112,0.734837453076114,0.680895277463363,0.265162546923886,0.861428097439888,28,0.00727636924424486,2,652968896
935,-1.01928463682793,0.46536469475399,0.360852988801551,0.144947643913755,0.898358027844117,0.639147011198449,0.101641972155883,0.855052356086245,35,0.0285030559407166,3,425282357
735,0.573124413477517,0.431077975040425,1.77380048871266,0.762027303837134,4.1289441440142,-0.773800488712658,-3.1289441440142,0.237972696162866,34,0.183678289014651,3,706360402
210,-0.453246877664482,0.544131098430478,0.635561208389781,0.218772208690292,1.84638648587088,0.364438791610219,-0.846386485870877,0.781227791309708,27,0.404859579414435,3,242986227
60,-1.17362831570905,0.680455979715683,0.309242872488289,0.0814881613319912,1.1735588657498,0.690757127511711,-0.1735588657498,0.918511838668009,27,0.0845693924102285,3,595013166
435,0.0906547700370722,0.560546574384044,1.09489095084199,0.364949486760789,3.28480032915198,-0.0948909508419948,-2.28480032915198,0.635050513239211,21,0.871521889291101,4,690024684
510,0.0660561633865832,0.508079073586607,1.06828671408087,0.394648208563829,2.89178179126871,-0.0682867140808672,-1.89178179126871,0.605351791436171,36,0.896557264527317,3,146645269
310,-0.868580622845531,0.463025722824262,0.419546621721704,0.169298074451385,1.0397009438441,0.580453378278296,-0.0397009438441018,0.830701925548615,36,0.060671780312816,4,554139043
335,-0.123708095201936,0.528183877829214,0.883637741336176,0.313821956011421,2.48808486135776,0.116362258663824,-1.48808486135776,0.686178043988579,29,0.814818793277611,3,35192272
10,-0.411765238442714,0.501757283990234,0.66247978258336,0.247785594749811,1.77120652544323,0.33752021741664,-0.771206525443231,0.752214405250189,36,0.411847789707717,3,323786344
685,-1.04260319819984,0.474898202380559,0.352535765946166,0.138985374447646,0.894205356248225,0.647464234053834,0.105794643751775,0.861014625552354,37,0.0281331537515779,4,594023720
136,-1.69706926727313,0.477771975061731,0.183219705954479,0.0718276965694177,0.467360952019431,0.816780294045521,0.532639047980568,0.928172303430582,33,0.000382244275960763,4,244095846
885,0.412155780324122,0.546338397345312,1.51006965714752,0.517550692641953,4.40596525491498,-0.510069657147519,-3.40596525491498,0.482449307358047,26,0.450611166490314,3,933403712
560,-1.09141679904873,0.477686281524521,0.335740479785942,0.131642586509369,0.856270548580206,0.664259520214058,0.143729451419794,0.868357413490631,31,0.0223246580008595,3,726805781
236,-1.21574376390213,0.598089580922438,0.296489414143397,0.0918151647137083,0.957423242371748,0.703510585856603,0.0425767576282517,0.908184835286292,28,0.0420816458488334,3,429052884
660,-0.182225804856692,0.564967189790851,0.833413130434688,0.275397120265768,2.52209407749309,0.166586869565312,-1.52209407749309,0.724602879734232,29,0.74704191377174,4,576036401
785,-0.816756801487744,0.440744105619669,0.441862380602947,0.186262301626808,1.04821191237767,0.558137619397053,-0.0482119123776747,0.813737698373192,42,0.0638635076943007,4,407426148
760,-1.25677823807996,0.492619123751867,0.28456936595196,0.108360247390058,0.747319482824758,0.71543063404804,0.252680517175242,0.891639752609942,31,0.0107347493062516,3,321464197
411,-0.81050746532867,0.528366850297869,0.444632373448626,0.157853567677744,1.2524135528071,0.555367626551374,-0.252413552807096,0.842146432322256,35,0.125033043875291,3,869785156
361,-0.504589806046211,0.457170069447473,0.603753180544748,0.246442475714872,1.47911962806135,0.396246819455252,-0.479119628061347,0.753557524285128,36,0.26971266471328,3,693362956
286,-0.272111103708662,0.389692413042244,0.761769620957974,0.354908880067443,1.63504772071125,0.238230379042026,-0.63504772071125,0.645091119932557,35,0.485007422412018,3,564407543
586,0.43412161475673,0.43754387548502,1.54360658204083,0.654784815779966,3.63893789638587,-0.543606582040826,-2.63893789638587,0.345215184220034,33,0.321110471126024,3,434319158
486,-1.47654498663694,0.595642185447722,0.228425539874106,0.0710776585147021,0.734101662282305,0.771574460125894,0.265898337717695,0.928922341485298,25,0.0131783551328959,3,116417806
186,-0.968174083926049,0.522558572589281,0.379775844226469,0.136371831883973,1.05762084343518,0.620224155773531,-0.0576208434351762,0.863628168116027,25,0.0639171876158635,3,258329237
36,-0.753219918283387,0.615109255230636,0.470848017133665,0.141025873548703,1.57203674517316,0.529151982866335,-0.57203674517316,0.858974126451297,27,0.220752244779156,3,980869425
261,-0.669925509954431,0.417741023545991,0.511746696401531,0.225669695984091,1.16047783968452,0.488253303598469,-0.160477839684523,0.774330304015909,29,0.108783241738242,3,430428395
161,-1.3619840772406,0.470006747008108,0.256152046994103,0.101959421440522,0.643529261467467,0.743847953005897,0.356470738532533,0.898040578559478,31,0.00375793903082006,3,669776217
910,-0.570172194544201,0.515552655331777,0.565428066688092,0.205843968608792,1.55316136178001,0.434571933311908,-0.55316136178001,0.794156031391208,28,0.268750902453119,3,865486582
961,-0.542569867958935,0.604661882936642,0.581252588963967,0.177695231037153,1.90131479728162,0.418747411036033,-0.901314797281618,0.822304768962847,20,0.369552892157414,2,171759441
536,-0.660004387208496,0.375807293578633,0.516849066962107,0.247443464890759,1.07957168372798,0.483150933037893,-0.0795716837279774,0.752556535109241,39,0.079048987933831,2,80792521
86,-0.856720840938157,0.555073813816777,0.424551975689886,0.143037917749921,1.26011607899182,0.575448024310114,-0.260116078991823,0.856962082250079,29,0.122725053444485,3,884028122
386,-0.803299538940885,0.434127177153557,0.447848828927544,0.191250121520976,1.04872390133239,0.552151171072456,-0.0487239013323946,0.808749878479024,30,0.0642590341335432,2,959815217
836,-1.46655409921381,0.547946793760665,0.230719152260542,0.0788261818417096,0.675300084009103,0.769280847739457,0.324699915990897,0.92117381815829,30,0.00744058958673924,3,288292249
986,-0.597761744422873,0.580591969586515,0.550041392540517,0.176276570414779,1.71631166181655,0.449958607459483,-0.71631166181655,0.823723429585221,27,0.303210553029917,3,735893386
811,-1.083138532242,0.551774089089731,0.338531364963301,0.114796317348128,0.998320222384596,0.661468635036699,0.00167977761540372,0.885203682651872,30,0.0496449115072075,3,128392406
461,-1.07998120896937,0.481115552677845,0.339601907054821,0.132264659881697,0.871959716060412,0.660398092945179,0.128040283939588,0.867735340118303,33,0.0247845771384188,3,24829223
111,-0.687321079150416,0.486023852015248,0.50292155307304,0.193997438283983,1.30378055907701,0.49707844692696,-0.303780559077005,0.806002561716017,37,0.157311554205888,4,198401055
859,-0.762798258861327,0.556579842674628,0.466359604552873,0.156660426431995,1.38829751528299,0.533640395447127,-0.388297515282988,0.843339573568005,27,0.170527745497468,3,702895084
636,-1.6102889487188,0.581672733302463,0.199829865148794,0.063905710411413,0.624857696570631,0.800170134851206,0.375142303429369,0.936094289588587,27,0.00563363851690349,3,472122726
211,-1.07064653017941,0.552072807695531,0.342786823733951,0.1161713119559,1.01146147484515,0.657213176266049,-0.0114614748451511,0.8838286880441,26,0.0524622323366466,4,285110218
611,-0.660468052502723,0.678989655980036,0.516609477536347,0.136522843856551,1.95487688903405,0.483390522463653,-0.954876889034055,0.863477156143449,19,0.33069157861138,3,190306539
736,-0.996381659204603,0.487285535742446,0.369212965479005,0.142068810261226,0.959522456949898,0.630787034520995,0.0404775430501021,0.857931189738774,33,0.0408785884059946,3,519441493
711,1.06928631657246,0.539356376958703,2.91329958423186,1.0122415649268,8.38467294918801,-1.91329958423186,-7.38467294918801,-0.0122415649268033,33,0.047420757750936,3,766465262
936,-1.49234639542418,0.557508720821109,0.224844462089426,0.0753928067810836,0.670555113819792,0.775155537910574,0.329444886180208,0.924607193218916,22,0.0074326183729871,2,760938311
137,-1.09676458921194,0.443664414898815,0.333949802501545,0.139969482309865,0.796762756783882,0.666050197498455,0.203237243216118,0.860030517690135,39,0.0134337360990896,3,70596581
511,-0.0345042960561276,0.55575641470317,0.966084189325675,0.325053058500922,2.87128096923413,0.0339158106743248,-1.87128096923413,0.674946941499078,22,0.950494914315842,3,866693789
436,-0.933889492922637,0.586688518732112,0.393022077076839,0.124459133768924,1.24110098144007,0.606977922923161,-0.241100981440073,0.875540866231076,28,0.111430144832766,3,503283181
686,-0.190544201239837,0.530668804292039,0.826509224189203,0.292106754661964,2.33858850152358,0.173490775810797,-1.33858850152358,0.707893245338036,20,0.719547017951126,4,456980475
311,-1.54649490087725,0.537423015997386,0.212993229347846,0.0742866027308585,0.61069040823399,0.787006770652154,0.38930959176601,0.925713397269142,19,0.00400697687135907,2,482549783
61,-0.739111693102421,0.469903222582201,0.47753792740158,0.190119000285789,1.19947228716857,0.52246207259842,-0.199472287168565,0.809880999714211,29,0.115741524512576,3,801997566
561,-1.26209644284474,0.502276800100014,0.283059984950182,0.105764444294406,0.757560403352257,0.716940015049818,0.242439596647743,0.894235555705594,37,0.0119793913893248,3,82556714
11,-1.18686120378158,0.456925571530613,0.305177652789373,0.124628387740277,0.74728881156771,0.694822347210627,0.25271118843229,0.875371612259723,33,0.00939068965127545,3,865330939
761,-0.754269671802815,0.477934686193332,0.470354002112933,0.184334277569189,1.20017226432894,0.529645997887067,-0.200172264328936,0.815665722430811,38,0.114522961897822,3,495544631
336,-1.46675806732787,0.53753209718238,0.230672097709156,0.0804353423160215,0.661520360695273,0.769327902290844,0.338479639304727,0.919564657683979,23,0.00635865881355858,2,670858063
786,-0.264253655418332,0.513291302536345,0.767778763711268,0.280751281176452,2.09966710583063,0.232221236288732,-1.09966710583063,0.719248718823547,28,0.606677409837364,3,602205651
886,-0.82805251108717,0.69312504641689,0.436899314914064,0.112303231859792,1.6996929492705,0.563100685085936,-0.699692949270503,0.887696768140208,21,0.232217785820131,3,317821874
287,-1.10312504043526,0.516107318041342,0.331832471799131,0.12067228502185,0.912494441622479,0.668167528200869,0.0875055583775215,0.87932771497815,30,0.0325659030451068,3,666214570
237,-1.21660200461467,0.5144341123553,0.296235064019769,0.108080999537141,0.811939318942368,0.703764935980231,0.188060681057632,0.891919000462859,24,0.0180333523313683,3,965878637
412,0.522946739860729,0.539003763055739,1.68699145755449,0.586559466858682,4.85192097078113,-0.686991457554494,-3.85192097078113,0.413440533141318,31,0.331941920643696,4,176354749
661,-1.15723934237101,0.482111450188283,0.314352804574701,0.122192156352302,0.808707274623021,0.685647195425299,0.191292725376979,0.877807843647698,31,0.0163791123819695,4,799704761
187,0.134029086736407,0.652044008984664,1.14342607769388,0.318557053797959,4.104204190624,-0.143426077693883,-3.104204190624,0.681442946202041,25,0.837140711539166,3,176324995
362,-1.05497919014419,0.452952143930629,0.348199673215795,0.143309438791074,0.846022519175045,0.651800326784205,0.153977480824955,0.856690561208926,35,0.0198527921465025,3,339688353
911,-0.233558597516146,0.426267682458979,0.791711202071037,0.343342117120022,1.82560366535415,0.208288797928963,-0.825603665354152,0.656657882879978,32,0.583750042719163,2,178836937
87,-1.00257045540573,0.521827898418641,0.366935037766638,0.131949719421596,1.02039869831483,0.633064962233362,-0.0203986983148323,0.868050280578404,32,0.0546981193360754,3,764422064
487,0.026388385772352,0.745297247524543,1.02673964211387,0.238266048892606,4.42444191099704,-0.0267396421138686,-3.42444191099704,0.761733951107394,25,0.97175558162254,3,721280998
837,0.0697318377382986,0.421198136922668,1.07222061359376,0.469634126829074,2.44798445968515,-0.0722206135937584,-1.44798445968515,0.530365873170926,36,0.868506452893248,3,310661367
812,-0.915783631522263,0.654341445272874,0.400202891579605,0.110995091668636,1.44296790084038,0.599797108420395,-0.442967900840382,0.889004908331364,26,0.161648087342845,4,615402524
587,-0.787169382285831,0.549299761035337,0.455131276308373,0.15508574357912,1.3356771157267,0.544868723691627,-0.335677115726698,0.84491425642088,31,0.151845962866176,3,229891241
262,-0.567905389980547,0.471966197574154,0.566711235406979,0.224710552304622,1.42922359917095,0.433288764593021,-0.429223599170949,0.775289447695378,36,0.22886970404458,4,799257922
37,-0.440509744370154,0.516601817015345,0.643708210802099,0.233860452099006,1.77182698885153,0.356291789197901,-0.771826988851529,0.766139547900994,33,0.393822067051812,3,793985556
962,-0.982523365177863,0.398817571017227,0.37436524576195,0.171325257113938,0.818030800567836,0.62563475423805,0.181969199432164,0.828674742886062,44,0.0137552986092454,3,180086393
112,0.216169265891338,0.428211588548516,1.24131247308147,0.536274015589595,2.87326368803005,-0.241312473081474,-1.87326368803005,0.463725984410405,35,0.613686100901485,4,386726850
537,-1.1989189857712,0.488817236269107,0.301519983190882,0.115673563361052,0.785955732855389,0.698480016809118,0.214044267144611,0.884326436638948,28,0.0141790993024928,3,959327022
387,-0.768468008159065,0.439608446676476,0.463722944177305,0.19591297353233,1.09762495601641,0.536277055822695,-0.0976249560164133,0.80408702646767,29,0.0804512489828479,3,733761065
987,-2.46844237547903,0.738859874231018,0.0847167131149895,0.0199090451853356,0.360485468499199,0.91528328688501,0.639514531500801,0.980090954814664,24,0.000835132290146877,3,695663995
462,-0.887460383721399,0.448262212913711,0.411699986201825,0.171009156579849,0.991156742881423,0.588300013798175,0.00884325711857736,0.828990843420151,37,0.047728299830967,4,95764352
737,-0.921776806198236,0.495347621232527,0.397811578680117,0.150673459502374,1.05031139959638,0.602188421319883,-0.0503113995963804,0.849326540497626,36,0.0627627430347658,3,699944515
162,-1.36254556636546,0.514422617599314,0.25600826077638,0.0934064041022244,0.701667409378265,0.74399173922362,0.298332590621735,0.906593595897776,27,0.00808046354205585,3,809541429
637,0.297646234663226,0.454239968692353,1.34668529302463,0.552861509174925,3.28031749064125,-0.346685293024627,-2.28031749064125,0.447138490825075,32,0.51229901947847,3,676390456
212,-1.49389236586809,0.574918575274287,0.224497127750049,0.0727510407312424,0.692759304354233,0.775502872249951,0.307240695645767,0.927248959268758,23,0.00936479620918083,3,61522166
437,-0.452371156512992,0.496486144054204,0.636118026556172,0.240396384083935,1.68324554985168,0.363881973443828,-0.683245549851683,0.759603615916065,34,0.362218672341642,3,153619851
612,-0.0625923596288438,0.492714631086929,0.939326302978278,0.357616072502801,2.46726579510748,0.060673697021722,-1.46726579510748,0.642383927497199,30,0.898912124341236,3,364743928
512,-0.949511204583447,0.512200307938818,0.386930106901955,0.141790401013713,1.05588887933732,0.613069893098045,-0.0558888793373202,0.858209598986287,26,0.063769378547403,3,787652446
762,-1.39660284628983,0.600595622633063,0.247436116290305,0.0762491786067568,0.802954638509429,0.752563883709695,0.197045361490571,0.923750821393243,27,0.0200525575207505,3,52782610
937,0.106650136204349,0.459680887781842,1.11254494718298,0.451893905869279,2.73904171626609,-0.112544947182979,-1.73904171626609,0.548106094130721,30,0.816530967579235,3,46962585
712,-0.327372268516106,0.571050341045138,0.720815356210683,0.23536674358546,2.20751143442862,0.279184643789317,-1.20751143442862,0.76463325641454,27,0.566454497764443,3,350611180
12,-1.88681945369832,0.613484731430398,0.151553064641746,0.0455371213244898,0.504386986578197,0.848446935358254,0.495613013421803,0.95446287867551,25,0.00210095759799736,3,893352261
138,-1.29833439431052,0.395857937484456,0.272986101783643,0.125656699864031,0.593055617787723,0.727013898216357,0.406944382212277,0.874343300135969,32,0.00103881136094871,3,564106118
687,-1.48763834111611,0.540416097714862,0.225905537869047,0.0783292306700228,0.651523213024922,0.774094462130953,0.348476786975078,0.921670769329977,21,0.00590943578461508,2,569777536
413,-2.08678441056035,0.616913408247063,0.124085503014626,0.0370342369095542,0.415756158173209,0.875914496985374,0.584243841826791,0.962965763090446,22,0.000717975733123339,3,424726088
312,0.140430298111938,0.586531696519282,1.15076886600668,0.364528441104085,3.63282760313392,-0.150768866006678,-2.63282760313392,0.635471558895915,29,0.810776116939594,4,903916666
860,-0.823583229964796,0.508023859066773,0.438856310699252,0.162140554908862,1.18782658384767,0.561143689300748,-0.187826583847668,0.837859445091138,27,0.104985324887546,3,106769220
62,-0.174540739135213,0.593054607590182,0.839842639069437,0.262656965755447,2.68538721739379,0.160157360930563,-1.68538721739379,0.737343034244553,24,0.768522529595194,3,681402036
337,-0.370409391866917,0.605119798465256,0.690451607496417,0.210889199730384,2.26053976639802,0.309548392503583,-1.26053976639802,0.789110800269617,25,0.540454582347892,3,191761179
887,-1.41714095108012,0.568265029940143,0.242406077942741,0.0795857721902565,0.738331802361734,0.757593922057259,0.261668197638266,0.920414227809743,36,0.012638271914574,4,848766569
562,-1.50325341959924,0.547847925232052,0.222405403719886,0.0760004800659095,0.650840146811033,0.777594596280114,0.349159853188967,0.92399951993409,29,0.00607094734265813,3,338898104
363,-0.168474669582335,0.509834106626125,0.844952666151806,0.311071914667918,2.29511239804214,0.155047333848194,-1.29511239804214,0.688928085332082,36,0.741059982996004,3,974178625
288,-1.40434685083033,0.477160447231851,0.245527370090773,0.0963696325290886,0.625546532467013,0.754472629909227,0.374453467532987,0.903630367470911,30,0.00324908377641838,3,803977576
787,-0.574829706078722,0.566362660219414,0.562800702185276,0.185466663941028,1.70782513498465,0.437199297814724,-0.707825134984654,0.814533336058972,25,0.310129726147392,3,616542937
238,-0.936078924989572,0.490018941034604,0.392162523248995,0.150093266542384,1.0246392005706,0.607837476751006,-0.0246392005705998,0.849906733457616,31,0.0560957159866242,3,740282270
488,-1.56702835283078,0.62177848606759,0.20866433873576,0.0616864001157177,0.705841258013979,0.79133566126424,0.294158741986021,0.938313599884282,22,0.0117276266880056,3,992289813
188,-1.20348278697915,0.481410529862854,0.300147041227469,0.116830619780634,0.771101330513846,0.699852958772531,0.228898669486154,0.883169380219366,30,0.0124225014495783,3,163677112
662,-0.0891119803317841,0.597899348948809,0.914743134599274,0.283378117001319,2.95278623187623,0.0852568654007259,-1.95278623187623,0.716621882998681,25,0.881520669268603,3,55299164
263,-0.0532489817895065,0.476835628691517,0.948143912523173,0.37238402177928,2.4141123847349,0.051856087476827,-1.4141123847349,0.62761597822072,28,0.911083824645079,3,997397717
912,-0.87716259101125,0.487053731835476,0.415961491709631,0.160129828613456,1.08052299864113,0.584038508290369,-0.0805229986411329,0.839870171386544,26,0.0717097343321322,2,294241036
88,-1.54581345816457,0.658103453243621,0.213138421496282,0.0586790494552992,0.774177276892206,0.786861578503718,0.225822723107794,0.941320950544701,26,0.0188294042060547,3,4751251
963,-1.12823139230974,0.467463195199122,0.323605081041426,0.129452350029,0.808948222665468,0.676394918958574,0.191051777334532,0.870547649971,31,0.0157992958727974,3,530170211
838,-0.363255135600202,0.388730340351297,0.695408987274279,0.324602928396947,1.48980066806565,0.304591012725721,-0.48980066806565,0.675397071603053,34,0.35006376623281,2,909664223
813,-0.385601226238457,0.584169990754575,0.680041654385746,0.216415876344929,2.13688875100192,0.319958345614254,-1.13688875100192,0.78358412365507,27,0.509199967392467,4,65861850
588,-0.419237963178553,0.565536186544257,0.657547704507221,0.217041104708639,1.99210644584185,0.342452295492779,-0.992106445841854,0.782958895291361,28,0.45850514313719,3,963181435
988,-0.745844352234505,0.474924841624985,0.47433362615167,0.186993777668181,1.20320789121358,0.52566637384833,-0.203207891213578,0.813006222331819,33,0.11631112630672,3,684892152
38,-0.893236335821584,0.438612500173158,0.409328881088645,0.17327054894264,0.966985641332203,0.590671118911355,0.0330143586677969,0.82672945105736,45,0.0416997204452446,3,750333579
113,-0.651719343491006,0.498604577926758,0.521148971931432,0.196132199719034,1.38476115260145,0.478851028068568,-0.384761152601455,0.803867800280966,31,0.19118331465263,4,39022527
538,-1.66784350377813,0.547051338656545,0.188653457758617,0.0645674784037677,0.551208255365373,0.811346542241383,0.448791744634627,0.935432521596232,32,0.00229766635251824,3,165358311
463,0.053561185436691,0.506918330775861,1.05502154174656,0.390635458149492,2.84938407491758,-0.0550215417465618,-1.84938407491758,0.609364541850508,23,0.915851813407295,3,565396953
388,-0.177178652794022,0.590969500870482,0.837630126192552,0.263037784332017,2.6673895162519,0.162369873807448,-1.6673895162519,0.736962215667983,25,0.76432197516078,3,773544401
638,-0.436420546957629,0.531750107915518,0.646345849990356,0.227949399369719,1.83270041050721,0.353654150009644,-0.832700410507213,0.772050600630282,33,0.411802991990931,3,958892306
613,-0.0932941550999069,0.391905184525272,0.910925507498683,0.422564068557986,1.96369105173425,0.0890744925013172,-0.963691051734245,0.577435931442014,34,0.811840085995904,3,346368923
738,-1.20725350501548,0.540866781307381,0.299017402478627,0.103588090035555,0.863143696870713,0.700982597521373,0.136856303129287,0.896411909964445,26,0.0256102160668326,3,199046036
938,-0.799792247008555,0.450989081357284,0.449422323251144,0.185682954772805,1.08777041427196,0.550577676748856,-0.0877704142719598,0.814317045227195,38,0.0761594346154935,3,828704422
163,-0.367884742343204,0.439159808436303,0.692196958090652,0.29269559049262,1.636979320336,0.307803041909348,-0.636979320335996,0.70730440950738,30,0.402198483266591,3,749532877
213,-1.14596936892538,0.515631020875418,0.317915590878607,0.115719328793705,0.873409170078008,0.682084409121393,0.126590829921992,0.884280671206295,22,0.0262522277954731,3,677468441
688,1.02596705772939,0.751384065919409,2.78979204644049,0.639723869249077,12.1660923353046,-1.78979204644049,-11.1660923353046,0.360276130750923,20,0.172115970110291,3,437528995
438,-1.11138438463772,0.577840107075469,0.329103040369879,0.106040924061284,1.02138690453229,0.670896959630121,-0.0213869045322941,0.893959075938716,26,0.0544370616306248,3,971673735
513,-0.359615497682138,0.610955411872607,0.697944635815076,0.210753494472168,2.31135771144885,0.302055364184924,-1.31135771144885,0.789246505527832,25,0.556121789976443,3,206354398
139,-0.398595744691835,0.502274066050582,0.671262007741026,0.250816213666605,1.7965054030975,0.328737992258974,-0.796505403097501,0.749183786333395,32,0.427438714107215,4,930814976
763,0.117994401750039,0.449887999382496,1.12523781198717,0.465906702505624,2.71762592535443,-0.125237811987172,-1.71762592535443,0.534093297494376,34,0.793109388904547,3,777666124
713,-0.817087245290428,0.526487231383201,0.441716394039143,0.157397117383456,1.23962481655622,0.558283605960856,-0.239624816556215,0.842602882616544,28,0.12067173958942,3,673844670
13,-0.539533147270748,0.514813021925121,0.58302037350138,0.212556354311478,1.59916534614432,0.41697962649862,-0.59916534614432,0.787443645688522,34,0.294630462685728,4,938241418
63,-0.937222149452978,0.547644646927908,0.391714449631947,0.133910189177044,1.14584417357214,0.608285550368053,-0.145844173572138,0.866089810822956,33,0.0870129899334143,4,823750903
861,0.395413339789215,0.55838942916766,1.48499787279033,0.497077250815729,4.43637015890978,-0.484997872790333,-3.43637015890978,0.502922749184271,32,0.478863382057412,3,699819210
338,-0.531860701245528,0.573387720657429,0.587510769983214,0.190962160541293,1.8075251341306,0.412489230016786,-0.807525134130598,0.809037839458707,24,0.353627540212247,3,297104258
414,-1.73325854793907,0.516123479734276,0.176707660414513,0.064258454276465,0.485937571962531,0.823292339585487,0.514062428037469,0.935741545723535,25,0.000784448559133961,3,248814923
313,-0.361813553839957,0.548947460943368,0.696412199118456,0.237466004026612,2.04235529657817,0.303587800881544,-1.04235529657817,0.762533995973388,28,0.509828886018953,3,496867763
289,-1.31409225760909,0.502372416144426,0.268718139407706,0.100386845615074,0.71931175847104,0.731281860592294,0.28068824152896,0.899613154384926,33,0.00890256927440605,4,458126891
888,-0.325807376783621,0.497205805968004,0.721944237260201,0.272446544965735,1.91304860107059,0.278055762739799,-0.913048601070586,0.727553455034265,32,0.512289623314205,3,299961651
563,-0.998407734980127,0.609101225077443,0.368465669328588,0.111668100113402,1.21580782099713,0.631534330671412,-0.215807820997135,0.888331899886599,26,0.101182207973211,3,902249781
364,-0.571416095331736,0.407232462215384,0.564725167529684,0.254214455650935,1.25450975643704,0.435274832470316,-0.254509756437042,0.745785544349065,38,0.160566355255138,3,797707506
189,-0.499819368841815,0.56659621666796,0.606640227943592,0.199822152150838,1.84169954230927,0.393359772056408,-0.841699542309275,0.800177847849161,29,0.377699020992427,3,624244147
239,-0.272552256008755,0.530154190966443,0.76143363865268,0.269379159604542,2.152286713356,0.23856636134732,-1.152286713356,0.730620840395458,26,0.607182095311638,3,937887930
489,-1.15547940079328,0.490222537358958,0.314906534268576,0.120476818948782,0.823113742463633,0.685093465731424,0.176886257536367,0.879523181051218,30,0.0184207290377299,4,16968551
788,-1.22666541689764,0.630306027016418,0.293268878444694,0.085260625687642,1.00874975254462,0.706731121555306,-0.00874975254462429,0.914739374312358,20,0.0516376113511236,3,798393418
663,0.121297534161215,0.549382138474304,1.12896076679558,0.384630682623237,3.31370447170523,-0.128960766795577,-2.31370447170523,0.615369317376763,29,0.825256727277327,3,275986517
89,-0.311415472480654,0.52019325182538,0.732409516648534,0.264219386606783,2.03022082128915,0.267590483351466,-1.03022082128915,0.735780613393217,24,0.549404020913629,4,354309627
264,-0.627665469913793,0.436130295314367,0.533836605040898,0.227077220417668,1.2549982792524,0.466163394959102,-0.254998279252402,0.772922779582332,31,0.15010247155957,4,641236725
913,-0.537961538399731,0.598151429868718,0.583937373886583,0.180808503726691,1.88587842713961,0.416062626113417,-0.885878427139614,0.819191496273309,27,0.368453755387984,3,507301776
389,-1.01363323152557,0.427252170388545,0.362898088696936,0.157074965897362,0.838421463455504,0.637101911303064,0.161578536544496,0.842925034102638,31,0.0176706867342397,2,159323639
964,-0.14421932457237,0.556820350768853,0.865697858423634,0.290669859890942,2.57829546675549,0.134302141576366,-1.57829546675549,0.709330140109058,25,0.795631286188488,3,404996271
839,-0.956775763096306,0.540288498419865,0.38412941570942,0.133224212581137,1.10757200327527,0.61587058429058,-0.107572003275271,0.866775787418863,26,0.0765838398954349,3,968278704
589,-0.968028798127617,0.486399904388513,0.379831024271564,0.146408430634338,0.985405050611536,0.620168975728436,0.0145949493884643,0.853591569365662,31,0.0465698798855156,3,926632492
989,-0.274295118407287,0.431278798846048,0.760107720377078,0.32641489216051,1.77002875926608,0.239892279622922,-0.770028759266075,0.67358510783949,33,0.524773698180216,3,65094911
39,-0.30138392993665,0.508230450168668,0.739793689271866,0.273214710350527,2.00316704025312,0.260206310728134,-1.00316704025312,0.726785289649473,29,0.5531768423952,3,818000641
114,-1.07316252124941,0.536629510524872,0.341925459193653,0.119440488609936,0.978839093890523,0.658074540806347,0.021160906109477,0.880559511390064,25,0.0455196853198302,3,506912014
539,-0.701893168757787,0.588665820909583,0.495646073350083,0.156350190498209,1.57124867737318,0.504353926649917,-0.571248677373184,0.843649809501791,21,0.233125716559306,3,186176325
814,-0.257985149606336,0.464651383666676,0.77260670553546,0.310775302802101,1.9207482578449,0.22739329446454,-0.920748257844898,0.689224697197899,28,0.578742117660922,4,259620410
164,-0.803780712295901,0.465676837525125,0.447633387840401,0.17969567699346,1.11508330785703,0.552366612159599,-0.115083307857027,0.82030432300654,26,0.084338724282325,3,361058804
464,-0.342087905830064,0.397445892338796,0.710285763705113,0.32593166354471,1.54788847648412,0.289714236294887,-0.547888476484119,0.67406833645529,34,0.389394662827121,3,998229972
739,-1.09924859681837,0.457510877423364,0.333121298083614,0.135884035232059,0.816650749643995,0.666878701916386,0.183349250356005,0.864115964767941,37,0.0162757763984678,3,985461457
689,-1.24133642713587,0.575178840829412,0.288997735327952,0.0936054903315032,0.892252054114565,0.711002264672048,0.107747945885435,0.906394509668497,28,0.0309142509994001,4,203768876
639,-0.22248659843678,0.491987102021851,0.800525734974588,0.305207440962537,2.09969144374584,0.199474265025412,-1.09969144374584,0.694792559037463,34,0.651110221596281,3,321434325
614,-0.101002838631434,0.500526136653362,0.903930466956784,0.338911577216993,2.4109246895675,0.0960695330432157,-1.4109246895675,0.661088422783007,35,0.840078291858267,3,940370492
764,-0.499490625200771,0.471082025099752,0.60683968984505,0.24103950731465,1.52777614455759,0.39316031015495,-0.527776144557585,0.75896049268535,36,0.289005866655166,3,413154656
939,-0.405560955111016,0.505538972836103,0.666602771726884,0.247486527041476,1.79548866997311,0.333397228273116,-0.795488669973108,0.752513472958524,31,0.422417151534468,4,518266379
214,0.306903735247084,0.417692179395106,1.3592101177478,0.59944089912154,3.08195878341862,-0.359210117747798,-2.08195878341862,0.40055910087846,41,0.46248533715379,4,410076595
439,-0.813101212039366,0.472263253433714,0.443480604037298,0.175745178944886,1.11909212723818,0.556519395962702,-0.119092127238179,0.824254821055114,42,0.0851217402731571,3,275037955
514,-0.0948039211581092,0.479072247527898,0.909551260742502,0.355664192673248,2.32602413445176,0.090448739257498,-1.32602413445176,0.644335807326752,25,0.843130615331726,3,278327898
140,-0.73925067065031,0.549407187716594,0.477471564962957,0.162663932323954,1.40153439112822,0.522528435037043,-0.401534391128223,0.837336067676046,25,0.178450135678273,3,497275759
714,-0.166453503280842,0.465320226071393,0.846662183033982,0.340117413331163,2.10761585288755,0.153337816966018,-1.10761585288755,0.659882586668837,31,0.720554228312138,3,6091866
889,-1.43354005975656,0.50980552667229,0.238463252103312,0.0877958951990051,0.647692269379951,0.761536747896688,0.352307730620049,0.912204104800995,29,0.00492444367474233,3,168881363
862,0.217433797525187,0.614860102259621,1.24288314484395,0.37244352684753,4.14763152097839,-0.242883144843945,-3.14763152097839,0.62755647315247,25,0.723615189492788,3,875584853
339,-0.370372116331436,0.470928722697375,0.690477344929496,0.274343186156112,1.73781959209875,0.309522655070504,-0.737819592098746,0.725656813843888,32,0.431591188338019,3,396571815
64,-0.564489110270157,0.477353935522002,0.568650590305367,0.22311105393555,1.44933874028515,0.431349409694633,-0.449338740285151,0.77688894606445,32,0.236992344954942,3,217490987
415,-0.318074515771414,0.552079158590652,0.727548572551527,0.246564961869242,2.14680513163292,0.272451427448473,-1.14680513163292,0.753435038130758,30,0.564521010263357,3,485407168
14,-0.353309720259917,0.486487418348995,0.702359624680753,0.270682822790893,1.82246157068777,0.297640375319247,-0.822461570687765,0.729317177209107,30,0.467687751761554,3,649832256
190,-1.40915832591514,0.467072297891851,0.24434885872954,0.0978222514423616,0.610355659188734,0.75565114127046,0.389644340811266,0.902177748557638,28,0.00255287642446015,2,907009503
290,0.0358310882244355,0.514302052168878,1.03648075789892,0.378256625149159,2.84011512308897,-0.0364807578989224,-1.84011512308897,0.621743374850841,31,0.944456839890724,3,626830021
365,0.23077395257629,0.513233800610749,1.25957448369928,0.460636609632466,3.44420709689613,-0.259574483699281,-2.44420709689613,0.539363390367534,24,0.652965113900454,3,303958085
314,-0.965845217463345,0.538383675485955,0.380661322133126,0.132515212174716,1.09348232395456,0.619338677866874,-0.0934823239545577,0.867484787825284,37,0.0728176444895016,3,622474877
90,-0.885727335506053,0.506364068931883,0.412414100746905,0.15286766390307,1.11263158049386,0.587585899253095,-0.112631580493863,0.84713233609693,31,0.0802580558909043,4,949398160
490,-1.90214214270315,0.656195128699651,0.149248564819837,0.0412435326892109,0.540087927691223,0.850751435180163,0.459912072308777,0.958756467310789,36,0.00374659841927391,3,554583695
564,-0.535125948095002,0.414449429361741,0.585595530858417,0.259906870359529,1.31940385141412,0.414404469141583,-0.319403851414115,0.740093129640471,32,0.196643665992561,3,891144673
240,-1.69338584300237,0.525184690221488,0.183895826320912,0.0656952324831938,0.514766044048968,0.816104173679088,0.485233955951032,0.934304767516806,38,0.00126253451784781,3,777516945
789,-0.325674225121648,0.621053828869226,0.722040371735334,0.213756585525033,2.43895315381826,0.277959628264666,-1.43895315381826,0.786243414474967,26,0.600007525605847,3,699246718
40,-0.891690887829522,0.476510562787352,0.409961966660423,0.161115395395767,1.04315800296573,0.590038033339577,-0.0431580029657297,0.838884604604233,33,0.0613044781532566,3,587233842
265,-0.377987998126303,0.432386210124615,0.685238724765145,0.293625716040889,1.5991518598881,0.314761275234855,-0.599151859888095,0.706374283959111,30,0.382014416845472,3,504157437
540,-1.15623139977361,0.509441903854964,0.314669813893804,0.115935742706375,0.854068723454313,0.685330186106196,0.145931276545687,0.884064257293625,29,0.0232316186887448,3,742854915
664,-0.775094918662613,0.488438265375128,0.460660053687515,0.176856549913408,1.19988592544231,0.539339946312485,-0.199885925442309,0.823143450086592,34,0.112538895970285,3,988722509
390,-0.762054363411487,0.470813265135751,0.466706656409833,0.185475699313528,1.17435924999022,0.533293343590167,-0.174359249990218,0.814524300686472,28,0.105535178600159,3,655098279
965,-0.869777687936628,0.489882010119648,0.419044697584621,0.160424992123186,1.094582934054,0.580955302415379,-0.0945829340539956,0.839575007876814,33,0.0758179993591019,3,552038022
590,-0.494245774175129,0.597403925296945,0.610030834839495,0.189164938885753,1.96726529581534,0.389969165160505,-0.967265295815337,0.810835061114247,27,0.408054232320255,3,838626184
840,-0.668794842815054,0.542444695735402,0.512325638808737,0.176936050188697,1.483460040511,0.487674361191263,-0.483460040510998,0.823063949811303,24,0.217602910551724,3,213291535
914,-0.453697606175567,0.510043448217244,0.635274807382018,0.233782427016156,1.7262806535342,0.364725192617982,-0.726280653534197,0.766217572983844,33,0.373719721347385,4,552524956
990,-1.14210264785843,0.48873424744225,0.319147261520166,0.122455917505854,0.831768497679599,0.680852738479834,0.168231502320401,0.877544082494146,36,0.0194465569284407,3,952494928
740,-1.04439762849233,0.5014957153061,0.351903732328295,0.131689135374572,0.940367908668765,0.648096267671705,0.0596320913312348,0.868310864625428,30,0.0372908551511306,3,46913433
115,-0.603548326056797,0.466919934661412,0.546867724321385,0.218997583897728,1.36560551300015,0.453132275678615,-0.365605513000152,0.781002416102272,32,0.196143793494468,4,321972694
815,-1.14094856999493,0.551353472948739,0.319515794927103,0.108437477132206,0.941467340515777,0.680484205072897,0.0585326594842235,0.891562522867794,28,0.0385123601329408,3,796568172
165,-0.473014590793598,0.460353883634652,0.623120979281734,0.252765872748717,1.53612412387264,0.376879020718266,-0.536124123872643,0.747234127251283,38,0.304184088295332,4,201291034
940,0.218811493964328,0.539955172764173,1.24459664059434,0.431934553855486,3.58623959104918,-0.244596640594337,-2.58623959104918,0.568065446144514,19,0.685301023907969,3,873103236
215,-0.385888106770425,0.437916314663822,0.679846591655364,0.288174721260283,1.60385819465392,0.320153408344636,-0.603858194653924,0.711825278739717,32,0.378214213024343,3,313545624
615,-1.12445817081853,0.438564191886271,0.32482842120316,0.137514186613814,0.767291766904421,0.67517157879684,0.232708233095579,0.862485813386186,40,0.0103487424323153,3,94535875
690,-0.483580427030356,0.507487759610796,0.616571844528578,0.228039103429738,1.66708618718327,0.383428155471422,-0.66708618718327,0.771960896570262,34,0.340645392149241,3,348657487
765,-0.249113087800987,0.476230035275434,0.779491817384595,0.306509415306256,1.98234528215857,0.220508182615405,-0.982345282158573,0.693490584693744,38,0.600908820623443,3,442995435
640,-0.748577298552191,0.482552641378426,0.473039067599992,0.183716201302347,1.2179979658278,0.526960932400008,-0.217997965827804,0.816283798697653,30,0.12083309001469,3,123919123
465,-0.279550638907823,0.5065569700656,0.75612343758063,0.280162900817001,2.04067937329144,0.24387656241937,-1.04067937329144,0.719837099182999,29,0.58104142224638,3,181240807
141,-0.54830716241656,0.457159625222145,0.577927319852206,0.235905597862713,1.41582052336854,0.422072680147794,-0.415820523368539,0.764094402137287,33,0.230381027440068,3,199198043
440,0.180911066822619,0.502374972678757,1.19830860516254,0.447657975197493,3.20767995381542,-0.198308605162542,-2.20767995381542,0.552342024802507,26,0.718763661109947,4,160792807
515,-0.682711489207734,0.608222400187655,0.505245166544282,0.153384799102045,1.66426321128817,0.494754833455718,-0.664263211288166,0.846615200897955,25,0.261662592081605,3,290409249
65,-0.474751799743688,0.483136632045682,0.622039427652123,0.241307747829653,1.60348373823011,0.377960572347877,-0.603483738230113,0.758692252170347,31,0.325782184637874,3,222095994
291,-0.19313077146284,0.525995702077461,0.824374162474763,0.294032961624862,2.31128087137053,0.175625837525237,-1.31128087137053,0.705967038375138,32,0.713490897328402,3,296644076
715,-0.468674125823878,0.583789252734958,0.625831492252081,0.199312758800656,1.96507769523271,0.374168507747919,-0.965077695232714,0.800687241199344,21,0.422082307780852,3,567167747
890,-0.607825397342532,0.428165835695431,0.544533726975159,0.235271523019096,1.26031818899472,0.455466273024841,-0.260318188994723,0.764728476980904,44,0.155723364694033,3,971073604
191,-0.450590169111383,0.496741468029305,0.637251954203105,0.240704423653347,1.68709011231348,0.362748045796895,-0.687090112313476,0.759295576346653,34,0.36435819359564,4,375928672
416,-0.260273860846826,0.441519500170727,0.770840453875036,0.324445995747616,1.83141420488509,0.229159546124964,-0.831414204885091,0.675554004252384,28,0.555528774518351,3,710738822
491,-0.954932209333895,0.579324593510865,0.384838232108819,0.123639210405919,1.19784382645614,0.615161767891181,-0.197843826456137,0.876360789594081,23,0.0992799794153705,3,198876902
340,-0.753697899630469,0.546364417928859,0.470623014342017,0.16128980820176,1.37321771349189,0.529376985657983,-0.373217713491894,0.83871019179824,29,0.167747309063828,3,815368439
863,-0.57018204419353,0.485310282386563,0.565422497447341,0.218411862961302,1.46376023850057,0.434577502552659,-0.463760238500569,0.781588137038698,37,0.240042151325217,4,77499437
15,-0.926700019084976,0.552936532597632,0.395857880770973,0.133930307352334,1.17003734902393,0.604142119229027,-0.170037349023934,0.866069692647666,25,0.0937458479302561,3,980872623
366,0.136333895058679,0.530586586526334,1.14606449498875,0.405109975127174,3.24224015037274,-0.146064494988754,-2.24224015037274,0.594890024872825,31,0.797217849309116,3,725264522
91,-0.11534502288865,0.404268216672203,0.891058655233381,0.403452641406778,1.96797702029615,0.108941344766619,-0.96797702029615,0.596547358593222,35,0.775400478553421,4,567939487
241,-0.942813628299389,0.430938445604077,0.389530298580751,0.167388560222961,0.906476842326021,0.610469701419249,0.0935231576739788,0.832611439777039,25,0.0286830752367985,2,638641626
391,-0.336255756510811,0.52834678887904,0.714440359674223,0.253650882933932,2.01231323000907,0.285559640325777,-1.01231323000907,0.746349117066068,29,0.524496180561162,3,215331999
315,-1.02289633030839,0.568674704687825,0.35955204912632,0.117951911125478,1.09602018990103,0.64044795087368,-0.09602018990103,0.882048088874522,23,0.0720602658552525,3,124403412
966,-0.920150877376528,0.502672295889835,0.398458918112811,0.148767518011399,1.06723236057126,0.601541081887189,-0.067232360571257,0.851232481988601,45,0.0671724607392404,5,690531430
790,-0.283348891408187,0.486026424992712,0.75325693713568,0.290560582178381,1.95276320376688,0.24674306286432,-0.952763203766882,0.709439417821619,32,0.559899552984806,3,537903815
116,-0.915196879731163,0.623460954581172,0.400437780246977,0.117989705897677,1.35902038766149,0.599562219753023,-0.359020387661491,0.882010294102323,23,0.142123307618235,3,191497122
565,-0.141662175768128,0.471138093321903,0.867914409484748,0.344701701110896,2.18529650350904,0.132085590515252,-1.18529650350904,0.655298298889104,37,0.763657915964359,3,315239948
816,-0.554542210343657,0.469966492458234,0.57433512570334,0.228627872181035,1.4427848777575,0.42566487429666,-0.442784877757502,0.771372127818965,33,0.238015660631302,3,188897249
541,-0.862360938976522,0.647993622088669,0.422164200896308,0.118551821651962,1.50333086438464,0.577835799103692,-0.503330864384644,0.881448178348038,22,0.183249227341838,3,260232307
266,-0.188720432262785,0.602068762231347,0.828017961447441,0.254423895658296,2.69476946222217,0.171982038552559,-1.69476946222217,0.745576104341704,26,0.753936305564502,3,402614537
41,-0.396597268566043,0.557883005712392,0.672604850210023,0.225366375088438,2.00738590372463,0.327395149789977,-1.00738590372463,0.774633624911562,24,0.477148161334501,3,822324718
591,-1.34501788899609,0.457413653440389,0.260535047107847,0.106295516132885,0.638583011221563,0.739464952892153,0.361416988778437,0.893704483867115,37,0.00327699093620353,3,195269941
915,1.25028609918576,0.777131892929669,3.49134168460071,0.761195981914647,16.0135721262876,-2.49134168460071,-15.0135721262876,0.238804018085353,21,0.107649861514642,3,796816916
665,-0.229902001407974,0.541748799018177,0.794611469493062,0.274800434866539,2.29769428042054,0.205388530506938,-1.29769428042054,0.725199565133461,37,0.671295910393024,4,617912662
991,-0.87684767691622,0.502485671676499,0.416092504474161,0.155407979202151,1.11405458824204,0.583907495525839,-0.11405458824204,0.844592020797849,31,0.0809813425689151,3,755396453
841,-0.34797784619892,0.425033384148634,0.706114519161706,0.306963027158067,1.62429240676669,0.293885480838294,-0.624292406766692,0.693036972841933,42,0.412953549037288,3,421209834
741,-0.557896395490624,0.694025958968175,0.572411926541445,0.146876632477637,2.23082057451702,0.427588073458555,-1.23082057451702,0.853123367522363,25,0.421480589670341,4,748898005
616,-1.24012969560108,0.538692090843421,0.289346688512716,0.100666038293666,0.831675782343196,0.710653311487284,0.168324217656804,0.899333961706334,28,0.0213288391848895,4,592091291
166,-0.901834255887216,0.430812232894117,0.405824590481392,0.174433671352862,0.944161737593832,0.594175409518608,0.0558382624061683,0.825566328647138,36,0.0363192747904852,3,713737008
941,-1.02949703798537,0.475280523200793,0.357186566673011,0.140713447179683,0.906681244534775,0.642813433326989,0.0933187554652246,0.859286552820317,34,0.0303048488057146,3,132972793
766,-1.26564933139682,0.458609860983648,0.282056088791702,0.114806389167097,0.692954789377464,0.717943911208298,0.307045210622536,0.885193610832903,31,0.00578453127406384,3,295528061
216,-1.04998342280066,0.564724581896113,0.34994355014706,0.115692060970904,1.05850381834174,0.65005644985294,-0.0585038183417441,0.884307939029096,28,0.0629868828239938,3,264365696
691,0.0905427879738626,0.543243119740909,1.09476834955903,0.377496432160759,3.17491143515181,-0.0947683495590306,-2.17491143515181,0.622503567839241,35,0.867629049590993,3,352183571
716,-1.11251186229058,0.549380158485809,0.328732193146637,0.111997672769836,0.964884824286299,0.671267806853363,0.0351151757137009,0.888002327230164,29,0.0428641791639177,4,430210297
142,-1.39837413928653,0.427845092080773,0.246998222364102,0.106785288429998,0.57131579403861,0.753001777635898,0.42868420596139,0.893214711570002,36,0.00108152709097454,3,694463565
641,-1.2387358392893,0.641487091735565,0.289750277427927,0.0824117351252557,1.01872898491895,0.710249722572073,-0.0187289849189458,0.917588264874744,21,0.0534783747523848,3,162747783
466,-1.10347043081729,0.598241164904098,0.331717879845544,0.102694001873729,1.07150125422634,0.668282120154456,-0.0715012542263411,0.897305998126271,26,0.0651067519942996,3,414474408
891,-1.00562954452803,0.492430609346004,0.365814265928501,0.13934870702234,0.960325215901384,0.634185734071499,0.0396747840986159,0.86065129297766,31,0.0411341623391823,3,944569876
516,-1.09365373429611,0.515562624084957,0.334990289449162,0.121950761585325,0.920195106339845,0.665009710550838,0.0798048936601545,0.878049238414675,32,0.0338980749569598,4,113093415
441,-1.07608959355336,0.526206593103517,0.340926081990234,0.121549272374247,0.956242609362074,0.659073918009766,0.0437573906379257,0.878450727625753,26,0.0408553994451608,2,721890013
292,-0.928080968103418,0.456769947737353,0.395311598499877,0.161486518773739,0.967704679592986,0.604688401500123,0.0322953204070142,0.838513481226261,38,0.0421704066894115,3,922212321
341,-1.0756932861683,0.501575654752547,0.341061220290672,0.127611663564264,0.91153702363251,0.658938779709328,0.0884629763674905,0.872388336435736,27,0.0319825869298435,3,280416573
66,-0.961764019389944,0.441462215144148,0.382218050886065,0.160893268628017,0.907997206277799,0.617781949113935,0.092002793722201,0.839106731371983,44,0.0293623330591894,3,872618768
16,-0.516255297789328,0.504569388248763,0.596751024008286,0.221974420558423,1.60429198895559,0.403248975991714,-0.604291988955593,0.778025579441577,26,0.306232124663804,3,637407511
864,-0.0852947058216997,0.475599206066679,0.918241633367118,0.361514900106186,2.33231796808666,0.0817583666328818,-1.33231796808666,0.638485099893814,41,0.85766951190479,4,910034825
192,-0.845870553582886,0.532400424277351,0.4291835682392,0.151169098591273,1.21849330956562,0.5708164317608,-0.218493309565621,0.848830901408727,27,0.11210862466348,3,869125497
242,-0.369009489665243,0.660269455376484,0.691418849085755,0.189547838142408,2.52210750360499,0.308581150914245,-1.52210750360499,0.810452161857592,23,0.576245587430088,3,179526824
492,0.107761695757196,0.533510497778822,1.11378229471232,0.391449146782764,3.16902210723958,-0.113782294712323,-2.16902210723958,0.608550853217236,33,0.839927603999112,3,471889325
367,-0.204629793460362,0.426455976219303,0.81494896000722,0.353289251638098,1.87988115782583,0.18505103999278,-0.879881157825829,0.646710748361902,27,0.631342572135494,2,713452183
92,-0.393627479915309,0.547440458334614,0.674605313466862,0.230710624411316,1.97256771385775,0.325394686533138,-0.972567713857754,0.769289375588684,29,0.472120896805437,3,165546298
791,-1.00665924243379,0.499407919243253,0.365437781610799,0.137314580450171,0.97254619131348,0.634562218389201,0.0274538086865204,0.862685419549829,32,0.0438307900322275,4,4073661
392,-0.512284153937955,0.62277628829924,0.599125519779739,0.176770455537645,2.03060736229703,0.400874480220261,-1.03060736229703,0.823229544462355,22,0.410746113441182,3,804906484
566,-0.646365100435543,0.490695633488291,0.523946813673595,0.200265584780323,1.37078102490671,0.476053186326405,-0.370781024906707,0.799734415219677,31,0.187757381251637,3,903961651
417,-0.654425029208084,0.486185755288106,0.519740812479129,0.200421706580114,1.34781065766689,0.480259187520871,-0.347810657666894,0.799578293419886,21,0.178289911952745,2,458127624
592,-0.522213145049746,0.512123256979217,0.59320624267307,0.217413048722341,1.61854887926118,0.40679375732693,-0.618548879261181,0.782586951277659,35,0.30786977983315,4,611742279
916,-1.33455558566479,0.542903739933418,0.263275152712889,0.0908425616095123,0.763010254311641,0.736724847287111,0.236989745688359,0.909157438390488,30,0.0139642826646856,3,535367038
992,-0.471445327016397,0.697662588161283,0.624099588110202,0.159001940382395,2.44965750067319,0.375900411889798,-1.44965750067319,0.840998059617605,22,0.499199536748045,3,639423830
316,-0.288306708715534,0.489051098214547,0.749531669085649,0.287414674306265,1.95465914994888,0.250468330914351,-0.954659149948878,0.712585325693734,30,0.555510709838995,3,937204594
842,-0.0799490425243871,0.653358900597649,0.923163387263877,0.256530180974719,3.32214570755907,0.0768366127361233,-2.32214570755907,0.743469819025281,31,0.90260900989619,3,950172578
117,-0.517984666078698,0.485460067935916,0.595719913552558,0.23004762755609,1.54264670830627,0.404280086447442,-0.542646708306266,0.76995237244391,35,0.285972976723332,3,388862993
967,-1.20654959251267,0.530296076095929,0.299227958664663,0.105831105196176,0.846040217388339,0.700772041335337,0.153959782611661,0.894168894803824,32,0.0228916780574012,3,471992132
666,-0.811464519805356,0.481649953572438,0.444207039611429,0.172824079741831,1.14173843329652,0.555792960388571,-0.141738433296516,0.827175920258169,34,0.0920349076068406,3,39956713
817,-0.525763654209157,0.490874184416725,0.591103793066974,0.225855610245814,1.54702242639837,0.408896206933026,-0.547022426398371,0.774144389754186,31,0.284135170359127,4,150556575
42,-0.97132432113231,0.536834937416319,0.378581342701374,0.132191788976352,1.08421131260441,0.621418657298626,-0.0842113126044066,0.867808211023648,29,0.0703960594771335,3,486817145
267,-0.448585206302546,0.475829729319342,0.638530902364456,0.251278262457538,1.62259046718482,0.361469097635544,-0.622590467184818,0.748721737542462,25,0.345812308987057,2,58699340
542,-1.71911309127878,0.628350875051024,0.179225033687926,0.0523052685425826,0.614118110765216,0.820774966312074,0.385881889234784,0.947694731457417,26,0.00622075413100648,3,29543184
167,-1.34085705154854,0.523201614684423,0.261621349484835,0.0938259908889782,0.729496484478979,0.738378650515165,0.270503515521021,0.906174009111022,24,0.0103834154037427,2,670016388
742,-0.211039699138869,0.524753827159827,0.809741920186245,0.289517857156039,2.26473760115432,0.190258079813755,-1.26473760115432,0.71048214284396,28,0.687559686922545,3,547330218
217,-0.938358159849907,0.529382312475535,0.391269710606445,0.138632542369608,1.10430050420552,0.608730289393555,-0.10430050420552,0.861367457630392,29,0.076302820142399,3,526016289
617,-0.405028723577059,0.516960371681209,0.666957653173791,0.242136797524967,1.83711239131766,0.333042346826209,-0.837112391317655,0.757863202475033,30,0.433344599371861,3,689337938
942,-0.866730913062722,0.491039478702158,0.420323379378897,0.160549879931177,1.10041653926014,0.579676620621103,-0.10041653926014,0.839450120068823,33,0.0775479430869191,3,273320594
642,-0.859722164958619,0.451009938631306,0.423279667906343,0.174874728008537,1.02453727478654,0.576720332093657,-0.0245372747865409,0.825125271991463,26,0.0566222436277067,2,280864366
692,-0.495806502039423,0.433708859622911,0.609079485309456,0.260315675817479,1.42510749020333,0.390920514690544,-0.425107490203331,0.739684324182521,31,0.25296462243859,2,324479750
767,-0.621813545650425,0.504755452672507,0.536969734900765,0.19966465316748,1.44410385927218,0.463030265099235,-0.444103859272175,0.80033534683252,25,0.217982516047736,3,718074037
143,-1.43935082061556,0.728726968229523,0.237081617234157,0.0568334946275959,0.988988862970099,0.762918382765843,0.0110111370299011,0.943166505372404,25,0.048250233053801,3,96083462
193,-0.788836444664448,0.52902395818523,0.454373176155999,0.161104130517259,1.28150024799006,0.545626823844001,-0.281500247990058,0.838895869482741,25,0.135930865532928,3,224626536
467,-0.0359616393490594,0.597525080323368,0.964677298422467,0.299066513652814,3.11169003418419,0.0353227015775333,-2.11169003418419,0.700933486347187,21,0.952008835626601,3,544332779
442,-0.833787530652663,0.484334357819732,0.434400859986766,0.168121990618244,1.12242370235631,0.565599140013234,-0.122423702356309,0.831878009381756,33,0.085157910997055,4,742377960
517,-1.06865836180652,0.47501592007661,0.343469019590942,0.135379618589298,0.871408625966452,0.656530980409058,0.128591374033548,0.864620381410702,30,0.0244659834992189,4,270451753
892,0.383118413130977,0.648970191223742,1.46685171428912,0.411132476690738,5.23348086979623,-0.466851714289117,-4.23348086979623,0.588867523309262,29,0.5549572011795,4,560714750
293,-0.672837509129438,0.467739776770852,0.510258658078496,0.204009110721203,1.27623662111776,0.489741341921504,-0.276236621117762,0.795990889278797,28,0.150295971380233,3,644055059
368,-2.03907459010118,0.838847884608717,0.130149096429002,0.0251427364714476,0.673705001065482,0.869850903570998,0.326294998934518,0.974857263528552,20,0.0150653718864882,3,833064523
342,-0.805082656930981,0.525431803329481,0.447050973170716,0.159627856808767,1.25200310652739,0.552949026829284,-0.252003106527385,0.840372143191233,26,0.125465554163531,5,541127277
93,-0.393983503380766,0.516820887129089,0.674365180894298,0.2448930171219,1.85700842983297,0.325634819105702,-0.857008429832973,0.7551069828781,35,0.445868341856167,4,390769954
717,-0.863095079537804,0.773842730809025,0.421854386770382,0.0925691855987717,1.92246612613362,0.578145613229618,-0.922466126133624,0.907430814401228,19,0.264706229512172,3,461175211
17,-0.737809945103639,0.554089228944556,0.478159966223974,0.161410434054737,1.41649425973154,0.521840033776026,-0.416494259731541,0.838589565945263,30,0.183000727115401,3,794101980
67,-1.3141072445578,0.614110181413317,0.268714112172911,0.0806415637853827,0.895410142008731,0.731285887827089,0.104589857991269,0.919358436214617,26,0.0323664206302592,3,880859835
493,-1.84343907925352,0.546046019940636,0.158272178503958,0.054276191402471,0.461529850218051,0.841727821496042,0.538470149781949,0.945723808597529,35,0.000735539332060126,3,677368319
118,-1.05091780694841,0.3986167373831,0.349616721156889,0.160062285383261,0.763651796048119,0.650383278843111,0.236348203951881,0.839937714616739,36,0.00837880184270905,2,851341870
865,-1.44914698342345,0.6112316935938,0.234770465803222,0.0708536292969668,0.777901882519678,0.765229534196778,0.222098117480322,0.929146370703033,22,0.0177465781897941,4,337432675
317,-0.105602037220357,0.560171678986064,0.899782656841309,0.300136366323637,2.69746995163993,0.100217343158691,-1.69746995163993,0.699863633676363,23,0.850471176525536,3,787516391
268,-0.583753916599128,0.482472088742368,0.55780049487459,0.216669563666827,1.43601799355991,0.44219950512541,-0.436017993559908,0.783330436333173,33,0.226308568332171,3,483044773
418,-1.17090063658725,0.527874512657075,0.310087539281419,0.110193687099602,0.872593381240556,0.689912460718581,0.127406618759444,0.889806312900398,31,0.0265451506859385,5,682359668
43,-1.20080435702314,0.532463657781132,0.300952041641257,0.105989637471614,0.854537608851604,0.699047958358743,0.145462391148396,0.894010362528386,27,0.0241216833562873,3,439787690
393,-1.03045246557959,0.562091868427588,0.356845463746449,0.118584168990632,1.07382533503673,0.64315453625355,-0.0738253350367346,0.881415831009368,32,0.0667660497999147,3,667804590
243,-1.10028290392127,0.57729216075462,0.332776926482573,0.10733991033634,1.031680410876,0.667223073517426,-0.0316804108760012,0.89266008966366,26,0.0566582866120055,3,603016171
543,-0.67674181706604,0.476087318329025,0.50827033518823,0.199916437051163,1.29223358240544,0.49172966481177,-0.292233582405439,0.800083562948837,31,0.15518140370012,3,994043041
792,0.201794528849619,0.638030771215257,1.22359656848592,0.350384973824412,4.27298164664105,-0.223596568485918,-3.27298164664105,0.649615026175588,28,0.751792183150693,3,240690569
917,-1.3997050331346,0.475123701446286,0.246669712603772,0.0972052675414663,0.625953188082854,0.753330287396228,0.374046811917146,0.902794732458534,28,0.00321932971869411,3,624237699
593,-0.24595358176414,0.546440003366674,0.781958521218136,0.267949618162548,2.28199291008028,0.218041478781864,-1.28199291008028,0.732050381837452,30,0.652637101436468,3,291772770
993,-0.64079864438715,0.52809134684685,0.526871473025658,0.187151156567643,1.48325852844994,0.473128526974342,-0.483258528449944,0.812848843432357,25,0.224967805739431,3,564969087
843,-0.941043338856995,0.635014376667533,0.390220490695477,0.112404798990326,1.35467553633296,0.609779509304523,-0.354675536332964,0.887595201009674,19,0.138360395191482,3,259197823
567,-0.262237157735305,0.546914805583244,0.769328549854299,0.263376561177743,2.24722509464877,0.230671450145701,-1.24722509464877,0.736623438822257,34,0.631594011084599,3,154128150
968,-1.68846894171865,0.514330511236243,0.184802250518434,0.0674385666047919,0.506414556478007,0.815197749481566,0.493585443521993,0.932561433395208,36,0.00102764022747804,3,941570609
667,-0.629003113823471,0.489863887919342,0.5331229991391,0.204105412333145,1.39251639122219,0.4668770008609,-0.39251639122219,0.795894587666855,22,0.199129183299801,4,103683050
818,-0.627270402103925,0.596549134737282,0.534047548364994,0.165880899471217,1.71934674108847,0.465952451635006,-0.719346741088467,0.834119100528783,24,0.293029788952055,3,237303378
168,-1.36194462849019,0.495134289622273,0.256162152071587,0.0970634875589436,0.676042555282163,0.743837847928413,0.323957444717837,0.902936512441056,30,0.00594758726173006,3,139151422
743,0.661376036072314,0.55141395680662,1.9374565110278,0.657457300107492,5.70947760639402,-0.937456511027796,-4.70947760639402,0.342542699892508,39,0.230365303353994,4,470966231
218,-1.18286682061975,0.564066554557599,0.30639908708132,0.101426898435477,0.925596681081487,0.69360091291868,0.0744033189185135,0.898573101564523,24,0.0359905535226573,3,201279597
618,-1.07058297371385,0.503023865702876,0.342808610745255,0.127901910397956,0.918811480105693,0.657191389254745,0.081188519894307,0.872098089602044,29,0.033312666101323,4,880916030
693,-0.83789154773433,0.438905445159907,0.432621724734979,0.183025386289891,1.02259888918483,0.567378275265021,-0.0225988891848337,0.816974613710109,32,0.0562559041541744,3,712028858
943,-1.76448754129567,0.553248333644255,0.171274535125599,0.0579117864351893,0.506545699731081,0.828725464874401,0.493454300268919,0.942088213564811,37,0.00142606523301062,3,82436906
468,-0.376306532491226,0.580810302611824,0.686391899372699,0.219879896333084,2.14268720051953,0.313608100627301,-1.14268720051953,0.780120103666916,24,0.5170501458932,3,855397602
443,-0.819587407504425,0.603708263155189,0.440613410794524,0.13495230483887,1.43858363889215,0.559386589205476,-0.438583638892152,0.86504769516113,25,0.174594287704172,3,183079516
768,-0.707553937234089,0.494213001706359,0.492848262034863,0.187084737833766,1.29833898907677,0.507151737965137,-0.298338989076774,0.812915262166234,36,0.152235963293767,3,903771471
518,0.0835725901891275,0.462646947930894,1.08716412987843,0.439025067876526,2.69216027005259,-0.0871641298784309,-1.69216027005259,0.560974932123474,28,0.856650079648506,3,776347926
643,-1.71824602257517,0.564997535122318,0.179380501496436,0.0592718469064876,0.542877706643405,0.820619498503564,0.457122293356595,0.940728153093512,32,0.00235671167520059,3,223627690
144,-1.23132079391906,0.492806612207298,0.291906774261165,0.111113396928808,0.766870307404548,0.708093225738835,0.233129692595452,0.888886603071192,32,0.0124689104346935,4,470226493
893,-0.754651858674919,0.515545862103481,0.470174273335261,0.171169124210622,1.29149371024604,0.529825726664739,-0.291493710246036,0.828830875789378,28,0.143250815410689,4,434753862
194,-0.822921912425733,0.475168408234085,0.439146630060708,0.17303958785063,1.11448348374562,0.560853369939292,-0.114483483745624,0.826960412149371,32,0.0832997091412939,3,152316848
68,0.300504312940016,0.433018789952254,1.35053973052455,0.577991035471152,3.15568486670131,-0.350539730524553,-2.15568486670131,0.422008964528848,31,0.48769774498505,3,185784371
294,-1.64982505089449,0.505299731496357,0.192083510519706,0.071347403551833,0.517132694068813,0.807916489480294,0.482867305931187,0.928652596448167,22,0.00109447689702821,3,906832224
369,-0.865880071747889,0.666425247595389,0.420681160061372,0.113943843204825,1.553156655533,0.579318839938628,-0.553156655533,0.886056156795175,22,0.193844212908294,3,61473850
94,-0.684276566951174,0.411829846952268,0.504455037047471,0.225046499263513,1.13076579833661,0.495544962952529,-0.130765798336607,0.774953500736487,37,0.0966027020970174,3,455488811
718,-1.34403180797864,0.549675129537198,0.260792082480205,0.0887994107176141,0.765911729984841,0.739207917519795,0.234088270015159,0.911200589282386,19,0.0144796535358888,3,207184547
343,-0.910943490965678,0.50528141368233,0.402144625167004,0.149377762336131,1.08262633622001,0.597855374832996,-0.0826263362200139,0.850622237663869,33,0.0714127408130841,3,190831319
244,-0.562667375183863,0.481864622019909,0.569687465206503,0.221550509913365,1.46487502168386,0.430312534793497,-0.464875021683864,0.778449490086635,24,0.24293277427097,3,835089189
419,-0.211549593725296,0.495504367697771,0.809329142410259,0.30644398152059,2.13746622630445,0.190670857589741,-1.13746622630445,0.693556018479411,33,0.669424560306824,3,604544735
594,-0.978365066189811,0.731180491975921,0.375925209534617,0.0896849328546831,1.57573584174531,0.624074790465383,-0.575735841745308,0.910315067145317,20,0.180876122105206,3,350837941
18,-0.664580936325184,0.518154419049314,0.514489086224231,0.186346965681086,1.42046326794958,0.485510913775769,-0.42046326794958,0.813653034318914,37,0.199634903077295,3,116287147
494,-0.82130746484751,0.50870336319211,0.439856181887091,0.162293681612464,1.19211948870738,0.560143818112909,-0.192119488707383,0.837706318387536,33,0.106416509589862,3,199875125
119,-0.0116040867816066,0.459178814116966,0.988462980962769,0.401889531691224,2.43116326176042,0.0115370190372311,-1.43116326176042,0.598110468308776,32,0.979838494303614,3,261199532
819,-0.169815293533177,0.426081147440095,0.843820661336162,0.36607428671584,1.94505141261261,0.156179338663838,-0.945051412612608,0.63392571328416,33,0.690223681480107,3,902369869
269,-0.30159982254176,0.575837418603168,0.739633990524554,0.239256178637961,2.28649660398981,0.260366009475446,-1.28649660398981,0.760743821362039,29,0.600446424727437,4,63611040
44,-0.807735169922177,0.452200142674935,0.445866735953296,0.183777192881267,1.08172914774078,0.554133264046704,-0.0817291477407822,0.816222807118733,37,0.0740614138479353,3,216700295
394,-0.860792837640549,0.512680717265232,0.422826716453742,0.154798875966907,1.15493365846709,0.577173283546258,-0.15493365846709,0.845201124033093,20,0.0931513164157312,2,111588155
668,-0.630821478853889,0.441066392851337,0.532154467759217,0.224182298922917,1.26320578795325,0.467845532240783,-0.263205787953255,0.775817701077083,39,0.152654210652222,4,433561186
866,0.162400312552348,0.631058466048574,1.17633104716386,0.341484990356233,4.05216853331714,-0.176331047163864,-3.05216853331714,0.658515009643767,25,0.796911757725145,4,441889825
744,-0.698883836362248,0.570695348846225,0.497139883693928,0.162443315421022,1.52144188462697,0.502860116306072,-0.521441884626967,0.837556684578978,23,0.220719156509938,3,626937489
544,-0.563831193004337,0.448082710888542,0.569024838445604,0.236440859362843,1.36943025685403,0.430975161554396,-0.36943025685403,0.763559140637157,33,0.208276247621247,3,711545870
844,-0.723888660945138,0.480344003374114,0.48486311696336,0.189125283522309,1.24305030936645,0.51513688303664,-0.243050309366453,0.810874716477691,26,0.131805188782272,2,188027000
994,-0.186945038302093,0.468723946922111,0.829489325274284,0.331003247339153,2.0786881889379,0.170510674725716,-1.0786881889379,0.668996752660847,30,0.69001239176735,3,846611313
793,-0.643448385857445,0.454709665640429,0.525477247817996,0.21552832190191,1.28116033910404,0.474522752182004,-0.281160339104037,0.78447167809809,32,0.157046439097137,3,584067520
969,0.13851637567719,0.539192834226314,1.148568490003,0.399204221329333,3.30459826260068,-0.148568490003001,-2.30459826260068,0.600795778670667,29,0.797259211237998,3,409626295
619,-0.676520110071863,0.466637352151515,0.508383034769155,0.203698867761021,1.26880091618532,0.491616965230845,-0.268800916185323,0.796301132238979,27,0.147120709578581,2,841219256
318,-0.70131239387124,0.519480110949178,0.495934015748864,0.179160235707806,1.37279651930084,0.504065984251136,-0.372796519300844,0.820839764292194,25,0.177007187649754,3,842075434
918,-0.748768576077841,0.399259134496151,0.472948594510616,0.216253899667349,1.0343414541594,0.527051405489384,-0.0343414541594,0.783746100332651,32,0.060738405405371,3,505442976
694,-1.02308760018362,0.503322336753168,0.359483284227283,0.134044793795592,0.964067517876873,0.640516715772717,0.0359324821231273,0.865955206204408,31,0.0420859974940118,3,157054925
169,-0.3785740687646,0.532619010332295,0.684837244127834,0.241113344602777,1.94515177796262,0.315162755872166,-0.945151777962624,0.758886655397223,29,0.477221590091032,3,632974886
568,-1.0066701144231,0.493597505949422,0.365433808596742,0.138885774629256,0.961523012864341,0.634566191403258,0.0384769871356585,0.861114225370744,37,0.0414045949986078,4,359752545
219,-1.32777380268927,0.499861388966204,0.265066695722909,0.0995112951340506,0.706054052324554,0.734933304277091,0.293945947675446,0.900488704865949,35,0.00790070497616478,3,112837793
469,-0.434635129710346,0.499150484018099,0.647500877815113,0.243423610257965,1.72233657337938,0.352499122184887,-0.722336573379385,0.756576389742035,29,0.38389084005623,3,616616183
944,0.101308155129091,0.498021506857981,1.10661759911596,0.416947042421623,2.93706966611561,-0.106617599115957,-1.93706966611561,0.583052957578377,36,0.838805795569062,3,673138220
444,-0.307405031851992,0.513852126712279,0.735352699315838,0.268598737933657,2.01320228289625,0.264647300684162,-1.01320228289625,0.731401262066343,34,0.549682225693096,3,192660058
145,-1.40950106440769,0.558924479052393,0.244265125320196,0.0816778103272058,0.73049768607493,0.755734874679804,0.26950231392507,0.918322189672794,32,0.01167529150927,3,422983228
769,-0.634832939460393,0.441892919473958,0.53002402702166,0.222923381639166,1.2601884430184,0.46997597297834,-0.260188443018401,0.777076618360834,33,0.150825525664559,3,185864418
295,-1.06141293678853,0.479285380501382,0.345966635837741,0.135227731618137,0.885121059716352,0.654033364162259,0.114878940283648,0.864772268381863,32,0.0267893190391164,4,956367268
519,-0.27084421985797,0.588223396895046,0.76273530616505,0.240811479910704,2.41585304606915,0.23726469383495,-1.41585304606915,0.759188520089296,24,0.645197209435375,3,824658019
370,-0.823968401170962,0.533515867697765,0.438687308434219,0.154179112066339,1.24820121222683,0.561312691565781,-0.248201212226827,0.845820887933661,34,0.122488512640007,3,307595403
894,-2.25343542488924,0.625901265624463,0.105037754699289,0.0308018858065599,0.358190079060626,0.894962245300711,0.641809920939374,0.96919811419344,27,0.000317844186013297,3,697655806
644,-1.52648067360068,0.491558315157781,0.217299069549266,0.082916826198522,0.569472901844121,0.782700930450734,0.430527098155879,0.917083173801478,35,0.00190027767509986,3,895391794
719,0.324585290570231,0.61100213918077,1.38345679441982,0.417714582486512,4.58196285758872,-0.383456794419825,-3.58196285758872,0.582285417513488,29,0.595256430483179,4,364134085
195,-0.286803304081716,0.507723468651413,0.750659365950087,0.277503143829575,2.03056972945376,0.249340634049913,-1.03056972945376,0.722496856170425,26,0.572154756884714,2,569556768
420,-0.300960086063794,0.406282576876098,0.740107312753241,0.333784633359111,1.64105467911551,0.259892687246759,-0.641054679115512,0.666215366640889,33,0.45883568190015,3,728278436
69,-0.422081620303052,0.465941442206984,0.655680520366574,0.263076591719549,1.63418927536697,0.344319479633426,-0.63418927536697,0.736923408280451,37,0.365005521406069,4,958498749
95,-1.54653004515114,0.59089682294571,0.212985743986991,0.0668926263635257,0.678145404176073,0.787014256013009,0.321854595823927,0.933107373636474,30,0.00886390486624014,3,47274509
395,0.824683862352744,0.557882879082556,2.28115949092984,0.764336999506523,6.80810771481547,-1.28115949092984,-5.80810771481547,0.235663000493477,25,0.139343994506917,3,805744348
344,-0.33287928105166,0.490104136622763,0.716856727122718,0.274318418089205,1.87331047911623,0.283143272877282,-0.87331047911623,0.725681581910795,26,0.497010434473729,3,823221865
845,-0.0816316605321297,0.55536944270675,0.921611362023362,0.310324806738552,2.73702741181805,0.0783886379766382,-1.73702741181805,0.689675193261448,27,0.883142889287444,3,952522272
595,-1.19769298546908,0.537846723474516,0.301889873477837,0.105204080365964,0.866292404167528,0.698110126522163,0.133707595832472,0.894795919634036,28,0.0259586666385758,3,858720030
545,-1.17488100358274,0.543134735274675,0.308855730226731,0.106521810276191,0.895514841951656,0.691144269773269,0.104485158048344,0.893478189723809,20,0.0305297717557507,2,384347375
867,-0.0706839894573617,0.43900249337425,0.931756290419602,0.394114790530135,2.20283482273959,0.0682437095803977,-1.20283482273959,0.605885209469865,32,0.872085169316277,4,501356195
995,-0.400176571188172,0.572742653475209,0.670201697277453,0.218115280919016,2.05932529413357,0.329798302722547,-1.05932529413357,0.781884719080984,29,0.484738137863721,4,732326754
820,0.211888271577467,0.757695164037978,1.23600977994056,0.279943645764242,5.45724183857814,-0.236009779940564,-4.45724183857814,0.720056354235758,18,0.779747238443833,3,680812046
120,-1.22510837918264,0.549614395108928,0.29372586482926,0.100025232584195,0.86253119778628,0.70627413517074,0.13746880221372,0.899974767415805,21,0.0258117388090477,3,248839587
495,-0.191027674854762,0.495318316004484,0.826109725368166,0.312911857007154,2.18098887295365,0.173890274631834,-1.18098887295365,0.687088142992846,36,0.699743685764704,3,305475333
45,0.0670180677797292,0.459427397409512,1.0693147981443,0.434550513397134,2.63130315643052,-0.0693147981442992,-1.63130315643052,0.565449486602866,29,0.88402162060213,3,935232839
794,-0.651985675271221,0.501313620412755,0.521010191879569,0.19504161825546,1.39176255032321,0.478989808120431,-0.391762550323212,0.80495838174454,33,0.193410996498839,3,412889216
19,-0.843419899488014,0.430198958996859,0.43023663853664,0.185149001361737,0.999754596448833,0.56976336146336,0.000245403551167311,0.814850998638263,34,0.0499333500469111,3,98964088
270,-0.247358561046964,0.549549966100294,0.780860657114553,0.265947408458879,2.29272159244842,0.219139342885447,-1.29272159244842,0.734052591541121,32,0.652630305540733,3,595101336
245,-0.100782382813518,0.505818250620102,0.904129765654688,0.335488387143069,2.43659889423892,0.0958702343453118,-1.43659889423892,0.664511612856931,34,0.842070132884628,3,793139839
745,-1.38889361571162,0.617006199115399,0.249351030136395,0.0744071273351632,0.835618017478523,0.750648969863606,0.164381982521477,0.925592872664837,26,0.0243842376855827,3,232440370
919,-0.994853197019783,0.481404557566826,0.369777725031745,0.143935673380956,0.949976907863236,0.630222274968255,0.0500230921367645,0.856064326619044,35,0.0387752816473569,3,846310391
569,-0.306040391417014,0.513572109487538,0.736356876357757,0.269113184008912,2.01484535719141,0.263643123642243,-1.01484535719141,0.730886815991088,35,0.551238428074177,4,930496048
220,-0.866286806204107,0.484997264905113,0.420510089331032,0.162534664815847,1.08794474969103,0.579489910668968,-0.0879447496910317,0.837465335184153,34,0.0740719900473077,3,603055615
970,0.0754921291751414,0.494583172609698,1.07841473967111,0.409068327700714,2.84299289870901,-0.0784147396711066,-1.84299289870901,0.590931672299286,30,0.878683847538849,3,844700275
620,-1.29100563669938,0.431738782710509,0.274994099832748,0.117984962209371,0.640944011226009,0.725005900167252,0.359055988773991,0.882015037790629,35,0.00278751862803633,3,750892711
170,-0.263060994469564,0.427214720248503,0.768695009736858,0.332742467252475,1.77582387626523,0.231304990263142,-0.775823876265234,0.667257532747525,36,0.538054076848856,4,813062578
319,-0.694509525094594,0.678450061564491,0.499319291517698,0.132093244101073,1.88745273521306,0.500680708482302,-0.887452735213059,0.867906755898927,24,0.305990786405495,4,868266995
470,-0.535238186470981,0.583199373327847,0.585529808255421,0.186693330156077,1.83640816771017,0.414470191744579,-0.836408167710167,0.813306669843923,30,0.358743513593108,4,385060092
669,-0.0859139630410371,0.625416249214315,0.917673181633645,0.269359789167188,3.12639117699532,0.0823268183663548,-2.12639117699532,0.730640210832812,24,0.890737669296507,4,988846229
945,-0.504605686239841,0.57288116014065,0.603743592903463,0.196433342815041,1.85562349420076,0.396256407096537,-0.855623494200761,0.803566657184959,27,0.378414777843174,3,623037493
445,-0.432800012212143,0.518028162927241,0.648690208953514,0.235012504755772,1.79053871039523,0.351309791046486,-0.790538710395233,0.764987495244228,20,0.40344984701195,2,70451087
146,0.327959100053636,0.463107151008535,1.38813219659597,0.560058387717914,3.44055376632783,-0.388132196595973,-2.44055376632783,0.439941612282086,33,0.47883901138826,3,184149150
695,-1.96414457126933,0.601729964196616,0.140275831282742,0.0431309850490857,0.456222106211355,0.859724168717258,0.543777893788645,0.956869014950914,21,0.00109788057045179,3,424330849
895,-1.15991352791799,0.561968506411587,0.313513289857415,0.10420954398297,0.943201353354758,0.686486710142585,0.0567986466452425,0.89579045601703,33,0.0390159397128989,4,658655229
720,-0.827911221119282,0.605065422203526,0.436961048765323,0.133478127044505,1.43045877527505,0.563038951234677,-0.430458775275054,0.866521872955495,26,0.171218085350557,3,616371415
770,-0.912711479254641,0.463125537043609,0.401434266317338,0.16195757638995,0.99501038337185,0.598565733682662,0.00498961662815045,0.83804242361005,24,0.0487507913950355,3,712230800
296,-0.882484031179476,0.507850588466996,0.413753856627811,0.152918084849813,1.11950299431569,0.586246143372189,-0.119502994315694,0.847081915150187,29,0.0822664438198754,3,382156981
645,-0.153250781789368,0.592522376625977,0.857914545486528,0.268588905674605,2.74031187367448,0.142085454513472,-1.74031187367448,0.731411094325395,26,0.795911983121583,3,646646167
520,-0.71330395665101,0.450143235701569,0.490022506817842,0.202793210522707,1.18407345378634,0.509977493182158,-0.184073453786339,0.797206789477293,24,0.113053716993416,3,220075569
196,-1.06197700181196,0.489413121274159,0.345771543186835,0.132495169202355,0.902357125905536,0.654228456813165,0.0976428740944639,0.867504830797645,33,0.0300145044035971,4,67400109
345,-0.917619845203127,0.522811571147564,0.399468707820383,0.14337213370138,1.11301439413641,0.600531292179617,-0.113014394136413,0.85662786629862,22,0.0792313262020088,3,130057521
596,-0.871031409927475,0.620466072270967,0.418519661225698,0.124043550018826,1.41207428202345,0.581480338774302,-0.412074282023446,0.875956449981174,28,0.160368266776304,3,532683546
371,-0.838012766596441,0.531780030009406,0.432569286000128,0.152547009241863,1.22661327888761,0.567430713999872,-0.226613278887613,0.847452990758137,30,0.115057252519435,3,277027628
821,-1.01331774056891,0.552793997168769,0.363012597824458,0.122852102488286,1.07265682483396,0.636987402175542,-0.0726568248339621,0.877147897511714,30,0.0667901046004894,3,133596128
121,-0.505415790142594,0.550693965593198,0.603254695918006,0.204997779992181,1.77522033731783,0.396745304081994,-0.775220337317828,0.795002220007819,30,0.358734166786572,4,630506620
96,-0.0447691312447665,0.473919245601862,0.956218217261213,0.377708031898152,2.42079384551919,0.0437817827387866,-1.42079384551919,0.622291968101848,38,0.924739197892603,3,676273705
70,-0.270835521856137,0.505124177656987,0.762741940466994,0.283409985474881,2.05276912446304,0.237258059533006,-1.05276912446304,0.716590014525119,34,0.591836835619519,3,546754850
396,-1.69898719294177,0.454513825748089,0.182868640943339,0.0750337008365465,0.445678934500536,0.817131359056661,0.554321065499464,0.924966299163454,27,0.0001854663973034,3,478119269
846,-0.567762840754997,0.601829762473406,0.566792025412836,0.174238975431793,1.84375051147693,0.433207974587164,-0.843750511476934,0.825761024568207,20,0.345479195367803,4,102550073
546,-0.182277819059855,0.437713002335427,0.833369782242174,0.353391228683517,1.96525872060152,0.166630217757826,-0.96525872060152,0.646608771316483,28,0.677093719226256,3,96920628
421,-0.281717239010035,0.503449529296193,0.754486993863189,0.281264383773848,2.02389871149282,0.245513006136811,-1.02389871149282,0.718735616226152,34,0.575770081167243,3,85791438
996,-0.919465283394964,0.648470185374671,0.398732192816012,0.111867125464115,1.42121611624736,0.601267807183989,-0.421216116247355,0.888132874535885,20,0.156220229178465,3,624521129
46,-0.154081366263853,0.490319736723857,0.857202270827696,0.32788563959943,2.24101224442108,0.142797729172304,-1.24101224442108,0.67211436040057,37,0.753333665399129,3,721085971
271,-1.06523570749965,0.541922913733262,0.344646609401962,0.119148448036502,0.996918443586261,0.655353390598038,0.00308155641373864,0.880851551963498,25,0.049338002170632,3,928753488
795,-0.702587312396912,0.646453411320266,0.495302143163296,0.139510876046648,1.75845941172447,0.504697856836704,-0.758459411724467,0.860489123953352,22,0.27711033904501,3,570701992
746,-0.04766606700459,0.540618815756551,0.953452123046534,0.330463364267524,2.75089782783308,0.0465478769534663,-1.75089782783308,0.669536635732476,31,0.929741993158494,3,541489525
496,-0.577498911308898,0.52217380319368,0.561300474705691,0.201706671294087,1.56196233314208,0.438699525294309,-0.561962333142076,0.798293328705913,32,0.268747503584894,3,140415511
246,-0.0457741580393159,0.552234028277738,0.955257675097587,0.323636934348,2.8195707256689,0.0447423249024126,-1.8195707256689,0.676363065652,30,0.93393975506981,3,449455870
920,-0.40157183988827,0.467362751320836,0.669267237889056,0.267780945511493,1.67270540798215,0.330732762110944,-0.672705407982147,0.732219054488507,31,0.390213938368193,4,823960924
20,-1.1220928674061,0.503223489942727,0.325597648345449,0.121432978720264,0.873023372442363,0.674402351654551,0.126976627557637,0.878567021279736,28,0.0257600463982108,3,367162156
868,-0.540599580873463,0.540156379138374,0.58239895239508,0.2020405962973,1.67881379270815,0.41760104760492,-0.678813792708146,0.7979594037027,33,0.316913593736614,4,850171945
670,0.774767750851323,0.485267082265898,2.17008806754576,0.838334366029634,5.61742714092435,-1.17008806754576,-4.61742714092435,0.161665633970366,29,0.11035934500719,4,858885601
221,-0.553176841746415,0.461106449044316,0.57511984043879,0.232950597705485,1.41988401886187,0.42488015956121,-0.419884018861874,0.767049402294515,35,0.230266460190419,4,5173676
971,-0.470843125989845,0.529231418014701,0.624475534709185,0.22132620062483,1.76196804693431,0.375524465290815,-0.761968046934312,0.77867379937517,33,0.373641269899486,3,359173400
621,-0.173529264794585,0.534348330239988,0.840692548107152,0.294984417148164,2.39593659650131,0.159307451892848,-1.39593659650131,0.705015582851836,25,0.745370792788296,3,570451390
946,-0.0705530114712904,0.442405885432376,0.931878337974628,0.391545866944483,2.21786848004064,0.0681216620253723,-1.21786848004064,0.608454133055517,36,0.873294060559185,4,103084674
171,-0.276079010613518,0.417735956206016,0.758752978854486,0.334597674740414,1.72059200162463,0.241247021145514,-0.720592001624634,0.665402325259586,32,0.508680565027296,4,449536428
320,-0.27835930679558,0.436693910940545,0.75702476849827,0.32165888944106,1.78165913933142,0.24297523150173,-0.781659139331416,0.67834111055894,28,0.523848509739468,3,328782822
471,0.514685719442112,0.615656357604522,1.67311259240136,0.500584647668718,5.59207270915858,-0.67311259240136,-4.59207270915858,0.499415352331282,26,0.403157640282945,4,766284118
570,-0.690326122950331,0.445862109319434,0.501412520268554,0.209255392510004,1.20147209812069,0.498587479731446,-0.201472098120689,0.790744607489996,34,0.121551261597079,3,886976793
147,-1.36803982274411,0.538293422550389,0.254605542731542,0.08864855522991,0.731246913404308,0.745394457268458,0.268753086595692,0.91135144477009,26,0.0110397252067817,3,531086646
771,-0.799782041866931,0.547090541373213,0.449426909693004,0.153806524744989,1.31323783234225,0.550573090306996,-0.313237832342248,0.846193475255011,32,0.143773434589031,3,840953626
446,-0.460042624393541,0.425221053847495,0.631256737997846,0.274319834152946,1.45262944802419,0.368743262002154,-0.452629448024187,0.725680165847054,45,0.279301180538053,3,41751982
297,0.281887075093929,0.542548529151671,1.32562901500224,0.457724180661515,3.83919478074354,-0.325629015002237,-2.83919478074354,0.542275819338485,30,0.6033695623581,4,799344451
896,-0.995848648245112,0.600787665916133,0.369409812492139,0.113793390857863,1.19922263091651,0.630590187507861,-0.199222630916507,0.886206609142137,28,0.0974039404994664,4,379498783
696,-0.923533041112404,0.534702830223429,0.397113541234661,0.139243465066291,1.13254266228477,0.602886458765339,-0.13254266228477,0.860756534933709,19,0.0841336604290217,3,775000941
646,-1.18146838180958,0.458090674525691,0.306827867197596,0.125016493106275,0.753047359991095,0.693172132802404,0.246952640008905,0.874983506893725,28,0.00990538976206963,3,3863509
372,-0.585977048850557,0.529010001762206,0.55656180799711,0.197341884563998,1.56966701116385,0.44343819200289,-0.569667011163849,0.802658115436002,27,0.267997385563195,3,602681193
197,-0.607403238539906,0.435693140403935,0.544763655211028,0.231923871316548,1.27958988591488,0.455236344788972,-0.279589885914881,0.768076128683452,36,0.163285031195352,3,374048714
822,-0.39276299656926,0.590702745580755,0.675188750675051,0.212137823757772,2.14897956886123,0.324811249324949,-1.14897956886123,0.787862176242228,19,0.506109321884536,3,597002885
521,0.749416406715569,0.63635424111981,2.11576491005484,0.607857385842857,7.36432798034079,-1.11576491005484,-6.36432798034079,0.392142614157143,21,0.238927497165572,3,107111145
397,-0.304575560757309,0.601687898997886,0.737436304883717,0.226760207893504,2.39818224199172,0.262563695116283,-1.39818224199172,0.773239792106496,22,0.612714917741346,4,496751136
721,-2.30702087142786,0.71419446713161,0.0995574045100971,0.0245555764237845,0.403642603282026,0.900442595489903,0.596357396717974,0.975444423576216,28,0.00123685534651703,3,539696363
597,-0.180262103702755,0.390364534958343,0.835051312684396,0.388538687245488,1.79470080511019,0.164948687315604,-0.794700805110191,0.611461312754512,35,0.644239886974835,3,217103122
997,-0.349397795798543,0.471693063696732,0.705112583650245,0.279738731725911,1.77731468414987,0.294887416349755,-0.777314684149873,0.720261268274089,24,0.458856403571732,2,217299143
346,-0.601870546412929,0.504424945795259,0.547786017988939,0.203818523228841,1.47223871879039,0.452213982011061,-0.472238718790389,0.796181476771159,32,0.232798272764086,4,871353981
122,-1.17650375463163,0.579857867297587,0.308354940704808,0.0989634894119792,0.960786346783326,0.691645059295192,0.0392136532166739,0.901036510588021,21,0.0424631839393402,3,188305983
47,-1.0633763897782,0.461670775799243,0.345288013052267,0.139703287132153,0.853407349283072,0.654711986947733,0.146592650716928,0.860296712867847,30,0.0212607406208173,3,180805483
97,-1.4377876365485,0.645028194843521,0.237452509251531,0.0670699169282094,0.840670403844405,0.762547490748469,0.159329596155595,0.932930083071791,19,0.0258118634494804,2,886829372
747,-1.18196217219814,0.537399720322825,0.306676395946432,0.106965784216878,0.879256974735037,0.693323604053568,0.120743025264963,0.893034215783122,29,0.0278488016129558,3,119587837
247,-0.732369235434294,0.461721905550267,0.480768585711458,0.19449913928837,1.18837766507698,0.519231414288542,-0.188377665076979,0.80550086071163,34,0.112700849131926,3,80343809
497,-0.142688157137159,0.555402660548767,0.867024402114264,0.29192528909052,2.57508116615584,0.132975597885736,-1.57508116615584,0.70807471090948,22,0.797248723858558,3,690586340
847,-0.172596744330421,0.572377766308176,0.841476876756753,0.274052235063375,2.58375318104067,0.158523123243247,-1.58375318104067,0.725947764936625,27,0.763000151905154,3,954861001
71,0.0331587239635485,0.619587545710951,1.03371460149938,0.306906987105179,3.48172548116939,-0.033714601499383,-2.48172548116939,0.693093012894821,21,0.957319655175198,3,179804150
921,-0.874465785591496,0.630741045269036,0.417084772869463,0.121153672576127,1.43585996248083,0.582915227130537,-0.435859962480828,0.878846327423873,25,0.165621699641653,3,409198325
547,-0.675610475637182,0.496537659334706,0.508845687874286,0.192279275308689,1.34660344258409,0.491154312125714,-0.346603442584092,0.807720724691311,30,0.173626545176922,2,205383437
422,-0.708490644832862,0.450278473953747,0.492386823473016,0.203717665416783,1.19010191597195,0.507613176526984,-0.190101915971953,0.796282334583217,25,0.115614667493896,2,153954441
272,-0.059884378226527,0.499871267067843,0.941873428364998,0.353591121085616,2.50890223808881,0.0581265716350018,-1.50890223808881,0.646408878914384,34,0.904641898212773,3,568401120
622,-0.136653005342564,0.541204589109298,0.872272847643008,0.301979994172157,2.51957061864661,0.127727152356992,-1.51957061864661,0.698020005827843,30,0.800656261194911,4,6239247
796,-0.337134014297867,0.395026359485485,0.713813172321354,0.329107296622627,1.54821619030747,0.286186827678646,-0.548216190307474,0.670892703377373,48,0.3934115331378,3,651937019
947,-0.331570107881228,0.478158684211619,0.717795831307783,0.281184593815583,1.8323580550816,0.282204168692217,-0.8323580550816,0.718815406184417,26,0.488039043533708,3,296955679
869,-0.118741481014636,0.53900677406574,0.888037345603373,0.308764834383905,2.55408077399695,0.111962654396627,-1.55408077399695,0.691235165616095,32,0.825639992663439,4,356619589
671,-1.3707021882438,0.559593613818036,0.253928591264522,0.0847978137890799,0.760393771730565,0.746071408735478,0.239606228269435,0.91520218621092,28,0.014307058929987,3,61002020
21,0.378239995392469,0.523402396582798,1.45971322528943,0.523295036142191,4.0718190560208,-0.459713225289428,-3.0718190560208,0.476704963857809,22,0.469891121425169,3,568456538
222,0.109595814765205,0.639231877952224,1.11582697851336,0.318773122555134,3.90581814425998,-0.11582697851336,-2.90581814425998,0.681226877444866,24,0.863870546005658,3,945878724
472,0.25825966476959,0.545587630095401,1.29467495645503,0.444381238089681,3.77194872150199,-0.294674956455035,-2.77194872150199,0.555618761910319,31,0.635955964666438,3,418463882
897,-0.638380166955509,0.652141539558976,0.528147241879803,0.147113026879177,1.89608979587059,0.471852758120197,-0.896089795870589,0.852886973120823,25,0.327630290962568,3,247642160
172,0.433779096360238,0.569758783547763,1.54307795892627,0.505135989778046,4.71375953309187,-0.543077958926269,-3.71375953309187,0.494864010221954,30,0.446455121430202,3,380642248
697,-1.17722490424893,0.496389030734767,0.308132650819092,0.116469070929243,0.815201235343262,0.691867349180908,0.184798764656738,0.883530929070757,34,0.0177123463578207,3,273868551
321,-0.413719746206345,0.513245923005814,0.66118622525077,0.241795422839852,1.80800454916349,0.33881377474923,-0.808004549163486,0.758204577160148,26,0.42019394511014,4,572801619
447,-0.884112950993863,0.392933163862077,0.413080433397596,0.191235849129084,0.892277495213604,0.586919566602404,0.107722504786396,0.808764150870916,32,0.0244467915262927,2,538460049
647,-0.378177965878519,0.478871533446714,0.685108563868448,0.268005192232914,1.75136063736396,0.314891436131552,-0.751360637363963,0.731994807767086,29,0.429686992228918,3,928124988
772,-0.737098821579988,0.532817015075501,0.478500117954638,0.168402053767697,1.35961740228207,0.521499882045362,-0.359617402282074,0.831597946232303,26,0.166542386915273,3,780806989
298,0.213321670940354,0.488805426458651,1.23778274595226,0.474867547896386,3.22638624804789,-0.237782745952263,-2.22638624804789,0.525132452103614,31,0.662536176100722,3,132612894
571,-0.807554497194626,0.531560052450791,0.445947299190176,0.157332629495791,1.2640034956025,0.554052700809824,-0.264003495602497,0.842667370504209,27,0.128708153894908,4,600072922
972,-2.09775220113764,0.624178992872983,0.12273199526668,0.036112343492903,0.417118946188041,0.87726800473332,0.582881053811959,0.963887656507097,23,0.000777119217073105,3,966826052
373,-0.503920800641361,0.466243111233127,0.604157229826235,0.242260785576635,1.50666546169457,0.395842770173765,-0.506665461694571,0.757739214423365,35,0.279781082376458,3,995334986
148,-1.42628582117183,0.487238852840338,0.240199411069816,0.0924343677070361,0.624180794541149,0.759800588930184,0.375819205458851,0.907565632292964,33,0.00341938011911467,3,254897916
522,-0.396526544658693,0.610892080583499,0.672652421135314,0.203141393835203,2.22732192152947,0.327347578864686,-1.22732192152947,0.796858606164797,24,0.516277449986983,3,129573108
722,-2.45924315725608,0.427406259844889,0.0854996362652492,0.0369960535321812,0.197593718884938,0.914500363734751,0.802406281115062,0.963003946467819,26,8.72194953471603e-09,3,781907519
598,-1.22386795879072,0.58604885468317,0.294090434444678,0.0932470732368585,0.927527059344444,0.705909565555322,0.0724729406555557,0.906752926763141,27,0.0367673765923464,3,96060080
198,-1.35372449125832,0.560646149705141,0.258276518400169,0.0860720319274749,0.775010865470457,0.741723481599831,0.224989134529543,0.913927968072525,20,0.0157534008021816,3,637719531
98,-1.49532518062796,0.513012462937573,0.224175695283441,0.0820184438831292,0.612724894261881,0.775824304716559,0.387275105738119,0.917981556116871,32,0.00355924432524904,3,541350196
123,-0.444422541012479,0.553469997934332,0.641194432634778,0.216708140911541,1.89716130973434,0.358805567365222,-0.897161309734345,0.783291859088459,31,0.42198921643495,4,340587512
347,-0.739551024549573,0.448269010602431,0.47732817605142,0.198266708768301,1.14917017116997,0.52267182394858,-0.149170171169971,0.801733291231699,33,0.0989853043726379,4,432869290
398,-0.808331023725677,0.4906390786216,0.445601143697761,0.170338789233932,1.16567917476543,0.554398856302239,-0.165679174765427,0.829661210766068,30,0.0994540011512687,3,852148891
823,-0.771696093330773,0.514713268644587,0.462228420540032,0.168551226216332,1.26759749870174,0.537771579459968,-0.26759749870174,0.831448773783668,36,0.133802628894091,3,647937997
72,-0.377115473238441,0.519591155595137,0.685836873518519,0.247710284122104,1.89888045522484,0.314163126481481,-0.898880455224842,0.752289715877896,31,0.467965856248858,3,309255029
548,-0.210346955624405,0.627020945530142,0.81030305798969,0.237097121503748,2.76929151068189,0.18969694201031,-1.76929151068189,0.762902878496252,25,0.737270283902195,3,692151468
998,-1.77314468375635,0.437889622568809,0.169798186774664,0.0719781575613241,0.400557963815616,0.830201813225336,0.599442036184384,0.928021842438676,42,5.13719426315557e-05,3,303932228
48,-0.801725016878529,0.527980995845613,0.448554532216196,0.159366491165921,1.26250610714779,0.551445467783804,-0.262506107147793,0.840633508834079,26,0.128895138908934,2,829949756
748,-0.744746556726107,0.63942131993493,0.474854633403328,0.135607673648935,1.66278881421088,0.525145366596672,-0.662788814210879,0.864392326351065,20,0.244132504497515,3,326233587
248,-1.04676475864627,0.485057941389854,0.351071715526751,0.135679355895059,0.908401640248235,0.648928284473249,0.0915983597517649,0.864320644104941,28,0.030926273657124,3,58082197
848,-1.70346696134294,0.535550202849679,0.18205126398077,0.0637283302203232,0.520061683750605,0.81794873601923,0.479938316249395,0.936271669779677,27,0.00146879515024262,4,683467900
273,-1.0366448290134,0.421733942212533,0.354642574529751,0.155170903414579,0.810534403689458,0.645357425470249,0.189465596310542,0.844829096585421,39,0.0139692144213298,4,929851017
498,0.454431701236107,0.49849110394197,1.57527790012375,0.592981007036388,4.18478911326414,-0.575277900123748,-3.18478911326414,0.407018992963612,28,0.361971704841456,3,914707118
797,-0.946497805418299,0.503595419095724,0.388097840302851,0.144637207420967,1.04136367352114,0.611902159697149,-0.0413636735211436,0.855362792579033,26,0.0601789040970291,3,556687675
423,0.692816261795563,0.43879001270839,1.99933827196639,0.846033467988121,4.7248172525081,-0.999338271966386,-3.7248172525081,0.153966532011879,33,0.114353396355246,3,363525363
623,-0.158410222075091,0.45242132679607,0.853499585773123,0.351642681464233,2.07159591629092,0.146500414226877,-1.07159591629092,0.648357318535767,36,0.726234597127094,3,982201869
922,0.0344894533687609,0.539046158580088,1.03509111159429,0.359866696554861,2.97725135323317,-0.035091111594294,-1.97725135323317,0.640133303445139,34,0.948984260897351,3,1452253
948,-0.748537733419347,0.492847626891367,0.473057783823795,0.180053485242639,1.24287328587231,0.526942216176205,-0.242873285872311,0.819946514757361,34,0.12881245882111,3,293107153
173,-0.770673671228828,0.477944433068413,0.462701254770234,0.181331660385099,1.18066779243776,0.537298745229766,-0.180667792437762,0.818668339614901,30,0.106858515059864,4,472927956
22,-1.08630984514519,0.546829666646982,0.337459476622475,0.115547185792116,0.98556185147769,0.662540523377525,0.0144381485223104,0.884452814207884,27,0.0469711973694618,3,608878282
223,-0.166298487729226,0.469646005863102,0.846793439012413,0.337298243417189,2.12589049112708,0.153206560987587,-1.12589049112708,0.662701756582811,36,0.723268989099601,4,923882006
473,-0.951222179357503,0.569064151518953,0.386268645283161,0.126619668590141,1.17835931802862,0.613731354716839,-0.178359318028618,0.873380331409859,30,0.0946120520820835,4,295582785
672,-0.242912514332534,0.497150248523862,0.784340129289807,0.296025672694095,2.07816245400469,0.215659870710193,-1.07816245400469,0.703974327305905,21,0.625117929655588,4,471101846
299,-0.355404224512483,0.509580790984374,0.700890068992586,0.258162971227818,1.90285572898418,0.299109931007414,-0.902855728984182,0.741837028772182,22,0.48552477805613,3,504888793
973,0.211668374344197,0.642292319018989,1.23573801469097,0.350918443056415,4.35157647358787,-0.235738014690969,-3.35157647358787,0.649081556943585,27,0.741738901251867,4,878998807
374,0.841057323699651,0.548032730734519,2.31881742171119,0.792100429019504,6.78817235572909,-1.31881742171119,-5.78817235572909,0.207899570980496,26,0.124861351136785,3,693278190
870,-0.994161222562337,0.486254334128958,0.370033690322908,0.142672682659762,0.959713726702123,0.629966309677092,0.0402862732978768,0.857327317340238,33,0.0409012880988385,3,479912071
773,-0.349184518972756,0.50689983702763,0.705262983861778,0.261142265056214,1.90469312310877,0.294737016138222,-0.904693123108766,0.738857734943786,32,0.490909514461739,4,21369612
898,-1.03329958754293,0.546838163042561,0.355830926130592,0.121835598964876,1.03923359893734,0.644169073869408,-0.0392335989373416,0.878164401035124,30,0.0588128981002543,3,370499997
698,-0.740937510235694,0.501754032300474,0.476666825949912,0.178287592796925,1.27440872018483,0.523333174050088,-0.274408720184832,0.821712407203075,32,0.139757498840996,3,453705584
448,-0.264702582264627,0.583871831230291,0.767434164567914,0.244370358184719,2.41009262056596,0.232565835432086,-1.41009262056596,0.755629641815281,30,0.650291447293769,3,613110642
322,-0.849865213378594,0.374329011332551,0.427472545646033,0.205247934516163,0.890302636720126,0.572527454353967,0.109697363279874,0.794752065483837,38,0.0231851664534503,3,771542809
648,-2.25403136844656,0.670750869152523,0.104975176774408,0.0281930745485193,0.390868605687312,0.895024823225592,0.609131394312688,0.971806925451481,24,0.000778128382160913,3,86017497
149,-0.242304737330154,0.423611774182499,0.784816978076617,0.34212861062372,1.80031038022346,0.215183021923383,-0.800310380223461,0.65787138937628,35,0.567323889797908,3,587068224
824,0.0737606601099985,0.497617896178515,1.07654911351306,0.405938952306817,2.85500562885076,-0.0765491135130552,-1.85500562885076,0.594061047693183,35,0.882163224276663,4,42727204
572,-2.21278556109627,0.634688463220123,0.109395495864762,0.0315320089984043,0.379530987578457,0.890604504135238,0.620469012421543,0.968467991001596,23,0.000489546167450352,3,776272553
599,-0.386268084616183,0.46395760591831,0.679588314085006,0.273731307696635,1.68720297479724,0.320411685914994,-0.687202974797238,0.726268692303365,27,0.4050983493501,3,272657554
199,-0.576745410836569,0.43942433329452,0.56172357426134,0.237401784965609,1.32911121088093,0.43827642573866,-0.329111210880933,0.762598215034392,42,0.189350739128519,4,53371947
124,0.336046928374714,0.500473085258543,1.39940469505793,0.524734796280479,3.73204429062373,-0.399404695057926,-2.73204429062373,0.475265203719521,37,0.501928461366683,4,133266010
749,0.383645902118928,0.545489823164313,1.46762566652306,0.503841015950638,4.27500943521491,-0.467625666523056,-3.27500943521491,0.496158984049362,34,0.481865487462601,3,204918740
99,-1.87085899446558,0.577961795976618,0.153991327288068,0.0496060092170681,0.478033392611268,0.846008672711932,0.521966607388732,0.950393990782932,29,0.00120795857270296,3,992646892
523,-1.57571623472032,0.545638757482113,0.206859339768508,0.0709948068229654,0.602731218864603,0.793140660231492,0.397268781135397,0.929005193177035,30,0.00387899830313691,3,736834355
849,-0.420642442020625,0.584455638071194,0.656624840891499,0.208846772214236,2.06446179227278,0.343375159108501,-1.06446179227278,0.791153227785764,25,0.471699485186165,3,543298839
249,-1.16258976513382,0.575781725483953,0.312675375652144,0.101155007588048,0.966495805500397,0.687324624347856,0.0335041944996031,0.898844992411952,28,0.0434716143552783,3,374787404
399,-0.532835057970116,0.566659421772207,0.58693860370601,0.193308655515185,1.78210811927819,0.41306139629399,-0.782108119278186,0.806691344484815,30,0.34705899055518,4,126645964
549,-0.622419164914187,0.480349463408157,0.536644634138831,0.209320896789674,1.37581802756831,0.463355365861169,-0.375818027568311,0.790679103210326,23,0.195057074967452,3,164356993
499,-0.0955754845833707,0.454062233393435,0.908849754919232,0.373244675174545,2.2130466472977,0.0911502450807682,-1.2130466472977,0.626755324825455,34,0.833285384458415,3,519928758
49,-0.509515761766299,0.429208439731772,0.600786432146164,0.259046202411863,1.39335892088101,0.399213567853836,-0.393358920881014,0.740953797588137,32,0.235185951917429,3,718318330
723,-1.15702277766907,0.503794828108392,0.314420889668276,0.117133321097374,0.84399976824363,0.685579110331724,0.15600023175637,0.882866678902626,33,0.0216407400919212,4,645283619
999,-1.26578895380936,0.458570832859341,0.282016710189245,0.114799141818387,0.692805046851196,0.717983289810755,0.307194953148804,0.885200858181613,32,0.00577498915883088,3,364359500
73,-0.946136385374882,0.490105263854228,0.38823813199173,0.148566137255503,1.01455721954463,0.611761868008269,-0.0145572195446251,0.851433862744497,30,0.0535479022884968,3,66317449
274,-0.679824131823803,0.507086127642265,0.506706098007261,0.187552836413565,1.36895327560706,0.493293901992739,-0.368953275607059,0.812447163586435,35,0.180034682413859,3,637564655
348,-0.358559839957261,0.517855465739433,0.698681815497664,0.253209542454365,1.92787473400648,0.301318184502336,-0.927874734006482,0.746790457545635,28,0.48869014782007,3,178109034
923,-0.606159887080512,0.471333386918656,0.545441409152623,0.216545119271181,1.37387687064805,0.454558590847377,-0.373876870648052,0.783454880728819,29,0.198424438935586,3,143484277
424,-0.00262252909560642,0.542600248666652,0.997380906729649,0.344349043571514,2.88883820553509,0.00261909327035126,-1.88883820553509,0.655650956428486,30,0.996143629985501,4,537249710
798,-0.991168674795587,0.497233516979417,0.371142692359666,0.140053825839363,0.983528277549324,0.628857307640334,0.0164717224506755,0.859946174160637,32,0.046221320725842,3,53993202
224,-1.05005937528962,0.382202169823118,0.349916972072781,0.165437489418423,0.740109679946267,0.650083027927219,0.259890320053733,0.834562510581577,36,0.00600711975687831,3,685862729
624,-0.190766889830553,0.54106168159099,0.826325190506715,0.286153099296977,2.3861818101691,0.173674809493285,-1.3861818101691,0.713846900703023,36,0.72440421750497,3,9398039
474,0.0397939013777655,0.4038200809492,1.04059628662938,0.471574155520107,2.2962255651024,-0.0405962866293752,-1.2962255651024,0.528425844479893,35,0.921500619489972,3,777749044
949,-0.935766375688832,0.448801455079995,0.392285112528011,0.16277261308562,0.945414628382035,0.607714887471989,0.054585371617965,0.83722738691438,36,0.0370661976885216,4,123776252
774,-1.58857518640385,0.492443261028797,0.204216374810819,0.0777897003779004,0.536116317947933,0.795783625189181,0.463883682052067,0.9222102996221,28,0.00125575023229252,3,11978460
174,-1.19826428399249,0.48511919293233,0.301717453495218,0.116591322334896,0.780790713413093,0.698282546504782,0.219209286586907,0.883408677665104,31,0.0135097576927967,3,424631606
300,-0.748504752127619,0.612987818569221,0.473073386137858,0.142282779099406,1.5729129701324,0.526926613862142,-0.572912970132401,0.857717220900594,24,0.222057221880449,3,589889445
23,-0.376421450782894,0.494803950934423,0.686313024920353,0.260222206124409,1.81008982742285,0.313686975079647,-0.810089827422848,0.739777793875591,31,0.446807194737909,3,812164449
673,-0.119060270922732,0.520176591599055,0.887754293379075,0.32027103539859,2.46075229510576,0.112245706620925,-1.46075229510576,0.67972896460141,35,0.818958819741506,4,329082127
375,-0.630783731242618,0.489714537230104,0.532174555698335,0.203801950635015,1.38963222309837,0.467825444301665,-0.38963222309837,0.796198049364985,33,0.197723639055257,3,322112150
150,-1.39385794952382,0.445176505071334,0.248116235887719,0.103686032293547,0.593731529207346,0.751883764112281,0.406268470792654,0.896313967706453,35,0.00174198419737314,4,346822408
974,-0.0250052763219465,0.512786482251195,0.975304765992815,0.356989712803811,2.66455685542697,0.0246952340071848,-1.66455685542697,0.643010287196189,32,0.961107750602836,3,715980111
871,-0.693618809809227,0.590598274654372,0.499764240975155,0.157053281677931,1.59031568069787,0.500235759024845,-0.590315680697873,0.842946718322069,29,0.240221154976432,4,515797033
899,-0.647692293246558,0.525910702208152,0.523251896475692,0.186661525053117,1.46678619007048,0.476748103524308,-0.466786190070484,0.813338474946882,26,0.218112276254991,2,954700851
699,-0.194956683607522,0.519355236293915,0.822870301056969,0.297341418871523,2.2772324653975,0.177129698943031,-1.2772324653975,0.702658581128477,28,0.707376280476499,3,804643505
449,-0.521649829433832,0.541738754102414,0.593540499150133,0.205268114962699,1.71624474748748,0.406459500849867,-0.716244747487479,0.794731885037301,27,0.335588831508177,3,534960106
649,-0.727074601775433,0.535167183292107,0.483320829884157,0.169316927986315,1.3796554625583,0.516679170115843,-0.379655462558303,0.830683072013685,33,0.174275468544016,4,753153097
200,-0.890224057362439,0.419120466170847,0.410563752614552,0.180561276605588,0.933547868788863,0.589436247385448,0.0664521312111368,0.819438723394412,31,0.0336677121565517,3,50252283
323,-0.693663055358294,0.604334304153104,0.499742129121088,0.152874718535118,1.63363961033955,0.500257870878912,-0.633639610339553,0.847125281464882,17,0.25104557495565,2,992224850
850,-0.799223054753528,0.484571079437883,0.449678203772472,0.173953906783913,1.1624371690555,0.550321796227528,-0.162437169055499,0.826046093216087,26,0.0990777497349556,4,432189741
100,-0.788953110938472,0.506927446242476,0.454320169222641,0.168214950800956,1.22704203865164,0.545679830777359,-0.227042038651636,0.831785049199044,28,0.119626491276844,3,145450931
524,-0.284533793233829,0.567258168537564,0.752364930190384,0.247501317562279,2.28707060534312,0.247635069809616,-1.28707060534312,0.752498682437721,33,0.615952521357175,3,920185245
400,-0.854078379242828,0.535359819332933,0.425675321568894,0.149066264471049,1.21556329351752,0.574324678431106,-0.215563293517519,0.850933735528951,33,0.11063729197684,3,447922698
550,-0.602960961095817,0.576629817993585,0.54718902961344,0.17672955782303,1.69420349271242,0.45281097038656,-0.694203492712415,0.82327044217697,25,0.295716254195367,3,159111168
825,-0.833524445119075,0.506758938423481,0.434515159603435,0.160935162375848,1.17316452873281,0.565484840396565,-0.173164528732805,0.839064837624152,36,0.100008072981845,4,519879776
600,-0.858077763702318,0.576489904323663,0.423976282123688,0.13697221093386,1.3123529698314,0.576023717876312,-0.312352969831405,0.86302778906614,26,0.136631634592535,3,542720161
125,-0.555948721037983,0.452008261679175,0.573527885036306,0.236485440658287,1.39092805882082,0.426472114963694,-0.39092805882082,0.763514559341713,42,0.218714868240849,3,94501949
50,-1.34568991551477,0.506567550792891,0.260360019465342,0.0964679865950789,0.7026925939745,0.739639980534658,0.2973074060255,0.903532013404921,34,0.00789595866616448,3,369969907
750,-0.240194976094875,0.542017493396095,0.786474502389207,0.271843229183873,2.2753634319506,0.213525497610793,-1.2753634319506,0.728156770816127,30,0.657657343197436,4,467852039
573,-0.444477188228271,0.53647544797858,0.641159394101641,0.224035726877489,1.83490987966209,0.358840605898359,-0.834909879662093,0.775964273122511,25,0.407379713516211,3,664020911
275,-0.47385447735154,0.572834823320921,0.622597848063454,0.202586140003679,1.91339881596147,0.377402151936546,-0.913398815961468,0.797413859996321,22,0.408118259184474,4,325271279
250,-0.999645568379874,0.488525081017459,0.368009852387352,0.141262257675304,0.958722122121638,0.631990147612648,0.0412778778783622,0.858737742324696,34,0.0407315545634942,4,61756461
500,0.179040310974771,0.539794216139567,1.19606895790169,0.415224097000904,3.44532256771438,-0.196068957901692,-2.44532256771438,0.584775902999096,29,0.740128994088518,3,235532464
349,-0.119621124596129,0.516323625351909,0.887256532721054,0.322517837353356,2.44087012773092,0.112743467278946,-1.44087012773092,0.677482162646644,27,0.816787669076051,3,758678826
724,-0.0634576661765047,0.548027921485509,0.938513849339342,0.320596275930824,2.74740635350301,0.0614861506606583,-1.74740635350301,0.679403724069176,29,0.907816787746477,4,567191696
1000,-1.1495575360391,0.428379634153133,0.316776900737451,0.136809450895072,0.733484449972597,0.683223099262549,0.266515550027403,0.863190549104928,36,0.00728555745253771,3,282020012
625,-0.649325422764216,0.48751824164944,0.522398055764396,0.200920972836277,1.35824411366352,0.477601944235604,-0.35824411366352,0.799079027163723,34,0.182893134168794,3,6267646
74,-1.48819675901939,0.551493807502799,0.22577942338782,0.0766040938289327,0.665452007554237,0.77422057661218,0.334547992445763,0.923395906171067,28,0.00696562594898904,3,469236391
924,-0.120941139329266,0.470393639154432,0.886086113680927,0.352432652884991,2.22779755062703,0.113913886319073,-1.22779755062703,0.647567347115009,39,0.797096761521418,3,852116524
225,-0.1601055209996,0.440622704041387,0.852053874645805,0.359259557014758,2.02081139143949,0.147946125354195,-1.02081139143949,0.640740442985242,27,0.716334528300053,3,9037595
425,-0.17748653555766,0.488132578791447,0.837372274010551,0.321676528037573,2.17980568728254,0.162627725989449,-1.17980568728254,0.678323471962427,36,0.716154386003489,3,739339577
799,-0.449517447541168,0.48183025610704,0.637935914904151,0.248108929803615,1.64025628519989,0.362064085095849,-0.640256285199888,0.751891070196385,33,0.35085231087323,3,818165676
24,-0.8881274254959,0.456833059416649,0.411425456683975,0.168048312099361,1.0072752549132,0.588574543316025,-0.00727525491320002,0.831951687900639,31,0.0518838486206222,2,285226535
950,-1.22794466843435,0.489012511489335,0.292893953643969,0.112321320864202,0.763762991933764,0.707106046356031,0.236237008066236,0.887678679135798,25,0.0120365811751631,3,268502838
674,-0.460446410379242,0.413159049047422,0.631001896827772,0.280768928512369,1.41811772374487,0.368998103172228,-0.418117723744871,0.719231071487631,39,0.265084825646574,3,241472456
775,-0.552199731659053,0.424125557811172,0.575682070471911,0.25070695048459,1.32190130996467,0.424317929528089,-0.321901309964669,0.74929304951541,42,0.192925851968341,3,785848516
475,-1.27828232730314,0.482376802624507,0.278515287928387,0.10820545613825,0.716884049827605,0.721484712071613,0.283115950172395,0.89179454386175,29,0.00804997721846089,3,526652325
175,-1.1123760061439,0.460136139092248,0.328776856469514,0.133423597712235,0.810158196926381,0.671223143530486,0.189841803073619,0.866576402287765,35,0.0156278242348535,3,792314204
700,-0.947616345220931,0.520545163287968,0.387663980111338,0.139754758478381,1.07533627557313,0.612336019888662,-0.0753362755731288,0.860245241521619,33,0.0686934556179712,3,185642859
872,-0.28053019087519,0.549982398559036,0.755383138019916,0.257052255957498,2.21979644986722,0.244616861980084,-1.21979644986722,0.742947744042502,28,0.610001569847281,3,594436519
650,-0.852267329550035,0.508542069603542,0.426446939237319,0.157395824611519,1.15541179337974,0.573553060762681,-0.155411793379737,0.842604175388481,21,0.0937571364331138,2,664045260
975,-0.60387719618437,0.464097093088394,0.546687905433273,0.220140173342605,1.35762437818149,0.453312094566727,-0.357624378181489,0.779859826657395,41,0.193194386178217,3,480710414
900,-0.753706894984712,0.591473840043385,0.470618780940329,0.147640602601713,1.50014313861376,0.529381219059671,-0.500143138613764,0.852359397398287,24,0.202562039578914,4,862938738
450,-0.0403077678657521,0.573378802875553,0.960493784536027,0.312200530709318,2.95498636096587,0.0395062154639729,-1.95498636096587,0.687799469290682,23,0.94395594021929,3,208402468
324,0.0542971141155515,0.628943206549646,1.05579824812114,0.307768033101002,3.62191592643363,-0.0557982481211423,-2.62191592643363,0.692231966898998,22,0.931203525862651,3,18071420
525,-1.15658974090597,0.437859679523245,0.314557074957077,0.133349878024855,0.742004078827204,0.685442925042923,0.257995921172796,0.866650121975145,27,0.00825490467385361,3,205763085
725,-0.595233439852233,0.48895767315103,0.551433824211257,0.211490992682401,1.4377882416056,0.448566175788743,-0.437788241605603,0.7885090073176,33,0.223470443077964,3,337428455
574,-0.902097899523585,0.512708300183903,0.405717611513412,0.148527121291015,1.10826075979502,0.594282388486588,-0.108260759795022,0.851472878708985,36,0.0784967096133132,4,228328150
350,-1.03878709016247,0.455520311305885,0.353883650717273,0.144917524556653,0.864171801361585,0.646116349282727,0.135828198638415,0.855082475443347,33,0.0225815598157355,3,446794918
925,0.181174834795448,0.44711650906555,1.1986247222831,0.498995889935718,2.87918448597507,-0.198624722283102,-1.87918448597507,0.501004110064282,39,0.685325203011615,3,763412756
75,-1.36833062240875,0.585093697543257,0.254531514289343,0.0808553763628965,0.801261396343655,0.745468485710657,0.198738603656345,0.919144623637103,31,0.0193534444763646,3,379532075
25,-0.614372128936571,0.443302922788047,0.540980454671782,0.226903629374817,1.28979802193225,0.459019545328218,-0.289798021932251,0.773096370625183,42,0.165778399620413,3,137862242
800,0.19616079348427,0.490453385854797,1.21672253066135,0.465282663824112,3.18175129168061,-0.216722530661351,-2.18175129168061,0.534717336175888,39,0.689187394386211,3,707855460
675,-0.898227965877558,0.517222342038343,0.407290753763724,0.147789675377181,1.1224448370839,0.592709246236276,-0.122444837083897,0.852210324622819,32,0.0824510903509698,3,719147693
873,-0.537117607726305,0.501405511246224,0.584430384551916,0.218743744348178,1.56145665059037,0.415569615448084,-0.561456650590366,0.781256255651822,32,0.284068731406469,3,674284802
325,-1.0819856226062,0.379146406930704,0.338921886110526,0.161201696453781,0.712573424546128,0.661078113889474,0.287426575453872,0.838798303546219,36,0.00432077499947836,4,159056080
575,-0.0631497133806157,0.638890106823341,0.93880291180974,0.268380021329773,3.28396615685294,0.0611970881902603,-2.28396615685294,0.731619978670227,19,0.92126305265307,3,376435061
874,-1.74586264451867,0.589993987791194,0.174494397387205,0.0549006763053019,0.554606915044202,0.825505602612795,0.445393084955798,0.945099323694698,27,0.00308519556736598,4,591980172
875,-0.939022163002854,0.424937879956842,0.391009992521306,0.170012195990413,0.899281450726821,0.608990007478694,0.100718549273179,0.829987804009587,38,0.0271199548976551,3,837142215
