"rep","est_V","se_V","IRR_V","IRR_V_CI_Lower","IRR_V_CI_Upper","VE","VE_CI_Lower","VE_CI_Upper","n_event","p_val","n_calendar_group","seed"
1,-0.697780332237296,0.160046103786186,0.497688782406559,0.36368581432728,0.681066223579521,0.502311217593441,0.318933776420479,0.63631418567272,343,1.30139267029691e-05,4,98128577
326,-1.02542958461425,0.167765623386534,0.358642365066704,0.258142333926397,0.498269090792806,0.641357634933296,0.501730909207194,0.741857666073603,326,9.82208863502967e-10,4,192187898
51,-0.653106144237426,0.154656360667696,0.520426743057682,0.38434025379966,0.704698485813057,0.479573256942318,0.295301514186943,0.61565974620034,330,2.41124870510095e-05,3,107261648
76,-0.907267736832526,0.155651836532508,0.4036255299887,0.297500393721487,0.547607908751793,0.596374470011301,0.452392091248207,0.702499606278513,327,5.581809676547e-09,3,202445832
201,-0.641494254520677,0.158749834355058,0.526505103329965,0.385722063195439,0.718671940972276,0.473494896670035,0.281328059027724,0.614277936804561,349,5.32435307609497e-05,4,549740267
126,-0.604121649790442,0.159554083457639,0.546554281936432,0.399779590715809,0.747215690946567,0.453445718063568,0.252784309053433,0.600220409284191,336,0.000152899257033885,4,1692378
876,-0.687318224922671,0.162390240577054,0.502922988527739,0.365826080688578,0.691398305756633,0.497077011472261,0.308601694243367,0.634173919311422,351,2.31098218070399e-05,4,35573932
26,-0.804165674716538,0.159820321028987,0.447461098972358,0.327126691306324,0.612060832743427,0.552538901027642,0.387939167256573,0.672873308693676,345,4.86185053519738e-07,3,399219423
276,-0.74091876660941,0.166997382439347,0.476675760498493,0.343616997339685,0.661258850423504,0.523324239501507,0.338741149576496,0.656383002660315,321,9.13447030264781e-06,4,165504188
351,-0.717185340027486,0.154007713570903,0.488124227962927,0.360943114016486,0.660118596731344,0.511875772037073,0.339881403268656,0.639056885983514,365,3.21139689947628e-06,3,135048351
301,-0.915607032518057,0.159600106116242,0.400273573252711,0.292755499088037,0.547278988588058,0.599726426747289,0.452721011411942,0.707244500911963,357,9.6435192866432e-09,4,23558110
401,-0.794760001402089,0.15913479747124,0.451689626792245,0.330662033144037,0.617015255763713,0.548310373207755,0.382984744236287,0.669337966855963,319,5.90628485718738e-07,3,520072727
226,-0.617610070384673,0.179442754240677,0.539231624467821,0.379344162309321,0.766509079923861,0.460768375532179,0.233490920076139,0.620655837690679,313,0.000577809717720474,5,459053724
251,-0.822818247029282,0.170911096357631,0.439192156729943,0.314177288155047,0.613951923978372,0.560807843270057,0.386048076021628,0.685822711844953,319,1.47712621830461e-06,4,436834755
376,-0.539755844275481,0.157995215922421,0.582890551066573,0.427662572129286,0.794461373673778,0.417109448933427,0.205538626326222,0.572337427870714,345,0.000634830125737129,4,919365306
476,-0.690729428497519,0.167111521014486,0.501210338590937,0.36122220232857,0.695449509722931,0.498789661409063,0.304550490277069,0.63877779767143,310,3.57522753504775e-05,4,146274016
701,-1.06401942070012,0.161140598947246,0.345066053553963,0.251616496209659,0.473222475906709,0.654933946446037,0.526777524093291,0.748383503790341,363,4.02783804279989e-11,4,273987742
101,-0.582073070690446,0.160133603137092,0.55873885995689,0.408228110865967,0.76474183260845,0.44126114004311,0.23525816739155,0.591771889134033,323,0.000278065333355944,3,835171648
601,-0.796518828580826,0.164307300385363,0.450895881035713,0.326751537932439,0.622207004200877,0.549104118964287,0.377792995799123,0.673248462067561,347,1.24876847950461e-06,4,40248807
726,-0.583732210110257,0.157160576725552,0.557812602896235,0.409933109447893,0.759038225453277,0.442187397103765,0.240961774546723,0.590066890552107,330,0.000203814734412138,3,549379517
426,-0.554348487137051,0.161577283321013,0.574446398523274,0.418518517313174,0.788468493329371,0.425553601476726,0.211531506670629,0.581481482686826,356,0.000601678598134851,3,539219994
676,-0.679630674588787,0.164931022388456,0.506804133450474,0.366817973712356,0.700212225379932,0.493195866549526,0.299787774620068,0.633182026287644,344,3.77728866982864e-05,4,613996092
151,-1.10578265057936,0.160349960008902,0.330951761266922,0.241698838429682,0.453163403669164,0.669048238733078,0.546836596330836,0.758301161570318,349,5.34653125514042e-12,3,510834481
901,-0.753133726609828,0.155758486645686,0.47088860206127,0.347005464707794,0.63899880002736,0.52911139793873,0.36100119997264,0.652994535292206,327,1.32967656767603e-06,3,588362028
576,-1.0836360479086,0.163376213488202,0.3383629821956,0.24564999461817,0.466067617458159,0.6616370178044,0.533932382541841,0.75435000538183,361,3.29455882853077e-11,4,652238983
626,-0.609496605057987,0.158350322728202,0.543624458009596,0.39857582032525,0.74145880476409,0.456375541990404,0.25854119523591,0.60142417967475,352,0.000118582014694583,4,664647649
651,-0.693614090640673,0.174259765374519,0.49976659945241,0.355170630839788,0.703230031541916,0.500233400547589,0.296769968458084,0.644829369160212,309,6.88151488931313e-05,4,147543551
526,-0.926780229876804,0.160651434163236,0.3958261299703,0.288906765137401,0.542314490603049,0.6041738700297,0.457685509396951,0.711093234862598,329,7.97960204823634e-09,4,467830862
851,-0.563333159828179,0.169680536171062,0.569308302274544,0.40823964998559,0.793925683235728,0.430691697725456,0.206074316764272,0.59176035001441,334,0.000900292692549713,5,548318636
951,-0.755913203381625,0.159105151009168,0.469581595368547,0.343779928482672,0.641418699695798,0.530418404631453,0.358581300304202,0.656220071517328,346,2.02383995320092e-06,5,569414729
501,-0.674019754189975,0.163734749462304,0.509655763755027,0.369747859611242,0.702503045729118,0.490344236244973,0.297496954270882,0.630252140388758,321,3.84611686452726e-05,3,13686088
176,-0.876380914244924,0.162354462954698,0.416286766256602,0.302828144464456,0.572254180888129,0.583713233743397,0.427745819111871,0.697171855535544,343,6.74074760824377e-08,4,440263222
751,-0.735046514575652,0.153428153901674,0.479483155500669,0.354956450940983,0.64769662813398,0.520516844499331,0.35230337186602,0.645043549059017,368,1.66101916575237e-06,4,820496804
801,-0.52850529912289,0.167857650351079,0.589485415880741,0.424221205656395,0.819131742833119,0.410514584119259,0.180868257166881,0.575778794343605,333,0.00164092369824016,4,978469786
976,-0.467358814398154,0.164535541329691,0.626655197159902,0.453916258961311,0.865130359124208,0.373344802840098,0.134869640875792,0.546083741038689,346,0.0045046641703203,4,880073788
551,-1.06841559052742,0.179770927988136,0.343552414126647,0.241530351462786,0.488668444928057,0.656447585873353,0.511331555071943,0.758469648537214,312,2.79501461353173e-09,4,788802957
776,-0.603710130415236,0.171282217528938,0.54677924589839,0.390855595586111,0.764905369454652,0.45322075410161,0.235094630545348,0.609144404413889,310,0.000424040207597417,4,100837600
451,-0.97349725135795,0.157110953560122,0.377759604971658,0.277640251708044,0.513982818667098,0.622240395028342,0.486017181332902,0.722359748291956,338,5.78277502403487e-10,4,929330354
826,-0.629804433481413,0.168787432455427,0.532695968316735,0.382654906977858,0.741568942371681,0.467304031683265,0.258431057628319,0.617345093022142,313,0.000190458875746858,4,813107438
926,-0.487860379291563,0.149952214887979,0.613938585599312,0.457599322314367,0.82369131357398,0.386061414400688,0.17630868642602,0.542400677685633,380,0.0011401721473976,3,488275618
2,-0.589345144467763,0.14806165295801,0.554690407907218,0.414973485249783,0.741448452879042,0.445309592092782,0.258551547120958,0.585026514750217,388,6.87983448224349e-05,4,134989334
352,-0.740923279502352,0.152096813819848,0.476673609316672,0.353798563753197,0.642223437564562,0.523326390683328,0.357776562435438,0.646201436246803,337,1.10814445837194e-06,3,303269340
477,-0.795895506339815,0.170502362998257,0.451177022078373,0.323009353783943,0.630200651674217,0.548822977921627,0.369799348325783,0.676990646216057,290,3.04228581161701e-06,3,721637992
302,-0.688044186836427,0.165924213828172,0.502558018085865,0.363037309102252,0.695698638156376,0.497441981914135,0.304301361843624,0.636962690897748,316,3.37246092475848e-05,4,407602977
327,-0.590153220637898,0.15647164937504,0.554242356860853,0.407859707443506,0.753162385331292,0.445757643139147,0.246837614668708,0.592140292556494,349,0.000162184401419947,4,434596524
377,-0.623319537110543,0.170711274964242,0.536161671686537,0.38369493286588,0.749213277429929,0.463838328313463,0.250786722570071,0.61630506713412,310,0.000260907561072408,4,877041158
152,-0.681769416326034,0.165902939642798,0.50572136858759,0.365337679798189,0.700048521650935,0.49427863141241,0.299951478349065,0.634662320201811,316,3.96606908562133e-05,4,510375894
877,-0.769753636235919,0.168519037387642,0.463127152006023,0.332856144704163,0.64438275314353,0.536872847993977,0.35561724685647,0.667143855295837,339,4.92976312880482e-06,4,900859111
77,-0.99006565245316,0.164040595239794,0.371552296901519,0.269394262886416,0.512450071704015,0.628447703098481,0.487549928295985,0.730605737113584,326,1.58479367125311e-09,3,912777126
52,-0.701969578784041,0.167313752911247,0.495608202467482,0.357043195541153,0.68794894685155,0.504391797532518,0.31205105314845,0.642956804458847,321,2.7223633762358e-05,4,569173916
402,-0.738203793685928,0.159124737454063,0.477971680679601,0.349908863591241,0.652904088187267,0.522028319320399,0.347095911812733,0.650091136408759,346,3.49842222218907e-06,3,471930809
727,-0.758368211154114,0.166331292832942,0.468430182843752,0.338114205454838,0.648972544362201,0.531569817156248,0.351027455637799,0.661885794545162,324,5.13039212140678e-06,4,241789044
602,-0.891595792334088,0.166245601604089,0.410000954050485,0.295989533800207,0.567928129633719,0.589999045949515,0.432071870366281,0.704010466199793,326,8.1794768801206e-08,3,198776145
427,-0.708154731211386,0.165083434965413,0.492552250697129,0.356396174137005,0.680724814889693,0.507447749302871,0.319275185110307,0.643603825862995,339,1.78932588777063e-05,4,306746100
977,-0.529624754874681,0.15882172278293,0.58882588226956,0.431318013118833,0.803852167275474,0.41117411773044,0.196147832724526,0.568681986881167,347,0.000853876879392767,4,878351324
127,-0.826170517936478,0.174115543670203,0.437722330644339,0.311165388393446,0.615752412997959,0.562277669355661,0.384247587002041,0.688834611606554,307,2.0855211099605e-06,4,590439638
702,-0.891007905413414,0.160741136117645,0.410242059113148,0.299376068105716,0.562164331071264,0.589757940886853,0.437835668928736,0.700623931894284,343,2.97123812785296e-08,4,11085598
277,-0.672415502774321,0.15259481367925,0.510474035917171,0.378516413740171,0.688434455908272,0.489525964082829,0.311565544091728,0.621483586259829,354,1.05033799473553e-05,4,348070173
627,-0.58000833971489,0.170376321547438,0.559893697192128,0.400941481491884,0.781862108627482,0.440106302807872,0.218137891372518,0.599058518508116,295,0.00066339233391024,3,826212963
202,-0.573763131901098,0.161912552289709,0.563401291110761,0.41020185833736,0.773816618266555,0.436598708889239,0.226183381733445,0.58979814166264,345,0.000394612890308295,3,605078733
902,-0.841601074260995,0.157916805512058,0.431019875858377,0.316284761998502,0.587376173961396,0.568980124141623,0.412623826038604,0.683715238001498,321,9.85403312223238e-08,3,270251966
777,-0.447766190152194,0.163162848322323,0.639054083703729,0.464144433323357,0.87987723772591,0.360945916296271,0.12012276227409,0.535855566676643,342,0.00606419206814912,4,581643289
652,-0.814101795449669,0.154564807693901,0.443037086627192,0.327245949450577,0.599799204410791,0.556962913372808,0.400200795589209,0.672754050549423,373,1.38627474551156e-07,4,7313563
27,-0.565987553135361,0.155152054594181,0.567799137971183,0.418918037703656,0.769591738871083,0.432200862028817,0.230408261128917,0.581081962296344,350,0.000264336982406021,3,638643164
952,-0.717218574833121,0.163157830604597,0.488108005518662,0.354515912584557,0.672041554677973,0.511891994481338,0.327958445322027,0.645484087415443,332,1.10336299126715e-05,3,258428895
102,-0.450441323061301,0.159489382230121,0.637346813698951,0.466249319217324,0.871231215123482,0.362653186301049,0.128768784876518,0.533750680782676,331,0.00473882185345106,4,888915671
852,-0.791347100724461,0.166152128613385,0.453233832236611,0.327260336495458,0.627698757764784,0.546766167763389,0.372301242235216,0.672739663504542,338,1.90937908500127e-06,4,137191538
677,-0.677081208507147,0.157794916209756,0.508097861856341,0.372934096020319,0.692249488523354,0.491902138143659,0.307750511476646,0.627065903979681,350,1.77955506312192e-05,4,610434658
452,-0.567755708654912,0.166426021486428,0.566796067844704,0.409039022948504,0.785396415746532,0.433203932155296,0.214603584253468,0.590960977051496,323,0.000646159904957838,4,482552642
577,-0.733063697983849,0.159701918602325,0.480434825838959,0.351314408163765,0.657011544403596,0.519565174161041,0.342988455596404,0.648685591836235,360,4.42822144763408e-06,4,137208641
802,-0.601467184213949,0.165769774351893,0.548007018730402,0.395988554204647,0.758384780037309,0.451992981269598,0.241615219962691,0.604011445795353,328,0.000285262231828454,4,136674593
227,-0.865782491962088,0.159282636890142,0.42072221204175,0.307902925193935,0.574879824846789,0.57927778795825,0.425120175153211,0.692097074806065,346,5.46396775570147e-08,4,262141707
252,-0.407084085104957,0.170609525179276,0.665588221893004,0.476411829933111,0.929883880475615,0.334411778106996,0.0701161195243851,0.523588170066889,331,0.0170301022513266,4,876718895
502,-0.981380957361512,0.160854706734122,0.374793167929153,0.273446199040028,0.513702217180235,0.625206832070847,0.486297782819765,0.726553800959972,363,1.05380704573666e-09,5,994931962
552,-0.581171978734082,0.16963633653702,0.559242561956132,0.401056449879634,0.779821003245609,0.440757438043868,0.220178996754391,0.598943550120366,313,0.000612568436654173,4,58338915
752,-0.899551162428143,0.163797564365259,0.406752184438375,0.295056478230086,0.56073108625791,0.593247815561625,0.43926891374209,0.704943521769914,320,3.97751905767394e-08,3,320885214
927,-0.927552072950817,0.156267482727979,0.395520732188112,0.291175031138556,0.537259836390915,0.604479267811888,0.462740163609085,0.708824968861444,357,2.92649464300962e-09,4,371709060
827,-0.838148158499591,0.163171370144238,0.43251072358578,0.314126921140354,0.595509373528392,0.56748927641422,0.404490626471608,0.685873078859646,344,2.79734382556383e-07,4,800323925
177,-0.598108813914111,0.154053782828069,0.549850523078648,0.406549868435973,0.743661777318904,0.450149476921352,0.256338222681096,0.593450131564027,382,0.000103401815393948,4,495020243
527,-0.778632531429549,0.167267092968582,0.459033295916434,0.33072435680235,0.637121404656119,0.540966704083566,0.362878595343881,0.66927564319765,326,3.23941097986036e-06,4,313376552
353,-0.783807718159798,0.164807351088707,0.456663849347204,0.330607241182703,0.630784342637431,0.543336150652796,0.369215657362569,0.669392758817297,328,1.97561659668523e-06,4,263814287
303,-0.897733792866925,0.174331450290843,0.407492075601527,0.289552932722238,0.573469555693738,0.592507924398473,0.426530444306262,0.710447067277763,329,2.61070059422487e-07,5,715490138
153,-0.865472009117431,0.174440566697883,0.42085285935178,0.29898279851754,0.592399061426869,0.57914714064822,0.407600938573131,0.70101720148246,297,6.99815660085285e-07,4,201084890
478,-0.820299468427185,0.158677919469529,0.440299778878421,0.322612787330871,0.600918199443718,0.559700221121579,0.399081800556282,0.677387212669129,346,2.34610640075757e-07,4,500243623
403,-0.758296731473905,0.16166524188271,0.468463667280135,0.341244932259116,0.643110525066824,0.531536332719865,0.356889474933176,0.658755067740884,342,2.72489500070952e-06,4,819980058
378,-0.721273104243339,0.163776074053988,0.486132963892779,0.352653845460951,0.670133791605985,0.513867036107221,0.329866208394015,0.647346154539049,334,1.06263144443438e-05,3,982727805
328,-0.656492185869107,0.165210836544342,0.518667536493597,0.375198719256355,0.71699608662185,0.481332463506403,0.28300391337815,0.624801280743645,335,7.07756881398255e-05,4,990476760
878,-0.878574035657285,0.154488254790248,0.415374799228581,0.306859450839066,0.562264656872737,0.584625200771419,0.437735343127263,0.693140549160934,351,1.29293735507822e-08,3,635259196
53,-0.470784177289613,0.1653804944901,0.624512347815315,0.451615560810386,0.863601050136419,0.375487652184685,0.136398949863581,0.548384439189614,334,0.00441787264420898,4,595196256
853,-0.751289139272201,0.153987360634792,0.471757998806669,0.348855033385786,0.637960150031594,0.528242001193331,0.362039849968406,0.651144966614214,354,1.06678409724932e-06,3,216392461
728,-0.611079658617264,0.168583473721463,0.542764552194496,0.390043426717414,0.755283486247094,0.457235447805504,0.244716513752906,0.609956573282586,301,0.000289196553379619,4,388816474
903,-0.573819191062545,0.157832412332108,0.563369708192087,0.413472184663159,0.767610107477966,0.436630291807913,0.232389892522034,0.586527815336841,342,0.000277309347287069,4,64308533
203,-0.687752571953861,0.165417691657035,0.502704592853945,0.3635038865632,0.695211019793355,0.497295407146055,0.304788980206645,0.6364961134368,321,3.2150662184478e-05,3,499751000
28,-0.857170290718632,0.169521702014162,0.424361203772022,0.304395717648822,0.59160632303835,0.575638796227978,0.40839367696165,0.695604282351178,315,4.27234741404602e-07,4,953914102
278,-0.723542629480764,0.150684332287145,0.485030923889307,0.36099957649354,0.65167665683709,0.514969076110693,0.34832334316291,0.63900042350646,378,1.57315554781306e-06,4,620360587
978,-0.379965173312164,0.170122302772741,0.68388522625491,0.48997605338538,0.954534409300755,0.31611477374509,0.0454655906992448,0.51002394661462,317,0.025517148047667,4,778184889
703,-0.761709537137675,0.156046346167005,0.466867616877231,0.343848283392377,0.633899839598434,0.533132383122769,0.366100160401566,0.656151716607623,338,1.05387033888498e-06,3,3821179
3,-0.976891283279273,0.162010511929144,0.376479650146263,0.274055112645761,0.51718402771584,0.623520349853737,0.48281597228416,0.725944887354239,329,1.64160839164255e-09,3,419033072
128,-0.689899275353138,0.165162833381899,0.501626592682931,0.362905619331128,0.693373772912267,0.498373407317069,0.306626227087733,0.637094380668872,315,2.95268068423363e-05,4,171555843
678,-0.603631956870776,0.160364385725514,0.546821991240835,0.399340685798238,0.748769911853324,0.453178008759165,0.251230088146676,0.600659314201762,336,0.000167131754570123,3,306606113
453,-0.628304955527709,0.169119915132997,0.533495333342593,0.382979468511932,0.743165872061512,0.466504666657407,0.256834127938488,0.617020531488068,321,0.000203087448189035,5,194283866
653,-0.672902897494883,0.163450263279927,0.510225294189707,0.370367498612302,0.702896047321596,0.489774705810293,0.297103952678404,0.629632501387698,332,3.84058545880168e-05,4,579862070
503,-0.649396512024453,0.160280357938971,0.522360920193048,0.381539749504093,0.715157283872987,0.477639079806952,0.284842716127013,0.618460250495907,316,5.08623170962829e-05,3,94136935
528,-0.51064353915991,0.171990642390739,0.600109260710693,0.428382408751303,0.840676735163998,0.399890739289307,0.159323264836002,0.571617591248696,314,0.00298751817779178,4,887734523
553,-0.484857372978372,0.155812680034079,0.615785018084382,0.453733791987031,0.835712911830073,0.384214981915618,0.164287088169927,0.546266208012969,350,0.00185952551503774,3,199371480
603,-0.758658767860679,0.159881218418542,0.468294097083841,0.342316271850211,0.640633762976742,0.531705902916159,0.359366237023258,0.657683728149789,347,2.08362154425417e-06,4,633273811
578,-0.489857044643702,0.159229037817746,0.612713978669061,0.448458010446291,0.837131706673867,0.387286021330939,0.162868293326133,0.551541989553709,347,0.00209495239815778,3,804904326
628,-0.805794417457464,0.167217613692819,0.446732893146518,0.321893376267872,0.619988768122339,0.553267106853482,0.380011231877661,0.678106623732128,344,1.44397488878294e-06,4,34149659
428,-0.36439995082062,0.154410166385897,0.694613328009549,0.513226343466556,0.940106994877871,0.305386671990451,0.059893005122129,0.486773656533444,370,0.0182775008656346,4,969839831
78,-0.564376959048677,0.163318240218862,0.568714368740012,0.41293097617417,0.783269001051955,0.431285631259988,0.216730998948045,0.58706902382583,310,0.000548889316644539,3,630358294
803,-0.940164271945235,0.169513795167494,0.390563671434454,0.280156975713882,0.544480397304638,0.609436328565546,0.455519602695362,0.719843024286118,323,2.91877327243228e-08,4,448090959
228,-0.416600626019968,0.161308253488682,0.659284168315619,0.480581238901849,0.904437334226417,0.340715831684381,0.0955626657735827,0.519418761098151,349,0.00980484918752069,4,622131380
253,-0.713255130641857,0.162955517502701,0.490046433245356,0.35606496599497,0.674442951907511,0.509953566754644,0.325557048092489,0.64393503400503,335,1.20327934702401e-05,4,554253005
953,-0.807098744045753,0.156103119329632,0.446150587397115,0.32855361730024,0.605838244212341,0.553849412602885,0.394161755787659,0.67144638269976,346,2.33728213576535e-07,3,716619201
778,-0.660411156447164,0.158810821947717,0.516638871414073,0.378448738782307,0.705288976031027,0.483361128585927,0.294711023968973,0.621551261217693,359,3.20376430107984e-05,3,103006066
753,-0.480182194810454,0.157222072564128,0.618670662952976,0.454602533471405,0.841951729296183,0.381329337047024,0.158048270703817,0.545397466528595,348,0.00225687707037242,3,82714638
103,-0.602760232373669,0.167033478513961,0.547298877192541,0.394498542018562,0.759283062095887,0.452701122807459,0.240716937904113,0.605501457981438,325,0.000307830964055167,4,424216334
828,-0.57198122426655,0.164090574528842,0.56440611515865,0.409182979417737,0.778512985270743,0.43559388484135,0.221487014729257,0.590817020582263,356,0.000490731420555833,4,831074274
178,-0.797724880304163,0.159723376276733,0.450352405077279,0.329303011233114,0.615898676417856,0.549647594922721,0.384101323582144,0.670696988766886,336,5.90142723220311e-07,4,326963050
928,-0.591447834546666,0.158518401913007,0.553525291258536,0.405701263995506,0.755211470246345,0.446474708741464,0.244788529753655,0.594298736004494,329,0.000190646359222753,3,336048915
154,-0.787110335173003,0.170533866063398,0.455158151289634,0.325839428099278,0.635800719065454,0.544841848710366,0.364199280934546,0.674160571900722,329,3.92025193810585e-06,4,246900184
354,-0.820411439489664,0.162743196478953,0.440250480804401,0.32001665319204,0.605657499118322,0.559749519195599,0.394342500881678,0.67998334680796,362,4.62763746956333e-07,4,469316093
304,-1.15582412682548,0.176095297440225,0.314797996497478,0.222915039778808,0.444554026938505,0.685202003502522,0.555445973061495,0.777084960221192,331,5.25139116166903e-11,4,617264077
54,-0.666646612977407,0.162800362656877,0.513427415043194,0.373166917119981,0.706406968099962,0.486572584956806,0.293593031900038,0.626833082880019,360,4.22402065583066e-05,4,426694344
379,-0.878112454242371,0.160060010425972,0.415566572772276,0.303666776092334,0.568700924836059,0.584433427227724,0.431299075163941,0.696333223907666,355,4.10799328463105e-08,4,447881492
479,-0.520484936643609,0.163335204169456,0.594232313064588,0.431444648243079,0.818441121770837,0.405767686935412,0.181558878229163,0.568555351756921,312,0.00143952742686368,4,731876628
329,-0.423217251920821,0.16663737490891,0.654936331478685,0.472451347681099,0.907906391623398,0.345063668521315,0.0920936083766023,0.527548652318901,326,0.011093177189538,4,528958249
879,-0.435487401147868,0.166995366584102,0.646949266405895,0.466362381090665,0.897463796981852,0.353050733594105,0.102536203018148,0.533637618909335,330,0.00911311468901843,4,624364905
404,-0.619111422615548,0.155073365081582,0.538422655291262,0.397305555494556,0.729662476956897,0.461577344708738,0.270337523043103,0.602694444505444,337,6.54141112286363e-05,3,627092470
904,-0.804459745729254,0.166974844172148,0.447329532979653,0.32247668928974,0.62052147557247,0.552670467020348,0.37947852442753,0.67752331071026,315,1.45113426591942e-06,4,955090714
704,-0.712133272253923,0.155885032084411,0.49059650444027,0.361438881487412,0.66590768867625,0.50940349555973,0.33409231132375,0.638561118512588,354,4.91640565632762e-06,3,651353029
29,-0.724395864980357,0.172616189938278,0.484617254790321,0.345515636082933,0.679719986924515,0.515382745209679,0.320280013075485,0.654484363917067,316,2.70988142770827e-05,4,65270226
504,-0.914570671772154,0.157079723830653,0.400688616101563,0.294510308478142,0.545146850387076,0.599311383898437,0.454853149612924,0.705489691521858,326,5.80313070001722e-09,4,401274142
279,-0.810733667677564,0.168849798764147,0.444531807935864,0.319284350599434,0.618910785623322,0.555468192064136,0.381089214376678,0.680715649400566,334,1.57475178791542e-06,4,155973006
4,-0.774366338174119,0.164476285867044,0.460995803910138,0.333960039698461,0.636354970536715,0.539004196089862,0.363645029463285,0.666039960301539,329,2.50069719616269e-06,4,836867098
854,-0.402680571496771,0.162373388056883,0.668525611356236,0.486301457655501,0.919031777519028,0.331474388643764,0.0809682224809717,0.513698542344499,349,0.013139470726972,3,167138830
729,-0.775178555409414,0.160495670206759,0.460621527190381,0.33630247906027,0.630896899434317,0.539378472809619,0.369103100565683,0.66369752093973,353,1.36599423392669e-06,4,348060498
204,-0.817413722701638,0.176437646416303,0.44157220715249,0.312476767929571,0.624001635134262,0.55842779284751,0.375998364865738,0.687523232070429,317,3.60620703197073e-06,4,135584955
604,-0.866216092380656,0.164465851758853,0.420539826258642,0.304658671611834,0.580497986595892,0.579460173741358,0.419502013404108,0.695341328388166,307,1.38788553054611e-07,3,575240972
804,-0.911065469435204,0.159200644699126,0.40209557517268,0.29431843093263,0.549339880146539,0.59790442482732,0.450660119853461,0.70568156906737,367,1.04813522099572e-08,4,495298427
454,-1.11166526357186,0.175789298748166,0.329010615239421,0.233119062521326,0.464346346323863,0.670989384760579,0.535653653676137,0.766880937478674,332,2.55124390831056e-10,4,939569941
654,-0.567475776266841,0.165953231673111,0.566954754631274,0.409532860509455,0.784888649470382,0.433045245368726,0.215111350529618,0.590467139490545,334,0.00062738138105401,3,651877426
629,-0.627780626448996,0.165541557332563,0.533775133806572,0.385877191542507,0.738358990152539,0.466224866193428,0.261641009847461,0.614122808457493,339,0.000149267968338232,5,609285089
954,-0.564728527228641,0.154483582285485,0.568514462006957,0.419995708879318,0.769552370840843,0.431485537993043,0.230447629159157,0.580004291120682,351,0.00025659188803471,3,344069989
554,-0.537459037710048,0.168696412319731,0.584230876556164,0.419749182683176,0.81316588859022,0.415769123443836,0.18683411140978,0.580250817316824,312,0.00144277452220868,4,786519477
754,-0.902980620972786,0.180642152665879,0.405359633895916,0.284496953342246,0.57756833899926,0.594640366104084,0.42243166100074,0.715503046657754,329,5.77103465477304e-07,4,445847333
579,-0.908974744383916,0.166217434368976,0.402937125883738,0.290906046166604,0.558112591865703,0.597062874116262,0.441887408134297,0.709093953833396,351,4.53633637068012e-08,5,687258572
79,-0.677825790290218,0.162529993763316,0.507719682254678,0.369214049021244,0.698183821639895,0.492280317745322,0.301816178360105,0.630785950978756,323,3.03977593010925e-05,4,369739668
529,-0.402097613748154,0.158885994167926,0.668915447159386,0.489922315635717,0.913303724219705,0.331084552840614,0.0866962757802949,0.510077684364283,348,0.0113825304652342,4,627103437
979,-0.43320294142345,0.149872169836752,0.648428885370226,0.483382508064217,0.869828784385006,0.351571114629774,0.130171215614994,0.516617491935783,404,0.00384650478994975,4,766933684
229,-0.586113388328861,0.170947349306468,0.55648593182314,0.398055420373486,0.777973559627719,0.44351406817686,0.222026440372281,0.601944579626514,323,0.000606659749101671,4,240054014
129,-0.858769829860349,0.161243613707022,0.423682963996504,0.308880284652497,0.581154780347396,0.576317036003496,0.418845219652604,0.691119715347503,349,1.00445930327666e-07,4,451656936
679,-0.354878783571779,0.173408799573806,0.701258442100449,0.499197342559881,0.985108214109051,0.298741557899551,0.0148917858909485,0.500802657440119,334,0.0407085201288154,5,70719328
254,-1.01528074789417,0.159516136396912,0.362300700394303,0.265026189338897,0.49527859051829,0.637699299605697,0.50472140948171,0.734973810661103,336,1.95604730014326e-10,3,243641393
429,-0.724878421855858,0.162387412880516,0.484383455817223,0.352342381064981,0.66590721093573,0.515616544182777,0.33409278906427,0.647657618935019,325,8.04875030618771e-06,3,294286516
829,-0.756894107902169,0.167964989798717,0.469121206494564,0.337530487785125,0.652014304921153,0.530878793505436,0.347985695078847,0.662469512214875,343,6.59798774297486e-06,4,167678834
104,-0.643181794288014,0.165314376925835,0.525617354296965,0.380148991888532,0.7267508504117,0.474382645703035,0.2732491495883,0.619851008111468,314,9.99725280789556e-05,4,448992575
929,-0.485970068744382,0.162865505273935,0.615100217759852,0.447007192718489,0.84640310950542,0.384899782240148,0.15359689049458,0.552992807281511,345,0.00284624398018066,4,432517718
779,-0.550726028823422,0.168068995000851,0.576531080211962,0.414726834357975,0.801462695233914,0.423468919788038,0.198537304766086,0.585273165642025,308,0.0010499613937243,4,795582841
179,-0.675115866323958,0.158096805772822,0.509097429942355,0.37344672876768,0.694021859634889,0.490902570057645,0.305978140365111,0.62655327123232,326,1.95237467588413e-05,3,136401246
155,-0.877459387216082,0.169399632676467,0.415838054236329,0.298353406805833,0.579585429247645,0.584161945763671,0.420414570752355,0.701646593194167,334,2.22101640113668e-07,4,523943308
355,-0.469056173921731,0.172752611860001,0.62559244018849,0.445906909695923,0.877685213462769,0.37440755981151,0.122314786537231,0.554093090304077,329,0.00662377454699235,4,774672516
55,-0.865900987682862,0.156562399678057,0.420672361213602,0.309512236161102,0.571755216155385,0.579327638786398,0.428244783844615,0.690487763838898,348,3.18940032301824e-08,4,445038727
305,-0.969432146765369,0.1620581594005,0.379298362763396,0.276081186484286,0.521104859867666,0.620701637236604,0.478895140132334,0.723918813515714,308,2.20412291258912e-09,3,530518628
205,-0.529781634306719,0.162968659057609,0.588733514845044,0.427759423240135,0.810285250705563,0.411266485154956,0.189714749294437,0.572240576759865,321,0.00115073040131378,4,298943369
380,-0.768981834359308,0.15454953988886,0.463484732383904,0.342359691054482,0.627463170361355,0.536515267616096,0.372536829638645,0.657640308945518,324,6.5034667594727e-07,3,437928667
405,-0.796962441147021,0.17916789677848,0.450695902316656,0.317230999314583,0.640311939261627,0.549304097683344,0.359688060738373,0.682769000685417,303,8.66203266674934e-06,4,841997527
905,-0.61286384848168,0.163763070155646,0.541797020568431,0.393044057426824,0.74684760130607,0.458202979431569,0.25315239869393,0.606955942573177,319,0.000182284656271674,4,213193915
480,-0.725384125867433,0.157676749223966,0.484138563087313,0.355430739063461,0.65945379087316,0.515861436912687,0.34054620912684,0.644569260936539,351,4.21577604570676e-06,3,234745416
880,-0.813872175587195,0.162641354059784,0.443138828422616,0.322180486966133,0.609509356401248,0.556861171577384,0.390490643598752,0.677819513033867,325,5.61261697250896e-07,4,626011337
30,-0.600218689335383,0.166310391745437,0.548691629964587,0.396063365194413,0.760137218562023,0.451308370035413,0.239862781437977,0.603936634805587,331,0.000307347657911474,4,96952725
705,-0.697766047551431,0.165009948293549,0.497695891785252,0.360169831971363,0.687734448341059,0.502304108214748,0.312265551658941,0.639830168028637,330,2.35118456607485e-05,3,892455146
730,-0.601672111694403,0.157353401232347,0.547894728538848,0.402492381217564,0.745824387166211,0.452105271461152,0.254175612833789,0.597507618782436,327,0.000131464159918092,3,506124433
330,-0.568079132240227,0.171770035892629,0.566612782269336,0.404646182884749,0.793409300792636,0.433387217730664,0.206590699207364,0.595353817115251,320,0.000942311001917241,4,401095847
855,-0.827121909571654,0.15356013781955,0.437306083318943,0.323649464305203,0.590875720799639,0.562693916681057,0.409124279200361,0.676350535694797,351,7.192043167186e-08,4,282422027
505,-0.65047887797611,0.161454565412006,0.521795840385293,0.380250888462587,0.716029619665655,0.478204159614707,0.283970380334345,0.619749111537413,351,5.6046450120431e-05,4,471506082
955,-0.559071356678653,0.160898448376303,0.571739759706495,0.417101149994107,0.783710025335242,0.428260240293505,0.216289974664758,0.582898850005893,348,0.000511454366815652,4,771529336
655,-0.639519629943748,0.164831917792664,0.527545780381975,0.38190467159383,0.728727798058501,0.472454219618025,0.271272201941499,0.61809532840617,328,0.00010452999088582,4,536537169
555,-0.598576492827978,0.159670588332887,0.549593429706486,0.401910804091843,0.751542220068098,0.450406570293514,0.248457779931902,0.598089195908157,330,0.000177667662024481,4,989407328
805,-0.892723298617065,0.167655437471205,0.40953893591189,0.294840154728569,0.568857861922671,0.59046106408811,0.431142138077329,0.705159845271431,318,1.0109195198943e-07,4,965895229
280,-0.656017897975751,0.176798602189369,0.51891359257293,0.366947390703832,0.733814501420659,0.48108640742707,0.266185498579341,0.633052609296168,292,0.000206819403571304,4,423298536
455,-0.58899929325072,0.170391109100455,0.554882281437809,0.397341275967583,0.774886388291429,0.445117718562191,0.225113611708571,0.602658724032417,326,0.000546733870620775,4,637034382
580,-0.885195885339299,0.156088174942802,0.412633336540808,0.303879789018419,0.560307978937287,0.587366663459192,0.439692021062713,0.696120210981581,336,1.41861065827e-08,3,865331216
680,-0.620382847192763,0.177352014945777,0.537738526495637,0.379847125291193,0.761260790524677,0.462261473504363,0.238739209475323,0.620152874708807,315,0.000468706639381123,5,854436597
230,-0.527594616728262,0.15995221771647,0.590022494387725,0.431237971715456,0.807272473012229,0.409977505612275,0.192727526987771,0.568762028284544,341,0.0009721970728868,5,30463202
605,-0.757271707121547,0.165231611972451,0.468944100132914,0.339215488011664,0.648285755872996,0.531055899867086,0.351714244127004,0.660784511988336,315,4.58149969737914e-06,4,374332695
80,-0.56708853356129,0.174076660455175,0.567174346239263,0.403220178093495,0.797794248673105,0.432825653760737,0.202205751326895,0.596779821906505,325,0.001123213597283,4,379798699
5,-0.721050138634927,0.161274703464748,0.486241366909466,0.35446603484344,0.667005139147992,0.513758633090534,0.332994860852008,0.64553396515656,345,7.78751555533922e-06,4,576632172
130,-0.614221845781764,0.164201573734761,0.541061761030534,0.392173468062786,0.746475356162018,0.458938238969466,0.253524643837982,0.607826531937214,327,0.000183539500795059,4,997089418
430,-0.784768951800238,0.156438369601025,0.456225099597131,0.335751988169784,0.619925864436458,0.543774900402869,0.380074135563542,0.664248011830216,358,5.26285030086846e-07,4,815676043
255,-0.449371482528012,0.166229417135938,0.638029038024556,0.460623094284543,0.883761709765842,0.361970961975444,0.116238290234158,0.539376905715456,334,0.00686504023721739,5,790175920
630,-0.570020068788686,0.166664545036952,0.565514089402895,0.407923111492796,0.783986433479716,0.434485910597105,0.216013566520284,0.592076888507204,332,0.000625834053960325,4,822513288
105,-1.01873630579188,0.160478306361024,0.361050909952957,0.263614358628832,0.494501742074685,0.638949090047043,0.505498257925315,0.736385641371168,336,2.17955338704638e-10,4,57648261
755,-0.564922093159409,0.16522073538931,0.568404427625761,0.411169893375184,0.785766658868094,0.431595572374239,0.214233341131906,0.588830106624816,334,0.000628064467265681,4,389545529
830,-0.860942639449441,0.162864193460728,0.422763380990771,0.307232468057031,0.581738243477479,0.577236619009229,0.418261756522521,0.692767531942969,321,1.24841716567418e-07,4,50930491
930,-1.13876624776262,0.1668622976694,0.320213842755554,0.230890815222998,0.444092611450338,0.679786157244446,0.555907388549662,0.769109184777002,328,8.81786954990745e-12,3,51547787
980,-0.718445282874072,0.16022265199512,0.487509606608857,0.356124136708485,0.667367336380431,0.512490393391143,0.332632663619569,0.643875863291515,342,7.32418463375881e-06,4,781342191
530,-1.0778422165378,0.161979920760793,0.340329090406344,0.247754478945365,0.467494635293157,0.659670909593656,0.532505364706843,0.752245521054635,347,2.84899784889583e-11,4,827009952
180,-0.677003283969726,0.166447832606716,0.508137456689875,0.366691258974051,0.704144613683105,0.491862543310125,0.295855386316895,0.633308741025949,335,4.75487235683764e-05,3,287050344
780,-0.683402219740453,0.157574966800248,0.50489629878192,0.370744000731485,0.687591092561765,0.49510370121808,0.312408907438235,0.629255999268515,363,1.44442339141816e-05,3,606857460
156,-0.822776223149219,0.158481622751715,0.439210613676275,0.321938580328218,0.59920113634477,0.560789386323725,0.40079886365523,0.678061419671782,353,2.08473138402445e-07,4,439401895
56,-0.735743647960506,0.17228102806587,0.479149008271622,0.341841445800714,0.671608943116631,0.520850991728378,0.328391056883369,0.658158554199286,312,1.94946314890627e-05,4,402891636
306,-0.922253706501945,0.170428376450869,0.397621907448154,0.284709138563669,0.555314740089918,0.602378092551846,0.444685259910082,0.715290861436331,347,6.25388510074743e-08,4,270864667
356,-0.627711984544956,0.162928037715841,0.533811774405612,0.387885505998008,0.734636912407681,0.466188225594388,0.265363087592319,0.612114494001992,339,0.000116825024923506,4,732337422
206,-0.651847400789481,0.17412096848124,0.521082239274876,0.370419834800695,0.733024191951857,0.478917760725124,0.266975808048143,0.629580165199305,328,0.000181368580940435,4,413068008
881,-0.72772102264079,0.162989391090913,0.483008502173508,0.350927945859525,0.664800896949039,0.516991497826492,0.335199103050961,0.649072054140475,332,8.01298269324594e-06,4,633707710
906,-0.821082795016348,0.165262841551365,0.43995501540325,0.31822645963328,0.608247396528656,0.56004498459675,0.391752603471344,0.68177354036672,359,6.75267812722216e-07,5,309091495
381,-0.938863656411413,0.161841249186743,0.391071975094633,0.284771926771987,0.537051848607507,0.608928024905367,0.462948151392493,0.715228073228013,349,6.58657913071156e-09,4,567621183
31,-0.667587557516059,0.160107038380164,0.512944535538059,0.374789184254613,0.702026919644538,0.487055464461941,0.297973080355462,0.625210815745387,326,3.0509080989909e-05,3,187948210
406,-0.717073094388582,0.161870933468746,0.488179020853834,0.355462935940779,0.670446148685138,0.511820979146167,0.329553851314862,0.644537064059221,347,9.42739690337742e-06,4,328508638
481,-1.08310291991063,0.163225548960995,0.33854342106912,0.245853581542637,0.466178475945069,0.66145657893088,0.533821524054931,0.754146418457363,317,3.23138629975593e-11,3,891836830
731,-0.670357299950299,0.173944669978545,0.511525776996433,0.363752135977365,0.71933218984063,0.488474223003567,0.28066781015937,0.636247864022635,312,0.00011627311662257,5,261080829
706,-0.888885537997557,0.155787097408905,0.411113668102106,0.30293935616479,0.557915122815636,0.588886331897894,0.442084877184364,0.69706064383521,343,1.1581747018145e-08,3,570085726
656,-0.608768233242663,0.16595771233159,0.544020562981268,0.392963175559599,0.753145310689726,0.455979437018732,0.246854689310274,0.607036824440401,326,0.000244251692700751,4,399381723
506,-0.847323969938557,0.157720014177209,0.428560238909785,0.314601186355982,0.583799064783531,0.571439761090215,0.416200935216469,0.685398813644018,347,7.77256787399073e-08,4,814614637
281,-0.611094708745136,0.156220123895975,0.54275638358005,0.399604278526561,0.737190535104128,0.45724361641995,0.262809464895872,0.600395721473439,376,9.16281852369594e-05,4,599291508
556,-0.498101212289823,0.161256001942605,0.607683426758743,0.443012555041004,0.833563615647572,0.392316573241257,0.166436384352428,0.556987444958996,324,0.00200909330882222,3,130419963
456,-0.659134376884203,0.179047467340641,0.517298926649376,0.364196775858622,0.734762626280021,0.482701073350624,0.265237373719979,0.635803224141378,283,0.000232012518704825,4,352419114
806,-0.936322303144885,0.171488124767194,0.392067091071028,0.280149230570748,0.548695434885654,0.607932908928972,0.451304565114346,0.719850769429252,314,4.7617928186932e-08,5,237158255
956,-0.750429259024705,0.157263614105002,0.472163828648968,0.346920275599175,0.64262222984635,0.527836171351032,0.35737777015365,0.653079724400825,357,1.82593999872262e-06,4,163669499
331,-0.705737835477415,0.164358708545723,0.493744137883936,0.357766412434265,0.681403466681052,0.506255862116064,0.318596533318948,0.642233587565735,311,1.75571312868129e-05,4,963679163
756,-0.543539131612725,0.165409576673144,0.580689474902894,0.419901153341706,0.803046773221396,0.419310525097106,0.196953226778604,0.580098846658294,325,0.0010161389411532,4,836633153
81,-0.72747780702304,0.164274713725672,0.483125991671804,0.350130152444457,0.666639882910087,0.516874008328196,0.333360117089913,0.649869847555543,333,9.49248994206277e-06,3,395678864
581,-0.777101284239466,0.156816264147927,0.459736727787553,0.338085818729695,0.625160379902805,0.540263272212447,0.374839620097195,0.661914181270306,377,7.21485755634761e-07,4,254933380
431,-0.743928009459503,0.166100403080887,0.475243483489911,0.343187334112612,0.658113939967007,0.524756516510089,0.341886060032993,0.656812665887388,335,7.50690621599044e-06,4,450081357
856,-0.403718202250102,0.170632655415918,0.667832288391326,0.477996407862114,0.933061332851379,0.332167711608674,0.0669386671486211,0.522003592137886,321,0.0179810631311537,4,608311917
606,-0.561017557117828,0.17100220920813,0.570628121621204,0.408127469371413,0.797830280050614,0.429371878378796,0.202169719949386,0.591872530628587,320,0.00103527046963223,4,820834734
6,-0.70535815977171,0.168391640463278,0.493931636129937,0.355084421627378,0.68707171114934,0.506068363870063,0.31292828885066,0.644915578372622,315,2.80438866633097e-05,4,40532236
106,-0.663380894639109,0.162472211947639,0.515106865180842,0.374628437125319,0.70826199044702,0.484893134819158,0.29173800955298,0.625371562874681,339,4.44499509610991e-05,4,608750454
231,-0.813092191222982,0.160396796942296,0.443484604612442,0.323853464205624,0.607307366653261,0.556515395387558,0.392692633346739,0.676146535794376,356,3.99376823947351e-07,4,939768761
631,-0.684194452003844,0.170122810880077,0.504496462047051,0.361450912755771,0.70415282196276,0.495503537952949,0.29584717803724,0.638549087244229,334,5.77629727554199e-05,4,494281490
931,-0.703867371517758,0.157782467183325,0.494668532753274,0.363086084812404,0.673936478239601,0.505331467246726,0.326063521760399,0.636913915187596,365,8.15786080968632e-06,4,970248308
831,-0.539220746906689,0.163052920211644,0.58320253773092,0.423670775560647,0.802805432037872,0.41679746226908,0.197194567962128,0.576329224439353,337,0.000942911067803736,4,738479997
681,-0.437783620221976,0.162856695081061,0.645465433415176,0.469082379258223,0.888171553987311,0.354534566584824,0.111828446012689,0.530917620741777,326,0.00718485908292438,4,496887729
981,-0.616407703388523,0.158922770749079,0.539880368712539,0.395386856278517,0.737178810809711,0.460119631287461,0.262821189190289,0.604613143721483,349,0.000105032593781454,3,311410513
131,-0.832728190865453,0.16410248208361,0.434861281929933,0.31525824661097,0.599839454017835,0.565138718070067,0.400160545982165,0.68474175338903,313,3.88638937270165e-07,3,805354658
256,-1.0649786867039,0.170744835032448,0.34473520213236,0.246687626216542,0.481752414630313,0.65526479786764,0.518247585369687,0.753312373783458,353,4.45322254068938e-10,5,24823091
181,-0.9497763001411,0.16865552077524,0.386827547044176,0.277944160589845,0.538365514982079,0.613172452955824,0.461634485017921,0.722055839410155,319,1.78693610727325e-08,4,161229512
531,-0.809694257555309,0.160021849601792,0.444994099010087,0.325194660843296,0.608926812144744,0.555005900989913,0.391073187855256,0.674805339156704,356,4.19480529254837e-07,4,399082290
781,-0.748567783666852,0.165919216575855,0.473043568533894,0.341720040391337,0.654834927079547,0.526956431466105,0.345165072920453,0.658279959608663,318,6.43282850765867e-06,4,429577994
157,-0.728485842162723,0.166890555754891,0.482639229073425,0.347988682669137,0.669391382656162,0.517360770926575,0.330608617343838,0.652011317330863,312,1.27092911791036e-05,4,980031947
307,-0.576339164236609,0.163254734550963,0.561951818912168,0.408071626735365,0.773858867143156,0.438048181087832,0.226141132856844,0.591928373264635,346,0.000415079340791365,3,375111752
907,-0.961665230930615,0.158979923216904,0.382255811483565,0.279917558050718,0.522009074495011,0.617744188516435,0.477990925504989,0.720082441949282,342,1.45772267553982e-09,4,550901357
882,-0.762651132353093,0.165760751385542,0.466428223460779,0.337045873375035,0.645476787661783,0.533571776539221,0.354523212338217,0.662954126624965,316,4.20639005231778e-06,3,346427040
57,-0.796870124006987,0.154530339165997,0.450737511193959,0.332956301849038,0.610183086696581,0.549262488806041,0.389816913303419,0.667043698150962,359,2.51309408112662e-07,4,568731047
32,-0.541039709237731,0.163584623178916,0.582142678497654,0.422460351541819,0.802182019902229,0.417857321502346,0.197817980097771,0.577539648458181,323,0.000941664766281485,5,613620243
382,-0.958594962173116,0.172054305330138,0.383431243081035,0.273674672681138,0.537205422519906,0.616568756918965,0.462794577480094,0.726325327318862,322,2.5260256053946e-08,4,519288782
407,-0.854984243581795,0.154645530358978,0.42528989207488,0.314087423368054,0.575863529846321,0.57471010792512,0.424136470153679,0.685912576631946,351,3.22665997506475e-08,4,336868157
482,-0.572759678325927,0.157038251787739,0.563966921895236,0.414555260007469,0.767228689816304,0.436033078104764,0.232771310183696,0.585444739992531,372,0.000265049428677179,4,393740594
357,-0.404169718939019,0.164240002186907,0.667530819032065,0.48380458294303,0.92102764229104,0.332469180967935,0.0789723577089601,0.51619541705697,327,0.0138608986062216,3,65395949
707,-0.506456457579735,0.160290957945493,0.60262723494539,0.440158247993064,0.825065952878948,0.39737276505461,0.174934047121052,0.559841752006936,334,0.00157981994713704,4,371152752
657,-0.701986349671203,0.161198901918355,0.495599890747939,0.36134200322312,0.679741766853784,0.504400109252061,0.320258233146216,0.63865799677688,328,1.33198377586244e-05,3,848974636
207,-0.766072636530923,0.157250676051169,0.464835064399959,0.341544159431711,0.632631626479082,0.535164935600041,0.367368373520918,0.658455840568289,333,1.10661612029112e-06,3,217034239
507,-0.766885588479645,0.163058710259748,0.464457329389531,0.337403819698668,0.639354382580236,0.535542670610469,0.360645617419764,0.662596180301332,334,2.56208743662734e-06,4,382493666
82,-0.668027382473726,0.160146714791261,0.51271897933569,0.374595247579269,0.701772789350198,0.48728102066431,0.298227210649802,0.625404752420731,322,3.02805467497385e-05,3,721747877
557,-0.667097328811769,0.160365709162942,0.51319605731965,0.374782904072132,0.702727339979585,0.48680394268035,0.297272660020415,0.625217095927868,351,3.18456378371426e-05,4,789138004
732,-0.750602286007407,0.154936312357527,0.472082138633848,0.348446046150526,0.639586954936584,0.527917861366152,0.360413045063416,0.651553953849474,375,1.26875969286641e-06,4,64737277
807,-0.57470544076901,0.15473177666354,0.562870643134366,0.415624051244991,0.762283510671386,0.437129356865634,0.237716489328614,0.584375948755009,365,0.000203844013261215,3,981742161
457,-0.874679417281995,0.165270417169092,0.416995679861238,0.301615128697257,0.576514174782895,0.583004320138762,0.423485825217105,0.698384871302743,343,1.20712449319334e-07,4,670127527
282,-0.715759166655018,0.153776004795657,0.488820874390517,0.361622438960884,0.660760565429836,0.511179125609483,0.339239434570164,0.638377561039116,357,3.24678144018808e-06,3,667943694
582,-0.779403202193192,0.172534333060173,0.45867966865833,0.327075489140187,0.643236945066042,0.54132033134167,0.356763054933958,0.672924510859813,334,6.26093910097875e-06,4,512852324
607,-0.80878401709211,0.15656952363791,0.445399335048031,0.327700681216377,0.605371239769379,0.554600664951969,0.394628760230621,0.672299318783623,366,2.39599404738686e-07,4,379652214
957,-0.502046356186754,0.169900602007361,0.605290751024766,0.43385477657153,0.844468963028048,0.394709248975234,0.155531036971952,0.56614522342847,332,0.00312728245151522,4,152982838
332,-0.859661589057871,0.167441216400684,0.423305309230109,0.30487898770427,0.587732812194354,0.576694690769891,0.412267187805646,0.69512101229573,320,2.83482578933979e-07,4,865336224
757,-0.753332749690042,0.159515131149268,0.470794893686624,0.344391336622533,0.643592937311123,0.529205106313376,0.356407062688877,0.655608663377467,349,2.32801213567583e-06,4,935497743
932,-0.575074308083687,0.170452275190835,0.562663056839976,0.40286465039743,0.78584635117573,0.437336943160024,0.21415364882427,0.59713534960257,317,0.00074134385268201,4,556697760
832,-0.542815748441598,0.167074897488504,0.581109687865859,0.418835712492187,0.806255195676168,0.418890312134141,0.193744804323832,0.581164287507813,309,0.00115837295221174,4,302770228
107,-0.677342551390657,0.166441862885164,0.507965091446074,0.366571162695998,0.703897524917433,0.492034908553926,0.296102475082567,0.633428837304002,320,4.7105161943139e-05,4,598354654
232,-0.57574178728348,0.161576383536843,0.562287616266369,0.409660840558335,0.771778339798368,0.437712383733631,0.228221660201632,0.590339159441665,323,0.000366250593485915,3,127724930
682,-0.766176448181976,0.170894719798845,0.464786811609101,0.332497165366608,0.649710141160346,0.535213188390899,0.350289858839654,0.667502834633392,330,7.34891179711432e-06,4,54457734
632,-0.637197130269746,0.162342141532103,0.52877242917927,0.384665220221333,0.726866550865363,0.47122757082073,0.273133449134637,0.615334779778667,308,8.67203623560242e-05,4,215636973
857,-0.928997607510443,0.158019100620907,0.394949406335803,0.289757951766298,0.538328741676129,0.605050593664197,0.461671258323871,0.710242048233702,330,4.12700072176229e-09,3,184890433
7,-0.843561926578977,0.152717638190665,0.430175537617538,0.31889831229938,0.580282133919898,0.569824462382462,0.419717866080102,0.68110168770062,341,3.3198964218897e-08,3,696051997
982,-0.373052841836376,0.170959706572808,0.688628843469853,0.492565560468606,0.962734145699274,0.311371156530147,0.0372658543007262,0.507434439531394,309,0.0291014341153042,4,62626595
432,-1.02779855662888,0.168675809769738,0.357793756901966,0.257072516417155,0.497977668955824,0.642206243098034,0.502022331044176,0.742927483582845,305,1.10580910285028e-09,4,77672051
132,-1.15034456984181,0.168185734724236,0.316527684692242,0.227641660100913,0.440120561114416,0.683472315307758,0.559879438885584,0.772358339899087,330,7.93440443042979e-12,4,404975329
182,-0.579092363951916,0.15560056588693,0.560406781198982,0.413100708679882,0.760240187961454,0.439593218801018,0.239759812038546,0.586899291320118,341,0.000197917588701841,3,26545961
257,-0.776289621882315,0.167103007725082,0.460110030260987,0.331606750446329,0.638410525907042,0.539889969739013,0.361589474092958,0.668393249553671,320,3.39129879949331e-06,4,833271850
532,-0.824043454510495,0.163490540889985,0.438654384722243,0.31838974722151,0.604346311133507,0.561345615277757,0.395653688866493,0.68161025277849,324,4.64771729407246e-07,3,711388381
782,-0.63736564338809,0.160463520026602,0.528683331595601,0.386019125246985,0.724073101114328,0.471316668404399,0.275926898885672,0.613980874753015,329,7.12632498421772e-05,3,297557367
158,-0.800863263440043,0.159167458304497,0.448941242227092,0.328629024597896,0.613300177058356,0.551058757772908,0.386699822941644,0.671370975402104,329,4.86462593474601e-07,3,181967603
308,-0.590169799007542,0.154053122531874,0.554233168502353,0.409790850211256,0.749588247052863,0.445766831497647,0.250411752947137,0.590209149788744,359,0.000127649482125609,4,317016949
883,-1.20943699270893,0.173393689447083,0.298365213942125,0.212400342058287,0.419122681385798,0.701634786057875,0.580877318614202,0.787599657941713,320,3.05670009845378e-12,4,21601275
708,-0.634277858430607,0.163879921783559,0.530318314973664,0.384628785661079,0.731192062791479,0.469681685026336,0.268807937208521,0.615371214338921,343,0.00010866505681752,5,695695799
33,-0.8771366847576,0.172913419028224,0.415972267853128,0.296401371464825,0.583779105905416,0.584027732146872,0.416220894094584,0.703598628535175,325,3.92225066610579e-07,4,886552843
383,-0.652023593352898,0.156058096186511,0.520990436547104,0.383700936365312,0.707402586881152,0.479009563452896,0.292597413118848,0.616299063634688,347,2.93977089208796e-05,4,353268085
908,-0.692419111236436,0.166114930010475,0.500364167215157,0.361317432956669,0.692920620475412,0.499635832784843,0.307079379524588,0.638682567043331,319,3.06861642899309e-05,4,553349093
408,-0.64340292523152,0.164929733816115,0.525501136885592,0.380351572388385,0.726042600886282,0.474498863114408,0.273957399113718,0.619648427611615,325,9.57672792385316e-05,4,460926294
483,-0.620207782837094,0.157656910292118,0.537832673584956,0.394865669583738,0.732563013341928,0.462167326415044,0.267436986658072,0.605134330416262,360,8.35757786757268e-05,4,910079713
358,-0.652860105369594,0.164113612145571,0.520554804017674,0.377374628816943,0.71805914678309,0.479445195982326,0.28194085321691,0.622625371183057,344,6.94686105125605e-05,4,546990123
208,-0.946264924880643,0.166646515526792,0.388188231261303,0.280022283944871,0.538136111051241,0.611811768738697,0.461863888948759,0.719977716055129,353,1.36058982277769e-08,4,994223454
658,-1.07216612005754,0.152245060347885,0.342266323919534,0.253964456914285,0.461270202581652,0.657733676080466,0.538729797418348,0.746035543085715,343,1.88996480152027e-12,3,606695668
58,-0.786711579324215,0.16461679446635,0.455339684455885,0.329771737723036,0.628720428475643,0.544660315544115,0.371279571524357,0.670228262276964,334,1.76127056653445e-06,3,15558704
83,-0.867725540451386,0.165724112448853,0.419905522074279,0.303449876944759,0.58105361334706,0.580094477925721,0.41894638665294,0.696550123055241,338,1.64125655662213e-07,4,876842104
558,-0.488200749712198,0.167423990238974,0.613729654623667,0.442044050224635,0.852096275864532,0.386270345376333,0.147903724135468,0.557955949775365,326,0.00354602128495867,4,262368025
758,-0.887589861591733,0.168618338212057,0.411646683615222,0.295798815940137,0.572865687757535,0.588353316384778,0.427134312242465,0.704201184059863,328,1.41032130884654e-07,4,236823325
283,-0.879431150209973,0.159512903704052,0.415018927976344,0.303591965915623,0.567342782142345,0.584981072023656,0.432657217857655,0.696408034084377,360,3.52309547503036e-08,4,431687308
508,-0.62897815602942,0.160686781598129,0.533136304879157,0.38910017051853,0.730491377583873,0.466863695120843,0.269508622416127,0.61089982948147,356,9.06624408855319e-05,4,361407342
458,-0.662045766783628,0.173269364546287,0.515795058015578,0.367273865785724,0.724376457617351,0.484204941984422,0.275623542382649,0.632726134214276,298,0.000132962910918374,4,708716569
733,-0.623476485996155,0.158773555637207,0.536077528312936,0.392716643236177,0.731772185650097,0.463922471687064,0.268227814349903,0.607283356763823,362,8.60733922134304e-05,5,239774111
933,-0.618777900500632,0.144368240783628,0.538602261103564,0.40586509498955,0.714750786029877,0.461397738896436,0.285249213970123,0.59413490501045,367,1.81830452380166e-05,3,625993826
833,-1.06898890976952,0.15403395826972,0.343355505368141,0.25388092518345,0.464363374213419,0.656644494631859,0.535636625786581,0.74611907481655,360,3.92221780323618e-12,3,295448219
683,-0.654390444810894,0.148828466398685,0.519758787712653,0.388256576283384,0.695800699605789,0.480241212287347,0.304199300394211,0.611743423716616,352,1.09785612811115e-05,3,961232896
958,-0.777149377020087,0.159723688115467,0.459714618301618,0.336148566949479,0.628702755445526,0.540285381698382,0.371297244554474,0.663851433050521,340,1.14118043559351e-06,3,550967973
608,-0.377172494276538,0.172405477994093,0.685797767502969,0.48915247813621,0.961496872517306,0.314202232497031,0.038503127482694,0.51084752186379,311,0.0286910265835416,4,81857581
108,-0.78825111800121,0.1618839447079,0.454639210742036,0.331032798528549,0.624399796222352,0.545360789257964,0.375600203777648,0.668967201471451,332,1.12030592483311e-06,4,361568130
8,-0.538543026281431,0.155343449994483,0.583597920083697,0.430412773010971,0.791302102731361,0.416402079916303,0.208697897268639,0.569587226989029,376,0.000526714387554016,4,159090983
583,-0.696505883778685,0.162483957079617,0.498323465457678,0.362413813897784,0.685200913163282,0.501676534542322,0.314799086836718,0.637586186102216,340,1.81417732167045e-05,4,975181113
808,-0.56141789443787,0.159951282894365,0.570399723609428,0.416896767329737,0.780423045200485,0.429600276390572,0.219576954799515,0.583103232670263,348,0.0004482237478581,3,252050390
983,-0.474870056700129,0.160382050131051,0.621965871511971,0.454202066881315,0.851694815001204,0.378034128488029,0.148305184998796,0.545797933118686,345,0.00306773532428532,4,699261875
233,-0.484596098930293,0.165258550409352,0.615945927748648,0.445527232555006,0.851551506143459,0.384054072251352,0.148448493856541,0.554472767444994,343,0.00336406149866109,5,155694538
433,-0.84254537999898,0.160245894961594,0.430613053429026,0.314547065316294,0.589506697819647,0.569386946570974,0.410493302180353,0.685452934683706,313,1.45766623723505e-07,3,551229819
183,-0.50436143948579,0.161632043907784,0.603891073326383,0.439923502872518,0.828972369200675,0.396108926673617,0.171027630799325,0.560076497127483,350,0.00180587362069669,5,856955453
333,-0.792845838746489,0.162577767550081,0.452555062235628,0.329067491528436,0.622383218116807,0.547444937764372,0.377616781883193,0.670932508471564,342,1.07865759461171e-06,4,716112060
633,-0.886943443542442,0.16383203417585,0.411912865484555,0.298779830390686,0.567883744126345,0.588087134515445,0.432116255873655,0.701220169609314,317,6.17230190999436e-08,3,400274178
858,-0.93042141266478,0.164488588122675,0.394387475470321,0.285699956714266,0.544422486431852,0.605612524529679,0.455577513568148,0.714300043285734,328,1.54536307416487e-08,4,21190578
133,-0.454988717662643,0.165050042934574,0.634455126044618,0.459102924598327,0.876782275600775,0.365544873955382,0.123217724399225,0.540897075401673,346,0.00583930166218146,4,191224108
533,-0.742188523039116,0.160855588340219,0.476070882491853,0.347337036773552,0.652517471968684,0.523929117508147,0.347482528031316,0.652662963226448,337,3.94982511691305e-06,3,779050069
258,-0.575945075548793,0.162976345968517,0.562173321410047,0.408455280155191,0.773741603205928,0.437826678589953,0.226258396794072,0.591544719844809,325,0.000409447773315859,4,309052068
783,-0.5102142900588,0.16515344861051,0.600366912365836,0.434348052821229,0.829842397410352,0.399633087634164,0.170157602589648,0.565651947178771,312,0.00200605260498812,4,399165491
159,-0.690106952479905,0.163880314954607,0.501522427130228,0.363743449987413,0.691489413550398,0.498477572869772,0.308510586449602,0.636256550012587,352,2.54195042504075e-05,4,863069265
709,-0.678869292504776,0.159743921591053,0.507190151972932,0.370848511124474,0.693657497716052,0.492809848027068,0.306342502283948,0.629151488875526,335,2.14023818655113e-05,4,857330271
309,-0.736086373276993,0.158955207294364,0.478984819913479,0.350767083789667,0.654070659164586,0.521015180086521,0.345929340835414,0.649232916210333,333,3.64293235096811e-06,3,393506890
34,-0.800543060230614,0.162192415329584,0.449085017671149,0.326791033761773,0.617144695725393,0.550914982328851,0.382855304274607,0.673208966238227,338,7.98386733872418e-07,3,708772194
384,-0.675743356837204,0.162862319215492,0.508778076340905,0.369742804902502,0.700095113503046,0.491221923659095,0.299904886496954,0.630257195097498,339,3.33683768592831e-05,4,462977307
909,-0.672208881439099,0.158153008895295,0.510579521641494,0.37449265728956,0.69611898349742,0.489420478358506,0.30388101650258,0.62550734271044,334,2.13417211039373e-05,4,808969420
884,-0.638588591732158,0.154118556423743,0.528037174379672,0.39037189719741,0.714250332896959,0.471962825620328,0.285749667103041,0.60962810280259,361,3.42061015990602e-05,4,495126705
409,-0.677267025814509,0.164460418831119,0.508003457251051,0.368025325603707,0.701222156805887,0.491996542748949,0.298777843194113,0.631974674396293,359,3.81982986709306e-05,5,590657633
659,-0.811250247935071,0.163847986188546,0.444302230882642,0.322263289012874,0.612556499910254,0.555697769117358,0.387443500089746,0.677736710987126,327,7.37431457660654e-07,4,865716385
484,-0.307816556291054,0.171547689899338,0.735050145967058,0.525164438036377,1.02881817189756,0.264949854032942,-0.0288181718975558,0.474835561963623,306,0.0727573603629707,4,340699316
359,-0.664263734221837,0.165525450664045,0.514652309130486,0.372064647558539,0.711884348678058,0.485347690869514,0.288115651321942,0.627935352441461,337,5.9936410966073e-05,4,403608621
59,-0.942736352224108,0.171557422223633,0.389560401116516,0.278320285855797,0.54526139067236,0.610439598883484,0.45473860932764,0.721679714144203,325,3.90345142815052e-08,4,360315877
759,-0.637377619801082,0.164991873178258,0.528676999903596,0.382603624388389,0.730519400264072,0.471323000096404,0.269480599735928,0.617396375611611,336,0.000111964056590033,4,760465945
209,-0.537144765175289,0.171518147257645,0.584414513129078,0.41756537651493,0.817932573831789,0.415585486870922,0.182067426168211,0.58243462348507,311,0.00173792592021429,4,242218998
609,-0.93716320335365,0.161711712021696,0.39173754035135,0.285329012481782,0.537829291125184,0.60826245964865,0.462170708874816,0.714670987518218,331,6.82109239837713e-09,4,770670718
959,-0.946391277837587,0.155103967797536,0.388139185629028,0.286393233970319,0.52603207601049,0.611860814370972,0.47396792398951,0.713606766029681,341,1.04974173437254e-09,3,183827995
284,-0.523865853998326,0.170869283612625,0.592226655116984,0.423685647577781,0.827812820746219,0.407773344883016,0.172187179253781,0.576314352422219,333,0.0021702557887185,4,946753266
509,-0.541171380107058,0.165681228475326,0.582066032311249,0.420672515537208,0.805379133309682,0.417933967688751,0.194620866690318,0.579327484462792,320,0.00108946992016995,4,616108309
84,-0.400305278000269,0.17076096747,0.670115443304391,0.479509954740047,0.936486725491409,0.329884556695609,0.0635132745085915,0.520490045259953,327,0.0190657225176205,4,276605902
934,-0.698424978254529,0.163052162907776,0.497368052704829,0.36131636569745,0.684649252944535,0.502631947295171,0.315350747055465,0.63868363430255,352,1.84021571276101e-05,4,830917338
459,-0.326228855629444,0.162436364305094,0.721640017152005,0.524873352173651,0.992171372767379,0.278359982847995,0.00782862723262134,0.475126647826349,334,0.0446062537506748,4,482174633
734,-0.605592731703212,0.162343342006554,0.545750846922179,0.397015548066675,0.750207361819129,0.454249153077821,0.249792638180871,0.602984451933325,337,0.000191236184521268,4,446739838
684,-0.875603641946198,0.160704714066208,0.416610460211216,0.304045142461281,0.570850348577773,0.583389539788784,0.429149651422227,0.695954857538719,350,5.07892714981764e-08,4,202882610
109,-0.692837698972832,0.160407215286554,0.50015476474074,0.365229241444174,0.684925412060967,0.49984523525926,0.315074587939033,0.634770758555826,342,1.56565504542094e-05,4,266528570
634,-0.617311026194768,0.174616597028893,0.539392902665584,0.383063974893767,0.759519877917754,0.460607097334416,0.240480122082246,0.616936025106233,309,0.000407409826781207,4,815138789
984,-0.620548185915443,0.177808394924229,0.537649624844175,0.379444766288471,0.761816065939149,0.462350375155825,0.238183934060851,0.620555233711529,306,0.000483052185730897,4,563494194
559,-0.670006378717258,0.150275838122664,0.511705313752617,0.381157878971672,0.686965539920333,0.488294686247383,0.313034460079667,0.618842121028328,380,8.25312149232641e-06,4,684523806
809,-0.625846874251733,0.167703960816056,0.534808321286736,0.384988968821735,0.742930223151343,0.465191678713264,0.257069776848657,0.615011031178265,315,0.000190074863556363,4,45257122
834,-0.972301926511948,0.159289844002537,0.378211420392599,0.276787757788354,0.516799874598378,0.621788579607401,0.483200125401622,0.723212242211646,325,1.03459626125067e-09,3,613526876
584,-0.407911430056377,0.171303734568143,0.665037778572545,0.475370594485724,0.93037990161587,0.334962221427455,0.0696200983841296,0.524629405514276,340,0.0172555259189243,5,188315215
234,-0.710059104130952,0.160419592128542,0.49161514011665,0.358984621981486,0.673247351538021,0.50838485988335,0.326752648461979,0.641015378018514,339,9.58801726291902e-06,4,761385293
134,-0.701718841575623,0.148280469674803,0.495732485465172,0.370707023747809,0.662924307883253,0.504267514534828,0.337075692116747,0.629292976252191,380,2.21907562911765e-06,3,584267113
184,-0.484676561088193,0.166172926830274,0.615896369403964,0.444693715803862,0.853010340295189,0.384103630596036,0.146989659704811,0.555306284196138,358,0.00353755943408596,4,731779220
334,-1.0496010866068,0.181795886750359,0.350077371812895,0.245142776445401,0.499929747196606,0.649922628187106,0.500070252803394,0.754857223554599,319,7.76351796433173e-09,4,380991086
9,-0.781455385399266,0.165724121973564,0.457739339139578,0.330790942818547,0.633407011723629,0.542260660860422,0.366592988276371,0.669209057181453,332,2.4123734923303e-06,4,588391610
784,-0.856201527468638,0.154614119913042,0.424772508507248,0.313724635761159,0.575127559063942,0.575227491492752,0.424872440936058,0.686275364238841,364,3.06527162300142e-08,4,980853368
434,-0.771802791934481,0.169265575452128,0.462179104044014,0.33168909036276,0.64400527608945,0.537820895955986,0.35599472391055,0.66831090963724,301,5.12230779688435e-06,4,380225723
534,-0.796186877694015,0.159244339547659,0.451045581168453,0.330119671962679,0.616267776718825,0.548954418831547,0.383732223281175,0.669880328037321,332,5.73953665439759e-07,3,654032705
160,-0.713028454783475,0.155374841165524,0.490157527531979,0.36147675261449,0.664646896539129,0.509842472468021,0.335353103460871,0.63852324738551,353,4.45191736279025e-06,5,842803133
859,-0.652423592562991,0.165664792956111,0.520782082457532,0.37639331933857,0.720560019198544,0.479217917542468,0.279439980801456,0.62360668066143,329,8.20899818994714e-05,4,214613036
259,-0.709757332777991,0.171857514069364,0.49176351786957,0.351132416797323,0.688718403482075,0.50823648213043,0.311281596517925,0.648867583202677,320,3.6289363666426e-05,4,844428073
710,-0.707058118533766,0.164665873949178,0.493092686009583,0.357079332873062,0.680914224410123,0.506907313990417,0.319085775589877,0.642920667126939,347,1.75564829585418e-05,4,135272801
385,-0.554665315862358,0.168387344640472,0.57426442623162,0.412838647321383,0.798809979091923,0.42573557376838,0.201190020908077,0.587161352678617,346,0.000987779189204012,4,880222129
310,-0.565622210705513,0.171348880163839,0.568006616986051,0.405976564229998,0.794704781917307,0.431993383013949,0.205295218082693,0.594023435770002,325,0.000963417697626935,4,287831036
885,-0.741107366016713,0.166347039712481,0.47658586820967,0.343990384928701,0.66029197247546,0.52341413179033,0.33970802752454,0.656009615071299,320,8.38196388716909e-06,4,533535634
910,-0.76620829038913,0.154731809194363,0.46477201200679,0.343187935941145,0.629430701147622,0.53522798799321,0.370569298852378,0.656812064058855,380,7.35122829653494e-07,4,306607588
35,-1.03417702624325,0.173919591655601,0.355518843242058,0.252826154679634,0.49992315099017,0.644481156757942,0.50007684900983,0.747173845320366,313,2.74281310701955e-09,4,505673069
485,-0.709259288975212,0.168012185390251,0.492008498642592,0.353965042294875,0.683887768032403,0.507991501357408,0.316112231967597,0.646034957705125,321,2.42708565341599e-05,4,651863793
660,-0.619811383093811,0.159060395313256,0.538045912579843,0.393937099142921,0.734872152619593,0.461954087420157,0.265127847380407,0.606062900857079,326,9.75104111063099e-05,3,402153027
410,-0.847198789302908,0.177172092654319,0.428613889710856,0.302870574990558,0.606562279808122,0.571386110289144,0.393437720191878,0.697129425009442,311,1.73745772864673e-06,5,125834194
360,-0.643605242377666,0.165562234790481,0.525394829749522,0.379803502090031,0.726796160668617,0.474605170250478,0.273203839331383,0.620196497909969,312,0.000101327209849901,4,620361247
760,-0.73549564775225,0.16975855824076,0.479267852061492,0.343620884952092,0.668462494797605,0.520732147938508,0.331537505202395,0.656379115047908,337,1.47359805477186e-05,4,374798100
610,-0.665074033331703,0.164318999440416,0.514235455733284,0.372643397983836,0.709627771118297,0.485764544266716,0.290372228881703,0.627356602016164,310,5.17771587963618e-05,3,605796996
60,-0.604520638627462,0.179366105082582,0.546336256376889,0.384399945126693,0.776491539127399,0.453663743623111,0.223508460872601,0.615600054873307,308,0.000750817487237682,4,130442378
210,-0.770793452026901,0.168108768876138,0.462645835363825,0.33277769833019,0.643195652994494,0.537354164636175,0.356804347005506,0.66722230166981,302,4.53795872323121e-06,3,450445150
960,-0.486538354112936,0.159541811425417,0.614750764609865,0.449673030802422,0.840429549252787,0.385249235390135,0.159570450747213,0.550326969197578,336,0.0022914802593487,4,234212992
85,-0.671731399195204,0.165490152046396,0.510823372509771,0.369322092231614,0.706539152113899,0.489176627490229,0.293460847886101,0.630677907768386,350,4.92745514727433e-05,5,724400387
510,-0.585557590155283,0.167369310889504,0.556795311656078,0.40107958235979,0.772966345626846,0.443204688343922,0.227033654373154,0.59892041764021,304,0.000467714800950365,4,734391152
285,-0.799012456583905,0.158418398379281,0.449772915151777,0.329721535721065,0.613534917462183,0.550227084848223,0.386465082537817,0.670278464278935,368,4.56651481685643e-07,4,398334138
460,-0.445111232946314,0.164235104331071,0.640752999224265,0.46440134988552,0.884072378592566,0.359247000775735,0.115927621407434,0.53559865011448,338,0.00672411007863908,4,654475260
735,-0.81224995706603,0.166166127932503,0.443858279833457,0.320481866416993,0.614731107189624,0.556141720166543,0.385268892810376,0.679518133583007,342,1.01772415008176e-06,5,685704590
935,-1.01743619746841,0.153289197254028,0.36152062051733,0.267702897908466,0.488217199292044,0.63847937948267,0.511782800707956,0.732297102091534,355,3.19342396135485e-11,3,528658325
110,-0.583420970759465,0.163288399398215,0.557986243149062,0.405165216667267,0.768448609939023,0.442013756850938,0.231551390060977,0.594834783332733,364,0.000352984787607961,4,831966073
835,-0.482298866266898,0.171368445052439,0.617362525356924,0.441236243838991,0.86379234035488,0.382637474643076,0.13620765964512,0.558763756161009,310,0.00488688099646622,4,733672159
635,-0.667180325751425,0.156439189280905,0.513153465384973,0.377646954533175,0.697282146395476,0.486846534615027,0.302717853604524,0.622353045466825,367,2.00090100732075e-05,4,710239162
985,-0.821196822652712,0.15652662333784,0.439904851232842,0.323685353240887,0.597853057608615,0.560095148767158,0.402146942391385,0.676314646759113,344,1.55123916226952e-07,4,926573441
135,-0.630909541295187,0.161820017086586,0.532107607001005,0.387487787520095,0.730703042902101,0.467892392998995,0.269296957097899,0.612512212479905,325,9.66566206794434e-05,4,75266204
585,-0.768208428600976,0.15349616017527,0.463843332798766,0.343332685160737,0.626653524936436,0.536156667201234,0.373346475063564,0.656667314839263,344,5.59373740096264e-07,3,971602008
185,-0.69589072104736,0.161264355112527,0.498630109790185,0.363504701157933,0.683985614484111,0.501369890209815,0.316014385515889,0.636495298842067,330,1.5944604434587e-05,3,642854203
685,-0.675197711793215,0.158945922636306,0.509055764329398,0.372795228384705,0.695120944331325,0.490944235670602,0.304879055668675,0.627204771615295,348,2.15715056053907e-05,4,546667847
810,-0.654747398186987,0.174021304450935,0.519573291167404,0.369419328903912,0.730758744258194,0.480426708832596,0.269241255741806,0.630580671096088,309,0.000168253313851406,4,686245584
560,-0.534449560380733,0.176781819325337,0.585991754466305,0.414395039105156,0.828644901357906,0.414008245533695,0.171355098642094,0.585604960894844,299,0.00250103958703082,3,123424251
235,-0.642301892210123,0.165629663972373,0.526080049632628,0.380248585273111,0.727840232259344,0.473919950367372,0.272159767740656,0.619751414726889,331,0.000105344706449698,4,539724459
335,-0.717256151227097,0.167068292595706,0.48808966452454,0.351795939901528,0.677186668732908,0.51191033547546,0.322813331267092,0.648204060098472,332,1.76123079513807e-05,4,258837639
535,-0.735727515628276,0.154251490135907,0.479156738124961,0.354142862506695,0.648301021981524,0.520843261875039,0.351698978018476,0.645857137493305,360,1.84535023337117e-06,3,835910193
10,-0.941363271895893,0.16420864493226,0.390095666236847,0.282746002529302,0.538202582726166,0.609904333763153,0.461797417273834,0.717253997470698,355,9.88288499764512e-09,4,837447975
161,-0.849817766625981,0.156782077728217,0.427492828311325,0.314395040703713,0.581275448393094,0.572507171688675,0.418724551606906,0.685604959296287,360,5.94739081512532e-08,4,642667110
785,-0.720099327657464,0.166819279530333,0.486703910399687,0.350968393189553,0.674934555347298,0.513296089600313,0.325065444652702,0.649031606810447,323,1.58419839220783e-05,4,899201704
260,-0.68584917145475,0.169580117091632,0.503662352237574,0.361237337003121,0.702241266547967,0.496337647762426,0.297758733452033,0.638762662996879,321,5.2458155977503e-05,4,152970740
435,-0.380538676508714,0.161493286118436,0.683493128337031,0.498047561725041,0.937988442039295,0.316506871662969,0.0620115579607055,0.501952438274959,355,0.0184542975878163,4,363677118
386,-0.543584380232136,0.170208010751129,0.580663200100303,0.41595177489059,0.810598180616999,0.419336799899697,0.189401819383001,0.584048225109409,337,0.00140487569477461,4,274149287
860,-0.768787793530742,0.163349954042934,0.463574676071495,0.336570440040652,0.638503726794411,0.536425323928505,0.361496273205589,0.663429559959348,320,2.52147966988483e-06,3,251981747
711,-0.735760560500273,0.16555576826581,0.479140904713491,0.346371318768533,0.662803165648597,0.520859095286509,0.337196834351403,0.653628681231467,312,8.82254213328132e-06,3,439620868
311,-0.477853718610083,0.164160247718417,0.620112901324765,0.449507881260071,0.855468894808842,0.379887098675235,0.144531105191158,0.550492118739929,345,0.0036039177455151,4,779925529
886,-0.758474341469555,0.171048274221479,0.468380470838706,0.33496715438986,0.654930677793432,0.531619529161294,0.345069322206568,0.66503284561014,308,9.23845104407843e-06,4,574669505
911,-0.836707823945818,0.162469753090248,0.433134132576818,0.315012584998049,0.5955481962863,0.566865867423182,0.4044518037137,0.684987415001951,345,2.60583965531311e-07,4,869310201
486,-0.848897960698593,0.168530850873939,0.427886219642825,0.307520859367318,0.595363245722269,0.572113780357175,0.404636754277731,0.692479140632682,319,4.72766617772288e-07,3,194804298
661,-0.668199680370473,0.165439738796019,0.512630646543924,0.370665362966585,0.708968805913844,0.487369353456076,0.291031194086156,0.629334637033415,327,5.36953691708126e-05,3,280175947
411,-0.512887219255284,0.160253036128384,0.598764316883449,0.437369283464832,0.819716246035215,0.401235683116551,0.180283753964785,0.562630716535168,341,0.00137197161235349,4,311023013
36,-0.574785448006275,0.170920894561537,0.562825611210735,0.402611079794718,0.786795705662778,0.437174388789265,0.213204294337222,0.597388920205282,325,0.0007713553619813,4,199937347
761,-1.17577812723948,0.164451428648582,0.30857877269578,0.223555180094734,0.425938951260636,0.69142122730422,0.574061048739364,0.776444819905266,337,8.69687249389884e-13,4,615281347
361,-0.290902866011736,0.172986200150384,0.74758829072371,0.532618650632869,1.04932159578549,0.25241170927629,-0.0493215957854938,0.467381349367131,320,0.0926360306808547,4,455019537
961,-0.852715415866166,0.16675909404179,0.426255897004193,0.307414821216404,0.591038808772807,0.573744102995807,0.408961191227193,0.692585178783596,337,3.16316197256819e-07,4,53134751
611,-0.820155336891991,0.175671891220142,0.440363244535088,0.312089299187623,0.621359936538189,0.559636755464912,0.378640063461811,0.687910700812377,316,3.0314538400134e-06,4,569609098
211,-0.541468188074979,0.169079003154682,0.581893296111011,0.417756335939707,0.810519862726405,0.418106703888989,0.189480137273595,0.582243664060293,334,0.00136260778795562,5,109112782
511,-0.747580593168793,0.16973711859553,0.473510783226928,0.339507502872576,0.660405027680141,0.526489216773072,0.339594972319859,0.660492497127424,299,1.06104653553702e-05,3,223369743
461,-0.627764147485148,0.17006480894476,0.53378392994018,0.382477654108082,0.744946223137699,0.46621607005982,0.255053776862301,0.617522345891918,306,0.000223090583678097,3,384343807
61,-0.629066843701742,0.174268196440836,0.533089024357877,0.378845718347958,0.750130974503504,0.466910975642123,0.249869025496496,0.621154281652042,307,0.000306477194144852,4,740305038
936,-0.816992325764596,0.154564427759913,0.44175832353975,0.326301643876717,0.598067524570555,0.55824167646025,0.401932475429445,0.673698356123283,331,1.25175718005898e-07,3,234087244
286,-0.506893129074757,0.166375101737678,0.602364142256485,0.434750777917544,0.83459898936675,0.397635857743515,0.16540101063325,0.565249222082456,348,0.00231377260112154,4,787980519
636,-0.585445616060863,0.147330543132996,0.556857661797613,0.417192232405432,0.74327955176633,0.443142338202387,0.25672044823367,0.582807767594568,361,7.07682420137365e-05,3,498129434
111,-0.542671462071218,0.169471238542296,0.581193540122737,0.416933315003713,0.810167762864887,0.418806459877263,0.189832237135113,0.583066684996287,327,0.00136408364368437,4,877299331
86,-0.794835765741318,0.160441020091757,0.451655406122504,0.329791584301519,0.618550064919726,0.548344593877496,0.381449935080274,0.670208415698481,344,7.26776907219972e-07,3,47566287
736,-0.986288463568692,0.167413420560657,0.372958373944937,0.268632034205136,0.517801047470875,0.627041626055063,0.482198952529125,0.731367965794864,342,3.83089162061107e-09,4,996440836
136,-0.621078041438462,0.169043228288996,0.537364823679401,0.385815238550343,0.748443619834667,0.462635176320599,0.251556380165333,0.614184761449657,332,0.000238709613906692,4,782490806
586,-0.687045159263726,0.167368566293926,0.503060338276896,0.36237288750355,0.698368207651258,0.496939661723104,0.301631792348742,0.63762711249645,341,4.04344197248708e-05,5,716771144
836,-0.670660419179801,0.165882552249312,0.511370747194484,0.369433603616992,0.707840430664647,0.488629252805516,0.292159569335353,0.630566396383007,325,5.2775339250202e-05,4,602902011
986,-0.596238186041783,0.167632697845368,0.550880051424728,0.39661381240918,0.765149426376071,0.449119948575272,0.234850573623929,0.60338618759082,341,0.000375380933663657,5,207703107
186,-0.942294867154165,0.163968728789638,0.389732424187464,0.282615582586381,0.537448646932312,0.610267575812536,0.462551353067688,0.717384417413619,356,9.09502417291188e-09,4,521591284
811,-0.598439011990454,0.179335178994193,0.549668993465664,0.386768288118394,0.781180907688764,0.450331006534336,0.218819092311236,0.613231711881606,297,0.000846921625486326,4,187984371
686,-0.54752882666077,0.164269356720563,0.578377316450998,0.419164912910417,0.798063745036197,0.421622683549002,0.201936254963803,0.580835087089583,348,0.000858791183835712,4,937957309
336,-0.677465147319227,0.156469695844354,0.507902820811148,0.373760479510554,0.690188742602567,0.492097179188852,0.309811257397433,0.626239520489446,360,1.49319954866104e-05,4,519443360
162,-1.0951200137804,0.165325380705072,0.334499459994827,0.241919124323339,0.462509481421912,0.665500540005173,0.537490518578088,0.758080875676661,350,3.49539609563636e-11,4,267433288
786,-0.547961649171295,0.159351743307645,0.578127035896298,0.423041360004258,0.790066648875361,0.421872964103702,0.209933351124639,0.576958639995742,337,0.000584530723777491,4,569651833
11,-0.585653135254817,0.163595684814287,0.55674211513398,0.404018429083939,0.76719713867176,0.44325788486602,0.23280286132824,0.595981570916061,325,0.000343750300286262,4,910676824
261,-0.566567220748516,0.156349971734,0.567470098576078,0.417693430945573,0.770953740040753,0.432529901423922,0.229046259959247,0.582306569054427,363,0.000290405306139315,4,70150201
536,-0.814454331615952,0.157474568682151,0.442880927558628,0.325270278953439,0.603017025183749,0.557119072441372,0.396982974816251,0.674729721046561,342,2.31634161519788e-07,3,373430737
236,-0.519626454981792,0.167833383549101,0.59474266964275,0.428024927984683,0.826397763231312,0.40525733035725,0.173602236768688,0.571975072015317,322,0.00196094007751424,5,322156616
561,-0.757857590985094,0.160613318365696,0.468669433820878,0.342099410418271,0.642067865388672,0.531330566179122,0.357932134611328,0.657900589581729,340,2.3756344668861e-06,4,939062638
712,-0.711963595838083,0.160809080949456,0.490679754159324,0.358028172019374,0.672479541997678,0.509320245840676,0.327520458002322,0.641971827980626,344,9.53827176575156e-06,3,117200979
436,-1.11521836465657,0.174678032120277,0.327843681609772,0.232798730457113,0.461692722122684,0.672156318390228,0.538307277877315,0.767201269542887,323,1.72045445311713e-10,5,902907081
312,-0.764485831716972,0.172613597268716,0.465573252443119,0.331939596256315,0.653005715000898,0.534426747556881,0.346994284999102,0.668060403743685,332,9.47213573871773e-06,5,790699667
387,-0.98362599007909,0.159152090452681,0.373952688809402,0.273744974658826,0.510842668955174,0.626047311190598,0.489157331044826,0.726255025341174,350,6.39332536744466e-10,4,708459371
887,-0.758767149234178,0.166255656902523,0.468243345476712,0.338029452747519,0.648617535546488,0.531756654523288,0.351382464453512,0.661970547252481,344,5.02221416473563e-06,4,342706477
487,-0.702294527671252,0.164289063394903,0.495447181296839,0.35904944327428,0.683660465301066,0.50455281870316,0.316339534698934,0.64095055672572,344,1.91352648921991e-05,4,761870296
861,-0.60244217791093,0.172419353645114,0.547472975727824,0.390480244483594,0.767584694454042,0.452527024272176,0.232415305545958,0.609519755516406,319,0.000475748441872845,5,451586301
912,-0.566098698558211,0.157212363252266,0.567736033202867,0.417183432231605,0.77261985614516,0.432263966797133,0.22738014385484,0.582816567768395,331,0.000317174188529661,3,177667560
37,-0.668640506869902,0.157244988065512,0.512404715172434,0.376500832636112,0.697365236333238,0.487595284827566,0.302634763666762,0.623499167363888,339,2.11660428345005e-05,3,939389116
412,-0.763152500644283,0.17303208810536,0.466194429752692,0.332109959529078,0.654413516055393,0.533805570247307,0.345586483944607,0.667890040470922,316,1.03147412747669e-05,4,845059094
762,-0.810310844412946,0.162023606732864,0.444719806068313,0.323721636764828,0.610943735135983,0.555280193931687,0.389056264864017,0.676278363235172,343,5.69775209550616e-07,4,619469535
362,-0.735864443103869,0.162460284644047,0.479091132894078,0.348442954821053,0.658725654922793,0.520908867105922,0.341274345077207,0.651557045178947,330,5.91224288059679e-06,4,860292311
662,-0.482479187940426,0.154566272947092,0.617251211549625,0.455926568629952,0.835658819586612,0.382748788450375,0.164341180413388,0.544073431370047,349,0.00179930006535899,4,333598729
462,-0.693550120107461,0.164597380810215,0.499798570810861,0.361984075503748,0.690081769583238,0.500201429189139,0.309918230416762,0.638015924496252,334,2.51314672384141e-05,4,795110917
62,-0.571968432831091,0.162750107740898,0.56441333476922,0.410264673480796,0.776480240822447,0.43558666523078,0.223519759177553,0.589735326519204,355,0.000440754148527302,4,836377068
837,-0.616866197461787,0.159792494624065,0.539632893500507,0.394532510810872,0.738098006547615,0.460367106499493,0.261901993452385,0.605467489189128,339,0.000113192135698327,3,68378155
962,-1.06923837021323,0.172013199636957,0.343269862434131,0.245029162142646,0.480898671101641,0.656730137565869,0.519101328898359,0.754970837857354,318,5.09906437561829e-10,4,602626590
212,-0.585700355393322,0.161977075133931,0.556715826314877,0.405283041131942,0.764731014660335,0.443284173685123,0.235268985339665,0.594716958868058,352,0.000299252769672482,4,423549467
587,-0.394011790922794,0.165939949181568,0.674346105030708,0.487118375343886,0.933536266311152,0.325653894969292,0.0664637336888475,0.512881624656114,321,0.0175763561602563,4,722717809
112,-1.05030758516847,0.178189472107092,0.349830130001512,0.246707332655706,0.496057893940528,0.650169869998488,0.503942106059472,0.753292667344294,318,3.76204239636344e-09,5,620298405
937,-0.579325114850511,0.170176896520692,0.560276361195355,0.401372360382285,0.782090726464886,0.439723638804645,0.217909273535114,0.598627639617715,307,0.000663454088367933,4,46326983
512,-0.812747563993993,0.164565984860311,0.443637467821728,0.321328611580067,0.612501332786649,0.556362532178272,0.387498667213351,0.678671388419933,311,7.86315322826364e-07,3,745113084
737,-0.635193819081594,0.171191647590292,0.529832786661011,0.37880895298985,0.741066914087676,0.470167213338989,0.258933085912324,0.62119104701015,315,0.000206911351822768,4,296329524
287,-0.622402506539907,0.169326542108269,0.536653573840462,0.385090683566486,0.747868153154157,0.463346426159538,0.252131846845843,0.614909316433514,323,0.000237149099171946,4,172255810
612,-0.67989063464937,0.166198958958757,0.506672401740472,0.365812413468568,0.701772037343715,0.493327598259528,0.298227962656285,0.634187586531432,319,4.29843865636328e-05,4,503907724
87,-0.735883240531241,0.178635048358587,0.479082127297944,0.33756354608701,0.679930304551201,0.520917872702056,0.320069695448799,0.662436453912991,294,3.79730857571224e-05,4,469442322
812,-0.815218706333571,0.154548138080468,0.442542529922462,0.326891328897331,0.599110081784038,0.557457470077538,0.400889918215962,0.673108671102669,334,1.32862559367795e-07,3,264373085
687,-0.381243603557211,0.164021877390428,0.683011485324942,0.495236141853034,0.941984337694448,0.316988514675058,0.0580156623055519,0.504763858146966,326,0.0201069543350986,3,373663865
137,-0.840202366241093,0.169549735385552,0.431623168632342,0.309587738869627,0.601763365630824,0.568376831367658,0.398236634369176,0.690412261130373,348,7.21474716830935e-07,4,797796008
163,-0.487146780316057,0.15732830949496,0.614376847898185,0.4513534242083,0.836282369842202,0.385623152101815,0.163717630157798,0.5486465757917,340,0.00195905227562638,3,617936814
637,-0.926166798232061,0.166314004193036,0.396069016733837,0.28589340238436,0.548703344352133,0.603930983266163,0.451296655647867,0.71410659761564,346,2.56522959025263e-08,4,895812046
187,-0.634268731021376,0.159544491832238,0.530323155428038,0.387914552571074,0.725011854592955,0.469676844571962,0.274988145407045,0.612085447428926,361,7.02322769302539e-05,5,231278658
987,-0.583235945251532,0.17071395434942,0.558089494388882,0.399385106877585,0.779858533489845,0.441910505611118,0.220141466510155,0.600614893122415,314,0.000634429638727056,4,574983397
787,-0.820708690326375,0.158879863541538,0.440119635428531,0.322353180478445,0.600910135901997,0.559880364571469,0.399089864098003,0.677646819521555,337,2.39677985183379e-07,4,623577446
12,-0.478262159542421,0.166802168609287,0.619859673551008,0.447003701983849,0.859558910115345,0.380140326448992,0.140441089884655,0.552996298016151,339,0.00414066446818083,4,682695244
337,-0.680129157761738,0.164155182701198,0.506551563074239,0.367193102765091,0.698799852504606,0.493448436925761,0.301200147495394,0.632806897234909,335,3.42480224390386e-05,5,636597036
262,-0.722471608720633,0.164549680507339,0.485550680363402,0.351697778430523,0.670346751274506,0.514449319636598,0.329653248725494,0.648302221569476,344,1.13039005120878e-05,5,288353724
537,-0.680841918029018,0.165141841681363,0.506190641887172,0.366222583033282,0.6996536472762,0.493809358112828,0.3003463527238,0.633777416966718,342,3.74342569754468e-05,5,167961589
713,-0.841700371860804,0.159249287243374,0.430977078744095,0.315428502418792,0.588853705288137,0.569022921255905,0.411146294711863,0.684571497581208,373,1.2541235360306e-07,4,941275167
562,-0.461613216330302,0.160270170823624,0.630266069426801,0.460364377096601,0.86287153835831,0.369733930573199,0.13712846164169,0.539635622903399,337,0.00397398825329998,4,535591683
437,-0.642252476675672,0.162819782130527,0.526106046801771,0.382367387329427,0.723878609037653,0.473893953198229,0.276121390962347,0.617632612670573,327,7.994647775232e-05,3,21293413
388,-0.650298182036482,0.170095435517957,0.521890135294062,0.373932825154418,0.72839102372138,0.478109864705938,0.27160897627862,0.626067174845582,338,0.000131764428230533,4,496558253
313,-0.727392975646381,0.173104667480822,0.483166977653202,0.344151989424428,0.678334966724905,0.516833022346798,0.321665033275095,0.655848010575572,327,2.64518766212035e-05,4,402576726
237,-0.767825009394491,0.162079327004461,0.46402121334059,0.337734683107899,0.637529093691822,0.535978786659409,0.362470906308178,0.662265316892101,361,2.16540838685686e-06,5,239190208
913,-0.643763502795322,0.17024718215566,0.525311687123598,0.37627243067283,0.733384500520535,0.474688312876402,0.266615499479465,0.62372756932717,364,0.000155982696578425,5,317094809
888,-0.86180684603808,0.152716482509359,0.422398183917071,0.313133503194211,0.569789639104124,0.577601816082929,0.430210360895876,0.686866496805789,377,1.66936089603198e-08,4,319648439
488,-0.453553766088566,0.16694428399966,0.635366191937806,0.458058419205025,0.881307232728448,0.364633808062194,0.118692767271552,0.541941580794975,337,0.00659169807836115,4,566976705
363,-0.719073771082943,0.167748499827586,0.487203308831744,0.350689245118383,0.676858693104407,0.512796691168256,0.323141306895593,0.649310754881617,356,1.8141370012573e-05,4,656132660
38,-0.623668396968048,0.153662733921807,0.535974659024655,0.39659414689177,0.724339573258984,0.464025340975345,0.275660426741016,0.60340585310823,367,4.93501540414354e-05,4,773807397
862,-0.836022632040694,0.167009038733486,0.433431014277147,0.312436405457547,0.601282183688553,0.566568985722853,0.398717816311447,0.687563594542453,338,5.56153026537166e-07,4,522801223
413,-0.555009894673252,0.176432260423231,0.574066580967091,0.406240158519751,0.811225656724981,0.425933419032909,0.188774343275019,0.593759841480249,304,0.00165667607327059,4,693075873
63,-0.692254862325191,0.152983824573445,0.500446358234556,0.370798070578404,0.675425729911595,0.499553641765444,0.324574270088405,0.629201929421596,367,6.038980115369e-06,4,159591444
763,-0.77331174104231,0.16714042125169,0.461482225206888,0.332571319531134,0.640361425279078,0.538517774793112,0.359638574720922,0.667428680468866,342,3.715042416088e-06,5,595984968
963,-0.759997701095577,0.15601618762,0.467667502131563,0.344457759549376,0.634948368810441,0.532332497868437,0.365051631189559,0.655542240450624,356,1.10880574686076e-06,4,297253315
613,-0.663837614035935,0.165680159468657,0.51487165959964,0.372110375811648,0.712403746551455,0.48512834040036,0.287596253448545,0.627889624188352,321,6.15621078817324e-05,4,48490212
663,-0.697269636551405,0.163761512426071,0.497943014832827,0.361231481569672,0.686394344544364,0.502056985167173,0.313605655455636,0.638768518430328,324,2.0641543134245e-05,4,695703128
213,-0.303201588392026,0.162239558159469,0.738450218372836,0.537307200940213,1.01489189808116,0.261549781627164,-0.0148918980811616,0.462692799059787,343,0.0616435231917478,3,219669103
588,-0.70725812621834,0.164486382040389,0.492994073545128,0.357133538056,0.680538595936932,0.507005926454872,0.319461404063068,0.642866461944,326,1.70954282745323e-05,4,543361084
463,-0.631980261014288,0.149323686555373,0.531538173799586,0.396670503579655,0.712260749555489,0.468461826200414,0.287739250444511,0.603329496420345,351,2.31329961924492e-05,3,583891098
513,-0.660155158850964,0.173857196085932,0.516771146653608,0.367545190099252,0.726583900993426,0.483228853346392,0.273416099006574,0.632454809900748,332,0.000146391952225902,4,231149985
838,-0.706978370480944,0.161446473798523,0.493132010759168,0.359368252033512,0.676685207052467,0.506867989240832,0.323314792947533,0.640631747966488,346,1.19210693133229e-05,4,227874473
938,-0.702173854696238,0.15868654995995,0.495506971989657,0.363057600788072,0.676276047540126,0.504493028010343,0.323723952459874,0.636942399211928,373,9.64820677616189e-06,4,145844001
113,-0.745047746505678,0.161623822471718,0.474711633577089,0.345824237327833,0.651634879020353,0.525288366422911,0.348365120979647,0.654175762672167,304,4.0312550858941e-06,3,303129103
813,-0.50503446586742,0.158308527458906,0.603484775442337,0.442500591358151,0.823035903913442,0.396515224557663,0.176964096086558,0.557499408641849,348,0.001421787115864,4,598285302
738,-0.5980419273068,0.162211831134013,0.549887301944657,0.400127803484173,0.755698659795669,0.450112698055343,0.244301340204331,0.599872196515826,339,0.000227095276119739,5,22650342
288,-0.91092441144943,0.167152873353119,0.40215229796511,0.289807600383342,0.558047720434851,0.59784770203489,0.441952279565149,0.710192399616658,302,5.04694573696113e-08,3,34170281
138,-0.86391636398939,0.161643124654608,0.421508066554865,0.307054179453579,0.578624431971559,0.578491933445135,0.421375568028441,0.692945820546421,336,9.06215187283491e-08,4,380013831
88,-0.690037817690819,0.154145738567715,0.50155710097602,0.370775725125467,0.678468164155959,0.49844289902398,0.321531835844041,0.629224274874533,344,7.58664850722248e-06,3,412225271
164,-0.687388954165269,0.162335629506246,0.502887418423613,0.365839362790389,0.691275410277994,0.497112581576387,0.308724589722006,0.634160637209611,331,2.29194360983768e-05,5,134932224
638,-0.650916757789964,0.153120692010633,0.521567406536771,0.386343735456585,0.704120539808941,0.478432593463229,0.295879460191059,0.613656264543415,340,2.12813848174165e-05,3,468819850
688,-0.800902658915287,0.155431863639716,0.448923556321872,0.331030913502369,0.608802233267059,0.551076443678128,0.391197766732941,0.668969086497631,370,2.56684172916062e-07,4,800167162
188,-0.661346251316001,0.17880651231314,0.516155990861122,0.363563765803285,0.732793066749061,0.483844009138878,0.267206933250939,0.636436234196715,305,0.000216732317654808,5,820035862
788,-0.51789026958103,0.166039957192379,0.595776150080213,0.430278499937101,0.824929019359061,0.404223849919787,0.175070980640939,0.569721500062899,307,0.00181422779058541,3,550067435
338,-0.685932237430404,0.15988795939064,0.503620516770462,0.368134514379332,0.688969968870669,0.496379483229538,0.311030031129331,0.631865485620668,326,1.78608261089012e-05,4,445383183
714,-0.546025503915,0.153927875586472,0.579247458114459,0.428391151115525,0.783227237206821,0.420752541885541,0.216772762793179,0.571608848884475,371,0.00038922847767509,4,532015842
13,-0.239480140111292,0.178850113613951,0.787036903652066,0.554316241854779,1.11746155161824,0.212963096347934,-0.117461551618239,0.445683758145221,313,0.180570967813811,5,533856316
988,-0.432888409649199,0.174175051351445,0.648632868935992,0.461042413343378,0.91255074693266,0.351367131064008,0.0874492530673399,0.538957586656623,327,0.0129419012042734,4,533450480
263,-0.527323375841473,0.17635857174741,0.590182554318746,0.417705005181927,0.833879036882726,0.409817445681254,0.166120963117274,0.582294994818073,307,0.002789192107218,4,863959862
438,-0.950966915795847,0.161972079851936,0.386367258178916,0.281273897887478,0.530727022001919,0.613632741821084,0.469272977998081,0.718726102112522,335,4.32709303680839e-09,3,755164296
314,-0.582053032202762,0.158840464168455,0.558750056350832,0.409272280778228,0.762821329796412,0.441249943649168,0.237178670203588,0.590727719221772,349,0.000247931058034943,4,793571518
489,-0.839876744053478,0.169302430335007,0.431763737597682,0.309838709138124,0.601667640634326,0.568236262402318,0.398332359365674,0.690161290861876,320,7.02007822946406e-07,4,2870450
538,-0.567218247758718,0.157722411948312,0.567100780445506,0.416300262289484,0.772527246111288,0.432899219554494,0.227472753888712,0.583699737710516,337,0.000322766589859624,3,956267462
914,-0.534050171795071,0.159692216119601,0.58622583962669,0.428681455429571,0.801669236430215,0.41377416037331,0.198330763569785,0.571318544570429,333,0.000825063245969838,4,227288448
889,-0.60717906894443,0.167572835958983,0.544885788348003,0.392344188632281,0.756734854105081,0.455114211651997,0.243265145894919,0.607655811367719,314,0.000290784806938331,4,275332704
389,-0.518956325509095,0.164506901213939,0.595141357805773,0.431113480764825,0.821577732022055,0.404858642194227,0.178422267977945,0.568886519235175,345,0.00160708730284289,4,414560885
563,-0.876350288135494,0.157487509987596,0.416299515695892,0.305740023139375,0.566838731119058,0.583700484304108,0.433161268880942,0.694259976860625,362,2.62799481776938e-08,3,192765537
364,-0.763306549310341,0.16518799308332,0.46612261865401,0.337203367438426,0.644330147920439,0.53387738134599,0.355669852079561,0.662796632561574,340,3.82197661783363e-06,4,502513233
39,-0.934966987440407,0.1684936954153,0.392598826009728,0.282180437864878,0.546224392273512,0.607401173990272,0.453775607726488,0.717819562135122,316,2.87352342458461e-08,4,99812736
238,-0.964977947790999,0.158428385033563,0.38099160135312,0.279293556468423,0.519720548289937,0.61900839864688,0.480279451710063,0.720706443531577,364,1.12248909408286e-09,4,708812737
414,-0.988276396850353,0.15209211658372,0.372217694035742,0.276271426356364,0.501485128522029,0.627782305964258,0.498514871477971,0.723728573643637,359,8.14594729085368e-11,4,967569163
863,-0.653747632485475,0.165139884425416,0.520093002474816,0.376282210090077,0.718866648408691,0.479906997525184,0.281133351591309,0.623717789909923,321,7.53428302713676e-05,3,471685630
114,-0.817283608704768,0.167350305070346,0.441629665615263,0.318133497942594,0.61306578154383,0.558370334384737,0.38693421845617,0.681866502057406,305,1.04129467519733e-06,4,501348142
64,-0.790264327108192,0.174223705279731,0.453724847653454,0.32247279118969,0.63839878278925,0.546275152346546,0.36160121721075,0.67752720881031,331,5.73536397894331e-06,4,276862451
614,-0.834322740470919,0.175147208100616,0.434168426587309,0.30801556537895,0.611989275325701,0.565831573412691,0.388010724674299,0.69198443462105,317,1.90215063978453e-06,4,562666873
214,-0.718003135754107,0.153997760677734,0.487725205237018,0.360655092287785,0.659566108756557,0.512274794762982,0.340433891243443,0.639344907712216,366,3.12503742606465e-06,4,649771558
764,-0.379845656536773,0.180482938046478,0.683966966896481,0.480184096165727,0.97423220706609,0.316033033103519,0.0257677929339098,0.519815903834273,298,0.0353255309549386,4,392607315
464,-0.912374548839319,0.165488912824221,0.401569544519803,0.290332965476083,0.555424695991424,0.598430455480197,0.444575304008576,0.709667034523917,330,3.52354416188459e-08,4,445572505
589,-1.02050963600552,0.160993693286924,0.360411214828661,0.26288161621939,0.494124487068983,0.639588785171339,0.505875512931017,0.73711838378061,359,2.31535338551306e-10,4,241993392
839,-0.735222315693637,0.151435213150656,0.479398869234904,0.356283014483011,0.645058188241707,0.520601130765096,0.354941811758293,0.643716985516989,357,1.20369270299702e-06,3,359560880
514,-0.716590421610498,0.161375199046965,0.48841470845345,0.355980259774007,0.670118414951184,0.51158529154655,0.329881585048816,0.644019740225993,343,8.97401542010076e-06,3,97490752
814,-0.907688483633303,0.170837300179387,0.403455741559719,0.288654895047363,0.563913996229975,0.596544258440281,0.436086003770025,0.711345104952637,317,1.07731449049366e-07,3,19269789
664,-0.728093167131208,0.155493774268873,0.482828786662742,0.355989029534804,0.654861857779312,0.517171213337258,0.345138142220688,0.644010970465196,323,2.83454389853306e-06,3,733737248
739,-0.790589444086193,0.171159569846565,0.453577357979139,0.324309803436884,0.634370029801997,0.546422642020861,0.365629970198003,0.675690196563116,335,3.85557046995922e-06,4,938567839
964,-0.721223481885398,0.172643281400646,0.486157087555251,0.346595080428187,0.681915950705985,0.513842912444749,0.318084049294015,0.653404919571813,320,2.94684344230541e-05,4,414393232
165,-0.662831173076983,0.162112122292697,0.515390108376744,0.375099072628766,0.708151481023475,0.484609891623256,0.291848518976525,0.624900927371234,325,4.33758934313848e-05,4,320213536
639,-0.92948852227004,0.167369378518842,0.394755567426023,0.284356519920971,0.548016124466393,0.605244432573977,0.451983875533607,0.715643480079029,328,2.79980017686503e-08,4,244770173
289,-0.851099243229436,0.155990647034113,0.426945357114385,0.314479844183732,0.579631227033528,0.573054642885615,0.420368772966472,0.685520155816268,344,4.86729187181995e-08,3,580833291
939,-0.554983739694912,0.158839499326226,0.574081595862438,0.420503095678759,0.783750897662205,0.425918404137562,0.216249102337795,0.579496904321241,341,0.000475857524500754,4,915772975
89,-0.555861432582054,0.161449750969382,0.573577949584819,0.417990267678174,0.787079723356689,0.426422050415181,0.212920276643311,0.582009732321826,364,0.000575431879214348,5,892453694
689,-0.73907580303084,0.157318703036268,0.477555066579538,0.350843580278186,0.65002996901057,0.522444933420462,0.34997003098943,0.649156419721814,316,2.62782451576164e-06,3,919937891
189,-0.852757717975082,0.165560673227626,0.426237865862192,0.308124710186312,0.589627226537273,0.573762134137808,0.410372773462727,0.691875289813688,326,2.59479593927308e-07,4,281609667
715,-0.715245999413667,0.162811833209434,0.48907178562435,0.355456880812798,0.672912030699332,0.51092821437565,0.327087969300668,0.644543119187202,332,1.117541120033e-05,4,99558676
789,-0.71954396641775,0.161456681649582,0.486974281956733,0.354873728369721,0.668248822973478,0.513025718043267,0.331751177026522,0.645126271630279,334,8.32791000538756e-06,4,55659524
139,-0.425596236002148,0.156470663889567,0.653380100230464,0.4808148059343,0.887879387465253,0.346619899769536,0.112120612534747,0.5191851940657,347,0.00652869252613732,4,266023771
14,-0.720145547276842,0.165886711694937,0.486681415650052,0.351594228694546,0.673670899600898,0.513318584349948,0.326329100399102,0.648405771305454,316,1.41713837825528e-05,4,171315429
264,-1.14190935073043,0.16682859725495,0.319208957731883,0.230181444269014,0.442669733956447,0.680791042268117,0.557330266043553,0.769818555730986,336,7.65796833147571e-12,4,929482098
339,-0.748032695930564,0.168241805291595,0.473296756078881,0.340350069462748,0.658174742459718,0.526703243921119,0.341825257540282,0.659649930537252,339,8.74122954127387e-06,4,39591999
564,-0.711557885855285,0.164760339655533,0.490878868222493,0.3554103584975,0.677982668502023,0.509121131777507,0.322017331497977,0.6445896415025,317,1.56918991842734e-05,5,282051796
315,-0.85359530037998,0.166771843316296,0.42588100599608,0.307136775774634,0.590533747744096,0.57411899400392,0.409466252255904,0.692863224225366,298,3.08233590026597e-07,4,792446329
439,-0.695059846911151,0.163304820011605,0.499044580814727,0.362354808703082,0.687297333052968,0.500955419185273,0.312702666947032,0.637645191296918,334,2.07920064338457e-05,5,297202075
539,-1.02292072456529,0.17374441114579,0.359543278228247,0.255775924446946,0.505408666584367,0.640456721771753,0.494591333415633,0.744224075553054,329,3.92074292570003e-09,4,62339601
890,-0.580632745214819,0.15977659879525,0.559544205611813,0.40910267127666,0.765308417705308,0.440455794388187,0.234691582294692,0.59089732872334,379,0.000279029806128517,5,627501767
915,-0.782581248013851,0.176531095842794,0.457224277529128,0.323493635854886,0.646238493717419,0.542775722470872,0.353761506282581,0.676506364145114,305,9.28847115390894e-06,4,756258271
40,-0.538401991661681,0.166509382337251,0.58368023339882,0.4211549822719,0.808924574565653,0.41631976660118,0.191075425434347,0.5788450177281,329,0.00122299010594963,4,481418482
989,-0.761975876068757,0.164432777846019,0.466743288412685,0.338152534929456,0.644233813961304,0.533256711587315,0.355766186038696,0.661847465070544,346,3.58726208875032e-06,4,416360251
490,-0.659601545239866,0.164728594669718,0.517057317400919,0.37438759871543,0.714094885608229,0.482942682599081,0.285905114391771,0.62561240128457,335,6.22352030710609e-05,4,575828680
365,-0.559634909484215,0.157003480972999,0.571417644933728,0.420060690212185,0.777311785058187,0.428582355066272,0.222688214941813,0.579939309787815,348,0.00036458584657816,4,802415284
390,-0.634392710787877,0.151339084336249,0.530257410162683,0.394154676986433,0.713356804953285,0.469742589837317,0.286643195046715,0.605845323013567,353,2.76673040041394e-05,3,801918641
415,-0.701520588628309,0.159004759532814,0.495830775634331,0.363068342647106,0.677140166707128,0.504169224365669,0.322859833292872,0.636931657352894,324,1.02445143853475e-05,3,273831588
864,-0.671993104283798,0.164666524057193,0.510689704925319,0.369821966452073,0.705214936848559,0.489310295074681,0.294785063151441,0.630178033547927,307,4.48552233443847e-05,4,220690745
115,-0.866991076048498,0.165043967124042,0.42021404101704,0.304077916093355,0.580705901094307,0.579785958982959,0.419294098905693,0.695922083906645,322,1.49567109284924e-07,4,871727350
65,-0.583045067409171,0.16084552282802,0.558196031474877,0.407262841720796,0.765065647132892,0.441803968525123,0.234934352867108,0.592737158279204,328,0.000289100185805651,3,49884871
465,-0.915322613005015,0.158280245579596,0.400387435058991,0.293597295497442,0.546020350362917,0.599612564941009,0.453979649637083,0.706402704502558,340,7.34132846667779e-09,3,819640234
215,-0.734873442433393,0.168004352247851,0.479566147859194,0.345018954774319,0.666582768830605,0.520433852140806,0.333417231169395,0.654981045225681,311,1.21915833540958e-05,5,355945333
239,-0.76833242545146,0.16287975636828,0.46378582125208,0.337034196075379,0.638206124183195,0.53621417874792,0.361793875816805,0.662965803924621,323,2.39141182937216e-06,4,670964271
590,-0.707376465131358,0.162584639979102,0.492935736614172,0.358424764127752,0.67792648485848,0.507064263385828,0.32207351514152,0.641575235872248,315,1.35629505112307e-05,3,455790824
615,-0.842788935853505,0.155923008030154,0.430508187869658,0.317146198963687,0.584390733448575,0.569491812130342,0.415609266551425,0.682853801036313,339,6.47502657198785e-08,3,139331362
840,-0.891334846070091,0.167863735716477,0.410107956227982,0.295129297402995,0.569880853041279,0.589892043772018,0.430119146958721,0.704870702597005,328,1.0970262598129e-07,4,18945743
765,-0.966354593724713,0.167063178449814,0.380467471667614,0.274228821367248,0.527863906774736,0.619532528332386,0.472136093225264,0.725771178632752,315,7.27862521451575e-09,4,354219073
515,-0.540775711844402,0.164456187977003,0.582296382935215,0.421850658532166,0.803765670911192,0.417703617064785,0.196234329088808,0.578149341467834,320,0.00100806501092103,4,821332161
740,-0.730506967593367,0.168072279290503,0.481664739768005,0.346482633352754,0.669588889032657,0.518335260231995,0.330411110967343,0.653517366647246,336,1.3839905697454e-05,4,970396261
965,-0.819274207242829,0.171090292003978,0.440751432643159,0.31518200364129,0.61634808819252,0.559248567356841,0.38365191180748,0.68481799635871,327,1.67991740334197e-06,4,222994380
815,-0.569565455248632,0.177448329431355,0.565771238212265,0.399573404370961,0.801097096269859,0.434228761787735,0.198902903730141,0.600426595629039,316,0.00132848692489229,4,949033844
166,-0.587275252529886,0.155900314429446,0.555839746203242,0.409493497887338,0.754487739251691,0.444160253796758,0.245512260748309,0.590506502112662,345,0.000165226228475346,4,24179445
665,-0.520261521053248,0.162538541724126,0.594365088659139,0.432215397821606,0.817346768294904,0.405634911340861,0.182653231705096,0.567784602178394,355,0.00137022756228077,4,175791051
640,-0.443542174898599,0.164069896797508,0.641759167035718,0.46528122857724,0.88517396185049,0.358240832964282,0.11482603814951,0.53471877142276,338,0.00686396149239366,4,539028906
940,-0.686900485377165,0.167012071395466,0.503133123236124,0.362678638468676,0.69798138860941,0.496866876763876,0.30201861139059,0.637321361531324,335,3.90754772615477e-05,4,998976228
290,-0.532422790495461,0.174950722211351,0.587180629288147,0.416728684721245,0.827351473637703,0.412819370711853,0.172648526362297,0.583271315278755,313,0.00234020008072068,4,990418595
190,-0.568433529920811,0.161781889752684,0.566412011591943,0.412499532233722,0.777752559229216,0.433587988408057,0.222247440770784,0.587500467766278,329,0.000442112105750991,4,650346682
15,-0.589790106621705,0.156509402653901,0.554443646572343,0.407977644461687,0.753491671412663,0.445556353427657,0.246508328587337,0.592022355538313,366,0.000164296969428656,5,456597075
790,-0.563205650134947,0.176614033239821,0.569380899229831,0.402780796439458,0.804890926463275,0.430619100770169,0.195109073536725,0.597219203560542,304,0.00142812029138017,4,142388302
716,-0.680672320287216,0.169336654270591,0.506276497957248,0.363285568497459,0.705549338070248,0.493723502042752,0.294450661929752,0.636714431502541,310,5.82872377860609e-05,4,349175572
140,-0.60550386839849,0.159172932356451,0.545799346300867,0.399525740871936,0.745626366332029,0.454200653699133,0.254373633667971,0.600474259128064,332,0.000142341932585499,3,539982804
690,-0.613245056317795,0.168307047817908,0.541590522660417,0.389410661006305,0.753241561177584,0.458409477339583,0.246758438822416,0.610589338993695,327,0.000268841835207206,4,652285467
90,-0.655396871503268,0.169624817306549,0.519235951737275,0.372374427898534,0.724018496914556,0.480764048262725,0.275981503085444,0.627625572101466,310,0.000111635282632361,5,279755220
316,-0.860404872676698,0.169738788840562,0.422990790230886,0.303283646111824,0.589946773965449,0.577009209769114,0.410053226034551,0.696716353888176,329,3.9992419995329e-07,4,88708702
916,-0.536351926429265,0.182772067586924,0.584878043326894,0.408779823688706,0.836837597509213,0.415121956673106,0.163162402490787,0.591220176311294,294,0.00334042593889312,4,120365729
891,-0.756325208466644,0.165744859504985,0.469388165213264,0.339195322920579,0.649552734823122,0.530611834786736,0.350447265176878,0.660804677079421,333,5.03822921008868e-06,4,713377581
340,-0.60429420333926,0.164241827651342,0.546459980191747,0.396054967599539,0.753982488241645,0.453540019808253,0.246017511758355,0.603945032400461,346,0.000233879224584439,5,42783764
440,-0.363330543471189,0.161699614060902,0.695356549940202,0.506487333580457,0.954655130517556,0.304643450059798,0.0453448694824435,0.493512666419543,343,0.0246433825654776,3,885365234
990,-0.60479180526881,0.16261089072754,0.546188128293805,0.397125354157699,0.751202280000049,0.453811871706195,0.248797719999951,0.602874645842301,334,0.000199809127631813,4,164227568
41,-0.578114438493795,0.155290940817636,0.560955085313799,0.413755901221449,0.760522343755031,0.439044914686201,0.239477656244969,0.586244098778551,330,0.000197039041776796,3,539983365
265,-0.854910139627937,0.164837663274471,0.425321408905165,0.307898214526959,0.587526306870596,0.574678591094835,0.412473693129404,0.692101785473041,332,2.14425407500725e-07,3,582985391
565,-0.756125160895766,0.155634411985298,0.46948207456837,0.346053115347228,0.636935223426204,0.53051792543163,0.363064776573796,0.653946884652772,332,1.18372966372572e-06,3,639061806
491,-0.461428151539398,0.169617881567602,0.630382720278803,0.452090412930401,0.878988721415953,0.369617279721197,0.121011278584047,0.547909587069599,323,0.00652033777556818,4,187751834
540,-0.972424190948587,0.160827819461399,0.378165181413104,0.275920934142127,0.518296681177303,0.621834818586896,0.481703318822697,0.724079065857873,330,1.48147445050346e-09,4,633268175
366,-0.47438899086606,0.161069071979235,0.622265150023274,0.453809137658019,0.853252799033067,0.377734849976726,0.146747200966933,0.546190862341981,360,0.00322691823761614,5,850823984
416,-0.595040150119634,0.15650948683053,0.551540421009387,0.405841289833559,0.749546297105371,0.448459578990613,0.250453702894629,0.594158710166441,360,0.000143565752511629,3,232844931
391,-0.650900037442477,0.174650048785922,0.521576127397954,0.370386641116361,0.734480206552541,0.478423872602046,0.265519793447459,0.629613358883639,324,0.000193863539932811,4,851569261
66,-0.828532744559778,0.171353597684742,0.436689551610595,0.31211623120195,0.610983170440995,0.563310448389405,0.389016829559005,0.68788376879805,311,1.32996892502324e-06,4,623735932
591,-0.570545227854596,0.155167796982659,0.565217182520439,0.417000223379581,0.766115808829054,0.434782817479561,0.233884191170946,0.582999776620419,357,0.000236033342269058,3,734435208
841,-0.70374899237955,0.156063231949704,0.494727094654065,0.364354746984556,0.671748893655079,0.505272905345935,0.328251106344921,0.635645253015444,358,6.50162285306995e-06,3,462637987
616,-0.802314088612444,0.176179636871962,0.448290379230316,0.317391315800565,0.63317505585672,0.551709620769684,0.36682494414328,0.682608684199435,308,5.26466929712368e-06,4,518844943
865,-0.531567784777543,0.164158864070913,0.587682886769551,0.426001144498773,0.810728280573404,0.412317113230449,0.189271719426596,0.573998855501227,320,0.00120315863086434,4,848096185
466,-0.743417790363101,0.172154693377967,0.475486023659679,0.339312153278115,0.666309639992124,0.524513976340321,0.333690360007876,0.660687846721885,322,1.57226602535844e-05,4,677089088
766,-0.70090579625029,0.171885585796727,0.496135702339681,0.354234784062843,0.694879910755517,0.503864297660319,0.305120089244483,0.645765215937157,311,4.54743641435626e-05,4,446777266
116,-0.756368748584337,0.156680852788587,0.46936772844222,0.345259981175301,0.638087460217846,0.53063227155778,0.361912539782154,0.654740018824699,353,1.38293432112826e-06,4,209722891
216,-0.875135173082211,0.166997221280522,0.416805674962682,0.300459078501878,0.578205097171031,0.583194325037318,0.421794902828969,0.699540921498122,332,1.60213639888868e-07,4,64144603
240,-0.886846341337505,0.18260827151977,0.411952865074029,0.288012333014698,0.58922880581659,0.588047134925971,0.41077119418341,0.711987666985302,299,1.1944816657906e-06,4,589984608
816,-0.583432171072735,0.162336487425605,0.557979993563337,0.405917297932494,0.767007651072606,0.442020006436663,0.232992348927394,0.594082702067506,342,0.000325679622290817,4,43805336
167,-0.611929230740236,0.169701074978575,0.542303630382498,0.388859483391466,0.756296914662031,0.457696369617502,0.243703085337969,0.611140516608534,318,0.000311043802955127,4,390464749
516,-0.723375817998899,0.166163025407756,0.485111839365099,0.350270570928312,0.671862029597555,0.514888160634901,0.328137970402445,0.649729429071688,328,1.34035983185354e-05,4,780074564
666,-0.674318672930714,0.152588329239317,0.509503440863133,0.377801519217633,0.687116761173828,0.490496559136867,0.312883238826172,0.622198480782367,341,9.90659499953481e-06,4,112876882
966,-0.615282997745236,0.154099627604992,0.540487916802269,0.399591414416777,0.731064726792567,0.459512083197731,0.268935273207433,0.600408585583223,362,6.53083596231527e-05,4,843438007
791,-0.910760899020751,0.153496013481373,0.402218060240377,0.297718295342245,0.543397468393928,0.597781939759623,0.456602531606072,0.702281704657755,377,2.96634625161361e-09,4,596943317
741,-0.509049432864326,0.167663140111803,0.601066661557845,0.432720546266338,0.834906349498659,0.398933338442155,0.165093650501341,0.567279453733662,334,0.00239624911892931,4,737616598
717,-0.504650053706977,0.159826025768273,0.603716806923664,0.44135607280193,0.825804844257058,0.396283193076336,0.174195155742942,0.55864392719807,348,0.00159130363024233,3,858239527
641,-0.742393145322078,0.154737142512837,0.475973477746957,0.351455431224567,0.644607342470615,0.524026522253043,0.355392657529385,0.648544568775433,348,1.60442245408752e-06,4,670862103
291,-0.592879442740287,0.159208097392217,0.55273342687121,0.404573610652596,0.755151184201023,0.44726657312879,0.244848815798977,0.595426389347404,344,0.000196147126168346,4,706189240
16,-0.612454295697595,0.162791552118346,0.542018960491568,0.393954493597989,0.745732205893182,0.457981039508432,0.254267794106818,0.606045506402011,334,0.00016842561403965,4,337766453
941,-0.978554538632077,0.158427145212476,0.375853988814452,0.275527995794791,0.512710951568592,0.624146011185548,0.487289048431408,0.724472004205209,354,6.54615804054186e-10,3,225572553
691,-0.522269182553974,0.165141472214006,0.593173001807114,0.429153540661132,0.819879545979777,0.406826998192886,0.180120454020223,0.570846459338868,324,0.00156390559725558,4,627086799
191,-0.731438491466724,0.165325533222794,0.481216266478174,0.348028612657191,0.665373727048383,0.518783733521826,0.334626272951617,0.651971387342809,337,9.67860307711468e-06,4,947681438
141,-0.835289297770845,0.157500343733813,0.433748980667107,0.318547302331835,0.590613001122729,0.566251019332893,0.409386998877271,0.681452697668165,331,1.13657671024923e-07,4,25414468
917,-0.79929241577084,0.1627005065136,0.44964701471646,0.326874312046207,0.618532660391019,0.55035298528354,0.381467339608981,0.673125687953793,344,8.9848598209108e-07,4,372536685
892,-0.806826478978769,0.171852375290598,0.446272075154363,0.318653508998166,0.625001010309691,0.553727924845637,0.374998989690309,0.681346491001834,334,2.66761764012096e-06,5,956698428
91,-0.698333275168968,0.152613191949837,0.497413664981283,0.36881886546673,0.6708451689341,0.502586335018717,0.3291548310659,0.63118113453327,386,4.74317010841288e-06,4,80006669
317,-0.656386925330454,0.164271496156501,0.518722134591332,0.375929692358987,0.715752595190173,0.481277865408668,0.284247404809827,0.624070307641013,325,6.44912619734574e-05,4,178352789
566,-0.550186133404874,0.173945636917054,0.576842430741618,0.410198817113575,0.811185152227701,0.423157569258382,0.188814847772299,0.589801182886425,336,0.00156164408048734,6,642847072
441,-0.732317330164101,0.161036307867709,0.480793540782444,0.350658419281597,0.659223951706928,0.519206459217556,0.340776048293072,0.649341580718403,354,5.42793626466056e-06,4,297316213
341,-0.598468931054512,0.169395348118314,0.549652548129854,0.394365272139539,0.766086531977245,0.450347451870146,0.233913468022755,0.605634727860461,326,0.000410916822515336,4,843427605
42,-0.430784147628013,0.167065758779047,0.64999919950238,0.468496326702136,0.901819150488995,0.35000080049762,0.0981808495110048,0.531503673297864,346,0.00992215519929947,4,818466703
266,-0.495483149626347,0.16002859767896,0.609276464475914,0.445243730585218,0.83374067878811,0.390723535524086,0.16625932121189,0.554756269414782,351,0.00196007336884063,4,323411966
417,-0.66656606678752,0.163019065467077,0.513468771330783,0.373037039038722,0.706766759170464,0.486531228669217,0.293233240829536,0.626962960961278,337,4.3345332213617e-05,4,183072616
392,-0.761071290227702,0.164910133533355,0.467165688802693,0.338142047590838,0.645420415323729,0.532834311197307,0.354579584676271,0.661857952409162,345,3.92968809754939e-06,5,800079241
991,-0.710966929177882,0.161160616450691,0.491169042099116,0.358138343400764,0.673614072220698,0.508830957900884,0.326385927779302,0.641861656599236,334,1.02636742619071e-05,4,756050351
367,-0.511477059642518,0.165826594234315,0.599609265757054,0.433227964757322,0.82988934424653,0.400390734242946,0.17011065575347,0.566772035242678,337,0.00203956911546306,4,882224780
67,-0.535536183950167,0.156359968534758,0.585355347844245,0.430849649458106,0.795267870545579,0.414644652155755,0.204732129454421,0.569150350541894,364,0.000614751783140522,4,422691379
541,-0.523586980847101,0.167174651631445,0.59239183426148,0.426883866919458,0.822069214824396,0.40760816573852,0.177930785175604,0.573116133080542,341,0.00173634124560549,4,663209643
592,-0.994844490476258,0.171774326859111,0.369780944531618,0.264076621606155,0.517796486894729,0.630219055468382,0.482203513105271,0.735923378393845,307,6.97279738799034e-09,4,705031272
842,-0.474154610407268,0.17301363365247,0.622411013907781,0.443412362430114,0.873668627799635,0.377588986092219,0.126331372200365,0.556587637569886,333,0.00613341868532684,4,531664909
617,-0.613041057767952,0.162980136390846,0.541701017611671,0.393577903331624,0.745570292431461,0.458298982388329,0.254429707568539,0.606422096668376,322,0.000168933582090503,4,421687575
492,-0.594282034713911,0.163963919047959,0.55195871083538,0.400258211730655,0.761154698487654,0.44804128916462,0.238845301512346,0.599741788269345,334,0.000289556477892335,4,76374318
767,-1.03453431118272,0.164862573076323,0.355391844402407,0.257262319343298,0.490951661285467,0.644608155597593,0.509048338714533,0.742737680656702,337,3.49339109956033e-10,4,41412744
217,-0.503124337017835,0.162934558659243,0.604638610758435,0.439345041178294,0.832120122806912,0.395361389241565,0.167879877193088,0.560654958821706,332,0.00201581645571533,3,345515382
117,-0.645530124833522,0.162537014801837,0.524384479174348,0.381327451583052,0.721110113781207,0.475615520825652,0.278889886218793,0.618672548416948,343,7.13949936371629e-05,4,495246147
168,-0.65901302517876,0.160161791326165,0.517361705565436,0.377976079210278,0.70814834352697,0.482638294434564,0.29185165647303,0.622023920789722,327,3.87732590240635e-05,4,275043087
817,-0.624981037653628,0.156366318485235,0.53527157842783,0.393980686358718,0.727232761891655,0.46472842157217,0.272767238108345,0.606019313641282,364,6.41765301558408e-05,4,319027917
866,-0.849098846488476,0.157358863292949,0.42780027201473,0.314265675281803,0.582351453342043,0.57219972798527,0.417648546657957,0.685734324718197,357,6.81660584434747e-08,3,872853429
967,-0.398509062377612,0.152935949946442,0.671320196807252,0.497451101222556,0.90596001402699,0.328679803192748,0.09403998597301,0.502548898777444,382,0.00916799767717896,3,267135414
467,-0.701296768521548,0.165806173505919,0.495941764951826,0.35834076168933,0.6863808433738,0.504058235048174,0.3136191566262,0.64165923831067,333,2.34088514048838e-05,4,341186898
517,-0.87488814350389,0.168479258127151,0.416908651011351,0.299661605819915,0.580030340598787,0.583091348988649,0.419969659401213,0.700338394180085,307,2.07094891210825e-07,4,181543691
718,-0.582278024877374,0.163580353980501,0.558624355822594,0.405396520753254,0.769767758091208,0.441375644177406,0.230232241908792,0.594603479246746,348,0.000371442590984648,4,428972746
742,-0.549918553535636,0.159497318927834,0.576996802816316,0.422093867745689,0.788747091348025,0.423003197183684,0.211252908651975,0.577906132254311,338,0.000565123866925378,4,66333121
667,-0.665727773496737,0.174978902252525,0.513899389223644,0.364700022320174,0.724136457585912,0.486100610776356,0.275863542414088,0.635299977679826,329,0.000142023549574399,4,752360377
292,-0.485002720798711,0.171906293824274,0.615695521578425,0.439581181585138,0.862368525251139,0.384304478421575,0.137631474748861,0.560418818414862,317,0.00478264204366903,4,860836755
17,-0.851421391239837,0.164127727386571,0.426807839668715,0.309404490992543,0.588759818638398,0.573192160331285,0.411240181361602,0.690595509007457,328,2.1307455176372e-07,4,678340447
792,-0.682695646090288,0.164976060396349,0.505253171266204,0.365663128711265,0.698131003730844,0.494746828733796,0.301868996269156,0.634336871288735,327,3.5011780971337e-05,3,914375703
942,-0.663146255797271,0.17239830856706,0.515227743439924,0.367496776577893,0.722345458597324,0.484772256560076,0.277654541402676,0.632503223422107,316,0.000119771316034718,4,296122002
241,-0.485044493654953,0.161299144912435,0.615669802755091,0.448796820870584,0.844589997962121,0.384330197244909,0.155410002037879,0.551203179129416,352,0.00263743112434071,4,677421178
142,-0.30439093226386,0.167391787962836,0.737572469207222,0.531276430751231,1.02397380317286,0.262427530792778,-0.0239738031728565,0.468723569248769,353,0.0689978131900375,4,631219538
642,-0.727237243938838,0.164161862582637,0.483242227930935,0.350291861414514,0.666652801788383,0.516757772069065,0.333347198211617,0.649708138585486,349,9.42325753170019e-06,4,785860817
893,-0.630407938768806,0.169860573453807,0.532374580472669,0.381620528448032,0.742681991155112,0.467625419527331,0.257318008844888,0.618379471551968,314,0.000206176484354308,4,640479043
692,-0.746095101138288,0.159354878216435,0.474214702425506,0.347001934819102,0.648064351899781,0.525785297574494,0.351935648100219,0.652998065180898,323,2.84128095226343e-06,3,277025552
192,-0.524935146090049,0.168800162334376,0.591593730289223,0.424952710844401,0.823581383966432,0.408406269710777,0.176418616033568,0.5750472891556,343,0.00187212554435679,4,115016720
918,-0.763009040203846,0.170594197651209,0.466261315008493,0.333748513379336,0.651387512328347,0.533738684991506,0.348612487671653,0.666251486620664,313,7.72542599761356e-06,4,17860843
43,-0.436503863706003,0.165029022910547,0.646292000799111,0.467687563664924,0.893103393692494,0.353707999200889,0.106896606307506,0.532312436335076,333,0.00816878477829842,4,119606876
567,-0.665075923340477,0.158855597475922,0.51423448382468,0.376654418723476,0.702068238707092,0.48576551617532,0.297931761292908,0.623345581276524,350,2.8307725175305e-05,5,616437672
92,-0.562043666162576,0.169778504582468,0.570042895248807,0.408687930416562,0.795102762375273,0.429957104751193,0.204897237624727,0.591312069583438,308,0.000931452768768171,4,603799906
442,-0.854941173797818,0.15424245586868,0.425308209613123,0.314349192739432,0.575433553965763,0.574691790386877,0.424566446034237,0.685650807260568,353,2.97605664161288e-08,3,979119421
318,-0.608917106798686,0.155228947465152,0.543939578733863,0.401254153500471,0.737363744978219,0.456060421266137,0.262636255021781,0.598745846499529,339,8.75609486110896e-05,3,106022846
342,-0.793882477278597,0.173272489050249,0.452086169298447,0.321907733852643,0.634908338562944,0.547913830701553,0.365091661437056,0.678092266147357,328,4.61212310174819e-06,4,860424925
393,-0.527150669157328,0.171858455157837,0.590284491593113,0.421478272165429,0.826699272598755,0.409715508406887,0.173300727401245,0.578521727834571,315,0.00215963144353493,3,126580282
68,-0.676757513840911,0.169000223474682,0.508262357045821,0.364951115235617,0.707849936074294,0.491737642954179,0.292150063925706,0.635048884764383,304,6.21548284876655e-05,5,250508589
542,-0.621163474447482,0.163522742088047,0.537318916946576,0.389979088864042,0.740325896318236,0.462681083053424,0.259674103681764,0.610020911135958,345,0.000145494229166726,4,595600753
418,-0.490168781355839,0.168373137305609,0.612523002996481,0.440354996808302,0.852004478021522,0.387476997003519,0.147995521978478,0.559645003191698,346,0.00360037285503236,4,3359264
593,-0.52540233878601,0.165150343705991,0.591317406572693,0.427803601171245,0.817328966746804,0.408682593427307,0.182671033253196,0.572196398828755,312,0.00146586451190201,3,225011862
768,-0.640761527285407,0.159760594407528,0.526891029330662,0.38524085670406,0.720624907659747,0.473108970669338,0.279375092340253,0.61475914329594,340,6.05234078451972e-05,4,335541591
368,-0.764979169042145,0.157088925243671,0.465343624426779,0.342026245071124,0.633123018818691,0.534656375573221,0.366876981181309,0.657973754928876,350,1.11756178566878e-06,4,459597391
618,-0.635441696481649,0.152288469050387,0.529701469363357,0.393009454134183,0.713936124676282,0.470298530636643,0.286063875323718,0.606990545865817,347,3.0111878451342e-05,3,694045601
843,-0.572106274639377,0.162467864294847,0.564335540376317,0.410435110328409,0.775943855965447,0.435664459623683,0.224056144034553,0.589564889671591,348,0.000429354897527369,4,883502853
218,-0.83985890095295,0.16403955477033,0.431771441670189,0.313056835974694,0.595503935448396,0.568228558329811,0.404496064551604,0.686943164025306,346,3.05769022333829e-07,4,164362768
267,-0.623370248821987,0.161025695807309,0.536134482699961,0.391028507209678,0.735087540269343,0.463865517300039,0.264912459730657,0.608971492790322,350,0.000108279984444061,4,503115858
992,-0.786033424318569,0.152969077672589,0.455648580069883,0.337615600503708,0.614946786256166,0.544351419930117,0.385053213743834,0.662384399496292,348,2.7692267615469e-07,4,786443591
818,-0.842580551692032,0.155034565111138,0.430597908305228,0.317765142179028,0.583495588488356,0.569402091694772,0.416504411511644,0.682234857820972,336,5.48605134199012e-08,3,316808931
867,-0.90911933865552,0.166430296997822,0.40287886769552,0.290742661817246,0.55826475901789,0.59712113230448,0.44173524098211,0.709257338182754,334,4.6957343858887e-08,4,221553041
169,-1.07969539600979,0.177849601250375,0.339698983553155,0.239722275976447,0.481371199055295,0.660301016446845,0.518628800944705,0.760277724023553,312,1.27247714407771e-09,4,870439286
118,-1.06220050677777,0.161268681927681,0.34569427016567,0.252011309076424,0.474203038202285,0.65430572983433,0.525796961797715,0.747988690923576,341,4.50234106293623e-11,4,405581247
468,-0.82904721542748,0.172820745829612,0.436464945339706,0.311059939757281,0.612427459026195,0.563535054660294,0.387572540973805,0.688940060242719,307,1.60938271468132e-06,4,799912257
968,-0.505858536918251,0.159709609063736,0.602987665964175,0.440923618741797,0.824619298785722,0.397012334035825,0.175380701214278,0.559076381258203,340,0.00153827407818802,4,186402975
493,-0.830518904424292,0.177140927018061,0.435823077113209,0.307983600804373,0.616726845352636,0.564176922886791,0.383273154647364,0.692016399195627,302,2.75262983396866e-06,4,810223993
719,-0.625827983387008,0.169040586735536,0.534818424373816,0.383988972093165,0.744893129327404,0.465181575626184,0.255106870672596,0.616011027906835,316,0.000213708496384893,4,934368003
293,-0.767025834606324,0.161880087871822,0.464392195615562,0.338136717158062,0.637789688032704,0.535607804384438,0.362210311967296,0.661863282841938,344,2.15588135041595e-06,4,170080573
518,-0.525983175074795,0.169043100969005,0.590974047692068,0.424305499797328,0.823110530531345,0.409025952307932,0.176889469468655,0.575694500202672,333,0.00186118715350557,4,549108240
18,-0.728575059133529,0.168403636919125,0.482596171384181,0.346927268329516,0.671319570110758,0.517403828615819,0.328680429889242,0.653072731670484,329,1.51592365902674e-05,4,408259185
943,-0.828699453636443,0.160939670457605,0.436616757566539,0.318499169529157,0.598539058264219,0.563383242433461,0.401460941735781,0.681500830470843,339,2.61696002230332e-07,4,839883580
793,-0.490310208390694,0.171146883242342,0.61243638180982,0.437905591827261,0.856527819613363,0.38756361819018,0.143472180386637,0.562094408172739,318,0.00417206355506567,3,516646159
668,-0.745469722986945,0.161861968720841,0.474511358690953,0.345517027913024,0.65166406091978,0.525488641309047,0.34833593908022,0.654482972086976,322,4.11299778689757e-06,4,435372538
743,-0.690994031836049,0.152217673473779,0.501077734206595,0.371823801181742,0.675263108277706,0.498922265793405,0.324736891722294,0.628176198818258,356,5.63844372486243e-06,3,548487708
242,-1.16961654199413,0.173550707496484,0.310485976774972,0.220960864207731,0.436283330623105,0.689514023225028,0.563716669376895,0.779039135792269,320,1.59112002460911e-11,5,980750109
643,-0.472357365078894,0.158037525169987,0.623530645019371,0.457441979708644,0.84992301215097,0.376469354980629,0.15007698784903,0.542558020291356,325,0.00279989513496274,4,886436888
143,-1.01902674405167,0.162669799929748,0.360946062181615,0.262408273241855,0.496486098532177,0.639053937818385,0.503513901467823,0.737591726758145,331,3.74292441455763e-10,4,423616050
44,-0.420485448570204,0.160611141077077,0.656727934783224,0.479372414384519,0.899700457061943,0.343272065216776,0.100299542938057,0.520627585615481,366,0.00884379598235267,4,252202722
919,-0.790439202878619,0.158898501001498,0.453645509108556,0.332247687332028,0.619400091500719,0.546354490891444,0.380599908499281,0.667752312667972,338,6.54192189426708e-07,3,822730629
568,-0.605639998706301,0.164288663789022,0.545725051524852,0.395486011006398,0.753037588115814,0.454274948475148,0.246962411884186,0.604513988993602,311,0.000227414674892237,4,756175466
894,-0.529180554497368,0.161107179396704,0.589087497049026,0.429581060222052,0.807819783768187,0.410912502950974,0.192180216231813,0.570418939777948,337,0.0010210944906421,4,254104932
319,-0.853829427560503,0.165152176342418,0.425781307348445,0.308041198016415,0.588524271606325,0.574218692651555,0.411475728393675,0.691958801983585,328,2.34149553779991e-07,5,281444929
93,-0.675230738746664,0.173648055903719,0.509038952045998,0.362194226298934,0.715419064925195,0.490961047954002,0.284580935074805,0.637805773701066,325,0.000100865016264885,4,895515652
693,-0.784426146151856,0.171307279427625,0.456381522948079,0.326220337467167,0.638476730499278,0.543618477051921,0.361523269500722,0.673779662532833,335,4.67072362158871e-06,4,790907211
193,-0.574381357109846,0.174215890158157,0.563053089874436,0.40018104276614,0.792213393782416,0.436946910125564,0.207786606217584,0.59981895723386,327,0.000977403442484502,5,272322018
443,-0.750007252264025,0.159402513372473,0.47236312702648,0.345614793563218,0.64559425096895,0.52763687297352,0.35440574903105,0.654385206436782,351,2.53722145979908e-06,4,764264387
394,-0.647725187735721,0.160863370204047,0.523234684654942,0.381741500475157,0.717172575905914,0.476765315345058,0.282827424094086,0.618258499524843,323,5.66000345747509e-05,3,63945140
69,-0.699341210063657,0.15948321875104,0.496912556975799,0.363519413982671,0.679254201515625,0.5030874430242,0.320745798484375,0.636480586017329,369,1.15961405911201e-05,4,564353333
543,-0.466700154912561,0.166764212910544,0.627068085511196,0.452235595424409,0.869490123831709,0.372931914488804,0.130509876168291,0.547764404575591,335,0.00513305559006819,4,438260034
343,-0.686061577664167,0.160871040684489,0.50355538258742,0.367378354399545,0.690209481032717,0.49644461741258,0.309790518967283,0.632621645600455,343,2.00199671045563e-05,4,76905700
619,-0.772403099333668,0.157528139941458,0.46190173776895,0.339204340055768,0.628981384256164,0.53809826223105,0.371018615743836,0.660795659944232,314,9.42539944270774e-07,3,607126626
419,-0.669526810159111,0.158109965855002,0.511950770384066,0.3755301008907,0.697929648449465,0.488049229615934,0.302070351550535,0.6244698991093,343,2.28995300381841e-05,4,821188745
219,-0.68287595637149,0.161192331233447,0.505162077137666,0.368318538978938,0.692847894340268,0.494837922862334,0.307152105659732,0.631681461021062,351,2.27127211963529e-05,4,906329785
594,-0.953517242053962,0.160838961936439,0.385383151045637,0.281181245790484,0.528200850281923,0.614616848954363,0.471799149718077,0.718818754209516,378,3.05905935060678e-09,4,880653102
819,-0.699496260592202,0.15580128396522,0.496835516393946,0.366095457806007,0.674265482095224,0.503164483606054,0.325734517904776,0.633904542193993,364,7.13337915683268e-06,4,435059626
170,-1.21074380034668,0.178533115925589,0.297975562656797,0.209996948859951,0.422812980963115,0.702024437343203,0.577187019036885,0.790003051140049,307,1.18835476186908e-11,4,800168250
369,-0.853621815772177,0.162791678865076,0.425869713743886,0.309533905578626,0.585929391952284,0.574130286256114,0.414070608047716,0.690466094421374,330,1.57434752282726e-07,4,216163665
119,-0.567345097564481,0.160497042935413,0.567028848384039,0.413989974620283,0.776641306820614,0.432971151615961,0.223358693179386,0.586010025379717,342,0.000407890066027325,4,62539466
993,-0.599670469361975,0.165466042639512,0.548992516143746,0.39693689975917,0.759296459877383,0.451007483856254,0.240703540122617,0.60306310024083,334,0.00028993561695847,4,215952101
268,-0.847277744399778,0.152951210120803,0.428580049795609,0.317570128577943,0.578394636502231,0.571419950204391,0.421605363497769,0.682429871422057,356,3.03285312641382e-08,4,676124954
769,-0.625410503778369,0.15823181887481,0.535041746773346,0.392374252070696,0.729583221323848,0.464958253226654,0.270416778676152,0.607625747929304,331,7.73404826834744e-05,4,994012087
868,-0.955167633846835,0.160146603727152,0.3847476424194,0.281098760821503,0.526614731116817,0.6152523575806,0.473385268883183,0.718901239178497,326,2.45635716189662e-09,3,145710888
844,-0.597568220251341,0.165248754458763,0.550147849145948,0.397941675868313,0.760570390772716,0.449852150854052,0.239429609227284,0.602058324131687,321,0.000298989643865475,4,140606033
969,-0.549399481307256,0.160659626809531,0.577296383577822,0.421352053302623,0.790956426769018,0.422703616422178,0.209043573230982,0.578647946697377,336,0.00062702056218064,4,794461719
294,-0.485370683039649,0.171552668371641,0.615469010550878,0.439724126251437,0.861453989749645,0.384530989449122,0.138546010250355,0.560275873748563,287,0.00466527358273458,4,286081858
519,-0.438578868381261,0.153242161220703,0.644952332265784,0.477625662909644,0.870898578525008,0.355047667734216,0.129101421474992,0.522374337090356,345,0.00420978614759204,3,278498049
19,-0.502522758441096,0.165086601543081,0.605002457823663,0.43775908604228,0.836140209634212,0.394997542176337,0.163859790365788,0.56224091395772,326,0.00233459167295175,4,681795252
469,-0.688234248437657,0.166004815234001,0.502462510180717,0.362910980506389,0.695676316502806,0.497537489819283,0.304323683497194,0.637089019493611,337,3.3852706394401e-05,4,316355052
494,-0.797188358685374,0.171691612296155,0.450594093708467,0.32184097070539,0.630855160671295,0.549405906291533,0.369144839328705,0.67815902929461,304,3.43152049965113e-06,4,627294251
720,-0.704263047717278,0.168536765288662,0.494472842905672,0.355372395557513,0.68802021605431,0.505527157094328,0.31197978394569,0.644627604442487,340,2.93191837739725e-05,4,141238292
794,-0.72970665320448,0.164161943423064,0.482050377284904,0.349427859239548,0.665008699495871,0.517949622715096,0.334991300504129,0.650572140760452,334,8.78748976968051e-06,3,680972282
944,-0.601784320677204,0.168926534573105,0.54783325327778,0.39342129474928,0.762849590000404,0.45216674672222,0.237150409999596,0.60657870525072,339,0.000367476307190661,5,41445583
644,-0.984146971567479,0.172810273223656,0.373757917121626,0.266375347704572,0.524429087807433,0.626242082878374,0.475570912192567,0.733624652295428,315,1.23403451826224e-08,4,558493541
669,-0.841481411176529,0.162356866593845,0.431071456112253,0.31358180174385,0.592580944561726,0.568928543887747,0.407419055438274,0.68641819825615,317,2.18447696306508e-07,4,587863791
243,-0.966166373718826,0.168126464101601,0.380539089997161,0.273709435896106,0.529064694250564,0.619460910002839,0.470935305749436,0.726290564103894,328,9.10211060696732e-09,4,220192721
144,-0.761682969781736,0.169559889815052,0.466880020480149,0.334869542946762,0.650930961369033,0.533119979519851,0.349069038630967,0.665130457053237,343,7.05184546049194e-06,4,996460707
895,-0.642825179104599,0.16470298181052,0.52580483085268,0.380740555844605,0.726139403601788,0.47419516914732,0.273860596398212,0.619259444155394,329,9.5032880539623e-05,4,494107085
45,-0.67602430241307,0.160553972174988,0.508635157468412,0.371315079671099,0.696739070339063,0.491364842531588,0.303260929660937,0.628684920328901,350,2.5472321984842e-05,4,283145096
744,-0.838558469892522,0.171480421841293,0.432333295911115,0.308925874023181,0.605038601393882,0.567666704088885,0.394961398606118,0.691074125976819,285,1.00778616027881e-06,4,530540228
320,-0.517176842879407,0.16192274157473,0.596201344348308,0.434074289900792,0.818882968360022,0.403798655651692,0.181117031639978,0.565925710099208,345,0.0014032930673668,5,7558334
920,-0.731857828570744,0.168451683438358,0.481014516946071,0.345757692052267,0.669182409621955,0.518985483053929,0.330817590378045,0.654242307947733,343,1.39519694040528e-05,5,944715611
395,-0.79665070483294,0.171858868540397,0.450836422497499,0.321908512140463,0.631401383265241,0.549163577502501,0.368598616734759,0.678091487859537,325,3.56086546194592e-06,4,907980988
694,-0.281876864941406,0.162563408034643,0.754366567785905,0.548539882541241,1.03742487411624,0.245633432214095,-0.0374248741162435,0.451460117458759,341,0.0829269075697606,5,982599554
569,-0.561303885303846,0.170568514904914,0.570464758095156,0.408357594467505,0.796924177822438,0.429535241904844,0.203075822177562,0.591642405532495,318,0.000999091254582283,4,510427400
444,-0.696865092385019,0.159588930271381,0.498144495525842,0.364345149374298,0.681079297607908,0.501855504474158,0.318920702392092,0.635654850625702,315,1.26180800218633e-05,3,52429761
94,-0.674529112317279,0.165254187169151,0.509396232552406,0.368460646260806,0.704239446931097,0.490603767447594,0.295760553068903,0.631539353739194,341,4.46945641629584e-05,5,885919312
194,-0.796394281273372,0.170446209968296,0.450952042400939,0.322883818951752,0.629817081592328,0.549047957599061,0.370182918407672,0.677116181048248,331,2.97688477770047e-06,4,952330651
544,-0.769001332824931,0.164534386422293,0.463475695230889,0.33571831983857,0.639851051837286,0.536524304769112,0.360148948162714,0.66428168016143,326,2.95672747348612e-06,4,202051493
620,-0.767932097632052,0.173269103715923,0.46397152478724,0.330372887426753,0.651595769526105,0.53602847521276,0.348404230473895,0.669627112573247,315,9.33544445816505e-06,4,416808684
70,-0.848490493084983,0.168664789131259,0.428060604945408,0.307565438808681,0.595762261897733,0.571939395054592,0.404237738102267,0.692434561191319,318,4.88865561918505e-07,4,155568490
220,-0.425815821718905,0.170190074174585,0.653236643043991,0.467955422987725,0.911877693586588,0.346763356956009,0.0881223064134123,0.532044577012275,303,0.0123493399909417,4,446101106
595,-0.713702732184301,0.166311618376519,0.489827136788344,0.353572220085027,0.678590144544072,0.510172863211656,0.321409855455928,0.646427779914973,323,1.77583563916515e-05,4,424917363
820,-0.72538910488505,0.158451980437076,0.48413615255888,0.354889331692065,0.660453254813227,0.51586384744112,0.339546745186773,0.645110668307935,349,4.69500207144068e-06,4,939037719
420,-0.627956562375593,0.165121075974352,0.533681231844418,0.386127395283503,0.737620952830496,0.466318768155582,0.262379047169504,0.613872604716497,337,0.000142950473522359,4,982321810
171,-0.72351443898294,0.171608176411929,0.485044597345242,0.346504219061405,0.6789766140542,0.514955402654758,0.3210233859458,0.653495780938595,322,2.48581505841248e-05,4,977149220
344,-0.680343496949941,0.164775904950631,0.50644300085841,0.366668049989167,0.699500578591588,0.49355699914159,0.300499421408412,0.633331950010833,315,3.64500349904416e-05,3,204957537
770,-0.796577717510789,0.160684062186672,0.450869329041571,0.329060816641513,0.617767724353089,0.549130670958429,0.382232275646911,0.670939183358487,348,7.14369647854322e-07,4,114212738
120,-0.618815141148469,0.156392598940877,0.538582203579914,0.396397016706847,0.731768347862001,0.461417796420086,0.268231652137999,0.603602983293153,359,7.59586354320947e-05,4,788462944
845,-1.04998771551234,0.161851151803056,0.349942047943521,0.254816871218527,0.480578214202646,0.650057952056479,0.519421785797354,0.745183128781473,352,8.73497659799753e-11,4,977958777
370,-0.840018061761895,0.156095309131942,0.431702726046815,0.317918809189151,0.586210184139717,0.568297273953185,0.413789815860283,0.682081190810849,354,7.38909620730832e-08,4,836071096
295,-0.712541557455652,0.159420686285373,0.490396242032357,0.358796335892779,0.670264576702157,0.509603757967643,0.329735423297843,0.641203664107221,340,7.83778318091561e-06,4,583059384
20,-0.870373325411944,0.166122280389746,0.418795173179328,0.302411377309806,0.579969572039695,0.581204826820672,0.420030427960305,0.697588622690194,358,1.6114024358497e-07,4,301067774
495,-0.431807026368321,0.170579486276906,0.649334669064961,0.464805297575191,0.907122863378067,0.350665330935039,0.0928771366219328,0.535194702424809,328,0.0113604191204549,4,565552073
869,-0.859906078069013,0.152262564811814,0.423201828384125,0.31400850065399,0.570366047972118,0.576798171615875,0.429633952027882,0.68599149934601,353,1.62777672662422e-08,3,189058531
520,-0.894178479373024,0.169626864180554,0.408943416133083,0.293276032216312,0.570229746818342,0.591056583866917,0.429770253181658,0.706723967783688,310,1.35354744810458e-07,4,351564711
269,-0.501010898553046,0.163871151731351,0.605917828553607,0.439467086112947,0.835412768238029,0.394082171446393,0.164587231761971,0.560532913887053,315,0.00223305950735749,4,308088047
721,-0.674280800551734,0.165102403083704,0.509522737335936,0.368661808118529,0.70420481358578,0.490477262664064,0.29579518641422,0.631338191881471,335,4.42640448484208e-05,3,300418874
994,-0.66213705797083,0.158877234507055,0.515747972621652,0.37774696375641,0.70416441900211,0.484252027378348,0.29583558099789,0.62225303624359,364,3.07820974298486e-05,4,928721436
795,-0.683216984728659,0.165448229774637,0.504989831916318,0.36513447945499,0.698413172920599,0.495010168083682,0.301586827079401,0.63486552054501,351,3.63567148413432e-05,4,621238126
645,-0.505623723830732,0.165256217392276,0.603129271984579,0.436258658481274,0.833828536471929,0.396870728015421,0.166171463528071,0.563741341518726,335,0.00221606810243395,4,426694763
970,-0.511283790878422,0.179772107422125,0.599725162698055,0.421628515839988,0.853050154960836,0.400274837301945,0.146949845039164,0.578371484160012,296,0.00445417796707821,4,598980354
470,-0.725315469932865,0.15818372226137,0.484171803213876,0.35510212014063,0.660154704045525,0.515828196786124,0.339845295954475,0.64489787985937,328,4.53394738035401e-06,4,310284786
46,-0.555881507426128,0.16948349188078,0.573566435212493,0.411451944288475,0.799554990975362,0.426433564787507,0.200445009024638,0.588548055711525,299,0.00103859953644711,4,732580156
670,-0.662380260159238,0.161370627778621,0.515622556837358,0.375814022575256,0.707441992977403,0.484377443162642,0.292558007022597,0.624185977424744,359,4.04815545625278e-05,4,315706793
145,-1.07477432706152,0.156506701923878,0.341374785659837,0.251195985408098,0.463927574698185,0.658625214340163,0.536072425301815,0.748804014591902,345,6.54405347591101e-12,3,205935869
945,-0.867745807608553,0.173727494669883,0.419897011869307,0.298720943628943,0.590228118707945,0.580102988130693,0.409771881292055,0.701279056371057,309,5.88761921729968e-07,3,670881190
244,-0.504599634494552,0.158379563803567,0.603747246616963,0.442631415060789,0.823508511585206,0.396252753383037,0.176491488414794,0.557368584939211,364,0.00144247217290373,4,559654081
321,-0.679687251867951,0.154705445404868,0.506775460662656,0.374222644301126,0.686279602372728,0.493224539337344,0.313720397627272,0.625777355698874,376,1.115770996408e-05,4,188982658
570,-0.592089628661866,0.15759833100342,0.553170155958055,0.406172764546544,0.753367158392015,0.446829844041945,0.246632841607985,0.593827235453456,344,0.000171994320992351,4,80064227
921,-0.780164798097457,0.160590242630614,0.458330473091145,0.334567746284424,0.627875295502546,0.541669526908855,0.372124704497454,0.665432253715576,336,1.18512556597857e-06,4,723083913
896,-0.841790149392261,0.177502383251201,0.430938388422638,0.30431606574314,0.610246764865343,0.569061611577362,0.389753235134657,0.69568393425686,310,2.11184362914779e-06,4,99450238
445,-0.325923512996087,0.167393489140234,0.72186039825934,0.519957228872701,1.00216403511664,0.27813960174066,-0.00216403511664054,0.480042771127299,323,0.0515287262555205,3,338208389
695,-0.72748474532819,0.155268642889025,0.483122639607877,0.356362897151083,0.654971341763245,0.516877360392123,0.345028658236755,0.643637102848917,365,2.79509964208047e-06,4,529999965
95,-0.890908551478887,0.1578127360706,0.410282820300688,0.301129212035907,0.559002534147417,0.589717179699312,0.440997465852583,0.698870787964093,340,1.64842980686186e-08,3,16516720
396,-0.570457648007426,0.160487349052524,0.565266686322638,0.41271125452328,0.774213019790941,0.434733313677362,0.225786980209059,0.58728874547672,346,0.000378650364809037,3,968588939
745,-0.912194324542033,0.16215967328501,0.401641923630817,0.292286309847822,0.551911702268409,0.598358076369183,0.448088297731591,0.707713690152178,353,1.85202297751708e-08,4,132727493
545,-0.650160309823191,0.160710799484866,0.521962094402577,0.380926936965335,0.715214392984548,0.478037905597423,0.284785607015452,0.619073063034665,316,5.22049498383303e-05,4,604963189
195,-0.926789338459937,0.159542717813699,0.395822524571509,0.289532617659674,0.541132367829882,0.604177475428491,0.458867632170118,0.710467382340326,349,6.28337030839364e-09,4,958041801
621,-0.898158329347458,0.15017299277997,0.407319117066107,0.303464092561456,0.546716620497413,0.592680882933893,0.453283379502587,0.696535907438544,370,2.22010837070755e-09,3,664781036
71,-0.779564079016505,0.169714012671767,0.458605883665625,0.328835572913856,0.639588213249135,0.541394116334375,0.360411786750865,0.671164427086144,312,4.36085322712974e-06,4,903923441
421,-0.50510622138742,0.168860033863739,0.603441473632054,0.433412301666399,0.840173688423611,0.396558526367946,0.159826311576389,0.566587698333601,293,0.00277818289588611,3,573482981
221,-0.799406749515365,0.157355300450849,0.44959560782838,0.330279018494313,0.612016505014687,0.55040439217162,0.387983494985313,0.669720981505687,344,3.76907159342441e-07,3,427611476
596,-0.695544108520289,0.161592152022534,0.498802971188845,0.363397171433067,0.684662467475057,0.501197028811155,0.315337532524943,0.636602828566933,337,1.67500457170641e-05,4,377886954
345,-0.448655044099167,0.163741664206045,0.638486310330283,0.463206273628698,0.880093365933034,0.361513689669717,0.119906634066966,0.536793726371302,335,0.00614358917856736,4,210910077
821,-0.617449256042257,0.17306528913418,0.539318347619896,0.384177347824104,0.757109396810736,0.460681652380104,0.242890603189264,0.615822652175896,299,0.000360094948699645,3,604722507
172,-0.676065722428565,0.161778767922319,0.508614090228614,0.370409443538957,0.698384712623757,0.491385909771386,0.301615287376243,0.629590556461043,356,2.92855348639434e-05,5,528824070
121,-0.698626311112215,0.16252846187144,0.497267926253167,0.361614611691031,0.683809178295596,0.502732073746833,0.316190821704404,0.638385388308969,330,1.71968793849154e-05,4,325798256
371,-0.687081779155589,0.175426087509515,0.50304191659901,0.356682020630898,0.709458720145212,0.49695808340099,0.290541279854788,0.643317979369102,325,8.97896689481508e-05,5,877991112
722,-0.621919968634245,0.172372585906158,0.536912592020068,0.382983248279236,0.752709505611389,0.463087407979932,0.247290494388611,0.617016751720764,323,0.00030856870653161,5,782365975
771,-0.978231842794056,0.17095982873935,0.375975294903778,0.268929248709111,0.525630525710809,0.624024705096222,0.474369474289191,0.731070751290888,327,1.05278385740097e-08,4,20630530
21,-0.905784670052807,0.158889379825729,0.404224577707758,0.296057338568646,0.551911700662434,0.595775422292242,0.448088299337566,0.703942661431354,321,1.1929891079953e-08,3,149573987
846,-0.496932796478796,0.164234060608576,0.60839386864761,0.440949183511973,0.839423482905611,0.39160613135239,0.160576517094389,0.559050816488027,348,0.00248009347683158,4,752552140
296,-0.570978002375662,0.16745099775407,0.564972623848174,0.406904840847114,0.784444011610619,0.435027376151826,0.215555988389381,0.593095159152886,329,0.000650054241775876,4,859868933
496,-0.803280638433048,0.14746128659062,0.447857293577838,0.335444269123417,0.597941815893924,0.552142706422162,0.402058184106076,0.664555730876583,374,5.11113831945146e-08,3,279954759
995,-0.776957763395248,0.14747723784584,0.459802714325952,0.344380599914462,0.613909541228586,0.540197285674048,0.386090458771414,0.655619400085538,365,1.37675502909713e-07,3,392607834
870,-0.496811705178198,0.162730320212021,0.608467544313092,0.442304255884782,0.837054465464715,0.391532455686908,0.162945534535285,0.557695744115218,359,0.00226584323224461,4,519283285
521,-0.750030664660973,0.159484189814543,0.472352068002906,0.345551380697441,0.645682490679957,0.527647931997094,0.354317509320043,0.654448619302559,333,2.56551416010345e-06,3,402899198
796,-0.762435768997598,0.165259997096441,0.466528685825648,0.337449499359857,0.644982479188997,0.533471314174352,0.355017520811003,0.662550500640143,305,3.95843107535822e-06,4,999397082
646,-0.736318316023173,0.154931605147319,0.478873735742051,0.353462216922772,0.648782369951728,0.521126264257949,0.351217630048272,0.646537783077229,357,2.00879159734011e-06,4,402747334
971,-0.682008352579424,0.168933394787512,0.505600547853322,0.363087392810565,0.704050647451015,0.494399452146678,0.295949352548985,0.636912607189435,319,5.41059813769755e-05,4,552226443
270,-0.58627792957818,0.156756586047735,0.556394374465377,0.409214752880793,0.756509137946205,0.443605625534623,0.243490862053795,0.590785247119207,346,0.000183981505691191,3,189552430
47,-0.842420198251111,0.164454107706907,0.430666961697805,0.312002422597782,0.594463435103267,0.569333038302195,0.405536564896733,0.687997577402218,356,3.01471886455879e-07,5,653215034
471,-0.553154607075585,0.172197823804298,0.575132628181295,0.410386393486365,0.806014880729018,0.424867371818705,0.193985119270982,0.589613606513635,321,0.0013166737829763,4,729383775
146,-0.782956342971647,0.168445667200706,0.457052807168889,0.328537666990626,0.635839629758259,0.542947192831111,0.364160370241741,0.671462333009374,327,3.34967590052126e-06,4,823058571
671,-0.386052382871086,0.16958549214472,0.679734918281123,0.487515185261387,0.947743933110346,0.320265081718877,0.0522560668896545,0.512484814738613,320,0.0228192700400097,4,790987044
245,-0.908181744235348,0.180017431913194,0.403256781811275,0.283367842825624,0.573869040520789,0.596743218188725,0.426130959479211,0.716632157174376,304,4.53603064223132e-07,4,635543160
946,-0.648697671737343,0.165846388387899,0.522726094632934,0.377663904679041,0.723507241822368,0.477273905367066,0.276492758177632,0.622336095320958,337,9.17486548800685e-05,4,164747075
696,-0.924129729773675,0.172436193645851,0.396876658766939,0.28305941427183,0.55645943689669,0.603123341233061,0.44354056310331,0.71694058572817,305,8.3565306747803e-08,3,838930219
446,-0.686324962236041,0.158066230536086,0.503422771333209,0.369306232309475,0.686244813990663,0.496577228666791,0.313755186009337,0.630693767690525,353,1.4118588384567e-05,4,503828516
897,-0.795474511202329,0.161374088406603,0.451367005399034,0.328978818247033,0.619286599205629,0.548632994600966,0.380713400794371,0.671021181752967,330,8.2490181537514e-07,3,809829161
322,-0.594233243385738,0.181575804844385,0.551985642290984,0.386696441999057,0.787925918636025,0.448014357709016,0.212074081363975,0.613303558000942,314,0.00106546012098661,4,302487323
397,-0.844014158685498,0.157443160885876,0.429981042409791,0.315815504116284,0.585416784236584,0.570018957590209,0.414583215763416,0.684184495883716,343,8.28750066505892e-08,3,992329284
922,-0.511156636189871,0.165305708030464,0.599801425412813,0.433809461376999,0.829308214683205,0.400198574587187,0.170691785316795,0.566190538623001,341,0.00198685719870818,4,732549784
571,-0.516947152629185,0.168990054021691,0.596338301712557,0.428201426152182,0.830495529370401,0.403661698287443,0.169504470629599,0.571798573847818,319,0.0022204829938563,4,212672553
96,-0.865196944168916,0.157216245174341,0.420968637144347,0.309333553692828,0.572891596606894,0.579031362855653,0.427108403393106,0.690666446307172,335,3.72898293474216e-08,3,133461443
546,-0.615900256324717,0.170064355934274,0.540154398942487,0.387042695011681,0.753836148976054,0.459845601057513,0.246163851023946,0.612957304988319,315,0.000292818638837881,4,886054888
72,-0.797797352463743,0.162109417527157,0.450319768248556,0.327742849873044,0.61874086270375,0.549680231751444,0.38125913729625,0.672257150126956,345,8.59488020495862e-07,4,510375141
746,-0.57624719854657,0.170624239264697,0.562003501575443,0.40225681043765,0.785189778239976,0.437996498424557,0.214810221760024,0.59774318956235,321,0.000732043544647425,4,705680331
422,-0.70563093710072,0.157358314616974,0.493796921151951,0.362747758502099,0.672189954656151,0.506203078848048,0.327810045343849,0.637252241497901,353,7.31775633812046e-06,4,747833778
622,-0.809289176274859,0.177278809970993,0.445174394304166,0.314506901401298,0.630130024050605,0.554825605695834,0.369869975949395,0.685493098598702,303,4.99341133685639e-06,4,389667600
222,-0.552406136162792,0.157427282320018,0.57556325936184,0.422756912657115,0.783601771157577,0.42443674063816,0.216398228842423,0.577243087342885,370,0.000449861486490227,4,308697182
597,-0.388311381009137,0.165601488494514,0.678201131429431,0.490228174389686,0.938250387678732,0.321798868570569,0.0617496123212677,0.509771825610314,315,0.0190345104790736,4,310521644
822,-0.474361382828746,0.167334201684747,0.622282329779903,0.448283070856591,0.863818696557881,0.377717670220097,0.136181303442119,0.551716929143409,304,0.00458523342961957,4,201903358
346,-0.876755524758819,0.177825767713256,0.416130850062914,0.293673220414831,0.589651600270115,0.583869149937086,0.410348399729885,0.706326779585169,301,8.20534789565334e-07,4,825545441
196,-0.794417862610653,0.165703559844005,0.451844193775432,0.326543903570377,0.625224275254519,0.548155806224568,0.374775724745481,0.673456096429623,331,1.63316148623723e-06,4,75090791
173,-0.680910971263663,0.156515124944607,0.506155688992821,0.372441619659767,0.687875811875793,0.493844311007179,0.312124188124207,0.627558380340233,374,1.35859438336383e-05,4,594835482
723,-0.508588532505275,0.163953659025735,0.601343757249818,0.436079026189459,0.829240327247981,0.398656242750182,0.170759672752019,0.563920973810541,319,0.00192200999762455,3,916812193
372,-0.726249836031216,0.163139943257107,0.483719620780041,0.351340918453797,0.665976148059613,0.516280379219959,0.334023851940387,0.648659081546203,339,8.51937397725327e-06,4,104065438
497,-0.599665774893512,0.166622497003028,0.548995093377849,0.396040077106716,0.761023012506232,0.451004906622151,0.238976987493768,0.603959922893284,312,0.000319506527837713,3,964104261
122,-0.580567218550397,0.162351141422195,0.5595808718785,0.407070207430427,0.769230335349019,0.4404191281215,0.230769664650981,0.592929792569573,324,0.000348895455400057,3,341394632
22,-0.836268968650353,0.157002131406713,0.43332425750016,0.318546285319674,0.58945880329331,0.56667574249984,0.41054119670669,0.681453714680326,359,1.00133402593099e-07,4,226371729
847,-0.65580821772199,0.163207691961401,0.519022409914726,0.376932400750372,0.714675261286684,0.480977590085274,0.285324738713316,0.623067599249628,305,5.86336342483626e-05,4,822256155
297,-0.588209219740025,0.167386457289347,0.555320852458787,0.400004033759242,0.770945348419073,0.444679147541213,0.229054651580927,0.599995966240758,334,0.000441281699475574,4,900979300
522,-0.96452405947173,0.173341238033459,0.38116456824157,0.271371474245846,0.535378408827015,0.61883543175843,0.464621591172985,0.728628525754154,298,2.63194538785454e-08,4,509328146
772,-0.748584856639512,0.162584899965927,0.473035492342924,0.343954669499421,0.650558334741519,0.526964507657076,0.349441665258481,0.656045330500579,348,4.13914207655506e-06,4,239647419
647,-0.589806144072917,0.156966293049045,0.554434754780713,0.407605931600487,0.75415462209231,0.445565245219287,0.24584537790769,0.592394068399513,352,0.000171596227499504,4,169753474
797,-0.288323699426003,0.159968917975694,0.74951893411826,0.547793429095667,1.0255300680207,0.25048106588174,-0.0255300680207031,0.452206570904333,382,0.0714867001007135,5,732764237
871,-0.715543995724358,0.17005560975729,0.488926065749642,0.35034150690001,0.682330506266987,0.511073934250358,0.317669493733013,0.64965849309999,338,2.57976289439281e-05,4,511663195
472,-0.862336546319209,0.162986069656208,0.422174498728585,0.306731234395529,0.581066703976105,0.577825501271415,0.418933296023895,0.693268765604471,348,1.21742247955971e-07,4,729297439
246,-0.902837082793599,0.157022771511346,0.405417822655735,0.298019589008746,0.551519487271333,0.594582177344265,0.448480512728667,0.701980410991254,345,8.93909853331675e-09,4,627107779
996,-0.829411833296924,0.169836395890556,0.4363058314309,0.312770666304753,0.608633734069953,0.5636941685691,0.391366265930047,0.687229333695248,349,1.04169985520707e-06,4,589706398
48,-0.545144226470494,0.169814493280357,0.579758160836425,0.415623898686275,0.808710774618248,0.420241839163575,0.191289225381752,0.584376101313725,310,0.00132627047991668,4,974694334
271,-0.87727678497053,0.168153895292071,0.415913994132005,0.299137374803106,0.578277624548575,0.584086005867995,0.421722375451425,0.700862625196893,305,1.81739746714391e-07,4,435869833
147,-0.971964718749255,0.174255589764431,0.378338977724947,0.26887749855995,0.532362815157786,0.621661022275053,0.467637184842214,0.73112250144005,342,2.43564288788111e-08,5,905299470
972,-0.932898807126978,0.164815847464381,0.393411631397084,0.284810300606455,0.543423855769799,0.606588368602916,0.456576144230201,0.715189699393545,332,1.51153135690166e-08,4,192059412
672,-0.710288988295256,0.162078349887418,0.491502138570135,0.357737172673455,0.67528445650105,0.508497861429865,0.32471554349895,0.642262827326545,329,1.17389596014381e-05,4,697449505
947,-0.265975018719141,0.160913005655689,0.76645827437128,0.55913814114671,1.05064963936713,0.23354172562872,-0.0506496393671347,0.44086185885329,331,0.0983487989391222,3,308462946
898,-0.737549264172922,0.153527749890167,0.478284629656985,0.354000085407198,0.646203762078155,0.521715370343015,0.353796237921845,0.645999914592802,348,1.55516938744859e-06,4,475477550
923,-0.686601555401764,0.164907796470478,0.503283547290285,0.364286403744881,0.695316449829627,0.496716452709715,0.304683550170373,0.635713596255119,325,3.13339872756118e-05,4,291572043
572,-0.794686880768961,0.171957381348754,0.451722655831271,0.322479034201221,0.632764726230018,0.548277344168729,0.367235273769982,0.677520965798779,312,3.81126581666728e-06,4,749754406
323,-0.682265819058383,0.160350362481507,0.505470389416942,0.369152015212658,0.692127644027974,0.494529610583058,0.307872355972026,0.630847984787342,322,2.09194572446583e-05,3,751084956
697,-0.543877539992417,0.167640854611936,0.580492997965184,0.417927386786569,0.806293464703465,0.419507002034816,0.193706535296535,0.582072613213431,324,0.00117738891014133,4,712377632
398,-0.704887441023782,0.158525731015693,0.494164193741578,0.362187891528753,0.674230851135114,0.505835806258422,0.325769148864886,0.637812108471247,345,8.7273550570682e-06,3,69573982
547,-0.644134762600216,0.167797633858841,0.525116696207513,0.377942926954686,0.729601019015643,0.474883303792487,0.270398980984357,0.622057073045314,343,0.000123657473744298,4,616357566
73,-0.703202533773784,0.164549872872042,0.494997516412863,0.358540247712437,0.6833892228786,0.505002483587137,0.3166107771214,0.641459752287563,322,1.92435357575157e-05,4,851647090
747,-0.677035999351383,0.172128341710486,0.508120833050971,0.362619447063643,0.712004783723304,0.491879166949029,0.287995216276696,0.637380552936357,321,8.37802784599299e-05,4,251202164
447,-0.928970460067179,0.16906254503927,0.394960128347941,0.283561298287108,0.550122685736461,0.605039871652059,0.449877314263539,0.716438701712892,305,3.91080207233617e-08,3,589116218
423,-0.892605031930748,0.171799992229162,0.409587373588983,0.292489406738651,0.573565444554448,0.590412626411017,0.426434555445552,0.707510593261349,310,2.04054270385266e-07,4,635216864
97,-0.636233481808274,0.164628018300743,0.529282225509892,0.383314886921969,0.730834318724833,0.470717774490108,0.269165681275167,0.616685113078031,308,0.000111238057097492,4,986129670
623,-0.62780546974419,0.167567879830502,0.533761873238074,0.384338163743225,0.741278811731431,0.466238126761926,0.258721188268569,0.615661836256775,326,0.000179266103779934,4,153829797
598,-0.652666083841691,0.168829391800176,0.520655812654715,0.373975268297156,0.724867386245828,0.479344187345285,0.275132613754172,0.626024731702844,327,0.000110711081116193,4,479325878
223,-0.715733740268651,0.166365252146407,0.488833303496947,0.352817750553634,0.677284513697993,0.511166696503053,0.322715486302007,0.647182249446366,317,1.69123624489195e-05,4,419641594
174,-0.775918218043436,0.153560051033633,0.460280948630437,0.340653179719939,0.621918608968541,0.539719051369563,0.378081391031459,0.659346820280061,335,4.35231378013955e-07,3,429874332
347,-0.606068240231927,0.162168791723856,0.54549139942955,0.396962591209151,0.749594227368469,0.45450860057045,0.250405772631531,0.603037408790849,359,0.000186030587188189,4,237748185
823,-0.726581372066662,0.154177223173143,0.48355927687606,0.357448788263304,0.654162447686505,0.51644072312394,0.345837552313495,0.642551211736696,357,2.44530905774723e-06,3,716582297
724,-0.46438389628059,0.171320071525526,0.62852222080368,0.449254801168951,0.879323228190559,0.37147777919632,0.120676771809441,0.550745198831049,318,0.0067157206973459,4,352140695
373,-1.00687016580723,0.164229816518647,0.365360710369469,0.264806822275364,0.504097468239971,0.634639289630531,0.495902531760029,0.735193177724636,345,8.74047842982005e-10,4,793681965
298,-0.712653582516015,0.164969359083594,0.490341308440769,0.354875737898205,0.677517714193166,0.509658691559231,0.322482285806834,0.645124262101795,322,1.56089424111708e-05,3,901798781
197,-0.687206354885615,0.159929149583249,0.502979253688236,0.367636085517076,0.688148252054609,0.497020746311764,0.311851747945391,0.632363914482924,326,1.73170115528207e-05,4,351071207
498,-0.401210131351921,0.182933950016052,0.66950936134852,0.467781447372666,0.95823121556209,0.33049063865148,0.0417687844379101,0.532218552627334,291,0.02829321183917,5,515529610
23,-0.710161896608706,0.156249483945614,0.491564608375482,0.361893518670556,0.667698512797378,0.508435391624518,0.332301487202622,0.638106481329444,378,5.49219153722462e-06,4,743976384
473,-0.782695616637814,0.163989528250826,0.457171988407839,0.33150606103734,0.63047482851674,0.542828011592161,0.36952517148326,0.66849393896266,322,1.8164699440233e-06,4,365340305
523,-0.557878347197461,0.161799443399302,0.572422257692935,0.416862257715661,0.786032400481257,0.427577742307065,0.213967599518743,0.583137742284339,355,0.0005648333076561,4,358251024
798,-0.840692348990695,0.171391945472305,0.431411732529635,0.308320827827798,0.603644211373778,0.568588267470365,0.396355788626222,0.691679172172202,297,9.33860895459256e-07,4,220523667
848,-0.772590664176716,0.185137070814963,0.461815109366477,0.321276660871275,0.663830340681431,0.538184890633523,0.336169659318569,0.678723339128725,297,3.00517512891526e-05,5,587804369
123,-0.66470533976893,0.153985409579283,0.514425085991142,0.380407893998888,0.695656355379859,0.485574914008858,0.304343644620141,0.619592106001112,343,1.58395377917112e-05,3,253090516
648,-0.71499707912747,0.154210627616658,0.489193540666219,0.361589982073936,0.66182784948013,0.510806459333781,0.33817215051987,0.638410017926064,349,3.54363704653924e-06,3,112753723
997,-0.760833042165969,0.17018927931503,0.467277003382274,0.334741093837841,0.652288595303724,0.532722996617726,0.347711404696276,0.665258906162159,308,7.80329367609775e-06,4,172499555
49,-0.762366566563715,0.165233793341548,0.466560971863307,0.337490185010741,0.644993988370672,0.533439028136693,0.355006011629328,0.662509814989259,319,3.95247468779549e-06,4,621231588
272,-0.953586056434718,0.165979832449575,0.385356632055198,0.278343156614655,0.533513148571898,0.614643367944802,0.466486851428102,0.721656843385345,317,9.18165758772197e-09,4,606534228
148,-0.467612667533297,0.160533275662994,0.626496138963015,0.457374793947926,0.858152695183839,0.373503861036985,0.141847304816161,0.542625206052074,338,0.00358122907724515,4,252811237
247,-0.98761862414983,0.179142048738369,0.372462609213959,0.26217826972749,0.529137656628315,0.627537390786041,0.470862343371685,0.73782173027251,339,3.52672997513515e-08,5,795858348
773,-0.910554589989418,0.154332782095966,0.402301050019246,0.297291754334355,0.544401694587749,0.597698949980754,0.455598305412251,0.702708245665645,339,3.6362756483692e-09,3,309661146
872,-0.66925947696795,0.16372370488912,0.512087650112662,0.371520200065997,0.705839847608086,0.487912349887338,0.294160152391914,0.628479799934003,330,4.35601225230593e-05,4,898703038
948,-0.79234056266995,0.162130893682038,0.452783785261162,0.32952229141962,0.622152617694561,0.547216214738838,0.377847382305439,0.67047770858038,341,1.02362020407282e-06,4,371120552
673,-0.677648427454171,0.168825613518056,0.507809740843727,0.364750927181746,0.706977593965875,0.492190259156273,0.293022406034125,0.635249072818254,328,5.97247107703832e-05,4,791816394
548,-0.671482220279182,0.174853881029864,0.510950674783874,0.362696265311297,0.719805018775209,0.489049325216126,0.280194981224791,0.637303734688703,306,0.000122910216164946,4,999386361
973,-0.758939629781355,0.158442054782049,0.468162589572883,0.343186807843796,0.638649870176093,0.531837410427117,0.361350129823907,0.656813192156204,371,1.6676983877001e-06,4,973477183
899,-0.862739666488322,0.15359531684883,0.422004345971571,0.312303141437458,0.570239758713915,0.577995654028429,0.429760241286085,0.687696858562542,339,1.94339689109514e-08,3,534552697
924,-0.741744705172319,0.152944092859607,0.476282218149166,0.352921502667011,0.642762624580353,0.523717781850834,0.357237375419647,0.647078497332989,345,1.23600510040942e-06,3,112576763
74,-0.72090426429971,0.152764514593972,0.486312302219313,0.360480573624553,0.656067684624158,0.513687697780687,0.343932315375842,0.639519426375447,366,2.36941859138384e-06,4,485382947
324,-0.487710640161289,0.155517859886855,0.614030523112311,0.452702526094756,0.832850407454233,0.385969476887689,0.167149592545767,0.547297473905244,384,0.00171244302923484,4,359512515
448,-0.88620434671,0.16558602041242,0.412217421513011,0.297974614287019,0.57026066802845,0.587782578486989,0.42973933197155,0.702025385712981,331,8.70223519774067e-08,5,12690128
573,-0.764409131395409,0.158163250603236,0.465608963430797,0.341501432156935,0.634819319666795,0.534391036569203,0.365180680333205,0.658498567843065,352,1.34464548170142e-06,4,465337465
424,-0.595210794206162,0.158638048308367,0.551446311927868,0.404082725671858,0.752551434692586,0.448553688072132,0.247448565307414,0.595917274328142,343,0.000175425771692535,4,878538285
698,-0.910541136715257,0.161915392378856,0.402306462321974,0.292910120112338,0.552560251465356,0.597693537678026,0.447439748534644,0.707089879887661,322,1.87060325938966e-08,3,915014335
748,-0.817532759266532,0.166019322103721,0.441519647042147,0.318885029156748,0.611316245355625,0.558480352957853,0.388683754644375,0.681114970843252,311,8.46529297773687e-07,3,691456293
399,-0.727659050532656,0.16461300654598,0.483038436156161,0.349834667474245,0.666961146214497,0.516961563843839,0.333038853785503,0.650165332525755,354,9.85080756998926e-06,5,270921085
624,-0.796316624139129,0.15873358322274,0.45098706340403,0.330407436377528,0.615571288551132,0.54901293659597,0.384428711448868,0.669592563622472,329,5.25702438363293e-07,3,845342409
98,-0.471292285350462,0.167317211345473,0.624195108660001,0.449675982894771,0.866445059322295,0.375804891339999,0.133554940677705,0.550324017105229,324,0.00485108896744578,4,121976852
599,-0.601171143351263,0.159627148869585,0.548169275217075,0.400903469100214,0.749530940618775,0.451830724782925,0.250469059381225,0.599096530899786,342,0.00016582015263799,3,167902101
224,-0.536624208208756,0.179153887578998,0.584718813371164,0.411576909668854,0.830697939263076,0.415281186628836,0.169302060736924,0.588423090331146,315,0.00274152112866614,4,406974930
374,-0.531290826768696,0.162965424656096,0.58784567279311,0.427117046462721,0.809058167739846,0.41215432720689,0.190941832260154,0.572882953537279,356,0.00111355480399217,4,852561379
175,-0.668094534816183,0.164363748733638,0.512684550211217,0.371486942794358,0.707549627580798,0.487315449788783,0.292450372419202,0.628513057205642,325,4.80877532980975e-05,4,397002115
348,-0.617239341397093,0.157119995011967,0.539431570322603,0.396456532119448,0.733968027983049,0.460568429677397,0.266031972016951,0.603543467880552,334,8.5492187047252e-05,3,52736619
725,-0.811271128156063,0.161433980252937,0.444292953850728,0.323784886147751,0.609652387391945,0.555707046149272,0.390347612608055,0.676215113852249,320,5.02371263012514e-07,3,88193258
299,-0.357007494909461,0.168172745458093,0.699767253022752,0.503274254855965,0.972976868334246,0.300232746977248,0.0270231316657541,0.496725745144035,317,0.0337654354365535,4,705585293
824,-0.762645331323733,0.181483214944948,0.466430929232445,0.326819941807785,0.665680957352953,0.533569070767555,0.334319042647047,0.673180058192215,318,2.64226838452374e-05,4,207379537
198,-0.427068651536216,0.156153023191991,0.652418761140221,0.480406358475598,0.886021245094243,0.347581238859779,0.113978754905757,0.519593641524402,350,0.00623922516647113,4,891232306
499,-0.84861631700022,0.163513347564255,0.428006748072448,0.310647456797981,0.589703126121785,0.571993251927552,0.410296873878215,0.689352543202019,340,2.10418143293098e-07,4,874572635
24,-0.434387002813285,0.151454543404239,0.647661560132749,0.481315425667942,0.871498136365514,0.352338439867251,0.128501863634486,0.518684574332058,348,0.00412943036358445,3,780563079
474,-0.726558720920804,0.165972358574301,0.483570230171823,0.349287970669243,0.669476727355905,0.516429769828177,0.330523272644095,0.650712029330757,340,1.19999531943727e-05,4,928348939
524,-0.557061333186239,0.169911293587151,0.572890125799179,0.410622347600851,0.799282109597289,0.427109874200821,0.200717890402711,0.589377652399149,325,0.00104344789955778,4,480087917
849,-0.78948991935632,0.164413991596942,0.454076351778887,0.328987533365495,0.626726888814227,0.545923648221113,0.373273111185773,0.671012466634505,323,1.57213155194346e-06,4,596217944
799,-0.954671523089536,0.160233274518456,0.384938567219657,0.281190481196642,0.526965564063667,0.615061432780343,0.473034435936333,0.718809518803358,347,2.55327203557799e-09,4,692124005
649,-0.818461608774504,0.168621736714511,0.441109732139332,0.316968100424031,0.61387185501548,0.558890267860668,0.38612814498452,0.683031899575969,327,1.21098237958487e-06,4,318015727
50,-0.898367882819306,0.176989807221301,0.407233770873584,0.287865612617694,0.576099877411077,0.592766229126416,0.423900122588923,0.712134387382306,311,3.85834385855774e-07,4,284897132
124,-0.950220601214119,0.160507807468301,0.386655717324841,0.282292891954245,0.529601162484174,0.613344282675159,0.470398837515826,0.717707108045755,342,3.21766275538382e-09,4,491432393
273,-0.661746628914835,0.163612978850094,0.515949374929832,0.374403129815261,0.711008365827057,0.484050625070168,0.288991634172943,0.625596870184739,359,5.24158496659225e-05,4,202611188
248,-0.694222063969289,0.158951882182995,0.499462847035451,0.365765804676601,0.68202968232453,0.500537152964549,0.31797031767547,0.634234195323399,358,1.25677815045547e-05,4,888907647
873,-0.785612663968655,0.163227372151063,0.455840339265375,0.331034581021862,0.62770002535732,0.544159660734625,0.37229997464268,0.668965418978138,321,1.48684381691976e-06,4,124126051
149,-0.869076652303028,0.15546287921119,0.419338565843724,0.30919649547873,0.568715478264429,0.580661434156276,0.431284521735571,0.69080350452127,355,2.26740469823048e-08,4,886090240
774,-0.819299073088252,0.160847210904895,0.440740473122424,0.321565567553091,0.604082601648906,0.559259526877576,0.395917398351094,0.678434432446909,341,3.51238636164311e-07,3,181904882
998,-0.890073107062982,0.166562764239208,0.410625732013743,0.296256357710396,0.569147251707758,0.589374267986257,0.430852748292242,0.703743642289604,338,9.10330513601227e-08,4,562078013
949,-0.910815848202773,0.167261154040102,0.402195959294192,0.289777559615134,0.558226764996633,0.597804040705808,0.441773235003367,0.710222440384866,349,5.16683346768337e-08,4,440958707
925,-1.07581748794621,0.166176201947059,0.341018862511246,0.246223194703699,0.472310761495928,0.658981137488754,0.527689238504072,0.753776805296301,353,9.54694534680519e-11,5,410658083
900,-0.736397451696968,0.165247493117963,0.478835841245733,0.346359998496393,0.661981071304044,0.521164158754267,0.338018928695956,0.653640001503607,332,8.33744454812825e-06,4,463659112
325,-0.745736390117339,0.168056800003134,0.474384838978666,0.341256233671516,0.659448687666854,0.525615161021334,0.340551312333146,0.658743766328484,324,9.10491157923083e-06,5,746235099
574,-0.802292472460089,0.158628544879052,0.448300069648187,0.328506482589158,0.611777736812315,0.551699930351813,0.388222263187685,0.671493517410842,319,4.24387035557766e-07,3,840305784
549,-0.567529082959301,0.170514108828199,0.566924532954047,0.40586666075088,0.791894129639883,0.433075467045953,0.208105870360117,0.59413333924912,327,0.000873648890503371,4,147445915
75,-0.523081910385656,0.154622242824757,0.592691109449734,0.437737467521743,0.802496421449936,0.407308890550266,0.197503578550064,0.562262532478257,365,0.000717073064445914,4,714863123
674,-0.639113704794304,0.165984764073344,0.527759967950834,0.381197424179941,0.730672785553733,0.472240032049166,0.269327214446267,0.618802575820059,327,0.000117907756955478,4,445830766
974,-0.484967577840153,0.16334114430959,0.615717159320829,0.447038598546563,0.848042252983717,0.384282840679171,0.151957747016283,0.552961401453437,331,0.00298724644030685,4,629653560
749,-0.760932553567379,0.160245390998486,0.467230506306353,0.341295110727033,0.639635140269825,0.532769493693647,0.360364859730175,0.658704889272967,344,2.04884650524987e-06,4,285805706
425,-0.928753252377355,0.171882025825757,0.395045926042614,0.28205989623929,0.553291289416308,0.604954073957386,0.446708710583692,0.71794010376071,310,6.53768694092852e-08,4,304011912
400,-0.567569981752214,0.15874340183861,0.56690134689912,0.415321926843244,0.773802480304235,0.43309865310088,0.226197519695765,0.584678073156756,347,0.000349702737044326,4,322391115
449,-0.614475504232502,0.164467262393711,0.540924533547668,0.391869887018774,0.746674752734304,0.459075466452332,0.253325247265696,0.608130112981226,329,0.000186854072647867,4,883175903
625,-0.677125549167131,0.167524975434948,0.508075332961286,0.365873194938005,0.705546477673672,0.491924667038714,0.294453522326328,0.634126805061995,350,5.30112708820352e-05,4,457581643
600,-0.921348278665807,0.174601778556545,0.397982088425751,0.282645596230732,0.560382842754162,0.602017911574249,0.439617157245838,0.717354403769268,323,1.31419747732577e-07,4,276222715
699,-0.594150642706902,0.154882209025799,0.55203123856286,0.407500061963537,0.74782439757399,0.44796876143714,0.25217560242601,0.592499938036463,336,0.000124980534070304,3,441566394
225,-1.09025274663266,0.149268586281718,0.336131526858099,0.250871656384767,0.450367351083578,0.663868473141901,0.549632648916422,0.749128343615233,346,2.79406069978052e-13,3,960565146
375,-0.693224485261839,0.168327065873007,0.499961349143019,0.359464637661344,0.695371183833663,0.500038650856981,0.304628816166337,0.640535362338656,354,3.81646826952534e-05,4,890150318
300,-0.572853731123307,0.161403445808445,0.56391388172293,0.410984954632912,0.773748193005888,0.43608611827707,0.226251806994112,0.589015045367088,335,0.000386397829707178,3,561533132
349,-0.74891492729378,0.158528127687634,0.472879382973453,0.346585981562134,0.645193177847169,0.527120617026547,0.354806822152831,0.653414018437866,333,2.31049172247e-06,4,315487356
99,-0.747673455691743,0.163193944540536,0.473466813862538,0.343857583258704,0.651929271719701,0.526533186137462,0.348070728280299,0.656142416741296,340,4.61647209615555e-06,4,741997300
825,-0.739992554831229,0.165002448094783,0.477117467727882,0.345282826630554,0.6592887350712,0.522882532272118,0.3407112649288,0.654717173369446,315,7.3003983636349e-06,4,791252228
199,-0.474067292172884,0.164915276035994,0.622465364111424,0.450545911996904,0.859985895335412,0.377534635888576,0.140014104664588,0.549454088003096,344,0.00404525351238143,4,960240444
25,-0.709998792298731,0.157521149244019,0.491644791220645,0.361051536077704,0.669473957541536,0.508355208779355,0.330526042458464,0.638948463922296,340,6.56504724329143e-06,4,578938851
500,-0.878361955857028,0.151373193413733,0.415462901175025,0.308804168105154,0.558960791597837,0.584537098824975,0.441039208402163,0.691195831894846,342,6.52844861009966e-09,3,48397614
850,-0.768765504455154,0.16175883441689,0.463585008837644,0.337629211147232,0.636529818284238,0.536414991162356,0.363470181715762,0.662370788852768,344,2.00875946522429e-06,4,143846432
125,-0.621989776500244,0.168492662067526,0.536875112605985,0.385879812025515,0.746955081746102,0.463124887394015,0.253044918253898,0.614120187974485,321,0.000222940004196301,4,136930073
525,-0.876838175873898,0.153059654811382,0.416096457805436,0.308254485115548,0.561666644147388,0.583903542194564,0.438333355852612,0.691745514884452,344,1.01182412612231e-08,3,369149286
475,-0.742595538221231,0.153497815821357,0.475877153842841,0.352238868817571,0.642913334095588,0.524122846157159,0.357086665904412,0.647761131182429,357,1.31267776189091e-06,4,792488374
800,-0.752610340036083,0.175688551633748,0.471135123340655,0.333886697120807,0.66480128246889,0.528864876659345,0.33519871753111,0.666113302879193,315,1.83748196568782e-05,4,87922602
650,-0.675786172718507,0.155338364968171,0.508756293025518,0.375219619111824,0.689817249710305,0.491243706974482,0.310182750289695,0.624780380888176,349,1.35880840081426e-05,3,697974815
150,-0.792311349145701,0.153002942101286,0.452797012864464,0.335480446749968,0.611138851295813,0.547202987135536,0.388861148704187,0.664519553250032,345,2.23789818802412e-07,3,678950288
775,-0.675976041297479,0.171239794937205,0.50865970536089,0.363636741667126,0.711519673924132,0.49134029463911,0.288480326075868,0.636363258332874,302,7.89581342032236e-05,4,886588277
274,-0.763706787152679,0.158798987458742,0.465936096072042,0.341315816111605,0.636057385491529,0.534063903927958,0.363942614508471,0.658684183888395,347,1.51484482332477e-06,4,1179871
249,-0.637769245327404,0.156145106344839,0.528469997031704,0.389143141467303,0.717680740073265,0.471530002968296,0.282319259926735,0.610856858532697,363,4.41784557438035e-05,5,706816733
874,-0.830607445573262,0.159820828672651,0.435784490545489,0.318589922126195,0.596089546500995,0.564215509454511,0.403910453499005,0.681410077873805,364,2.02403663552945e-07,4,623106130
999,-0.839147087238864,0.154697398684374,0.432078891914389,0.319068834557744,0.585115650974616,0.567921108085611,0.414884349025384,0.680931165442257,360,5.81358197866241e-08,4,905707865
575,-0.884881390817325,0.167597941868777,0.412763127872996,0.297194842250315,0.573271724507253,0.587236872127004,0.426728275492747,0.702805157749685,309,1.29334332350317e-07,4,518892332
950,-0.61752628689122,0.168226863742775,0.539276805069767,0.387808010136089,0.749905790713818,0.460723194930233,0.250094209286182,0.612191989863911,342,0.000241797462442734,4,718418791
750,-0.75758014630365,0.166188976703375,0.468799481702359,0.338475165626395,0.649303040114274,0.531200518297641,0.350696959885726,0.661524834373605,335,5.15089078957726e-06,4,537281918
675,-0.634265385898076,0.163332280860994,0.530324929427348,0.385046653582909,0.730416764189756,0.469675070572652,0.269583235810244,0.614953346417091,351,0.000103055722427959,4,804816297
450,-0.867882966850469,0.163923318249818,0.419839423062985,0.304474856946277,0.578915260608732,0.580160576937015,0.421084739391268,0.695525143053723,325,1.19378513638184e-07,4,968288126
975,-0.429628563547514,0.167142064679133,0.650750762393083,0.468967883940074,0.902996919953887,0.349249237606917,0.0970030800461127,0.531032116059926,318,0.0101569568846737,4,256887591
550,-0.604516384222055,0.159165227465759,0.546338580717756,0.399926500444793,0.746351753256462,0.453661419282244,0.253648246743538,0.600073499555207,313,0.000145843003841396,3,306845289
700,-0.967952472933632,0.160137735136356,0.379860016054561,0.277532657963079,0.519915864518427,0.620139983945439,0.480084135481573,0.722467342036921,339,1.49874443514239e-09,4,889598980
350,-0.485276627506405,0.162916881015762,0.615526901539302,0.447272233270675,0.84707553551461,0.384473098460698,0.15292446448539,0.552727766729325,341,0.00289496577556813,4,521264162
100,-0.89666802317189,0.161743659230223,0.40792659981691,0.297101998456624,0.560090849952596,0.59207340018309,0.439909150047404,0.702898001543376,346,2.96044597937417e-08,4,892323386
200,-0.798389394490314,0.164332083612403,0.450053238926422,0.326125057283925,0.621074380346753,0.549946761073578,0.378925619653247,0.673874942716075,327,1.18343971186808e-06,4,155182984
250,-0.696733037879408,0.160993064400909,0.498210282094532,0.363391815289986,0.683046438419751,0.501789717905468,0.316953561580249,0.636608184710014,345,1.50660263043906e-05,3,870412409
275,-0.67284082980542,0.161158590285164,0.510256963677639,0.372057873619445,0.699789434500268,0.489743036322361,0.300210565499732,0.627942126380555,337,2.97955878199948e-05,4,190612236
1000,-0.760106229755955,0.158422424410634,0.467616749558158,0.342799868472531,0.637880712853479,0.532383250441842,0.362119287146521,0.657200131527469,351,1.60280817787999e-06,4,359106680
875,-0.659433000863656,0.153285427517315,0.517144471848435,0.38294384545862,0.698374991359655,0.482855528151565,0.301625008640345,0.61705615454138,374,1.69267839528841e-05,4,241116826
