"rep","est_V","se_V","IRR_V","IRR_V_CI_Lower","IRR_V_CI_Upper","VE","VE_CI_Lower","VE_CI_Upper","n_event","p_val","n_calendar_group","seed"
26,-0.853608035043911,0.268915133751487,0.425875582579126,0.251409546023106,0.721412590357414,0.574124417420874,0.278587409642586,0.748590453976894,123,0.0015021621000986,10,168732633
51,-0.414860426242159,0.250394186365219,0.660432453311704,0.404289524269586,1.07885809352921,0.339567546688296,-0.0788580935292078,0.595710475730414,134,0.0975539900547201,9,979559223
176,-0.988765981424428,0.277018020902136,0.372035506596264,0.216165421211429,0.640298607393645,0.627964493403737,0.359701392606355,0.783834578788571,121,0.000357908938003537,11,603167425
376,-0.934085438705096,0.264884196877281,0.392945073602922,0.233809423565725,0.660391820458004,0.607054926397078,0.339608179541996,0.766190576434275,114,0.000421263384977285,10,229435677
401,-0.768611821498374,0.250906297274351,0.463656259427382,0.2835465057985,0.758172372115082,0.536343740572618,0.241827627884918,0.7164534942015,123,0.00218879687553175,10,101724248
426,-1.12570990834061,0.242050230093233,0.324422075652144,0.201872364182215,0.521367466997339,0.675577924347856,0.478632533002661,0.798127635817785,146,3.30764506242679e-06,10,973480932
476,-0.949731780339581,0.283857497227633,0.386844768913146,0.221777145223997,0.674771402095191,0.613155231086854,0.325228597904809,0.778222854776003,108,0.000820441274512886,11,57315818
501,-0.762933750616743,0.271032348892894,0.466296420951922,0.274131491124387,0.793168093533305,0.533703579048078,0.206831906466695,0.725868508875613,119,0.00487897300001284,10,609879758
201,-0.554845471007238,0.281472107675524,0.57416097885928,0.330707604299311,0.996834742712125,0.42583902114072,0.00316525728787465,0.669292395700689,102,0.0486978955479363,10,378907093
251,-0.706607199040305,0.259000572363643,0.493315081251194,0.296935898675816,0.819570050220043,0.506684918748806,0.180429949779957,0.703064101324184,117,0.00636796153949507,10,898701047
451,-1.26719734192653,0.270936052525994,0.281619800772632,0.165593010178153,0.478943598536506,0.718380199227368,0.521056401463494,0.834406989821847,122,2.90948187440752e-06,10,995369696
651,-0.825943028020256,0.246337721204463,0.437821919387954,0.270155897189622,0.709545988411299,0.562178080612046,0.290454011588701,0.729844102810378,142,0.000799727814098864,11,9885063
76,-0.847711674568785,0.27037387171349,0.428394116326156,0.252174309685338,0.727756602692262,0.571605883673844,0.272243397307738,0.747825690314662,129,0.00171660102671607,11,675538570
101,-0.582464890497091,0.270750852623886,0.558519977888781,0.3285301020424,0.949515930995649,0.441480022111219,0.0504840690043513,0.6714698979576,108,0.0314529416090904,10,314886242
1,-0.968586309132084,0.277423811496829,0.379619323313985,0.220396520701306,0.653870715267212,0.620380676686015,0.346129284732788,0.779603479298694,121,0.000480568827411248,9,921219860
801,-0.706048290613337,0.287160399632555,0.493590876272157,0.281148485326632,0.866559721479807,0.506409123727843,0.133440278520193,0.718851514673368,104,0.0139431595966757,9,842539188
726,-1.24131856438346,0.268903333900218,0.289002897669051,0.170612664069451,0.489545575744065,0.710997102330949,0.510454424255935,0.829387335930549,122,3.90781358365708e-06,10,289511570
126,-1.45190159772062,0.297608429167182,0.234124653611678,0.130653904746778,0.419538578162087,0.765875346388322,0.580461421837912,0.869346095253222,107,1.06861301558224e-06,10,712632739
326,-0.918273073370592,0.249899630367798,0.399207848817913,0.244615583250032,0.65149940343306,0.600792151182087,0.34850059656694,0.755384416749968,135,0.000238252603412939,10,342588585
276,-0.571765558243473,0.255850358575705,0.564527851507632,0.341904764701467,0.932106621579515,0.435472148492368,0.0678933784204849,0.658095235298533,123,0.0254327469583353,10,357757350
151,-0.45672513281477,0.237281148639004,0.633354404481779,0.397807269545073,1.00837222541258,0.366645595518221,-0.00837222541258242,0.602192730454927,142,0.0542510200946215,10,988630743
301,-0.977772359269726,0.276860334061705,0.376148089052334,0.218622530177806,0.64717659603816,0.623851910947666,0.35282340396184,0.781377469822194,135,0.000412983684645586,10,679502782
926,-0.967958778373093,0.277650385708188,0.379857620877777,0.220436956915649,0.654571783959705,0.620142379122223,0.345428216040295,0.779563043084351,125,0.000489842195434333,11,189610170
351,-1.01094022128582,0.29913412234162,0.363876694071503,0.202456075389232,0.653999877424515,0.636123305928497,0.346000122575485,0.797543924610768,108,0.000726032767593456,10,687286396
226,-0.842847160890706,0.25683810491429,0.430483122244135,0.260216683654258,0.712159251031275,0.569516877755865,0.287840748968725,0.739783316345742,130,0.00103209605360577,11,274667175
526,-0.935998859870726,0.266805723686455,0.392193923045023,0.232485256431025,0.66161646392007,0.607806076954977,0.33838353607993,0.767514743568975,117,0.000451206829012075,9,25650870
751,-0.729148093967448,0.268156550247711,0.482319706186922,0.285154176539408,0.815812350355281,0.517680293813078,0.184187649644719,0.714845823460593,118,0.0065457144447402,9,978884848
576,-0.732360477741525,0.272100340936258,0.480772796153461,0.282051007664487,0.819505958993676,0.519227203846539,0.180494041006324,0.717948992335513,112,0.0071129609503883,9,686747235
676,-1.17467763721039,0.306171384806518,0.308918547483412,0.169523702441005,0.56293407709445,0.691081452516588,0.43706592290555,0.830476297558995,105,0.000124715416719254,10,923031150
551,-1.06082979093331,0.276971697115212,0.346168443683461,0.201154030798797,0.595725528970838,0.653831556316539,0.404274471029162,0.798845969201203,115,0.000128090265909755,11,328029131
826,-1.23679377828229,0.282208437562935,0.290313536908597,0.166974837421778,0.50475838763348,0.709686463091403,0.49524161236652,0.833025162578222,120,1.17295962687064e-05,9,837895191
601,-1.0795906114554,0.255660747357272,0.339734580624752,0.205835809649173,0.56073617835982,0.660265419375248,0.43926382164018,0.794164190350827,141,2.41342859497869e-05,11,920112053
701,-0.97105261900749,0.277044009789966,0.378684218031693,0.220017343789922,0.651774694285911,0.621315781968307,0.348225305714089,0.779982656210078,124,0.000456524554914993,10,252861110
626,-0.781267216083022,0.262640438130188,0.457825479742297,0.273615069627677,0.766054918636186,0.542174520257703,0.233945081363814,0.726384930372323,135,0.00293309041851513,11,716204258
776,-0.969666586806509,0.288020928063732,0.379209450462334,0.215633034033414,0.66687280993163,0.620790549537666,0.33312719006837,0.784366965966586,114,0.000760862995092426,9,159773981
951,-0.806953557438677,0.274591537730327,0.446215367189609,0.260502432023495,0.764323589494167,0.553784632810391,0.235676410505833,0.739497567976505,111,0.00329547766912242,10,954174061
876,-0.830203137949042,0.274053627731733,0.435960717160014,0.254784197067474,0.745971489182824,0.564039282839986,0.254028510817176,0.745215802932526,110,0.00245084182419358,10,254822884
851,-0.866662942766629,0.2568990174558,0.420351949854409,0.254062300458447,0.695482019282524,0.579648050145591,0.304517980717476,0.745937699541553,117,0.000742042438619432,10,777611200
901,-1.00641099866561,0.238033737015845,0.365528510523719,0.229248536821913,0.58282200557503,0.634471489476281,0.41717799442497,0.770751463178087,141,2.35758609459942e-05,10,706174165
976,-1.16247828849667,0.286123772247579,0.312710233594429,0.17848145490978,0.54788711938791,0.687289766405571,0.45211288061209,0.82151854509022,97,4.84769502041695e-05,10,641725009
52,-0.917719991944966,0.294607522018976,0.399428704333971,0.224217184168735,0.711556923870071,0.600571295666029,0.288443076129929,0.775782815831265,104,0.001839077415363,10,198789030
202,-0.287865885664731,0.278224940785257,0.749862152759748,0.434666265017042,1.29362063126624,0.250137847240252,-0.293620631266237,0.565333734982958,125,0.30083163766868,11,634739455
27,-0.520715406240989,0.256461899145857,0.594095376363124,0.359381244359076,0.982102771794605,0.405904623636876,0.0178972282053954,0.640618755640924,131,0.0423178110039809,9,663968221
177,-1.22793923443464,0.256736872136324,0.292895545233952,0.177083437827817,0.48444846943455,0.707104454766048,0.51555153056545,0.822916562172183,129,1.72809389581079e-06,10,136140002
252,-1.27311978899679,0.283997920390014,0.279956851633458,0.160454400687324,0.488461758859754,0.720043148366542,0.511538241140246,0.839545599312676,122,7.36530534116781e-06,10,527006883
277,-0.530925097375283,0.279411545324287,0.588060704553762,0.340084329877164,1.01685188601654,0.411939295446238,-0.0168518860165432,0.659915670122836,111,0.0574128509948528,11,687281144
502,-0.251860219300882,0.272058704229384,0.777353389475327,0.456080713760149,1.3249371742708,0.222646610524673,-0.324937174270796,0.543919286239851,127,0.354572336670586,10,207070919
327,-0.893698067058688,0.282580968738589,0.409139924784868,0.235146492079234,0.711877419785462,0.590860075215132,0.288122580214538,0.764853507920766,113,0.00156352776118568,10,49090727
302,-0.659568784721987,0.269366822178274,0.51707425674388,0.304977262351346,0.876674493455251,0.48292574325612,0.123325506544749,0.695022737648654,119,0.0143416776172419,10,156756633
102,-1.09332074222798,0.277129656369944,0.335101857132996,0.194663103727145,0.576859469020805,0.664898142867004,0.423140530979195,0.805336896272855,120,7.97468235624693e-05,10,584458455
577,-0.941065108808234,0.280042017112987,0.39021199570689,0.225386769604143,0.67557382299318,0.60978800429311,0.32442617700682,0.774613230395857,120,0.000778177141881839,10,272368019
377,-1.11042551678991,0.262776879361014,0.329418758035474,0.196821365385221,0.55134623181403,0.670581241964526,0.44865376818597,0.803178634614779,135,2.38161890019639e-05,10,786786064
477,-0.40203590198907,0.308016927302119,0.668956728382064,0.365774598594345,1.22343953398451,0.331043271617936,-0.223439533984505,0.634225401405655,101,0.191811261619881,11,89487049
827,-0.529408783590128,0.274549540644083,0.588953065485199,0.343861611320006,1.00873636929948,0.411046934514801,-0.00873636929948196,0.656138388679994,107,0.0538201290934402,10,587259617
2,-0.793684098321963,0.27595726806104,0.452175862577357,0.263276516658403,0.776609373645216,0.547824137422643,0.223390626354784,0.736723483341597,119,0.0040260642095919,11,378219044
427,-0.656157818264777,0.274845801628916,0.518840991112404,0.302750667803491,0.889167234581401,0.481159008887596,0.110832765418599,0.697249332196509,119,0.0169695380242706,10,566109422
127,-0.437664279275296,0.245905833988454,0.645542468467676,0.398666178562908,1.04529829968905,0.354457531532324,-0.045298299689053,0.601333821437092,136,0.0751079813192135,10,954968978
527,-0.92618123301866,0.231645828725168,0.396063299603365,0.25152856572293,0.623651380676579,0.603936700396635,0.376348619323421,0.74847143427707,140,6.38086946950786e-05,10,918928519
402,-0.674438837023483,0.273958295008488,0.509442220522716,0.297783898456643,0.871542677076285,0.490557779477284,0.128457322923715,0.702216101543357,116,0.013823004541326,10,551375848
77,-1.42752926392851,0.284429441570918,0.239900922467167,0.137380514440438,0.418927333581575,0.760099077532833,0.581072666418425,0.862619485559562,119,5.19621629805534e-07,11,491377380
152,-1.04807988860763,0.26740636089575,0.350610314063022,0.207590741763411,0.592163172996751,0.649389685936978,0.407836827003249,0.792409258236589,118,8.87594949887361e-05,11,194316604
727,-1.01507073362482,0.262629235960891,0.362376796701559,0.216575821646068,0.606332423396199,0.637623203298441,0.393667576603801,0.783424178353932,124,0.000111074059874466,9,359250683
927,-0.98934202949657,0.280592112421148,0.371821257974598,0.214532837406636,0.644428375408863,0.628178742025402,0.355571624591137,0.785467162593364,116,0.00042203323411705,10,866255526
902,-0.792082081667957,0.261223414665759,0.452900836394758,0.271424689091744,0.755713005671858,0.547099163605242,0.244286994328142,0.728575310908256,125,0.00242776921883114,9,390412601
652,-0.845277308760337,0.292088516070922,0.429438254707226,0.242255995193406,0.761249332379816,0.570561745292774,0.238750667620184,0.757744004806594,105,0.00380479560013305,10,422400734
352,-0.896529201852195,0.275598103619844,0.407983232656667,0.237712918267187,0.700215702799522,0.592016767343333,0.299784297200478,0.762287081732813,115,0.00114181000116332,10,967249983
802,-1.02154261488305,0.30611369189575,0.360039109877883,0.197599222938552,0.656015538492117,0.639960890122117,0.343984461507883,0.802400777061448,108,0.000846469218529703,9,91379675
677,-0.91158179085219,0.290867440986919,0.401888018203208,0.227257509932729,0.710709094819846,0.598111981796792,0.289290905180154,0.772742490067271,124,0.00172434328644389,10,955280583
752,-1.09458871834527,0.254556517550945,0.334677225249728,0.203211021562653,0.551194734613955,0.665322774750272,0.448805265386045,0.796788978437347,126,1.70811150288126e-05,9,493724115
777,-1.5818707180415,0.280738895263133,0.205590137061717,0.118586948859511,0.356424588570275,0.794409862938283,0.643575411429725,0.881413051140489,134,1.75395002576348e-08,11,401356533
227,-0.386964066685281,0.27002227304543,0.679115497359101,0.400037095718486,1.15288772888666,0.320884502640899,-0.152887728886657,0.599962904281514,125,0.151834396780252,10,182914469
877,-1.04463694813675,0.261380831274911,0.351819524928847,0.210781344736768,0.587229283861609,0.648180475071153,0.412770716138391,0.789218655263232,118,6.42563378951921e-05,11,800627081
852,-1.18148286518868,0.273526455432814,0.306823423325456,0.179499139191488,0.524462755226495,0.693176576674544,0.475537244773505,0.820500860808512,125,1.56421088100546e-05,10,975225628
977,-0.710993216699833,0.281256059260301,0.491156130651846,0.28301794787873,0.852364122081261,0.508843869348154,0.147635877918739,0.71698205212127,115,0.0114740029562354,11,794881106
952,-0.952193254732983,0.294144598019181,0.385893731377699,0.216816029986563,0.686821781239293,0.614106268622301,0.313178218760707,0.783183970013437,102,0.00120725519599118,8,135057392
452,-0.841769850836775,0.266678719214873,0.430947135938207,0.255521037048994,0.726810739805089,0.569052864061793,0.273189260194911,0.744478962951006,130,0.0015967802117233,10,483224062
552,-1.60001381854094,0.295358960818587,0.201893728098631,0.113165181521773,0.360190978333045,0.798106271901369,0.639809021666955,0.886834818478227,109,6.05450460329694e-08,10,278306369
702,-0.823028030535425,0.270720983341486,0.439100031122988,0.258300560805124,0.746451485553196,0.560899968877012,0.253548514446804,0.741699439194875,139,0.00236473014393107,10,675978067
627,-0.519182351132162,0.265121980193362,0.595006855810583,0.353874876755614,1.00044728155735,0.404993144189417,-0.000447281557347301,0.646125123244386,116,0.0501974848930068,10,417170513
602,-0.978593902003101,0.258408042995993,0.375839194225624,0.226487763547619,0.623676518782294,0.624160805774376,0.376323481217706,0.773512236452381,114,0.000152470825905324,11,668226926
53,-0.70196642296933,0.258745852344857,0.495609766517606,0.298466083800342,0.822971365925612,0.504390233482394,0.177028634074388,0.701533916199658,123,0.00666857190856173,10,989982692
303,-1.18793746079293,0.268845466478956,0.304849379885548,0.179988036804375,0.516329563156521,0.695150620114452,0.483670436843479,0.820011963195625,124,9.93134576480651e-06,10,883801148
28,-0.52155487863806,0.245551922813536,0.593596858968513,0.366840619814945,0.960518579308456,0.406403141031487,0.0394814206915436,0.633159380185055,126,0.0336692600329984,11,359374513
378,-0.799220284467744,0.284661359088976,0.449679449511332,0.257394256890342,0.78561040854522,0.550320550488668,0.21438959145478,0.742605743109658,112,0.00499094298985306,9,261719258
203,-0.524364989466979,0.269614478861619,0.591931127548215,0.348959413322845,1.00407797120045,0.408068872451785,-0.00407797120045039,0.651040586677155,128,0.0517906810181543,11,105441494
3,-0.680240916917853,0.260024867629225,0.506494954462345,0.30425768379647,0.843157469993167,0.493505045537655,0.156842530006833,0.69574231620353,131,0.00889506632021887,10,146271333
253,-0.957467827728097,0.271429876225545,0.383863665295615,0.225494252209287,0.653459288165906,0.616136334704385,0.346540711834094,0.774505747790713,127,0.000419509953467785,11,167800614
178,-0.511862579779443,0.267071367435685,0.599378148863788,0.355115268839174,1.01165507895433,0.400621851136212,-0.011655078954327,0.644884731160826,115,0.0552918162706065,10,658636446
503,-0.791471840582155,0.264604581501443,0.453177299438895,0.269796504693279,0.761202095483805,0.546822700561105,0.238797904516195,0.730203495306721,129,0.00277929462907336,11,47432041
278,-0.681718741397826,0.266244816905423,0.505746996630981,0.300127170163042,0.85223881750628,0.494253003369019,0.14776118249372,0.699872829836958,118,0.0104522920139929,11,383118061
478,-1.042661218662,0.290254841582014,0.35251531225147,0.199577977471487,0.622649086568207,0.64748468774853,0.377350913431793,0.800422022528513,111,0.000327864315861049,9,723882234
153,-1.07992759694262,0.263321553405527,0.339620114289404,0.202699973153114,0.569027317743263,0.660379885710596,0.430972682256737,0.797300026846886,126,4.11058714093274e-05,11,690224628
103,-0.82321907642848,0.260344513142308,0.439016150878144,0.263557176543362,0.731284130675727,0.560983849121856,0.268715869324273,0.736442823456638,123,0.00156669463999772,10,428018749
803,-0.651556524574198,0.257380552772263,0.521233831750741,0.314738501677683,0.863207729316152,0.478766168249259,0.136792270683848,0.685261498322317,121,0.0113578767856709,9,739284288
828,-1.37738162610841,0.304253426556178,0.252238142924374,0.138940793264353,0.457922250558077,0.747761857075626,0.542077749441923,0.861059206735647,105,5.98024226275565e-06,9,870995373
328,-1.39186897260776,0.273567897175719,0.248610224456475,0.145431193897069,0.424991654459248,0.751389775543525,0.575008345540752,0.854568806102931,123,3.62169717790973e-07,10,403051402
428,-0.6199685990249,0.277513328169628,0.537961329839779,0.312270734871924,0.92676757724889,0.462038670160221,0.0732324227511096,0.687729265128076,108,0.0254821664385021,11,949510368
578,-0.658178069217314,0.299062084021079,0.517793860195658,0.288134186202749,0.930505627220719,0.482206139804342,0.0694943727792814,0.71186581379725,100,0.0277496563813597,11,315197734
128,-1.24042630377913,0.268471682694862,0.289260878645195,0.170909494806477,0.489568212751042,0.710739121354805,0.510431787248958,0.829090505193523,111,3.83140246264325e-06,10,247934564
953,-1.25288785434078,0.2821673911354,0.285678606272144,0.164322260109647,0.496659831888493,0.714321393727856,0.503340168111507,0.835677739890353,112,8.9863170609727e-06,10,380744496
928,-1.2900267855639,0.27080699345188,0.275263409905349,0.161896386239248,0.468015047110124,0.724736590094651,0.531984952889876,0.838103613760752,128,1.90132425670747e-06,10,136730964
878,-0.809024309677045,0.268850005652498,0.44529232174825,0.262905497098499,0.754207325431689,0.554707678251749,0.245792674568311,0.737094502901501,119,0.00261933824579392,10,40072616
728,-1.27033944510324,0.255524384300924,0.28073631103683,0.170135851344839,0.463234972003791,0.71926368896317,0.536765027996209,0.829864148655161,133,6.64369065943002e-07,9,319144603
403,-0.867758188238003,0.270951541165535,0.419891813312177,0.246889737111863,0.714120955164306,0.580108186687823,0.285879044835694,0.753110262888137,126,0.00136177679643076,10,917562381
553,-1.03438820774043,0.276621922021121,0.355443772167557,0.206685448844266,0.611268359137839,0.644556227832443,0.388731640862161,0.793314551155734,119,0.000184491331134823,10,479117665
78,-0.462838649608974,0.288034014711674,0.629494193448755,0.357945354688776,1.10704870001802,0.370505806551245,-0.107048700018022,0.642054645311224,111,0.108078750518478,10,406910107
653,-1.1330502311426,0.261940551478288,0.322049431532862,0.192734000179755,0.538129423214938,0.677950568467139,0.461870576785062,0.807265999820245,124,1.52116761020785e-05,10,163048977
628,-1.05280199041349,0.270210507839055,0.348958599317616,0.205480353294552,0.592621640391843,0.651041400682383,0.407378359608157,0.794519646705448,130,9.77020548904465e-05,11,574176796
753,-0.806850912471504,0.269097874983142,0.446261171302067,0.263349546326823,0.756215591747192,0.553738828697933,0.243784408252808,0.736650453673177,118,0.0027144144136139,10,375897657
903,-1.25151848028672,0.270470710347577,0.286070075115837,0.168363266828327,0.486068543444368,0.713929924884163,0.513931456555632,0.831636733171673,129,3.706663034423e-06,10,202010741
353,-0.776275487342945,0.246996813525293,0.460116533750285,0.283546160297783,0.746641126820552,0.539883466249715,0.253358873179448,0.716453839702217,143,0.00167307963499267,10,46537940
778,-0.950325341252675,0.276986960450272,0.386615221110925,0.224650412355235,0.665350789378005,0.613384778889075,0.334649210621995,0.775349587644765,118,0.000601496033146938,11,96755806
703,-0.579299081742442,0.28499885806902,0.560290947120271,0.32049564873842,0.979501427431699,0.439709052879729,0.0204985725683007,0.67950435126158,114,0.0420892609177611,10,505982312
678,-0.94998653125549,0.263727606257555,0.386746232405616,0.230643248449523,0.648502175049247,0.613253767594384,0.351497824950753,0.769356751550477,125,0.000315595541725973,10,173646867
228,-0.923387453498415,0.23186023948509,0.397171360256377,0.252126288455767,0.625659031329357,0.602828639743623,0.374340968670643,0.747873711544233,136,6.81891117343527e-05,10,443681843
528,-1.30434279029142,0.305892190769413,0.271350810844209,0.148989347727881,0.494204878863501,0.728649189155791,0.505795121136499,0.851010652272119,107,2.00745103046549e-05,10,177675784
978,-0.721551653684403,0.26879694987438,0.48599757068513,0.286968164462654,0.823065649648348,0.51400242931487,0.176934350351652,0.713031835537346,117,0.00726656786593068,10,309034435
603,-1.2816462840651,0.239862080810455,0.277579948644747,0.17346709986577,0.444180066129214,0.722420051355253,0.555819933870786,0.826532900134231,138,9.1287946801369e-08,10,915809509
853,-1.17928820932122,0.268281049807353,0.307497534602295,0.18175250051376,0.520238970683825,0.692502465397705,0.479761029316175,0.81824749948624,120,1.10406494059383e-05,11,615928331
453,-1.14972699268408,0.258983085635844,0.3167232253346,0.190648375581827,0.526170764163143,0.6832767746654,0.473829235836857,0.809351624418173,148,9.02140924418522e-06,10,983221821
29,-0.870631126050391,0.261061852994751,0.418687221431916,0.250999845432481,0.698402778250054,0.581312778568084,0.301597221749946,0.749000154567519,127,0.000853113305825041,10,479410571
54,-0.463838431184374,0.301915953557113,0.628865151257118,0.347989550654145,1.13644613098939,0.371134848742882,-0.136446130989386,0.652010449345855,110,0.124460798911295,10,237305773
479,-1.03778620697816,0.243258120531964,0.354238024226139,0.219904182373664,0.570632975021882,0.645761975773861,0.429367024978118,0.780095817626336,138,1.98836362090574e-05,10,844413512
279,-0.747814339063678,0.304171693641158,0.473400114959796,0.260805619052014,0.859290032394787,0.526599885040204,0.140709967605213,0.739194380947986,109,0.0139508263379559,10,989814770
829,-0.995578068997501,0.264368440285221,0.369509780645306,0.220087366588283,0.620378534711458,0.630490219354694,0.379621465288542,0.779912633411717,129,0.000165967898859075,10,900736072
504,-0.859991972176406,0.267381172975738,0.423165479401933,0.250561860371503,0.714669913018549,0.576834520598067,0.285330086981451,0.749438139628497,119,0.00129831477158497,10,150160992
579,-1.50577911902489,0.295847685232384,0.22184438330216,0.124228840413603,0.396163485377961,0.778155616697841,0.603836514622039,0.875771159586397,111,3.58610262240796e-07,10,239034618
429,-1.19481558677922,0.261320373882639,0.302759781940808,0.181410273568877,0.505282770140597,0.697240218059192,0.494717229859403,0.818589726431123,130,4.82571986197323e-06,11,111360051
179,-1.01886554657686,0.243592741421201,0.361004250465156,0.223957596439161,0.581914036076522,0.638995749534844,0.418085963923478,0.776042403560839,137,2.88118473695436e-05,10,942732472
254,-1.40445425985142,0.284408703937337,0.245500999652539,0.140593142141759,0.428689052056505,0.754499000347461,0.571310947943495,0.859406857858241,116,7.88651544874646e-07,10,7874771
379,-0.524202475560099,0.257610254964076,0.592027332405459,0.357325089277337,0.980889315732001,0.407972667594541,0.0191106842679988,0.642674910722663,123,0.0418643084878284,10,403089664
104,-1.43725998511965,0.294745456211358,0.23757783446843,0.13332700770226,0.423344290128789,0.76242216553157,0.576655709871211,0.86667299229774,111,1.08107710342335e-06,11,78464051
154,-0.82594982332761,0.289399154857779,0.437818944263553,0.248289035925596,0.772025342325202,0.562181055736447,0.227974657674798,0.751710964074404,116,0.00431703546972412,9,365842322
304,-1.03802917585785,0.250854869050159,0.354151965865422,0.216601572494107,0.579052190074729,0.645848034134578,0.420947809925271,0.783398427505893,139,3.50396715661929e-05,9,131143258
804,-1.16616663178446,0.259868379605478,0.31155897532631,0.187214680501331,0.518490295987715,0.68844102467369,0.481509704012285,0.812785319498669,138,7.20543420356389e-06,10,221245197
204,-0.827255956868434,0.269878248267346,0.437247467549339,0.257635984356417,0.742075484354009,0.562752532450661,0.257924515645991,0.742364015643583,113,0.00217456709418619,10,969591504
4,-1.15886188204201,0.270029108896793,0.313843168242977,0.184868741660859,0.532797126046778,0.686156831757023,0.467202873953222,0.815131258339141,116,1.77375612475603e-05,10,919963273
654,-0.761839906532474,0.248567447908591,0.466806755595878,0.28678480519198,0.759832958807132,0.533193244404122,0.240167041192868,0.71321519480802,125,0.00217726575966685,10,304628573
779,-0.509862966150934,0.261482021139677,0.600577872671171,0.359745547410877,1.00263584563639,0.399422127328829,-0.0026358456363853,0.640254452589123,129,0.0511884161270233,11,635257129
79,-1.19005278316135,0.259143099854775,0.30420520673042,0.183055860201061,0.505533161846088,0.69579479326958,0.494466838153912,0.816944139798939,138,4.38469257934142e-06,8,611235486
329,-0.746992128955894,0.261826009977549,0.473789509379419,0.283608169384815,0.791502232410691,0.526210490620581,0.208497767589309,0.716391830615185,140,0.00433073085856525,9,479111249
954,-1.23758019211343,0.276245501222384,0.290085320076002,0.168804941087972,0.49850136128268,0.709914679923998,0.50149863871732,0.831195058912028,118,7.46426003899536e-06,10,643811733
354,-1.09982015330883,0.299110423479118,0.33293095484472,0.185246888581489,0.598352941539732,0.66706904515528,0.401647058460268,0.814753111418511,110,0.000236020477792271,11,797481705
129,-0.954075006546767,0.258143902372866,0.385168257943301,0.232229828398627,0.638826579471192,0.614831742056699,0.361173420528808,0.767770171601373,127,0.000219106009290707,10,638840298
879,-0.623693082607956,0.256649165721429,0.535961428310528,0.324095775303148,0.886326433499395,0.464038571689472,0.113673566500605,0.675904224696852,126,0.015093043668042,10,817866861
929,-1.42669901344879,0.292887969653403,0.240100183029773,0.135233970549341,0.426284147812529,0.759899816970227,0.573715852187471,0.864766029450659,120,1.10954822030475e-06,10,183789326
729,-1.11525314185646,0.257669325665878,0.327832280322778,0.197844138002727,0.543225617430986,0.672167719677222,0.456774382569014,0.802155861997274,113,1.50309710500441e-05,10,573751730
754,-1.55907188282686,0.300991295063989,0.21033119263091,0.116600236028185,0.379409271374438,0.78966880736909,0.620590728625562,0.883399763971815,113,2.2213510543358e-07,10,972559211
979,-0.461250445862692,0.277215580471176,0.630494752820808,0.366197307415332,1.08554493789249,0.369505247179192,-0.0855449378924868,0.633802692584668,113,0.0961385858756182,10,735349301
229,-0.283669783239517,0.236824140338675,0.753015261915536,0.473389591435146,1.19781253102479,0.246984738084464,-0.197812531024792,0.526610408564854,151,0.230991881643076,10,882526253
704,-0.66432328483566,0.250923060403348,0.514621662182103,0.314703785484549,0.84153882921778,0.485378337817897,0.15846117078222,0.685296214515451,134,0.00810850756287976,11,615793527
679,-0.875508905808505,0.248833344548528,0.416649930146724,0.255837372695369,0.678544977468852,0.583350069853276,0.321455022531148,0.744162627304631,149,0.000434067554170544,10,529552497
404,-0.654066288758381,0.270294890319825,0.519927297979873,0.306102722477851,0.88311659888687,0.480072702020127,0.11688340111313,0.693897277522149,114,0.0155279849171105,10,50455837
529,-0.970121247315647,0.263244856765353,0.379037078088942,0.226259731382629,0.634974264701318,0.620962921911058,0.365025735298682,0.773740268617371,137,0.000228484600462898,10,139639299
904,-0.56918921218201,0.260340440413264,0.565984145767921,0.339783340229506,0.94277151152929,0.434015854232079,0.0572284884707096,0.660216659770493,124,0.0287917243759031,10,223991223
554,-1.16034722076688,0.255208394061642,0.313377350865587,0.190035101018833,0.51677486690104,0.686622649134413,0.48322513309896,0.809964898981167,130,5.45024948675486e-06,11,802299184
454,-1.18233453631673,0.275890385479849,0.306562221919037,0.178517301455478,0.526449790253946,0.693437778080963,0.473550209746054,0.821482698544522,130,1.82309951307089e-05,10,760011816
629,-0.906675771745069,0.245011480755833,0.403864532944583,0.249851272081181,0.652814610916008,0.596135467055417,0.347185389083992,0.750148727918819,134,0.000215137747654739,9,935026031
604,-1.05842934961304,0.300362127458227,0.347000398849746,0.192602210649894,0.625170793188657,0.652999601150254,0.374829206811343,0.807397789350106,98,0.000425334217414775,11,782853309
854,-1.36465762440465,0.264168545471837,0.255468127068763,0.15222151867076,0.428743350598025,0.744531872931237,0.571256649401975,0.84777848132924,141,2.3933636423404e-07,10,471354044
55,-0.957994984041891,0.266741039692734,0.383661362468109,0.227456148040147,0.647140305149744,0.616338637531891,0.352859694850256,0.772543851959853,122,0.000328806005405688,11,229368614
30,-0.823328387773282,0.270051377077356,0.438968164055102,0.258562105418454,0.74524860764904,0.561031835944898,0.25475139235096,0.741437894581546,119,0.00229769421711148,11,832085932
255,-1.0252770877497,0.27497969209791,0.358697061073251,0.209249621021608,0.614880834643428,0.641302938926749,0.385119165356572,0.790750378978392,122,0.000192580375461557,10,587609778
280,-0.849554768010424,0.281925007431737,0.427605273119098,0.246075315603459,0.743050025764907,0.572394726880902,0.256949974235093,0.753924684396541,114,0.00258332274651403,10,540490668
155,-1.18965196560203,0.277968058716306,0.304327161958178,0.176495596921826,0.524744090621935,0.695672838041822,0.475255909378065,0.823504403078174,127,1.87048431218999e-05,11,413574351
505,-0.900418953766041,0.283701883274366,0.406399361526523,0.233058816176376,0.708664206567384,0.593600638473477,0.291335793432616,0.766941183823624,114,0.00150446516160792,10,991050612
830,-0.998254560470633,0.269663637938769,0.368522113199524,0.21723282403934,0.625175078939491,0.631477886800476,0.374824921060509,0.78276717596066,124,0.000214032451918198,10,99406920
305,-0.579350558800467,0.252133532689906,0.560262105733017,0.341802155443094,0.918348881426683,0.439737894266983,0.0816511185733173,0.658197844556906,124,0.0215735976887228,10,162917000
480,-1.10094943124319,0.285213340429976,0.332555195472068,0.190147097993074,0.581617911620682,0.667444804527932,0.418382088379318,0.809852902006926,112,0.000113344835043155,11,144063409
80,-0.573832431507706,0.258117884891179,0.563362248975742,0.339685805645196,0.93432524496625,0.436637751024258,0.0656747550337495,0.660314194354804,118,0.0262062992870224,11,72641889
330,-0.760361005616694,0.250506410934832,0.467497627273679,0.28611983599509,0.763854874816405,0.532502372726321,0.236145125183595,0.71388016400491,135,0.00240300046289674,11,733093460
430,-1.17135295352687,0.278099380051787,0.309947313150355,0.179708762860296,0.534572356962949,0.690052686849645,0.465427643037051,0.820291237139704,121,2.53126135091153e-05,10,354851457
580,-0.717025678181974,0.290168521137815,0.488202168999942,0.276444409446565,0.86216740028638,0.511797831000058,0.13783259971362,0.723555590553435,112,0.013471080957516,10,85951129
105,-0.758032825426675,0.264005579490325,0.468587313989678,0.27929847868097,0.786162788530152,0.531412686010322,0.213837211469848,0.72070152131903,129,0.00408818696341652,11,293886091
930,-0.901337433369514,0.255631326359594,0.406026263369849,0.246014297122478,0.670112788054782,0.593973736630151,0.329887211945218,0.753985702877522,132,0.000422003038644007,10,884719711
180,-0.823272486079307,0.259380252193047,0.438992703804974,0.264041645893974,0.729864386890645,0.561007296195026,0.270135613109355,0.735958354106026,132,0.00150354558285653,9,358109079
730,-0.928189730331961,0.273984023170538,0.395268605867484,0.231034426271609,0.676251038885213,0.604731394132516,0.323748961114787,0.768965573728391,123,0.000704681299050841,10,97293977
805,-0.84326325359773,0.293322157159609,0.430304038616751,0.242158183024764,0.764630636623793,0.569695961383249,0.235369363376207,0.757841816975236,100,0.00404193078756747,11,905870228
755,-1.04555386525293,0.29980175319194,0.351497083433287,0.195312487312562,0.632577063361995,0.648502916566713,0.367422936638005,0.804687512687438,103,0.000487587805743652,11,667347718
380,-0.972547534000508,0.288455562131972,0.378118540241989,0.214829616394685,0.66552104348621,0.621881459758011,0.33447895651379,0.785170383605315,120,0.000747415931907668,10,384077061
205,-0.725303374216567,0.250456111383121,0.484177659654065,0.296357633633599,0.791030766556607,0.515822340345935,0.208969233443393,0.703642366366401,133,0.00378036679252923,10,482251409
5,-1.21655028840846,0.257638554182242,0.296250384569584,0.178795501557317,0.490864085467451,0.703749615430416,0.509135914532549,0.821204498442683,138,2.3362123983798e-06,10,566451713
780,-0.649577858767381,0.256813410226528,0.522266200330367,0.315712625051207,0.863956529971767,0.477733799669633,0.136043470028233,0.684287374948793,141,0.0114265311062174,10,344431967
130,-0.135431901739398,0.277341502030027,0.873338633745401,0.507118154020498,1.50402891938563,0.126661366254599,-0.504028919385626,0.492881845979502,123,0.625321921870219,10,346125705
530,-0.626527724087868,0.262971786566338,0.534444321057634,0.319198231221442,0.894838079828207,0.465555678942366,0.105161920171793,0.680801768778558,119,0.0171959861765079,10,104332341
955,-1.00740854771315,0.283237447833449,0.365164059715199,0.209602217997993,0.636180245520887,0.634835940284801,0.363819754479113,0.790397782002007,106,0.000375452219077938,10,841530116
230,-0.961230905266033,0.27207757828545,0.382421871052284,0.22436229176735,0.651831848868696,0.617578128947716,0.348168151131304,0.77563770823265,110,0.000410982036676797,10,354588836
655,-1.05940925387258,0.272824349671309,0.346660538223485,0.203084089172529,0.591742707422556,0.653339461776515,0.408257292577444,0.796915910827471,125,0.00010312531811144,10,484129493
555,-1.16917403342251,0.253606298974575,0.310623399884273,0.188957483233562,0.510627549142374,0.689376600115727,0.489372450857626,0.811042516766438,134,4.02294942328643e-06,8,859788567
880,-0.802742999507778,0.272930534971357,0.448098143831266,0.26245463830696,0.765053907221043,0.551901856168734,0.234946092778957,0.73754536169304,117,0.00326944485594166,10,296491419
355,-0.686895987396406,0.268533653944452,0.503135386324321,0.297240923802071,0.851649946897251,0.496864613675679,0.148350053102749,0.702759076197929,114,0.0105290861094224,10,364804483
405,-1.36955501605669,0.252536271045207,0.254220058231367,0.154971040950555,0.417031708703434,0.745779941768633,0.582968291296565,0.845028959049446,146,5.85410249826335e-08,11,502871395
705,-0.748208821234262,0.272878533491532,0.473213403884408,0.277193095764299,0.807851743198824,0.526786596115592,0.192148256801176,0.722806904235701,120,0.00610827748027636,10,285751358
980,-0.825558812065744,0.237505219572188,0.437990169874808,0.27497901630633,0.697636465079418,0.562009830125192,0.302363534920582,0.725020983693671,136,0.000509026850950874,10,675686432
680,-0.859251839021825,0.288099393285937,0.423478794136121,0.240769249809112,0.744838841443268,0.576521205863879,0.255161158556732,0.759230750190888,120,0.00285919566447985,11,565632675
905,-0.906893148526926,0.257973633684148,0.403776751713251,0.2435307211553,0.669466523363746,0.596223248286749,0.330533476636254,0.7564692788447,132,0.000439011096428736,10,399360228
455,-1.33236145624583,0.288023813104653,0.263853446664621,0.150036338640701,0.464011865042369,0.736146553335379,0.535988134957631,0.849963661359299,124,3.73024604775723e-06,10,431775319
630,-0.537222175235553,0.274624710007927,0.584369275317351,0.341135091935944,1.00103289871758,0.415630724682649,-0.00103289871757806,0.658864908064056,107,0.0504410336027893,10,774293128
605,-0.969258078054089,0.282281282248578,0.379364392487281,0.218161595993216,0.659682294823873,0.620635607512719,0.340317705176127,0.781838404006784,113,0.00059548962096415,10,211563345
855,-0.596658385077433,0.26780815412018,0.550648620785231,0.32577356595204,0.930750482122652,0.449351379214769,0.0692495178773476,0.67422643404796,120,0.025885042752616,11,824384479
31,-0.973010090308086,0.239483600218393,0.377943679570759,0.236362337820086,0.604332425566939,0.622056320429241,0.395667574433061,0.763637662179914,146,4.84562412420225e-05,10,920641100
56,-0.579699804752016,0.263965388607354,0.560066470625156,0.333850343562111,0.939566058766575,0.439933529374844,0.060433941233425,0.666149656437889,134,0.0280833186913542,10,350819588
281,-0.787195369380103,0.285082498019874,0.45511944892267,0.260293146094455,0.795770906363052,0.54488055107733,0.204229093636948,0.739706853905545,104,0.00575735793414394,11,323809935
481,-1.08511034141764,0.251743696897819,0.337864503389575,0.206280389689496,0.553384753744709,0.662135496610425,0.446615246255291,0.793719610310504,134,1.62976165671954e-05,10,459497212
156,-0.737958109728588,0.261917787955778,0.478089125080118,0.286130424889036,0.798828756531272,0.521910874919882,0.201171243468728,0.713869575110964,127,0.00483963859580176,11,748575349
256,-0.57067108265901,0.280592279050252,0.565146051698653,0.326076962582292,0.979492869478543,0.434853948301347,0.0205071305214567,0.673923037417708,120,0.0419708638793669,10,946229543
431,-0.977332883221142,0.261158412209741,0.376313433457985,0.225554386926068,0.627838820299046,0.623686566542015,0.372161179700954,0.774445613073932,129,0.000182344319136447,10,200516356
181,-0.698214869267116,0.265169676161477,0.497472565181875,0.295839593814196,0.836530871064086,0.502527434818125,0.163469128935914,0.704160406185804,123,0.00846126309254743,10,400663420
306,-1.56015743584819,0.303237815794208,0.210102990854245,0.115962010923079,0.380670069572875,0.789897009145755,0.619329930427125,0.884037989076921,115,2.67526104466967e-07,10,176192125
506,-0.74565279964658,0.244002906037887,0.474424494688073,0.294084038396299,0.765354700606785,0.525575505311927,0.234645299393215,0.705915961603701,143,0.00224372833393058,10,430581317
831,-1.04294435705973,0.273663884983918,0.352415515759559,0.206116092006917,0.602557008231596,0.647584484240441,0.397442991768404,0.793883907993083,113,0.000138382665213543,10,843872891
806,-0.862513040244882,0.275716162028822,0.422099994068989,0.245881199692348,0.724611744273127,0.577900005931011,0.275388255726873,0.754118800307652,113,0.00175841951985255,9,64542733
131,-0.536290451724599,0.273873306937046,0.584913999637064,0.341956319906471,1.00049148693904,0.415086000362936,-0.000491486939041774,0.658043680093529,123,0.0502100859583568,10,736462076
81,-0.826784530052816,0.3153930571529,0.437453646325886,0.235759381721676,0.811699162452542,0.562546353674114,0.188300837547458,0.764240618278324,102,0.00875587219303641,11,413382567
956,-0.763260559393003,0.288610771647631,0.46614405608766,0.264761124268327,0.820703121073161,0.53385594391234,0.179296878926839,0.735238875731673,112,0.00817871066623303,9,776220338
6,-1.19331671896299,0.26603739985839,0.303213919094768,0.180010437938475,0.510740831396852,0.696786080905232,0.489259168603148,0.819989562061525,145,7.27355007774233e-06,11,693453449
331,-0.968273794252264,0.273440581219597,0.379737978540984,0.222193315529567,0.648988616073844,0.620262021459016,0.351011383926156,0.777806684470433,116,0.000398499246080032,10,965946473
731,-0.711809404562087,0.251553122647368,0.490755418529966,0.299738615688708,0.803503012993982,0.509244581470034,0.196496987006018,0.700261384311292,139,0.00465977282819438,9,207644885
931,-0.74009008724751,0.284284666352312,0.477070935577638,0.273274691239653,0.832849454665846,0.522929064422362,0.167150545334154,0.726725308760347,108,0.00923199275480496,11,23594575
756,-0.183473985289926,0.266564021208817,0.832373529412277,0.493649332828181,1.40351793548843,0.167626470587723,-0.403517935488434,0.506350667171819,121,0.49126867761252,11,890097853
581,-1.11236243929124,0.30010259073314,0.32878131696694,0.182582581160806,0.592045274523265,0.67121868303306,0.407954725476735,0.817417418839194,104,0.000210054303591012,11,410154522
781,-0.938325433963318,0.265813491634999,0.391282515464144,0.23239650236719,0.658796519519233,0.608717484535856,0.341203480480767,0.76760349763281,119,0.000415537163204453,10,453862015
556,-0.996994842039724,0.26501946549834,0.368986639822664,0.219495521553908,0.62029119958232,0.631013360177336,0.37970880041768,0.780504478446092,115,0.000168581383021366,10,809182686
106,-0.994163511776482,0.310454782577288,0.370032843237519,0.201363468193877,0.679985830113975,0.629967156762481,0.320014169886025,0.798636531806123,98,0.00136343835484228,11,692628491
231,-1.37404239043122,0.273274440764686,0.253081833387059,0.148132156812625,0.432386969640721,0.746918166612941,0.567613030359279,0.851867843187375,132,4.95446956332379e-07,11,963296086
381,-1.16395512293851,0.293435598998789,0.312248753200086,0.175682247295875,0.55497516326055,0.687751246799914,0.44502483673945,0.824317752704125,108,7.28911546421729e-05,9,841398357
206,-0.930911894597147,0.267694373150163,0.394194082970892,0.233264278700303,0.666149896225239,0.605805917029108,0.333850103774761,0.766735721299697,116,0.000506079820902636,10,720918196
706,-0.47397063121077,0.29106985384698,0.622525535120448,0.351882818169461,1.10132698121785,0.377474464879552,-0.101326981217845,0.648117181830539,102,0.103445571498207,10,254607659
656,-0.799159692672352,0.269729788529584,0.449706697222015,0.265054354224256,0.762998646516201,0.550293302777985,0.237001353483799,0.734945645775744,124,0.00304838880773049,11,983747018
531,-0.601631833662466,0.250296320277117,0.547916797104659,0.335476420446627,0.894885000113414,0.452083202895341,0.105114999886586,0.664523579553373,131,0.0162310496633178,10,919170599
881,-0.580954668877901,0.285492833612983,0.559364104082514,0.31965584682461,0.978828336926088,0.440635895917486,0.0211716630739121,0.68034415317539,119,0.0418590670937401,10,442310314
631,-0.887745287325752,0.250980362613098,0.411582708099114,0.251664668322227,0.673119221444717,0.588417291900886,0.326880778555283,0.748335331677773,142,0.000404530308573921,10,123806711
406,-0.804462712768828,0.261605700610577,0.447328205737195,0.267884204630427,0.746973954377487,0.552671794262805,0.253026045622513,0.732115795369573,128,0.00210434620812886,11,807743376
906,-0.850594900603738,0.251258566804301,0.427160738165178,0.261047566184309,0.698977197515766,0.572839261834822,0.301022802484234,0.738952433815691,138,0.000710909399554998,11,119808099
681,-0.982802298757603,0.278150577096805,0.374260837286011,0.21697624268566,0.645559958971875,0.625739162713989,0.354440041028125,0.78302375731434,117,0.000410334679921787,9,164649574
981,-0.897615364378109,0.253434586049526,0.407540337129958,0.247997149837977,0.669721916145045,0.592459662870042,0.330278083854955,0.752002850162023,129,0.000397402224462037,10,76613885
456,-0.898410487343085,0.266647944861175,0.407216421242298,0.241464972981551,0.686746453043748,0.592783578757702,0.313253546956252,0.758535027018449,126,0.000753659557542673,10,203470360
356,-0.856348462841721,0.247852293763099,0.42471009898543,0.261288522480398,0.69034286874865,0.57528990101457,0.30965713125135,0.738711477519602,126,0.000550138127454082,10,699018978
606,-1.10577173138628,0.268098004895325,0.330955375012834,0.195687913798751,0.559725218198859,0.669044624987166,0.440274781801141,0.804312086201249,122,3.71531900210038e-05,10,833820871
856,-0.949653270893967,0.273226588678734,0.386875141073727,0.226464394674044,0.660909080194454,0.613124858926273,0.339090919805546,0.773535605325956,125,0.000509524577566656,10,413246706
282,-0.710227396471323,0.280970534828957,0.491532412015606,0.283393319284377,0.852539899924161,0.508467587984394,0.147460100075839,0.716606680715623,116,0.0114791259902804,11,976271224
32,-0.52214928376011,0.290405780300159,0.593244126798399,0.335768228203861,1.04815930876913,0.406755873201601,-0.0481593087691297,0.664231771796139,102,0.072177176507829,9,650356030
807,-1.14108925501899,0.265910574298824,0.319470847001631,0.189708915784769,0.537990645625383,0.680529152998369,0.462009354374617,0.810291084215231,127,1.77668637720672e-05,11,618230111
57,-0.935332388240588,0.279757147894127,0.392455396290817,0.226809159411733,0.679078563128849,0.607544603709183,0.320921436871151,0.773190840588267,126,0.000827666823348296,10,893018696
832,-0.996036285044952,0.274739628609063,0.369340504119697,0.215559983546783,0.63282806826614,0.630659495880303,0.36717193173386,0.784440016453217,117,0.000288533889574278,11,95908445
482,-0.930271727588502,0.237737809722172,0.394446513808139,0.247528569228848,0.628566038821757,0.605553486191861,0.371433961178243,0.752471430771152,149,9.1150692222876e-05,10,468133813
257,-0.828532067760834,0.278645551108069,0.436689847161722,0.252923726400689,0.753974430663016,0.563310152838278,0.246025569336984,0.747076273599311,118,0.00294494921644721,9,298827495
507,-0.558320843375747,0.272151093054443,0.572169019064235,0.335636287125412,0.975393302019821,0.427830980935765,0.0246066979801787,0.664363712874588,120,0.0402172515858439,10,843377988
82,-1.09053852879575,0.260297396597622,0.336035480188136,0.201752808467399,0.559694037486064,0.663964519811864,0.440305962513936,0.7982471915326,119,2.79462906908345e-05,10,578881959
157,-1.18264894583453,0.269471249256421,0.306465850989431,0.180720635697499,0.519704445815955,0.693534149010569,0.480295554184045,0.8192793643025,129,1.1399041444478e-05,10,911324541
957,-0.914683158325032,0.266596880963042,0.400643546555266,0.237591267906726,0.675594068799687,0.599356453444734,0.324405931200313,0.762408732093274,130,0.000601449915751852,11,663723781
432,-0.588790564155771,0.27876663407632,0.554998113602568,0.32136969297253,0.958469055539529,0.445001886397432,0.0415309444604708,0.67863030702747,126,0.0346755486083506,10,314040459
307,-1.02896069074758,0.253980934001537,0.357378194086244,0.217239646260805,0.587918346428409,0.642621805913756,0.412081653571591,0.782760353739195,141,5.09272238660838e-05,11,738424024
132,-1.14050112940182,0.278423634520747,0.319658791252687,0.185221768069065,0.551672429706141,0.680341208747314,0.448327570293859,0.814778231930934,124,4.19842329054836e-05,11,855391508
782,-0.740463689371827,0.276138848694823,0.476892734152944,0.277568955730223,0.819352003143008,0.523107265847056,0.180647996856992,0.722431044269777,117,0.00732950034949684,9,606745109
182,-1.25389266134228,0.274626235071238,0.285391698575952,0.16660155904304,0.488881509176186,0.714608301424048,0.511118490823814,0.83339844095696,118,4.97556756314757e-06,10,315396415
7,-0.446751146679093,0.306305876500996,0.639703080704713,0.350954170339654,1.16602128154527,0.360296919295287,-0.166021281545272,0.649045829660346,110,0.144699155104401,9,260968566
657,-0.979908072472362,0.28561390573399,0.375345601858676,0.214445202126175,0.656971195614618,0.624654398141324,0.343028804385382,0.785554797873825,109,0.00060161863551298,11,749224422
932,-0.528675365448088,0.27569696465688,0.589385172786533,0.343340886613784,1.0117492423539,0.410614827213467,-0.0117492423538965,0.656659113386216,129,0.0551622720882974,9,621354248
757,-0.412282076166781,0.265997640611189,0.662137476506256,0.393124913429989,1.11523341008545,0.337862523493744,-0.115233410085446,0.606875086570011,129,0.121154389902131,11,298897302
332,-1.10861336618161,0.254472184936398,0.330016255652559,0.200414073794038,0.54342854737268,0.669983744347441,0.45657145262732,0.799585926205962,135,1.32146142034339e-05,10,842378061
882,-1.01709204892596,0.26492681138626,0.361645058723331,0.215167376627787,0.607839118312285,0.638354941276669,0.392160881687715,0.784832623372213,124,0.000123464252117149,11,630468214
207,-1.18853376706848,0.290281085142217,0.304667650475803,0.172479957211353,0.538163266893114,0.695332349524197,0.461836733106886,0.827520042788647,117,4.23219675245746e-05,10,727830546
107,-1.01029946477062,0.232810129315508,0.364109925148145,0.230708808371968,0.574646622844316,0.635890074851855,0.425353377155684,0.769291191628032,142,1.427517094511e-05,8,154544468
582,-1.07914311594686,0.251065415154543,0.339886644345055,0.207791046694265,0.555957212026161,0.660113355654945,0.444042787973839,0.792208953305734,150,1.72148231172947e-05,10,679998541
382,-1.09316450526339,0.253377580241245,0.335154216520112,0.20397141101825,0.550706338160105,0.664845783479888,0.449293661839895,0.79602858898175,122,1.60059044950487e-05,10,571226383
707,-1.20237518225982,0.265440053586456,0.300479669683243,0.178596157140163,0.505542971017527,0.699520330316757,0.494457028982473,0.821403842859837,128,5.90555219632005e-06,11,79799955
557,-1.1038797239282,0.276533539260132,0.331582137783597,0.192843653976437,0.570133949601341,0.668417862216403,0.429866050398659,0.807156346023563,131,6.55605232503261e-05,11,114603027
732,-0.943948551256743,0.294596937490356,0.389088462474702,0.218417275340836,0.693122059116828,0.610911537525298,0.306877940883172,0.781582724659164,117,0.00135436689519787,10,400234308
532,-0.787271026331065,0.251422890768453,0.455085017275354,0.278023166195144,0.744910489952282,0.544914982724646,0.255089510047718,0.721976833804856,124,0.00174056607859894,10,364277419
232,-1.03043560288992,0.256714970148881,0.356851481171498,0.215760194502692,0.590206084620039,0.643148518828502,0.409793915379961,0.784239805497308,135,5.97163755785556e-05,10,303731172
982,-1.14255643836402,0.260026666853482,0.319002468378363,0.191627989636483,0.531042333766228,0.680997531621637,0.468957666233772,0.808372010363517,128,1.11285264575663e-05,10,991964092
682,-1.04257102190393,0.290715599509197,0.352547109423782,0.199415812003729,0.623267849796887,0.647452890576218,0.376732150203113,0.800584187996271,124,0.000335501852301517,10,333471457
632,-1.02534408366387,0.285423067790744,0.358673030640713,0.204996368037553,0.627554254451118,0.641326969359287,0.372445745548882,0.795003631962447,131,0.000327689347224381,9,99841570
357,-0.671927424055663,0.276098716232241,0.510723248243199,0.29728293098955,0.877407375619734,0.489276751756801,0.122592624380266,0.70271706901045,118,0.0149474730949609,10,289459877
407,-1.19331503422954,0.286944700030031,0.303214429929829,0.172783431135306,0.532105364001445,0.696785570070172,0.467894635998555,0.827216568864694,124,3.20073151491342e-05,10,985957498
457,-0.947490418547868,0.256732167122056,0.387712800420445,0.23441172064445,0.641270049111014,0.612287199579555,0.358729950888986,0.76558827935555,125,0.000223743932438175,8,496318010
607,-1.23276404512548,0.259253227690457,0.291485783327962,0.175364075579993,0.484500383566639,0.708514216672038,0.515499616433361,0.824635924420007,134,1.98389790754835e-06,10,944127400
907,-1.08574947610412,0.273196470842097,0.337648631459097,0.197660430182954,0.576780077938094,0.662351368540903,0.423219922061906,0.802339569817046,129,7.06031107054043e-05,10,370623969
857,-0.839701648798125,0.257119707238407,0.431839343998537,0.260892452830115,0.714797292915638,0.568160656001463,0.285202707084362,0.739107547169885,129,0.00109155150832305,10,222887322
33,-1.06771502453001,0.26122184189865,0.343793179592517,0.206036812103353,0.573653557962465,0.656206820407483,0.426346442037535,0.793963187896647,133,4.36257149773603e-05,10,255867397
283,-0.924376745453793,0.234854644402704,0.396778636116215,0.25040306733644,0.628719479169628,0.603221363883785,0.371280520830372,0.74959693266356,141,8.28673332369684e-05,10,594343353
158,-1.05388195059199,0.262046849656146,0.348581941350818,0.208569212544069,0.582585360292478,0.651418058649182,0.417414639707522,0.791430787455931,125,5.77720019125179e-05,10,21263188
58,-1.50579207761392,0.277426171894388,0.221841508530594,0.128794472333818,0.38210999288521,0.778158491469406,0.61789000711479,0.871205527666182,119,5.70779180908851e-08,11,94018279
258,-1.0697207011918,0.266646825028821,0.343104332668745,0.203449212587809,0.57862393075253,0.656895667331255,0.42137606924747,0.796550787412191,116,6.02700184173544e-05,9,786784644
433,-0.759424693069692,0.299149663665372,0.467935556154949,0.260345089723497,0.841051716959956,0.532064443845051,0.158948283040044,0.739654910276503,108,0.0111293421553426,10,382261636
833,-0.61946149324734,0.256685499290209,0.538234202320004,0.325446944609652,0.890148337064642,0.461765797679996,0.109851662935358,0.674553055390348,128,0.0158083995892148,10,785367116
83,-1.23240829475988,0.273369537040003,0.29158949794911,0.170639396445744,0.498269667410882,0.70841050205089,0.501730332589118,0.829360603554256,128,6.53757080362867e-06,10,345234575
958,-0.589212832796016,0.28067986590639,0.554763804777914,0.320031688618603,0.961663766547953,0.445236195222086,0.0383362334520471,0.679968311381397,114,0.035796242059996,10,902577932
8,-1.21690014019455,0.270579904744995,0.29614675897127,0.174256485863659,0.503297782085468,0.70385324102873,0.496702217914532,0.825743514136341,124,6.87965782119552e-06,10,414676714
183,-0.822672184925519,0.281058576330396,0.439256310745432,0.253209803241228,0.762000933849593,0.560743689254568,0.237999066150407,0.746790196758772,119,0.00342195118874795,10,414277741
508,-0.804652908756763,0.266077076243843,0.447243133797601,0.265496294440695,0.75340569686851,0.552756866202399,0.24659430313149,0.734503705559305,125,0.00249345425568163,9,267443398
783,-0.939523306505541,0.274671858695006,0.390814089495932,0.228123014757887,0.669531974713892,0.609185910504068,0.330468025286108,0.771876985242113,113,0.000624992639978842,10,39094687
308,-0.714152477835757,0.274337334673771,0.489606888695131,0.285977033621023,0.838231316768595,0.510393111304869,0.161768683231405,0.714022966378977,121,0.00923604856336813,11,281608017
483,-0.586668822330817,0.259353092569918,0.556176926438988,0.334542436146324,0.924644350254632,0.443823073561012,0.075355649745368,0.665457563853676,130,0.0236945145357293,10,765811164
808,-0.763740500330922,0.279792529071425,0.465920388150169,0.269247625896262,0.806253378730414,0.534079611849831,0.193746621269586,0.730752374103738,116,0.00633982832778264,10,851811563
108,-0.695535378449441,0.270352712514342,0.498807325793131,0.293635241202804,0.847339533380637,0.501192674206869,0.152660466619363,0.706364758797196,114,0.0100909761066877,7,505732275
758,-1.13441416013011,0.291074660354502,0.321610478396283,0.181788744383533,0.568975269426282,0.678389521603717,0.431024730573718,0.818211255616467,106,9.72588368322179e-05,10,705649521
333,-1.39280124177337,0.293179861390659,0.248378560813173,0.139816670478969,0.441234291020419,0.751621439186827,0.558765708979581,0.860183329521031,111,2.02742159598784e-06,10,979835081
133,-0.952461747623027,0.254626487048131,0.385790135562503,0.234213896920166,0.635461988611489,0.614209864437497,0.364538011388511,0.765786103079834,128,0.000183564532457404,10,880303069
658,-1.18761616823918,0.270548628894703,0.30494734145764,0.179445859140156,0.518222496231861,0.69505265854236,0.481777503768139,0.820554140859844,128,1.13528651696072e-05,10,697952065
933,-0.695823596714582,0.245914214043712,0.498663581126965,0.307953463632397,0.807477091536144,0.501336418873034,0.192522908463856,0.692046536367603,129,0.00466152737827293,10,711017873
558,-0.911732815366733,0.256313018641297,0.40182732784334,0.243145049871369,0.664069457663805,0.59817267215666,0.335930542336195,0.756854950128631,137,0.000374961552833459,11,408459028
733,-1.12465109206727,0.270260167790798,0.324765760942959,0.191216059748246,0.551589650052009,0.675234239057041,0.448410349947991,0.808783940251754,128,3.16351559111412e-05,10,420911712
708,-0.673920962357402,0.248008033816914,0.509706116069067,0.313483743062051,0.828752145870572,0.490293883930933,0.171247854129428,0.686516256937949,135,0.00658099181966758,10,673766621
233,-0.947530715724668,0.281521046757999,0.387697177003971,0.223285997714868,0.673168504049187,0.612302822996029,0.326831495950813,0.776714002285132,111,0.00076334627462702,10,781631770
383,-0.839367759057281,0.281723354182207,0.431983554799105,0.248693171118685,0.750361543010822,0.568016445200895,0.249638456989178,0.751306828881315,112,0.0028880947609586,10,249893179
208,-0.573106034610944,0.282446408955904,0.563771622230882,0.324104001074021,0.980668060189266,0.436228377769118,0.0193319398107339,0.675895998925979,112,0.0424502597656781,10,315488206
883,-1.14222060840886,0.267966288880825,0.319109616953858,0.188732448418845,0.539551881436147,0.680890383046142,0.460448118563853,0.811267551581155,121,2.02104206121535e-05,10,836743768
583,-0.942080167515597,0.269156511236218,0.389816108581259,0.230013509289384,0.660642059585537,0.610183891418741,0.339357940414463,0.769986490710616,125,0.000465048243494551,10,825541502
683,-0.530023086833531,0.269270461973427,0.588591380810267,0.347224583253147,0.997739878663955,0.411408619189733,0.00226012133604481,0.652775416746853,125,0.0490258279729529,11,413468464
533,-0.701264195304807,0.260088719445284,0.49595791963353,0.297890676191745,0.825719895606572,0.50404208036647,0.174280104393428,0.702109323808255,129,0.0070125026149718,10,182388691
983,-0.966064033230123,0.27730365818523,0.380578036546472,0.221005162931918,0.655367684537701,0.619421963453528,0.344632315462299,0.778994837068082,118,0.00049439171700815,9,125401741
633,-0.650568179531313,0.280941641726741,0.521749245285787,0.300831888846422,0.904898333750982,0.478250754714213,0.0951016662490178,0.699168111153578,120,0.020576284272499,10,664811534
458,-0.957519174343209,0.26616855553661,0.383843955701752,0.227819881191527,0.646722233187822,0.616156044298248,0.353277766812178,0.772180118808473,134,0.00032139352569997,10,916122738
358,-1.04349943843774,0.274241866910955,0.352219950751707,0.205768481045739,0.602905231535235,0.647780049248293,0.397094768464765,0.794231518954261,122,0.000141785109038651,9,304515438
608,-1.0421088109826,0.296567295821234,0.35271009821274,0.197232897089765,0.630748801122267,0.64728990178726,0.369251198877733,0.802767102910235,103,0.000441573465937876,10,524527104
408,-1.4680412194451,0.274949182007533,0.23037630013582,0.134400421631535,0.394888937251791,0.76962369986418,0.605111062748209,0.865599578368465,133,9.32966821094487e-08,11,385510061
908,-1.37654711729633,0.281557996805265,0.25244872573177,0.145381980718844,0.438364911583118,0.74755127426823,0.561635088416882,0.854618019281156,118,1.01331084626711e-06,10,27774155
858,-0.966294508063345,0.254112381708706,0.38049033299409,0.231229252799534,0.626101117177702,0.61950966700591,0.373898882822298,0.768770747200466,136,0.000143170048755208,11,833303747
34,-1.01586337225145,0.262286831409247,0.362089676661347,0.216549501045294,0.605445560076796,0.637910323338653,0.394554439923204,0.783450498954706,137,0.000107459296431808,10,59024957
259,-1.07398860982168,0.245734651812495,0.341643115115911,0.211058553950904,0.55302197386065,0.658356884884089,0.44697802613935,0.788941446049096,130,1.23950077554828e-05,10,736089324
284,-0.877033666270623,0.263324820982457,0.41601512289418,0.248294228292941,0.69703022767195,0.58398487710582,0.30296977232805,0.751705771707059,128,0.00086654281639776,11,480907276
59,-0.406145011388854,0.265425217566931,0.666213551867448,0.395988987123427,1.12084050598483,0.333786448132552,-0.120840505984827,0.604011012876573,126,0.125975301873674,11,78937669
434,-1.15107884903245,0.258432849788855,0.316295350309702,0.190596256790252,0.52489356460779,0.683704649690298,0.47510643539221,0.809403743209748,124,8.42563246900524e-06,10,15563682
834,-1.26555569613242,0.283446809914106,0.282082500424662,0.161847420700139,0.491639203773615,0.717917499575338,0.508360796226385,0.838152579299861,107,8.01140323771213e-06,11,283887582
84,-1.2592300787756,0.301974756334093,0.283872501848772,0.157065914300632,0.51305592091509,0.716127498151228,0.48694407908491,0.842934085699368,109,3.04620243562175e-05,11,820191397
784,-1.15248276729622,0.286953076132406,0.31585160905177,0.179981634875125,0.55429121426644,0.68414839094823,0.44570878573356,0.820018365124875,120,5.91249955134409e-05,11,597517195
109,-0.818898187212372,0.25703449874682,0.440917195173348,0.266421257643474,0.729701431181177,0.559082804826652,0.270298568818823,0.733578742356526,127,0.00144281225910019,9,982357811
959,-1.01333777584102,0.285266008523971,0.363005324841139,0.207536328285336,0.634938793375247,0.636994675158861,0.365061206624753,0.792463671714664,116,0.000381943651222751,10,672060185
509,-0.855575874537277,0.28846567967031,0.425038351826511,0.241482513237177,0.748118768939431,0.574961648173489,0.251881231060569,0.758517486762823,112,0.00301745828543308,11,398161518
9,-1.10490275366651,0.254551321325493,0.331243092852047,0.20112791592898,0.545533354012049,0.668756907147953,0.454466645987951,0.79887208407102,125,1.42101072933143e-05,9,552759620
184,-1.01784582994714,0.271666843456955,0.361372560256651,0.212183659931718,0.615457982713993,0.638627439743349,0.384542017286007,0.787816340068282,116,0.000179198056099253,10,387235358
484,-1.02255371813896,0.270732273627942,0.359675257138971,0.211574261503744,0.61144625853129,0.640324742861029,0.38855374146871,0.788425738496256,120,0.000158733624503668,10,42244050
934,-0.688139663403134,0.274367555299608,0.502510037862257,0.293496316421229,0.86037310870339,0.497489962137743,0.13962689129661,0.706503683578771,128,0.0121384316008303,11,729379818
159,-0.489038847932651,0.289331969411429,0.613215504376586,0.347802987443316,1.08116740908994,0.386784495623414,-0.0811674090899426,0.652197012556684,119,0.0909831194771875,10,636860971
334,-0.872365451178979,0.261184854547559,0.417961710980126,0.250504508804528,0.697360668991985,0.582038289019874,0.302639331008015,0.749495491195472,131,0.000837691075937552,10,426784953
809,-1.04825772431643,0.267503234755516,0.350547968573099,0.207514423644964,0.592170298875071,0.649452031426901,0.407829701124929,0.792485576355036,117,8.90377829787658e-05,11,137056715
384,-1.10664080539089,0.274073343660153,0.330667875247105,0.19324147852522,0.565826987843941,0.669332124752895,0.434173012156059,0.80675852147478,111,5.39653448794027e-05,10,472043911
134,-0.911450712735655,0.279165093085575,0.401940700380357,0.23256064693802,0.694684714500767,0.598059299619643,0.305315285499233,0.76743935306198,111,0.00109496358307197,9,571675242
759,-0.732405975375114,0.269021333485302,0.480750922626543,0.283745349406052,0.814538282618785,0.519249077373457,0.185461717381215,0.716254650593948,134,0.00647933900419124,10,773437480
884,-0.898681897553432,0.285233137185852,0.407105913544889,0.232764381878264,0.71203000865441,0.592894086455111,0.28796999134559,0.767235618121736,114,0.00162883896275937,11,393175251
659,-1.28545566314928,0.299332611040416,0.276524552871753,0.15379468195306,0.497194229149364,0.723475447128247,0.502805770850636,0.84620531804694,115,1.75161932925265e-05,10,585125458
234,-1.11034215631893,0.256604642156215,0.329446219682886,0.199233452596263,0.544761987753559,0.670553780317114,0.455238012246441,0.800766547403737,139,1.51116888411764e-05,10,233406527
734,-0.830936781920678,0.25553418153396,0.43564099450364,0.264008342872293,0.718852571200462,0.56435900549636,0.281147428799538,0.735991657127707,132,0.00114691319856337,10,852776350
309,-1.18633205467235,0.287890798862465,0.305339180004726,0.173671854857583,0.536828577793517,0.694660819995274,0.463171422206483,0.826328145142417,114,3.77606614413633e-05,11,991257137
209,-1.01894106613213,0.271821400185423,0.360976988614126,0.211887200140142,0.614970541980543,0.639023011385873,0.385029458019457,0.788112799859858,121,0.000177846954253329,8,294027704
709,-0.974356376381806,0.291911929101495,0.3774352016135,0.212993582235087,0.668833914722318,0.6225647983865,0.331166085277682,0.787006417764913,111,0.00084431246560555,10,452870088
584,-0.52774399973806,0.248533768059063,0.589934361634597,0.362452722429947,0.960187438251297,0.410065638365403,0.0398125617487026,0.637547277570053,128,0.0337178555105793,10,108308658
634,-0.931911383658108,0.267404271992469,0.393800287127169,0.233163786486027,0.665106140531536,0.606199712872831,0.334893859468464,0.766836213513973,112,0.000492085487277447,10,40475365
559,-0.647782883518402,0.260580094410601,0.523204497091141,0.313953471606334,0.871922021998342,0.476795502908859,0.128077978001658,0.686046528393666,134,0.0129214759273134,9,954236445
984,-1.1379541993239,0.298068740806533,0.320473977513336,0.178680104755881,0.574790183851387,0.679526022486664,0.425209816148613,0.821319895244119,98,0.000134670146127626,11,425513446
684,-0.65769320264532,0.284203645813624,0.518044982005016,0.296792477691584,0.904236540858218,0.481955017994984,0.0957634591417817,0.703207522308416,115,0.0206588519624859,10,451051993
359,-0.317946139394432,0.262150136988446,0.727641978596787,0.435286446705784,1.21635500719855,0.272358021403213,-0.216355007198552,0.564713553294216,118,0.225191046736619,10,212921384
609,-0.924140117275201,0.283698004572229,0.396872536231452,0.227597175047996,0.692046419212232,0.603127463768548,0.307953580787768,0.772402824952004,123,0.00112406819478441,10,122337014
534,-0.914907047643498,0.265091825843104,0.400553856785346,0.238239816830317,0.6734533056659,0.599446143214654,0.3265466943341,0.761760183169683,115,0.00055792715419745,10,181194451
459,-0.555679075077554,0.286333764896538,0.573682555365877,0.327298414445623,1.00554008148366,0.426317444634123,-0.00554008148365526,0.672701585554377,111,0.0522984329409794,10,472648012
409,-1.17811988412093,0.252299316121385,0.307857001667322,0.187754981316708,0.504785187646894,0.692142998332678,0.495214812353106,0.812245018683292,138,3.0188577800607e-06,10,436306395
909,-1.12297896631249,0.276892308209321,0.325309264412539,0.189062445693327,0.559741608781919,0.674690735587461,0.440258391218081,0.810937554306673,111,4.99945530804534e-05,9,287587103
285,-0.816769740752917,0.27266629545794,0.441856663265423,0.258933020289517,0.754007004026585,0.558143336734577,0.245992995973415,0.741066979710483,105,0.00274002376532824,11,657588379
859,-1.05480502932783,0.261082038161458,0.34826032123624,0.208771187972043,0.580948226264875,0.65173967876376,0.419051773735125,0.791228812027957,135,5.34218832976386e-05,11,528799105
35,-0.956149655392773,0.257873340451986,0.384369997402915,0.231871459381283,0.637164639829938,0.615630002597085,0.362835360170062,0.768128540618717,127,0.000209045637395654,9,99842125
835,-0.711648032317472,0.272035178489844,0.490834619223636,0.287990673029313,0.8365500899534,0.509165380776364,0.1634499100466,0.712009326970687,119,0.00889627212776743,10,134954075
260,-1.01259132898753,0.285628150374485,0.363276390179015,0.207543937094532,0.635864085017269,0.636723609820985,0.364135914982731,0.792456062905468,113,0.000392406961720881,10,457215102
85,-0.731368287923672,0.27374349300926,0.48125005075093,0.281423204941219,0.822965580951816,0.51874994924907,0.177034419048184,0.718576795058781,109,0.00754616793847472,10,910867322
185,-0.500759626078219,0.26511175770497,0.606070098155708,0.360461860828876,1.01902865128039,0.393929901844292,-0.0190286512803899,0.639538139171124,117,0.0589102712827782,11,664416442
160,-1.30202376468244,0.274083048822524,0.271980810533942,0.158941881435187,0.465412644110827,0.728019189466058,0.534587355889173,0.841058118564813,121,2.02942704026321e-06,10,297689810
60,-0.649216742341563,0.264513995459005,0.522454833291136,0.311095715632023,0.877411803228226,0.477545166708864,0.122588196771774,0.688904284367977,124,0.0141129417365189,10,964086762
810,-0.439358172580793,0.300614722201624,0.644449913998511,0.357524209121484,1.16164355044155,0.355550086001489,-0.161643550441551,0.642475790878516,113,0.143869375913977,8,150181239
435,-0.785437140376059,0.253944528804787,0.45592035702167,0.277160291383594,0.749975297359896,0.54407964297833,0.250024702640104,0.722839708616406,124,0.00198179073307977,9,202541556
335,-1.03545739775205,0.25690933149897,0.35506393833012,0.214597642418048,0.587473370545718,0.64493606166988,0.412526629454282,0.785402357581952,117,5.56727681630106e-05,10,356689815
785,-0.852993017423673,0.280798043606265,0.426137584125967,0.245772966443424,0.738865804618579,0.573862415874033,0.261134195381421,0.754227033556576,112,0.00238355095899236,10,936471843
960,-0.917496392817104,0.285906699803884,0.399518026229679,0.228124618409691,0.699681842298165,0.600481973770321,0.300318157701835,0.771875381590309,112,0.00133162184383061,10,280329827
510,-0.847356650594697,0.269456447986099,0.428546233508836,0.252717861603292,0.72670713929552,0.571453766491164,0.27329286070448,0.747282138396708,123,0.001662636392317,10,526680181
660,-1.08036894168957,0.297975589385368,0.339470257807623,0.189306030363,0.608750052573593,0.660529742192377,0.391249947426407,0.810693969637,112,0.000288184072513825,11,469997527
110,-0.428981143190422,0.201841185104042,0.651172208095592,0.438417951425838,0.967171264810346,0.348827791904408,0.0328287351896543,0.561582048574162,133,0.0335582533523867,10,9026937
485,-0.907599558507587,0.25587788263335,0.403491620507504,0.24436042476922,0.666251452024319,0.596508379492496,0.333748547975681,0.75563957523078,135,0.000389640494369903,11,470865847
760,-0.467590392059683,0.285235850550593,0.626510094616661,0.358207666678565,1.09577470045832,0.373489905383339,-0.0957747004583176,0.641792333321435,131,0.101148415323115,10,986075172
385,-1.02911608759878,0.209691913006929,0.357322662954988,0.236902957211717,0.538952687480124,0.642677337045012,0.461047312519876,0.763097042788283,115,9.21258358996274e-07,10,802036216
135,-1.04628525160006,0.268458720256033,0.351240097254955,0.207535125392471,0.594451689497697,0.648759902745045,0.405548310502303,0.792464874607529,136,9.72395693192361e-05,10,170035985
10,-0.60569800051474,0.271199247724228,0.545693399402902,0.320703339657127,0.928525678810396,0.454306600597098,0.0714743211896043,0.679296660342873,117,0.0255221893263555,10,963719805
235,-1.15303788994385,0.253535427342405,0.315676321327887,0.192057937177659,0.518861866952818,0.684323678672113,0.481138133047182,0.807942062822341,131,5.41999931670784e-06,10,533552623
885,-1.48620292612579,0.281673942855468,0.226230038905609,0.130253372065419,0.392926721908809,0.773769961094391,0.607073278091191,0.869746627934581,115,1.31801125036909e-07,9,604849877
735,-0.454956207731265,0.266771468236388,0.634475752472508,0.376130666912878,1.07026497940089,0.365524247527492,-0.0702649794008918,0.623869333087122,121,0.0881169519768562,10,851949512
210,-0.927749416443702,0.262445005533252,0.395442686446477,0.236423125362699,0.661419723743648,0.604557313553523,0.338580276256352,0.763576874637301,121,0.000407737987044606,11,266621887
935,-0.495233384810345,0.269626367139419,0.609428659305624,0.359266310441323,1.03378268429015,0.390571340694376,-0.0337826842901541,0.640733689558677,114,0.0662483687066111,10,161342845
360,-0.809535706080683,0.274830700254138,0.445064659074239,0.259708876668801,0.762709974713252,0.554935340925761,0.237290025286748,0.740291123331199,123,0.00322350185985258,11,655444467
585,-0.731535606276391,0.271597580360551,0.481169535521217,0.282562056901664,0.819374421507267,0.518830464478782,0.180625578492733,0.717437943098336,131,0.00707158895234919,9,189273647
710,-0.968513107754705,0.284570150492188,0.37964711298844,0.217346950112469,0.663142180398088,0.62035288701156,0.336857819601912,0.782653049887531,110,0.000665467287388801,10,824792435
610,-1.27543967762416,0.288039336529134,0.279308135682521,0.158819585506228,0.491205378793702,0.720691864317479,0.508794621206298,0.841180414493772,105,9.5108612829274e-06,9,687226868
635,-1.33831741436797,0.265190667032147,0.262286617202966,0.155971563939505,0.441069306649111,0.737713382797034,0.558930693350889,0.844028436060495,129,4.49686594001582e-07,10,816791647
560,-0.89275627180678,0.248426597228633,0.409525432329489,0.251663234768229,0.666410728921569,0.590474567670511,0.333589271078431,0.748336765231771,141,0.000326087712310744,10,376522210
310,-0.811265932645173,0.271682387771853,0.444295262185605,0.260864639730651,0.75670769409144,0.555704737814396,0.24329230590856,0.739135360269349,122,0.00282576707490012,11,897085319
410,-0.545018924480698,0.274665367912294,0.57983081023904,0.338458716769575,0.993337597303932,0.42016918976096,0.00666240269606788,0.661541283230425,125,0.0472222297716923,11,962553896
685,-0.851807101264207,0.25775660298092,0.426643247350969,0.257431719795382,0.707078601871056,0.573356752649031,0.292921398128944,0.742568280204618,126,0.000950796182229121,11,407435615
985,-1.03324972414599,0.281184046412734,0.355848669511674,0.205078934391596,0.617461154500801,0.644151330488326,0.382538845499199,0.794921065608404,115,0.000238186407568719,11,648440096
535,-0.573293070144271,0.258264157677411,0.563666186765239,0.339771645571275,0.935097363902359,0.436333813234761,0.0649026360976406,0.660228354428725,120,0.0264327958182591,11,12027562
460,-1.23831551196055,0.256474103094242,0.289872092987455,0.175345754021907,0.479200826741603,0.710127907012545,0.520799173258397,0.824654245978093,144,1.37753145528096e-06,11,836238054
910,-0.732380815483813,0.261493947190627,0.480763018419663,0.287969837811288,0.802629475491984,0.519236981580337,0.197370524508016,0.712030162188712,115,0.00509830069134191,10,417473188
836,-0.549216016554962,0.290691566529312,0.57740230683213,0.326618969767544,1.02074115343742,0.42259769316787,-0.0207411534374207,0.673381030232456,119,0.0588459108239416,10,780581622
286,-0.687089816189518,0.253692923130728,0.503037873650305,0.305954522101436,0.827074235048324,0.496962126349695,0.172925764951676,0.694045477898564,139,0.00676181985799347,9,554488768
860,-1.06872738982568,0.274772421429093,0.34344531142315,0.200433764232024,0.588497064805904,0.65655468857685,0.411502935194096,0.799566235767976,117,0.000100450883373727,11,178050586
261,-0.682625553620466,0.297399035462735,0.505288586950035,0.282093429631764,0.905077996446944,0.494711413049965,0.0949220035530559,0.717906570368236,98,0.021714869375487,10,990302633
36,-0.8407976002064,0.270425549456214,0.431366328309784,0.253898185289615,0.732880028217652,0.568633671690216,0.267119971782348,0.746101814710385,106,0.00187617035704719,10,360067169
86,-0.580389559358802,0.292542740118131,0.559680295395319,0.315447569226212,0.993008232151443,0.440319704604681,0.00699176784855682,0.684552430773788,111,0.0472616465933302,10,782728001
786,-0.891519292898931,0.281246518411513,0.410032320091611,0.236276549576449,0.711566610487134,0.589967679908389,0.288433389512866,0.763723450423551,105,0.00152498957902444,10,22616022
161,-1.1641266383586,0.286517021794726,0.31219520231654,0.178050211385431,0.547406507361443,0.68780479768346,0.452593492638557,0.821949788614569,114,4.84402480465515e-05,11,4536925
661,-1.13453878494688,0.279891616933935,0.321570400246761,0.18579408773189,0.556570575400032,0.678429599753239,0.443429424599968,0.81420591226811,128,5.04584526673551e-05,9,116577435
61,-0.579960763117044,0.268051433573488,0.559920335663075,0.331100965324624,0.946873658256092,0.440079664336925,0.0531263417439078,0.668899034675376,121,0.0304937200425491,9,347015884
811,-0.957351161267537,0.275636181928672,0.38390845192328,0.223668965970633,0.658945682600779,0.61609154807672,0.341054317399221,0.776331034029367,114,0.000514211497003905,10,685083262
486,-0.423573056492888,0.27814173416724,0.654703343589068,0.379568256969117,1.12927374783498,0.345296656410932,-0.129273747834981,0.620431743030883,122,0.127791814037402,10,602651494
436,-0.776035345583512,0.262000406455681,0.460227040212322,0.275395589921839,0.769107917097395,0.539772959787678,0.230892082902605,0.724604410078161,121,0.00305685137909625,10,915118365
511,-1.140304755234,0.283779544787042,0.319721570145679,0.183323588849602,0.55760354168214,0.680278429854321,0.44239645831786,0.816676411150398,111,5.8625310318143e-05,10,72861666
11,-1.19373128961715,0.288070770947837,0.303088241554887,0.17233075997957,0.533059113647058,0.696911758445113,0.466940886352942,0.82766924002043,108,3.41475463640004e-05,10,417513798
961,-0.996070572202237,0.252153039807515,0.369327840700838,0.225309233597528,0.60540374550473,0.630672159299162,0.39459625449527,0.774690766402472,140,7.80656899686763e-05,10,172314472
336,-1.02503615155915,0.26583065226587,0.358783494588769,0.213087019172445,0.604098722152359,0.641216505411231,0.395901277847641,0.786912980827555,119,0.000115269619292931,10,447984573
136,-0.480202924536159,0.284998857185962,0.618657838212759,0.353882472253679,1.08153850724689,0.381342161787241,-0.081538507246893,0.646117527746321,106,0.0920022130646741,10,208724247
186,-1.29656379009773,0.283102435978516,0.273469880289237,0.157011791940789,0.476306744232384,0.726530119710763,0.523693255767616,0.842988208059211,130,4.6533231996724e-06,10,550870620
761,-0.900798419060509,0.283352285157194,0.406245176328945,0.233130081172883,0.707910118077599,0.593754823671055,0.292089881922401,0.766869918827117,117,0.001477454017468,9,122084825
111,-1.00497038342968,0.279137426091309,0.366055475951219,0.211809141593077,0.632629028502014,0.633944524048781,0.367370971497986,0.788190858406923,119,0.000317885676927587,11,344391745
586,-0.314994744378382,0.226343366957961,0.72979270977332,0.468312443382,1.1372693738224,0.27020729022668,-0.137269373822399,0.531687556618,104,0.164023059059679,10,91381526
386,-1.2144588229446,0.254074653091587,0.296870630402844,0.1804257411216,0.488467835287343,0.703129369597156,0.511532164712657,0.819574258878401,130,1.75357040637403e-06,10,376102242
711,-1.10986173546031,0.251669021805797,0.329604530543492,0.201266786652513,0.539776822404193,0.670395469456508,0.460223177595807,0.798733213347487,122,1.03368059902328e-05,11,765975885
236,-1.42155741919798,0.29239003624179,0.241337859839843,0.136063803528142,0.42806360752681,0.758662140160157,0.57193639247319,0.863936196471858,113,1.16291883274241e-06,11,144234201
211,-1.21571432783128,0.266421985326886,0.296498141755251,0.175890818871217,0.499805212281623,0.703501858244749,0.500194787718377,0.824109181128784,118,5.04000358614888e-06,10,676685665
936,-1.12312989610908,0.274768921723683,0.325260169256487,0.189822265993836,0.557332814203126,0.674739830743513,0.442667185796874,0.810177734006164,130,4.35965111987034e-05,10,408127910
736,-1.18816037775954,0.252796108061313,0.30478143136023,0.185698359465084,0.500229087481285,0.69521856863977,0.499770912518715,0.814301640534916,141,2.60067420364387e-06,10,570364982
611,-0.828344803228003,0.25521931326368,0.436771631339342,0.264856935349013,0.720273598618232,0.563228368660658,0.279726401381768,0.735143064650987,133,0.00117195328244243,10,771025558
561,-1.03052305659806,0.272283748285734,0.356820274550801,0.209257569295067,0.608440157072543,0.643179725449199,0.391559842927457,0.790742430704933,121,0.000153869667625304,11,338527918
311,-0.512963160417915,0.288374400842339,0.598718847751595,0.340218711136293,1.05362887730591,0.401281152248405,-0.0536288773059133,0.659781288863707,118,0.0752709783254208,9,305097446
886,-0.77969154749391,0.258622770979766,0.45854742959751,0.276213029713856,0.761244845720381,0.54145257040249,0.238755154279619,0.723786970286144,124,0.00257163127505809,11,69550551
361,-0.621542493294806,0.276672603370447,0.537115301539505,0.312293811300691,0.923786628836201,0.462884698460495,0.0762133711637987,0.687706188699309,122,0.0246725800282853,10,99212336
636,-0.534705005161258,0.268071898304009,0.585842085048146,0.346415529872137,0.99074931409755,0.414157914951854,0.00925068590244993,0.653584470127863,119,0.0460829418529592,10,873415093
461,-1.24504928819672,0.3041503076734,0.287926716392393,0.15863125245834,0.52260694363664,0.712073283607607,0.47739305636336,0.84136874754166,99,4.24849778389573e-05,9,502029917
411,-1.22354763339235,0.26395598423263,0.294184654169926,0.175363931480305,0.49351431630511,0.705815345830074,0.50648568369489,0.824636068519695,133,3.56208350072266e-06,11,332297444
686,-0.674912096484787,0.246146170877877,0.509201179213905,0.314318106980203,0.824915380802933,0.490798820786095,0.175084619197067,0.685681893019797,135,0.00610819809053955,10,174803025
536,-0.894672077867846,0.286425263948011,0.408741612087596,0.233154191202569,0.716563166161629,0.591258387912404,0.283436833838371,0.766845808797431,114,0.0017866560195349,10,871115327
986,-1.07805346508453,0.275208515321987,0.340257203973803,0.198403539641731,0.583532758866762,0.659742796026197,0.416467241133238,0.801596460358269,126,8.95744227113099e-05,10,950149694
837,-0.849162420552845,0.228989929660147,0.427773075877193,0.27308438322122,0.670085203287507,0.572226924122807,0.329914796712493,0.72691561677878,150,0.000208658733258532,10,840902748
287,-0.990533821382475,0.248317543060718,0.371378388372955,0.228269743793238,0.604205818338415,0.628621611627045,0.395794181661585,0.771730256206762,138,6.6357893371483e-05,10,27731685
911,-0.812941469139628,0.312296728830326,0.44355145257359,0.240500812722923,0.818034204760879,0.55644854742641,0.181965795239121,0.759499187277077,98,0.0092383402402903,10,530911287
87,-0.762510246259841,0.256432221484575,0.466493941340223,0.282208769421734,0.771119188652599,0.533506058659777,0.228880811347401,0.717791230578266,136,0.00294390603748296,10,37588659
37,-1.20812913357084,0.294118703383199,0.29875568890113,0.167865670565361,0.53170467404195,0.70124431109887,0.46829532595805,0.832134329434639,113,3.99749651544785e-05,9,607463391
861,-1.16364359152765,0.271748255360485,0.312346043648437,0.183367969101444,0.532045217389402,0.687653956351563,0.467954782610598,0.816632030898556,121,1.85167182405135e-05,10,546956565
162,-0.755645365466566,0.25077227041741,0.469707383968727,0.287322504857917,0.767865457193635,0.530292616031273,0.232134542806365,0.712677495142083,144,0.00258446126592103,10,510248083
262,-0.863602849746208,0.278265012971487,0.421640236054774,0.244389441746471,0.727447500963458,0.578359763945226,0.272552499036542,0.755610558253529,119,0.00191229089944397,10,20559248
437,-1.47026638619205,0.305161155079856,0.229864244369485,0.126391473045345,0.418046958125081,0.770135755630515,0.581953041874919,0.873608526954655,107,1.45004511307577e-06,10,616309276
512,-0.968453035352372,0.304710908793007,0.379669919987585,0.208946833972857,0.689884816163831,0.620330080012415,0.310115183836169,0.791053166027142,110,0.00148157559241928,9,249647875
787,-0.708261825074716,0.255958013027079,0.492499504198174,0.29821806087762,0.813350341430142,0.507500495801826,0.186649658569858,0.70178193912238,123,0.00565571275857701,11,382149583
62,-0.696212538545323,0.255742090482424,0.498469667713761,0.30196087432308,0.822861604794591,0.501530332286239,0.177138395205409,0.69803912567692,125,0.00648247767210259,11,170275769
487,-1.54559321527995,0.276790565563553,0.213185368886781,0.123923262587461,0.366743100193292,0.786814631113219,0.633256899806708,0.876076737412539,120,2.35074612444099e-08,11,187185356
812,-0.960516253949885,0.240242282283292,0.382695267025515,0.238978312274637,0.612840830658396,0.617304732974485,0.387159169341604,0.761021687725363,150,6.38489509683674e-05,10,45154741
662,-0.763573219811418,0.262567592866454,0.465998334073982,0.278539264103904,0.77961880188899,0.534001665926018,0.22038119811101,0.721460735896096,129,0.00363630253032616,10,224525054
337,-0.899882957121707,0.294660131135721,0.406617248608717,0.228228901015578,0.724437554272925,0.593382751391283,0.275562445727075,0.771771098984422,115,0.00225835285325809,10,401446666
12,-0.969071591428657,0.279147449539098,0.379435145469682,0.21954665036721,0.65576509309887,0.620564854530318,0.34423490690113,0.78045334963279,106,0.000517481854578856,9,568039502
112,-0.655413827894066,0.267776325718553,0.519227147444206,0.307203224232592,0.877584639017098,0.480772852555794,0.122415360982902,0.692796775767408,135,0.0143804515550253,11,274602016
137,-0.834005966179887,0.300852869069474,0.434305981768652,0.240829333958654,0.783217238114422,0.565694018231348,0.216782761885578,0.759170666041346,107,0.0055689253980445,11,450683688
212,-1.30901480595151,0.26256528695826,0.270086012486072,0.161438128985287,0.451853936855739,0.729913987513928,0.548146063144261,0.838561871014713,144,6.1807175651852e-07,11,179959066
962,-1.32679219801366,0.292354095302704,0.26532701417478,0.149599179880388,0.470580283308978,0.73467298582522,0.529419716691022,0.850400820119612,109,5.67080669220288e-06,10,423804496
587,-1.39499995846708,0.276008102070671,0.247833046660459,0.144284837065188,0.425694205062276,0.752166953339541,0.574305794937724,0.855715162934812,125,4.32200090714378e-07,10,788672909
762,-0.874083324561428,0.298528375648243,0.417244322050048,0.23242488319368,0.749028339353545,0.582755677949952,0.250971660646455,0.76757511680632,103,0.00341178565375899,9,69520891
187,-0.975821873461017,0.287573623193162,0.37688247653536,0.214497795549946,0.662199817742894,0.62311752346464,0.337800182257106,0.785502204450054,117,0.000690574570154257,10,311525502
237,-1.32951750198868,0.29671575401584,0.264604901843119,0.14792207065751,0.47332865047243,0.735395098156881,0.52667134952757,0.85207792934249,124,7.43713454895007e-06,10,436995729
387,-0.73322250181702,0.282776041229889,0.480358537004667,0.275972692516246,0.83611288482711,0.519641462995333,0.16388711517289,0.724027307483754,114,0.00951582026466396,11,425767902
887,-1.11755319290306,0.271026608529957,0.327079115833731,0.19228904727191,0.556353830508595,0.672920884166269,0.443646169491405,0.80771095272809,114,3.73308158321704e-05,9,285359878
712,-0.419962132043095,0.285373390017634,0.657071701306817,0.375580031014766,1.1495372091315,0.342928298693183,-0.149537209131496,0.624419968985234,109,0.141122628054194,11,908607119
937,-0.955400418947573,0.287151589366207,0.384658089324418,0.219104347024795,0.675303104168752,0.615341910675582,0.324696895831248,0.780895652975205,116,0.000877347354358843,11,405159747
612,-0.89220372916442,0.260807811290071,0.409751775120246,0.245765451716,0.683157522922339,0.590248224879754,0.316842477077661,0.754234548284,129,0.000624087449752834,10,898391048
562,-0.894518078322796,0.287254366546949,0.408804562956978,0.232811470796782,0.717839074348375,0.591195437043022,0.282160925651625,0.767188529203218,108,0.00184552110598114,9,804716243
362,-0.708358554646332,0.275860479281758,0.4924518672361,0.286781361892406,0.845622741812997,0.5075481327639,0.154377258187003,0.713218638107594,119,0.0102341888833516,8,441659962
737,-0.546025512512749,0.262761845048141,0.579247453134235,0.346099398832589,0.96945447780103,0.420752546865765,0.03054552219897,0.653900601167412,130,0.0377071163742078,11,896295235
637,-0.850285875331724,0.265739350051059,0.427292762026787,0.253821140642544,0.719321897373421,0.572707237973213,0.280678102626579,0.746178859357456,122,0.00137571281723193,10,542497749
312,-0.77609703725067,0.247574636942087,0.460198648914702,0.283275768405093,0.747620587723766,0.539801351085298,0.252379412276234,0.716724231594907,142,0.00171971158584263,10,218220737
462,-0.915628954090577,0.29047272959591,0.400264798722723,0.226514789000622,0.70729116541747,0.599735201277277,0.29270883458253,0.773485210999378,124,0.00162043681341805,10,100837940
687,-0.803378690190651,0.254655225389534,0.44781338253586,0.271853010744858,0.737666377240967,0.55218661746414,0.262333622759033,0.728146989255142,131,0.00160624623423729,10,750990447
537,-0.943791006290556,0.310268301380632,0.389149766232289,0.211843877489701,0.714854459581949,0.610850233767711,0.285145540418051,0.788156122510299,109,0.00235125574964811,9,216423243
412,-1.18349611391126,0.275441172522342,0.306206332847127,0.178467120802351,0.525375866737525,0.693793667152873,0.474624133262475,0.821532879197649,115,1.73336776073881e-05,10,120518765
987,-1.20888122649212,0.259107543087097,0.298531081335784,0.179653967857875,0.496069235687667,0.701468918664216,0.503930764312333,0.820346032142125,130,3.07780916266368e-06,10,208298435
838,-1.01431523130357,0.279194722458824,0.362650676658076,0.2098154735353,0.626815129811832,0.637349323341924,0.373184870188168,0.7901845264647,116,0.000280141888195053,10,678053335
38,-0.994947521117917,0.297916455345689,0.369742847726233,0.206211478112939,0.662959087902128,0.630257152273767,0.337040912097872,0.793788521887061,116,0.000838730565172507,10,204265801
288,-1.42479864091456,0.274959739893791,0.240556896648628,0.140336828471562,0.412348071104836,0.759443103351372,0.587651928895164,0.859663171528438,130,2.19702239895144e-07,10,332251388
912,-0.943448592899619,0.289917719518777,0.389283039139238,0.220539848492424,0.687137882778983,0.610716960860762,0.312862117221017,0.779460151507576,120,0.0011371447105865,10,600674335
88,-0.490572209266045,0.290174089749358,0.612275943960035,0.346697383073094,1.08129409062518,0.387724056039965,-0.0812940906251813,0.653302616926906,130,0.0909106605346696,10,671719961
862,-0.455876642829319,0.254046706084369,0.6338920274028,0.385274567265135,1.04294219381554,0.3661079725972,-0.0429421938155399,0.614725432734865,123,0.0727397834803813,10,484273367
163,-1.1574411425289,0.273765895483801,0.314289374529415,0.183780634232654,0.53747671159435,0.685710625470585,0.46252328840565,0.816219365767346,122,2.35934985564016e-05,10,970216592
263,-1.09806354285088,0.306902541925386,0.333516298801921,0.182759998263532,0.608629473754641,0.666483701198079,0.391370526245359,0.817240001736468,103,0.000346379128108218,10,734749474
63,-0.942816663126038,0.279288474408374,0.389529116425614,0.22532487838674,0.673396269553911,0.610470883574386,0.326603730446089,0.77467512161326,120,0.000736065436260491,11,140142752
513,-1.50461457816002,0.283373069634053,0.222102880638297,0.127451983051868,0.387045288795188,0.777897119361703,0.612954711204812,0.872548016948132,123,1.09830088221174e-07,11,925198884
788,-1.28759586317476,0.288144169988466,0.275933367869388,0.156868397331188,0.485370060503608,0.724066632130612,0.514629939496392,0.843131602668812,124,7.87398128480564e-06,11,909239246
438,-0.940250053052661,0.295958694808128,0.390530169887119,0.218642252347796,0.69754959050393,0.609469830112881,0.30245040949607,0.781357747652204,112,0.00148825622772352,10,632092839
813,-0.710076196240154,0.275352806704588,0.491606737448799,0.28657420233619,0.843331961966112,0.508393262551201,0.156668038033888,0.71342579766381,114,0.00991479445059558,11,836491655
963,-0.803712024596827,0.296357518771009,0.447664135803832,0.25043344360904,0.800225303765131,0.552335864196168,0.199774696234869,0.74956655639096,124,0.00668851058362382,10,246835927
13,-0.615886671145326,0.257325639245408,0.54016173708674,0.326202913771729,0.894457682302443,0.45983826291326,0.105542317697557,0.673797086228271,138,0.0166924146475738,10,355382774
663,-0.977067462247753,0.28738345973658,0.376413328192285,0.214310647421113,0.66112904489707,0.623586671807715,0.33887095510293,0.785689352578887,116,0.000674169893865076,10,628998000
188,-0.753345818443047,0.266502309470787,0.470788741024646,0.279240811214991,0.793730822193201,0.529211258975354,0.206269177806799,0.720759188785009,126,0.00470172849827425,11,70448651
338,-0.899771854466728,0.273416980394033,0.406662427374291,0.237958428960358,0.694971514816568,0.593337572625709,0.305028485183432,0.762041571039642,125,0.000998882959314062,10,243491751
763,-1.24232202953205,0.287630050909593,0.288713038789363,0.16429912654288,0.507338173494388,0.711286961210637,0.492661826505612,0.83570087345712,124,1.56619716066149e-05,10,590723820
138,-0.86021177663815,0.2778801847718,0.423072475963164,0.245404617464592,0.729368182908895,0.576927524036836,0.270631817091105,0.754595382535408,125,0.00196401123011441,10,169942230
388,-0.885386028352849,0.252140846789359,0.412554884653482,0.251685998255399,0.676245536228582,0.587445115346518,0.323754463771418,0.748314001744601,124,0.000445629047815127,11,316337376
113,-1.01824060825123,0.254819750253061,0.361229926366403,0.219220295047923,0.595232570388394,0.638770073633597,0.404767429611606,0.780779704952077,117,6.44421372176571e-05,10,613071790
588,-0.493509834641112,0.244791612958446,0.61047994588684,0.377836929547533,0.98636669733765,0.38952005411316,0.0136333026623495,0.622163070452467,139,0.0437957286403969,10,949741665
213,-0.779879170381161,0.248686640761067,0.458461403675295,0.281592009710307,0.746423376416667,0.541538596324705,0.253576623583333,0.718407990289693,137,0.00171274217478301,11,626787852
488,-1.03038698899912,0.289863997593256,0.356868829532119,0.202197571127339,0.629856040216326,0.643131170467881,0.370143959783674,0.797802428872661,115,0.000378373669421823,11,545699391
613,-0.453669842076249,0.298161415030682,0.635292445459716,0.354142651345678,1.13964384048234,0.364707554540284,-0.139643840482341,0.645857348654322,106,0.12811990528899,10,355274814
238,-0.830059559456632,0.245693993392039,0.436023316236367,0.26938574299731,0.705740141205831,0.563976683763633,0.294259858794169,0.73061425700269,139,0.000729014199091061,10,588290193
888,-1.00446684651836,0.271515872098356,0.36623984480932,0.215105176582815,0.62356297536296,0.63376015519068,0.37643702463704,0.784894823417186,117,0.000216043833063883,10,257960342
563,-0.885544955268544,0.285433626168933,0.412489323787941,0.235749711190455,0.721729165138089,0.587510676212059,0.278270834861911,0.764250288809545,114,0.00191922782003623,11,22799925
938,-1.4665333032502,0.262147432706523,0.230723950337526,0.138023291373898,0.385685203775834,0.769276049662474,0.614314796224166,0.861976708626102,144,2.21504296915025e-08,11,804413178
363,-0.80399819073355,0.289513899848868,0.447536047815636,0.253742575679252,0.789337436014752,0.552463952184364,0.210662563985248,0.746257424320748,113,0.00548526324029163,11,392156096
713,-0.675811385631678,0.260349350700194,0.508743465958981,0.305414094472668,0.847439325296495,0.491256534041019,0.152560674703505,0.694585905527332,125,0.00943746277753103,10,488954620
638,-0.681107850848875,0.272689655120196,0.506056047079771,0.29654101077348,0.863599682613969,0.493943952920229,0.136400317386031,0.70345898922652,125,0.0124987838201365,11,616315317
413,-0.775922979679919,0.284262443190107,0.460278756945097,0.263667317764013,0.803499409375187,0.539721243054903,0.196500590624813,0.736332682235987,117,0.00634110685987675,10,416605097
463,-0.844826147962165,0.255530056425847,0.429632044124792,0.260368887476142,0.708931451557402,0.570367955875208,0.291068548442598,0.739631112523858,136,0.000945802348625773,11,926853473
738,-0.532727147037085,0.266423145597346,0.587001944215873,0.348224839590988,0.989508051516186,0.412998055784127,0.0104919484838142,0.651775160409012,120,0.0455485749059215,10,512879712
688,-0.707205637187339,0.313801173041132,0.493019951005473,0.266536353271625,0.911953169261415,0.506980048994527,0.0880468307385852,0.733463646728375,112,0.0242166656632227,9,124190710
538,-0.742701394304318,0.27948744067101,0.475826782017434,0.275136838053852,0.822903716152875,0.524173217982566,0.177096283847125,0.724863161946148,118,0.00787530791575091,11,378044770
313,-0.641896341151739,0.258512023716819,0.526293445222029,0.317089694490577,0.873521893950749,0.473706554777971,0.126478106049251,0.682910305509423,124,0.0130265545482259,11,428780127
988,-0.864642297312551,0.268519464048398,0.421202190839491,0.248843579176043,0.712942990755161,0.578797809160509,0.287057009244839,0.751156420823957,130,0.00128174572260089,10,939544463
39,-0.906069335729751,0.247600178051316,0.404109525221232,0.248737596556513,0.656533272956293,0.595890474778769,0.343466727043707,0.751262403443487,133,0.000252801513571041,10,939081150
913,-1.06026189376473,0.269807957150497,0.346365087593954,0.204114172511143,0.587753277629062,0.653634912406046,0.412246722370938,0.795885827488857,127,8.50551017176467e-05,10,460889134
164,-1.11428919177614,0.277686104650492,0.328148446635515,0.1904160324933,0.565505969320576,0.671851553364485,0.434494030679424,0.8095839675067,121,6.00115486446822e-05,10,309630340
839,-1.01580290201937,0.27214156002797,0.36211157297016,0.212419845723235,0.617290681256625,0.63788842702984,0.382709318743375,0.787580154276765,110,0.000189493191008215,10,310848045
264,-1.23141528989286,0.280104662038917,0.29187919154952,0.168568962589534,0.505392340030282,0.70812080845048,0.494607659969718,0.831431037410466,115,1.10127718333699e-05,10,961624845
439,-1.09882852402948,0.287234256167761,0.333261262671935,0.189797546198303,0.585165990932529,0.666738737328065,0.414834009067471,0.810202453801697,107,0.000130481340890996,10,911760008
863,-0.55466868984522,0.28949481260056,0.574262488676556,0.32560571387438,1.01281209711271,0.425737511323444,-0.0128120971127081,0.67439428612562,108,0.0553665779204879,10,797761592
289,-0.936293840289288,0.265430618130076,0.392078250578841,0.233043932376359,0.659641094318227,0.607921749421159,0.340358905681773,0.766956067623641,121,0.000419579378003463,9,797263865
789,-1.25900721518536,0.304262756728046,0.283935773743942,0.156397996632324,0.515476702691398,0.716064226256058,0.484523297308602,0.843602003367676,106,3.50507321890304e-05,11,357358975
89,-1.19332564382315,0.28318843546501,0.303211212965016,0.174058334853916,0.528196709137069,0.696788787034984,0.471803290862931,0.825941665146084,109,2.51006713975072e-05,10,445449713
664,-1.14080061607243,0.268842686189364,0.319563072039594,0.188676268334333,0.541247491870181,0.680436927960406,0.458752508129819,0.811323731665668,123,2.20182009263076e-05,9,759818528
64,-1.13235868846926,0.275051864992273,0.322272219482498,0.187974222909827,0.552519286115084,0.677727780517502,0.447480713884916,0.812025777090173,125,3.84016723226741e-05,10,634438339
814,-0.823691275593563,0.259774051836909,0.438808896754705,0.263727459010348,0.73012210633526,0.561191103245295,0.26987789366474,0.736272540989652,136,0.00152020349322233,10,257670261
514,-0.640598874377328,0.305765530723823,0.526976736658908,0.289416543293076,0.959532160186351,0.473023263341092,0.0404678398136485,0.710583456706924,106,0.0361651528802509,9,957918970
339,-0.82410042425608,0.239413361789376,0.43862939540537,0.274352366195617,0.701272415403553,0.56137060459463,0.298727584596447,0.725647633804383,142,0.00057707698339678,11,944328386
964,-0.770338401759898,0.270978343904096,0.46285641038221,0.272137943396041,0.78723331983195,0.53714358961779,0.21276668016805,0.727862056603959,136,0.00447185191779478,11,688812637
189,-0.887036138691363,0.276223139315794,0.41187468492975,0.239686479885856,0.707761055887541,0.58812531507025,0.292238944112459,0.760313520114144,119,0.00132134627724883,10,217430160
14,-1.40424168946062,0.290290992224045,0.245553191442994,0.139011087998967,0.433752232975026,0.754446808557006,0.566247767024974,0.860988912001033,120,1.31575782110731e-06,11,200079298
589,-0.959107136772503,0.261784084923391,0.383234909620516,0.229421463516348,0.640171123053529,0.616765090379484,0.359828876946471,0.770578536483652,133,0.000248565352791285,10,920486793
214,-1.24947399315348,0.280557724313933,0.286655539987382,0.165405204888968,0.496788469628977,0.713344460012618,0.503211530371023,0.834594795111032,133,8.44674425265885e-06,9,730474047
139,-1.20127375257533,0.274316040215278,0.300810809241011,0.175709483138096,0.514981555577822,0.699189190758989,0.485018444422178,0.824290516861904,135,1.19137795223475e-05,10,775904823
764,-0.643025001020292,0.255112268283384,0.525699774020776,0.318849568708098,0.866741810331564,0.474300225979224,0.133258189668436,0.681150431291902,129,0.0117169276090404,10,606521215
889,-0.880054208100647,0.283672234923507,0.414760427697171,0.237867478844695,0.723201898885289,0.585239572302829,0.276798101114711,0.762132521155305,113,0.00191982472456128,10,864212567
114,-0.888257927291175,0.255265828149248,0.411371768426539,0.249431797730788,0.678448912279517,0.588628231573461,0.321551087720483,0.750568202269212,133,0.000501906369000896,11,581621410
489,-1.13553623766676,0.287860295536008,0.321249808890343,0.182732480753699,0.564767901614518,0.678750191109657,0.435232098385482,0.817267519246301,112,7.988404297132e-05,10,994507977
389,-1.25407252323566,0.29357062447594,0.285340372100667,0.160500154446757,0.50728379814461,0.714659627899333,0.49271620185539,0.839499845553243,119,1.93908764213691e-05,11,343563599
614,-1.14987712083062,0.271859291237677,0.316675679832863,0.185869299985684,0.539537654713985,0.683324320167137,0.460462345286015,0.814130700014316,125,2.34026589310822e-05,10,834101495
939,-1.08218010602104,0.266483742164638,0.338855977833993,0.200994317366899,0.571276716765237,0.661144022166007,0.428723283234763,0.799005682633101,129,4.88711183488812e-05,10,20377817
239,-0.992622274715978,0.271021021016725,0.370603591285162,0.217879370655538,0.630381029008028,0.629396408714838,0.369618970991972,0.782120629344462,128,0.000249737737528058,10,297159019
564,-1.06765892641859,0.276899503229602,0.343812466281576,0.199813273690769,0.591587384497572,0.656187533718424,0.408412615502428,0.800186726309231,109,0.000115369105953272,11,567388581
639,-1.34629375843754,0.285266176092013,0.260202850367715,0.148762353452383,0.455125384670359,0.739797149632285,0.544874615329641,0.851237646547617,121,2.36506375192242e-06,10,742076561
364,-0.50068692594206,0.285413490977407,0.606114161136038,0.346425639167786,1.06047109334108,0.393885838863962,-0.0604710933410766,0.653574360832214,115,0.0793874934712111,10,467980653
464,-0.641882325458172,0.265181574246545,0.526300821641377,0.312976033911921,0.885028004854647,0.473699178358623,0.114971995145353,0.687023966088079,129,0.0154975195554518,10,510554850
539,-1.19746686789185,0.267777249452866,0.30195814380289,0.178654656003753,0.510362968692914,0.69804185619711,0.489637031307086,0.821345343996247,122,7.75360968234269e-06,10,189421126
714,-0.70153653947668,0.271245076970273,0.495822866775888,0.291368316022744,0.843744160565039,0.504177133224112,0.156255839434961,0.708631683977256,115,0.00969964756879738,10,872569576
689,-0.900017312287401,0.273288051769587,0.406562621150728,0.23796015122399,0.694625398692747,0.593437378849272,0.305374601307253,0.76203984877601,111,0.000990216322437595,8,855415239
414,-0.921167548801425,0.272354860700936,0.398054022174711,0.23340660352557,0.678845423292008,0.601945977825288,0.321154576707992,0.76659339647443,109,0.000718991800564103,10,728244228
739,-0.363973654925077,0.256206266056469,0.694909501944651,0.420576576052111,1.14818381096224,0.305090498055349,-0.148183810962239,0.579423423947889,139,0.155425093419649,10,378092246
989,-0.342373957171317,0.267649982038604,0.710082614566658,0.420227821582041,1.1998665809693,0.289917385433342,-0.199866580969303,0.579772178417959,128,0.200831765613716,10,208945027
314,-0.903755219645206,0.259513697377496,0.405045764438773,0.243559814953373,0.673600738780321,0.594954235561227,0.326399261219679,0.756440185046627,122,0.000496764024933111,9,534423570
40,-0.870572270665188,0.265639551995997,0.418711864154785,0.248772557050006,0.70473860647231,0.581288135845215,0.29526139352769,0.751227442949994,127,0.00104816455467916,9,206146771
290,-0.663505654162403,0.286124582640793,0.515042604702533,0.293963540502474,0.902387024613133,0.484957395297467,0.0976129753868669,0.706036459497526,111,0.0203983060693718,10,762118327
914,-0.854289887101081,0.272830479402858,0.425585297414062,0.249317573237143,0.726474443912292,0.574414702585938,0.273525556087708,0.750682426762857,115,0.00174086840833132,11,303058830
165,-1.23329972123906,0.260157890424091,0.291329683169681,0.174959665100537,0.485100290098156,0.708670316830319,0.514899709901844,0.825040334899463,130,2.13105550792411e-06,10,616926390
265,-1.01924863032332,0.243140347746187,0.360865982090276,0.224070407998379,0.581175614367254,0.639134017909724,0.418824385632746,0.775929592001621,135,2.76484474339343e-05,10,481098018
840,-1.03881404480158,0.28975004322879,0.353874112039736,0.200545586487987,0.624431030195785,0.646125887960264,0.375568969804215,0.799454413512013,126,0.000336810231644906,10,209360863
440,-1.11632120732571,0.274003380668111,0.327482320907509,0.191406093294141,0.560299145451768,0.672517679092491,0.439700854548232,0.808593906705859,132,4.61897097227371e-05,10,844809877
515,-0.897561929347301,0.255466858884674,0.407562114642264,0.247024496290915,0.672430790410573,0.592437885357736,0.327569209589427,0.752975503709085,128,0.000442380486441536,11,88950539
790,-0.84348105454155,0.230796904948829,0.43021032819649,0.273669343745453,0.676293968311922,0.56978967180351,0.323706031688078,0.726330656254547,145,0.000257536776134093,10,127873718
90,-0.902402311548567,0.256422056139183,0.405594124990065,0.24537188865551,0.670437820435967,0.594405875009935,0.329562179564033,0.75462811134449,131,0.000432838739761992,10,571307608
665,-1.20715663959836,0.286333149377093,0.299046368326916,0.170612683552266,0.524162263599363,0.700953631673084,0.475837736400637,0.829387316447734,110,2.48765836852614e-05,10,811480115
965,-1.05254874236922,0.279782827804176,0.349046983591523,0.201712268909515,0.603997949222383,0.650953016408477,0.396002050777617,0.798287731090485,127,0.000168546208321487,10,853307384
864,-1.01164136857406,0.271395863222457,0.363621652335559,0.213617662428378,0.618959614781731,0.636378347664441,0.381040385218269,0.786382337571622,124,0.000193351005656473,10,921749867
65,-0.650995975147609,0.251293671420208,0.521526090981468,0.318694434553777,0.853449053653035,0.478473909018532,0.146550946346965,0.681305565446223,129,0.00958147742180649,11,257367603
815,-0.848148890580247,0.27039704159232,0.428206856498763,0.252052632632173,0.727471520680903,0.571793143501237,0.272528479319097,0.747947367367827,126,0.00170872732217575,11,260133915
190,-0.976385628492741,0.279273219727129,0.376670067021937,0.217893017730177,0.651146791523189,0.623329932978063,0.348853208476811,0.782106982269823,135,0.000471994383199517,10,666269709
340,-0.661542092804836,0.313076675758022,0.516054916001049,0.279385955046112,0.953207101211996,0.483945083998951,0.0467928987880042,0.720614044953888,89,0.0345977397115703,10,236926278
765,-0.350458927249011,0.27726917094249,0.704364763349604,0.409058739325061,1.21285691308575,0.295635236650396,-0.212856913085752,0.590941260674939,125,0.206242072331239,10,620735028
140,-0.719319871175223,0.286248165869359,0.487083422805068,0.277938345985062,0.853607514755276,0.512916577194932,0.146392485244724,0.722061654014938,117,0.0119735143784456,10,262693794
115,-0.703006709597904,0.259863139200496,0.495094458385059,0.297503555341422,0.82391796105526,0.504905541614941,0.17608203894474,0.702496444658578,131,0.00682435510231697,10,576659327
890,-0.572196328166977,0.302095065017835,0.564284722258366,0.312143651546984,1.02009842646527,0.435715277741634,-0.0200984264652682,0.687856348453016,101,0.058212587555613,10,128654438
15,-1.52086762211055,0.280016474683415,0.218522209979122,0.126224927126447,0.378308447794338,0.781477790020878,0.621691552205662,0.873775072873553,130,5.59291574751461e-08,10,149494189
490,-0.88586840339703,0.285966066408506,0.412355926462861,0.235427658723149,0.722249080720801,0.587644073537139,0.277750919279199,0.764572341276851,124,0.00194956690974868,10,830010912
215,-0.663956378485823,0.251908604348584,0.514810514781212,0.314211745881424,0.843475362086918,0.485189485218788,0.156524637913082,0.685788254118576,127,0.00839630740209924,11,444578226
590,-0.801305034503977,0.254784658686797,0.448742956778481,0.272348225865866,0.739385177260049,0.551257043221519,0.260614822739951,0.727651774134134,137,0.0016607060271878,10,162409701
240,-0.882290126374191,0.274630035755382,0.4138340932677,0.241579877344386,0.708911100681456,0.5861659067323,0.291088899318544,0.758420122655614,130,0.00131516548901608,10,752148773
565,-1.09761686484198,0.250007065342404,0.333665306474952,0.204411183409898,0.544649930046992,0.666334693525048,0.455350069953008,0.795588816590102,147,1.13171803295122e-05,10,719156231
615,-0.961860749619722,0.273981711378124,0.382181080634277,0.223385782383629,0.653857093482991,0.617818919365723,0.346142906517009,0.776614217616371,125,0.000446970465961541,10,147960074
365,-0.754922507843616,0.285466768167418,0.470047038277848,0.268628178331957,0.82249084800309,0.529952961722152,0.17750915199691,0.731371821668043,121,0.00818069312329413,10,922089146
390,-0.95762938484061,0.255602439931799,0.383801654399536,0.232561409611832,0.633397046249786,0.616198345600464,0.366602953750214,0.767438590388168,134,0.000179277514594473,10,915970919
940,-1.27440291038163,0.308475352469926,0.279597863372307,0.152742238906962,0.511809737514563,0.720402136627693,0.488190262485437,0.847257761093038,111,3.60724134930416e-05,10,308273988
690,-1.21965720704182,0.268679443874382,0.295331387094067,0.174425207345221,0.500046005565463,0.704668612905933,0.499953994434537,0.825574792654779,130,5.64008481486814e-06,11,479850582
640,-0.792336722063338,0.285158733656937,0.452785524228901,0.258919631142014,0.791808369442614,0.547214475771099,0.208191630557386,0.741080368857986,126,0.00545968505170258,10,569223435
540,-0.848712460935016,0.251119292379409,0.427965599797679,0.261610838201919,0.700103083912843,0.572034400202321,0.299896916087157,0.738389161798081,141,0.000725601659020114,11,177757828
465,-0.838733092811656,0.281793250723866,0.432257807200166,0.248816969435368,0.750940791174737,0.567742192799834,0.249059208825263,0.751183030564632,106,0.00291641823675067,10,671468024
415,-0.95394008648766,0.264836528528831,0.385220228373276,0.229234416951586,0.647348798323332,0.614779771626724,0.352651201676668,0.770765583048414,128,0.000315783361919774,8,852667887
715,-0.981007191696026,0.274043272562622,0.374933278929694,0.219122983975235,0.64153454420308,0.625066721070306,0.35846545579692,0.780877016024765,127,0.000343919302457735,10,234016913
740,-1.22674834833317,0.305805360991028,0.293244558244078,0.161037851015374,0.533988564785027,0.706755441755922,0.466011435214973,0.838962148984626,112,6.03256997236899e-05,10,787969811
315,-0.839259946231841,0.28108616928986,0.432030130677384,0.24903079521751,0.749505833806992,0.567969869322616,0.250494166193008,0.75096920478249,117,0.0028286104526112,10,534621872
990,-0.955350038585418,0.271829768970497,0.384677469026438,0.225795265378854,0.655358095876374,0.615322530973562,0.344641904123626,0.774204734621146,116,0.000440556337259421,11,589486242
41,-1.24059096854356,0.308217396519327,0.289213251492117,0.158074954143606,0.529143312372272,0.710786748507883,0.470856687627728,0.841925045856394,102,5.69627895293347e-05,10,277727514
915,-1.28892849113056,0.269123570729353,0.275565896255283,0.162609932678433,0.466986007116456,0.724434103744717,0.533013992883544,0.837390067321567,110,1.67317716540469e-06,10,83257989
291,-1.38240445456926,0.287924383363712,0.25097437051415,0.142740657919606,0.441276757253355,0.74902562948585,0.558723242746645,0.857259342080394,116,1.57657734026076e-06,10,147858427
841,-0.684946420527876,0.251346583230309,0.504117239186803,0.3080242789682,0.825045972663605,0.495882760813197,0.174954027336395,0.6919757210318,127,0.00642805839416271,10,535385700
166,-0.558972427088449,0.289712848344252,0.571796324484545,0.324068885668004,1.00889363698119,0.428203675515455,-0.00889363698119361,0.675931114331996,106,0.0536810278326398,10,893328998
266,-0.7251507554054,0.276048742362145,0.484251559912017,0.281901841503469,0.831848320062626,0.515748440087983,0.168151679937374,0.718098158496531,111,0.00861681989015378,11,793864528
666,-0.920230468577845,0.289766318858068,0.39842720555088,0.225787267450522,0.703069929121977,0.60157279444912,0.296930070878023,0.774212732549478,111,0.00149440651819531,10,635684005
91,-0.779165664817671,0.292324911181788,0.458788635164324,0.258693332681264,0.813654567647031,0.541211364835676,0.186345432352969,0.741306667318736,103,0.00768945708377923,11,636019719
816,-1.25723956287338,0.290957331886088,0.284438117324448,0.160814226256223,0.503096302302082,0.715561882675552,0.496903697697918,0.839185773743777,113,1.55292386937423e-05,9,329861372
66,-1.10384498968047,0.269068829473478,0.331593655239738,0.195692602634658,0.561872808245728,0.668406344760262,0.438127191754272,0.804307397365343,118,4.08774765188374e-05,9,360191075
441,-0.464157668588257,0.259220358769128,0.628664426020044,0.378242318001453,1.04488298039035,0.371335573979956,-0.044882980390347,0.621757681998547,122,0.0733589355254112,10,644673244
791,-0.672662040396345,0.315745934599304,0.510348200374486,0.274854695632356,0.947610827700248,0.489651799625514,0.0523891722997523,0.725145304367644,108,0.0331394133460298,11,318314281
516,-1.16096774300039,0.275564434190832,0.313182953572057,0.182489232183488,0.537475889588362,0.686817046427943,0.462524110411638,0.817510767816512,125,2.51941199068585e-05,10,48420103
341,-0.436224700057926,0.297757660293855,0.646472447217645,0.360660217242974,1.15878215847138,0.353527552782355,-0.158782158471384,0.639339782757026,104,0.142912004603071,10,188818778
865,-1.50134197658426,0.29707648332359,0.222830925526105,0.124481124557368,0.39888474294701,0.777169074473895,0.60111525705299,0.875518875442632,107,4.3328202006775e-07,10,929275177
191,-0.673772038430435,0.275263257690018,0.509782029157969,0.297221356480007,0.874357483359031,0.490217970842031,0.125642516640969,0.702778643519993,116,0.0143756578282409,10,664158052
491,-0.976837332268176,0.280239987192561,0.376499962151968,0.217382323946688,0.65208715652151,0.623500037848032,0.34791284347849,0.782617676053312,109,0.000490819660605299,10,659856245
766,-1.3889046255725,0.281115647953246,0.249348284831354,0.143721026981563,0.432605920331435,0.750651715168646,0.567394079668565,0.856278973018437,118,7.78475089833616e-07,10,428058329
16,-0.539382091607753,0.253488335391694,0.583108448682399,0.354796781648714,0.958338633582772,0.416891551317601,0.0416613664172276,0.645203218351285,124,0.0333505244031965,10,29329133
216,-0.998171708981518,0.296034940868611,0.368552647070245,0.20630708191688,0.658392588370817,0.631447352929755,0.341607411629183,0.79369291808312,113,0.000746776538732229,10,533981425
966,-0.645759696024664,0.261526890328945,0.52426410942209,0.314006063717488,0.875310664941246,0.47573589057791,0.124689335058754,0.685993936282512,116,0.0135419130461258,11,174795007
141,-0.836340302939978,0.265699041680893,0.43329334772455,0.257405953334134,0.729365901411929,0.56670665227545,0.270634098588071,0.742594046665866,133,0.00164561696573234,9,727557371
116,-0.506551843256775,0.268138329696955,0.602569755679975,0.356260415142989,1.01917107550244,0.397430244320025,-0.0191710755024359,0.643739584857011,137,0.0588725727316594,10,856198547
891,-0.281277317325689,0.291799631622869,0.754818982071399,0.426051909858448,1.33728234168601,0.245181017928601,-0.337282341686013,0.573948090141552,101,0.335076041731837,10,137395068
616,-0.504107389692118,0.272389911056963,0.604044511218569,0.354168742704195,1.03021449252517,0.395955488781431,-0.0302144925251724,0.645831257295805,131,0.0642151648434448,11,222821788
941,-1.12596286481271,0.26660072591675,0.324340021366935,0.192339991120821,0.546929678260321,0.675659978633065,0.453070321739679,0.807660008879179,125,2.4063872502165e-05,10,80804450
591,-1.05346974358666,0.280598945431961,0.348725658887629,0.201204480778588,0.604407937119623,0.65127434111237,0.395592062880377,0.798795519221412,111,0.000173784235266293,10,733684528
391,-0.69517102271312,0.280871598954685,0.498989102217233,0.287748270753058,0.865305370836581,0.501010897782767,0.134694629163419,0.712251729246942,112,0.0133217827213143,9,56270698
241,-0.638369651197507,0.261728865168872,0.528152795777589,0.316209977394261,0.882152353275954,0.471847204222411,0.117847646724046,0.683790022605739,124,0.0147259519724333,10,531465972
366,-0.922945776909397,0.268530983041948,0.397346820293474,0.234744677923126,0.672579659714535,0.602653179706526,0.327420340285465,0.765255322076874,116,0.000588156882163551,10,889165233
566,-0.948273941549224,0.290622262472325,0.387409137502371,0.219175366550102,0.684775128622962,0.612590862497629,0.315224871377038,0.780824633449898,105,0.00110274995735934,10,131000707
416,-1.07923649292573,0.269578036086824,0.339854908238782,0.200367973647906,0.57644620819969,0.660145091761218,0.42355379180031,0.799632026352094,121,6.24309771989556e-05,10,798676614
466,-1.10863819299246,0.261894939769034,0.330008062503108,0.197514586302268,0.551378626540477,0.669991937496892,0.448621373459523,0.802485413697732,146,2.30449976026244e-05,11,607961313
641,-0.965769275893744,0.286429629630532,0.380690231249103,0.217151278132717,0.667392121357541,0.619309768750897,0.332607878642459,0.782848721867283,130,0.000746920519629656,11,760117937
691,-0.758798944553198,0.277286257426688,0.468228457766845,0.271913841374566,0.806277045531912,0.531771542233155,0.193722954468088,0.728086158625434,118,0.00620931230216383,10,62812835
541,-1.15277525036815,0.291692906636231,0.31575924131154,0.178265219236609,0.559300905137884,0.68424075868846,0.440699094862116,0.821734780763391,118,7.74953175939676e-05,10,156747032
716,-1.16581335709421,0.256152446407755,0.311669060670851,0.188649793610708,0.514909672151038,0.688330939329149,0.485090327848962,0.811350206389292,142,5.3328596716743e-06,9,374034519
741,-1.23580658705141,0.283703153949626,0.290600273395024,0.166650820442516,0.506739292810096,0.709399726604976,0.493260707189904,0.833349179557484,108,1.32470053063427e-05,10,554099836
316,-1.37665765666172,0.276232744574214,0.252420821752105,0.1468910846781,0.433765407843759,0.747579178247895,0.566234592156241,0.8531089153219,125,6.23838265534907e-07,10,361710731
292,-1.12878234211564,0.245633753327471,0.323426839990284,0.199844512554054,0.523431539296369,0.676573160009716,0.476568460703631,0.800155487445946,130,4.31945265562104e-06,10,3098170
167,-0.676419076644025,0.286235324372839,0.508434401044624,0.290128890854634,0.891002407254668,0.491565598955376,0.108997592745332,0.709871109145366,109,0.0181199800971559,10,984538453
991,-0.784590086064175,0.269772018847159,0.45630670993381,0.268922101440533,0.774260696369954,0.54369329006619,0.225739303630046,0.731077898559467,111,0.0036334731538581,10,536733260
267,-1.18622197417649,0.284079245175587,0.30537279374314,0.174993392401711,0.532891795962339,0.69462720625686,0.467108204037661,0.825006607598288,119,2.9710663161931e-05,11,597944099
916,-0.957722385941241,0.270128556128273,0.383765962082991,0.226012577828865,0.651628838838343,0.616234037917009,0.348371161161657,0.773987422171135,125,0.000391970333705256,9,94441797
42,-0.626233383271101,0.280142489911732,0.534601652989079,0.308725553217413,0.925737841912259,0.465398347010921,0.0742621580877411,0.691274446782587,121,0.0253904301781606,10,75345262
842,-1.26368904878533,0.29905957847186,0.282609540721894,0.157263104436905,0.507863257520035,0.717390459278106,0.492136742479965,0.842736895563095,119,2.38365512219503e-05,10,315528997
667,-0.993724609613836,0.256972320257114,0.37019528709854,0.223715281053847,0.612584665403273,0.62980471290146,0.387415334596727,0.776284718946153,130,0.000110160202319173,10,307596242
792,-0.92995818634408,0.263728362466875,0.394570208449608,0.235308872099155,0.661622521952186,0.605429791550392,0.338377478047814,0.764691127900845,130,0.00042157309903004,11,665294721
67,-1.26894676588757,0.299494012535204,0.281127559040537,0.156305282640512,0.505630411953888,0.718872440959463,0.494369588046112,0.843694717359488,105,2.26557674174774e-05,11,646343369
92,-1.03347842670832,0.250658072487744,0.355767295314752,0.217673461706862,0.581468992237671,0.644232704685248,0.418531007762329,0.782326538293138,129,3.73871261646293e-05,10,447800493
442,-0.404879501890072,0.26580853802888,0.667057185145926,0.396192663041311,1.1231033024163,0.332942814854074,-0.123103302416304,0.603807336958689,120,0.127708735608076,9,792223942
517,-1.26120529813498,0.262731737901265,0.283312344786181,0.169288648447514,0.474136248616395,0.716687655213819,0.525863751383605,0.830711351552486,120,1.58385561574314e-06,11,185035427
817,-0.611679337039547,0.264277149107071,0.542439165577582,0.323145358321894,0.910550749917946,0.457560834422418,0.0894492500820544,0.676854641678106,117,0.0206382639628384,10,643186270
967,-0.871513726936764,0.314424922399445,0.418317850746593,0.225874611357159,0.774721086189494,0.581682149253407,0.225278913810506,0.774125388642841,113,0.00557523272348548,10,219030424
342,-1.38576025721467,0.280049734935058,0.250133561641027,0.144475165454443,0.433062654487526,0.749866438358973,0.566937345512474,0.855524834545557,137,7.48779818845234e-07,10,767655536
767,-1.26547157460009,0.26659789170099,0.282106230634938,0.167295454571109,0.475708832419146,0.717893769365062,0.524291167580854,0.832704545428891,123,2.06718727197623e-06,10,814301982
192,-0.771286783390811,0.284565478063965,0.462417653952009,0.264735286361329,0.807712827502072,0.537582346047991,0.192287172497928,0.735264713638671,113,0.00672017451455923,10,458104575
17,-1.08057870307884,0.282799483380819,0.339399057522525,0.194980542908768,0.590785719070834,0.660600942477475,0.409214280929166,0.805019457091232,114,0.000132908074679804,10,776484613
492,-1.57237777530423,0.172198121592509,0.20755108531891,0.148098173327706,0.290870927366114,0.79244891468109,0.709129072633886,0.851901826672294,141,6.77358488473428e-20,11,131775907
142,-0.875654843243014,0.267569049468105,0.416589129761464,0.246577102939627,0.70382245945158,0.583410870238536,0.29617754054842,0.753422897060373,119,0.00106551374351173,9,382671512
217,-1.10077329802269,0.279908011244947,0.332613774648359,0.192168455534146,0.575702826867811,0.667386225351641,0.424297173132189,0.807831544465854,121,8.402319296387e-05,10,420134919
892,-0.717399675803749,0.266622378349758,0.488019616688984,0.289392918452167,0.822975031825557,0.511980383311016,0.177024968174443,0.710607081547833,132,0.00713032096039758,10,155082680
866,-0.992687244275263,0.276456933585539,0.370579514115317,0.215556358907104,0.637091742401938,0.629420485884683,0.362908257598062,0.784443641092896,126,0.000329730033722639,10,417586475
592,-1.05308902430789,0.291719662641528,0.348858450745573,0.196941399951985,0.617961579872354,0.651141549254427,0.382038420127646,0.803058600048015,107,0.000306273728809422,10,350689765
117,-0.784996268280279,0.247192193780454,0.456121403899701,0.280976549926547,0.740441631694254,0.543878596100299,0.259558368305746,0.719023450073453,130,0.00149500419344232,9,39427097
392,-1.12411344117391,0.259332043655758,0.324940418492646,0.19546090249858,0.540191282350921,0.675059581507354,0.459808717649079,0.80453909750142,120,1.45992729658986e-05,10,685000112
942,-0.931838006119108,0.267427110538698,0.393829184283283,0.233170458519152,0.665184720990274,0.606170815716717,0.334815279009726,0.766829541480848,122,0.000493138493044724,10,323307319
617,-1.33546582541858,0.26640445071261,0.263035618236144,0.156045296119808,0.443382390762678,0.736964381763856,0.556617609237323,0.843954703880192,130,5.36084884487014e-07,10,120000443
242,-1.09203215437238,0.272889675152862,0.335533943647417,0.196540632196108,0.572823166800709,0.664466056352583,0.427176833199291,0.803459367803892,132,6.2879710300168e-05,10,160283610
642,-0.985934668880942,0.259443088146135,0.37309034798087,0.224375615249294,0.620372261049096,0.62690965201913,0.379627738950904,0.775624384750706,127,0.000144581500425617,10,448439536
567,-0.935188543435086,0.277522361217508,0.392511853021371,0.227837556299831,0.676207896820672,0.607488146978629,0.323792103179328,0.772162443700169,115,0.000752289651920219,11,699229615
367,-0.584385426171063,0.254639514794433,0.557448349726066,0.33841927142745,0.918235717787519,0.442551650273934,0.0817642822124808,0.66158072857255,125,0.0217358837228203,9,145002269
542,-0.941861946221234,0.269025946653281,0.389901184039338,0.230122589881379,0.660617166674687,0.610098815960662,0.339382833325313,0.769877410118621,121,0.000463502222201784,10,878178815
467,-1.08523172096065,0.265251345129978,0.337823496039329,0.200866493256104,0.568162029546292,0.662176503960671,0.431837970453708,0.799133506743896,117,4.28899776060291e-05,9,947965186
417,-0.422998054907425,0.297894187362886,0.655079907301631,0.365364448929174,1.17452501524991,0.344920092698369,-0.17452501524991,0.634635551070826,99,0.155619106983926,10,326502484
717,-0.00260216879822986,0.264803668391765,0.997401213908237,0.593565432893809,1.67598907614217,0.00259878609176323,-0.675989076142173,0.406434567106191,130,0.992159485907572,10,699311885
692,-0.649023023161995,0.251013515105328,0.522556052616548,0.31949921171885,0.854665107488523,0.477443947383452,0.145334892511477,0.68050078828115,140,0.0097206885413849,11,55492019
742,-0.484246967027187,0.29303594785185,0.616161011666757,0.346945743173122,1.09427597763826,0.383838988333243,-0.0942759776382611,0.653054256826878,108,0.0984291457873838,10,376762825
317,-0.396906624515151,0.28962948316505,0.672396808079406,0.381147065220429,1.18620214812333,0.327603191920594,-0.186202148123325,0.618852934779571,103,0.170563816318529,11,986717606
268,-0.557201424332673,0.272134563114932,0.572809874586049,0.336023101477031,0.976454151458728,0.427190125413951,0.023545848541272,0.663976898522969,125,0.0406068880932105,10,318083239
293,-1.10349633554061,0.253241230948717,0.331709286896945,0.201928818448573,0.544900187397979,0.668290713103055,0.455099812602021,0.798071181551427,130,1.31562023335159e-05,11,856554131
43,-1.23189735789169,0.270033797036626,0.291738519841137,0.171846460097316,0.495275630995829,0.708261480158863,0.504724369004171,0.828153539902684,131,5.06658085038186e-06,10,249434196
992,-1.04118293847823,0.241068322612605,0.353036814019942,0.220101127319279,0.566262397523099,0.646963185980058,0.433737602476901,0.779898872680721,146,1.56711705667022e-05,10,881673304
168,-1.31481177173167,0.263250533119061,0.268524862452496,0.160289562214683,0.449845896132388,0.731475137547504,0.550154103867612,0.839710437785318,125,5.89802837541299e-07,9,641415324
843,-1.45701544504699,0.292884289537525,0.232930432013781,0.131196627979507,0.413551681881652,0.767069567986219,0.586448318118348,0.868803372020493,121,6.5344192005183e-07,10,159200513
917,-1.21827894108804,0.301369755141732,0.295738712927165,0.163825604001131,0.533868847040616,0.704261287072835,0.466131152959384,0.836174395998869,114,5.28905221138354e-05,10,631253717
443,-0.771740913439067,0.292446498462452,0.462207703876432,0.260559114145407,0.819913600886373,0.537792296123568,0.180086399113627,0.739440885854593,111,0.00831722831637391,10,829961826
668,-1.00197694111468,0.267607197701427,0.367152883596348,0.217299778594573,0.620346881183984,0.632847116403652,0.379653118816016,0.782700221405427,134,0.000180963882629558,10,575019539
793,-0.969284544879395,0.276681691294447,0.379354352049047,0.220563268120943,0.65246459958891,0.620645647950953,0.34753540041109,0.779436731879057,113,0.000459621551125712,11,250858912
518,-0.71129314930801,0.269446790738175,0.491008839002446,0.289558145273508,0.832612322995798,0.508991160997554,0.167387677004202,0.710441854726492,117,0.00829481435566833,11,257291259
68,-0.605620771138394,0.269469746703837,0.545735544591217,0.321817144294655,0.925454998002162,0.454264455408783,0.0745450019978381,0.678182855705345,138,0.0246110483214651,11,625035522
18,-0.33651643813576,0.264325301764079,0.71425414247309,0.425459928795931,1.19907644765452,0.28574585752691,-0.199076447654517,0.574540071204069,127,0.20297732875917,10,143060469
93,-0.805903286141846,0.2867963263332,0.446684260571502,0.25461217938923,0.78364997747138,0.553315739428498,0.21635002252862,0.74538782061077,119,0.00495384895014162,11,851459162
143,-0.921119995531551,0.273343491873934,0.398072951395122,0.232965851786635,0.680194429428879,0.601927048604878,0.319805570571121,0.767034148213365,114,0.000752156724978485,10,700748807
768,-0.939976913079801,0.266039964055497,0.390636853856288,0.231910058566122,0.65800143613534,0.609363146143712,0.34199856386466,0.768089941433878,115,0.000410535415362909,10,930459903
493,-0.635520003173606,0.265112724334534,0.529659991817572,0.315016142728451,0.8905566060912,0.470340008182428,0.1094433939088,0.684983857271549,134,0.0165223014325548,11,117373982
867,-0.836950583257918,0.277202769934858,0.433028997994462,0.251513646935629,0.745542499934723,0.566971002005538,0.254457500065277,0.748486353064371,112,0.00253382866065136,11,814006682
193,-1.14556155334295,0.288818073658504,0.318045268250896,0.180570395260307,0.560184810533111,0.681954731749104,0.439815189466889,0.819429604739693,117,7.2973206696946e-05,10,128810548
968,-0.782054028304973,0.25933506863778,0.45746539873596,0.275176815420613,0.760509531737877,0.54253460126404,0.239490468262123,0.724823184579387,133,0.00256460931783885,10,574983801
218,-0.876429533267611,0.278733781626593,0.416266527292873,0.241053179856183,0.71883649013819,0.583733472707127,0.28116350986181,0.758946820143817,112,0.00166470577346273,8,866885020
593,-1.19196972213627,0.293922712027509,0.303622622480892,0.170665862941578,0.540158970829049,0.696377377519108,0.459841029170951,0.829334137058422,99,5.00518189968115e-05,9,601894271
818,-0.801083540335073,0.289125421099409,0.448842361735146,0.254677063843912,0.791038904906867,0.551157638264854,0.208961095093133,0.745322936156088,114,0.00559337169897244,11,784223043
893,-0.921286974495638,0.268208576421228,0.398006487135288,0.235283025746229,0.673270684527104,0.601993512864712,0.326729315472896,0.764716974253771,125,0.000592631165355431,10,931530090
343,-1.16329023355648,0.259866973969641,0.312456433115076,0.187754476957668,0.51998239497111,0.687543566884924,0.48001760502889,0.812245523042332,119,7.58825128017182e-06,11,750777858
393,-0.71663918817927,0.219397996916367,0.48839089072474,0.317698849067463,0.750791709957546,0.51160910927526,0.249208290042454,0.682301150932537,102,0.00108928530057806,10,752383770
118,-0.413885989088861,0.260416426720341,0.6610763168828,0.396811942720141,1.10133251975117,0.3389236831172,-0.101332519751166,0.603188057279859,130,0.111987339192351,10,908749894
243,-0.659093868766165,0.275243828211209,0.517319881879783,0.301627683270914,0.887252314794142,0.482680118120217,0.112747685205858,0.698372316729086,112,0.016639330259037,11,962813209
943,-0.891879434908443,0.268691142695221,0.409884676815757,0.242075795442462,0.694020019561561,0.590115323184243,0.305979980438439,0.757924204557539,116,0.000902278768547582,11,938472153
618,-0.850170549789463,0.273881671311255,0.427342042637874,0.249831456722903,0.730977691125832,0.572657957362126,0.269022308874168,0.750168543277097,106,0.00190824768108926,9,51996866
643,-0.658327482217586,0.289350218176532,0.517716500840875,0.29362745096877,0.912824650279128,0.482283499159125,0.0871753497208716,0.70637254903123,114,0.0228943771413196,11,596216821
568,-0.724640145937467,0.270948142579094,0.484498886481639,0.284879570669669,0.823994400336061,0.515501113518361,0.176005599663939,0.715120429330331,123,0.0074849559314723,9,385546045
368,-1.0935223396913,0.274346621910851,0.335034308257715,0.195688369241641,0.573605821054795,0.664965691742285,0.426394178945205,0.804311630758359,134,6.72205497860953e-05,11,735935627
543,-1.04497744554931,0.257411533989963,0.351699751683318,0.212355232548541,0.582480185911279,0.648300248316682,0.417519814088721,0.787644767451459,128,4.91653728840319e-05,11,420574918
418,-0.857609383120815,0.283315304620075,0.424174910894551,0.243436980619811,0.739100339538791,0.575825089105449,0.260899660461209,0.756563019380189,109,0.00246953710929352,10,234375636
743,-1.37006099523735,0.289437852690449,0.254091460711172,0.14408544860942,0.448084598614464,0.745908539288828,0.551915401385537,0.855914551390579,110,2.20654960144556e-06,10,266446483
468,-0.739170893843639,0.247413429634443,0.477509657639122,0.294024463706638,0.775498304678937,0.522490342360878,0.224501695321063,0.705975536293362,133,0.00281182751880355,10,375104448
718,-1.39510859176135,0.279446704183268,0.247806125202482,0.143300125615265,0.428526321412567,0.752193874797518,0.571473678587433,0.856699874384735,130,5.96348447444586e-07,10,28524363
693,-0.581042441070549,0.284049073362408,0.559315009623205,0.320533528591549,0.975976776483952,0.440684990376795,0.024023223516048,0.679466471408451,106,0.0407986338483319,10,505092269
318,-0.751105637902299,0.271508451031733,0.471844574988893,0.277134474406952,0.803354773609012,0.528155425011107,0.196645226390988,0.722865525593048,121,0.00566759825076347,10,570783440
993,-0.67323292554458,0.279823063649113,0.510056933314393,0.294735760153306,0.88268242403556,0.489943066685607,0.11731757596444,0.705264239846694,110,0.0161316358919708,10,846704106
844,-0.741921219372989,0.261605112825541,0.476198154993525,0.285173412545154,0.795181713454202,0.523801845006475,0.204818286545798,0.714826587454846,124,0.00456774600846565,10,338366158
294,-1.01324101837829,0.302444778689046,0.363040450014611,0.200684372352108,0.656744552662855,0.636959549985389,0.343255447337145,0.799315627647892,113,0.00080762368909897,10,922308962
269,-0.428720270710242,0.289087111807581,0.651342103164053,0.369604930854222,1.14783786670179,0.348657896835947,-0.147837866701787,0.630395069145778,126,0.138070657479014,11,717687225
669,-1.05288425280058,0.272243454575092,0.348929894330927,0.204646409907538,0.594938710201663,0.651070105669073,0.405061289798337,0.795353590092462,113,0.000109985489109228,10,150653176
169,-0.442465063400765,0.2603927504492,0.642450785621672,0.385649838214308,1.07025329987703,0.357549214378328,-0.0702532998770258,0.614350161785692,121,0.0892773820714105,11,355325579
444,-1.05150113855611,0.27393158817894,0.349412838144342,0.20425272872211,0.597736599280339,0.650587161855658,0.402263400719661,0.79574727127789,124,0.000123761099763934,10,812231145
44,-0.375565279628497,0.252707711479851,0.686900877950671,0.418590027486868,1.1271955496938,0.313099122049329,-0.1271955496938,0.581409972513132,117,0.13723556272243,9,351839321
69,-1.07339366596251,0.275224308061514,0.341846434064958,0.199324047858749,0.586276396342001,0.658153565935042,0.413723603657999,0.800675952141251,116,9.61654590465095e-05,10,978489239
794,-1.16073426991755,0.247886847503211,0.313256081898136,0.192707157068101,0.509214988893711,0.686743918101864,0.490785011106289,0.807292842931899,133,2.83374278548988e-06,11,943480582
918,-1.31016932727079,0.278530042776206,0.269774372358819,0.156284349187687,0.465678184411115,0.730225627641181,0.534321815588885,0.843715650812313,107,2.55274860264609e-06,10,811529788
94,-0.924542224919644,0.259954271664229,0.396712982831735,0.238343293478904,0.660313065453138,0.603287017168265,0.339686934546862,0.761656706521096,131,0.000375746761324877,11,299262765
519,-0.909893795160902,0.285888207671526,0.402566976324293,0.229873898960201,0.704995961524722,0.597433023675707,0.295004038475278,0.770126101039799,110,0.00145913295671068,10,878330680
19,-0.831165933032517,0.288979175936792,0.435541178322318,0.247200702851882,0.767376936335232,0.564458821677682,0.232623063664768,0.752799297148118,112,0.00402476824252939,11,342564666
144,-0.529049970334532,0.286174814055061,0.58916442756951,0.336235894238903,1.0323547505213,0.41083557243049,-0.0323547505212971,0.663764105761097,117,0.0645018547482427,11,407673428
219,-1.02280924658286,0.253753022566648,0.359583361621666,0.218677763609054,0.591281856102648,0.640416638378334,0.408718143897352,0.781322236390946,132,5.56045166148779e-05,11,75004541
769,-0.896734196819624,0.260252811020589,0.407899606718918,0.244920812909712,0.679330136074566,0.592100393281082,0.320669863925434,0.755079187090288,118,0.000569735495573573,8,474826856
819,-0.86782119095578,0.274993292924531,0.419865359820095,0.244926248305937,0.719755116473504,0.580134640179905,0.280244883526496,0.755073751694063,132,0.00160063844532578,10,695110489
494,-0.90948183798556,0.267421539355131,0.402732850842998,0.238444565888007,0.68021574970305,0.597267149157002,0.31978425029695,0.761555434111993,136,0.000671571122679041,11,489824493
119,-0.813605415054023,0.264987484415193,0.443257056141299,0.263692575568054,0.745098027109008,0.556742943858701,0.254901972890992,0.736307424431946,121,0.00213805102818918,9,731684296
969,-0.995277498302126,0.262345161183211,0.369620861149959,0.221028292402024,0.618109019042426,0.630379138850041,0.381890980957574,0.778971707597976,125,0.000148376448440642,10,716237171
944,-0.605472649759462,0.264227992888985,0.545816385679612,0.325188586258932,0.916131560162261,0.454183614320388,0.0838684398377387,0.674811413741068,113,0.0219357791221637,11,535292927
594,-0.57361068472019,0.285022147061157,0.563487186596406,0.322309238025333,0.985134063806689,0.436512813403594,0.0148659361933109,0.677690761974667,120,0.0441659215155749,9,632850078
394,-1.17772911780711,0.281752139718251,0.307977325320734,0.177292713417598,0.534991151544406,0.692022674679266,0.465008848455594,0.822707286582402,113,2.91485557192858e-05,10,587888566
868,-0.628017814617673,0.262086705734227,0.533648543673533,0.319276328160041,0.891957038613064,0.466351456326467,0.108042961386936,0.680723671839959,126,0.0165650739131007,9,525836214
894,-0.915116211691718,0.265461412405968,0.400470084080555,0.2380175141167,0.673800366492586,0.599529915919445,0.326199633507414,0.7619824858833,126,0.000566289856396833,9,247285557
194,-0.309593065807127,0.272955172645975,0.733745481605408,0.429739798342577,1.2528102676382,0.266254518394592,-0.252810267638205,0.570260201657423,118,0.256699434559662,9,757539115
344,-1.37773043404344,0.261903136951775,0.252150175601347,0.150913093150169,0.421300165072648,0.747849824398653,0.578699834927352,0.849086906849831,128,1.43697078731384e-07,11,581600538
419,-0.910306936945493,0.264182970398421,0.402400693436846,0.239764989869556,0.67535430492396,0.597599306563154,0.32464569507604,0.760235010130444,123,0.000569489166617315,10,232646390
644,-0.852446616639886,0.259059240912981,0.426370489660023,0.256611143894743,0.708432968630136,0.573629510339977,0.291567031369864,0.743388856105257,121,0.000999927841990627,10,717048874
244,-1.27381417354859,0.268834689913486,0.27976252139828,0.165179835980562,0.473829435139607,0.72023747860172,0.526170564860393,0.834820164019438,129,2.1553930876416e-06,11,577753488
369,-0.846987574967792,0.256308736760443,0.428704428669819,0.259410516070889,0.70848125181977,0.571295571330181,0.29151874818023,0.740589483929111,137,0.00095125644012838,10,363573020
619,-1.34980883990751,0.291872214696406,0.259289821774999,0.1463333751517,0.459438672868811,0.740710178225001,0.540561327131189,0.8536666248483,118,3.75219042879129e-06,9,88834502
694,-0.853395583155268,0.2738248237552,0.425966070262771,0.249054787702117,0.728542882829977,0.574033929737229,0.271457117170023,0.750945212297883,122,0.00182965171826832,9,334087661
719,-1.08173238387798,0.272222253836653,0.339007725126356,0.198835347311282,0.577997017378538,0.660992274873644,0.422002982621462,0.801164652688718,134,7.07616121320849e-05,11,937295823
544,-0.484985857361196,0.260980251094215,0.615705904408926,0.369170105672813,1.02688098223207,0.384294095591074,-0.0268809822320666,0.630829894327188,128,0.0631230213137669,10,484927049
744,-0.803502371055001,0.264901087863196,0.44775800001459,0.266415285826788,0.752536499378698,0.55224199998541,0.247463500621302,0.733584714173212,128,0.0024196187861533,11,525528564
569,-0.666903292765664,0.261663355664213,0.513295645515026,0.307354324348936,0.857226981474221,0.486704354484974,0.142773018525779,0.692645675651064,116,0.0108123019615426,8,96957630
469,-0.780536349126752,0.247830329719793,0.458160211564493,0.281879707089929,0.744682125676583,0.541839788435507,0.255317874323417,0.718120292910071,129,0.00163562021186709,11,742376127
845,-1.29321105068103,0.284871615737069,0.274388292273881,0.156993769718417,0.479566387073924,0.725611707726119,0.520433612926076,0.843006230281583,113,5.63536677495085e-06,11,898773098
319,-0.786024956462873,0.266670626577727,0.455652438452643,0.270173811638676,0.768465098110638,0.544347561547357,0.231534901889362,0.729826188361324,124,0.00320303139231577,10,825102084
170,-1.07814345765559,0.281695852562111,0.34022658473097,0.195879190797178,0.590946534374634,0.65977341526903,0.409053465625366,0.804120809202822,118,0.000129539913803038,10,646033045
295,-1.01425499658132,0.266741102932315,0.36267252147876,0.215012749733826,0.611737480677729,0.63732747852124,0.388262519322271,0.784987250266174,118,0.000143304093367062,9,140150770
670,-0.935652959329367,0.272393167819493,0.392329606600477,0.230032711124681,0.669133183114363,0.607670393399523,0.330866816885637,0.769967288875319,116,0.000592694902786373,10,191213719
994,-0.945039708372089,0.258567694189187,0.38866413737515,0.234143038075686,0.645160381120279,0.61133586262485,0.354839618879721,0.765856961924314,126,0.000257279748384335,11,78656258
445,-0.897668637684761,0.270120105922838,0.407518626686904,0.240005289381441,0.691949046309736,0.592481373313096,0.308050953690264,0.759994710618559,119,0.000889845882167741,9,437833246
270,-1.05835862809085,0.239447132145361,0.347024940113939,0.217041568626304,0.554853661551026,0.652975059886061,0.445146338448974,0.782958431373696,152,9.86965065441432e-06,10,901723623
795,-0.727237998651847,0.251522319077217,0.483241863221877,0.295167382469186,0.791153468302108,0.516758136778123,0.208846531697892,0.704832617530814,132,0.00383595796035852,10,219624557
45,-1.10044455247187,0.280119234108769,0.332723137922273,0.192152075090797,0.576130580200776,0.667276862077727,0.423869419799224,0.807847924909203,110,8.54822462575642e-05,11,851378880
70,-0.794614282840869,0.291484931489721,0.451755451150578,0.255147300750613,0.799863400646898,0.548244548849422,0.200136599353102,0.744852699249387,116,0.00640894364452404,10,238516809
520,-0.949283057963276,0.251851553934298,0.38701839376888,0.236240946951399,0.634027415858006,0.61298160623112,0.365972584141994,0.763759053048601,133,0.000163760730974402,10,30823294
919,-1.10321011930201,0.273193797168182,0.331804241069416,0.194240125976261,0.566793569754512,0.668195758930584,0.433206430245488,0.805759874023739,122,5.38638226175209e-05,9,809694202
770,-0.917378812848714,0.25780937493278,0.399565004308361,0.241068078352025,0.6622701510683,0.600434995691639,0.3377298489317,0.758931921647975,135,0.000373176257632074,10,110073182
595,-0.781616073680675,0.282792787802975,0.457665791701102,0.262926763105728,0.796640001265939,0.542334208298898,0.203359998734061,0.737073236894272,103,0.00571118914408706,10,409763386
95,-0.824713982698027,0.28554017778468,0.438360353181937,0.250483445293141,0.767155685745648,0.561639646818063,0.232844314254352,0.749516554706859,107,0.00387380778850222,11,340960391
970,-0.718956277357753,0.255006796958654,0.487260555526422,0.295596356663317,0.803199510480912,0.512739444473578,0.196800489519088,0.704403643336683,125,0.00481193319512504,10,42669325
20,-1.03950248334563,0.22867740968399,0.353630575300926,0.225891164117807,0.553605468704591,0.646369424699074,0.446394531295409,0.774108835882193,154,5.47489049347113e-06,11,829425596
145,-0.420614144449042,0.279258623133723,0.656643422042837,0.379860580059831,1.13510220945857,0.343356577957163,-0.13510220945857,0.620139419940169,117,0.132020612430852,10,593574680
820,-0.991170318145921,0.253123637620705,0.3711420824427,0.225985705543377,0.609536098881545,0.6288579175573,0.390463901118455,0.774014294456623,143,9.01214837348482e-05,10,338467696
220,-0.650723145607631,0.298011479693387,0.521668398116869,0.290888597145617,0.935539998006829,0.478331601883131,0.0644600019931708,0.709111402854383,104,0.0289952868527151,10,152700127
345,-0.892060666464549,0.268128290248497,0.409810399508853,0.242299077461891,0.693129191018152,0.590189600491147,0.306870808981848,0.757700922538109,121,0.000877889057088522,11,405975746
945,-0.978426016700678,0.280704860828693,0.375902297399308,0.216839585918342,0.651645485263426,0.624097702600692,0.348354514736574,0.783160414081658,109,0.00049102710757689,10,653401313
120,-0.437188018624019,0.264855402202625,0.645849988168088,0.384314109202977,1.08536792490336,0.354150011831912,-0.0853679249033639,0.615685890797023,133,0.0988066310278124,10,506548293
495,-0.967127955575459,0.256048227920937,0.380173346386872,0.230161679974593,0.627957587548661,0.619826653613128,0.372042412451339,0.769838320025407,126,0.000158644660483119,11,341172611
895,-0.905233539550943,0.262997404702659,0.404447419603979,0.241545122475039,0.677213903341065,0.595552580396022,0.322786096658935,0.758454877524961,121,0.000577458880643272,10,436550706
395,-0.986597806280825,0.251657417573392,0.372843019832925,0.227674732336599,0.610572442587159,0.627156980167075,0.389427557412841,0.772325267663401,132,8.84020169624735e-05,10,263494827
645,-0.650299755474311,0.290879811215893,0.521889314133027,0.295108052723706,0.922944845768901,0.478110685866973,0.0770551542310993,0.704891947276294,100,0.02537599003039,10,181081021
195,-0.931814390063288,0.267709668845044,0.393838485085107,0.233046867095106,0.665568922970469,0.606161514914893,0.334431077029531,0.766953132904894,119,0.000500123807171909,10,126024875
420,-1.10182861231911,0.280310649902827,0.332262947725676,0.191814332967188,0.575549619903746,0.667737052274324,0.424450380096254,0.808185667032812,123,8.46843994299199e-05,10,565245699
620,-0.793869055434777,0.258233898313081,0.452092237169125,0.272532284759266,0.749956619228158,0.547907762830875,0.250043380771842,0.727467715240734,138,0.00211050333923024,11,652609034
545,-1.15368892316566,0.250886550106507,0.315470872439647,0.192931991932918,0.515839132539695,0.684529127560353,0.484160867460305,0.807068008067082,133,4.25648549862525e-06,10,860038527
370,-0.883955850823855,0.285156121461498,0.413145333501685,0.236253102868522,0.722483914588879,0.586854666498315,0.277516085411121,0.763746897131478,108,0.00193585095507341,8,793831366
245,-0.962816778011353,0.258395031802334,0.381815879269699,0.230095293999851,0.633578215044188,0.618184120730301,0.366421784955812,0.769904706000149,135,0.000194432307137022,11,483170922
695,-1.23467710681429,0.259487931745982,0.290928686093637,0.174948417183641,0.483796891419286,0.709071313906363,0.516203108580714,0.825051582816359,137,1.9539541832803e-06,10,141713917
470,-1.13275538081568,0.279118488077876,0.322144401913368,0.186407980302098,0.556719811651506,0.677855598086632,0.443280188348494,0.813592019697902,122,4.94245541640524e-05,11,506584760
869,-0.99294179222213,0.272499642494837,0.370485195865616,0.217179456807727,0.632008581166597,0.629514804134384,0.367991418833403,0.782820543192273,105,0.000268613094106787,10,540906065
570,-0.521930667046247,0.260754789169134,0.593373834057488,0.355937308764283,0.989198092682256,0.406626165942512,0.0108019073177442,0.644062691235717,127,0.0453261669857899,11,470615727
745,-0.946444572868474,0.282344688740039,0.388118500290359,0.223168096833471,0.674988819661096,0.611881499709641,0.325011180338904,0.776831903166529,121,0.000802041818812421,11,601634032
720,-1.0217334746901,0.258763926078939,0.359970399440079,0.216773673214444,0.597760265587529,0.640029600559921,0.402239734412471,0.783226326785556,117,7.86371960713197e-05,10,156507714
320,-0.490200220140305,0.258912797808289,0.612503746320514,0.368741294780732,1.01740934516095,0.387496253679486,-0.0174093451609481,0.631258705219268,134,0.0583176668756733,10,445665842
296,-1.59882731587779,0.29013959621776,0.202133417712758,0.114464508330251,0.356948360258165,0.797866582287242,0.643051639741835,0.885535491669749,119,3.57724235740007e-08,9,849554567
446,-0.689891527885035,0.257673624201214,0.501630479034012,0.302727399182746,0.831220227092791,0.498369520965988,0.168779772907209,0.697272600817254,131,0.00741992922522362,11,284316522
671,-0.845296908869761,0.270125281438076,0.42942983775293,0.252907180819126,0.729160733812432,0.57057016224707,0.270839266187568,0.747092819180874,122,0.00175236854630653,10,824639410
171,-1.08354951979202,0.301338004850156,0.33839226137389,0.187465367655078,0.610829210696792,0.66160773862611,0.389170789303208,0.812534632344922,106,0.000323403114830092,9,229859546
46,-0.526780950859805,0.317834027278092,0.590502770918843,0.316724110671602,1.10093772691773,0.409497229081157,-0.100937726917727,0.683275889328398,106,0.0974368298756712,11,335186176
846,-1.19258664413924,0.26225643487591,0.30343536877089,0.181481817164069,0.507340208842448,0.69656463122911,0.492659791157552,0.818518182835931,136,5.43110085431539e-06,11,764216325
271,-1.27937838433811,0.278962235546945,0.278210186522523,0.161034875562264,0.480646863697364,0.721789813477477,0.519353136302636,0.838965124437736,125,4.51372437929949e-06,10,483164435
995,-1.21198563983715,0.252283646362967,0.297605754504604,0.181508553330997,0.487961495416368,0.702394245495396,0.512038504583632,0.818491446669003,144,1.5548061757156e-06,9,974500285
71,-0.45543994853078,0.2920730104408,0.634168904888066,0.357760135449578,1.12413363054423,0.365831095111934,-0.124133630544228,0.642239864550422,109,0.118916884496644,9,561366739
771,-0.930444599933711,0.248078485674273,0.394378330807884,0.242520388173963,0.64132450464019,0.605621669192116,0.35867549535981,0.757479611826037,136,0.000176407871062788,10,87702154
796,-1.21572855257234,0.268156733316212,0.296493924175955,0.175291304454075,0.501500330247634,0.703506075824045,0.498499669752366,0.824708695545925,128,5.79732890481808e-06,10,684281226
521,-0.947868842527443,0.251247450961304,0.387566108357225,0.236855554669743,0.63417338283075,0.612433891642775,0.36582661716925,0.763144445330257,139,0.000161522420775835,10,829419256
596,-0.811272074303644,0.282295225530582,0.444292533484223,0.255492927854604,0.772607903347382,0.555707466515777,0.227392096652618,0.744507072145396,117,0.00405510867676586,11,221512096
21,-1.0693976803527,0.260243091196112,0.343215180420284,0.206085372522811,0.571591562413727,0.656784819579716,0.428408437586273,0.79391462747719,120,3.96987401732691e-05,10,58096295
920,-1.00821630646525,0.266175332407568,0.364869214348004,0.216555075940478,0.61476067000859,0.635130785651996,0.38523932999141,0.783444924059522,126,0.00015199312854904,10,918872342
146,-0.632284168620384,0.273362941073539,0.53137665984954,0.310967868819748,0.908007491913975,0.46862334015046,0.091992508086025,0.689032131180252,118,0.0207235068339629,11,865258079
96,-1.09158548338646,0.270414917237148,0.335683850401842,0.197584491303703,0.570306134237034,0.664316149598158,0.429693865762966,0.802415508696297,136,5.42069595883771e-05,10,875381424
971,-1.03406550128872,0.263187867637598,0.355558494675905,0.212268299023513,0.595575711106027,0.644441505324095,0.404424288893973,0.787731700976487,134,8.5299341823706e-05,10,629518727
121,-0.879603003807513,0.284017170008353,0.414947611608686,0.237813998915807,0.724017598479181,0.585052388391314,0.275982401520819,0.762186001084193,112,0.0019548562875568,10,627145815
496,-1.06476390462588,0.270233956348476,0.344809253027558,0.203027726308048,0.585601893571073,0.655190746972442,0.414398106428927,0.796972273691952,121,8.14286899094135e-05,11,97125590
221,-0.362156985065547,0.27250066636337,0.696173070487867,0.408097779807146,1.18760005090333,0.303826929512133,-0.187600050903334,0.591902220192854,129,0.183843612022953,10,5504016
396,-0.685766400250553,0.257448432659794,0.503704042702339,0.304112963499389,0.834287889983977,0.496295957297661,0.165712110016023,0.695887036500611,122,0.00772855524497272,10,838791791
946,-1.13913518349116,0.290623209633597,0.320095726218233,0.181092703021022,0.565794602620094,0.679904273781767,0.434205397379906,0.818907296978978,115,8.86853534229509e-05,11,635799165
196,-1.25445895787703,0.296045808782022,0.285230127998748,0.159661699414223,0.509553801673584,0.714769872001252,0.490446198326416,0.840338300585777,111,2.26141960464411e-05,10,560402304
821,-0.962667859521371,0.295754655954579,0.381872742947812,0.213880820327454,0.681813318198536,0.618127257052188,0.318186681801464,0.786119179672546,113,0.00113410653546461,11,937996127
346,-0.844122674412785,0.250951836557981,0.429934385235819,0.262900607648227,0.703092994959642,0.570065614764181,0.296907005040358,0.737099392351773,135,0.000769095525099774,11,718122667
896,-1.47394905168777,0.28357480594094,0.229019288048735,0.131368955776308,0.399255927615499,0.770980711951265,0.600744072384501,0.868631044223692,113,2.01722411227061e-07,10,768752697
646,-0.758616592818415,0.293514141428322,0.468313847823669,0.263449458177622,0.832485523335345,0.531686152176331,0.167514476664655,0.736550541822378,112,0.00974920835019938,10,461156459
696,-0.818144860537381,0.303207733254555,0.441249474999849,0.243552903420512,0.799420152472895,0.558750525000151,0.200579847527105,0.756447096579488,94,0.00696949929826672,10,54702999
371,-0.899779758225584,0.276783791738374,0.406659213225231,0.236391483113649,0.699567148201609,0.593340786774769,0.300432851798391,0.763608516886351,127,0.00115064685891112,10,83404350
421,-0.675516198526135,0.251722552364541,0.508893662637133,0.310713710662694,0.833477091564114,0.491106337362867,0.166522908435886,0.689286289337306,135,0.00728397653095946,10,550032229
246,-0.917272973770625,0.259648984684595,0.399607296138078,0.240225879812217,0.664732672647974,0.600392703861922,0.335267327352026,0.759774120187783,123,0.00041127302038051,10,582953484
870,-0.924021679767681,0.288306063634992,0.39691954360911,0.225577571588786,0.698407749446205,0.60308045639089,0.301592250553795,0.774422428411214,106,0.00135061266708623,10,145641044
546,-1.46091902882086,0.291739845781364,0.232022940944996,0.130978954755561,0.411017519762881,0.767977059055004,0.588982480237119,0.869021045244439,121,5.51103910596563e-07,8,349931664
621,-0.488841322714148,0.268578537874291,0.613336641866538,0.362313440533312,1.03827734268537,0.386663358133462,-0.0382773426853735,0.637686559466688,123,0.068742912568596,11,270423916
746,-1.24197280616517,0.26615119165795,0.288813881736163,0.171423263397183,0.486593573301914,0.711186118263837,0.513406426698086,0.828576736602817,137,3.06495348488377e-06,10,900640399
571,-0.949756948318879,0.285813146719976,0.386835032934528,0.220923139682353,0.677345718156162,0.613164967065472,0.322654281843838,0.779076860317647,126,0.00089055068859802,11,915486755
721,-0.604782049122419,0.268948703457504,0.546193457011136,0.322416264446243,0.925286114192034,0.453806542988864,0.0747138858079665,0.677583735553757,109,0.0245322757630967,11,284299289
471,-1.07330222696629,0.276168787924199,0.341877693588898,0.198973604262607,0.58741639528932,0.658122306411102,0.41258360471068,0.801026395737393,119,0.000101742038107556,10,624556760
321,-1.05506900232041,0.271230229619579,0.348168402049671,0.204605716925356,0.592462605676094,0.651831597950329,0.407537394323906,0.795394283074644,117,0.000100269493422209,10,23824660
847,-1.31969222952334,0.270681608724392,0.26721753097825,0.157202824136968,0.454223448300763,0.73278246902175,0.545776551699237,0.842797175863032,131,1.0856560875949e-06,11,727376853
672,-1.30493171345236,0.277207277321785,0.271191053114092,0.157512888352408,0.466911552815837,0.728808946885908,0.533088447184163,0.842487111647592,135,2.5086887902074e-06,10,493988405
297,-1.28374599072958,0.26662188506372,0.276997723641418,0.164258268335108,0.467116448263005,0.723002276358582,0.532883551736995,0.835741731664892,137,1.47306053738179e-06,11,770559909
47,-0.902157826867308,0.268063700243229,0.405693298663162,0.239895222254332,0.686078909923873,0.594306701336838,0.313921090076127,0.760104777745668,138,0.000764159741855824,11,476492551
447,-0.750412576252635,0.28588233343585,0.472171705716206,0.269622713770246,0.826881817786803,0.527828294283794,0.173118182213197,0.730377286229754,110,0.00866743840449849,10,540691659
272,-0.771530243317317,0.243656948438647,0.46230508748723,0.286765896751663,0.745297806808807,0.53769491251277,0.254702193191193,0.713234103248337,131,0.00154305995153839,10,18548612
172,-1.06403058043829,0.255980679555632,0.345062202728642,0.208932615452789,0.569886723975115,0.654937797271358,0.430113276024885,0.791067384547211,122,3.22901310823716e-05,10,543099269
72,-0.958311401189364,0.266159040288626,0.383539984638227,0.227643713050933,0.646198033957472,0.616460015361773,0.353801966042528,0.772356286949067,125,0.000317579316552773,10,956960042
996,-0.806415719736188,0.254239271254176,0.44645542318731,0.271249685154173,0.734830142862909,0.55354457681269,0.265169857137091,0.728750314845827,133,0.00151457093805597,10,211972624
797,-1.01040217294634,0.27256108540451,0.364072530002398,0.21339463437801,0.621144048390403,0.635927469997602,0.378855951609597,0.78660536562199,124,0.000209673583771441,11,616265937
921,-0.706172448578423,0.249515308950334,0.493529596837618,0.302639343557876,0.804824184758123,0.506470403162382,0.195175815241877,0.697360656442124,138,0.00465222823568103,10,530677515
772,-0.647295641546353,0.290870081063752,0.52345948639779,0.296001568817929,0.925703992023038,0.47654051360221,0.0742960079769618,0.703998431182071,116,0.0260559279748987,10,614884152
97,-0.7992705665913,0.26190287285102,0.449656839242142,0.269121920816053,0.751299903271103,0.550343160757858,0.248700096728897,0.730878079183948,132,0.00227486980444492,10,133330069
522,-0.841177793396809,0.265092687780863,0.431202356941563,0.256468375591786,0.724984014902123,0.568797643058437,0.275015985097877,0.743531624408214,127,0.00150796688639767,10,53649340
597,-1.01572270162797,0.266373092754412,0.362140615624642,0.214852320152748,0.610399856942469,0.637859384375358,0.389600143057531,0.785147679847252,118,0.000137202312844863,10,635574297
222,-0.760823883413058,0.298928685338815,0.467281283076487,0.260093696788134,0.839512068958255,0.532718716923513,0.160487931041745,0.739906303211866,104,0.0109225007646281,10,273654
22,-1.24996813175291,0.272732734479306,0.286513927411335,0.167878551500553,0.488985816633028,0.713486072588665,0.511014183366972,0.832121448499447,119,4.58078674481531e-06,10,242415698
947,-0.714775095962266,0.260748721664654,0.489302145450545,0.293513043510286,0.815693185826393,0.510697854549455,0.184306814173607,0.706486956489714,121,0.00612075880900873,11,270512661
147,-0.766419093724677,0.268877219535074,0.464674046842445,0.274334048438001,0.787076817618329,0.535325953157555,0.212923182381671,0.725665951561999,125,0.00436584230904649,10,552510114
972,-1.03105865187216,0.272857015335026,0.356629214468053,0.208910661600899,0.608798017475398,0.643370785531947,0.391201982524602,0.791089338399101,130,0.000157617087746469,10,976574117
122,-0.911468307308238,0.285644004153505,0.401933628467744,0.229622122265207,0.703549989432899,0.598066371532256,0.296450010567101,0.770377877734793,119,0.00141818581952855,10,750678208
822,-0.559742404674662,0.306936599656431,0.57135622358647,0.313070433832415,1.0427300024305,0.42864377641353,-0.0427300024304991,0.686929566167585,112,0.0682062470097291,10,301564741
397,-0.610958298490664,0.25050264399063,0.54283042616642,0.332227780741601,0.886936278821308,0.45716957383358,0.113063721178692,0.667772219258399,143,0.0147308401376983,11,211670201
197,-0.690766313913129,0.245548845379079,0.501191851580242,0.3097365420177,0.81099010938166,0.498808148419758,0.18900989061834,0.6902634579823,132,0.00490584003000822,11,163270414
497,-0.471532810070564,0.266297980262683,0.624044992360266,0.370290568772176,1.05169341412399,0.375955007639734,-0.0516934141239931,0.629709431227824,137,0.0766112420092268,10,274520721
347,-0.689227152822042,0.260931220339754,0.501963860548039,0.301000622198711,0.837100320443688,0.498036139451961,0.162899679556312,0.698999377801289,133,0.00825609753349503,10,834818364
647,-0.810732315870569,0.257992850858157,0.444532408857478,0.268101668101634,0.737067635288718,0.555467591142522,0.262932364711282,0.731898331898366,125,0.00167534376707926,10,454824269
422,-1.10267483748596,0.300663992503753,0.331981897390005,0.184157219162128,0.598466792103542,0.668018102609995,0.401533207896458,0.815842780837872,107,0.000244966533280173,10,63141205
372,-0.722101175047983,0.256259294665322,0.485730578003201,0.293945717426092,0.802645456015685,0.514269421996799,0.197354543984315,0.706054282573908,132,0.00483458486774866,10,55963556
897,-0.540167490025772,0.268471584019039,0.582650656027616,0.34425861179613,0.986124312760702,0.417349343972384,0.0138756872392983,0.65574138820387,115,0.0442188913985116,10,911301038
247,-1.17285365848039,0.275273933919737,0.309482522526207,0.180435725715046,0.530822991786252,0.690517477473793,0.469177008213748,0.819564274284954,131,2.03807475870853e-05,10,40660606
547,-0.70752651908104,0.275301028694119,0.492861775209194,0.287334964459823,0.845399131703386,0.507138224790806,0.154600868296614,0.712665035540177,118,0.0101695448928901,10,558580818
697,-0.975031080313713,0.261422368953454,0.377180630488658,0.225957238403679,0.629611288493711,0.622819369511342,0.370388711506289,0.774042761596321,139,0.000191696039995013,11,357438477
871,-1.06875693716007,0.258236793840595,0.343435163679608,0.20702996192942,0.569713246104201,0.656564836320392,0.430286753895799,0.79297003807058,138,3.49324595675148e-05,11,609539216
622,-1.64964676679946,0.281525258190652,0.192117759007438,0.110645250881496,0.33358172205304,0.807882240992562,0.66641827794696,0.889354749118504,123,4.63771445598084e-09,9,249052865
572,-0.857088321547792,0.288567963456594,0.4243959897337,0.241069227183725,0.747137899790002,0.5756040102663,0.252862100209998,0.758930772816275,115,0.00297660465422981,9,364862768
472,-0.711746941046996,0.280149239233409,0.490786073795866,0.28341887265516,0.849876255506218,0.509213926204134,0.150123744493782,0.71658112734484,102,0.01106626869335,10,765286639
747,-1.11489524050949,0.251138198901332,0.32794963293656,0.200464708437135,0.536508209258948,0.67205036706344,0.463491790741052,0.799535291562865,128,9.02228353710956e-06,11,242271952
722,-1.25289529786572,0.265834988433075,0.285676479824226,0.169666200096624,0.48100948260929,0.714323520175774,0.518990517390709,0.830333799903376,127,2.44028599469651e-06,11,47352420
673,-0.945620750093149,0.267721874493491,0.3884383728915,0.229845948873358,0.656458685803208,0.6115616271085,0.343541314196792,0.770154051126642,125,0.000412271572304895,10,613530193
48,-0.98877816001296,0.279774291889573,0.372030975756499,0.214998184319284,0.643759143178581,0.627969024243501,0.356240856821419,0.785001815680716,117,0.000409012244866474,10,15207829
322,-0.909883859320407,0.28466216470182,0.402570976185429,0.230429239675867,0.703310877972148,0.597429023814571,0.296689122027852,0.769570760324133,116,0.00139171479093173,11,509456517
73,-0.874996455172339,0.251350809368064,0.416863497385146,0.254708636508416,0.682250817382211,0.583136502614854,0.317749182617789,0.745291363491584,131,0.000499216973537692,10,885100781
848,-1.29056218655747,0.334664253473901,0.275116073047862,0.142774035437047,0.530130379922265,0.724883926952138,0.469869620077735,0.857225964562953,108,0.000115121226176134,10,326513209
997,-0.463459367468711,0.285992059441431,0.62910357640431,0.359157774468786,1.10194276159012,0.37089642359569,-0.101942761590117,0.640842225531214,110,0.105117983494138,10,928710639
448,-1.49109049593063,0.30124576412799,0.225127021531483,0.124740294856697,0.406301555418489,0.774872978468517,0.593698444581511,0.875259705143303,97,7.4309789579815e-07,10,943801608
298,-0.956663440363064,0.295382595892781,0.384172564598566,0.215325877307764,0.685419519639492,0.615827435401434,0.314580480360508,0.784674122692236,99,0.00120064646876539,8,736451715
173,-1.20777797014411,0.290139826208197,0.298860619395398,0.169239301571212,0.527759622003746,0.701139380604602,0.472240377996254,0.830760698428788,118,3.14445131444225e-05,10,27759826
273,-0.668384416201982,0.27914819952378,0.512535954041996,0.296560262907042,0.885800078576546,0.487464045958004,0.114199921423454,0.703439737092958,125,0.0166488886512713,11,271009559
598,-1.32942023418384,0.278808984187232,0.264630640632829,0.153220717092185,0.457049002842142,0.735369359367172,0.542950997157858,0.846779282907815,114,1.85868502378312e-06,11,923231715
523,-0.52135436943081,0.267107172792843,0.593715892537395,0.351735851095285,1.00216841687822,0.406284107462605,-0.00216841687822011,0.648264148904715,120,0.0509554672572674,10,829318877
773,-0.65300847575411,0.262127499191342,0.520477574830644,0.311371379313037,0.870012223022085,0.479522425169356,0.129987776977915,0.688628620686963,126,0.0127317285485709,11,812520778
223,-0.940202308325933,0.266540043413835,0.390548816088484,0.23163065183982,0.658498245100976,0.609451183911516,0.341501754899024,0.76836934816018,118,0.000419608971004199,11,812298345
148,-0.534484161953431,0.256032070111757,0.585971478580803,0.354765667767017,0.96785739125035,0.414028521419197,0.0321426087496502,0.645234332232983,124,0.0368368897171344,9,975678390
823,-0.703192241601415,0.255402215339189,0.495002611038842,0.300060431812246,0.816594122241982,0.504997388961158,0.183405877758018,0.699939568187754,137,0.0059002518227409,10,800580734
23,-1.2865217152833,0.298133517265261,0.276229920356769,0.153992300941061,0.49549859592988,0.723770079643231,0.50450140407012,0.846007699058939,125,1.59419826686708e-05,11,670509702
922,-0.650543115371051,0.267248440668986,0.521762322656373,0.309022733372205,0.880957586430626,0.478237677343627,0.119042413569374,0.690977266627795,123,0.0149236719461627,10,596048674
798,-0.599375888573733,0.265737987957534,0.549154262614423,0.326210378055177,0.924466002416947,0.450845737385577,0.0755339975830526,0.673789621944823,129,0.0241010523454112,9,911821464
98,-1.57204893793032,0.271704302038649,0.207619347095655,0.121896910864488,0.353624985101931,0.792380652904345,0.646375014898069,0.878103089135512,141,7.21329841844397e-09,10,975267951
948,-0.937143833562826,0.29852670409043,0.391745128299053,0.218221337420288,0.703250412449237,0.608254871700947,0.296749587550763,0.781778662579712,110,0.00169392730006493,10,863303516
423,-1.0097128006995,0.271097332781815,0.364323598030141,0.214155303632626,0.619791720448459,0.635676401969859,0.380208279551541,0.785844696367374,109,0.000195671855712285,10,630490586
648,-0.728332577883767,0.264721192831369,0.482713206095737,0.287314862763696,0.810998905861923,0.517286793904263,0.189001094138077,0.712685137236304,112,0.00593557219074099,10,84366805
123,-1.48273903182803,0.286191171019959,0.227015034633567,0.129553232604774,0.397796526674862,0.772984965366433,0.602203473325138,0.870446767395226,127,2.2077155320054e-07,10,47822507
198,-1.20610562061595,0.273224107552,0.299360836963955,0.175237158490749,0.511403582890729,0.700639163036045,0.488596417109271,0.824762841509251,132,1.01316022959938e-05,11,4317792
973,-0.819128371128737,0.270551165598614,0.440815714806592,0.259396133781393,0.749118699603323,0.559184285193407,0.250881300396677,0.740603866218607,127,0.00246481041428805,10,226559587
348,-0.837523433977354,0.265322544807781,0.432781008058813,0.257291378949594,0.727966097041658,0.567218991941187,0.272033902958342,0.742708621050406,122,0.00159607171288031,11,998941099
498,-1.52884500942617,0.317896493309741,0.216785908455916,0.116261805483466,0.404226735595812,0.783214091544084,0.595773264404188,0.883738194516534,117,1.51494540840757e-06,9,805407476
548,-1.27876415283908,0.261732520332322,0.278381124474799,0.166668167165876,0.464972116641362,0.721618875525201,0.535027883358638,0.833331832834124,131,1.03026896799519e-06,9,851127407
398,-0.865540228796329,0.273392503562585,0.420824149884139,0.246256971314949,0.719138890485321,0.579175850115861,0.280861109514679,0.753743028685051,110,0.00154590516937229,9,59923668
373,-0.62568718399501,0.252943252322645,0.534893731784291,0.325808058480637,0.878159078189678,0.465106268215709,0.121840921810322,0.674191941519363,131,0.013374936705908,11,636415169
898,-1.14676331610541,0.265242800933041,0.317663282864613,0.18888259392804,0.534247011234756,0.682336717135387,0.465752988765244,0.81111740607196,118,1.53609727606635e-05,11,363214505
623,-0.630228807430599,0.287441462968248,0.532469953985634,0.303126908110745,0.935331850493063,0.467530046014366,0.0646681495069373,0.696873091889255,112,0.028340060843722,10,569082333
248,-1.04760100749265,0.254650268873254,0.350778254929789,0.212948194079911,0.577818396926221,0.649221745070211,0.422181603073779,0.787051805920089,127,3.89061361050742e-05,10,733696377
573,-1.09815808041365,0.270194141537808,0.333484770474217,0.196375062004411,0.566324924372236,0.666515229525783,0.433675075627764,0.803624937995589,121,4.81706900776204e-05,11,600806827
698,-0.988108353788878,0.28348955275238,0.372280247892307,0.213581311825594,0.648898453643403,0.627719752107693,0.351101546356597,0.786418688174406,113,0.000491182488949991,10,341786692
748,-1.02031703913039,0.282958609640841,0.360480635587293,0.207027069622792,0.627677766343232,0.639519364412707,0.372322233656768,0.792972930377208,115,0.000311087364110711,11,218089954
872,-1.0296533982462,0.252133085396122,0.357130721254397,0.21787687595723,0.585387281249262,0.642869278745603,0.414612718750738,0.78212312404277,121,4.43109896024488e-05,10,64328468
473,-0.829434931656959,0.279502527635107,0.436295753598111,0.25227139179245,0.754560329870273,0.563704246401889,0.245439670129727,0.74772860820755,118,0.0030019321697806,9,219165232
723,-0.985996986356513,0.293559124747677,0.373067098656651,0.209849998112919,0.663231171559031,0.626932901343349,0.336768828440969,0.790150001887081,108,0.000782907728851973,9,525122673
449,-1.14885379737754,0.266534386379596,0.316999907349572,0.188011603873977,0.534482655267353,0.683000092650428,0.465517344732647,0.811988396126023,118,1.63003813851719e-05,10,31438266
299,-0.982285550808222,0.256834478690407,0.374454285783965,0.226350209616184,0.61946490961833,0.625545714216035,0.38053509038167,0.773649790383816,135,0.000130992017938012,11,140390370
323,-0.772158597982759,0.276748658107906,0.4620146871754,0.268588180315339,0.794739258128078,0.5379853128246,0.205260741871922,0.731411819684661,106,0.00526904898541185,7,519449625
849,-0.96256446041523,0.269947258934694,0.381912230289535,0.225000790004552,0.64825084232716,0.618087769710465,0.35174915767284,0.774999209995448,118,0.000362816999580125,10,157392959
674,-1.26437839508389,0.277195783593547,0.282414792013422,0.164035543235586,0.486224589956318,0.717585207986578,0.513775410043682,0.835964456764414,112,5.08332836930803e-06,11,405525659
998,-1.04515023641935,0.296674768681715,0.351638986427226,0.196592524055926,0.62896581326964,0.648361013572774,0.37103418673036,0.803407475944074,115,0.000426881188776149,11,769596149
274,-0.708903385071165,0.261111176129451,0.492183637552546,0.295031872458639,0.821079875390128,0.507816362447454,0.178920124609872,0.704968127541361,126,0.00662860859109934,11,129991521
74,-1.02686475935885,0.28039549185081,0.358128019777984,0.20671177964788,0.620456554380091,0.641871980222016,0.379543445619909,0.79328822035212,110,0.000250057154726068,10,895035114
49,-1.15019212231982,0.263320470248029,0.316575942231692,0.188946615706901,0.530416100997268,0.683424057768308,0.469583899002732,0.811053384293099,114,1.25371384577608e-05,11,126617589
174,-0.926449955804119,0.25107490361281,0.395956882669245,0.242065307311934,0.647684109194183,0.604043117330755,0.352315890805817,0.757934692688066,134,0.00022431177558659,9,317819298
224,-1.66144635648682,0.306706862622039,0.189864170138747,0.104081528294942,0.346347749624914,0.810135829861254,0.653652250375086,0.895918471705058,110,6.05904602731541e-08,10,448193431
774,-0.467278271670275,0.276178254410953,0.626705671711573,0.364737375473375,1.07682959127978,0.373294328288427,-0.076829591279779,0.635262624526625,115,0.0906565609410591,11,784887715
24,-1.09858807350135,0.265097668464639,0.333341405153316,0.198261193984754,0.560455075228347,0.666658594846684,0.439544924771653,0.801738806015246,135,3.41168686078198e-05,11,133827819
149,-0.68848788374764,0.263391554496372,0.502335084106751,0.299774173019071,0.84176876941458,0.497664915893249,0.15823123058542,0.700225826980929,113,0.0089506579423266,11,528406411
923,-1.46707213490355,0.292298230792233,0.230599662458027,0.130033113724972,0.40894355908624,0.769400337541973,0.59105644091376,0.869966886275028,111,5.19158924648058e-07,10,810946036
524,-0.502986961412341,0.26616377483524,0.604721679059341,0.358919060518669,1.01886009786133,0.395278320940659,-0.0188600978613347,0.641080939481331,106,0.0587894088097935,8,801082524
599,-1.17628626155443,0.26893447113446,0.308422013063352,0.182065614220841,0.522471739373407,0.691577986936648,0.477528260626593,0.817934385779159,119,1.22059244148153e-05,10,596130273
799,-0.929467169770238,0.259537125586299,0.394763996534189,0.237366341021598,0.656532060480577,0.605236003465811,0.343467939519423,0.762633658978402,136,0.000341955062851183,10,290985207
824,-1.08328235728193,0.263346656806612,0.338482679177418,0.202011163133263,0.567149469990146,0.661517320822582,0.432850530009854,0.797988836866737,121,3.89667303017717e-05,10,498498684
949,-0.94759503284283,0.272445513245434,0.387672242240701,0.227278662434497,0.661257708022841,0.612327757759299,0.338742291977159,0.772721337565503,121,0.00050496563910261,10,607959751
649,-0.800312884546374,0.248857253654556,0.449188398019738,0.275804185192525,0.731570540797605,0.550811601980262,0.268429459202395,0.724195814807475,147,0.00130012754445484,11,583026707
124,-1.11876138297545,0.253711217687248,0.326684180719478,0.198686667142461,0.537139987636084,0.673315819280522,0.462860012363916,0.801313332857539,137,1.03568518749301e-05,11,622929594
424,-1.27152764914175,0.273565969924826,0.280402937115642,0.164029810294095,0.479338523906768,0.719597062884358,0.520661476093232,0.835970189705905,124,3.35210359052095e-06,10,843454387
499,-0.852637478492668,0.260116551725662,0.426289119563866,0.25603105029118,0.709767089780189,0.573710880436134,0.290232910219811,0.74396894970882,116,0.00104580396449019,10,374580642
974,-1.34663090634033,0.292597069524277,0.260115138309213,0.146590744692332,0.461556323488411,0.739884861690787,0.538443676511589,0.853409255307668,123,4.17772470021367e-06,10,30831859
374,-0.857620837078367,0.252498035021247,0.424170052440951,0.25859092866693,0.695771635591672,0.575829947559049,0.304228364408328,0.74140907133307,146,0.000682424356044779,11,972226877
99,-1.0802391428427,0.271922249596124,0.339514323515409,0.199249602031518,0.578520482333972,0.660485676484591,0.421479517666028,0.800750397968482,129,7.10914812901225e-05,11,729304081
899,-0.784919356631904,0.307073074170282,0.45615648629784,0.249880738078921,0.832712203394695,0.54384351370216,0.167287796605305,0.750119261921079,97,0.0105842914389666,10,737564830
349,-0.818548813184351,0.259436390038323,0.441071267102647,0.265262654729364,0.733400873417405,0.558928732897353,0.266599126582595,0.734737345270636,125,0.0016044085812436,11,214712646
399,-0.913776394238885,0.278800831732502,0.401007000493215,0.232186120990443,0.692576342455819,0.598992999506785,0.307423657544181,0.767813879009557,119,0.00104721858099816,11,481962953
249,-0.58571808608207,0.264173798534811,0.556705955447349,0.331711648234689,0.934310032463114,0.443294044552651,0.0656899675368856,0.668288351765311,118,0.0266115116608637,10,427039973
624,-0.652845931004823,0.25921612646621,0.520562182603643,0.313204106634826,0.865202531565199,0.479437817396357,0.134797468434801,0.686795893365174,118,0.0117842823136481,8,134664152
199,-0.683003905751964,0.250259697473837,0.505097446097696,0.309281349682166,0.824891091288216,0.494902553902304,0.175108908711784,0.690718650317834,126,0.00634919258036055,10,648502553
549,-0.414727256339233,0.264577603749492,0.660520408893788,0.393257828206639,1.10941773887834,0.339479591106212,-0.109417738878344,0.606742171793361,122,0.116996222115645,10,476118336
699,-1.05816140491661,0.252853191088178,0.347093388223723,0.21145468625719,0.56973823697666,0.652906611776277,0.43026176302334,0.78854531374281,136,2.85311108796437e-05,11,884537130
574,-1.026381895627,0.224967608543781,0.35830098856691,0.230544746809452,0.556853279828283,0.64169901143309,0.443146720171717,0.769455253190548,143,5.05832380424202e-06,10,738046117
873,-0.505344589212752,0.266823625841217,0.603297649742444,0.357611067747104,1.01777625753504,0.396702350257556,-0.0177762575350382,0.642388932252896,124,0.0582346404095492,11,685459774
474,-1.12387499430824,0.27860853054567,0.325017908755255,0.188258797568335,0.561124592189617,0.674982091244745,0.438875407810383,0.811741202431665,125,5.48619891176234e-05,10,299247459
749,-1.22371697605004,0.262801506098104,0.294134840376657,0.175731421607004,0.492315509271184,0.705865159623343,0.507684490728816,0.824268578392996,119,3.2173865653932e-06,9,657749488
724,-0.548162146730423,0.270877664460704,0.578011134456101,0.339910608101349,0.982896277999105,0.421988865543899,0.0171037220008949,0.660089391898651,127,0.0430059633010196,11,325079998
324,-1.11936147829158,0.299512423441459,0.326488197882847,0.181518983010075,0.587236340735077,0.673511802117153,0.412763659264923,0.818481016989925,113,0.00018602250109999,10,678206155
450,-1.21078915264058,0.27227674556864,0.297962049087943,0.17474250864299,0.508069750091959,0.702037950912057,0.491930249908041,0.82525749135701,120,8.71158473281738e-06,11,777225239
75,-0.549206962926591,0.247677250353942,0.577407534441701,0.355352347556106,0.938222198679592,0.422592465558299,0.0617778013204084,0.644647652443894,135,0.0265937222025616,11,834213259
300,-0.888304784372945,0.267037339038577,0.411352493197541,0.243731431268815,0.694251343698088,0.588647506802459,0.305748656301912,0.756268568731185,117,0.000879380217056948,9,493709491
675,-0.807025808804115,0.287545330363773,0.446183128684703,0.253953449044102,0.783920773953722,0.553816871315297,0.216079226046278,0.746046550955898,137,0.00500667834184595,11,30538862
850,-0.90711094575653,0.265309798652366,0.403688819831358,0.240001862354283,0.679014161216263,0.596311180168642,0.320985838783737,0.759998137645717,114,0.000628371501463595,10,364268175
999,-0.996682341385392,0.301802050842311,0.369101966407926,0.204292295106022,0.666869308680952,0.630898033592074,0.333130691319048,0.795707704893978,119,0.000958485232999497,10,885023650
50,-1.18838028236694,0.247186038771047,0.304714415888,0.187710196056523,0.494650142616686,0.695285584112,0.505349857383314,0.812289803943477,136,1.5272618691558e-06,11,739662063
175,-1.24115658381952,0.256256891452638,0.289049714312988,0.174922744617881,0.477637928257614,0.710950285687012,0.522362071742386,0.825077255382119,132,1.2763106774329e-06,10,687347766
275,-1.01823670342927,0.256844414999113,0.361231336907707,0.218352946127508,0.597601640272489,0.638768663092293,0.402398359727511,0.781647053872492,139,7.35775357149519e-05,11,849036572
25,-0.613386147514843,0.276471121895593,0.541514114395659,0.314975761985246,0.930984448585762,0.458485885604341,0.0690155514142377,0.685024238014754,117,0.026512147615897,10,790201362
225,-0.422321753759337,0.275667167234341,0.655523088440093,0.381891220789645,1.12521706728297,0.344476911559907,-0.125217067282969,0.618108779210355,112,0.12552274488151,10,21207862
775,-0.720412882296448,0.247863715540912,0.486551326053785,0.299327544736766,0.790880081192938,0.513448673946215,0.209119918807062,0.700672455263234,129,0.00365511071665756,10,148185125
525,-0.8249106199223,0.277789363170414,0.438274163693164,0.254267665148236,0.75544109176823,0.561725836306836,0.24455890823177,0.745732334851764,121,0.00298232022676788,11,375573456
150,-0.673177391512253,0.274864528632315,0.510085259619147,0.297630656689488,0.874194126958435,0.489914740380853,0.125805873041565,0.702369343310512,107,0.0143204025952204,10,542678232
800,-1.04054450430263,0.31377101488098,0.353262276751154,0.190991874664888,0.653400760604982,0.646737723248846,0.346599239395018,0.809008125335112,100,0.000912327423367669,10,272337433
825,-0.735541377889597,0.281635177766532,0.479245935577917,0.275949836087154,0.832313111776641,0.520754064422083,0.167686888223359,0.724050163912846,121,0.00900981539158149,10,415219339
950,-1.71365628391141,0.308377984589765,0.180205703401603,0.0984638279353059,0.329807363977391,0.819794296598397,0.670192636022609,0.901536172064694,104,2.7445166014737e-08,8,738874247
924,-0.709147643043237,0.208293372637772,0.492063432456474,0.327130811917999,0.740151684707524,0.507936567543526,0.259848315292476,0.672869188082001,113,0.000662703224357802,11,537437658
125,-1.00818500071814,0.277227785715955,0.364880637030153,0.211921050656004,0.628242823765742,0.635119362969847,0.371757176234258,0.788078949343996,123,0.000276189144681347,10,241078504
425,-0.42794335734896,0.253317540510214,0.651848336170897,0.396754882504725,1.07095406283679,0.348151663829103,-0.0709540628367851,0.603245117495275,133,0.0911513407774153,10,914810659
600,-0.433319135736062,0.268905494804227,0.6483535459987,0.382753453816501,1.09825872612666,0.3516464540013,-0.0982587261266585,0.617246546183499,123,0.107088661879006,10,928907417
975,-1.07935264286544,0.259857525675004,0.339815436404049,0.204198231421541,0.565502110447236,0.660184563595951,0.434497889552764,0.795801768578459,134,3.27238699164404e-05,11,141865915
100,-0.678835665736483,0.269847579550007,0.507207207425411,0.29887579208969,0.860756066811469,0.492792792574589,0.139243933188531,0.70112420791031,119,0.0118821098527355,10,851420854
900,-0.557620531693453,0.253617753534834,0.572569856051562,0.348296136381251,0.941257182652327,0.427430143948438,0.0587428173476733,0.651703863618749,121,0.0279017363465285,11,180722148
650,-0.99569323621813,0.266068559267083,0.369467227681275,0.219329957057105,0.622377509037427,0.630532772318725,0.377622490962573,0.780670042942895,116,0.00018238493157919,11,463647156
500,-0.97723250462024,0.262401181077089,0.376351209169841,0.225028241014958,0.629433141390401,0.623648790830159,0.370566858609599,0.774971758985042,119,0.000195941395043002,10,35064290
250,-0.880300348035243,0.264870875482237,0.414658351155697,0.246735658352994,0.69686541998389,0.585341648844303,0.30313458001611,0.753264341647006,135,0.000888930241909695,10,643590667
350,-0.652466863062053,0.299506891678532,0.520759548444454,0.289531962012909,0.93665136453564,0.479240451555546,0.0633486354643596,0.710468037987091,117,0.0293710423171204,11,902651338
375,-1.16793186209581,0.273755888421157,0.311009487108606,0.181866287868612,0.531857235363147,0.688990512891394,0.468142764636853,0.818133712131388,128,1.98718353556464e-05,10,503493558
400,-0.78979977146426,0.274066026907285,0.453935677059427,0.265282677603049,0.776747282443112,0.546064322940573,0.223252717556888,0.734717322396951,124,0.00395427588720306,10,609901888
625,-0.354850953539668,0.23073616834994,0.701277958416979,0.446156481357205,1.10228315739236,0.298722041583021,-0.102283157392361,0.553843518642795,104,0.124071159359833,10,278036081
550,-0.48906449072037,0.292767098940616,0.613199780023191,0.345460330334104,1.08844326599478,0.386800219976809,-0.0884432659947838,0.654539669665896,109,0.0948224700709824,9,293073984
200,-0.562472375460103,0.27385378646651,0.569798564936704,0.333132178953631,0.974599348594058,0.430201435063296,0.0254006514059424,0.666867821046369,111,0.0399839278821773,10,869836209
700,-0.751512134598375,0.256044480397624,0.471652810706513,0.285546584629198,0.779054577508705,0.528347189293487,0.220945422491295,0.714453415370802,131,0.00333457081252279,9,379009973
575,-1.11951413190064,0.262038127568657,0.326438362085028,0.195323245322895,0.545567446744985,0.673561637914972,0.454432553255015,0.804676754677105,126,1.93438439883255e-05,10,715744900
475,-0.678673251716121,0.306089320218975,0.507289591677123,0.278427578312445,0.924271695295781,0.492710408322877,0.0757283047042188,0.721572421687555,109,0.0266067474480598,11,419050445
874,-1.38464761778637,0.281886162797241,0.250412024989973,0.144116346387136,0.435108048681257,0.749587975010027,0.564891951318743,0.855883653612864,110,9.01148842942892e-07,9,732793015
750,-0.884890494168752,0.303343652981499,0.412759370362289,0.227766766180725,0.748003322340232,0.587240629637711,0.251996677659768,0.772233233819275,106,0.00353277373811428,10,218511672
725,-0.923235487558833,0.260364675755573,0.397231721361613,0.238463057724925,0.66170853448474,0.602768278638387,0.33829146551526,0.761536942275075,125,0.000391226850717572,10,228519037
325,-0.951372159250958,0.220676617659425,0.386210717097036,0.250601717725199,0.5952022969139,0.613789282902964,0.4047977030861,0.749398282274801,107,1.62400496445447e-05,10,160861029
1000,-0.601974530878485,0.293489782419036,0.547729059714059,0.30813911242811,0.97360935614832,0.452270940285941,0.0263906438516796,0.69186088757189,114,0.0402579928685707,10,484930398
925,-1.37287071147797,0.299574980540934,0.25337853783192,0.140854634133104,0.455793902905413,0.74662146216808,0.544206097094587,0.859145365866896,126,4.58948419791027e-06,11,280299623
875,-1.01560259699737,0.255693214552527,0.362184113001575,0.219423398618576,0.597827453847634,0.637815886998425,0.402172546152366,0.780576601381424,128,7.12844212610424e-05,11,265670818
