"rep","est_V","se_V","IRR_V","IRR_V_CI_Lower","IRR_V_CI_Upper","VE","VE_CI_Lower","VE_CI_Upper","n_event","p_val","n_calendar_group","seed"
76,-2.13588318893031,0.344305694590524,0.118140204166504,0.0601622650269789,0.231991063405681,0.881859795833496,0.768008936594319,0.939837734973021,56,5.52385673223508e-10,39,951974734
26,-0.697228152919892,0.295652983237316,0.497963671745828,0.2789570778055,0.888910295194155,0.502036328254172,0.111089704805845,0.7210429221945,72,0.0183605689661473,39,431340135
126,-0.537502553047471,0.560617303156292,0.584205454105575,0.194700601674592,1.75292736473983,0.415794545894425,-0.752927364739825,0.805299398325408,76,0.33767507371622,38,875374076
201,-0.494972088360141,0.546717981853897,0.60958792165739,0.208770515446056,1.77993254189476,0.39041207834261,-0.779932541894755,0.791229484553944,79,0.36527906215446,38,999577517
226,-1.54883055992398,0.64107622466842,0.212496330304095,0.0604876013313889,0.746511506470913,0.787503669695905,0.253488493529087,0.939512398668611,71,0.015692706641416,39,582109762
301,-0.808603429819973,0.74009170981422,0.445479775762025,0.104438538773336,1.90018199166581,0.554520224237975,-0.900181991665814,0.895561461226664,54,0.274581791544198,35,240924938
1,-0.133468406584493,0.30642606156743,0.87505511452073,0.479960029135895,1.59538588000228,0.12494488547927,-0.595385880002275,0.520039970864105,74,0.663152513579475,42,666391938
176,-0.424445822149688,0.677041602268573,0.654132190273146,0.173526842693468,2.46583707575088,0.345867809726854,-1.46583707575088,0.826473157306532,58,0.530716613700822,36,703399669
551,-0.737854261715911,0.479854655431224,0.478138776263684,0.186681354130394,1.2246359066329,0.521861223736316,-0.224635906632902,0.813318645869606,97,0.124131283270748,37,498887413
51,-0.958322282955081,0.609458675488244,0.383535811068679,0.116153889090958,1.26642094830694,0.616464188931321,-0.266420948306942,0.883846110909043,72,0.115854216196048,36,903129485
151,-0.878900062102103,0.609356377728281,0.41523939813289,0.125780542574263,1.37083013185416,0.58476060186711,-0.370830131854155,0.874219457425737,70,0.149206025733709,38,338835766
601,0.0684715446094128,0.286380736618051,1.07087015248897,0.610898542576629,1.87717403720587,-0.0708701524889712,-0.877174037205869,0.389101457423371,75,0.811033699323982,35,310403509
476,-0.605168250042989,0.518031971773323,0.545982557322677,0.197801305926306,1.50705250152227,0.454017442677323,-0.507052501522269,0.802198694073694,92,0.242723531062235,41,349547502
401,-1.04883287974037,0.272526892620917,0.350346406977801,0.205363073917872,0.597685857250763,0.649653593022199,0.402314142749237,0.794636926082128,74,0.000118819924164117,41,123646701
251,-0.409595248834795,0.295588175257921,0.663918917716441,0.371971728372308,1.18500492290259,0.336081082283559,-0.185004922902591,0.628028271627692,71,0.165839856845598,37,421419237
101,-1.09449578602356,0.290769319339136,0.334708329026543,0.189305497546686,0.591792985262421,0.665291670973457,0.408207014737579,0.810694502453314,67,0.000167124710456995,43,546196621
676,-0.763085709241485,0.628006346309053,0.466225568572524,0.136155790554391,1.59645270983859,0.533774431427476,-0.596452709838595,0.863844209445609,71,0.224330869702546,41,309870572
701,-0.817972986510877,0.563755944724948,0.441325320841588,0.146180322427793,1.3323820578665,0.558674679158412,-0.332382057866497,0.853819677572207,85,0.146798081862127,42,58566245
951,-1.96644927962588,0.613468073546006,0.139952908666327,0.0420529975621148,0.465765053138824,0.860047091333673,0.534234946861176,0.957947002437885,78,0.00134845329934347,36,297962436
426,-0.383136388082961,0.309935636059003,0.681719914472873,0.37135415638885,1.25147930565307,0.318280085527127,-0.251479305653074,0.62864584361115,66,0.216391479125398,38,167846857
826,-1.1914043513636,0.557533645443508,0.3037943303723,0.101860584772144,0.906052084550697,0.6962056696277,0.0939479154493031,0.898139415227856,80,0.0326045641088265,35,455888779
351,-0.0434257576450258,0.350603750531866,0.957503638777226,0.481621625989647,1.90359645164965,0.0424963612227738,-0.903596451649655,0.518378374010353,63,0.901426176084347,41,813284440
276,-1.26933614820434,0.221649572324351,0.281018114249608,0.181997682200455,0.433913111318779,0.718981885750392,0.56608688868122,0.818002317799545,94,1.02360721310187e-08,41,913025863
451,-1.18161348004969,0.620058467115648,0.306783350243791,0.0909990926034668,1.03425233476689,0.693216649756209,-0.0342523347668935,0.909000907396533,69,0.0566958267745502,40,187214557
651,-0.660358843758695,0.633415576894485,0.516665898889338,0.149295075080094,1.78802717324679,0.483334101110662,-0.788027173246786,0.850704924919906,70,0.297163023037692,41,957833939
726,-1.88230084704049,0.2603924742317,0.152239422852213,0.0913862071486111,0.253614222468879,0.847760577147787,0.746385777531121,0.908613792851389,77,4.87614910679758e-13,37,233630483
326,-0.38772596895871,0.582148738588333,0.678598274779293,0.216813762722908,2.12392245192458,0.321401725220707,-1.12392245192458,0.783186237277092,82,0.505394730892142,42,637558073
526,-0.555563614960849,0.265641205847773,0.57374879664471,0.34088475822653,0.965686126196632,0.42625120335529,0.0343138738033684,0.65911524177347,82,0.0364916837125638,36,359965130
626,0.0136626085000285,0.539063136871752,1.01375636845077,0.352437588903409,2.91598287734328,-0.0137563684507689,-1.91598287734328,0.647562411096591,81,0.979779701776925,42,289381286
926,-0.934416050906879,0.550979872769958,0.39281518263991,0.133411524624724,1.15659998749336,0.60718481736009,-0.156599987493359,0.866588475375276,81,0.0899016278967692,40,954701760
876,-1.08417448868803,0.617070297950361,0.338180842807775,0.100901544086778,1.13344432414056,0.661819157192225,-0.133444324140559,0.899098455913222,69,0.078922788212124,35,916968468
776,-1.27186927798902,0.621956058125895,0.280307159744552,0.082836975614234,0.948514877824154,0.719692840255448,0.0514851221758457,0.917163024385766,76,0.0408597502069022,40,806903104
576,-2.15000619295695,0.770696607964763,0.116483436394357,0.02571852350959,0.527572702576754,0.883516563605643,0.472427297423246,0.97428147649041,60,0.00527581977168671,35,141969286
501,-0.551937378015805,0.614245537639282,0.575833122574121,0.172762664227895,1.9193023361579,0.424166877425879,-0.919302336157902,0.827237335772105,69,0.36888628529664,37,950140985
751,-0.747937892829601,0.582293198311845,0.473341628206008,0.15119096233143,1.48191593953588,0.526658371793993,-0.481915939535876,0.84880903766857,78,0.198977705021903,40,877931503
801,-1.93424275791439,0.590173319756086,0.144533674376095,0.045458238517543,0.459542290020615,0.855466325623905,0.540457709979385,0.954541761482457,78,0.00104762351220774,42,616240743
376,-1.63732234541497,0.630088936709427,0.194500149863993,0.0565701414933147,0.668732785502868,0.805499850136007,0.331267214497132,0.943429858506685,70,0.009361635903257,39,168838846
976,-0.500667717602544,0.636395568318419,0.606125803694448,0.174125302186298,2.10990869960511,0.393874196305552,-1.10990869960511,0.825874697813702,70,0.431443405055038,41,500056776
851,-0.463541760254992,0.584485111435715,0.62905174494309,0.200065287506873,1.97788483323151,0.37094825505691,-0.977884833231509,0.799934712493127,68,0.427732900886954,41,964740118
901,-0.0189960485028254,0.556062688360487,0.981183239377944,0.329935238471746,2.91790762846521,0.0188167606220561,-1.91790762846521,0.670064761528254,77,0.97274820514808,42,974493921
52,-1.23881774166577,0.63557516037836,0.28972654716342,0.0833653798529955,1.00691044986849,0.71027345283658,-0.0069104498684931,0.916634620147004,63,0.0512800653840939,37,54474810
127,-0.845626833254438,0.539233932326917,0.429288181747117,0.149194281475814,1.23522390513085,0.570711818252883,-0.23522390513085,0.850805718524186,79,0.116834386289314,40,486782299
202,-0.393728615236986,0.501125225047606,0.674537090491415,0.252608098736134,1.80121020951075,0.325462909508585,-0.801210209510749,0.747391901263866,90,0.432049664366118,38,669034949
2,-1.41899812532833,0.600436801971393,0.241956305399443,0.0745837493834934,0.784927738367425,0.758043694600557,0.215072261632575,0.925416250616507,83,0.0181141538478442,38,491019837
77,-1.12687434989808,0.536602819467746,0.324044524965611,0.113200290149579,0.927602341137448,0.675955475034389,0.072397658862552,0.886799709850421,89,0.0357274593501452,43,859344976
152,-1.18575987664828,0.248854128640741,0.305513938365093,0.187588413473025,0.497572130427831,0.694486061634907,0.502427869572169,0.812411586526975,85,1.8896676827831e-06,44,403064808
27,-0.170321730990065,0.584378262325671,0.843393427139198,0.268291265113601,2.65126959180134,0.156606572860802,-1.65126959180134,0.731708734886399,77,0.770701046355604,35,10032976
452,-1.67090051979055,0.567910884509842,0.18807762173587,0.0617917511565726,0.572458153972523,0.81192237826413,0.427541846027477,0.938208248843427,80,0.00325902136271728,37,751456592
302,-0.912198211881139,0.600032097211673,0.401640362315496,0.123905077323203,1.30192389307935,0.598359637684504,-0.301923893079348,0.876094922676797,67,0.128448399738256,38,842731822
427,-0.162965460042779,0.527946180747969,0.849620533764684,0.301881428342923,2.39118734582968,0.150379466235316,-1.39118734582968,0.698118571657077,87,0.757566352524151,40,70755229
277,-0.322726345277178,0.545759828657445,0.724172000342917,0.248479246094744,2.11053878471887,0.275827999657083,-1.11053878471887,0.751520753905256,82,0.554296649431412,44,253683305
177,-0.812417116886853,0.597011007449585,0.443784090763818,0.137719373464916,1.43004077247883,0.556215909236182,-0.430040772478827,0.862280626535084,66,0.173574499184572,40,64643663
552,-0.96789608034565,0.24056076121778,0.379881437947949,0.237073156461307,0.608714664500428,0.620118562052051,0.391285335499572,0.762926843538693,85,5.73397283548872e-05,37,476971633
102,-0.140110739133037,0.586651047494308,0.86926196875186,0.275291246457829,2.74478894640084,0.13073803124814,-1.74478894640084,0.724708753542171,74,0.811236257360444,40,514705660
227,-1.61993183259152,0.284224630191896,0.197912189784881,0.113380952259844,0.345465742567408,0.802087810215119,0.654534257432593,0.886619047740156,78,1.20175312966059e-08,44,643567389
627,-1.21368986239484,0.622633705785356,0.29709899999836,0.0876828018142369,1.00667193535887,0.70290100000164,-0.00667193535886534,0.912317198185763,72,0.0512615294060974,37,607785401
727,-1.62051617902014,0.254057786243131,0.197796574286641,0.120216584757299,0.325441659139759,0.802203425713359,0.674558340860241,0.879783415242701,79,1.78791377756753e-10,39,285525548
652,-1.52433322111407,0.575360879169498,0.217766210378355,0.0705086541780104,0.672571657130562,0.782233789621644,0.327428342869438,0.92949134582199,85,0.00806464001495884,41,269204418
927,-1.03834185237975,0.575215741402029,0.354041248170825,0.114664593673593,1.09314655370573,0.645958751829175,-0.0931465537057283,0.885335406326407,79,0.0710536177848359,41,925302486
527,-1.92647282083109,0.676496305557878,0.145661066142065,0.0386819879322493,0.548501959795978,0.854338933857935,0.451498040204022,0.961318012067751,74,0.00440334916773097,43,309897477
602,-1.52008826685466,0.579288581527705,0.218692582793847,0.0702655935397567,0.680652412648918,0.781307417206153,0.319347587351082,0.929734406460243,77,0.0086888357598488,36,813193330
252,-0.0613699815301312,0.503232287908236,0.940475216939155,0.350748042228258,2.52173505533395,0.0595247830608447,-1.52173505533395,0.649251957771742,95,0.902937351484226,43,704479303
777,0.529395418564996,0.523064083583639,1.69790547611864,0.609088716085006,4.73310854347091,-0.697905476118642,-3.73310854347091,0.390911283914994,83,0.311488177134866,38,101850984
977,-0.123056942943906,0.584098547483084,0.884213311418271,0.281430695342134,2.77806647614892,0.115786688581729,-1.77806647614892,0.718569304657866,67,0.833138236598666,35,347503454
477,-1.38658423324508,0.580350607163822,0.24992754247092,0.0801343625161479,0.779488031404335,0.75007245752908,0.220511968595665,0.919865637483852,88,0.0168842711507863,37,281900480
952,-0.151657751634463,0.274142665229003,0.859282318390305,0.502094212744574,1.47057282071052,0.140717681609695,-0.470572820710521,0.497905787255426,75,0.580121398931339,40,510938510
702,-1.07164251747453,0.554167475839088,0.342445582376814,0.115580177596884,1.0146114959124,0.657554417623186,-0.0146114959123986,0.884419822403116,87,0.0531391760087057,43,486173774
677,-0.564109565610278,0.273507638266899,0.568866459563675,0.332812940821858,0.972345149853189,0.431133540436325,0.0276548501468111,0.667187059178142,80,0.0391601361068861,39,61226521
377,-0.577986978805432,0.252105909744175,0.561026589030983,0.342287078847534,0.919552191860387,0.438973410969017,0.0804478081396128,0.657712921152465,89,0.0218689941284792,37,662219191
502,-1.48685761528547,0.541989844349172,0.226081977024087,0.0781489865509892,0.654046361839517,0.773918022975913,0.345953638160483,0.921851013449011,87,0.00608193202401925,40,41111150
802,-0.977885717433404,0.561829756348732,0.376105452012362,0.125048726539636,1.13120153197711,0.623894547987638,-0.131201531977112,0.874951273460364,81,0.081764694455096,43,160178401
827,-0.1671194730352,0.611332449901969,0.84609851934024,0.255301760889572,2.80406489142625,0.15390148065976,-1.80406489142625,0.744698239110428,68,0.784569413311355,45,610196753
352,-1.21152378887209,0.607449698383023,0.29774323575501,0.0905273449182654,0.979273550084825,0.70225676424499,0.0207264499151748,0.909472655081735,76,0.0461036650637504,42,227690105
327,-0.60029735673197,0.279164155408867,0.54864846752029,0.317445525973062,0.948241875482933,0.45135153247971,0.0517581245170674,0.682554474026938,69,0.0315284702290549,36,882891625
877,-0.934951634466987,0.615164418665613,0.392604853615339,0.117578187681224,1.3109452877452,0.607395146384661,-0.310945287745204,0.882421812318776,74,0.128551134200953,39,475050598
752,-0.640175406537905,0.295342130050102,0.527199941615732,0.295515099721415,0.94052648646938,0.472800058384268,0.0594735135306197,0.704484900278585,74,0.0301912467111851,39,743898434
402,-1.4068326114184,0.7033731765878,0.244917805760279,0.0617032481492647,0.972148685484471,0.755082194239721,0.0278513145155295,0.938296751850735,63,0.0454870231446311,35,199951426
577,-0.949352644470452,0.52470084393004,0.386991463447649,0.138380602463601,1.08224989713241,0.613008536552351,-0.082249897132407,0.861619397536399,88,0.0704010332876741,39,461309439
852,-1.68772526968682,0.617697431592418,0.1849397338985,0.0551118794007683,0.620604950263612,0.8150602661015,0.379395049736388,0.944888120599232,69,0.00628967559631135,37,297991890
902,-1.6764757427858,0.602628712303029,0.187031964648517,0.0574060078389758,0.609360537635815,0.812968035351483,0.390639462364185,0.942593992161024,81,0.00540353540629814,36,754033071
128,-0.193542225791711,0.552751792616825,0.824035039928508,0.278896137997492,2.43471907465453,0.175964960071492,-1.43471907465453,0.721103862002508,84,0.726231307102005,37,985042761
203,-1.46283464424928,0.653124846061739,0.231578899661529,0.0643810579763654,0.83299014421496,0.768421100338471,0.16700985578504,0.935618942023635,66,0.0251073295803577,43,541308892
553,-0.106420795642703,0.330774308055046,0.899046253722005,0.470139167782893,1.71924447423371,0.100953746277995,-0.719244474233706,0.529860832217107,57,0.74765546763275,37,604156635
103,-2.00061224856351,0.709867259596038,0.135252449763784,0.0336437992706054,0.54373244293749,0.864747550236217,0.45626755706251,0.966356200729395,69,0.00482800863998268,36,440241896
228,-0.847266836911623,0.521185736552269,0.42858472455292,0.154313024982309,1.19033935172459,0.57141527544708,-0.190339351724592,0.845686975017691,90,0.104023624047552,41,11015682
253,-2.19832671242836,0.706791003773206,0.110988719115075,0.0277752032869602,0.443506952713766,0.889011280884925,0.556493047286234,0.97222479671304,64,0.00186902202878992,39,681564340
78,-1.033340012944,0.614882047931675,0.355816541813437,0.106619731953095,1.18744822472233,0.644183458186563,-0.187448224722332,0.893380268046905,77,0.0928503586774843,37,194384767
703,-1.21764232768646,0.723009509875961,0.295927044095893,0.0717394174272715,1.22070708918305,0.704072955904107,-0.220707089183051,0.928260582572728,59,0.0921564616969577,38,880841649
153,-1.49540149046713,0.592814425391027,0.224158589124881,0.0701375886647761,0.716407193846002,0.775841410875119,0.283592806153998,0.929862411335224,82,0.0116508804266131,39,699195278
178,0.964586175709621,0.631657571833302,2.6237016803024,0.760758044638586,9.04862006486165,-1.6237016803024,-8.04862006486165,0.239241955361414,71,0.126743272283195,35,62647011
28,-0.692974076506956,0.629290440576257,0.50008655951818,0.145677402215304,1.71671490023631,0.49991344048182,-0.716714900236311,0.854322597784696,72,0.2708100066247,37,14538084
53,-1.32151443795826,0.271285263898146,0.266731048310367,0.156731083726042,0.453933262256427,0.733268951689633,0.546066737743573,0.843268916273958,80,1.1086111405206e-06,42,213877799
953,-0.819245765090378,0.568749501539097,0.440763968740875,0.144572480167284,1.34377494192127,0.559236031259125,-0.343774941921274,0.855427519832716,77,0.149744826371418,39,704795497
353,-1.84041692038265,0.641406253955613,0.158751225685968,0.0451597047496845,0.558062808348481,0.841248774314032,0.441937191651519,0.954840295250316,70,0.00411320661723512,40,748939938
3,0.205781495284919,0.539804002460858,1.22848474495742,0.426469294726672,3.53876536307342,-0.228484744957419,-2.53876536307342,0.573530705273328,84,0.703043565005208,36,367086405
478,-0.688342476623852,0.255441752745675,0.50240813251726,0.304525907864364,0.828875064816836,0.49759186748274,0.171124935183164,0.695474092135636,80,0.00704490637796978,42,620352060
928,-0.773207679016365,0.545085739543961,0.461530250480941,0.158570482968762,1.34331540221746,0.538469749519059,-0.343315402217462,0.841429517031238,79,0.156042934613336,38,63656801
278,-0.641113349973634,0.553668358506512,0.526705689717573,0.177944532570267,1.55901886713669,0.473294310282427,-0.559018867136688,0.822055467429733,82,0.246889546429109,37,472644133
453,-0.82629174469536,0.599543182439596,0.437669270201142,0.135149353552902,1.41735335791613,0.562330729798858,-0.417353357916132,0.864850646447098,77,0.168140862207432,38,407566023
628,-0.892399984757349,0.618747724784388,0.409671366933202,0.121830658829788,1.37757302223407,0.590328633066798,-0.377573022234066,0.878169341170212,73,0.149226810669992,40,225207741
428,-0.727874979708962,0.261219849244143,0.48293414532464,0.289425754420784,0.805821130836074,0.51706585467536,0.194178869163926,0.710574245579216,82,0.00532895112853089,41,132418228
303,-0.17604173886437,0.601927459360628,0.838582981105291,0.257741565415705,2.72839739707962,0.161417018894709,-1.72839739707962,0.742258434584295,77,0.769932355533205,41,348575220
328,0.198747316172495,0.545300534622437,1.21987368460097,0.418942293688786,3.55202095562921,-0.219873684600965,-2.55202095562921,0.581057706311214,79,0.715504839824921,39,102067659
978,-1.21349056176381,0.59480589242416,0.297158217917424,0.0926164332004369,0.953426982928154,0.702841782082576,0.0465730170718461,0.907383566799563,85,0.0413358365658785,40,188018226
603,-1.93305352424115,0.711822926588151,0.144705660934414,0.0358575611396743,0.583969674482322,0.855294339065586,0.416030325517678,0.964142438860326,65,0.00661481639207979,41,754565496
653,-1.76008204931618,0.283185552997101,0.172030748238717,0.0987547737958838,0.299677445474602,0.827969251761284,0.700322554525397,0.901245226204116,75,5.12279715695725e-10,45,825646323
728,-1.77595065315222,0.257805829025208,0.169322406084298,0.102157371887276,0.280646190015649,0.830677593915703,0.719353809984351,0.897842628112724,95,5.62989493244477e-12,43,56797837
528,-0.885164478844878,0.57686874031232,0.412646296110896,0.133212932644403,1.27823149234749,0.587353703889104,-0.27823149234749,0.866787067355597,71,0.124923996675803,38,317830477
778,0.207579254807882,0.284053807089337,1.23069525149072,0.705283113916102,2.14752171455216,-0.230695251490715,-1.14752171455216,0.294716886083898,74,0.464916953301506,41,237680576
803,-0.901792495784907,0.276559769527828,0.405841538111675,0.236019775345033,0.697854041323731,0.594158461888325,0.302145958676269,0.763980224654967,76,0.00111117641766214,39,557306442
678,-0.750813518410362,0.591771818515821,0.471982430120517,0.147981950347461,1.50536882247742,0.528017569879483,-0.505368822477416,0.852018049652539,74,0.204528420309504,37,905407663
378,-0.352050109233555,0.614185026094981,0.703244882031385,0.211014033081252,2.34369893263405,0.296755117968615,-1.34369893263405,0.788985966918748,72,0.566510108593116,39,443201204
753,-1.05615213760868,0.580830910586992,0.347791492725894,0.111407591948354,1.08573320989273,0.652208507274106,-0.0857332098927288,0.888592408051646,79,0.0690111151001523,40,979109640
503,-0.299727124101451,0.303777103821696,0.741020399702985,0.408558851834797,1.34401991367943,0.258979600297015,-0.344019913679431,0.591441148165203,73,0.323805460128773,41,536900855
878,-0.266160816392204,0.232762307114243,0.76631588143595,0.485601691805317,1.20930392140476,0.23368411856405,-0.209303921404762,0.514398308194683,96,0.252836192232791,40,363475726
403,-1.09426679105166,0.605134580790699,0.334784984327448,0.102252628764527,1.09611837940358,0.665215015672552,-0.0961183794035847,0.897747371235473,69,0.0705593261241031,39,821359576
828,0.0413810339996571,0.575967628274427,1.04224916226156,0.337059848071955,3.22282028680859,-0.0422491622615571,-2.22282028680859,0.662940151928045,71,0.942724376552037,38,377831680
578,-1.04371953206237,0.546059424752289,0.352142437916433,0.120756840494563,1.02689252280754,0.647857562083567,-0.0268925228075354,0.879243159505437,89,0.0559575361176542,36,650973426
204,-0.336640288137713,0.496269747743799,0.714165687573832,0.270005993972417,1.8889678032848,0.285834312426168,-0.888967803284796,0.729994006027583,88,0.497555289777819,36,765866044
903,-0.402752938307404,0.626802805265541,0.668477234040393,0.195682102594215,2.28361105336726,0.331522765959607,-1.28361105336726,0.804317897405785,74,0.520515311632708,38,504892112
853,-0.522784857075766,0.512249010464612,0.592867196457857,0.21723523752419,1.61802254846735,0.407132803542143,-0.618022548467351,0.78276476247581,92,0.30745924111854,44,836895190
129,-1.04855425818318,0.567527756355596,0.350444034639224,0.115222732337693,1.06585756927102,0.649555965360776,-0.0658575692710168,0.884777267662307,77,0.064662786897651,37,264552517
179,-1.10797896360947,0.578793174747503,0.330225685238304,0.106204081297918,1.02678731229931,0.669774314761696,-0.0267873122993147,0.893795918702082,77,0.0555828958786154,36,989350903
29,-0.462185558639796,0.579781663573124,0.629905444699268,0.202192161718478,1.96239491130343,0.370094555300732,-0.962394911303434,0.797807838281522,71,0.425351295175496,40,818784363
554,-1.00102496895874,0.563788348341656,0.367502569337641,0.121720258940302,1.10957813962594,0.632497430662359,-0.109578139625939,0.878279741059698,87,0.0758098773853183,40,95679541
104,-0.925251231477132,0.330529868804231,0.396431810413789,0.207405830726152,0.757732700945414,0.603568189586211,0.242267299054586,0.792594169273848,57,0.00512140260144126,40,494445839
929,-0.64559497901008,0.287836473957053,0.524350471753525,0.298273597459773,0.921782616931843,0.475649528246475,0.0782173830681574,0.701726402540227,69,0.0249017956982691,37,953023177
229,-1.00402155102272,0.285807653649442,0.366402966078426,0.209256551914891,0.641562389911073,0.633597033921574,0.358437610088927,0.790743448085109,76,0.00044319848115117,39,998181515
254,-1.3247214591696,0.567136000232238,0.265877006377992,0.0874850293008896,0.808030620615042,0.734122993622008,0.191969379384958,0.91251497069911,81,0.019501190479255,37,865759158
629,-0.291450246091434,0.611694671068382,0.747179187763174,0.225293840522651,2.47799379393289,0.252820812236826,-1.47799379393289,0.774706159477349,68,0.633744132520609,37,274725623
704,-1.41945948625598,0.616344434087066,0.241844701960645,0.0722608797075759,0.809412507889817,0.758155298039355,0.190587492110183,0.927739120292424,76,0.0212771767466882,39,190900970
604,-0.731896130950729,0.677944590633887,0.480996093298101,0.127372029055106,1.81638970097541,0.519003906701899,-0.816389700975409,0.872627970944894,59,0.280328785096974,39,513837719
979,-2.28525516169417,0.267932172273337,0.101748096577019,0.0601813623781289,0.172024606089821,0.898251903422981,0.827975393910179,0.939818637621871,74,1.47324829257268e-17,41,42145708
79,-0.372956592726628,0.55811984436675,0.688695126572778,0.230650572528386,2.05636158699204,0.311304873427222,-1.05636158699204,0.769349427471614,79,0.503982020848725,37,451220451
729,-1.20914508144875,0.587149350425446,0.298452322821135,0.0944262037899705,0.943316425125542,0.701547677178865,0.056683574874458,0.905573796210029,80,0.0394608740537162,40,813468469
529,-0.505595705921558,0.583360705336023,0.603146170642473,0.19224942175523,1.89225694329447,0.396853829357527,-0.892256943294466,0.80775057824477,77,0.386109240243937,41,419032627
804,0.309506673873009,0.336255223243385,1.36275266678274,0.705011296215517,2.63413485825307,-0.362752666782741,-1.63413485825307,0.294988703784483,69,0.357336790186246,45,669138727
779,-1.24662794199022,0.545892727972494,0.287472538378556,0.0986124233112879,0.83803295311931,0.712527461621444,0.16196704688069,0.901387576688712,86,0.022392107276652,42,134963547
479,-0.475623091566385,0.609559389282969,0.621497685827297,0.188183535258765,2.05256731391273,0.378502314172703,-1.05256731391273,0.811816464741235,67,0.43522985590709,36,186212885
954,-1.15195446219405,0.597307700320982,0.316018519154206,0.0980129131150776,1.01892394863483,0.683981480845794,-0.0189239486348287,0.901987086884922,75,0.0537832781868543,36,635524750
354,-1.46816525197418,0.61714438562462,0.230347727752664,0.0687178683556085,0.772143795355155,0.769652272247336,0.227856204644845,0.931282131644392,72,0.0173612969530281,37,629102300
279,-0.775685065869438,0.243192010190427,0.460388276645654,0.2858372611218,0.74153161292165,0.539611723354346,0.25846838707835,0.7141627388782,80,0.00142470182826905,39,475043670
54,-1.69846865542911,0.583678983972043,0.182963489782773,0.0582822062374458,0.574371506409843,0.817036510217227,0.425628493590157,0.941717793762554,86,0.00361502441946165,40,533387392
154,-1.2094271297962,0.235849159998992,0.298368156706703,0.187930514315383,0.473704641637692,0.701631843293297,0.526295358362308,0.812069485684617,94,2.92884992679004e-07,39,671076530
4,-0.698339672744778,0.542334542009077,0.497410482749831,0.171822065137202,1.43996167286113,0.502589517250169,-0.439961672861133,0.828177934862798,81,0.19786615650751,38,298978969
429,-1.50786444259336,0.28149157877303,0.221382247999414,0.127507792457207,0.384369447425911,0.778617752000586,0.615630552574089,0.872492207542793,76,8.4758167329829e-08,37,593844825
879,-1.19371037079265,0.2504190854727,0.303094581870936,0.185532954696895,0.495148291631528,0.696905418129064,0.504851708368472,0.814467045303105,86,1.87127951746094e-06,40,982617381
454,-1.10292534598947,0.62326920228606,0.331898743517509,0.0978313173259813,1.1259868410179,0.668101256482491,-0.125986841017897,0.902168682674019,76,0.0767969642328103,41,69423808
304,-1.49928909188474,0.587449510174423,0.223288841587317,0.070603965001733,0.706162986401432,0.776711158412683,0.293837013598568,0.929396034998267,81,0.010704481512971,38,763386011
654,-0.504028264539278,0.661595573063603,0.604092308223789,0.165177973340468,2.20929891240977,0.395907691776211,-1.20929891240977,0.834822026659532,69,0.446157043658505,39,219924757
379,-2.13226867743894,0.680083445327899,0.118567995955477,0.0312665095481384,0.449630287104917,0.881432004044522,0.550369712895083,0.968733490451862,71,0.00171675820678728,39,144079940
679,-0.633347967600147,0.65699996625859,0.530811682465385,0.146453949282145,1.92388831863398,0.469188317534615,-0.92388831863398,0.853546050717855,66,0.335045925775338,38,327933415
829,-2.36020117453258,0.74554231406871,0.0944012301625558,0.0218963076012381,0.406990640545256,0.905598769837444,0.593009359454744,0.978103692398762,71,0.0015468325167168,41,880739644
504,-1.3596691048158,0.602471351792813,0.256745718821276,0.0788276657098376,0.83623387220037,0.743254281178724,0.16376612779963,0.921172334290162,71,0.024019354726674,37,64404889
329,-0.249969388368934,0.242073328522886,0.77882462379855,0.484603429384923,1.25167870851602,0.22117537620145,-0.251678708516017,0.515396570615077,88,0.301782484557461,45,278128136
754,-0.725613362804316,0.619713107669629,0.484027593365749,0.143671083473479,1.63068799563057,0.515972406634251,-0.63068799563057,0.856328916526521,71,0.241644628518827,40,279951989
404,-0.768912477422406,0.255383669867096,0.463516879380039,0.280984640129966,0.764625060540086,0.536483120619961,0.235374939459914,0.719015359870034,80,0.00260549244558352,43,592588329
579,-1.7701258405089,0.212164957330801,0.170311555384039,0.112369636528988,0.258130459377681,0.82968844461596,0.741869540622319,0.887630363471012,108,7.23321902865529e-17,45,511687836
130,-2.2417661091338,0.758158362293244,0.106270652974167,0.0240473808240373,0.469633336212111,0.893729347025833,0.530366663787889,0.975952619175963,56,0.00310791887979627,36,263932021
904,-2.18194325082996,0.690821245032617,0.112822075889086,0.0291317098985055,0.436940394239466,0.887177924110914,0.563059605760534,0.970868290101495,68,0.00158595636470206,38,503333675
205,-2.14745261958077,0.268850890896037,0.116781265498696,0.0689488272941912,0.197796895272589,0.883218734501304,0.802203104727411,0.931051172705809,80,1.37677204774996e-15,48,440535724
255,-0.623015682349089,0.65432031112798,0.536324611717187,0.14875421088106,1.93368703601664,0.463675388282813,-0.93368703601664,0.85124578911894,69,0.341017351028664,43,613661852
80,-0.44516660921056,0.539720251401258,0.640717517699289,0.222462025537403,1.84534388057937,0.359282482300711,-0.84534388057937,0.777537974462597,84,0.40947952246015,40,593902737
180,-0.99653935777389,0.525798482017516,0.369154745713294,0.131718864027898,1.0345915696159,0.630845254286706,-0.0345915696158994,0.868281135972102,99,0.0580543063484315,40,316738084
854,-0.173158886177513,0.637658760506795,0.841003980320859,0.241002712300165,2.93477068438389,0.158996019679141,-1.93477068438389,0.758997287699835,72,0.785964853764448,38,84427127
555,-0.589606141838968,0.58040403039342,0.55454565405993,0.177785566428125,1.7297291822679,0.44545434594007,-0.729729182267896,0.822214433571875,71,0.309698600064285,42,60754012
630,-1.34177150470271,0.555153296703658,0.261382218370366,0.0880498654508417,0.775931498934056,0.738617781629634,0.224068501065944,0.911950134549158,88,0.0156516513911459,35,58829616
780,0.715173589895446,0.372668212564588,2.04454156321198,0.984872896803871,4.24435499978404,-1.04454156321198,-3.24435499978404,0.0151271031961289,63,0.0549764251878282,39,923447544
105,-0.291924297631556,0.580040467148309,0.746825070260073,0.239600404905848,2.32782447003014,0.253174929739927,-1.32782447003014,0.760399595094152,73,0.614765569969606,38,611601052
30,-0.638001598224966,0.561631659783156,0.528347219760999,0.175734767408336,1.58847784502736,0.471652780239001,-0.58847784502736,0.824265232591664,80,0.255965482187643,42,640402677
955,-0.559985264931022,0.347492534488437,0.571217480715783,0.289078177397527,1.12872377020209,0.428782519284217,-0.128723770202092,0.710921822602473,61,0.107070131910913,40,420187222
230,-0.312830948723407,0.313219222613174,0.731373541749651,0.395846272319411,1.35130047944422,0.268626458250349,-0.351300479444222,0.604153727680589,63,0.3179107848542,37,987734426
280,-1.96935005090137,0.596677631788573,0.139547525535075,0.0433340439021307,0.449381366921189,0.860452474464925,0.550618633078811,0.956665956097869,83,0.000965037635990711,39,808629878
930,-0.576055159842456,0.286865253677688,0.562111438363281,0.320362944141145,0.98628532081297,0.437888561636719,0.0137146791870295,0.679637055858855,71,0.0446322796506602,40,771456321
55,-1.15796370536226,0.630919637991332,0.314125181487693,0.0912143112178525,1.08178890271951,0.685874818512307,-0.0817889027195073,0.908785688782147,71,0.0664525919807251,38,187819263
705,-0.95886479092364,0.247687004688181,0.383327796264893,0.235905872335901,0.622876395294113,0.616672203735107,0.377123604705887,0.764094127664099,89,0.000108267059264862,38,725486720
980,-0.606310167182022,0.561793260273539,0.545359446321133,0.181335798888439,1.64014456888719,0.454640553678867,-0.640144568887189,0.818664201111561,78,0.280480427961338,38,971716646
305,-1.48682204299708,0.6087217693507,0.226090019420416,0.06857036823258,0.745463356827025,0.773909980579583,0.254536643172975,0.93142963176742,69,0.0145846603135282,38,817580412
805,-0.563771009076162,0.567186862103634,0.569059085626165,0.187226375274365,1.72960803444036,0.430940914373835,-0.729608034440362,0.812773624725635,75,0.320233795965363,38,325921507
605,-0.0793283345586015,0.535422670522642,0.92373658000632,0.323441348217293,2.63815765654217,0.0762634199936797,-1.63815765654217,0.676558651782707,77,0.882216334099769,38,127897008
530,-1.4751942393985,0.65531555034099,0.228734293518403,0.0633177792414971,0.826298358188057,0.771265706481597,0.173701641811943,0.936682220758503,71,0.0243779092450859,44,202200785
655,-0.639751100697287,0.272581924468017,0.527423683094184,0.30912737954501,0.899874161577237,0.472576316905816,0.100125838422763,0.69087262045499,79,0.0189250080740259,40,720439072
730,-0.806145481816727,0.501815663569914,0.446576088675465,0.167012585138868,1.1941028444704,0.553423911324535,-0.194102844470396,0.832987414861131,92,0.108173449655397,41,200248469
355,-0.682781066746127,0.603640841027887,0.505210014052235,0.154757581799733,1.64927078421886,0.494789985947765,-0.64927078421886,0.845242418200267,70,0.258010974499602,43,392630273
680,0.130857708726333,0.629057581176961,1.13980558538425,0.332181924566439,3.91097972645198,-0.139805585384255,-2.91097972645198,0.667818075433561,63,0.835211922911049,42,127703119
480,0.259509504544733,0.553661515538861,1.29629410433844,0.437951491150351,3.83690531690804,-0.296294104338435,-2.83690531690804,0.562048508849649,79,0.639273302628949,40,931665988
505,-0.215240623451234,0.562008944632573,0.806347390739787,0.268002783074075,2.42607971116908,0.193652609260213,-1.42607971116908,0.731997216925925,77,0.701731377047374,39,428959518
155,-0.821916008888689,0.5774894616029,0.439588591457167,0.141738062500896,1.36334677030085,0.560411408542833,-0.363346770300845,0.858261937499104,76,0.154661622018867,38,401202463
5,-0.905157494974098,0.563698538903777,0.404478176806303,0.133990506391812,1.22100139717472,0.595521823193697,-0.221001397174721,0.866009493608188,79,0.108329409659299,41,186955857
880,-1.17434200791574,0.574869164038122,0.309022246998929,0.100152138387291,0.953496856662075,0.690977753001071,0.046503143337925,0.899847861612709,78,0.0410723646719904,40,467680109
455,-1.36100810065652,0.654786083999589,0.256402167429923,0.0710504392015719,0.925287333921337,0.743597832570077,0.0747126660786634,0.928949560798428,70,0.0376583814516943,40,784218796
755,-0.320538156697819,0.32398080310387,0.725758360237881,0.384608685659751,1.36950936651793,0.274241639762119,-0.369509366517927,0.615391314340249,65,0.322480230395548,36,2560168
430,-1.07320328005805,0.55092614051356,0.341911523003308,0.116135382996241,1.00661388929354,0.658088476996692,-0.00661388929354123,0.883864617003759,82,0.0514151459515625,38,233307625
380,-1.25687491337696,0.558995886929169,0.284541856453755,0.0951323005090046,0.851068119250264,0.715458143546245,0.148931880749736,0.904867699490995,83,0.0245474402896189,39,216902056
405,-0.6959166035865,0.540006862460674,0.498617204143868,0.173026484706266,1.43688474449626,0.501382795856132,-0.436884744496255,0.826973515293735,83,0.197496116765205,39,314110299
830,-0.162719645640531,0.585172140883845,0.849829408399474,0.269918297796837,2.67566159565883,0.150170591600526,-1.67566159565883,0.730081702203163,77,0.780957537695712,41,962424475
580,0.353206278620619,0.574997296743942,1.42362477650262,0.461271849663398,4.39373767497645,-0.423624776502624,-3.39373767497645,0.538728150336602,73,0.539033833411368,32,858269603
330,0.160191671610276,0.603948676350851,1.17373582126773,0.359325727632716,3.83400261151131,-0.173735821267731,-2.83400261151131,0.640674272367284,77,0.790824168367838,40,304461252
905,-0.753642579231057,0.250826276921294,0.470649050115291,0.287868054370581,0.769486315036779,0.529350949884709,0.230513684963221,0.712131945629419,82,0.00265895655836018,39,655088903
131,-1.66475144215619,0.61292643654819,0.189237688648678,0.0569224659870428,0.629117206785203,0.810762311351322,0.370882793214797,0.943077534012957,88,0.00660618394223845,42,685140175
106,-0.765977452118066,0.571374379699673,0.464879311558426,0.151699959740238,1.42460666888175,0.535120688441574,-0.42460666888175,0.848300040259762,75,0.180054360562616,40,793098560
556,-1.12663893278426,0.294165875238005,0.324120819572602,0.182101063197071,0.576901111042524,0.675879180427398,0.423098888957476,0.817898936802929,76,0.000128172240089876,44,852376538
31,-0.128560752769159,0.565792491301221,0.879360137232144,0.290110423309682,2.6654480115921,0.120639862767856,-1.6654480115921,0.709889576690318,78,0.820250776165332,41,775844887
206,-0.345672764525861,0.561231680811038,0.707744048176111,0.235588969773984,2.12616761391358,0.292255951823889,-1.12616761391358,0.764411030226016,81,0.537948558457575,39,503092120
256,-0.951014394165661,0.580051156873421,0.386348914526815,0.123947923814304,1.20425965326917,0.613651085473185,-0.204259653269171,0.876052076185695,76,0.101101808473715,42,404139089
231,-1.25042643420285,0.539044480794745,0.28638264746172,0.09956603340502,0.823724898566147,0.71361735253828,0.176275101433853,0.90043396659498,92,0.0203566145332765,45,832799468
981,-1.5471160753823,0.292820916166867,0.212860964468065,0.119907517001544,0.3778728083719,0.787139035531935,0.6221271916281,0.880092482998456,63,1.26746511130488e-07,38,253961128
806,-1.01222445630736,0.332814517833674,0.363409690812609,0.189279802005395,0.697732150907216,0.636590309187391,0.302267849092784,0.810720197994605,65,0.00235475173318029,33,374549610
81,-1.40057794690528,0.625392629925458,0.246454485165995,0.0723438395258486,0.83959897147473,0.753545514834005,0.16040102852527,0.927656160474151,70,0.025122242364471,39,788090131
181,-0.889451062848034,0.57789446051201,0.410881238834881,0.132376731839538,1.27532527869874,0.589118761165119,-0.275325278698743,0.867623268160463,73,0.123774099073348,42,656078128
481,-0.650138457741858,0.638108294327307,0.521973500485339,0.149447856512685,1.82308626946278,0.478026499514661,-0.823086269462775,0.850552143487315,64,0.308272828310369,36,384645265
531,-1.65462542293816,0.541813057491974,0.191163647813775,0.0661017867169657,0.552837405166383,0.808836352186225,0.447162594833617,0.933898213283034,80,0.00225911646268517,38,865518558
631,-0.406157131791193,0.585699121547614,0.66620547714009,0.211378203615772,2.09969490789229,0.33379452285991,-1.09969490789229,0.788621796384228,74,0.488022827607154,36,329962917
855,-0.801172726701327,0.585915081890872,0.448802332900922,0.142338794656424,1.41509933748915,0.551197667099078,-0.415099337489152,0.857661205343576,83,0.171504002509933,38,917666352
781,-0.45644367610448,0.605784772479086,0.633532691417762,0.193252044396443,2.07689223857143,0.366467308582238,-1.07689223857143,0.806747955603557,77,0.451164534047847,40,161640965
356,0.378593931772931,0.58001467790982,1.46022996234553,0.468502450199914,4.5512495015165,-0.460229962345527,-3.5512495015165,0.531497549800086,82,0.513929301107636,42,192176027
156,0.225672764355094,0.274473160439401,1.25316551774803,0.73177312994479,2.14605285519456,-0.253165517748027,-1.14605285519456,0.26822687005521,78,0.410961146864472,36,190082116
956,0.0626976410795942,0.548188970883078,1.06470486754395,0.363588335210274,3.11780204476634,-0.064704867543951,-2.11780204476634,0.636411664789726,76,0.90894266022631,37,924236567
931,0.104399796668886,0.513789136053373,1.11004415817088,0.405510543049062,3.03863377712531,-0.110044158170884,-2.03863377712531,0.594489456950938,80,0.838981992224638,39,426106029
456,-1.21532868455889,0.635890205858957,0.29661250631944,0.0852940495362811,1.03147850739197,0.70338749368056,-0.0314785073919686,0.914705950463719,66,0.0559757884355663,39,499161245
281,-0.465976568777786,0.550566085785127,0.627521987482213,0.213297735934688,1.84616982945475,0.372478012517787,-0.846169829454747,0.786702264065312,79,0.397352496298763,44,44001840
606,-0.773329585582939,0.542875243594668,0.461473990342044,0.159239565231304,1.337345046458,0.538526009657956,-0.337345046457999,0.840760434768696,86,0.154299759682593,40,642348982
706,-1.42744384493309,0.605877487472289,0.239921415438196,0.0731720399102652,0.786670504969648,0.760078584561804,0.213329495030352,0.926827960089735,79,0.0184732062490832,39,166411671
506,-1.33748004073933,0.625149361893124,0.26250634108201,0.0770924232468256,0.893856700906107,0.73749365891799,0.106143299093893,0.922907576753174,76,0.0323986926616249,42,966732952
656,-0.638343882578905,0.569120000506725,0.528166405720901,0.173115100231564,1.61141201292661,0.471833594279099,-0.611412012926609,0.826884899768436,83,0.26201843304088,36,389542032
731,-1.50218080756462,0.59247777610237,0.222644086416562,0.0697096925181062,0.711097516366041,0.777355913583438,0.288902483633959,0.930290307481894,78,0.0112312143023188,40,575548375
306,0.305845569717679,0.488113399708181,1.35777260914914,0.52160790453648,3.53435299220378,-0.357772609149136,-2.53435299220378,0.47839209546352,99,0.53092991284386,39,171903046
681,-0.83093851631801,0.646980787882445,0.435640238929717,0.122579245113939,1.54824267026882,0.564359761070283,-0.548242670268815,0.877420754886061,72,0.199025605476324,36,695988976
881,-0.388285806099317,0.561139664831004,0.678218476584007,0.225801419790068,2.03710101737883,0.321781523415993,-1.03710101737883,0.774198580209932,83,0.488962892745694,38,612262246
56,-0.0127319581786998,0.633488614369873,0.987348750312013,0.285262112907829,3.41740985091028,0.012651249687987,-2.41740985091028,0.714737887092171,70,0.983965064621541,34,474253954
381,-0.384574848981309,0.605288241691253,0.680739991991334,0.207854283899522,2.22947984521875,0.319260008008666,-1.22947984521875,0.792145716100478,68,0.525194822135668,36,938138417
6,-0.497832283129182,0.504785354686128,0.607846872529318,0.22600607529446,1.63481366579322,0.392153127470682,-0.634813665793217,0.77399392470554,89,0.324022376997833,44,932808026
431,-2.28996607628147,0.754395198295095,0.101269897247102,0.0230854323393139,0.444245181883541,0.898730102752898,0.555754818116459,0.976914567660686,60,0.00240137802092078,41,280528734
331,-0.773797571639546,0.520025150793454,0.461258077475124,0.166455355899776,1.27817463659236,0.538741922524876,-0.278174636592355,0.833544644100224,83,0.136750818952742,39,7272229
406,-1.30749260980177,0.694973151039151,0.270497449438806,0.0692788955932623,1.05614948861881,0.729502550561194,-0.0561494886188068,0.930721104406738,61,0.0599233706235922,36,886224714
756,-1.76849767671288,0.667017651776931,0.170589076356052,0.0461513876029941,0.630547302766752,0.829410923643948,0.369452697233248,0.953848612397006,66,0.0080170563507697,37,18515813
581,-1.10789590991651,0.682430285134513,0.330253112839938,0.086688444046538,1.25815060750101,0.669746887160062,-0.258150607501007,0.913311555953462,72,0.104491846453105,35,281557248
831,-0.57532735726756,0.491428489756645,0.56252069342588,0.214700875103934,1.47381574657836,0.43747930657412,-0.473815746578362,0.785299124896066,103,0.241709546817472,36,561071544
132,0.224388183994995,0.556803238878129,1.25155675944686,0.420241341263255,3.72736846262793,-0.251556759446857,-2.72736846262793,0.579758658736745,79,0.68695287683597,37,303221834
107,-1.06567471131099,0.234865244418215,0.344495341432905,0.217403081167714,0.545884812816525,0.655504658567095,0.454115187183475,0.782596918832286,86,5.69552957531389e-06,40,715805243
257,-2.4436530103616,0.71552723163089,0.086843032819289,0.0213637308620571,0.353014761230048,0.913156967180711,0.646985238769952,0.978636269137943,73,0.00063740293802575,39,904266825
906,-0.512205559928038,0.57289288644739,0.599172609307235,0.194941652261706,1.84161676880669,0.400827390692765,-0.841616768806691,0.805058347738294,82,0.37128517064091,41,451691914
207,-0.3543657864559,0.556831447693742,0.701618277948216,0.235572779832552,2.08966506359916,0.298381722051784,-1.08966506359916,0.764427220167448,77,0.524517785114178,41,812287012
782,-0.254101514787755,0.656993192961066,0.775613061854542,0.213998877119451,2.81111578629259,0.224386938145458,-1.81111578629259,0.786001122880549,57,0.698930706079868,35,562541031
182,-1.35609271451747,0.231167020639715,0.257665585640121,0.163789739590996,0.405346233464043,0.742334414359879,0.594653766535957,0.836210260409004,97,4.4565484704542e-09,40,690351763
982,-0.302093589196181,0.315111831970726,0.73926887407214,0.398638044295991,1.37096415154519,0.26073112592786,-0.370964151545195,0.601361955704009,78,0.337716493666431,38,108565564
32,-1.85769821823518,0.654369358203107,0.156031367498765,0.0432724721655732,0.562616056470738,0.843968632501235,0.437383943529262,0.956727527834427,66,0.00452673799884059,41,258539071
82,-0.51785797283858,0.555553210926597,0.595795392019814,0.200543869082829,1.7700473755467,0.404204607980186,-0.770047375546703,0.79945613091717,77,0.351259897303991,39,489353935
557,-0.443986557088543,0.306073428923654,0.641474044048135,0.352086126976129,1.16871673621883,0.358525955951865,-0.168716736218827,0.647913873023871,73,0.146894515011887,43,551916018
232,-1.06077269603574,0.618124258759193,0.34618820869953,0.103077517041307,1.16268105094695,0.65381179130047,-0.162681050946949,0.896922482958692,72,0.0861408827498995,44,52994531
957,0.679361927973059,0.593129562645075,1.97261865779771,0.616836888059549,6.30835224743563,-0.972618657797715,-5.30835224743563,0.383163111940451,73,0.252049552906932,43,359211226
607,-0.95978457144822,0.531668052683636,0.382975380920589,0.135087196852395,1.08574421417251,0.617024619079411,-0.0857442141725075,0.864912803147605,86,0.0710382708783314,36,188859069
707,-0.885453234592906,0.717140162208653,0.412527159322536,0.101163007813883,1.68222219619855,0.587472840677464,-0.68222219619855,0.898836992186117,61,0.216942032450394,38,206955073
807,-0.299903458884035,0.524783954176974,0.740889743551863,0.264884576373339,2.07228982380114,0.259110256448137,-1.07228982380114,0.735115423626661,82,0.567674410951236,37,622291576
507,-0.242292502573444,0.323156412362788,0.784826580180145,0.416583885381136,1.47858038338118,0.215173419819855,-0.478580383381182,0.583416114618864,68,0.453394136011898,37,991600075
532,-0.437178900394059,0.340678969085726,0.645855877203649,0.331244862878819,1.25927934547651,0.354144122796351,-0.259279345476507,0.668755137121181,62,0.199401817192191,39,224672589
482,-1.59339030136889,0.641341332520452,0.203235413105382,0.0578214066324683,0.714348466177255,0.796764586894618,0.285651533822745,0.942178593367532,69,0.012974614379097,39,787364272
632,-0.946379120232804,0.538775293818906,0.388143904500533,0.135016364161611,1.11583282172069,0.611856095499467,-0.115832821720695,0.864983635838389,88,0.0789966385183273,39,445388995
357,-1.05470850004345,0.548839086767743,0.348293940178408,0.118788183389853,1.02121831737148,0.651706059821592,-0.0212183173714773,0.881211816610147,92,0.0546425017367987,37,664917153
657,-0.82692097102847,0.600649676225002,0.437393963795242,0.134771745747217,1.41953699941936,0.562606036204758,-0.419536999419356,0.865228254252783,85,0.168601639843052,41,881491157
882,-0.631173487366005,0.268003228436335,0.531967177822565,0.314600983288958,0.899517462793756,0.468032822177435,0.100482537206244,0.685399016711042,72,0.0185178919337792,39,234556640
932,-0.435159908054862,0.520376716614826,0.647161172519168,0.233381802071876,1.79455972787201,0.352838827480832,-0.794559727872006,0.766618197928124,86,0.403019810524903,36,193209796
157,-1.31310418409702,0.239438700040497,0.268983783899999,0.168234672748965,0.430067564663814,0.731016216100001,0.569932435336186,0.831765327251035,96,4.1559527157572e-08,38,515763404
856,-1.89296052679648,0.578508498998915,0.150625218096232,0.0484697033422201,0.468085314373582,0.849374781903768,0.531914685626418,0.95153029665778,83,0.00106736886196332,36,440915735
282,-1.36810399856231,0.673211640798411,0.254589203736808,0.0680457797640732,0.952530236027412,0.745410796263192,0.0474697639725884,0.931954220235927,64,0.0421329165496082,41,281083632
457,0.295209872668784,0.556657350178156,1.34340827378179,0.451211773490444,3.99977548481144,-0.34340827378179,-2.99977548481144,0.548788226509556,75,0.595885914523803,37,848345702
432,-0.576924402117002,0.581245824806884,0.561623039637212,0.17975772896287,1.75469750575506,0.438376960362788,-0.754697505755058,0.82024227103713,76,0.320921870922798,41,647064296
307,-0.112820935282455,0.60364979252273,0.893310606206618,0.273637022043326,2.91628608293685,0.106689393793382,-1.91628608293685,0.726362977956674,74,0.851740612066798,39,841304708
732,-0.996826400141298,0.587029901240213,0.369048797867632,0.116789295089389,1.16617721772617,0.630951202132368,-0.16617721772617,0.883210704910611,71,0.0894918069299065,41,655571366
682,-0.526941179838456,0.61185593374838,0.590408162842649,0.177967065033341,1.95868712385591,0.409591837157351,-0.958687123855908,0.822032934966659,70,0.389118135477073,39,881026447
757,-1.73880489526885,0.260664519276267,0.175730291273864,0.105431063614359,0.292903573316423,0.824269708726136,0.707096426683577,0.894568936385641,72,2.54652155268011e-11,34,569474075
407,-1.73046875203353,0.5544214549427,0.177201327016364,0.0597781639541728,0.525280607822488,0.822798672983636,0.474719392177512,0.940221836045827,94,0.00180106277422625,36,315585674
382,-0.742291688430084,0.573105230358115,0.47602177098648,0.154809910387676,1.46370943491706,0.52397822901352,-0.463709434917057,0.845190089612324,80,0.195247758147592,44,961557080
7,0.148402855622342,0.604745760817376,1.1599801067553,0.354560226734202,3.79499376019053,-0.1599801067553,-2.79499376019053,0.645439773265798,74,0.806148974652802,40,688458266
57,-0.654753114078673,0.647449127866228,0.519570321351236,0.146061124121789,1.84822156102218,0.480429678648764,-0.84822156102218,0.853938875878211,60,0.311881873936445,36,514451751
582,-0.417857510273605,0.565851232145788,0.658456044962412,0.217206764807032,1.99609051556347,0.341543955037588,-0.99609051556347,0.782793235192968,75,0.460236029077099,39,915513041
832,-0.475911231541567,0.613472781653245,0.621318633296862,0.186691867405071,2.06777536401351,0.378681366703138,-1.06777536401351,0.813308132594929,74,0.437887253325776,40,449145249
332,-0.711409793195742,0.605081016930453,0.490951569162707,0.149965982474527,1.60725412047539,0.509048430837293,-0.607254120475392,0.850034017525473,79,0.239704180945642,40,941000508
133,-0.999136168182095,0.268582019789164,0.368197364434225,0.217501995482374,0.623301404088936,0.631802635565775,0.376698595911064,0.782498004517626,71,0.000199190314012936,44,141007786
258,-1.30225487344922,0.571878759012513,0.271917960647092,0.0886449117977895,0.834107404733381,0.728082039352908,0.165892595266619,0.911355088202211,80,0.0227771489432411,43,848083212
108,0.597749569869922,0.603579214701545,1.81802285988413,0.556969970874575,5.93426448803209,-0.818022859884127,-4.93426448803209,0.443030029125425,70,0.322007208379161,37,747474640
83,-2.08282062938216,0.722199913377176,0.124578326873677,0.0302485675532106,0.513074197624191,0.875421673126323,0.486925802375809,0.969751432446789,66,0.00392665522684043,36,802729251
208,-0.333352708682095,0.549533846918149,0.716517427664242,0.244040945845005,2.10373395484481,0.283482572335758,-1.10373395484481,0.755959054154995,83,0.544109784246571,38,369808213
907,-1.20072420556581,0.575103999226158,0.300976164352704,0.0974995680334769,0.929097977925016,0.699023835647296,0.0709020220749841,0.902500431966523,81,0.036812415631432,45,469961739
783,-0.587831488465301,0.646792562774055,0.555530654134099,0.156371355445414,1.9735987246743,0.444469345865901,-0.973598724674297,0.843628644554586,68,0.363434151636119,38,663752978
808,-0.553212187030129,0.604973421131091,0.575099513024102,0.175706848873456,1.88233669888849,0.424900486975898,-0.882336698888486,0.824293151126544,77,0.360485438320796,42,281921393
633,-1.11923347217407,0.257642347547299,0.326529993044432,0.197068638083599,0.541039088687297,0.673470006955567,0.458960911312703,0.802931361916401,76,1.39824690838617e-05,37,932114518
933,-1.48445725284229,0.327985146540613,0.226625307545026,0.119159025705478,0.431012503801601,0.773374692454974,0.568987496198399,0.880840974294522,64,6.01136309532176e-06,41,408338896
233,-0.602076666721953,0.59319757121522,0.547673119801336,0.17123429021469,1.7516692817593,0.452326880198664,-0.751669281759297,0.82876570978531,71,0.310120989783573,39,837192533
983,-2.06274238709035,0.568775759511407,0.127104920606056,0.0416888158572802,0.387529856870487,0.872895079393944,0.612470143129513,0.95831118414272,88,0.000287138121485916,41,758267106
558,-1.17382897750201,0.695155070711966,0.309180825484476,0.0791581222267423,1.20761812127686,0.690819174515524,-0.207618121276856,0.920841877773258,65,0.0912988348272917,40,527518672
358,-1.19803438595621,0.646978729847432,0.301786825719253,0.0849162845702745,1.0725303001491,0.698213174280747,-0.0725303001490982,0.915083715429726,65,0.0640636128877482,44,870083755
183,-0.749120130594791,0.260924287729057,0.472782356518501,0.283505902128532,0.788425055552632,0.527217643481499,0.211574944447368,0.716494097871468,82,0.00409143277793344,45,964974390
33,-1.18444847395323,0.61303630086699,0.305914852990043,0.0919990024553797,1.01722730445157,0.694085147009957,-0.0172273044515705,0.90800099754462,72,0.0533469555892639,41,362029661
708,-1.13762640560644,0.25357187814417,0.320579044088917,0.195026827245872,0.526957880412008,0.679420955911084,0.473042119587992,0.804973172754128,76,7.24346392184494e-06,39,444435028
458,-1.16690775904363,0.556359330436977,0.311328156020663,0.104627170050632,0.926386718519884,0.688671843979337,0.0736132814801163,0.895372829949368,83,0.0359582288860343,44,243667418
308,-0.976147264752102,0.567441347026011,0.376759862209632,0.123896112337333,1.14570175846792,0.623240137790368,-0.145701758467917,0.876103887662667,79,0.0853849946024159,37,757169942
508,-0.91446338411308,0.307922722759301,0.400731607351376,0.219153949419808,0.732753489296246,0.599268392648624,0.267246510703754,0.780846050580192,57,0.00298011070387848,39,417663845
533,-0.00332986431168722,0.557395087292905,0.996675673538012,0.334270691529234,2.97173046693976,0.0033243264619881,-1.97173046693976,0.665729308470766,77,0.995233485939467,34,848280246
857,-0.369134298004802,0.546039830096633,0.691332559632195,0.237081171876042,2.01593700683027,0.308667440367805,-1.01593700683027,0.762918828123958,76,0.499027421409178,38,110870183
733,-0.584594544109801,0.592397744816937,0.557331789464063,0.174527529348406,1.77976921295398,0.442668210535937,-0.779769212953982,0.825472470651594,70,0.323727079615457,41,314439400
883,-1.47288139412175,0.603243418247634,0.229263932799554,0.0702836017922645,0.74785511189473,0.770736067200446,0.25214488810527,0.929716398207736,76,0.0146221860142927,41,358862344
608,-1.39122818533239,0.611460939857737,0.248769581776453,0.0750448303960373,0.824657801085512,0.751230418223547,0.175342198914488,0.924955169603963,75,0.02289077207976,41,538203475
283,-1.19168470664427,0.659184523770752,0.303709171965407,0.0834370659581226,1.10549502282604,0.696290828034593,-0.105495022826044,0.916562934041877,64,0.0706350535238735,35,389890658
958,-0.718600323756506,0.262515151107346,0.487434028548249,0.291381881281606,0.815397069789505,0.512565971451751,0.184602930210495,0.708618118718394,84,0.00619331488125088,38,13177295
158,0.0565718424510396,0.291182146272548,1.05820263594048,0.598017849279052,1.87250735084474,-0.0582026359404832,-0.872507350844741,0.401982150720948,70,0.845954023059215,39,386271858
483,-0.693418883651519,0.548141467586742,0.499864166908184,0.170715573778469,1.46362853621693,0.500135833091816,-0.463628536216927,0.829284426221531,80,0.205858296253725,39,582231184
658,0.189303193295285,0.261733711356948,1.20840727793103,0.723477773268354,2.0183732013769,-0.208407277931028,-1.0183732013769,0.276522226731646,83,0.469516245249181,40,364104078
383,-1.51384935072293,0.570408552735093,0.220061252544911,0.0719467101680428,0.673094777489149,0.779938747455089,0.326905222510851,0.928053289831957,85,0.00795500047048438,38,669854787
8,-0.733013829807939,0.637155974787956,0.480458784844758,0.137818649388015,1.67495941194861,0.519541215155242,-0.674959411948609,0.862181350611985,65,0.249960037647792,35,390177407
408,-1.02636554526084,0.564383610990597,0.358306846967164,0.1185361743439,1.08307693659051,0.641693153032836,-0.083076936590514,0.8814638256561,78,0.0689785618828515,43,553072183
758,-0.820977802371797,0.291709178377534,0.440001209868798,0.248399414514756,0.779394206963823,0.559998790131202,0.220605793036177,0.751600585485244,61,0.00488728143981727,38,604721044
433,-1.6711044544145,0.687359711068304,0.188039270107554,0.0488840196452199,0.723319550217045,0.811960729892446,0.276680449782955,0.95111598035478,71,0.0150491754723475,39,391580228
683,-1.02355991405872,0.702672215800899,0.3593135353748,0.0906479324616843,1.42425991633189,0.6406864646252,-0.424259916331894,0.909352067538316,61,0.145208132445262,38,861302386
58,-0.742927608506315,0.332818272983753,0.475719155415443,0.247773703084146,0.913368577908877,0.524280844584557,0.0866314220911226,0.752226296915854,50,0.0255996316345558,41,421932306
583,-1.52415415228366,0.589021604028034,0.217805209010567,0.0686581605310974,0.690946403241461,0.782194790989433,0.309053596758539,0.931341839468903,84,0.00966462571804622,42,392546902
833,-2.02706362612002,0.609494746931063,0.13172173810349,0.03988913177143,0.434971018883682,0.86827826189651,0.565028981116318,0.96011086822857,85,0.000881620537852071,42,221717032
333,-1.26465510296062,0.662444413868753,0.28233665642683,0.0770714553488325,1.03428678233061,0.71766334357317,-0.034286782330615,0.922928544651167,70,0.0562526054269349,39,973992881
134,-1.68600766870163,0.657927024796492,0.185257659524169,0.0510208481895572,0.672674046594888,0.814742340475831,0.327325953405112,0.948979151810443,68,0.0103889902355027,44,167335864
259,-1.98757781334439,0.674446248363509,0.137026928600102,0.0365355993284875,0.513920108241861,0.862973071399898,0.486079891758139,0.963464400671513,69,0.00320896714107191,40,34304388
209,-0.459639636229683,0.283804987363041,0.631511178256378,0.362081052569111,1.10142843828216,0.368488821743622,-0.101428438282165,0.637918947430889,69,0.105326501567999,41,966030294
908,-0.828231365976572,0.582743404322411,0.436821180323001,0.139402834027874,1.36878668865962,0.563178819676999,-0.368786688659617,0.860597165972126,79,0.155240451866203,39,800912035
109,-0.842144307461285,0.547987103112235,0.430785795137792,0.147168175729134,1.26098186902892,0.569214204862208,-0.260981869028917,0.852831824270866,85,0.124343309333911,40,380895041
84,-1.40136395224594,0.687140925017587,0.246260846734815,0.0640471711696725,0.946870931643341,0.753739153265185,0.0531290683566593,0.935952828830328,63,0.0414088526183854,36,968719201
34,-0.560251202303959,0.616181298165762,0.571065592836813,0.170683493173709,1.91064704183294,0.428934407163187,-0.910647041832938,0.829316506826291,69,0.363228148736414,33,345315815
234,-0.825322860467243,0.274440234060341,0.438093526548624,0.255836723928947,0.750189163839957,0.561906473451375,0.249810836160043,0.744163276071053,80,0.00263583468511005,43,620314578
809,0.330861503846505,0.675964911408115,1.39216696918562,0.370091362804626,5.23689300772636,-0.392166969185617,-4.23689300772636,0.629908637195374,51,0.624512173249409,34,386371489
934,-0.717997945615156,0.621373293527788,0.487727736605172,0.144299075230101,1.64850914446042,0.512272263394828,-0.648509144460422,0.855700924769899,82,0.247885004838895,45,811666900
784,-0.630255556061249,0.556176674580926,0.532455711333989,0.179004952257491,1.58380581630149,0.467544288666011,-0.583805816301485,0.820995047742509,86,0.257133181689817,39,78336498
709,-0.971440019765432,0.52766093191663,0.378537543891277,0.134574619444542,1.0647674333145,0.621462456108723,-0.0647674333145039,0.865425380555458,95,0.065617047466412,40,840461679
984,-1.26669190621004,0.61657313243879,0.281762177456512,0.0841501109703788,0.943432203826574,0.718237822543488,0.056567796173426,0.915849889029621,70,0.0399363558239773,36,872668454
884,-0.234305319880202,0.567543028677085,0.79112023428247,0.260105173639029,2.40622366842932,0.20887976571753,-1.40622366842932,0.739894826360971,74,0.67972273793135,42,180342378
609,-0.281423913231115,0.613604431692685,0.754708336809559,0.226713879308457,2.51235026010427,0.245291663190441,-1.51235026010427,0.773286120691543,69,0.646492266298001,41,617994168
284,-0.881793807011392,0.250800994527801,0.414039538120087,0.253255929229479,0.676899212777603,0.585960461879913,0.323100787222397,0.746744070770521,77,0.00043824897479488,34,374611401
184,-0.98985653346651,0.346491902592487,0.371630003666031,0.188441402313089,0.732900827151302,0.628369996333969,0.267099172848698,0.811558597686911,64,0.00427941357094107,38,136905150
634,-0.740312778461165,0.524692116687977,0.476964707900419,0.170556197895487,1.33384383206019,0.523035292099581,-0.333843832060186,0.829443802104513,89,0.158260236328554,37,404506435
359,-0.940863677890498,0.278134305486174,0.39029060438414,0.226276653116983,0.673188125121269,0.60970939561586,0.326811874878731,0.773723346883017,74,0.000717593656624951,41,322406857
559,-1.02937695098117,0.579123579971108,0.357229462713317,0.114814406555964,1.11147105017908,0.642770537286683,-0.111471050179085,0.885185593444036,80,0.0754903289991223,39,876866354
459,-1.08383797310237,0.587246758796876,0.338294665082564,0.107011339833632,1.06945002839182,0.661705334917436,-0.069450028391824,0.892988660166368,87,0.0649465072057464,43,783071164
509,-0.5597399724561,0.566904160222362,0.571357613251372,0.188086802143871,1.73563226392991,0.428642386748628,-0.735632263929914,0.811913197856129,85,0.323464906225954,33,542953648
309,-1.23075708001673,0.62515185357965,0.292071372556815,0.0857746133560198,0.994533036402605,0.707928627443185,0.00546696359739474,0.91422538664398,69,0.0489837604523862,37,192551325
534,-1.19759516066553,0.711655517949092,0.301919407239949,0.0748391342806816,1.21801687505159,0.698080592760051,-0.218016875051588,0.925160865719318,68,0.0924080314135991,42,376415136
734,-1.91401005107911,0.60486401484289,0.147487765695577,0.0450707529711341,0.482633184402424,0.852512234304423,0.517366815597576,0.954929247028866,73,0.00155422159061735,41,209098708
858,-0.920109283862876,0.618051955859012,0.398475491763937,0.11866286688759,1.3380994552148,0.601524508236063,-0.338099455214802,0.881337133112409,74,0.136559847624377,42,677088731
484,-1.76778010175451,0.697348221159824,0.170711530735259,0.0435190067336424,0.669648250575692,0.829288469264741,0.330351749424308,0.956480993266358,64,0.0112446239199848,39,14060039
159,-2.36902815772215,0.246836367731458,0.0935716189595407,0.0576815133962551,0.151792963796923,0.906428381040459,0.848207036203077,0.942318486603745,80,8.18550719659859e-22,37,607592602
959,-0.714756818288994,0.620432830227258,0.489311088837023,0.145034617980901,1.65081512946379,0.510688911162977,-0.650815129463792,0.854965382019099,79,0.249309020708379,38,457383318
59,-1.4626539485104,0.698598372490587,0.231620748762775,0.0589019195866586,0.910805142411353,0.768379251237225,0.0891948575886465,0.941098080413341,59,0.0362868997364173,37,92104249
659,-0.384415057848358,0.611635606615344,0.6808487768971,0.205317273946123,2.25774991111521,0.3191512231029,-1.25774991111521,0.794682726053877,68,0.52967422055242,42,345346088
384,-0.182225833424302,0.509381093333281,0.833413106626067,0.307096136943438,2.26175885248613,0.166586893373933,-1.26175885248613,0.692903863056562,88,0.720538129247095,38,780761487
409,0.145624041881356,0.673771368045096,1.15676121252045,0.30883640581518,4.33270326165028,-0.15676121252045,-3.33270326165028,0.69116359418482,63,0.828884291553699,37,830254051
9,-1.72603064712974,0.601668961458749,0.177989512826682,0.0547334553027295,0.578809916184842,0.822010487173318,0.421190083815158,0.94526654469727,79,0.0041211294211029,37,309803186
759,-0.920137315236969,0.588663620357943,0.398464322104912,0.125695016500862,1.26316715181336,0.601535677895088,-0.263167151813356,0.874304983499138,79,0.118030190162118,42,12656834
684,-0.583010824654078,0.632875890523568,0.558215145972141,0.161471798030878,1.9297744435416,0.441784854027859,-0.929774443541603,0.838528201969122,64,0.356941437113231,33,201466711
584,-2.01367024736091,0.613745769705187,0.133497804447807,0.0400915435220076,0.444524261895831,0.866502195552193,0.555475738104169,0.959908456477992,78,0.00103457446713167,37,196649214
434,0.279814167718358,0.519450257077466,1.32288395495033,0.477930656110247,3.66166500493607,-0.322883954950329,-2.66166500493607,0.522069343889753,91,0.590112056202202,37,896968162
834,-1.01640787604918,0.248943841958069,0.361892571124513,0.222166352872347,0.589496255134375,0.638107428875487,0.410503744865625,0.777833647127653,84,4.44809617758039e-05,44,808705939
334,-0.15919099590978,0.604624862723598,0.852833455710934,0.260739370507128,2.78947096391785,0.147166544289066,-1.78947096391785,0.739260629492872,84,0.792327938840427,44,110100198
135,-0.638271399574495,0.57160483099554,0.528204690196287,0.172286535924355,1.61939639246014,0.471795309803713,-0.619396392460145,0.827713464075645,83,0.264152336645587,40,959438939
110,-1.62161547998977,0.553343389203305,0.197579255791839,0.0667935610928132,0.584450981210779,0.802420744208161,0.415549018789221,0.933206438907187,87,0.00338332994316733,37,415794771
260,-1.74570859738629,0.652404904144638,0.174521279819266,0.0485870272438214,0.626868504568316,0.825478720180735,0.373131495431684,0.951412972756179,69,0.00745499065404638,43,661604496
85,-1.25567025941301,0.559664902450708,0.284884837474286,0.0951221606726846,0.853212017565703,0.715115162525714,0.146787982434297,0.904877839327315,84,0.0248574491797882,40,282442961
785,-1.03249255088819,0.284194484156867,0.356118210639839,0.204026885033681,0.621585630385844,0.643881789360161,0.378414369614156,0.795973114966319,74,0.000280091556594019,41,779590182
985,-0.459143323297213,0.67633902362342,0.631824683212993,0.167840114701232,2.37846852659633,0.368175316787007,-1.37846852659633,0.832159885298768,64,0.49722299928573,35,263139430
909,-0.859074422120053,0.573408775184486,0.423553933097007,0.13766460234134,1.30315223514848,0.576446066902993,-0.303152235148481,0.86233539765866,86,0.134084287460636,40,921939454
210,-0.498566491266865,0.563061213880493,0.607400750202404,0.201463674040094,1.83127639811145,0.392599249797596,-0.831276398111454,0.798536325959906,77,0.375910203438725,40,236987439
635,-1.00595326594041,0.596496853491886,0.365695863183451,0.113600699439524,1.1772239520469,0.634304136816549,-0.177223952046903,0.886399300560476,77,0.0917120142583845,37,820688671
235,-0.897426220170797,0.592816322654607,0.407617428314418,0.12754004796445,1.30274349521942,0.592382571685582,-0.302743495219419,0.87245995203555,75,0.13006764085956,37,734667007
35,-1.20253397104755,0.631163256981205,0.300431960668686,0.0871964880882358,1.03512612686759,0.699568039331314,-0.0351261268675864,0.912803511911764,78,0.0567454868690634,42,947846974
935,-0.928504420000359,0.582745980189408,0.395144238490567,0.126101826282221,1.2381975250925,0.604855761509433,-0.238197525092495,0.873898173717779,82,0.111087039051496,39,817063542
360,-0.689926065641077,0.573335479627573,0.501613154142087,0.163059036477598,1.54309605799088,0.498386845857913,-0.543096057990883,0.836940963522402,76,0.228839007885083,44,824789454
460,-0.889348257867649,0.586528631674414,0.410923481643929,0.130168794456006,1.29722418089567,0.589076518356071,-0.297224180895669,0.869831205543995,70,0.129445712080685,38,544852306
810,-0.705084374421299,0.580004024479531,0.494066885889871,0.158520497336742,1.53987712525513,0.505933114110129,-0.539877125255127,0.841479502663258,79,0.224116647719407,42,821266030
535,-1.67856568222817,0.623266431524736,0.186641487347701,0.0550152180177697,0.63318925298288,0.813358512652299,0.36681074701712,0.94498478198223,82,0.00707750718722831,36,347563567
885,-0.926985049235419,0.579679584088941,0.395745065418315,0.127054880413683,1.2326496730627,0.604254934581685,-0.232649673062697,0.872945119586317,73,0.109790939791265,36,557040671
185,-0.876463208796108,0.556708528771489,0.4162525095336,0.139793090431045,1.23944717981957,0.5837474904664,-0.239447179819565,0.860206909568955,80,0.115402764328082,39,454250293
510,-0.250828005265557,0.49436322068796,0.778156198818607,0.295300406668858,2.05054600699837,0.221843801181393,-1.05054600699837,0.704699593331142,101,0.611891062084239,40,391094507
610,-0.233732736599466,0.614586018475387,0.791573346211449,0.237331068715447,2.64014469670489,0.208426653788551,-1.64014469670489,0.762668931284553,64,0.70371588343115,36,182380432
735,-0.770500962796028,0.535734929216587,0.462781174079971,0.161941174620425,1.32249513185774,0.537218825920029,-0.322495131857737,0.838058825379575,87,0.150373615569778,38,917649135
710,-0.554560377388207,0.279082995898366,0.574324691826302,0.332354536757358,0.992460806642123,0.425675308173698,0.00753919335787701,0.667645463242642,79,0.0469134774499117,39,58386178
285,-1.36663845819773,0.273879443525359,0.254962588029316,0.149056134315459,0.436117048071498,0.745037411970684,0.563882951928502,0.850943865684541,69,6.0402082318174e-07,44,428298756
310,-2.24997220006248,0.659486325110515,0.10540215469445,0.0289396791209348,0.383888645337335,0.89459784530555,0.616111354662665,0.971060320879065,75,0.000645581506252922,40,601481482
859,-0.219634705135902,0.286300330870145,0.802812007508427,0.458051780955744,1.40706170392989,0.197187992491573,-0.407061703929892,0.541948219044256,73,0.442993569629016,38,394077097
560,-0.417090328320466,0.569767158080548,0.658961394379733,0.215711494496568,2.01301335515892,0.341038605620267,-1.01301335515892,0.784288505503432,74,0.464146319747389,37,765515477
485,-0.76363007577072,0.536538340267141,0.465971840044844,0.162801127620927,1.33371162035408,0.534028159955156,-0.333711620354077,0.837198872379073,89,0.154662678788355,45,294458909
660,-0.689814064443906,0.521303896491363,0.50166933856217,0.180585500466678,1.39364525171191,0.49833066143783,-0.393645251711907,0.819414499533322,89,0.185753092923515,41,189651910
10,-2.40218290045933,0.695736479377312,0.0905201410083162,0.0231490544733097,0.353962445317705,0.909479858991684,0.646037554682295,0.97685094552669,75,0.000554965783634211,43,319721894
685,-1.07743134753343,0.6622591950522,0.340468949810855,0.092973988521623,1.24679071672124,0.659531050189145,-0.246790716721236,0.907026011478377,66,0.103757740404007,34,389628247
410,-0.424957803752929,0.553852556534387,0.653797372343263,0.220802008687111,1.93590179104157,0.346202627656737,-0.935901791041569,0.779197991312889,74,0.44291740294599,37,253585985
160,-1.44623885304274,0.589126992369611,0.235454202643381,0.0742062767248363,0.747088844627014,0.764545797356619,0.252911155372986,0.925793723275164,84,0.0140929773457601,37,159384333
435,-0.970220368014062,0.257607431907029,0.378999509530978,0.228750896272807,0.627934712235695,0.621000490469022,0.372065287764305,0.771249103727193,80,0.0001657014360885,39,418522981
385,-1.26063571069607,0.586924499187148,0.283473761905277,0.0897267273306701,0.895579010617297,0.716526238094723,0.104420989382703,0.91027327266933,83,0.0317243297165607,40,482796336
960,-1.57523710440967,0.526221876175579,0.206958476095945,0.0737840253416961,0.580502495351808,0.793041523904055,0.419497504648192,0.926215974658304,96,0.00275811389990231,39,826512790
60,-0.960029419282637,0.303253431847175,0.382881621706774,0.211317143563492,0.693736124616706,0.617118378293226,0.306263875383294,0.788682856436508,72,0.00154675140668381,45,724615898
760,-0.637152055213266,0.557197168855136,0.528796264163558,0.177419474382085,1.57606987602242,0.471203735836442,-0.576069876022421,0.822580525617915,83,0.252833219892048,40,151492511
585,-1.47950341880323,0.559348551326062,0.227750757051103,0.0760924345070501,0.681676275353559,0.772249242948897,0.318323724646441,0.92390756549295,83,0.00816794798908631,42,310018808
335,-0.593235954037226,0.636034012151519,0.552536406282454,0.158842884865947,1.92200286796088,0.447463593717546,-0.922002867960877,0.841157115134053,61,0.350969175821144,35,738233023
136,-0.327144287701271,0.255314351862312,0.720979707016641,0.437118382638087,1.18917839783503,0.279020292983359,-0.189178397835031,0.562881617361912,84,0.200074549277181,38,240685382
835,0.0135755174826742,0.284186524372017,1.01366808322177,0.580758753219125,1.76927679048655,-0.0136680832217719,-0.769276790486547,0.419241246780875,79,0.961899749905102,44,542145306
86,-1.05950306332951,0.290242298142693,0.346628019711951,0.196249687538907,0.61223528840324,0.653371980288049,0.38776471159676,0.803750312461093,74,0.000261823179412274,38,406992184
111,-0.838914348119969,0.301861863795241,0.43217946527821,0.23917668570013,0.780925154395423,0.56782053472179,0.219074845604577,0.76082331429987,79,0.00545041588586125,41,914736263
261,-0.918024728148765,0.524365461877764,0.399307002491344,0.142878287406013,1.11595740075977,0.600692997508656,-0.115957400759773,0.857121712593987,84,0.079991646077291,41,227502133
910,0.584727591080434,0.306688419436771,1.79450208067893,0.983762605616545,3.27338902614907,-0.79450208067893,-2.27338902614907,0.0162373943834547,83,0.0565743275214025,38,598466019
211,0.139897655379531,0.553612197961672,1.15015608054587,0.388616487874999,3.40402183358247,-0.150156080545869,-2.40402183358247,0.611383512125001,78,0.800500253150289,39,721978323
811,-0.597108663113566,0.691123481465108,0.550400731619377,0.142034428626082,2.13286995482386,0.449599268380623,-1.13286995482386,0.857965571373918,64,0.387605397251308,46,370898172
886,-0.867974248872602,0.518589959060985,0.41980110102056,0.151921416068396,1.16002713099207,0.58019889897944,-0.160027130992072,0.848078583931604,93,0.0941856933447482,40,436455712
286,0.578494796372345,0.295235527426628,1.78335210146845,0.999843807858729,3.18084154026317,-0.783352101468454,-2.18084154026317,0.000156192141271161,74,0.0500618767557493,36,24861963
711,-0.422312228730041,0.559275481888207,0.655529332346451,0.219046327450539,1.96177087544923,0.344470667653549,-0.961770875449234,0.780953672549461,87,0.450185429826899,38,93487422
986,-1.43639496970059,0.55290187501607,0.237783431868112,0.0804545595385834,0.702768877180436,0.762216568131888,0.297231122819564,0.919545440461417,86,0.00937902777470656,44,787176904
186,-1.04440828306877,0.272659268489472,0.351899982963054,0.206220224683653,0.600492013813687,0.648100017036946,0.399507986186313,0.793779775316347,85,0.000127908002278642,40,44634375
236,-0.853170611751266,0.291786389801778,0.42606191122799,0.240493689962733,0.754817110699984,0.57393808877201,0.245182889300016,0.759506310037267,74,0.00345613419073732,41,548186534
786,-0.241965436664182,0.288064779782076,0.785083312181059,0.446390106842625,1.38075597468937,0.214916687818941,-0.380755974689374,0.553609893157375,73,0.40092586216356,42,82619650
611,-0.387484409209902,0.566601803388962,0.678762216608166,0.223576076141096,2.06067730790694,0.321237783391834,-1.06067730790694,0.776423923858904,76,0.494054546578586,41,295922907
36,-0.452423419475257,0.312741697684217,0.636084782012491,0.344594855673188,1.17414361603704,0.363915217987509,-0.174143616037038,0.655405144326812,68,0.14799887919341,36,239046735
311,0.279738680098362,0.297581480089998,1.32278409735809,0.738222282934369,2.37023158020688,-0.322784097358092,-1.37023158020688,0.261777717065631,76,0.347196723530285,44,166613020
636,0.31945235381421,0.539816926237746,1.37637379204234,0.477796972780376,3.96487404346071,-0.376373792042343,-2.96487404346071,0.522203027219624,83,0.553998546312923,41,422447881
561,-0.583647984811184,0.573496665161638,0.55785958680813,0.181285744477265,1.71666735016093,0.44214041319187,-0.716667350160928,0.818714255522735,81,0.308820191945659,43,824563357
936,-1.50546477935928,0.613858362037741,0.22191412875273,0.0666296862964169,0.739098189971992,0.77808587124727,0.260901810028008,0.933370313703583,79,0.0141882060477682,42,752097728
736,-0.769576317084674,0.645830754102343,0.463209280600806,0.130630658932047,1.6425151598319,0.536790719399194,-0.642515159831897,0.869369341067953,64,0.23341545813767,38,755469216
536,-0.860889259412831,0.545633693946368,0.422785948717853,0.145102970342428,1.23186974058097,0.577214051282147,-0.231869740580971,0.854897029657572,89,0.114616442336484,39,41283605
361,-0.960924035378029,0.565614745068226,0.382539242817033,0.126247809075262,1.15911930168856,0.617460757182967,-0.159119301688561,0.873752190924738,88,0.0893376455436568,39,125280372
511,-1.41344926183832,0.559828818995119,0.243302619711413,0.0812118923865204,0.728910052689057,0.756697380288587,0.271089947310943,0.91878810761348,86,0.011576799884886,38,262963310
411,-2.16957659390104,0.611934912321622,0.114225970646112,0.0344258692915675,0.379004877394407,0.885774029353888,0.620995122605593,0.965574130708432,81,0.000391962880081353,42,186854483
161,-0.12469567013721,0.545668223202282,0.882765513616978,0.302950535758307,2.57228444927772,0.117234486383022,-1.57228444927772,0.697049464241693,79,0.819242625391672,39,775027864
461,-1.30286110720458,0.55038135751473,0.271753164758121,0.092403654920908,0.799208457925887,0.728246835241879,0.200791542074113,0.907596345079092,85,0.0179233887780365,39,869193309
386,-1.84628897809024,0.6873635020562,0.157821760933664,0.0410281572249005,0.607088153817587,0.842178239066336,0.392911846182413,0.9589718427751,68,0.00723034508888509,43,154596200
661,-1.07747042769173,0.623117635809914,0.34045564449039,0.100383387153833,1.15467358844686,0.65954435550961,-0.154673588446864,0.899616612846167,79,0.0837803664771978,39,645798948
11,-1.7303553730274,0.596930460363185,0.177221419065694,0.0550057487428691,0.570984526044286,0.822778580934306,0.429015473955714,0.944994251257131,73,0.00374647086055934,35,559624327
486,-0.682815287532532,0.62157341432531,0.505192725664067,0.149407651407021,1.70821030690464,0.494807274335933,-0.70821030690464,0.850592348592978,69,0.271974357582865,41,989341444
961,-1.7632182325235,0.580944116975492,0.171492073427913,0.054921643190147,0.535481634203557,0.828507926572087,0.464518365796443,0.945078356809853,86,0.0024046316054633,41,972132854
586,-0.288119844567022,0.290351278407406,0.749671742769742,0.424349490549354,1.32439824819834,0.250328257230258,-0.324398248198341,0.575650509450646,72,0.321044029890321,35,98338252
61,-0.530117492780862,0.278740511424858,0.588535816906194,0.340807030033944,1.01633586533395,0.411464183093806,-0.0163358653339469,0.659192969966056,75,0.0571931830719467,43,815342601
860,-0.438564191116635,0.599186984804656,0.644961798471305,0.19929899362214,2.08719428998226,0.355038201528695,-1.08719428998226,0.80070100637786,70,0.464210009278388,38,21270173
686,-1.27675411002966,0.290138536352064,0.278941245197056,0.157959723689789,0.492582643566084,0.721058754802944,0.507417356433916,0.842040276310211,68,1.08002618324058e-05,39,532418893
436,-0.897246624753809,0.653016598966444,0.407690641110572,0.113365786446189,1.46615362588292,0.592309358889428,-0.466153625882923,0.886634213553811,61,0.169440818234286,39,853796904
761,-0.970596561913909,0.327859713753631,0.378856959042441,0.199251029818152,0.720360620197957,0.621143040957559,0.279639379802043,0.800748970181848,70,0.0030723782280211,39,436843298
137,-0.656251897891969,0.296767236968893,0.518792181041441,0.289991115075264,0.928115770167239,0.481207818958559,0.0718842298327605,0.710008884924736,74,0.02701261939219,39,849435116
836,-1.72057932321082,0.617490218857184,0.178962440778611,0.0533523148137668,0.600303010679746,0.821037559221389,0.399696989320254,0.946647685186233,72,0.00532958407001178,41,209134952
112,-0.830933331242371,0.576238402098513,0.435642497763163,0.140810558902549,1.34779939328749,0.564357502236837,-0.347799393287487,0.859189441097451,84,0.149303570396386,40,17005214
336,0.34065457538312,0.521357683080601,1.40586753572483,0.506015637248962,3.90593369554819,-0.405867535724831,-2.90593369554819,0.493984362751038,85,0.513499099878842,39,295296654
87,-0.477242253403155,0.623713307404251,0.620492194738837,0.182738726090608,2.10689092546764,0.379507805261163,-1.10689092546764,0.817261273909392,62,0.444174576877867,40,491446651
262,-0.913033960292909,0.601786196673951,0.401304832249478,0.123376671626763,1.30531620170444,0.598695167750522,-0.305316201704437,0.876623328373237,84,0.129214542696028,38,240786048
911,-0.605038431426626,0.589190034211758,0.546053440623714,0.17207416925249,1.73282463784251,0.453946559376286,-0.732824637842507,0.82792583074751,80,0.304468205494897,43,498350197
987,-2.05810625495607,0.691785699559615,0.127695563905166,0.0329099145958347,0.49547855840143,0.872304436094834,0.504521441598569,0.967090085404165,69,0.00292928083319114,46,571810632
237,-2.36525926406252,0.253517053039795,0.0939249458484573,0.0571461328620138,0.154374320900019,0.906075054151543,0.845625679099981,0.942853867137986,82,1.06087202750713e-20,45,769831820
212,-1.11250612367968,0.598483936625198,0.328734079618197,0.101721856776943,1.06236848723075,0.671265920381803,-0.0623684872307477,0.898278143223057,72,0.0630450252334351,39,22282694
37,-0.207121201941188,0.305703440917982,0.81292111639912,0.446512030021878,1.48000657777398,0.18707888360088,-0.480006577773978,0.553487969978122,68,0.498073996412883,41,935356972
637,-0.0966800554845302,0.555199970479266,0.907846420155626,0.305791432718832,2.69525249697628,0.0921535798443738,-1.69525249697628,0.694208567281168,81,0.86175893050727,41,361509017
937,-0.214151640244759,0.545063400889827,0.807225967797895,0.277355202358531,2.34938359744527,0.192774032202105,-1.34938359744527,0.722644797641469,81,0.694398450269392,39,935676527
737,0.0394231515930972,0.584820409047487,1.04021055728913,0.330613986669791,3.27281375599056,-0.040210557289134,-2.27281375599056,0.669386013330209,74,0.946254753315189,37,998290228
187,-1.39041390864687,0.621226643730431,0.248972231542252,0.0736820726799624,0.841278886770322,0.751027768457748,0.158721113229678,0.926317927320038,72,0.0252096489184205,39,40364283
712,-0.289656206566233,0.326506167837358,0.748520859904998,0.394712930605784,1.41947079578322,0.251479140095002,-0.419470795783215,0.605287069394216,63,0.37500431427479,39,134989235
287,-1.90436338961354,0.231539668359052,0.148917414825458,0.0945929054868997,0.23444037715248,0.851082585174542,0.76555962284752,0.9054070945131,91,1.95545537911011e-16,39,763602950
887,-1.09267225548069,0.281270933428597,0.335319236722614,0.19321472284628,0.581938005861448,0.664680763277386,0.418061994138552,0.80678527715372,72,0.000102427749697253,42,685898652
812,-1.10527247382449,0.252019343555854,0.331120648239943,0.202053793899426,0.542632145503858,0.668879351760057,0.457367854496142,0.797946206100574,83,1.15631841043699e-05,42,847615218
612,-0.884409372296231,0.658253984802925,0.412958005703531,0.11365775727428,1.50041949238099,0.587041994296469,-0.500419492380988,0.88634224272572,74,0.179087935140414,42,756300021
787,-1.24582859346808,0.563631502446285,0.287702420993188,0.0953190075272835,0.868375418424798,0.712297579006812,0.131624581575202,0.904680992472716,85,0.0270801794675982,41,978534152
312,-1.59997802671811,0.569550132965897,0.201900954372498,0.0661205442563277,0.616510281864843,0.798099045627502,0.383489718135157,0.933879455743672,90,0.00496653803830329,38,978223976
562,-0.904657885948903,0.554011194878242,0.40468030824307,0.136627111903159,1.19863583148697,0.59531969175693,-0.198635831486973,0.863372888096841,86,0.102485092079955,40,245919943
362,-0.217398790840272,0.635516679384312,0.804609034603346,0.231543250889929,2.79600332152668,0.195390965396654,-1.79600332152668,0.768456749110071,69,0.732289213771875,38,611395850
512,-0.660296473912252,0.66061570721674,0.516698124267049,0.141553227340796,1.88605344177937,0.483301875732951,-0.886053441779375,0.858446772659204,70,0.317544422306496,42,666800175
537,-1.69502403795282,0.638314463419879,0.183594815731157,0.052544366132354,0.641497059426936,0.816405184268843,0.358502940573064,0.947455633867646,89,0.00791982977486013,39,989930041
587,-0.724737506081643,0.642050002646384,0.484451717896406,0.137637427602698,1.70515731847475,0.515548282103594,-0.705157318474753,0.862362572397302,68,0.258987822992923,37,54647291
662,-0.957073967482061,0.6211942375783,0.384014883710779,0.113654481096933,1.29750652581513,0.615985116289221,-0.29750652581513,0.886345518903067,63,0.123389814608687,37,401694994
412,0.923562011607698,0.633381295688915,2.51824444919648,0.727717382926842,8.71431032800598,-1.51824444919648,-7.71431032800598,0.272282617073158,67,0.144800474608541,37,859783214
687,-0.555280460829412,0.578370269497172,0.573911278989576,0.184729006273315,1.78301265619394,0.426088721010424,-0.783012656193942,0.815270993726685,77,0.337016056268367,42,791893996
387,-0.567698946373974,0.6072032344142,0.566828241395455,0.17242456937647,1.86339021408227,0.433171758604545,-0.86339021408227,0.82757543062353,74,0.349818920653389,39,794651331
462,-0.71123735471604,0.601999739785086,0.49103623540455,0.150900414947057,1.59785236220105,0.50896376459545,-0.597852362201046,0.849099585052943,70,0.237420864318859,41,240620674
12,-1.59539878199577,0.699960487834406,0.202827628366419,0.0514422155839691,0.799713744086216,0.797172371633581,0.200286255913784,0.948557784416031,69,0.0226510337220467,41,278753606
162,-0.741724589167124,0.570308693368964,0.476291799141106,0.155749070654077,1.45653439199596,0.523708200858894,-0.456534391995963,0.844250929345923,83,0.193406755187257,41,478632518
487,0.209948927527913,0.512465759031882,1.2336150545774,0.451822668035928,3.36814907825514,-0.233615054577396,-2.36814907825514,0.548177331964072,89,0.682037903850251,38,963555337
962,-1.87847110165444,0.639644935673973,0.152823578950035,0.0436238116707788,0.535373810508676,0.847176421049965,0.464626189491324,0.956376188329221,82,0.00331681668361707,43,361170030
437,-0.68681325835031,0.593762917007584,0.503177011956689,0.157148008088906,1.61113785940209,0.496822988043311,-0.611137859402095,0.842851991911095,72,0.247389654969976,39,996052296
861,-1.86869465271022,0.647452992799322,0.154324978084611,0.0433833652604464,0.548970756828983,0.845675021915389,0.451029243171017,0.956616634739554,80,0.00389894003718538,42,775495921
62,-0.559028519315144,0.256789930883376,0.571764252055004,0.345650359874298,0.945794935804223,0.428235747944996,0.0542050641957771,0.654349640125703,86,0.0294814856729992,43,891482177
762,0.368185891191669,0.585809837294833,1.44511064734747,0.458415045799519,4.55557644150783,-0.44511064734747,-3.55557644150783,0.541584954200481,76,0.52967151840205,39,925873292
138,0.258401854686706,0.301550262398053,1.29485905926826,0.717038460366875,2.33831248397918,-0.294859059268257,-1.33831248397918,0.282961539633125,66,0.391493857179451,41,286762156
263,-0.332340990881888,0.297754784791301,0.717242707927579,0.400144460710579,1.2856284481903,0.282757292072421,-0.285628448190303,0.599855539289421,62,0.264355075543931,35,968598841
113,-0.18190359914425,0.572090463399681,0.833681704171811,0.271666436049727,2.55837708175181,0.166318295828189,-1.55837708175181,0.728333563950273,74,0.750513004387038,40,756461052
837,-0.937760670380734,0.564197237655144,0.391503559992454,0.129565732938813,1.18299054858239,0.608496440007546,-0.182990548582387,0.870434267061187,78,0.0964897261101557,39,637848517
912,-1.16240629688461,0.614496724951166,0.312732746918627,0.0937805550773961,1.04287899463332,0.687267253081373,-0.0428789946333228,0.906219444922604,69,0.0585390250459045,37,808352880
337,-0.698788151864067,0.616600869580261,0.497187454550086,0.148480202061639,1.66483720745056,0.502812545449914,-0.664837207450565,0.851519797938362,73,0.257092113717892,37,713642040
88,0.172361316513001,0.534026045886003,1.18810703836196,0.417149545058192,3.3839143571601,-0.188107038361956,-2.3839143571601,0.582850454941809,80,0.746878327433818,39,705926897
988,0.786297533155974,0.581683261474236,2.1952535077884,0.702028898574333,6.86458630583997,-1.1952535077884,-5.86458630583997,0.297971101425667,68,0.17645135162831,39,266473587
238,-1.07611900756399,0.584929025786079,0.340916054134314,0.108331551665885,1.07285231476206,0.659083945865686,-0.0728523147620594,0.891668448334115,74,0.0658059957041788,39,638118858
713,-1.10076685884421,0.600478629840104,0.332615916414711,0.102521438434327,1.07912403046576,0.667384083585289,-0.0791240304657581,0.897478561565673,81,0.0667804012325351,45,204769
213,-0.488793572302097,0.495729848043182,0.61336592964316,0.232141954746214,1.62063666629461,0.38663407035684,-0.620636666294608,0.767858045253786,95,0.324129210611205,39,286823796
38,-0.945394847164994,0.572933885231274,0.388526132169509,0.126397367055823,1.19426977709062,0.611473867830491,-0.194269777090615,0.873602632944177,74,0.0989236829308276,39,987524932
613,-0.575662548100011,0.281614996231522,0.562332173243263,0.323803704137253,0.976571512382867,0.437667826756737,0.0234284876171328,0.676196295862747,81,0.0409389926994192,40,276947922
788,-0.506734403466453,0.582736142198908,0.602459760459713,0.192265845115528,1.88779116100981,0.397540239540287,-0.887791161009805,0.807734154884472,71,0.384531182665606,39,861574870
738,-1.46896914567596,0.57747742595305,0.230162627075707,0.0742138786551907,0.713813047671584,0.769837372924293,0.286186952328416,0.925786121344809,82,0.0109663596604218,41,481703986
188,-0.683304002907669,0.27007697801089,0.504945890532603,0.297409544341801,0.857303866727075,0.495054109467397,0.142696133272925,0.702590455658199,65,0.0114051394764223,41,527881801
563,-0.875238939001479,0.540278179090505,0.416762426982535,0.14454495512941,1.20163945112348,0.583237573017465,-0.201639451123483,0.85545504487059,87,0.105236933280426,43,849907090
638,-0.32901664189556,0.556057611470946,0.719631040622803,0.241987420953366,2.14006510168005,0.280368959377197,-1.14006510168005,0.758012579046634,81,0.554054684561531,41,443709437
513,-0.5176337923801,0.56873913894293,0.595928972676484,0.195471239813581,1.81679586630716,0.404071027323516,-0.816795866307162,0.804528760186419,80,0.36274724246453,43,599054163
888,-1.56929802668415,0.652009512604573,0.208191275794375,0.0580057468939022,0.747229535655644,0.791808724205625,0.252770464344356,0.941994253106098,72,0.0160901738324209,38,108366881
538,-0.607491519070845,0.562426038726213,0.544715565309042,0.180897211925405,1.64024112882571,0.455284434690958,-0.640241128825707,0.819102788074595,76,0.280085654498,44,779516053
938,-1.14002116150065,0.308351299547016,0.319812254037475,0.174753546529447,0.585280698811429,0.680187745962525,0.414719301188571,0.825246453470553,68,0.00021803309236069,39,898690445
313,-1.75804575005034,0.294381113145156,0.172381411231284,0.0968083401783652,0.306950319397481,0.827618588768716,0.693049680602519,0.903191659821635,76,2.34354026724513e-09,37,317279089
288,-0.931496251703629,0.559959997567268,0.393963800147429,0.131467227399904,1.18057921275304,0.606036199852571,-0.18057921275304,0.868532772600096,84,0.0962113922741035,38,882739930
813,-0.509216621280755,0.621825050132969,0.600966178574561,0.177644427613522,2.03305193775197,0.399033821425439,-1.03305193775197,0.822355572386478,78,0.412839719042863,41,7399253
388,-0.180371795181896,0.275477982608231,0.834959719694327,0.486606875222372,1.4326919100628,0.165040280305673,-0.432691910062798,0.513393124777628,81,0.512622682354588,40,748559819
488,-0.900174969730945,0.722893854282692,0.406498528579705,0.0985667900743247,1.67643740465592,0.593501471420295,-0.676437404655916,0.901433209925675,61,0.213044241432736,35,232209293
413,-0.66624226274494,0.613175947983011,0.513635061515942,0.154425262587941,1.7084055548764,0.486364938484058,-0.7084055548764,0.845574737412059,72,0.2772386625978,40,9577454
663,-0.854174748712227,0.307672273946699,0.425634301440594,0.232887139012164,0.777907098396532,0.574365698559406,0.222092901603468,0.767112860987836,73,0.00549901279960687,36,172589834
363,-1.7222897291786,0.648659237482244,0.178656603978999,0.0501047997101138,0.637028434999729,0.821343396021001,0.362971565000271,0.949895200289886,73,0.00792723689666212,40,885665603
963,-1.0381429536796,0.606649054812994,0.354111673518408,0.107834972557059,1.16284239100314,0.645888326481592,-0.162842391003135,0.892165027442941,70,0.0870304831269343,40,67464578
438,-0.973407318318226,0.237043575641361,0.377793579568914,0.237401093814635,0.601210324982483,0.622206420431086,0.398789675017517,0.762598906185365,88,4.01788384700139e-05,41,808574635
463,-0.821927560694898,0.594361689370652,0.439583513444277,0.137126000294183,1.40916868338215,0.560416486555724,-0.409168683382151,0.862873999705817,81,0.166703383103657,40,645476770
588,-1.54755203917026,0.561970621310697,0.212768185021395,0.0707223085749618,0.64011344467516,0.787231814978605,0.35988655532484,0.929277691425038,91,0.00589086053124343,39,921969074
13,-0.425127983412548,0.25958930959026,0.653686118795791,0.393012570750841,1.08725667754074,0.346313881204209,-0.0872566775407424,0.606987429249159,78,0.101485439454166,41,637287540
163,-2.42653219467417,0.743077695566075,0.0883426571428122,0.0205902479512917,0.37903502131274,0.911657342857188,0.62096497868726,0.979409752048708,63,0.00109264785403461,36,218466690
688,-1.4505998736287,0.333980050162589,0.234429617760323,0.121822678859969,0.451124915307621,0.765570382239677,0.548875084692379,0.878177321140031,72,1.40311717093715e-05,40,550547087
63,-0.299426425634789,0.684386673748751,0.741243256905671,0.193824986663989,2.8347303171011,0.258756743094329,-1.8347303171011,0.806175013336011,65,0.661741088962011,39,979526747
139,-2.31592047094322,0.248142678758555,0.0986753144274027,0.0606721084823795,0.160482599350813,0.901324685572597,0.839517400649187,0.939327891517621,76,1.02896850351178e-20,37,342892949
862,-0.647882311003899,0.256459809690269,0.523152478769663,0.316467635073303,0.864823083660509,0.476847521230337,0.135176916339491,0.683532364926697,84,0.0115286491691304,40,922680656
763,-1.43984883601414,0.721699057574851,0.236963576333587,0.0575930719858712,0.974973804532931,0.763036423666413,0.025026195467069,0.942406928014129,64,0.0460339316347749,38,163245032
264,-0.911439879196622,0.632829552259422,0.401945054844211,0.116278975963034,1.38941563404443,0.598054945155789,-0.38941563404443,0.883721024036966,71,0.149793501380187,38,575595793
338,-0.301294448584895,0.297590800683218,0.739859889973022,0.412895105527131,1.32574266312034,0.260140110026978,-0.325742663120339,0.587104894472869,70,0.311325122115989,39,312629090
89,-1.14324358859998,0.572332748942146,0.318783341052266,0.103830536695271,0.978737294122777,0.681216658947734,0.0212627058772232,0.896169463304729,83,0.0457692026300668,39,756880642
114,-0.638302127271888,0.635057415562266,0.528188459931765,0.152134270443066,1.83379489968038,0.471811540068235,-0.833794899680379,0.847865729556934,65,0.314844212675706,44,653055933
989,-0.200566809182727,0.577160954003031,0.818266820462011,0.26400651653086,2.53615175211307,0.181733179537989,-1.53615175211307,0.73599348346914,78,0.728211322708904,40,903755250
189,-1.76830828532461,0.26218602747111,0.170621387517677,0.102061117249658,0.285237499480294,0.829378612482323,0.714762500519706,0.897938882750342,77,1.53576579103365e-11,39,643851389
39,-0.49924022012561,0.525719787434745,0.606991664610028,0.216615352059823,1.70088997572204,0.393008335389972,-0.700889975722037,0.783384647940177,85,0.342299382076128,38,974815870
614,-0.833500865553924,0.565293170580953,0.434525405402745,0.143494995264095,1.31581124200827,0.565474594597255,-0.315811242008275,0.856505004735905,75,0.140358400001058,39,801384680
838,-1.5196935102045,0.688448673903605,0.218778930187229,0.056754058131059,0.843362076123932,0.781221069812772,0.156637923876068,0.943245941868941,75,0.0272849191166071,41,753284677
913,-1.3662863328153,0.542053962062011,0.255052382636685,0.0881520093143685,0.73794934902348,0.744947617363315,0.26205065097652,0.911847990685631,96,0.0117164085447308,40,559909364
639,-1.61264461039416,0.62899110368135,0.19935968760091,0.0581084306263746,0.68396762073786,0.80064031239909,0.31603237926214,0.941891569373625,76,0.0103515535947537,38,379670035
239,-1.1550307881065,0.261170276844528,0.315047837027736,0.188828681033576,0.52563593132447,0.684952162972264,0.47436406867553,0.811171318966424,79,9.75562888822067e-06,43,294516905
889,-1.09335905798468,0.632515082711306,0.335089017697745,0.0969979107105502,1.15759864268321,0.664910982302255,-0.157598642683207,0.90300208928945,70,0.0838825541148377,43,768550577
789,-2.12422573434794,0.669752481400895,0.119525476920287,0.0321637101343917,0.444175736360284,0.880474523079713,0.555824263639716,0.967836289865608,71,0.00151571454624652,40,970528043
814,-0.894055326400015,0.563878873487486,0.408993781831851,0.135438500833603,1.23506914612582,0.591006218168149,-0.235069146125822,0.864561499166397,76,0.112842562004152,36,751013018
289,-0.315870914534038,0.321383268505939,0.729153567220904,0.388380190755687,1.36892904747919,0.270846432779096,-0.36892904747919,0.611619809244313,70,0.325682235580064,40,697062713
714,-0.984227194750513,0.262486534630508,0.373727934274506,0.223422350789885,0.625150386088468,0.626272065725494,0.374849613911532,0.776577649210115,89,0.000177096183716445,41,19390977
739,-2.08442376794189,0.696163597111117,0.124378770555113,0.0317812322058665,0.486767739670767,0.875621229444887,0.513232260329233,0.968218767794134,72,0.00275203436940299,40,928716599
939,-1.29639433211276,0.587040668066313,0.273516225870802,0.0865552016708207,0.864316925736279,0.726483774129198,0.135683074263721,0.913444798329179,82,0.0272195197796434,42,672861875
214,-1.76607135080203,0.597767598495379,0.171003483592327,0.0529888208531178,0.551855861857522,0.828996516407673,0.448144138142478,0.947011179146882,84,0.00313232221190256,45,451973495
564,-1.1950486153141,0.599007422788725,0.302689238492039,0.0935666193060628,0.979203649532237,0.697310761507961,0.0207963504677625,0.906433380693937,69,0.0460376350350169,36,105890484
414,0.0652924113386893,0.301555089603526,1.06747111941095,0.591114994927033,1.92770374724992,-0.0674711194109456,-0.927703747249917,0.408885005072967,72,0.828583203893503,40,79364949
539,-0.576044316411934,0.256979106198576,0.562117533612656,0.339692626713233,0.9301824553923,0.437882466387344,0.0698175446077003,0.660307373286767,77,0.0249872480776029,36,691322736
664,-0.909889082721473,0.263397619367501,0.402568873401254,0.240234696763345,0.67459738337132,0.597431126598746,0.32540261662868,0.759765303236655,89,0.000551453901361001,38,909128258
364,0.585301839523621,0.303565907977679,1.79553286664035,0.990370258739496,3.25528583551066,-0.795532866640348,-2.25528583551066,0.00962974126050409,75,0.0538441587394811,39,916588809
514,-1.79734743430882,0.258741516701258,0.165737936425943,0.0998115382770949,0.275209299895476,0.834262063574057,0.724790700104524,0.900188461722905,77,3.74465175511158e-12,44,785960906
389,-0.248868055686309,0.708860621542852,0.779682841315526,0.194327705002787,3.12824840407152,0.220317158684474,-2.12824840407152,0.805672294997213,53,0.725526989170501,39,354487063
314,-1.69556460356923,0.26550971578215,0.183495597505818,0.109049422285905,0.308764903088984,0.816504402494182,0.691235096911016,0.890950577714095,79,1.7019903799097e-10,42,217747317
464,-0.506332891585571,0.592960679374306,0.602701703779599,0.188526920605546,1.92677704898632,0.397298296220401,-0.926777048986318,0.811473079394454,68,0.393156878862703,40,923077241
489,-1.45205091020691,0.285168827207541,0.234089698487229,0.133858562386448,0.409372295360836,0.765910301512771,0.590627704639164,0.866141437613552,74,3.54494647970095e-07,37,81226656
589,-1.35029636706648,0.602628430183891,0.259163441754186,0.0795454767494634,0.844368432832713,0.740836558245814,0.155631567167287,0.920454523250537,83,0.0250469292573506,38,164344559
689,-1.38158060416254,0.552443400855382,0.251181221046623,0.0850641353622331,0.741699254777638,0.748818778953377,0.258300745222362,0.914935864637767,87,0.0123894042851886,39,569643883
964,-0.45391649601695,0.530683888160064,0.635135767397971,0.224464479684427,1.7971549155365,0.364864232602029,-0.797154915536496,0.775535520315573,83,0.392361552861296,37,70462141
164,-0.455714052032397,0.51358155272182,0.633995100791864,0.231699177246922,1.73479160609935,0.366004899208136,-0.734791606099351,0.768300822753078,89,0.374903634415928,38,549639640
14,-1.06190209941607,0.252046082302232,0.345797443273827,0.210998692296358,0.566713805063611,0.654202556726173,0.433286194936389,0.789001307703642,81,2.51859597291918e-05,43,983130370
439,-0.10555889625777,0.35958309544929,0.899821475168568,0.444711815247921,1.82068175257082,0.100178524831432,-0.820681752570825,0.555288184752079,65,0.76909481924299,44,208745148
140,-1.67906249124155,0.642327003914912,0.186548785204052,0.0529715508896677,0.656964892977968,0.813451214795948,0.343035107022032,0.947028449110332,83,0.00894810025076334,37,76707948
64,-0.605125036426597,0.586072322176005,0.546006151713262,0.173113872196554,1.72211916887999,0.453993848286738,-0.722119168879988,0.826886127803447,79,0.30183366249574,38,705785590
265,-0.369432749427001,0.546107179796868,0.691126261233117,0.236979141201663,2.01560148519398,0.308873738766883,-1.01560148519398,0.763020858798337,83,0.498733424380627,38,984829034
764,-0.596206015138039,0.612917825736447,0.550897774018911,0.165712175335244,1.83141858348681,0.449102225981089,-0.831418583486814,0.834287824664756,64,0.330685516903364,39,572460653
115,-0.855690956802495,0.535373455927988,0.424989440264659,0.148822099613941,1.21363711978936,0.575010559735341,-0.213637119789355,0.851177900386059,84,0.109974747348974,36,439466470
863,-1.77546366933722,0.647133967164315,0.169404883436516,0.0476523687751667,0.602236893354503,0.830595116563484,0.397763106645497,0.952347631224833,76,0.00607732781623673,38,771508249
990,-0.829220429529358,0.580611979917762,0.436389350003476,0.139848022559245,1.36173298207188,0.563610649996524,-0.361732982071885,0.860151977440755,82,0.153239058493208,43,460175707
339,-0.919416509657478,0.634776968145379,0.398751640949586,0.114915695112284,1.3836479952075,0.601248359050414,-0.383647995207498,0.885084304887716,65,0.147502771459141,38,114241642
90,-1.97717814525537,0.734929971221284,0.138459398874015,0.0327905662264597,0.58465001806172,0.861540601125985,0.41534998193828,0.96720943377354,61,0.00713889630740089,37,99639671
890,-1.25639112994054,0.57576444031097,0.284679546394246,0.092101071975819,0.879929434008228,0.715320453605754,0.120070565991772,0.907898928024181,81,0.0291001611382103,37,329932849
740,-1.50704944255944,0.64344330640094,0.22156274808284,0.0627764579499734,0.781981859778386,0.77843725191716,0.218018140221614,0.937223542050027,68,0.0191723126691464,31,967143116
815,-1.93469896361709,0.345362264712979,0.144467752327763,0.073417234822846,0.284278364787191,0.855532247672237,0.715721635212809,0.926582765177154,57,2.11964947324926e-08,39,838154421
190,-1.2470820740993,0.601730168753678,0.2873420175075,0.0883497832731847,0.93452900467205,0.7126579824925,0.0654709953279501,0.911650216726815,81,0.0382194091937437,35,738461148
715,-1.30000468514461,0.539464909204865,0.272530516186142,0.0946720487502687,0.784528097079703,0.727469483813858,0.215471902920297,0.905327951249731,86,0.0159610934788302,39,768569864
40,-0.575902897294657,0.268614005607489,0.562197033399327,0.332080897018689,0.951772616854913,0.437802966600673,0.048227383145087,0.667919102981311,77,0.032034536597865,35,388829002
914,-1.43432999898928,0.634277808990434,0.238274955006338,0.0687353496733791,0.825993531029656,0.761725044993662,0.174006468970344,0.931264650326621,71,0.0237370191612048,37,94047170
240,-2.29966097996242,0.705855392054404,0.100292839242026,0.0251445997620673,0.400032360761659,0.899707160757974,0.599967639238341,0.974855400237933,76,0.00112209305900202,40,873197299
565,-0.463121034103025,0.499664746661229,0.629316459145317,0.236348955297382,1.67565456446757,0.370683540854683,-0.675654564467572,0.763651044702618,91,0.353997391394309,44,103600979
540,-0.329079814609443,0.579669465638942,0.719585581012891,0.231029218325993,2.24128970419238,0.280414418987109,-1.24128970419238,0.768970781674007,75,0.570236982252053,36,494535924
615,-1.63558040232348,0.591846517239663,0.194839253320058,0.0610795442314765,0.621522886458512,0.805160746679942,0.378477113541488,0.938920455768523,83,0.00571813762276624,39,448196405
940,-0.965038622604585,0.594212106811753,0.380968485460014,0.118876165810856,1.22090905206873,0.619031514539986,-0.22090905206873,0.881123834189144,75,0.104362102939877,35,59940769
390,-0.920926170390768,0.292198479182994,0.39815011541889,0.22455723366278,0.705938133554547,0.60184988458111,0.294061866445453,0.77544276633722,67,0.00162314919856812,36,462850295
790,-0.826517257343983,0.657221604092981,0.437570581373006,0.120675768244561,1.58663181903331,0.562429418626994,-0.586631819033312,0.879324231755439,67,0.20853900351735,41,17669240
640,-1.82764429584073,0.636467850277866,0.160791900128575,0.0461850854069783,0.559791866121598,0.839208099871425,0.440208133878402,0.953814914593022,82,0.00408474229731996,40,459077141
839,-1.02305320881529,0.661197930314281,0.359495647561913,0.0983741375856554,1.31373065917281,0.640504352438087,-0.313730659172807,0.901625862414345,74,0.121797610493367,45,111247387
290,-0.331775483106735,0.527467885963078,0.717648428963972,0.255229141654212,2.01787015485956,0.282351571036028,-1.01787015485956,0.744770858345788,93,0.529351311627454,39,906866633
515,-1.84682352902751,0.62526448082627,0.157737419707783,0.0463136107568838,0.537230701071417,0.842262580292217,0.462769298928583,0.953686389243116,77,0.00314021893769073,43,601707326
315,-0.614771093949801,0.268702973768718,0.540764665446564,0.319365442191064,0.915648297415306,0.459235334553436,0.0843517025846944,0.680634557808936,78,0.0221421400073998,38,45843731
215,-1.30375623713233,0.553017188460313,0.271510019207051,0.0918452659869923,0.80262918004128,0.728489980792949,0.19737081995872,0.908154734013008,86,0.0183968231577849,38,583664810
415,0.282452438839591,0.297129817344536,1.32637868948693,0.740883932772962,2.37456955145523,-0.326378689486935,-1.37456955145523,0.259116067227038,76,0.341806042434228,41,67273236
665,-1.09582123456014,0.2427826703836,0.334264984241909,0.207698758688318,0.537957378252392,0.665735015758091,0.462042621747608,0.792301241311682,79,6.373962868734e-06,34,51979133
465,-1.6545361625509,0.704492900860034,0.191180711916573,0.0480594316012546,0.760518037586892,0.808819288083427,0.239481962413108,0.951940568398745,60,0.0188467145821234,39,41951428
165,-1.4237871342611,0.571117754969431,0.240800344654004,0.0786177824799458,0.73755331372108,0.759199655345996,0.26244668627892,0.921382217520054,82,0.0126674736079312,34,367499762
15,-0.080878365200921,0.606106445471764,0.922305869111194,0.28116174532053,3.0254760128452,0.0776941308888055,-2.0254760128452,0.71883825467947,73,0.89384603764522,42,79492496
365,-1.37951695653094,0.605060787069694,0.251700105792031,0.0768873198376251,0.823971278872927,0.748299894207969,0.176028721127073,0.923112680162375,75,0.0226098095589007,43,795437126
440,-1.77928791541317,0.730059094943759,0.168758274659372,0.040349452703467,0.705817634635747,0.831241725340628,0.294182365364253,0.959650547296533,61,0.0148021693932998,37,584647593
490,-0.15533863756948,0.30598948108373,0.85612521222878,0.469979125007674,1.55953815821459,0.14387478777122,-0.559538158214592,0.530020874992326,64,0.611691764538181,40,371940822
141,-1.34204827796913,0.626123334015204,0.261309884770469,0.0765946948460057,0.891482837238778,0.738690115229531,0.108517162761222,0.923405305153994,73,0.0320790039966348,44,584587832
690,-2.44326581901504,0.738553235263156,0.0868766642005756,0.0204289235585075,0.36945435529208,0.913123335799424,0.63054564470792,0.979571076441493,77,0.000939049879418533,46,726490044
590,-0.0934157088885252,0.255078908547603,0.910814787781434,0.552467217132403,1.50159783588122,0.0891852122185657,-0.501597835881224,0.447532782867597,85,0.714198839698197,40,929430723
65,-1.08998941498716,0.550809947494542,0.33622005258147,0.114228200301499,0.989632362757303,0.66377994741853,0.0103676372426972,0.885771799698502,85,0.0478289816267829,41,817940903
765,-1.79659934099388,0.274425883784538,0.165861970256871,0.0968623684855069,0.284013220073257,0.834138029743129,0.715986779926743,0.903137631514493,88,5.88002574910516e-11,41,683177016
266,-2.01744969900673,0.277379057409216,0.132994208209349,0.0772195464536457,0.229054173839899,0.867005791790651,0.770945826160101,0.922780453546354,74,3.50916827392773e-13,38,181554452
965,-0.590640337911482,0.251060775793239,0.55397244158061,0.33867632663268,0.906132026061634,0.44602755841939,0.0938679739383658,0.66132367336732,81,0.0186437232090784,38,166123449
91,-0.573861749144263,0.58728295910725,0.563345732768186,0.178188161893072,1.78102973427925,0.436654267231814,-0.781029734279246,0.821811838106928,71,0.328496409676064,38,753760508
340,0.0175503423545737,0.571746208492414,1.01770525453995,0.331856831136958,3.12099642960423,-0.017705254539947,-2.12099642960423,0.668143168863042,79,0.975511952270795,35,747432418
116,-1.0183311467575,0.602215136994418,0.361197222628945,0.110952718684664,1.17584711020602,0.638802777371055,-0.175847110206024,0.889047281315336,81,0.0908414489123221,39,468682819
991,-1.60388002087551,0.293459871613936,0.20111467305834,0.11314888058498,0.357468067825783,0.79888532694166,0.642531932174217,0.88685111941502,75,4.61824727272368e-08,38,93513482
191,-0.87771695808995,0.560826655199376,0.415730960258048,0.138495561077433,1.24792614270466,0.584269039741952,-0.247926142704662,0.861504438922567,78,0.117573192101903,41,298404103
864,-1.27233104556128,0.653508507299623,0.280177752868157,0.077833435067966,1.00855850873988,0.719822247131843,-0.00855850873988162,0.922166564932034,73,0.0515439113401001,44,506945048
915,-0.421815720657891,0.306783209481491,0.655854888765499,0.359478912175172,1.19658099696262,0.344145111234501,-0.196580996962619,0.640521087824828,70,0.169142755618734,35,715393183
241,-1.8149877663096,0.574185257033381,0.162839900510938,0.0528461619671509,0.501774059105658,0.837160099489062,0.498225940894342,0.947153838032849,85,0.0015723962121838,41,150817560
891,-0.666629268793141,0.632227311847153,0.513436320100113,0.148707791409002,1.77271716767618,0.486563679899887,-0.77271716767618,0.851292208590998,67,0.291693458784171,40,577602049
741,-0.765541816127157,0.561554450508568,0.465081873836476,0.154715348071982,1.39805877094115,0.534918126163524,-0.398058770941154,0.845284651928018,77,0.172802212887165,38,350702211
566,-0.488037740813015,0.625748735384113,0.613829706173488,0.180056835430895,2.09259985759129,0.386170293826512,-1.09259985759129,0.819943164569105,74,0.435434402887334,40,442800686
941,-1.80170864612393,0.630897821827878,0.16501669207227,0.0479188820559062,0.568262603261593,0.83498330792773,0.431737396738407,0.952081117944094,75,0.00429305500768301,39,207491596
291,-0.162770560677371,0.659341942343794,0.849786140405343,0.233387055519249,3.09415825491423,0.150213859594657,-2.09415825491423,0.766612944480751,66,0.805010224896915,37,430540478
816,-1.1299653893111,0.510906284322636,0.323044437019277,0.118680139745885,0.879319054667022,0.676955562980723,0.120680945332978,0.881319860254115,99,0.0269882178847222,44,281834856
716,-0.326337102427226,0.353482836158343,0.721561906158706,0.360901312553369,1.4426425349794,0.278438093841294,-0.442642534979401,0.639098687446631,61,0.355900412187714,40,535003612
416,-0.704161548617727,0.578847521146871,0.494523034001112,0.159026910507832,1.53780910650101,0.505476965998888,-0.537809106501009,0.840973089492168,69,0.223798760357358,35,845583255
41,-0.134742363199061,0.314080422424079,0.873941042060141,0.472211321098291,1.61743886872671,0.126058957939859,-0.61743886872671,0.527788678901709,77,0.667918910398439,43,43589407
541,-0.966474270772878,0.670972062876386,0.380421941168214,0.102125242767634,1.41709189031233,0.619578058831786,-0.417091890312329,0.897874757232366,62,0.149751688270824,43,356561334
666,-1.29858255391654,0.591844551163463,0.272918366065158,0.0855566492044478,0.870586158156876,0.727081633934842,0.129413841843124,0.914443350795552,76,0.0282262267480492,38,884638330
216,-0.178162591973375,0.231951737913751,0.8368063544307,0.531113440780434,1.31844690992312,0.1631936455693,-0.318446909923118,0.468886559219566,94,0.442426593474622,41,994830938
791,-1.79938438468926,0.575309694213421,0.165400680077122,0.0535590409018931,0.510789299234957,0.834599319922878,0.489210700765043,0.946440959098107,82,0.00176192145751683,35,816891353
641,-0.59711784647156,0.295860637786603,0.550395677115627,0.308203795543284,0.982906134733259,0.449604322884373,0.0170938652667408,0.691796204456716,68,0.0435662464968569,41,73858988
616,-0.746630846235055,0.569037093799119,0.473960712266933,0.155373550855611,1.44579792078856,0.526039287733068,-0.44579792078856,0.844626449144389,80,0.18948801129273,42,562310325
391,-2.10984629399171,0.619980537259471,0.121256602869485,0.0359730289144135,0.408727432277929,0.878743397130515,0.591272567722071,0.964026971085587,75,0.000666296163965711,40,760841922
516,-0.278450186350229,0.589517397081504,0.756955973550525,0.238381474870633,2.40363621462101,0.243044026449475,-1.40363621462101,0.761618525129367,81,0.636687102808811,44,566085547
840,0.475658620368089,0.579986394336784,1.60907361722784,0.516286299150003,5.01488788279161,-0.609073617227837,-4.01488788279161,0.483713700849997,72,0.41214752623761,39,103442333
491,-0.29352590088521,0.616102459565522,0.745629910139281,0.222892757242997,2.49431147862828,0.254370089860719,-1.49431147862828,0.777107242757003,80,0.633772452306892,40,140843655
316,-0.668424648520083,0.523712174416173,0.512515333947254,0.183620959531888,1.43051189908116,0.487484666052746,-0.430511899081162,0.816379040468112,83,0.20184220304169,43,899925173
466,-1.00764766865321,0.629243331165547,0.365076751780956,0.106358274573753,1.25313272733201,0.634923248219044,-0.253132727332013,0.893641725426248,72,0.109296303503741,39,509123044
441,-0.962391680074049,0.545760643932216,0.381978222915936,0.131064870150362,1.11324539225978,0.618021777084064,-0.113245392259779,0.868935129849638,92,0.0778338649206408,37,672767769
166,-0.530719042231779,0.588553279157147,0.588181889971638,0.185581289914344,1.86418542435117,0.411818110028362,-0.86418542435117,0.814418710085656,81,0.36719770003342,43,725471473
16,-0.188251322659616,0.533174888459126,0.828406483747398,0.291342740782484,2.35549820280947,0.171593516252602,-1.35549820280947,0.708657259217516,85,0.724031372443729,38,234413482
366,-0.954078746682648,0.572852458576077,0.385166817364373,0.125324496430823,1.18375482386629,0.614833182635627,-0.183754823866288,0.874675503569177,76,0.0958154875458335,36,317124880
142,-0.867477353131894,0.594991724077597,0.420009750233762,0.130858367677873,1.34808490600831,0.579990249766238,-0.34808490600831,0.869141632322127,78,0.144850077424705,39,467089030
966,-0.26583670209446,0.54496922664773,0.766564295624832,0.263432856106543,2.23062843417352,0.233435704375168,-1.23062843417352,0.736567143893457,82,0.625690584171582,42,944729538
691,-0.500333747860082,0.537270637400125,0.60632826517913,0.211534992054344,1.73793452130458,0.39367173482087,-0.737934521304579,0.788465007945656,81,0.351723810024,39,550056192
591,-1.275712233469,0.580588532026687,0.279232018991126,0.0894885275176204,0.871290684881453,0.720767981008875,0.128709315118547,0.91051147248238,77,0.0280008652647907,38,530727223
766,-0.843643276021719,0.236950216250312,0.430140544500627,0.270344781525629,0.68438860546585,0.569859455499373,0.31561139453415,0.729655218474371,86,0.000370256229946981,42,134404683
66,-1.24134160810197,0.230272018038775,0.28899623804436,0.184028163588461,0.453837195216294,0.71100376195564,0.546162804783706,0.815971836411539,91,7.01596055673688e-08,40,693318137
267,-0.14939327251878,0.256948803580119,0.861230350060856,0.520480074350899,1.4250645748369,0.138769649939144,-0.425064574836904,0.479519925649101,89,0.560962405991889,47,707837857
92,-0.592708788310077,0.575218674948796,0.552827761328299,0.179045256686904,1.70693454465366,0.447172238671701,-0.706934544653657,0.820954743313096,81,0.302819446159784,38,947632041
892,-1.416492335813,0.704021741358295,0.242563357227095,0.061032449745597,0.964027865742418,0.757436642772905,0.0359721342575821,0.938967550254403,65,0.0442198483192834,38,609608273
865,-0.290464582990079,0.605631257179618,0.747916017792083,0.228212050779806,2.45113423133686,0.252083982207917,-1.45113423133686,0.771787949220194,77,0.631507346333278,42,936103474
117,-1.24976389943439,0.564972098584014,0.286572448790794,0.0946954936998597,0.86724051163666,0.713427551209206,0.13275948836334,0.90530450630014,83,0.0269610864628579,41,127263898
341,-0.995356904487455,0.253203584283502,0.369591512132619,0.225006315014702,0.607084675963653,0.630408487867381,0.392915324036347,0.774993684985298,87,8.45743526262154e-05,44,212107822
992,-1.64343878021956,0.572657737291754,0.193314133172235,0.0629240194587645,0.593896486676639,0.806685866827765,0.406103513323361,0.937075980541235,92,0.00410673426326053,41,588054338
192,-1.72096011010764,0.567188997445324,0.178894307199149,0.0588578468610599,0.543736729340618,0.821105692800851,0.456263270659382,0.94114215313894,86,0.00241181177052693,38,114331926
242,-1.64623401430917,0.661161268859823,0.192774529427921,0.0527555505087283,0.704419133869299,0.807225470572079,0.295580866130701,0.947244449491272,65,0.0127774381573191,35,313868669
916,-0.0565522464770257,0.526459944994162,0.945017109390626,0.336756629232519,2.65193691680644,0.0549828906093743,-1.65193691680644,0.663243370767481,86,0.914455910377076,39,329009765
742,0.0974687932459617,0.592060362537301,1.10237703941741,0.345435895580492,3.51797584611912,-0.102377039417413,-2.51797584611912,0.654564104419508,74,0.869238014398169,36,264386937
42,-1.13097901509672,0.609513253446055,0.322717156745897,0.0977244945043103,1.06571401352772,0.677282843254103,-0.0657140135277166,0.90227550549569,80,0.06351849904055,39,141304662
567,-1.49292383440726,0.671285773284053,0.224714665610266,0.0602881462980596,0.837588880087346,0.775285334389734,0.162411119912654,0.93971185370194,64,0.0261500203898707,38,791507749
942,-0.853262294972768,0.29133149444629,0.426022850290053,0.240686136691442,0.754075292678517,0.573977149709947,0.245924707321483,0.759313863308558,71,0.00340233410813347,41,622577569
792,-1.90980976513896,0.656402583675834,0.148108559326861,0.0409118638422541,0.5361805424084,0.851891440673139,0.4638194575916,0.959088136157746,69,0.00361996010828397,39,273480366
642,-1.40856121524045,0.624404030605575,0.24449480561032,0.0719077934639058,0.831310586667269,0.75550519438968,0.168689413332731,0.928092206536094,70,0.0240800886917437,37,206024977
292,0.0392187444747746,0.326455447477602,1.03999795257637,0.548470285339464,1.97202249652159,-0.0399979525763683,-0.972022496521589,0.451529714660536,69,0.904376160355826,40,586275309
817,-0.0929521487720005,0.549508325395146,0.91123710306729,0.310376663428979,2.67530763696244,0.0887628969327103,-1.67530763696244,0.689623336571021,79,0.865674627119778,40,724118407
617,-1.12068655986446,0.647127337390854,0.326055860892219,0.0917183478102955,1.159118398448,0.673944139107781,-0.159118398447999,0.908281652189704,66,0.083311535001226,43,492241606
841,-0.818733254707827,0.576964127539518,0.440989922748051,0.142336377785478,1.36628537968298,0.559010077251949,-0.366285379682981,0.857663622214522,74,0.155888325273755,42,241367947
717,-1.08904552280448,0.576556771719061,0.336537557882577,0.108709506713156,1.04183646205307,0.663462442117423,-0.0418364620530676,0.891290493286844,84,0.0589081498782476,40,844899090
417,-0.953825637949581,0.60180432802349,0.385264318788246,0.118440986506597,1.25318607780343,0.614735681211754,-0.25318607780343,0.881559013493403,76,0.112979254984288,38,930842710
667,-0.0185358980321049,0.610727607914742,0.981634835200453,0.296549830014061,3.24939302657274,0.0183651647995465,-2.24939302657274,0.703450169985939,69,0.975787509170971,39,924841983
217,0.151079024872925,0.562951729390624,1.16308856737645,0.385857908582759,3.5058890474229,-0.163088567376449,-2.5058890474229,0.614142091417241,83,0.78841498149753,41,77415718
517,-1.10392382146828,0.250680174391739,0.33156751614938,0.20285822662997,0.541940149984664,0.66843248385062,0.458059850015336,0.79714177337003,78,1.06413156957819e-05,40,640371340
542,-2.02350916531569,0.590130792782503,0.132190770944261,0.0415796561853332,0.420263213455863,0.867809229055739,0.579736786544137,0.958420343814667,90,0.000605996113350136,42,366503600
392,-1.75007334791675,0.266752195787389,0.17376119796114,0.103013210215498,0.293097883793046,0.82623880203886,0.706902116206954,0.896986789784502,79,5.35662514852544e-11,42,927085739
317,-1.92648998992454,0.562892070276171,0.145658565295077,0.0483282900315359,0.43900617278153,0.854341434704923,0.56099382721847,0.951671709968464,86,0.00062051390564275,40,547222485
442,-1.86803956351855,0.283632805649429,0.154426107830643,0.0885711010856275,0.269246091416053,0.845573892169357,0.730753908583947,0.911428898914373,74,4.51470378726907e-11,41,126313090
17,-1.34737253051921,0.303006057011693,0.259922302148169,0.143523931254944,0.470720127042764,0.740077697851831,0.529279872957236,0.856476068745056,75,8.72055116100091e-06,37,186257485
492,-0.524839591535181,0.583565097783428,0.591650262465695,0.188509633777836,1.85693444977072,0.408349737534305,-0.856934449770721,0.811490366222164,79,0.368456845375385,40,494192484
467,-1.20808171689457,0.577735182370397,0.298769855238772,0.0962870093548929,0.927055757546601,0.701230144761228,0.072944242453399,0.903712990645107,81,0.0365222535089464,36,840084610
692,-1.41877078904153,0.607886251879992,0.242011317100321,0.0735194009255548,0.796653357716273,0.757988682899679,0.203346642283727,0.926480599074445,74,0.0195987992341449,37,371383159
143,0.53082784456699,0.287512137899619,1.70033934282238,0.967842810407377,2.98721429726043,-0.700339342822378,-1.98721429726043,0.0321571895926227,81,0.0648515931969061,40,156541570
592,-0.993712762791062,0.574145183311025,0.370199672762476,0.12014972038987,1.14064183644159,0.629800327237524,-0.140641836441589,0.879850279610131,80,0.0834929487720008,40,876224378
167,-0.372615785367659,0.619960035730013,0.688929878940395,0.204392088524062,2.32212695473755,0.311070121059605,-1.32212695473755,0.795607911475938,70,0.547818710348811,41,61328344
268,-0.195159144403793,0.62291897055105,0.822703718944331,0.242668760278226,2.78915756766062,0.177296281055669,-1.78915756766062,0.757331239721774,68,0.754054419762553,39,542440899
367,-1.79062981325883,0.715623432928736,0.166855049045143,0.0410392657938903,0.678389509492682,0.833144950954857,0.321610490507318,0.95896073420611,69,0.0123425709029757,46,612939183
967,-1.27746556128736,0.520528606315553,0.278742862675452,0.100491424589761,0.773176256677555,0.721257137324548,0.226823743322445,0.899508575410239,95,0.0141210303596164,41,410649305
767,-0.0653167714136639,0.617155054734931,0.936770674201976,0.279453756307041,3.14019502776215,0.063229325798024,-2.14019502776215,0.720546243692959,69,0.91571305307756,35,780570423
67,-0.205368982466003,0.262783125946868,0.814346781285188,0.486550565686432,1.36298409036674,0.185653218714812,-0.362984090366745,0.513449434313568,75,0.434499595774517,40,484085036
243,0.220323183322559,0.589585951141266,1.24647950688712,0.39249006793458,3.95859994436479,-0.246479506887121,-2.95859994436479,0.60750993206542,74,0.70863394477823,39,712767062
193,-0.388674557168985,0.525390357174633,0.677954869667821,0.242096048955937,1.89851427682724,0.322045130332179,-0.898514276827239,0.757903951044063,84,0.459432019413389,41,854232112
993,-0.647768660268109,0.563964465563225,0.52321193881258,0.173232838632206,1.58024734269479,0.47678806118742,-0.580247342694795,0.826767161367794,87,0.250721633609514,43,258423861
893,-0.554759020634131,0.572732803552577,0.574210617435732,0.186878858349912,1.76433993704393,0.425789382564268,-0.764339937043931,0.813121141650088,73,0.332736064895105,37,945129653
118,-1.14097907052286,0.550897653908266,0.319506049675294,0.108531086952228,0.940597930471718,0.680493950324706,0.0594020695282821,0.891468913047772,88,0.038346918195954,38,795310709
93,-1.1000478040647,0.615057039295995,0.332855171487594,0.0997051997390065,1.11120147671387,0.667144828512406,-0.111201476713872,0.900294800260994,72,0.0736905825830154,39,322334144
568,-1.37937205079321,0.660334748226869,0.251736581224233,0.0690030636215517,0.918383952834699,0.748263418775767,0.0816160471653015,0.930996936378448,69,0.0367168901256006,38,635484923
342,-0.391132125097766,0.550155894408143,0.676290795148583,0.230059372050736,1.98804871771031,0.323709204851417,-0.988048717710306,0.769940627949264,82,0.477116581103952,38,659038661
866,-0.855498906547762,0.592660734140822,0.425071067432929,0.133041708721205,1.3581110322869,0.574928932567071,-0.358111032286903,0.866958291278795,79,0.148882932324792,41,943526360
818,-1.23144601705975,0.316337446407634,0.291870223066677,0.157008392604948,0.54257116896506,0.708129776933323,0.45742883103494,0.842991607395052,62,9.90840196852014e-05,39,19567807
293,-0.980005121518054,0.493121343168058,0.375309176693753,0.142772161703438,0.986585735131803,0.624690823306247,0.0134142648681966,0.857227838296562,102,0.0468835300522213,41,728958500
743,-0.896444630058737,0.334087168477382,0.408017737989422,0.211984218531238,0.78533428416263,0.591982262010578,0.21466571583737,0.788015781468762,72,0.00729070479677761,39,158146009
917,-1.68671359577988,0.700335397215456,0.185126927275003,0.0469183814650931,0.730459537010721,0.814873072724997,0.269540462989279,0.953081618534907,71,0.0160209965997288,40,349932394
718,-1.24613866198317,0.595100077265803,0.287613227359506,0.089589837999164,0.923334279864676,0.712386772640494,0.0766657201353237,0.910410162000836,78,0.0362601149438254,37,53513060
643,-1.02411454706432,0.580566624393196,0.359114303484122,0.11509421542117,1.12050012674368,0.640885696515878,-0.120500126743679,0.88490578457883,75,0.0777334229097447,39,525252042
943,-0.307749340259762,0.245268764539092,0.735099554781183,0.454540943238412,1.18882878094452,0.264900445218817,-0.188828780944523,0.545459056761588,98,0.209571959746698,42,536995356
668,-0.991879031645631,0.586687569357309,0.370879142224209,0.117447302217863,1.17117494858936,0.629120857775791,-0.17117494858936,0.882552697782137,73,0.0909050721930266,35,180542951
793,-0.647181227321802,0.691409395434844,0.523519381035344,0.135021839311906,2.02983860771227,0.476480618964656,-1.02983860771227,0.864978160688094,62,0.349256780532796,36,127048391
43,-0.559740988725929,0.536920554140651,0.571357032598163,0.199471095591738,1.63657224487064,0.428642967401837,-0.636572244870644,0.800528904408262,81,0.297178793989395,40,419474795
218,-1.27812746856264,0.603374099675997,0.278558421794829,0.0853735476093803,0.908885673907504,0.721441578205171,0.0911143260924965,0.91462645239062,75,0.0341496527621712,41,340878337
393,-0.705405705040684,0.558102535034297,0.493908152575713,0.165420167294288,1.47470086127266,0.506091847424287,-0.474700861272659,0.834579832705712,77,0.206253115345819,38,208759866
318,-0.000316982230667569,0.501199734069844,0.999683068002892,0.374317687591277,2.66983439356704,0.000316931997108139,-1.66983439356704,0.625682312408723,89,0.999495380396585,38,856423937
618,-0.300286296769627,0.640250780691657,0.740606157176252,0.211156699812019,2.59758501878308,0.259393842823748,-1.59758501878308,0.788843300187981,68,0.639059944861262,39,548728130
418,-1.61826877454851,0.341902689754053,0.198241603084708,0.101430065007563,0.387456452785121,0.801758396915292,0.612543547214879,0.898569934992437,58,2.21087305070848e-06,37,969814250
842,-1.33929373075231,0.283795812156306,0.262030667445499,0.15023969380822,0.457003531766897,0.737969332554501,0.542996468233103,0.84976030619178,68,2.36755352878062e-06,38,813275182
468,-0.761672985112275,0.514596375018947,0.466884682146104,0.170288138096671,1.28007334426854,0.533115317853896,-0.280073344268541,0.829711861903329,93,0.13883676667687,40,511617553
593,-0.521209367218683,0.613595405021065,0.593801988897118,0.178380875955842,1.97667378932178,0.406198011102882,-0.976673789321784,0.821619124044158,77,0.395639325969311,43,629443491
168,-0.535504896132289,0.672993409606537,0.585373662622276,0.156523715961328,2.18920387103817,0.414626337377724,-1.18920387103817,0.843476284038672,62,0.426202936765896,39,134028080
18,-1.59044751078111,0.646899217725082,0.203834373241045,0.05736352221527,0.724300916506652,0.796165626758955,0.275699083493348,0.94263647778473,72,0.0139491279043282,37,547946734
518,-1.74066686823958,0.610710245553654,0.175403390655877,0.052990800577013,0.580597936218471,0.824596609344123,0.419402063781529,0.947009199422987,87,0.00436871287572103,42,123994399
543,-1.51784408862382,0.611544260343357,0.219183919044248,0.0661091038048773,0.726701582725907,0.780816080955752,0.273298417274093,0.933890896195123,75,0.0130652530698814,43,42134420
493,-0.0846133343308067,0.530355075174342,0.91886751024096,0.32494797685175,2.59831591984837,0.0811324897590396,-1.59831591984837,0.67505202314825,80,0.873242725061501,38,517772470
443,-0.45467938665351,0.621811302174953,0.63465141304627,0.187606772165871,2.14695030158885,0.36534858695373,-1.14695030158885,0.812393227834129,76,0.464646233295611,43,376271995
693,-0.742276274119683,0.558344232119698,0.476029108590367,0.159356593731685,1.42199144019658,0.523970891409633,-0.421991440196579,0.840643406268315,77,0.18370809363542,37,921908721
144,-1.215655967163,0.524538995933015,0.296515446089888,0.106061781779974,0.828964102755493,0.703484553910112,0.171035897244507,0.893938218220026,94,0.0204726891053884,42,671993325
368,-1.95280056292178,0.569521380370445,0.141876181515048,0.0464656496363272,0.433198524906751,0.858123818484952,0.566801475093249,0.953534350363673,92,0.000606155495450832,43,655398661
68,-1.96356013237995,0.643205073686957,0.140357837895376,0.0397868464914662,0.495146622462025,0.859642162104624,0.504853377537975,0.960213153508534,73,0.00226736151433181,42,432837099
269,-0.34579490240241,0.53980515772576,0.707657611099655,0.245663253212739,2.03847864097772,0.292342388900345,-1.03847864097772,0.754336746787261,81,0.521787754279339,42,118953576
968,-0.487734143832074,0.253050329855327,0.614016091310645,0.373923638845273,1.00826939305757,0.385983908689355,-0.00826939305757168,0.626076361154727,79,0.0539273696216624,38,772033955
768,0.258892974242598,0.300365151345426,1.29549514605893,0.719058972393797,2.33403342131321,-0.295495146058933,-1.33403342131321,0.280941027606203,77,0.388727432817192,43,605708123
119,-0.999113283991471,0.528754092929963,0.36820579042931,0.130621393944276,1.03792724921854,0.63179420957069,-0.0379272492185387,0.869378606055724,96,0.0588166538707963,48,589405951
343,-0.551933761345893,0.685481472592001,0.575835205176215,0.150250292367421,2.20689210181019,0.424164794823785,-1.20689210181019,0.849749707632579,60,0.420717676801366,35,237868639
244,-1.12048924879996,0.599917909346491,0.326120201668584,0.100629809833354,1.05688747809902,0.673879798331416,-0.0568874780990225,0.899370190166646,77,0.0617986520288943,39,1548370
194,-0.645197643921217,0.307074079872196,0.524558855991258,0.28735072210338,0.957582397513039,0.475441144008742,0.0424176024869615,0.71264927789662,67,0.0356309614690161,42,82328528
894,-0.135337342328112,0.305272188252897,0.873421220037055,0.480148505349458,1.58880975179918,0.126578779962945,-0.588809751799177,0.519851494650542,62,0.657524635694585,45,849141083
994,-1.03790934974161,0.582196722571503,0.354194405062663,0.11315531240446,1.10868569854922,0.645805594937337,-0.108685698549219,0.88684468759554,84,0.074627527774985,39,639435487
94,-0.685388630268647,0.281088882869551,0.503894362915805,0.290453229065626,0.874183873924002,0.496105637084195,0.125816126075998,0.709546770934374,74,0.014755126535574,41,732058939
744,-1.34022902192668,0.566307292893372,0.261785707047329,0.0862788384444333,0.794305505844367,0.738214292952671,0.205694494155633,0.913721161555567,85,0.0179517941923881,38,585464038
569,-1.10161227758336,0.658771098082913,0.332334835518305,0.0913753158867005,1.20871202279536,0.667665164481695,-0.208712022795359,0.9086246841133,67,0.0944803281003597,40,276271370
944,-1.13581844670748,0.574278354965458,0.321159162081221,0.10420623240111,0.989798834600347,0.678840837918779,0.0102011653996534,0.89579376759889,80,0.0479491675961968,40,2799755
819,-0.657407676751048,0.289627270640313,0.518192918380604,0.293738108470217,0.91416092402268,0.481807081619396,0.0858390759773202,0.706261891529783,70,0.0232172690030737,43,927784312
867,-0.222352551893379,0.596049426015134,0.800633049874699,0.248928901387086,2.57508580554446,0.199366950125301,-1.57508580554446,0.751071098612914,73,0.709115834076333,36,299910095
294,-0.805808757546688,0.631899975044349,0.446726487002904,0.129469499527718,1.54140206703457,0.553273512997096,-0.541402067034568,0.870530500472282,68,0.202232912214456,38,357949842
644,-1.01872445989513,0.581732641319634,0.361055186950091,0.115452107867089,1.12913354664463,0.638944813049909,-0.129133546644632,0.884547892132911,78,0.0799131649990099,37,969453226
794,-1.39398825690913,0.588227125820328,0.248083906616184,0.0783247026708283,0.78577540192655,0.751916093383816,0.21422459807345,0.921675297329172,80,0.0177970867242435,42,893137288
918,-0.886950076400377,0.553455588552156,0.411910133334098,0.139219549796187,1.21872221388236,0.588089866665902,-0.218722213882362,0.860780450203813,79,0.109030118965407,36,986204536
419,-0.96479216350049,0.571006041487549,0.38106239018299,0.124438527532819,1.16690986377733,0.61893760981701,-0.166909863777335,0.875561472467181,83,0.0910976814023352,38,763030950
719,0.0266320153465793,0.571162044486945,1.02698981672945,0.335268015356082,3.14586550269581,-0.0269898167294491,-2.14586550269581,0.664731984643917,76,0.962809894785194,38,940413332
669,-1.37914722029145,0.570840390465617,0.251793185649064,0.0822514856796898,0.770804415450933,0.748206814350936,0.229195584549067,0.91774851432031,80,0.0156923001483464,35,508011977
519,-2.16835091612839,0.244659517471515,0.114366060714496,0.070801523592388,0.184736078825822,0.885633939285504,0.815263921174178,0.929198476407612,83,7.80794554120732e-19,31,731003952
619,-0.528304178658241,0.297441372706679,0.589603985384464,0.329137870516975,1.05619222435637,0.410396014615536,-0.0561922243563706,0.670862129483025,71,0.0757061557261801,37,651351173
843,-0.308024827453468,0.513713966560175,0.734897072159707,0.2685050115366,2.0114101542395,0.265102927840293,-1.0114101542395,0.7314949884634,93,0.54877033872235,41,805842710
44,-0.418471417975786,0.541174489708092,0.658051937779809,0.227830367949322,1.90067881078999,0.341948062220191,-0.900678810789987,0.772169632050678,84,0.439365426918769,41,829734978
19,-0.51554782172477,0.587202461862228,0.597173360453119,0.188917758542907,1.88767866602586,0.402826639546881,-0.887678666025864,0.811082241457093,73,0.379958450139038,42,511724593
544,-1.31609272948556,0.521128836912238,0.268181113658669,0.0965700641094173,0.744755741714273,0.731818886341331,0.255244258285727,0.903429935890583,95,0.0115545232605737,40,136124573
319,-0.879650412056904,0.266003495947325,0.41492794013513,0.246348597315857,0.698868178591818,0.58507205986487,0.301131821408182,0.753651402684143,75,0.000943301923057462,41,710484488
494,-0.835495037835266,0.553020975741341,0.433659750303327,0.146695505305509,1.28198051222829,0.566340249696673,-0.281980512228285,0.853304494694491,81,0.130843586504098,39,96605266
394,-0.554422732235498,0.61508094027598,0.574403750277095,0.172051879481919,1.91767546699229,0.425596249722905,-0.917675466992294,0.827948120518081,71,0.367385383183095,40,548743141
219,-0.263527427684867,0.530495570842579,0.768336548457501,0.271639450810269,2.17325226484838,0.231663451542499,-1.17325226484838,0.728360549189731,89,0.61936036911884,43,841032249
444,-0.720938180132378,0.540502737120828,0.486295808812342,0.168586875840436,1.40274035264926,0.513704191187658,-0.402740352649257,0.831413124159563,87,0.182259931943261,41,651613440
145,-0.0561133109278452,0.572144315615196,0.945432002043427,0.308049263154095,2.9016192453631,0.054567997956573,-1.9016192453631,0.691950736845905,73,0.921872381993441,39,447956650
469,-0.654318668309992,0.549066273712105,0.519796095518644,0.177201320304368,1.52475151117577,0.480203904481356,-0.524751511175772,0.822798679695632,88,0.23338147707069,44,168966877
369,-0.412012028750328,0.60132397263446,0.662316309166685,0.203806277144635,2.15235222159951,0.337683690833315,-1.15235222159951,0.796193722855365,68,0.493233627879584,38,964674156
594,-1.00977770840943,0.584316328680501,0.364299951387153,0.1159012587312,1.14506482529646,0.635700048612847,-0.145064825296464,0.8840987412688,79,0.0839639595010771,43,734797701
169,-0.796268710354404,0.524199409078733,0.451008672418781,0.161430483313556,1.26003972993043,0.548991327581219,-0.26003972993043,0.838569516686444,89,0.1287577864295,40,511141657
694,0.12474287396353,0.602209645886349,1.13285712855152,0.347995286751701,3.68788119428093,-0.132857128551522,-2.68788119428093,0.652004713248299,67,0.835899009430191,39,382670988
969,-1.07362188330218,0.513432207373195,0.341768427682745,0.124938892869107,0.934902298863075,0.658231572317255,0.0650977011369248,0.875061107130893,101,0.0365219296058909,39,946127406
769,-2.20441126049211,0.756420851462753,0.110315453255447,0.0250478098474223,0.485850830914353,0.889684546744553,0.514149169085647,0.974952190152578,72,0.00356526444947337,40,394445345
270,-2.19876908383578,0.362806322371987,0.110939631737419,0.054483552652713,0.225895729826663,0.889060368262581,0.774104270173337,0.945516447347287,61,1.35742389385363e-09,36,155518117
195,-0.303065847154052,0.561746883489275,0.738550463323193,0.245595474981662,2.22095617566094,0.261449536676807,-1.22095617566094,0.754404525018338,80,0.58953771748604,35,306548672
245,-0.590619005428231,0.556757787685594,0.553984259314492,0.186030578656153,1.64972103933234,0.446015740685508,-0.649721039332339,0.813969421343847,87,0.28877235695751,41,757178705
69,-1.48377557431219,0.649450790223592,0.226779845818285,0.063502517202717,0.809874958266449,0.773220154181715,0.190125041733551,0.936497482797283,71,0.0223326514509598,40,944054360
95,-0.11799964485002,0.562543359838622,0.888696368235059,0.295063594919885,2.67664750417151,0.111303631764941,-1.67664750417151,0.704936405080115,71,0.833854231165532,40,642313749
120,-0.291154889902486,0.26646265354648,0.747399904353933,0.443342755311228,1.2599881476266,0.252600095646067,-0.259988147626601,0.556657244688772,74,0.274540130023259,40,777256761
344,-0.902957241520769,0.682870298414615,0.405369111092811,0.106313985865833,1.54564909677595,0.594630888907189,-0.545649096775952,0.893686014134167,62,0.186069322771932,36,91875329
995,-1.3816669539088,0.261185668673207,0.251159532548333,0.150531719261634,0.419055273528484,0.748840467451667,0.580944726471516,0.849468280738366,78,1.2232976057642e-07,37,351992984
820,-1.49913184181702,0.578501640687657,0.223323956533619,0.071864403337334,0.693995737051087,0.776676043466381,0.306004262948913,0.928135596662666,77,0.00955850253988631,41,61470791
645,-1.15857882713673,0.328043164170518,0.313932015664994,0.165045907866625,0.597126652416778,0.686067984335006,0.402873347583222,0.834954092133375,63,0.000412760519526712,36,538321413
295,0.457663479271612,0.603014511931714,1.58037708391812,0.484700916016619,5.15285126320643,-0.580377083918124,-4.15285126320643,0.515299083983381,63,0.447876896514666,40,77897029
895,-1.270302141014,0.562066845032624,0.280746783844567,0.0933002105733776,0.844786481774118,0.719253216155433,0.155213518225882,0.906699789426622,85,0.0238178201405428,37,597899635
945,-2.285328325127,0.315378490666189,0.101740652609306,0.0548332340364796,0.188775303431512,0.898259347390694,0.811224696568488,0.94516676596352,58,4.28299156798381e-13,34,351829901
919,-0.646618090454654,0.585356860508468,0.523814277125109,0.166310882633694,1.64981023836207,0.476185722874891,-0.649810238362068,0.833689117366306,77,0.269308585198388,40,426215753
570,-0.0869623568321992,0.632995069692351,0.91671160291236,0.26511014553575,3.16985289723975,0.08328839708764,-2.16985289723975,0.73488985446425,63,0.890728573155605,40,876102573
745,-1.28390461660622,0.57536520434821,0.276953788119427,0.0896717323453609,0.855379936882294,0.723046211880573,0.144620063117706,0.910328267654639,82,0.0256506538400998,43,359731026
868,-1.21587842152553,0.263389021959773,0.296449492271477,0.176910483285468,0.496761411963401,0.703550507728523,0.503238588036599,0.823089516714532,77,3.90672994093918e-06,40,740326123
45,-1.1637308631515,0.573617674928717,0.312318785891439,0.101469111510628,0.961307560187766,0.687681214108561,0.0386924398122336,0.898530888489372,79,0.0424830488218076,43,111953184
620,-1.20121322739232,0.576409350997046,0.300829016421284,0.0972028938637004,0.931022663254194,0.699170983578716,0.0689773367458064,0.9027971061363,83,0.0371639327168283,46,170657321
146,-0.50979052417961,0.621278059757021,0.600621381292107,0.177732948302459,2.0297083186362,0.399378618707893,-1.0297083186362,0.822267051697541,66,0.41190189292111,39,607648612
720,-1.074192049127,0.250210485248924,0.341573618547311,0.209172587814355,0.55778119927958,0.658426381452689,0.44221880072042,0.790827412185645,81,1.76153040543765e-05,41,109613067
495,-0.610214626665467,0.568189856515836,0.543234264003018,0.178378731887993,1.65436463452494,0.456765735996982,-0.654364634524939,0.821621268112007,74,0.282839467161257,36,193288758
795,0.0555908373854512,0.577348852486541,1.05716504281947,0.340959314885256,3.27780435661541,-0.057165042819473,-2.27780435661541,0.659040685114744,75,0.92329311923069,40,445525482
220,-0.372124150039509,0.542420059228016,0.689268664480146,0.238056335243034,1.99570950863046,0.310731335519854,-0.995709508630463,0.761943664756966,82,0.49268521967946,43,611096353
520,-0.234573305119088,0.572539622450669,0.79090825414254,0.2575013426172,2.4292528346181,0.20909174585746,-1.4292528346181,0.7424986573828,85,0.682021132816069,37,663009257
670,-0.104208667679178,0.553223452830232,0.901037260449277,0.304675893809067,2.6646943890701,0.0989627395507232,-1.6646943890701,0.695324106190933,82,0.850589497367607,43,961552059
20,-0.472690969506913,0.263867770005944,0.623322667128289,0.371627862365036,1.04548443941559,0.376677332871711,-0.0454844394155918,0.628372137634964,92,0.0732301946893012,40,48917519
545,-0.991033983725143,0.610319167276358,0.371192685332915,0.11222633813992,1.2277332748118,0.628807314667085,-0.227733274811803,0.88777366186008,77,0.104419297664812,41,466355248
420,0.640737789649505,0.633264358856499,1.89788059955425,0.548571558063702,6.56605454150454,-0.897880599554249,-5.56605454150454,0.451428441936298,66,0.311633001744933,40,293484440
395,-0.608290312348337,0.258767706758591,0.544280623914586,0.327762604976797,0.903829152779105,0.455719376085414,0.0961708472208946,0.672237395023203,79,0.0187371491942173,45,513094423
445,-1.03111078588773,0.578515882442042,0.356610622439678,0.114752105691337,1.10822485801596,0.643389377560322,-0.108224858015957,0.885247894308663,80,0.0746941449299604,40,434637438
844,-0.23275139854151,0.290004213880276,0.792350528538677,0.448812885978871,1.39884432842483,0.207649471461323,-0.398844328424826,0.551187114021129,74,0.422217897708574,37,545199908
320,-0.399196673961501,0.305451295760881,0.670858747930407,0.368663781081211,1.22076396643806,0.329141252069593,-0.220763966438062,0.631336218918789,71,0.19124403448473,37,572157373
695,-1.78592884342081,0.234970129679226,0.167641276165104,0.105772804910293,0.265697761330047,0.832358723834896,0.734302238669953,0.894227195089707,89,2.94616710219734e-14,40,726762184
370,-0.836608082404313,0.602408467791119,0.433177336197442,0.133013189931964,1.41070674788787,0.566822663802558,-0.410706747887867,0.866986810068036,82,0.164902056909484,40,525656152
271,-1.22986998376707,0.23759540136138,0.292330582931318,0.183498568367907,0.46571028034195,0.707669417068682,0.53428971965805,0.816501431632093,89,2.26304381956841e-07,39,391960319
470,-2.11326913090946,0.668596486543491,0.120842270792746,0.0325918127520983,0.448052844480309,0.879157729207254,0.551947155519691,0.967408187247902,81,0.00157361247349312,47,651313813
595,0.534135756981737,0.301724262166016,1.70597322950834,0.944374070574495,3.08177103806827,-0.70597322950834,-2.08177103806827,0.0556259294255055,65,0.0766808777476437,42,118131821
170,-1.12757203633502,0.540747092681503,0.323818522344228,0.112206218650658,0.934515365317354,0.676181477655772,0.0654846346826461,0.887793781349342,84,0.0370501098189062,41,265939239
970,-1.05469663488632,0.530862955244832,0.348298072765254,0.12304945787395,0.985876326381377,0.651701927234746,0.0141236736186228,0.87695054212605,86,0.0469491350151542,35,392815776
770,-0.598824073501504,0.52843379095667,0.549457377837595,0.195042992182035,1.54788135006869,0.450542622162405,-0.547881350068689,0.804957007817965,88,0.257127968846649,39,708959436
196,-0.373704706124859,0.557339981819015,0.688180097195501,0.230830639975191,2.05168536649602,0.311819902804499,-1.05168536649602,0.769169360024809,75,0.502529675398582,40,898118505
996,-0.244598614663135,0.31350197310974,0.783018767425891,0.423563772826427,1.4475232054192,0.216981232574109,-0.447523205419204,0.576436227173573,58,0.435264949008842,36,964143257
246,-0.284365424140642,0.637513364096003,0.752491615856101,0.21569958330149,2.62514940115703,0.247508384143899,-1.62514940115703,0.78430041669851,69,0.655558196554451,39,858234914
70,-0.711646652365915,0.60991233693028,0.490835296552101,0.14851744298248,1.62216156906101,0.509164703447899,-0.622161569061009,0.85148255701752,70,0.243290526042624,39,602891023
896,-1.77106697307731,0.287567483090569,0.170151345033905,0.0968406065933878,0.298960128765072,0.829848654966095,0.701039871234928,0.903159393406612,77,7.33040851544954e-10,38,227244835
121,-1.2378880282991,0.285125218788312,0.289996035060834,0.16584142998583,0.50709705263751,0.710003964939166,0.49290294736249,0.83415857001417,69,1.41475121591824e-05,39,368688925
571,-1.50194298490226,0.612342763984929,0.222697042522784,0.0670636742803418,0.739505750029148,0.777302957477216,0.260494249970852,0.932936325719658,80,0.014175642749343,38,519727534
96,-0.185294050145495,0.567073891981858,0.830859933443935,0.273422118869773,2.52477097264853,0.169140066556065,-1.52477097264853,0.726577881130227,73,0.743853436830527,38,220028224
345,0.291936248563445,0.637199035594106,1.33901765061939,0.384062141684113,4.66843271978877,-0.339017650619388,-3.66843271978877,0.615937858315887,64,0.646840721304595,36,408227408
946,-0.559778551201579,0.565762153990328,0.571335571416609,0.188500994388312,1.73168495065606,0.428664428583391,-0.731684950656064,0.811499005611688,74,0.322455825363565,37,765304512
821,-1.5491225006765,0.313798008673154,0.212434303020105,0.114846905264971,0.392943397086053,0.787565696979895,0.607056602913947,0.885153094735029,61,7.9460908859874e-07,38,298301820
646,-0.837082316943164,0.553023253252961,0.432971957245915,0.14646218950799,1.27995297892997,0.567028042754085,-0.279952978929973,0.85353781049201,81,0.130115243018346,41,630883546
147,-1.31284371751509,0.570634038074255,0.269053854311889,0.0879254589810227,0.823310760717294,0.730946145688111,0.176689239282706,0.912074541018977,79,0.021409983237618,35,637213087
296,-0.89621939781852,0.582931345736565,0.408109647088655,0.130192150255479,1.27928975533467,0.591890352911345,-0.279289755334673,0.869807849744521,80,0.12418667645869,39,533827242
721,-0.810081599643182,0.617972196885945,0.444821767444475,0.132485132289619,1.49349894114821,0.555178232555525,-0.493498941148212,0.867514867710381,69,0.189901476898766,41,842734337
869,-1.45879150730596,0.614799548429735,0.232517100224662,0.0696845618549145,0.775841886032793,0.767482899775338,0.224158113967207,0.930315438145086,85,0.017654198104882,38,26136028
496,-0.721123772651104,0.284143437444831,0.486205564322949,0.278584271008428,0.848561370399284,0.513794435677051,0.151438629600716,0.721415728991572,70,0.0111524170686967,40,339549564
796,-1.09755572928271,0.621672206937069,0.333685705913632,0.0986663951617596,1.12851138575126,0.666314294086368,-0.128511385751261,0.90133360483824,72,0.077481539995744,39,670946828
746,-1.1557454736762,0.622626092990282,0.314822757325035,0.092914999115866,1.06671010571869,0.685177242674965,-0.0667101057186941,0.907085000884134,72,0.0634188959475249,41,931884497
920,-0.593258297336981,0.622126431779007,0.552524060933822,0.163228585187572,1.87027803714644,0.447475939066178,-0.870278037146436,0.836771414812428,79,0.340287350650209,42,566643429
671,-1.53833072397535,0.613659926093961,0.214739261510581,0.0645005145382498,0.714923760906809,0.785260738489419,0.285076239093191,0.93549948546175,68,0.0121825119283416,36,922709454
521,-0.363501938671472,0.601665501305962,0.69523737937798,0.21379350665476,2.26084983238007,0.30476262062202,-1.26084983238007,0.78620649334524,75,0.545737592981796,39,894675796
46,-1.90619102665871,0.594461958523512,0.148645496401234,0.0463601485824919,0.476605107532243,0.851354503598766,0.523394892467757,0.953639851417508,85,0.00134322008152974,38,679036168
396,-0.434210036616816,0.638180817116187,0.647776184477662,0.185440453512954,2.26279637062646,0.352223815522338,-1.26279637062646,0.814559546487046,63,0.496259346090289,37,36929810
421,-1.7221326107934,0.574370497141935,0.178684676421411,0.0579671911117927,0.550798011348338,0.821315323578589,0.449201988651662,0.942032808888207,83,0.00271494084426844,38,739785948
621,-0.942155387578523,0.572307434647855,0.389786787691815,0.126963282617505,1.19667463479836,0.610213212308185,-0.196674634798361,0.873036717382495,80,0.0997143582660232,40,849426456
221,-0.832124207927997,0.604860407522254,0.435124010058045,0.132970387976136,1.4238726908353,0.564875989941955,-0.423872690835299,0.867029612023865,74,0.168905445439516,37,352249478
446,-1.31326933632874,0.53799446247834,0.268939364295889,0.0936941891937969,0.771962298732029,0.731060635704111,0.228037701267971,0.906305810806203,93,0.0146447812560435,41,974828140
546,-1.77685436880809,0.328619640378741,0.169169455897178,0.0888383343893662,0.322139141905984,0.830830544102822,0.677860858094016,0.911161665610634,62,6.40804654978026e-08,39,88463053
21,-0.802603960631923,0.531646610913698,0.448160451224931,0.158086619652763,1.27049202825195,0.551839548775068,-0.270492028251952,0.841913380347237,86,0.131131000951726,41,226034252
471,-0.911721044555683,0.553483168533757,0.401832057704728,0.135805967580545,1.18896838979811,0.598167942295272,-0.188968389798112,0.864194032419455,80,0.0995081942097685,35,328783063
171,-0.895954777066359,0.568502047272977,0.408217655660456,0.133962105358355,1.24394621857536,0.591782344339544,-0.243946218575356,0.866037894641645,75,0.115027606938279,41,177660686
596,-0.788061143560052,0.240376691936896,0.454725588776575,0.283883651528238,0.728380658678525,0.545274411223425,0.271619341321475,0.716116348471762,90,0.00104381657101274,45,829682741
696,-0.803793198421304,0.624090439129499,0.44762779866868,0.131731702427541,1.52105106400779,0.55237220133132,-0.521051064007788,0.868268297572459,69,0.197765646130651,42,240966851
371,-1.7494085232004,0.644897430733196,0.17387675710932,0.0491251448026761,0.615430789757315,0.82612324289068,0.384569210242685,0.950874855197324,69,0.00667389743174946,35,104233607
971,-1.00865035733563,0.601852177611521,0.364710876913677,0.112111771054384,1.18644119603302,0.635289123086323,-0.186441196033025,0.887888228945616,70,0.0937557333738278,37,640451620
272,-0.519470086537693,0.239379450775306,0.594835675900074,0.372080448494349,0.950948868061449,0.405164324099926,0.0490511319385507,0.627919551505651,92,0.030001568195907,37,602469345
845,-1.71693717113721,0.703352501043599,0.179615437638477,0.0452531616020309,0.712916054833478,0.820384562361523,0.287083945166522,0.954746838397969,73,0.0146435576098187,36,8235022
321,0.456461184975779,0.523487713763405,1.57847814733392,0.56577665544062,4.403846001158,-0.578478147333919,-3.403846001158,0.43422334455938,87,0.383229326026147,38,370646702
71,-1.68640263346057,0.279355254058181,0.185184503725266,0.107106793699319,0.320178573510889,0.814815496274734,0.679821426489111,0.892893206300681,71,1.57232305610859e-09,36,61637516
122,-0.197662507355828,0.536410443093293,0.820646768654612,0.286789249075263,2.348278818243,0.179353231345388,-1.348278818243,0.713210750924737,79,0.712507034143377,39,194857421
771,0.0337363793850598,0.27556987522559,1.03431190484438,0.602678946376312,1.77507630378519,-0.034311904844383,-0.775076303785189,0.397321053623688,79,0.902563194915483,44,717199237
197,-0.570883418589153,0.51246573196687,0.56502606362544,0.206945915723161,1.54269511171768,0.43497393637456,-0.542695111717677,0.793054084276839,83,0.265282038638629,39,321160024
97,-1.14301599926048,0.535976814783504,0.318855900998922,0.111524469720314,0.911630298326499,0.681144099001078,0.0883697016735006,0.888475530279687,85,0.0329588027070534,39,217245967
247,-0.930236169057666,0.579238452869591,0.394460539996037,0.12675202311955,1.22758685648124,0.605539460003963,-0.227586856481237,0.87324797688045,78,0.108281794877583,39,425538635
997,0.194084706579188,0.5046170296648,1.21419912925498,0.451605396271645,3.26453035693305,-0.214199129254985,-2.26453035693305,0.548394603728355,92,0.700520582593072,39,923859612
346,-0.177229696445081,0.702836823077531,0.837587371583858,0.211239111623136,3.32113025682653,0.162412628416142,-2.32113025682653,0.788760888376864,59,0.800914795830371,37,114654385
947,-0.908702070367716,0.643296079627216,0.403047011348904,0.114230240043564,1.42210060396731,0.596952988651096,-0.422100603967314,0.885769759956436,69,0.157781588141135,39,751634931
297,-1.66838001168367,0.567283752389823,0.188552270833342,0.0620238844297352,0.57319787632272,0.811447729166658,0.42680212367728,0.937976115570265,79,0.00327157334141979,37,545647540
897,-0.0402695588693684,0.501968930465868,0.960530484740701,0.359115726701369,2.56914065165247,0.0394695152592985,-1.56914065165247,0.640884273298631,89,0.936059730825194,46,64391048
572,-1.20814762046065,0.540980171554758,0.298750165888681,0.10347251334859,0.862563967281174,0.701249834111319,0.137436032718826,0.89652748665141,85,0.0255320177835353,39,11762770
921,0.0959531749003555,0.681203832004348,1.10070752204786,0.289621088429583,4.18324872564421,-0.100707522047861,-3.18324872564421,0.710378911570417,60,0.88798193042639,41,631015530
747,-1.3232564496708,0.609466437999857,0.266266804176871,0.0806377224942765,0.879216436347098,0.733733195823129,0.120783563652902,0.919362277505724,74,0.0299181749883649,41,609522192
822,-1.25706702205221,0.308290984346332,0.284487198744937,0.155469416038841,0.520571623099952,0.715512801255063,0.479428376900048,0.844530583961159,66,4.5515843012973e-05,38,819025970
148,-0.974571317731104,0.648951409946896,0.37735408390008,0.105769539340781,1.34628651617059,0.62264591609992,-0.34628651617059,0.894230460659219,71,0.133158286645739,44,219230899
647,-1.82112329178303,0.701037852778099,0.161843850921739,0.0409611085246342,0.639470781544526,0.838156149078261,0.360529218455474,0.959038891475366,70,0.00938359236107347,38,792664898
722,-0.707426029228797,0.290286391501621,0.492911305304755,0.279046483984791,0.870684881700496,0.507088694695245,0.129315118299504,0.720953516015209,61,0.014809948395804,40,462708425
497,-0.720307138467276,0.527494324449055,0.486602778574436,0.173049600681369,1.36829130598424,0.513397221425564,-0.36829130598424,0.826950399318631,90,0.172087832488363,40,95847920
47,-1.26939304029021,0.54527302568454,0.2810021269977,0.096510011261753,0.818176211409523,0.7189978730023,0.181823788590477,0.903489988738247,85,0.0199123533077196,39,753725392
797,-0.891621620022395,0.325635553534983,0.409990364810387,0.216566942297094,0.776166932286275,0.590009635189613,0.223833067713725,0.783433057702906,64,0.00617959110115456,37,367290847
870,0.533656481875489,0.56903882878856,1.70515579491119,0.558981373017252,5.20152624983706,-0.705155794911186,-4.20152624983706,0.441018626982748,77,0.348336480832925,42,632663246
222,-1.09579025930879,0.262743754693098,0.334275338344174,0.199736045685906,0.559438339942046,0.665724661655826,0.440561660057954,0.800263954314094,78,3.03843585123916e-05,36,911604986
672,0.676253801451733,0.568622055126078,1.96649702775943,0.645180634819443,5.99384164912033,-0.96649702775943,-4.99384164912033,0.354819365180557,75,0.23432745247806,39,326744563
622,-1.23609856772851,0.262921705558193,0.290515436116457,0.173528115908828,0.486372010552336,0.709484563883543,0.513627989447665,0.826471884091172,82,2.58391202584615e-06,45,989505449
447,-1.40843969822597,0.697690632938076,0.24452451769438,0.0622941217772457,0.959837590575192,0.75547548230562,0.0401624094248081,0.937705878222754,66,0.0435166782920035,41,744497993
522,-1.40876990803711,0.244682672201447,0.244443786629402,0.151322927468722,0.394869209981889,0.755556213370598,0.605130790018111,0.848677072531278,92,8.53493022723913e-09,43,672777895
422,-0.277311142715362,0.623983820368518,0.757818670665628,0.223063909794786,2.5745497697846,0.242181329334372,-1.5745497697846,0.776936090205214,66,0.656738662871278,37,268190126
547,0.00130833692717283,0.531841836854992,1.00130919317331,0.353072271180999,2.83970218612665,-0.00130919317330913,-1.83970218612665,0.646927728819001,91,0.998037196945986,40,788159596
397,-0.608485923532565,0.542642753247555,0.544174166949616,0.187862272752733,1.57629054325917,0.455825833050384,-0.57629054325917,0.812137727247267,81,0.262144028855664,36,574859180
22,-0.82346875090618,0.700112808273881,0.438906553432384,0.111284572714758,1.73104823019506,0.561093446567616,-0.731048230195057,0.888715427285242,67,0.239517209508957,38,160534945
372,-1.2104560605272,0.592330578163035,0.298061314427912,0.0933496964567132,0.951696154681024,0.701938685572088,0.0483038453189756,0.906650303543287,82,0.0409982054516165,41,681812589
273,-0.143946002128159,0.602536483593932,0.865934505417241,0.265830654716475,2.82075281525359,0.134065494582759,-1.82075281525359,0.734169345283525,71,0.811183078974801,41,138893646
597,0.543979836733814,0.650749675676342,1.72284989737959,0.481202985537033,6.168315364021,-0.722849897379587,-5.168315364021,0.518797014462967,71,0.403195442316406,37,680717921
172,-0.425244786782178,0.642329908836212,0.653609770513391,0.18559502307949,2.30181674606434,0.346390229486609,-1.30181674606434,0.814404976920511,68,0.507948885355823,41,364154935
697,-0.788251969030931,0.567655042154716,0.45463882383072,0.149443720684612,1.38310568812988,0.54536117616928,-0.383105688129881,0.850556279315388,76,0.164951106373588,40,543260839
972,-1.10964032688743,0.264738379283311,0.329677515891708,0.196220153961861,0.553904694752471,0.670322484108292,0.446095305247529,0.803779846038139,73,2.77165060432377e-05,40,343678128
472,-0.935024811359201,0.556080388480275,0.392576125063429,0.132004093529489,1.16750935405946,0.607423874936571,-0.167509354059456,0.867995906470511,80,0.0926743391659053,37,279242668
772,-0.33076659352804,0.306302211308053,0.718372822340141,0.394116827918658,1.3094074531206,0.281627177659859,-0.309407453120599,0.605883172081342,61,0.280200038378134,37,624135818
198,-0.795033647273921,0.592869531791432,0.451566040700707,0.141276463100919,1.4433535823193,0.548433959299293,-0.443353582319299,0.858723536899081,68,0.179922859378112,40,760348161
322,0.369328159176397,0.611647582475119,1.44676229410635,0.436276495034694,4.79769402997842,-0.446762294106346,-3.79769402997842,0.563723504965306,78,0.545959933714866,39,248358673
846,-0.922834501757557,0.530076629475681,0.397391037581332,0.140609940072472,1.12310435996612,0.602608962418668,-0.123104359966118,0.859390059927528,92,0.0816931390449021,38,564820796
248,-0.85095193809393,0.672021378178607,0.427008252990397,0.114395946178722,1.59390305524502,0.572991747009603,-0.593903055245024,0.885604053821278,64,0.205420999101572,42,411569264
998,-1.34467758998569,0.551121056263096,0.26062372201369,0.0884909482922245,0.767589519460913,0.73937627798631,0.232410480539087,0.911509051707776,80,0.0146915254785121,39,88804297
72,-1.2971954784967,0.555379513695392,0.273297187088276,0.0920227616687306,0.811661714079424,0.726702812911724,0.188338285920576,0.907977238331269,85,0.0195073005523169,38,289797517
98,-0.978908226010467,0.522485495049821,0.375721077508402,0.134935151022295,1.04617904982187,0.624278922491598,-0.046179049821871,0.865064848977706,94,0.0609910159106131,36,250622722
123,-1.07493013744803,0.520230159744284,0.341321600066079,0.12312409691487,0.946203363848577,0.658678399933921,0.0537966361514229,0.87687590308513,94,0.0388040508944488,42,336454512
573,0.257725248933263,0.516938717745505,1.29398324650225,0.46979632932369,3.56408200259658,-0.293983246502248,-2.56408200259658,0.53020367067631,83,0.618089006211836,41,922983629
898,-0.488908895674527,0.520082513946089,0.613295198294187,0.221296490193727,1.69966997633552,0.386704801705813,-0.699669976335518,0.778703509806273,89,0.347186659134512,41,139026160
347,-1.92659897544952,0.705274448703553,0.145642691484894,0.0365559434642651,0.580255673162953,0.854357308515106,0.419744326837047,0.963444056535735,65,0.00630082781830126,36,685245321
823,-2.03665923940847,0.754648993500503,0.130463832084698,0.0297256762147738,0.572596275329301,0.869536167915302,0.427403724670699,0.970274323785226,62,0.00695865107660875,37,823072237
922,0.130919735038546,0.599034351978004,1.13987628551397,0.352337406837355,3.68770934071416,-0.139876285513967,-2.68770934071416,0.647662593162645,70,0.82699959430552,44,604448900
298,-0.860523182518671,0.674070527710491,0.422940749217569,0.112852103074981,1.58507349419858,0.577059250782431,-0.58507349419858,0.887147896925019,63,0.201741014449729,40,122873263
149,-0.130921295363699,0.626022734544099,0.877286818213933,0.257199479953767,2.99235504500348,0.122713181786067,-1.99235504500348,0.742800520046233,68,0.834345308266113,39,548090572
948,-0.623371393524241,0.551410311248926,0.536133868985962,0.181933190533889,1.57991801622538,0.463866131014038,-0.579918016225381,0.818066809466111,92,0.258264042975056,43,752748036
748,-0.861415946925356,0.277882172324538,0.422563331268254,0.245108331536896,0.728493265866999,0.577436668731746,0.271506734133001,0.754891668463104,75,0.00193564820417443,35,578572972
498,-1.84392029464464,0.266243810351867,0.158196033818142,0.0938789986773456,0.2665770349959,0.841803966181858,0.7334229650041,0.906121001322654,76,4.3387632278026e-12,43,283856329
223,0.236277059986545,0.603799354134699,1.26652516500589,0.387845611129454,4.13588796047455,-0.266525165005892,-3.13588796047455,0.612154388870546,67,0.69556280220031,42,817906877
648,-0.284211573962991,0.589406992732364,0.75260739573103,0.237063307810462,2.38931067545007,0.24739260426897,-1.38931067545007,0.762936692189538,71,0.629664452822048,43,145929731
523,0.908149375461543,0.637737057860365,2.47972923668781,0.710495766778066,8.65460059694497,-1.47972923668781,-7.65460059694497,0.289504233221934,67,0.15444111366801,43,905091075
723,-1.16131119444645,0.243777353200983,0.313075408903013,0.194153532754007,0.504838672103769,0.686924591096987,0.495161327896231,0.805846467245993,87,1.89962885944571e-06,40,258076900
423,-0.789407082615836,0.538877332319556,0.454113967541761,0.157932548387408,1.30574411432065,0.545886032458239,-0.30574411432065,0.842067451612592,88,0.142945327428692,36,742567393
48,-0.966625041228537,0.620420898139504,0.380364589102409,0.112744886200069,1.28322645504569,0.619635410897591,-0.283226455045691,0.887255113799931,69,0.119229701693307,36,744253240
673,-0.739958417639345,0.304202955571791,0.477133755456436,0.262846450804042,0.8661202002141,0.522866244543564,0.1338797997859,0.737153549195958,72,0.0149970703508817,35,310119712
798,-1.48123220398484,0.552494169109934,0.227357365060314,0.0769883723395485,0.671417902163067,0.772642634939686,0.328582097836933,0.923011627660452,88,0.00734043674152442,40,144453495
871,-1.09111997592395,0.586750519902716,0.335840150115766,0.106338288797137,1.06065846747778,0.664159849884234,-0.060658467477779,0.893661711202863,75,0.062942450831016,36,521546201
623,-0.563254052609532,0.54092476844211,0.569353340452289,0.197217693520897,1.64368227057595,0.430646659547711,-0.643682270575953,0.802782306479103,81,0.297745693567671,42,436384059
23,-0.802812322152553,0.538087797233806,0.448067081559488,0.156070878548029,1.28636496087548,0.551932918440512,-0.286364960875481,0.843929121451971,89,0.135706293284371,39,294723659
398,-1.28631217612999,0.595079490369843,0.276287807404989,0.0860655085652106,0.886940120301715,0.723712192595011,0.113059879698285,0.913934491434789,83,0.0306505318471727,36,896048828
548,-0.895617789701619,0.558941268671524,0.408355243033779,0.136542064667135,1.2212647063723,0.591644756966221,-0.2212647063723,0.863457935332865,83,0.109078927637171,43,988562761
448,-1.75050823095075,0.692330291319152,0.173685648592941,0.0447148030684901,0.674646928019425,0.826314351407059,0.325353071980575,0.95528519693151,68,0.0114574142173292,34,982281931
598,-1.53368054292011,0.602925724529081,0.215740163339996,0.0661789231369899,0.703302741593767,0.784259836660004,0.296697258406233,0.93382107686301,78,0.0109675674046628,39,59880318
173,-1.22018830131747,0.257387128003975,0.295174579928342,0.178234032616452,0.488840606683499,0.704825420071658,0.511159393316501,0.821765967383548,86,2.13009101646704e-06,41,682479348
973,-1.93673090684058,0.699129772675152,0.14417450009425,0.0366258837661019,0.567529963513535,0.85582549990575,0.432470036486465,0.963374116233898,69,0.00560214851329344,40,387702924
274,-0.603162693837588,0.573593084659904,0.54707865480371,0.177748707539399,1.6838100185651,0.45292134519629,-0.683810018565097,0.822251292460601,77,0.293005349243794,42,876251045
373,0.0672655277388611,0.576525566321716,1.06957944348376,0.345520321994188,3.31094906175236,-0.0695794434837591,-2.31094906175236,0.654479678005812,72,0.907118416773291,40,711647882
698,-0.0749387702560782,0.528761526005558,0.927800293563774,0.329133341294435,2.6153940568633,0.0721997064362255,-1.6153940568633,0.670866658705565,80,0.8872971629067,41,373042409
847,-0.709574783350019,0.514498496310833,0.491853297212789,0.179429428164373,1.3482719554647,0.508146702787211,-0.348271955464703,0.820570571835627,98,0.167846004743284,36,255096038
199,-1.24518353463646,0.297506795792284,0.287888065850218,0.16068872997284,0.515776921461685,0.712111934149782,0.484223078538315,0.83931127002716,66,2.84670303618783e-05,41,747722590
73,-1.21496243226864,0.570940679129603,0.296721161225534,0.0969087368410564,0.908519194336756,0.703278838774466,0.0914808056632438,0.903091263158944,75,0.033336986707441,44,924038842
99,-0.912934792395208,0.575573074838711,0.401344630779365,0.129893903384714,1.24006984514395,0.598655369220635,-0.240069845143946,0.870106096615286,75,0.11270940068544,41,149379161
323,-0.289685809133322,0.56449391994251,0.748498702093991,0.247567115075297,2.26302393541238,0.251501297906009,-1.26302393541238,0.752432884924703,82,0.607826877758791,43,243206647
249,0.503519654403566,0.63303546611172,1.65453442392488,0.478448328607189,5.72158788373558,-0.654534423924879,-4.72158788373558,0.521551671392811,67,0.426377879375669,36,252621697
473,-1.49020141242801,0.617740843787975,0.225327267256715,0.0671416160388588,0.756198321768041,0.774672732743285,0.243801678231959,0.932858383961141,71,0.0158504599454255,41,594102481
773,-1.26377582332404,0.651365038377785,0.282585018473332,0.0788326648598685,1.01295944780658,0.717414981526668,-0.0129594478065755,0.921167335140131,67,0.0523558779461791,45,383673445
999,-1.56179227224428,0.612023430209553,0.209759787455012,0.063207257336407,0.696109438810098,0.790240212544988,0.303890561189902,0.936792742663593,75,0.0107152498134808,39,337349311
299,-2.13029672297673,0.620536767438321,0.1188020373278,0.03520643367439,0.400890479387091,0.8811979626722,0.599109520612909,0.96479356632561,81,0.000596963385168401,37,771588713
949,-0.354169458507893,0.561151512556546,0.701756038747716,0.233632429443945,2.10784752395447,0.298243961252284,-1.10784752395447,0.766367570556055,72,0.527943987380329,36,673969704
124,0.0845942384098281,0.532247339168726,1.08827539674258,0.383432617663404,3.08879131455346,-0.0882753967425793,-2.08879131455346,0.616567382336596,84,0.873717853554329,41,974581130
923,-1.56999486500006,0.529388805677514,0.208046250671762,0.073712870753346,0.58718704042079,0.791953749328238,0.41281295957921,0.926287129246654,87,0.00302019984741984,36,561100304
348,-1.39512203563867,0.591909749240081,0.247802793749728,0.0776732909711702,0.790570655915203,0.752197206250272,0.209429344084797,0.92232670902883,75,0.0184240216244023,39,775681177
574,-0.208501528471035,0.55336356749654,0.811799793889124,0.274425847504717,2.40144618792549,0.188200206110876,-1.40144618792549,0.725574152495283,80,0.706330116211641,38,953859371
150,-1.85927163509262,0.269325380928215,0.155786058152391,0.0918921491149014,0.264106304493042,0.844213941847609,0.735893695506958,0.908107850885099,79,5.07580643017034e-12,41,531049868
649,-1.21401618830198,0.605631287715079,0.297002064714783,0.0906244078285642,0.97336058307507,0.702997935285217,0.02663941692493,0.909375592171436,82,0.0450115315516059,37,940037727
899,-0.790352381646707,0.6073571338023,0.453684896880331,0.137965656649905,1.49189291491302,0.546315103119669,-0.491892914913022,0.862034343350095,74,0.193156607810581,42,163097900
824,-2.5202591403545,0.663919439571897,0.0804387591198641,0.0218945544013772,0.29552526395954,0.919561240880136,0.70447473604046,0.978105445598623,77,0.00014703079391023,39,954260131
499,-0.0329951363145134,0.291104749882702,0.967543265403726,0.546866829779762,1.71182437743593,0.0324567345962742,-0.711824377435934,0.453133170220238,81,0.909757400526493,40,483183490
49,-1.47436191540018,0.326248739598493,0.228924753811476,0.120778414783479,0.433906530414353,0.771075246188524,0.566093469585647,0.879221585216521,62,6.20929584493884e-06,39,649259182
799,-1.49292502926,0.78484529774093,0.224714397109494,0.0482580055769031,1.04638721937675,0.775285602890506,-0.0463872193767523,0.951741994423097,57,0.057146294325683,38,668969903
749,-2.52063094336629,0.712111073220506,0.0804088573060953,0.0199137864662223,0.324678802006787,0.919591142693905,0.675321197993213,0.980086213533778,65,0.000400643122352206,44,418635449
524,-0.878023627023285,0.583843235585415,0.415603488034796,0.132346030740215,1.30511099048929,0.584396511965204,-0.305110990489292,0.867653969259785,77,0.13261515150319,36,139978021
224,-1.15123158409447,0.543883508583155,0.316247044608838,0.1089110622253,0.918292331195274,0.683752955391162,0.0817076688047256,0.8910889377747,84,0.0342863534229339,43,34027173
724,0.127199869821729,0.519227550515457,1.13564397605872,0.410463845212076,3.14202396971677,-0.135643976058718,-2.14202396971677,0.589536154787924,83,0.806472656192794,37,495774215
424,0.15079924584052,0.588261390139753,1.16276320509936,0.367081313672451,3.68315743889746,-0.162763205099362,-2.68315743889746,0.632918686327549,71,0.79768264180807,36,565785821
674,-0.842929441216594,0.276086761215771,0.430447703409703,0.250561833196845,0.739479045977146,0.569552296590297,0.260520954022854,0.749438166803155,75,0.00226465980748685,38,949984577
624,-1.70577864589484,0.278043485042594,0.181630904942116,0.105321904375511,0.313228153494751,0.818369095057884,0.686771846505249,0.89467809562449,74,8.51941396698173e-10,40,262059387
549,0.288545316063528,0.546191663590052,1.33448482175167,0.457503532388325,3.89253768203479,-0.334484821751667,-2.89253768203479,0.542496467611675,80,0.597300965416069,35,337056919
449,-0.0948384186991371,0.528724262051797,0.909519884001781,0.32267200694115,2.56367581196929,0.090480115998219,-1.56367581196929,0.67732799305885,88,0.857645481381706,44,748304141
24,0.0346523728191706,0.600973613954336,1.03525976180715,0.318786312895052,3.36201000815812,-0.0352597618071457,-2.36201000815812,0.681213687104948,64,0.954019145562389,46,774715947
399,-0.231174761358954,0.290429856571514,0.793600763167807,0.449146205162353,1.40222084493149,0.206399236832193,-0.402220844931486,0.550853794837647,81,0.426046854077957,40,831083438
374,-0.853796034481245,0.589180623978626,0.425795525734784,0.134180571471047,1.35117795183099,0.574204474265216,-0.351177951830989,0.865819428528953,84,0.147302837354904,42,705106917
872,-0.84569789806174,0.612883233254887,0.429257675549176,0.129131119323551,1.42693839396059,0.570742324450825,-0.426938393960589,0.870868880676449,68,0.167627322657079,39,774130062
699,-1.38675340353317,0.593137400657305,0.249885265732643,0.0781377998156486,0.799134940804517,0.750114734267357,0.200865059195483,0.921862200184351,78,0.0193874089997232,36,939250340
599,-1.97636572348074,0.788425320181777,0.138571932010558,0.0295506081332469,0.649806604810094,0.861428067989442,0.350193395189906,0.970449391866753,57,0.0121855360378017,44,928134891
974,-0.111993765369285,0.523308977436031,0.894049831553522,0.320568109861504,2.49346418658492,0.105950168446478,-1.49346418658492,0.679431890138496,84,0.830538646344608,37,164334515
275,-1.07500987294587,0.532245349217333,0.341294385703365,0.120248891497979,0.968673026932605,0.658705614296635,0.0313269730673947,0.879751108502021,93,0.0434078968778588,37,583886855
174,-1.74070985403923,0.670179157129972,0.17539585096292,0.0471586954832908,0.652344264821889,0.82460414903708,0.347655735178111,0.952841304516709,70,0.00939379717041217,38,236839002
200,0.181192760555419,0.58664637277067,1.19864620873475,0.379609190420929,3.78482073134491,-0.19864620873475,-2.78482073134491,0.620390809579071,72,0.757426518840797,38,647965400
324,-1.45648888344666,0.27453535892228,0.23305311653247,0.136072384016577,0.399153402933548,0.76694688346753,0.600846597066452,0.863927615983423,67,1.12495829853576e-07,40,810783587
774,-1.7120810588137,0.583499815759283,0.180489791641071,0.0575144140946029,0.56640696770471,0.81951020835893,0.43359303229529,0.942485585905397,84,0.0033445315743373,37,425463195
848,-0.625223961369627,0.580268250626742,0.535141564059356,0.17161034057717,1.66876012611323,0.464858435940644,-0.668760126113234,0.82838965942283,74,0.281268553802826,39,774236187
1000,-0.813276546403445,0.555716862698595,0.443402853463981,0.149200896443768,1.31772727340214,0.556597146536019,-0.317727273402137,0.850799103556232,85,0.143338034680788,42,519423255
74,-0.334331768304155,0.593490547390897,0.715816257681932,0.223677081796127,2.29077074256893,0.284183742318068,-1.29077074256893,0.776322918203873,73,0.573209346575102,39,94180780
100,-2.16899340306532,0.768359858790984,0.114292605613957,0.0253506463187335,0.51528468086332,0.885707394386043,0.48471531913668,0.974649353681266,68,0.00475932761199554,38,376994709
125,-1.11868782309785,0.6350175339561,0.3267082124517,0.0941092140820315,1.1341955952405,0.6732917875483,-0.134195595240497,0.905890785917968,64,0.0781260053964917,42,264191606
250,-1.34610643175256,0.241314004270778,0.260251597870809,0.162175987777621,0.417638240546334,0.739748402129191,0.582361759453666,0.837824012222379,86,2.42970069714356e-08,41,803976643
924,-0.733500743254924,0.559749045916495,0.480224899947167,0.160319157913993,1.43848032593201,0.519775100052833,-0.438480325932013,0.839680842086007,74,0.190057174910625,38,80148915
349,-1.04013137027535,0.644506553443972,0.353408251569742,0.0999244375796338,1.24991839136494,0.646591748430258,-0.249918391364938,0.900075562420366,67,0.106561828087779,41,318593056
950,-0.993931391389138,0.668004169678139,0.370118745373855,0.0999389773776972,1.37071530319348,0.629881254626145,-0.370715303193476,0.900061022622303,61,0.136774113946259,38,288170389
474,-0.883584565014205,0.5084076994645,0.413298756981555,0.152583186650184,1.11949334833408,0.586701243018445,-0.119493348334085,0.847416813349816,99,0.0822205242512836,43,653586194
900,-0.428770592320011,0.296493459295324,0.651309327405583,0.364260104331801,1.16456300023213,0.348690672594417,-0.164563000232133,0.635739895668199,70,0.148138372486604,41,386362666
300,-2.23682211260458,0.666637606320089,0.106797355648874,0.0289146234030834,0.394460443582182,0.893202644351126,0.605539556417818,0.971085376596917,71,0.000792561961559877,44,337797
500,-1.02942793540242,0.566205025245909,0.357211250040194,0.117752608584163,1.08362675519054,0.642788749959806,-0.0836267551905352,0.882247391415837,82,0.0690459948790182,39,614998825
575,-0.465224867024786,0.608782018210968,0.627993874197065,0.190440456580815,2.07086410686945,0.372006125802935,-1.07086410686945,0.809559543419185,67,0.444754282812298,37,118105419
750,-1.25977505889245,0.592143623458654,0.283717839127426,0.0888900350388536,0.905566211150116,0.716282160872574,0.094433788849884,0.911109964961146,76,0.0333800331081788,42,429238383
725,-0.292326523128821,0.647355760349264,0.746524738579396,0.209900745893072,2.65506052844108,0.253475261420604,-1.65506052844108,0.790099254106928,59,0.651578694435737,37,970480673
650,-1.7233716126964,0.586443440841609,0.178463422862383,0.0565415430542516,0.563288364259856,0.821536577137617,0.436711635740144,0.943458456945748,86,0.00329609567747808,37,218316745
825,-0.906762476946438,0.57411391222668,0.403829517306969,0.131072448333996,1.24418427458399,0.596170482693031,-0.244184274583987,0.868927551666004,79,0.114241556894916,39,369007953
525,-0.957761738445365,0.294749142167477,0.383750860228535,0.21535672460564,0.683817619328171,0.616249139771465,0.316182380671829,0.78464327539436,75,0.00115643385175545,40,464282835
425,-0.798352349095388,0.593772846846172,0.450069911635218,0.140559310019584,1.44112065811301,0.549930088364782,-0.441120658113007,0.859440689980416,78,0.178773283429096,36,259258636
50,-0.827694425551633,0.603619811929463,0.437055790253327,0.133885875499687,1.42672080293045,0.562944209746673,-0.426720802930453,0.866114124500313,76,0.170306970295662,43,190445632
800,-0.0895120449149455,0.30055331219269,0.914377251461753,0.507334001482527,1.64799866665263,0.0856227485382466,-0.647998666652634,0.492665998517473,67,0.765837355613833,41,257572612
675,-0.870809538781554,0.298417949647298,0.418612528964479,0.233237513720949,0.751321889049522,0.581387471035521,0.248678110950478,0.766762486279051,74,0.00352186074603525,43,249279021
225,0.425796763864742,0.520113768411808,1.53080962768357,0.552331157220441,4.24270491637944,-0.53080962768357,-3.24270491637944,0.447668842779559,85,0.41297995655307,42,223293026
625,-1.08882951247496,0.571751460661682,0.336610261323414,0.109761902324618,1.03229322404705,0.663389738676586,-0.0322932240470486,0.890238097675382,81,0.0568612888559381,42,123851335
25,-0.930546576886589,0.270967890150907,0.394338115357987,0.231857137750185,0.67068260538796,0.605661884642013,0.32931739461204,0.768142862249815,78,0.00059439738122828,41,981978667
975,-0.310098179260708,0.554143711901532,0.733374950479152,0.247535840626071,2.17277149292801,0.266625049520848,-1.17277149292801,0.752464159373929,75,0.575753095192906,39,317367196
400,-1.5553702068689,0.623275270561571,0.211111213351176,0.0622269377853964,0.716216255993639,0.788888786648824,0.283783744006361,0.937773062214604,71,0.0125787281354658,39,498227796
600,-1.20614171766552,0.554021762223059,0.299350031116013,0.101063684800094,0.886673005307584,0.700649968883987,0.113326994692416,0.898936315199906,82,0.0294756735916576,39,642951542
550,-0.887200552629071,0.525215478340128,0.41180697255754,0.147105689507913,1.1528104943751,0.58819302744246,-0.1528104943751,0.852894310492087,90,0.0911787138612187,40,510496952
375,-0.912612864773679,0.633987341366047,0.401473855501153,0.115879407342011,1.39093960133265,0.598526144498847,-0.390939601332649,0.884120592657989,70,0.150014230155077,38,463069535
873,-0.755015728928623,0.672112499116507,0.470003222025267,0.125891856695783,1.75470466884878,0.529996777974733,-0.754704668848778,0.874108143304217,59,0.261290042857852,36,787745600
175,-0.679703384850342,0.55021212509765,0.506767284929023,0.172372174619306,1.48987550712011,0.493232715070977,-0.489875507120109,0.827627825380694,78,0.216701059630683,37,896680817
450,-0.895626283843145,0.578940092464571,0.408351774421283,0.131292448286729,1.27007435575307,0.591648225578717,-0.270074355753067,0.868707551713271,79,0.121860762921713,43,779569697
700,-1.06452506443915,0.643546035718702,0.34489161716948,0.0977001566222201,1.21750293659945,0.65510838283052,-0.217502936599446,0.90229984337778,83,0.098095969209361,41,222397640
325,-0.930166333834674,0.285880247746697,0.394488088197715,0.225264204529077,0.690837019823986,0.605511911802285,0.309162980176014,0.774735795470923,75,0.001139156332194,42,441771948
75,-0.57406547954967,0.552629961528449,0.563230973804007,0.190672057909097,1.66374209903083,0.436769026195993,-0.66374209903083,0.809327942090903,81,0.298903253363443,39,767410670
475,-1.59731023130256,0.624466558905819,0.202440303930223,0.0595319463954826,0.688404783258873,0.797559696069777,0.311595216741127,0.940468053604517,74,0.0105312567194249,41,544857067
775,-0.703002476343891,0.623239353214993,0.495096554250098,0.145944456820453,1.67954716040964,0.504903445749902,-0.679547160409642,0.854055543179547,71,0.259327721471954,37,463946127
925,-1.46769610970121,0.576102930839714,0.230455818962329,0.0745088696085337,0.712799493169537,0.769544181037671,0.287200506830463,0.925491130391466,85,0.0108457974323421,40,42280049
849,-0.765405534191963,0.61374266862429,0.46514526041339,0.13969147188938,1.54884267707032,0.53485473958661,-0.548842677070319,0.86030852811062,75,0.212356620342206,44,126673507
350,-0.578045392783555,0.552647213272952,0.560993818193232,0.189908286317058,1.65718974224008,0.439006181806768,-0.657189742240082,0.810091713682942,82,0.29558074244275,37,804176310
874,-0.763887307897623,0.65338713252447,0.465851992532328,0.129444565437657,1.67653294839065,0.534148007467672,-0.676532948390647,0.870555434562343,73,0.242355691751448,41,282993343
850,-0.896415604143078,0.534168670548558,0.408029581249752,0.143220917945101,1.16245686428756,0.591970418750248,-0.162456864287563,0.856779082054899,86,0.0933176555582649,38,180421991
875,-1.98579565638225,0.657330994971206,0.137271349828713,0.0378493780028505,0.497852923299763,0.862728650171287,0.502147076700237,0.96215062199715,74,0.00251942979568268,43,586214285
