"rep","est_V","se_V","IRR_V","IRR_V_CI_Lower","IRR_V_CI_Upper","VE","VE_CI_Lower","VE_CI_Upper","n_event","p_val","n_calendar_group","seed"
101,-0.757485782253259,0.272125426560432,0.46884372160757,0.275039152811626,0.799211432422449,0.53115627839243,0.200788567577551,0.724960847188374,286,0.0053760843692597,20,35435119
126,-0.951329876822083,0.268784661661981,0.386227047369452,0.228061914224301,0.654082610097771,0.613772952630548,0.345917389902229,0.771938085775699,290,0.000401074732474367,17,910683552
26,-0.998444723073212,0.275045997938114,0.368452040738162,0.214912357580194,0.631684970807037,0.631547959261838,0.368315029192963,0.785087642419806,291,0.000283310455544674,19,417568093
176,-0.474976671056606,0.259404619287909,0.621899564555529,0.374037064968507,1.03401268114143,0.378100435444471,-0.034012681141427,0.625962935031493,298,0.0670966229534728,18,844358405
226,-0.937557018387189,0.277262797287383,0.391583298592113,0.227414231669986,0.674265100342522,0.608416701407887,0.325734899657478,0.772585768330014,281,0.000720979814804526,22,7777451
201,-1.30342517892491,0.279903858613919,0.271599919707634,0.156918822586394,0.470093486360314,0.728400080292366,0.529906513639686,0.843081177413606,285,3.21335514708892e-06,20,224089772
376,-1.05588788894638,0.280140007809771,0.347883408306358,0.200899154670619,0.602406047816722,0.652116591693642,0.397593952183278,0.799100845329381,278,0.000163808695850666,19,561649193
351,-0.917662032655339,0.26431569187086,0.39945185560884,0.237946060090785,0.670579646868147,0.60054814439116,0.329420353131853,0.762053939909215,306,0.000516902557835553,22,3480451
551,-1.30872771783312,0.283536009106045,0.270163562102456,0.154981723177205,0.470948114342706,0.729836437897544,0.529051885657294,0.845018276822795,291,3.91702277920321e-06,18,152093689
401,-1.14846804644329,0.290126032665174,0.317122213948417,0.179585363496279,0.559992733381245,0.682877786051583,0.440007266618755,0.820414636503721,261,7.5417429307151e-05,20,296951423
76,-0.725306771220522,0.262801092873279,0.484176014903434,0.289272118219147,0.810400998378191,0.515823985096566,0.189599001621809,0.710727881780853,304,0.00578176864616821,19,573018071
51,-0.978618232737376,0.280186338259953,0.375830049893303,0.217018350459609,0.650858446318767,0.624169950106697,0.349141553681233,0.782981649540391,272,0.000478090470784456,18,699380711
151,-1.0673755925872,0.283818680128,0.343909893786531,0.197177688680918,0.599834676202436,0.656090106213469,0.400165323797564,0.802822311319082,267,0.000169393955339745,20,872900289
1,-0.613474813959195,0.275376482878446,0.541466102393127,0.315624266602688,0.928906839757889,0.458533897606873,0.0710931602421112,0.684375733397312,279,0.0258960146408851,19,997618711
601,-1.16580366198418,0.282911293149353,0.311672082351337,0.179012506408783,0.542640784523715,0.688327917648663,0.457359215476285,0.820987493591217,268,3.77658704145743e-05,19,936594180
676,-0.935820680045363,0.27860776878749,0.392263810315806,0.227209706067092,0.677219734785617,0.607736189684194,0.322780265214383,0.772790293932908,283,0.00078248251314589,19,950995473
426,-1.12807670499195,0.284118105607845,0.323655142515275,0.185455937407995,0.564838488002311,0.676344857484725,0.435161511997689,0.814544062592005,271,7.17370393046483e-05,17,982689911
251,-1.18519547175434,0.282603880676073,0.305686420597402,0.175680390166437,0.531898794447827,0.694313579402598,0.468101205552173,0.824319609833563,281,2.74271418418139e-05,19,520723875
276,-0.764444426365368,0.278463830376207,0.46559253006643,0.269759757018873,0.803590596496917,0.53440746993357,0.196409403503083,0.730240242981127,273,0.00604703779460644,18,93920358
901,-0.778444512498401,0.127367342311216,0.459119610980272,0.357693102352187,0.589306351731464,0.540880389019728,0.410693648268536,0.642306897647813,273,9.85097696573052e-10,18,455206049
526,-0.899177360120676,0.282337958547863,0.406904257764395,0.233972991706614,0.707650373571355,0.593095742235605,0.292349626428645,0.766027008293386,269,0.00144876367468038,18,393057599
826,-1.06987288064844,0.282684757227102,0.343052123210532,0.197123503808581,0.597010285255143,0.656947876789468,0.402989714744857,0.802876496191419,271,0.000153903124400886,19,90813848
726,-0.822305945826392,0.270542980774578,0.439417213043523,0.258577339417109,0.74673011778294,0.560582786956477,0.25326988221706,0.741422660582891,286,0.00236998666745076,19,188094519
501,-0.987799696333697,0.282640520800324,0.372395172701522,0.214003065847231,0.648019523002505,0.627604827298478,0.351980476997495,0.785996934152769,279,0.000474243549755787,19,977874548
951,-0.688366367712322,0.277723074823473,0.5023961295835,0.291506320123604,0.865853854947152,0.4976038704165,0.134146145052848,0.708493679876396,275,0.0131896529751471,20,90772033
476,-0.747990326737261,0.275816241774427,0.473316809705454,0.275661882695181,0.812694160539685,0.526683190294546,0.187305839460315,0.724338117304819,273,0.00668956540641283,18,193273515
751,-0.71945689451769,0.276800360060454,0.487016685578798,0.283094183974184,0.837831596193398,0.512983314421202,0.162168403806602,0.716905816025816,271,0.00934438725194603,20,483248076
451,-1.12480073195796,0.272195806433312,0.324717166665902,0.190463498954925,0.553603388082694,0.675282833334098,0.446396611917306,0.809536501045075,297,3.59116777600511e-05,18,644854163
301,-0.85952868231175,0.273434597628472,0.423361573100216,0.247721376613968,0.723534739019302,0.576638426899784,0.276465260980698,0.752278623386032,291,0.00166967485029604,16,758181218
651,-1.15254672665328,0.280832765306708,0.315831408031956,0.182141971586784,0.547646857176576,0.684168591968044,0.452353142823424,0.817858028413216,270,4.06010822164824e-05,19,751282200
326,-0.782888502211997,0.261320186189999,0.457083815030314,0.273879608119515,0.76283742114709,0.542916184969686,0.23716257885291,0.726120391880485,312,0.00273638363485465,18,611149054
801,-0.805461401650197,0.285556410213554,0.446881687035546,0.255344495904574,0.782093389169303,0.553118312964454,0.217906610830697,0.744655504095426,257,0.00479229494926613,19,271575657
576,-0.897649454688533,0.289353851550323,0.407526444190164,0.231130548628945,0.718545444119973,0.592473555809836,0.281454555880027,0.768869451371055,250,0.00192052396976497,20,856468129
626,-0.311756910266724,0.254992137953595,0.732159487051878,0.444176924642663,1.20685583770774,0.267840512948122,-0.206855837707741,0.555823075357337,304,0.221475593162163,20,625627450
976,-0.900768534838442,0.269821345036651,0.406257316831412,0.239402593311633,0.689403590813311,0.593742683168588,0.310596409186689,0.760597406688367,292,0.000842657748412729,17,873665569
926,-1.34414115366135,0.29125039470542,0.260763567550923,0.147344567604966,0.461487242232015,0.739236432449077,0.538512757767985,0.852655432395033,271,3.92961582399328e-06,20,137550399
876,-1.18090258788475,0.289929676225759,0.307001517661381,0.173920964262572,0.541912426980915,0.692998482338619,0.458087573019085,0.826079035737428,267,4.63983507493703e-05,19,192928048
851,-0.87013733144903,0.266111107512167,0.418894017974824,0.248650864249834,0.705697118023227,0.581105982025176,0.294302881976773,0.751349135750166,293,0.0010761320935905,19,370632746
701,-0.969322723216312,0.272026577375394,0.379339869207251,0.222576366127836,0.646513998200177,0.620660130792749,0.353486001799823,0.777423633872164,282,0.000366168279721743,19,494763444
776,-1.29372676075251,0.296879817477607,0.274246823949513,0.153262903184846,0.490734019018845,0.725753176050487,0.509265980981155,0.846737096815155,257,1.31408914849253e-05,19,903519167
552,-1.20062989894936,0.289647146251345,0.301004549734841,0.170618045332989,0.531032569176642,0.698995450265159,0.468967430823358,0.829381954667011,270,3.39596295917174e-05,19,490404617
77,-0.415381402404912,0.26368716289362,0.660088473356878,0.393687140460345,1.10675901719605,0.339911526643122,-0.10675901719605,0.606312859539655,289,0.115191575965406,17,287719569
52,-0.445917850949448,0.271394494931865,0.64023636471089,0.376122163055384,1.08981241458472,0.35976363528911,-0.0898124145847172,0.623877836944616,273,0.100370205681919,19,432044556
2,-0.753683251017347,0.284622566222816,0.470629908366974,0.269406677162943,0.822149298532579,0.529370091633026,0.177850701467421,0.730593322837057,256,0.00809672568379674,18,343128693
102,-0.744909679587569,0.277105323642826,0.474777180074125,0.275814667370873,0.817263899950748,0.525222819925875,0.182736100049252,0.724185332629127,273,0.00718421217659415,21,277881895
227,-0.61100666618117,0.270700120919941,0.542804171347317,0.319317570114854,0.922706408939764,0.457195828652683,0.0772935910602365,0.680682429885146,283,0.0239996522961056,16,813600124
127,-1.02131261082196,0.279905529957109,0.360121929859406,0.208062374129592,0.623312143332974,0.639878070140594,0.376687856667026,0.791937625870408,279,0.000263492609327996,23,177212939
527,-0.610306024925514,0.273683013757005,0.543184615605414,0.317678671175777,0.928767189620813,0.456815384394586,0.0712328103791868,0.682321328824223,284,0.0257491641580008,17,68496552
902,-0.932712179464192,0.266897529312044,0.393485059742032,0.233208651886853,0.663914014284986,0.606514940257968,0.336085985715014,0.766791348113147,301,0.000474692261241581,17,376121982
27,-1.1146140756822,0.128125264335228,0.328041853802488,0.255193045441164,0.421686483109836,0.671958146197511,0.578313516890164,0.744806954558836,276,3.33617105314999e-18,18,149074215
177,-1.33211314841314,0.275515991001279,0.263918971676959,0.15379810119232,0.45288740934405,0.736081028323041,0.54711259065595,0.84620189880768,294,1.33161835370588e-06,23,339571100
352,-1.1904414086929,0.265810090780602,0.304087007789302,0.180609215286719,0.511983334623629,0.695912992210697,0.488016665376371,0.819390784713281,317,7.51549120378303e-06,19,222858223
452,-0.700937292368868,0.271093501524388,0.496120076236851,0.291629595124965,0.843999148782513,0.503879923763149,0.156000851217487,0.708370404875035,291,0.00972118180158391,17,974413630
252,-0.95096761106638,0.286668721128955,0.386366989549239,0.220286131494231,0.677661592224438,0.613633010450761,0.322338407775562,0.77971386850577,273,0.000908903038403253,19,982439490
652,-1.66117310588505,0.286072813654836,0.189916057726325,0.10840668549128,0.33271111296185,0.810083942273675,0.66728888703815,0.89159331450872,296,6.3670827448731e-09,19,816802517
302,-1.30443758403903,0.276762173904577,0.271325089703051,0.157728279381355,0.466734973532408,0.728674910296949,0.533265026467592,0.842271720618645,290,2.43847528986497e-06,20,886793973
377,-0.93461522257341,0.26659671718314,0.39273695277619,0.232902542220518,0.662261187041429,0.607263047223811,0.337738812958571,0.767097457779482,308,0.000455362575829941,20,7970022
152,-0.378065169452062,0.255607938358597,0.685185846024681,0.415178171156905,1.13079076938063,0.314814153975319,-0.130790769380626,0.584821828843096,309,0.139118328453956,19,86166393
602,-0.666055913986742,0.286993609566696,0.513730785690586,0.292715815814284,0.901623027891708,0.486269214309414,0.0983769721082915,0.707284184185716,253,0.0202974251140805,19,545493621
202,-0.457693026089191,0.265106776564145,0.632741681586374,0.376328532588066,1.06386309021908,0.367258318413626,-0.063863090219084,0.623671467411934,291,0.0842668725306219,22,44420861
502,-0.584829637966308,0.27587683529414,0.557200779584737,0.324477754186834,0.956838195419302,0.442799220415263,0.0431618045806975,0.675522245813166,273,0.0340149885452925,18,67413498
677,-1.04059719986098,0.28158848310372,0.3532436618887,0.203416335742933,0.61342705937949,0.6467563381113,0.38657294062051,0.796583664257067,277,0.000219494484272585,17,304512667
402,-1.2598278728408,0.273415590089628,0.283702855263806,0.166009115044206,0.484836691427476,0.716297144736194,0.515163308572524,0.833990884955794,295,4.07069783378135e-06,21,234739324
427,-0.921819792606251,0.288178208006634,0.397794478556821,0.226131474919348,0.699771879287177,0.602205521443179,0.300228120712823,0.773868525080652,257,0.00138008607485602,18,800312905
927,-1.24051541455957,0.291582864829251,0.289235103530985,0.163325958740394,0.512208504757975,0.710764896469015,0.487791495242025,0.836674041259606,258,2.0959336517737e-05,19,946264262
702,-0.993664256162752,0.27104677304258,0.37021763033593,0.217641477326269,0.629756310678232,0.62978236966407,0.370243689321768,0.782358522673731,300,0.00024634981726697,18,356091709
877,-0.732246701429075,0.268997386478202,0.480827499821266,0.283803866345679,0.814629791909773,0.519172500178734,0.185370208090227,0.716196133654321,289,0.00648620041273971,20,1968134
827,-1.24294432719269,0.286835646751215,0.288533429231828,0.164452769696759,0.506233734693486,0.711466570768172,0.493766265306514,0.835547230303241,266,1.46892077382253e-05,16,602005186
277,-1.0332933015538,0.287036766018161,0.355833162886955,0.202731056086936,0.624557688664325,0.644166837113045,0.375442311335675,0.797268943913064,271,0.000318383739912936,21,921802755
727,-1.04645136171314,0.281525217150932,0.351181757568223,0.202254060204397,0.609770833396721,0.648818242431777,0.390229166603279,0.797745939795603,273,0.000201539752182226,19,782353295
477,-0.792827928185104,0.263905144213829,0.452563167823438,0.26980049347259,0.759129155896793,0.547436832176562,0.240870844103207,0.73019950652741,298,0.0026626664207364,18,126750592
752,-1.0181409179974,0.26930208678352,0.361265939264493,0.213106484907049,0.612431287248637,0.638734060735507,0.387568712751363,0.786893515092951,298,0.000156410149339275,18,214173514
952,-0.765655936154994,0.274826699235766,0.465028801708441,0.271360694066902,0.796916396318888,0.534971198291559,0.203083603681112,0.728639305933098,273,0.00533696096250716,19,309529801
327,-0.924845766064067,0.272685950645734,0.396592582393086,0.23239880211695,0.676792113283208,0.603407417606914,0.323207886716792,0.76760119788305,282,0.000694819926433069,19,488428715
802,-0.9828450080408,0.278180576962713,0.374244853215259,0.216954218992063,0.645570345710745,0.625755146784741,0.354429654289255,0.783045781007937,284,0.000410687980837962,19,398951222
627,-0.839711373722061,0.257667664714314,0.431835144414185,0.260609876340465,0.715558422304753,0.568164855585815,0.284441577695247,0.739390123659535,314,0.00111847805447162,21,452343441
977,-1.14145974170618,0.270411791618001,0.319352509228509,0.187972967897028,0.542556870232604,0.680647490771491,0.457443129767396,0.812027032102972,305,2.43015227967546e-05,20,814819963
852,-1.25039873320887,0.299166085744233,0.286390580655592,0.159333866861161,0.514765418702332,0.713609419344408,0.485234581297668,0.840666133138839,255,2.92004427690869e-05,17,54753648
577,-0.801533680955583,0.270190493868452,0.448640365022797,0.264187204837285,0.761877083531572,0.551359634977203,0.238122916468428,0.735812795162715,287,0.00301161129505299,20,700262551
777,-0.869762867137681,0.278023740735629,0.419050908207857,0.243003511330408,0.722638379620221,0.580949091792143,0.277361620379779,0.756996488669592,275,0.00175775012756473,19,465797417
553,-0.616787375453488,0.282944264977747,0.539675430125306,0.309948865706632,0.939669739448583,0.460324569874694,0.0603302605514173,0.690051134293368,258,0.0292656159320273,17,511255349
53,-0.845234149547375,0.286456872987032,0.429456789324282,0.244955356422256,0.752925498713297,0.570543210675718,0.247074501286703,0.755044643577744,268,0.00317105391492013,20,125376473
128,-1.53426643450573,0.297861971533388,0.215613800014834,0.120264093996135,0.386560187767523,0.784386199985166,0.613439812232477,0.879735906003865,260,2.59196675317951e-07,16,149917109
228,-1.05343527084193,0.273413870381324,0.348737680625457,0.204065020156492,0.595976565678711,0.651262319374543,0.404023434321289,0.795934979843508,291,0.000116728868139302,17,944466420
103,-0.959317509275175,0.281613938313836,0.383154296013208,0.220629449031776,0.66540171857218,0.616845703986792,0.33459828142782,0.779370550968224,278,0.000658018685304808,20,496288463
528,-1.14700539094129,0.289287073466841,0.317586393884369,0.180144200282783,0.559891006327988,0.682413606115631,0.440108993672012,0.819855799717217,270,7.34149408990372e-05,20,215951373
28,-0.785885859423758,0.289640211439871,0.455715822765881,0.258316360351513,0.803963445585016,0.544284177234119,0.196036554414984,0.741683639648487,254,0.00666132454376337,22,807065611
253,-0.597122484174911,0.283724196276371,0.550393124549669,0.315621461400672,0.959797189352038,0.449606875450331,0.0402028106479625,0.684378538599328,259,0.0353272038681208,19,208802164
453,-0.305080073821552,0.271406539038746,0.737064352469172,0.432995858579826,1.25466294634466,0.262935647530828,-0.25466294634466,0.567004141420174,276,0.260983134882012,20,168630130
353,-0.852563441662469,0.261444157436699,0.426320681827397,0.255384615467953,0.711669038562677,0.573679318172603,0.288330961437323,0.744615384532047,303,0.00111028959835356,16,554336242
378,-0.865453651893591,0.285353321030703,0.420860585112835,0.240571993735126,0.736260399024395,0.579139414887165,0.263739600975605,0.759428006264874,261,0.00242200199650344,19,540326652
653,-0.716162286588615,0.270759047242954,0.48862386066484,0.287411507054998,0.830701872925798,0.51137613933516,0.169298127074202,0.712588492945002,290,0.00816868096716157,20,12489798
503,-0.948843255433231,0.297863592674844,0.387188642872882,0.215963650672776,0.694167952350893,0.612811357127118,0.305832047649107,0.784036349327224,244,0.00144506147785161,17,492704677
153,-1.14374228115286,0.281231173128525,0.318624405807305,0.183609281027488,0.552921461311422,0.681375594192695,0.447078538688578,0.816390718972512,280,4.76403327855757e-05,20,886122097
603,-1.01463358096205,0.284586975941721,0.362535245313755,0.207543607601219,0.633273197925912,0.637464754686245,0.366726802074088,0.792456392398781,262,0.000363461477326141,19,564526145
78,-0.876223052359663,0.285986511556566,0.416352487257617,0.237699902433965,0.729278354221294,0.583647512742383,0.270721645778706,0.762300097566035,259,0.00218500066084153,21,998921524
278,-1.17979322922653,0.297722457355627,0.307342281432756,0.171474875263031,0.550863663329086,0.692657718567244,0.449136336670914,0.828525124736969,256,7.4098070206369e-05,18,473017292
3,-1.13037211070415,0.274898890328962,0.322913074651591,0.188404499366182,0.553452036080517,0.677086925348409,0.446547963919483,0.811595500633818,283,3.92321270135646e-05,20,574732963
403,-0.711804129026414,0.27856709211731,0.490758007534513,0.284282846842232,0.847196461673629,0.509241992465487,0.152803538326371,0.715717153157768,267,0.0106116407040605,20,156299525
953,-0.848495086956497,0.29444272720996,0.428058638494506,0.240366069579726,0.762313076509304,0.571941361505494,0.237686923490696,0.759633930420274,240,0.00395538342600051,20,435178621
203,-0.604770415566883,0.258281816323531,0.546199811220012,0.329231715587946,0.906152778276565,0.453800188779988,0.0938472217234351,0.670768284412054,308,0.0192057202415537,20,935375601
478,-0.954846881006548,0.288505657656591,0.384871071112493,0.218644626036861,0.677472591319513,0.615128928887507,0.322527408680487,0.781355373963139,262,0.000934194870593967,19,799700597
178,-0.590165839621242,0.268976665678857,0.554235362929912,0.327145446310751,0.938961067580529,0.445764637070088,0.0610389324194712,0.672854553689249,288,0.0282271157026628,20,225920907
903,-0.893489574048445,0.272619926550567,0.409225236492536,0.239832429107565,0.698259592355892,0.590774763507464,0.301740407644108,0.760167570892435,282,0.00104760991652441,19,46970185
803,-0.85293280682611,0.27380702445884,0.426163242897009,0.249178763729365,0.72885468600265,0.573836757102991,0.27114531399735,0.750821236270635,286,0.00183890425571134,20,540465652
328,-0.192623252245991,0.28076604591871,0.824792654391455,0.475725348452365,1.42999090746626,0.175207345608545,-0.429990907466263,0.524274651547635,255,0.492673254835468,19,120891422
828,-0.733073074930342,0.273522535640031,0.480430320848425,0.281065541311229,0.821208078776676,0.519569679151575,0.178791921223324,0.718934458688771,274,0.00735958869606407,16,575135651
303,-1.08435669312082,0.295191298697609,0.33811923037233,0.189584393157813,0.603027559617796,0.66188076962767,0.396972440382204,0.810415606842187,256,0.000239341269728898,18,221592928
628,-1.22650227100261,0.290431688226802,0.293316727961474,0.166004908813641,0.518266017052598,0.706683272038526,0.481733982947402,0.833995091186359,266,2.41037736761981e-05,22,601943565
703,-1.07559486446867,0.280245215946273,0.341094789767607,0.196938182370248,0.590772465787645,0.658905210232393,0.409227534212355,0.803061817629752,281,0.000124015750036858,20,642629217
678,-1.12073169236595,0.275421923064143,0.326041145507666,0.190034671455534,0.559386493789501,0.673958854492334,0.440613506210499,0.809965328544466,284,4.71860117547573e-05,21,703590422
878,-0.886034175870802,0.259271186212362,0.41228757486642,0.248032284196971,0.685318223551278,0.58771242513358,0.314681776448722,0.751967715803029,310,0.000632215770923281,19,800468162
753,-0.851997928966883,0.28352380342203,0.426561839767873,0.244706836059067,0.743563220694959,0.573438160232127,0.256436779305041,0.755293163940933,277,0.00265553442582989,21,260075347
928,-0.559347484230431,0.277572564533594,0.571581908400943,0.331747973662965,0.984801427432912,0.428418091599057,0.0151985725670878,0.668252026337035,273,0.0438900173837614,18,249182866
978,-0.854990260431124,0.270567536648168,0.425287333177377,0.25025049377866,0.722753082441863,0.574712666822623,0.277246917558137,0.74974950622134,293,0.00157775453944905,21,52509446
728,-1.08065249300387,0.269074564643131,0.339374014215497,0.200281991325882,0.57506279402494,0.660625985784503,0.42493720597506,0.799718008674118,304,5.91485186571227e-05,21,749942289
853,-0.841069851009106,0.285989771937396,0.431248904465734,0.246202846403235,0.755375578795308,0.568751095534266,0.244624421204692,0.753797153596765,257,0.00327250816667923,19,168286651
428,-0.812409065067128,0.271186172580457,0.443787664047699,0.260820148230123,0.755108422786207,0.556212335952301,0.244891577213793,0.739179851769877,286,0.00273760559298588,18,805337196
578,-1.17956844013375,0.278343400044682,0.307411376390978,0.178153190227339,0.530452214827045,0.692588623609022,0.469547785172955,0.821846809772661,281,2.25703443979479e-05,20,897015641
778,-1.02935032750205,0.272813442657984,0.357238973531064,0.209285726210019,0.609786852264649,0.642761026468936,0.390213147735351,0.790714273789981,290,0.000161236538023535,19,400858327
129,-0.699529918035393,0.274854172208873,0.496818794462188,0.289895665009623,0.851440515754756,0.503181205537812,0.148559484245244,0.710104334990377,274,0.0109248081668679,20,729023948
229,-0.667800560147056,0.264433788938282,0.512835288637786,0.305415766204319,0.861121338104914,0.487164711362214,0.138878661895086,0.694584233795681,294,0.0115567326161004,18,672537527
54,-0.777832326053589,0.29323110154742,0.459400763832864,0.258578818530559,0.816188514626061,0.540599236167136,0.183811485373939,0.741421181469441,249,0.00798684074903117,17,840273697
104,-0.971911947721569,0.271940353605692,0.37835894358842,0.222038331692821,0.644733227375324,0.62164105641158,0.355266772624676,0.777961668307179,293,0.000351583136387883,19,815508940
554,-1.1161879640926,0.288540407235489,0.327525958617886,0.186054289214667,0.576569634709116,0.672474041382114,0.423430365290884,0.813945710785333,273,0.000109554567502709,24,159017984
4,-1.05887689582695,0.286442821530487,0.346845134881507,0.197840424587301,0.608073642390946,0.653154865118493,0.391926357609054,0.802159575412699,268,0.000218469087612389,20,591025432
179,-0.6373203443848,0.275637021026134,0.528707280966016,0.308029728857498,0.907481852427936,0.471292719033984,0.0925181475720641,0.691970271142502,276,0.0207681782301576,22,936035575
904,-1.35308933162013,0.289129275055912,0.258440617329139,0.146640348687575,0.455478681571942,0.741559382670861,0.544521318428058,0.853359651312425,275,2.87047619714482e-06,19,833621520
529,-0.717590348993712,0.281208354468075,0.487926573302627,0.281183275605094,0.846680302811478,0.512073426697373,0.153319697188522,0.718816724394906,263,0.0107164878270622,19,466863827
454,-1.02017962984007,0.273493618083899,0.360530172378933,0.210932464270962,0.616225698802863,0.639469827621067,0.383774301197137,0.789067535729038,291,0.00019134522930878,18,300010508
254,-0.985862547783569,0.283867366540072,0.373117256636515,0.213903058857204,0.65083916024266,0.626882743363485,0.34916083975734,0.786096941142796,271,0.000514734915843731,19,835849018
829,-1.50521699501361,0.303385142715686,0.221969122412919,0.122475906719657,0.402285581094243,0.778030877587081,0.597714418905757,0.877524093280343,263,6.99845850887299e-07,19,396172617
654,-0.92056476520203,0.279030287485943,0.398294034941564,0.23051160303394,0.688200230192638,0.601705965058436,0.311799769807362,0.76948839696606,273,0.000969756095822711,17,272472672
29,-0.824119875628049,0.261012267771807,0.438620863544822,0.26297547029778,0.73158253778938,0.561379136455178,0.26841746221062,0.73702452970222,316,0.00159183365134145,21,500108439
504,-0.458978259135362,0.269990800735665,0.631928983432641,0.372264556258572,1.0727162535045,0.368071016567359,-0.0727162535045036,0.627735443741428,280,0.0891351768422031,18,860137150
379,-0.878915398534617,0.263260447046281,0.415233029890717,0.247858714860675,0.695632062843317,0.584766970109283,0.304367937156683,0.752141285139325,306,0.000842085441466687,20,789795663
279,-0.315903620156069,0.273083208242103,0.7291297201899,0.426929291521019,1.245241681521,0.2708702798101,-0.245241681520998,0.573070708478981,277,0.247352637992948,19,617778803
79,-0.864101079024926,0.279186250915293,0.421430214867782,0.243827059921885,0.728399161522122,0.578569785132218,0.271600838477878,0.756172940078115,278,0.00196766240369025,18,839689312
154,-1.13023463074811,0.284890985339958,0.322957471778687,0.184776054842214,0.564475351888793,0.677042528221313,0.435524648111207,0.815223945157786,272,7.27057841330533e-05,21,292059630
354,-0.849268024703155,0.271666929298842,0.427727903650219,0.251144848179389,0.728468694011719,0.572272096349781,0.271531305988281,0.748855151820611,287,0.00177119050500186,19,649386484
754,-1.09296134948266,0.281273135025732,0.335222311953391,0.193158040213417,0.58177230576173,0.664777688046609,0.41822769423827,0.806841959786583,285,0.000102008080484066,19,385764403
404,-1.26380201877901,0.294622044356978,0.28257761612716,0.15861893083449,0.50340844384727,0.71742238387284,0.49659155615273,0.84138106916551,272,1.79019012086436e-05,18,87231058
679,-0.770035361802683,0.260574726557465,0.462996695623952,0.277828172438927,0.771577404396673,0.537003304376048,0.228422595603327,0.722171827561073,300,0.00312525002355692,20,80465211
479,-1.22820578921167,0.2806121441485,0.292817482931599,0.168942732004129,0.50752155652545,0.707182517068401,0.49247844347455,0.831057267995871,282,1.20389999386709e-05,16,833101387
604,-0.669958304584654,0.262937211748874,0.51172991413304,0.305652705839602,0.856748525419662,0.48827008586696,0.143251474580338,0.694347294160398,309,0.0108349216700111,19,779007818
804,-1.48264768000189,0.288941218283314,0.22703577381881,0.128868591870401,0.399982973705053,0.77296422618119,0.600017026294947,0.871131408129599,284,2.8772877937838e-07,19,104111176
954,-0.886866158619319,0.283291596958249,0.411944701368899,0.236428962587191,0.717756552027037,0.588055298631101,0.282243447972963,0.763571037412809,267,0.00174463254019211,19,619355052
204,-0.497634905376622,0.126916513083545,0.60796685981994,0.47407644208709,0.779671103276246,0.39203314018006,0.220328896723754,0.52592355791291,280,8.8195939563863e-05,20,134068575
304,-0.943093197314494,0.284490331091763,0.389421413200021,0.222977591257844,0.680108867457177,0.610578586799979,0.319891132542823,0.777022408742156,269,0.000916341944436363,18,366389403
879,-0.217780984562247,0.259640129471564,0.804301576839631,0.483518217086113,1.33790414434686,0.195698423160369,-0.337904144346865,0.516481782913887,298,0.401592696398177,18,946774309
329,-1.01635960053815,0.273598337772992,0.361910042095027,0.211696319000463,0.618711176404241,0.638089957904973,0.381288823595759,0.788303680999537,293,0.000203374776536449,17,332440478
979,-1.02570548775868,0.278673721769937,0.358543428159585,0.207651113638218,0.619083556182611,0.641456571840415,0.380916443817389,0.792348886361782,286,0.000232623608327706,19,196935710
629,-0.939767322403756,0.285390760316767,0.390718736279172,0.223325945839011,0.683579914129825,0.609281263720828,0.316420085870175,0.776674054160989,266,0.000991546846883858,18,573075556
729,-1.30731127497522,0.294425991426928,0.270546504494442,0.151923888927347,0.481790004264336,0.729453495505558,0.518209995735664,0.848076111072653,261,8.98739117419491e-06,17,563393171
704,-1.02002184818858,0.284605321458696,0.360587061912888,0.206420892311886,0.629892777628896,0.639412938087112,0.370107222371104,0.793579107688114,270,0.000338388588762907,18,533290875
929,-0.699688178169206,0.267598017080404,0.496740174074696,0.294001428156192,0.839284360240147,0.503259825925304,0.160715639759853,0.705998571843808,288,0.00893062068781241,18,392723050
429,-0.82082460217873,0.292350816395139,0.440068623302844,0.248125236804806,0.780494542632951,0.559931376697157,0.219505457367049,0.751874763195194,250,0.00499013412960094,20,765357791
579,-0.503759257688133,0.254092195096312,0.604254835052861,0.367228573460003,0.994268779917061,0.395745164947139,0.00573122008293858,0.632771426539997,314,0.0474138556872764,20,618287259
854,-1.18433242471353,0.274192601327383,0.305950356236166,0.178754835121595,0.523653642248967,0.694049643763834,0.476346357751033,0.821245164878405,291,1.56493019284885e-05,17,957407451
779,-0.446656937596329,0.281003631619442,0.639763349384072,0.368832032483973,1.10971148698402,0.360236650615928,-0.109711486984016,0.631167967516027,254,0.111946217298947,18,259976828
530,-1.27238238685966,0.270405860012424,0.280163368547806,0.164907901492188,0.475971814363137,0.719836631452194,0.524028185636863,0.835092098507812,305,2.53301382341422e-06,18,784414027
130,-0.742710260324797,0.285420290680302,0.475822563346142,0.271953617665595,0.83252105168791,0.524177436653858,0.16747894831209,0.728046382334405,257,0.00926376779141242,21,540434030
655,-0.740987238151183,0.27887147635112,0.476643122891632,0.275941804677607,0.823320942128794,0.523356877108368,0.176679057871206,0.724058195322393,267,0.00788178723876381,18,598539121
505,-0.827423181388421,0.271667846511572,0.437174355164724,0.256690968117127,0.744558401160747,0.562825644835276,0.255441598839253,0.743309031882873,287,0.00232126766912011,18,607535407
380,-0.458188492203031,0.269976929120494,0.632428257176333,0.372568803835445,1.07353459644933,0.367571742823667,-0.0735345964493299,0.627431196164554,276,0.0896703027246119,18,322685776
80,-1.13322683777265,0.266921793488391,0.321992560490098,0.190827778737335,0.543312979362813,0.678007439509902,0.456687020637187,0.809172221262665,303,2.18068742487509e-05,17,116880131
230,-1.16851344754975,0.289369573856672,0.310828661102851,0.176282511739565,0.548066031108784,0.689171338897149,0.451933968891216,0.823717488260435,259,5.38778107248572e-05,19,48184703
555,-0.370270838126957,0.281210045911576,0.690547278776551,0.397948610968207,1.19828422837188,0.309452721223449,-0.19828422837188,0.602051389031793,250,0.187937330681315,17,938499681
55,-1.00449996108359,0.271285509333075,0.366227717136893,0.215195192871005,0.623260859175871,0.633772282863107,0.376739140824129,0.784804807128995,297,0.000213282645592314,19,335459152
455,-0.917272207834429,0.28254956729085,0.399607602211888,0.22968208081777,0.695248994510067,0.600392397788112,0.304751005489933,0.77031791918223,270,0.00116869715198476,18,142191621
155,-1.02454220460947,0.125214981766772,0.358960758377365,0.280843119485792,0.458807131507353,0.641039241622635,0.541192868492647,0.719156880514208,295,2.78556849469385e-16,22,807137959
105,-0.416074572631458,0.254784201925695,0.659631078224919,0.400339463818582,1.0868605238412,0.340368921775081,-0.0868605238412008,0.599660536181418,310,0.102459115391714,17,802793162
180,-0.778882170954169,0.274839212365132,0.45891871736492,0.267788676850887,0.786464878293323,0.54108128263508,0.213535121706677,0.732211323149113,278,0.00459756952737571,17,310407177
5,-0.47641157086675,0.279901415545463,0.621007840908465,0.358793500124137,1.07485430571168,0.378992159091535,-0.0748543057116826,0.641206499875863,268,0.088742401914402,17,964099433
905,-1.28780263928599,0.288001081820656,0.275876317339169,0.156879954493982,0.48513363427538,0.724123682660831,0.51486636572462,0.843120045506018,280,7.76655419814041e-06,21,505690203
805,-1.1991808779645,0.285520807058209,0.30144102780051,0.172252926974892,0.527519008455936,0.69855897219949,0.472480991544064,0.827747073025108,277,2.66941867099571e-05,21,353439437
280,-0.820022163804239,0.275283463920726,0.440421892973205,0.256771719797867,0.755423704615125,0.559578107026795,0.244576295384875,0.743228280202133,280,0.00289352901115228,17,489897159
255,-1.33192508048181,0.27542206082903,0.263968611039642,0.153855350528268,0.452889206484865,0.736031388960358,0.547110793515135,0.846144649471732,301,1.32516635808288e-06,19,934790092
205,-1.48165127635377,0.285310882989202,0.227262105832392,0.129918190377559,0.397542981450691,0.772737894167608,0.602457018549309,0.870081809622441,286,2.06808050430345e-07,19,83375607
830,-1.01837663955753,0.265597658809323,0.361180791129686,0.214608790965089,0.607857503387578,0.638819208870314,0.392142496612422,0.785391209034911,308,0.000125930989752663,19,46319783
880,-0.764534925432661,0.27174270074042,0.465550396283282,0.27331212224507,0.793002409476666,0.534449603716717,0.206997590523334,0.72668787775493,281,0.00490127699559075,18,83234840
355,-0.462480908759004,0.265049619959545,0.629719429522241,0.374572981442185,1.05866300978525,0.370280570477759,-0.0586630097852452,0.625427018557815,290,0.0810050185434208,18,912335247
680,-0.992270491087224,0.27358459621539,0.370733986495439,0.216863653805985,0.633779272508999,0.629266013504561,0.366220727491001,0.783136346194015,293,0.000286817859521499,19,650877101
30,-1.42405259448253,0.272860488256893,0.240736430224938,0.141020596575258,0.41096144992209,0.759263569775062,0.58903855007791,0.858979403424742,314,1.79914165328265e-07,20,897397935
755,-1.12601277906613,0.276705647047509,0.324323832580945,0.188558706248301,0.557841907556791,0.675676167419055,0.442158092443209,0.811441293751699,291,4.71440019468457e-05,18,746202646
730,-0.774290877846663,0.268071428312996,0.461030592117005,0.272613231533302,0.779673112975045,0.538969407882995,0.220326887024955,0.727386768466698,294,0.00387237602864817,19,120394709
405,-0.738297679313101,0.265466290119681,0.477926808115066,0.284050838778694,0.804130820022026,0.522073191884934,0.195869179977974,0.715949161221306,304,0.0054169150321709,16,621385869
980,-0.716688488617192,0.264820569772841,0.488366813433466,0.290623324523566,0.820657271243272,0.511633186566534,0.179342728756728,0.709376675476434,301,0.00680340070927345,21,653661453
630,-0.786783582196667,0.284547020434257,0.455306899870969,0.260673791552729,0.795263581487357,0.544693100129031,0.204736418512643,0.739326208447271,266,0.00569160069252735,19,815387150
930,-1.12807745228919,0.289958909043077,0.323654900648768,0.183344850404228,0.571341352009678,0.676345099351232,0.428658647990322,0.816655149595772,267,0.000100048802377041,21,422162125
705,-0.736622763778878,0.272024097869111,0.478727965898715,0.280893355766218,0.815898491825713,0.521272034101285,0.184101508174287,0.719106644233782,285,0.0067703889580148,19,9742629
480,-0.882349423836176,0.26080304771228,0.413809554683831,0.24820158893212,0.689916403373478,0.586190445316169,0.310083596626522,0.75179841106788,310,0.000716458828914896,19,809449646
605,-0.894617260607002,0.269180484793195,0.408764018797295,0.241182513148246,0.692786640632658,0.591235981202705,0.307213359367342,0.758817486851754,293,0.000889002544657701,19,202816162
955,-0.910044337544176,0.27030969275524,0.40250637749371,0.236965291007661,0.683692464977375,0.59749362250629,0.316307535022625,0.763034708992339,295,0.00076080851495993,17,638328797
580,-0.835796129825125,0.273558566032928,0.433529198481227,0.253609127103209,0.741091490210002,0.566470801518773,0.258908509789998,0.746390872896791,286,0.00224855665444684,20,788281852
305,-1.35901454753658,0.277648261844388,0.256913828613179,0.149091489031898,0.442712831975004,0.743086171386821,0.557287168024996,0.850908510968102,297,9.8438495452371e-07,18,104997124
330,-0.850731837878243,0.282279877109355,0.427102247942755,0.245614945739381,0.742692305016792,0.572897752057245,0.257307694983208,0.754385054260619,270,0.00258007630977533,17,952948196
430,-0.825212429704885,0.279847338469409,0.438141908222109,0.253167707523075,0.75826547397643,0.561858091777891,0.24173452602357,0.746832292476925,273,0.00319015521179161,18,903964668
855,-0.731431617061153,0.266422871003243,0.481219574565328,0.285472136845459,0.811190477304611,0.518780425434672,0.188809522695389,0.714527863154541,297,0.00604411468728768,19,615553487
531,-1.17309512974025,0.286977669561923,0.309407800413571,0.176301262864245,0.543009082302944,0.690592199586429,0.456990917697056,0.823698737135755,269,4.35563040915211e-05,18,538035339
131,-0.861737769755715,0.288190535091372,0.422427362621061,0.240128558360288,0.743122258799584,0.577572637378939,0.256877741200416,0.759871441639712,262,0.00278825144745385,18,655494793
231,-0.452032219477657,0.268756236740404,0.636333667056428,0.37576746761056,1.07758273595184,0.363666332943572,-0.0775827359518382,0.62423253238944,284,0.0925802192780287,17,655094936
556,-0.78977305685427,0.264138711675891,0.453947803935982,0.270502099638285,0.761800403671009,0.546052196064018,0.238199596328991,0.729497900361715,299,0.00278983294356617,18,870759274
56,-0.98696138047783,0.285240291017346,0.372707488370745,0.21309396127183,0.651876153873872,0.627292511629255,0.348123846126128,0.78690603872817,266,0.000539964627714618,21,356422070
181,-0.765524756886104,0.261720212614744,0.465089807847945,0.278458303867388,0.776807609469072,0.534910192152055,0.223192390530928,0.721541696132612,309,0.00344485258746204,18,203509470
656,-1.33263875688194,0.28601467110296,0.263780290079675,0.150586559899532,0.462060103378015,0.736219709920325,0.537939896621985,0.849413440100468,283,3.17229388993459e-06,18,647763930
256,-1.08240178453139,0.272831221822716,0.338780869070912,0.198465270638507,0.578300056625495,0.661219130929088,0.421699943374505,0.801534729361493,285,7.26931686923206e-05,18,98697572
906,-0.615828970718659,0.263280278937096,0.540192905548647,0.322436572897512,0.905010162410585,0.459807094451353,0.0949898375894153,0.677563427102488,307,0.0193322102474304,19,136049899
780,-0.521350440838703,0.28232869821122,0.593718225009546,0.341398616474874,1.0325212631154,0.406281774990454,-0.0325212631153979,0.658601383525127,262,0.0648039697486392,17,475627876
381,-0.925699396530583,0.27664214488787,0.396254183336383,0.23040698423112,0.681478377643622,0.603745816663617,0.318521622356378,0.76959301576888,279,0.000819278656550964,19,835420818
281,-1.13022434207502,0.27513749246786,0.322960794599629,0.18834424161364,0.553792746488035,0.677039205400371,0.446207253511965,0.81165575838636,296,3.99354333764217e-05,21,146424060
506,-0.859406693740467,0.277392434377111,0.42341322152385,0.245837169526739,0.729258136620813,0.57658677847615,0.270741863379187,0.754162830473261,277,0.00194724965460973,20,70244438
31,-1.16262771468469,0.274945292141918,0.31266350998722,0.182407773386091,0.535933686721833,0.68733649001278,0.464066313278167,0.817592226613909,289,2.3517260077813e-05,16,55174866
681,-1.24135465236587,0.290797040287992,0.288992468325751,0.163440482202906,0.510991191553918,0.711007531674249,0.489008808446082,0.836559517797094,265,1.965266320333e-05,19,692014066
81,-0.577503936060687,0.268900344121454,0.561297654317212,0.331363630189863,0.950783453698542,0.438702345682788,0.0492165463014576,0.668636369810137,278,0.0317415370749742,18,623205999
156,-0.431775867322224,0.270686673517328,0.649354902029064,0.382008660750387,1.103801646698,0.350645097970936,-0.103801646698003,0.617991339249613,279,0.110686939624537,17,953483672
756,-0.327201277894541,0.269851674968515,0.7209386194146,0.424815279079211,1.22347881199093,0.2790613805854,-0.223478811990933,0.575184720920789,292,0.225312363753868,18,564462509
406,-1.05669138352472,0.266752225469272,0.347603998141198,0.206074785793896,0.586333447142784,0.652396001858802,0.413666552857216,0.793925214206104,305,7.4536024978184e-05,17,558447606
106,-0.968432285729294,0.282192807252502,0.379677798077052,0.218379692031081,0.660112801753204,0.620322201922948,0.339887198246796,0.781620307968919,272,0.000599565980410405,18,43697121
456,-0.760569127435451,0.26629667516673,0.467400340941282,0.277342792464935,0.787700580824168,0.532599659058718,0.212299419175832,0.722657207535065,295,0.00428884122245509,18,237808930
481,-0.601371249158679,0.26064641503403,0.548059594335913,0.328825246389466,0.91346185319324,0.451940405664087,0.0865381468067599,0.671174753610533,305,0.0210419970070455,19,212782397
806,-1.13148992339823,0.280648507914801,0.322552319983297,0.186085154298631,0.559098868035667,0.677447680016703,0.440901131964333,0.813914845701369,276,5.5375403525777e-05,19,888088474
6,-0.300520249408244,0.277333301038983,0.740432910678133,0.429951214596267,1.27512349448786,0.259567089321867,-0.275123494487861,0.570048785403733,263,0.278539176875705,18,659320908
206,-0.919438944337606,0.266010629725215,0.398742695184419,0.236735878002466,0.671616564014341,0.601257304815581,0.328383435985659,0.763264121997534,299,0.000547443788418374,19,613286331
831,-0.735255506736797,0.281127973798205,0.479382957750406,0.276303270478779,0.83172385105437,0.520617042249594,0.16827614894563,0.723696729521221,261,0.00891291375114608,19,149457553
356,-0.756766110685257,0.270316664242428,0.469181256546428,0.276214639260146,0.796956497614016,0.530818743453572,0.203043502385984,0.723785360739854,283,0.00511732494797774,21,983605760
881,-1.19015158030842,0.292482791950792,0.304175153608477,0.171459649725039,0.539616896576625,0.695824846391523,0.460383103423375,0.828540350274961,270,4.71882677497429e-05,19,661349821
606,-0.612722495314996,0.275570551947804,0.54187361070599,0.315741684965543,0.929959596597422,0.45812638929401,0.0700404034025778,0.684258315034457,268,0.0261842120817675,18,818659814
981,-0.466355837085317,0.263506511050972,0.627284033407154,0.374254546134192,1.05138404498221,0.372715966592846,-0.0513840449822112,0.625745453865808,290,0.0767591903327254,18,848893407
631,-0.543121584631772,0.290671520014106,0.580931990667351,0.328628516549878,1.02694063596124,0.419068009332649,-0.0269406359612396,0.671371483450122,247,0.0616915240727596,21,887745958
931,-1.03211571508174,0.278265837650173,0.356252434021436,0.206489289448443,0.614636221981319,0.643747565978564,0.385363778018681,0.793510710551557,286,0.000207997578016286,18,888146534
706,-0.705846052581239,0.272849301251807,0.493690709214305,0.289204607702931,0.842761525483305,0.506309290785695,0.157238474516695,0.710795392297069,283,0.0096831132408579,17,62517271
731,-0.549763450771156,0.276089439359818,0.577086303556255,0.335917794416296,0.991399108019585,0.422913696443745,0.00860089198041492,0.664082205583704,277,0.0464532682498648,21,85606088
331,-0.746621397768698,0.27772113392351,0.473965190489933,0.275010825123625,0.816851488282964,0.526034809510067,0.183148511717036,0.724989174876375,266,0.00717985099150154,18,682948311
956,-0.575114082087621,0.263564165363641,0.562640677922392,0.335648648938183,0.943142579165486,0.437359322077608,0.0568574208345138,0.664351351061817,310,0.0291047522145461,22,916683977
581,-0.735897111160799,0.280885414237587,0.479075482173315,0.276257353679801,0.830795323861728,0.520924517826685,0.169204676138272,0.723742646320199,277,0.0087950583195171,19,922083430
431,-1.10432569082859,0.295680956066341,0.331434296094086,0.185657868519836,0.591672701529727,0.668565703905914,0.408327298470273,0.814342131480164,259,0.000187822884839977,19,150466047
306,-0.418833306282832,0.289230566106028,0.657813839563177,0.373172388300634,1.15956877059254,0.342186160436823,-0.159568770592541,0.626827611699366,240,0.147590513062677,20,46388405
856,-1.01263442004387,0.281016334699026,0.363260736552888,0.20941940503892,0.63011525935919,0.636739263447112,0.36988474064081,0.79058059496108,271,0.000313994902802375,19,135337812
532,-0.832810037775097,0.286890205181393,0.434825691334393,0.24780713732243,0.76298602165935,0.565174308665607,0.23701397834065,0.75219286267757,256,0.00369739235443456,16,332842080
57,-1.18114779754405,0.265384860014922,0.306926247152733,0.182447546225318,0.516333177070637,0.693073752847267,0.483666822929363,0.817552453774682,312,8.55917392904958e-06,19,608699652
257,-0.881477761380772,0.273826703617396,0.414170414187329,0.242157185098268,0.708371019090321,0.585829585812671,0.291628980909679,0.757842814901732,285,0.00128589996070758,16,929941086
132,-1.07388099695801,0.289213080323722,0.341679882288158,0.193838833905386,0.602279427750961,0.658320117711842,0.397720572249039,0.806161166094614,264,0.000204725006107481,22,226597093
82,-1.03853919015278,0.284379913663322,0.353971389352469,0.202723240211111,0.618063051624653,0.646028610647531,0.381936948375347,0.797276759788889,268,0.000260263820645529,16,810159714
781,-1.1776775575258,0.274384974859162,0.307993205127643,0.179880555997517,0.527348905937937,0.692006794872357,0.472651094062063,0.820119444002483,289,1.7702082219684e-05,19,994898851
507,-1.46602388866445,0.285607120524306,0.230841514424999,0.131887821000539,0.404038859522966,0.769158485575001,0.595961140477034,0.868112178999461,282,2.8514643290668e-07,20,714197131
157,-1.64144836300124,0.302594602662558,0.193699292137805,0.107043189461255,0.350507266866028,0.806300707862195,0.649492733133972,0.892956810538745,253,5.80912551980459e-08,19,531069684
32,-1.05319572874736,0.265204241764209,0.348821227986084,0.207424784128626,0.586604197781242,0.651178772013916,0.413395802218758,0.792575215871374,318,7.14926732726651e-05,18,782954983
232,-1.06758444126694,0.291308672716209,0.343838076159035,0.194263664328514,0.608578156009761,0.656161923840965,0.391421843990239,0.805736335671486,263,0.000247543833497786,19,859579528
107,-1.30593643405192,0.288835744568601,0.270918718709514,0.153808940816342,0.477195615272105,0.729081281290486,0.522804384727895,0.846191059183658,267,6.14375081724953e-06,20,35170282
182,-0.860902712836834,0.302247123192873,0.422780260837483,0.233798373042537,0.76451836096092,0.577219739162516,0.23548163903908,0.766201626957463,242,0.0043947880582345,19,762885531
457,-0.84060165291427,0.263028534767151,0.431450861655502,0.257656466128321,0.722473023170965,0.568549138344498,0.277526976829035,0.74234353387168,306,0.00139416063790896,18,368742134
557,-0.602506053228938,0.267453108852829,0.547438006834236,0.324099563988849,0.924679958338209,0.452561993165764,0.075320041661791,0.675900436011151,281,0.0242746658342809,21,637069806
382,-0.841377695369915,0.280571292776404,0.431116167354623,0.248754870233362,0.747165872893982,0.568883832645377,0.252834127106018,0.751245129766638,271,0.00271043573057341,18,477951863
832,-0.586401988574549,0.286695215235129,0.55632535301915,0.317170978874533,0.975807747323293,0.44367464698085,0.0241922526767074,0.682829021125467,255,0.0408169524102875,16,781331382
282,-0.559345041084652,0.271739180235748,0.571583304860576,0.335563507784354,0.97360847296093,0.428416695139424,0.0263915270390704,0.664436492215646,284,0.0395527709503594,18,792590800
882,-0.653774899042255,0.291413906081554,0.520078821522766,0.293776601432376,0.920706343792227,0.479921178477234,0.0792936562077725,0.706223398567624,249,0.0248672864683013,18,87289396
657,-1.21241690217601,0.273260057116537,0.297477436022312,0.174122401089612,0.508221942660127,0.702522563977688,0.491778057339873,0.825877598910387,298,9.12801754651222e-06,21,19688325
7,-1.43137259969434,0.121225967758409,0.238980672219707,0.188440846975344,0.303075275935561,0.761019327780293,0.696924724064439,0.811559153024656,298,3.57125059757969e-32,20,315713568
682,-1.14141717711077,0.285333005860704,0.319366102628155,0.182563067156093,0.558682043946439,0.680633897371845,0.441317956053561,0.817436932843907,276,6.32626517864825e-05,19,260750433
907,-0.722417711640167,0.263420227384136,0.485576850832741,0.289757222586812,0.813732530839678,0.514423149167259,0.186267469160322,0.710242777413188,303,0.00609820925674124,19,606219211
757,-1.23170202627812,0.269631708901827,0.29179551116288,0.172015538726568,0.494982145015111,0.70820448883712,0.505017854984889,0.827984461273432,304,4.92187716285124e-06,17,996491336
607,-0.821552061959829,0.276901718869421,0.439748607491895,0.255567310410334,0.756664995537089,0.560251392508105,0.243335004462911,0.744432689589666,279,0.0030077514048616,16,603268648
407,-1.37156736879763,0.280839609789017,0.253708992195418,0.146313618463058,0.43993343474768,0.746291007804582,0.56006656525232,0.853686381536942,282,1.04055207694892e-06,17,497201051
807,-0.830882876772049,0.271628072442978,0.435664478429144,0.255824372221313,0.741929066870689,0.564335521570856,0.258070933129311,0.744175627778687,291,0.00222151929297428,17,213037777
632,-1.28067786441653,0.29527308258442,0.27784889272541,0.155765676937406,0.49561629176984,0.72215110727459,0.50438370823016,0.844234323062594,256,1.44266075177429e-05,20,191976530
732,-1.08331434602261,0.279873089025544,0.33847185171595,0.195566359815725,0.585802151821882,0.66152814828405,0.414197848178118,0.804433640184275,279,0.000108508040199131,19,829128936
207,-0.72861015453977,0.274598006792273,0.482579234772697,0.281728240719517,0.826621843940931,0.517420765227303,0.173378156059069,0.718271759280483,285,0.00796924261034242,18,444604907
357,-1.10166281557914,0.286739140465678,0.332318040406192,0.18944411533254,0.582943839588572,0.667681959593808,0.417056160411428,0.81055588466746,263,0.000122016693513094,18,624678144
482,-0.661103373715413,0.282823630564071,0.516281368814843,0.296583196804813,0.898724049969516,0.483718631185157,0.101275950030484,0.703416803195187,266,0.0194126248366386,18,163766533
957,-1.05989020468655,0.28342873697515,0.346493851642689,0.198811066195514,0.603879811741054,0.653506148357311,0.396120188258946,0.801188933804486,286,0.000184364800747539,19,517164063
982,-0.878343511771059,0.276380454408234,0.415470564079158,0.241704530184631,0.714160340662203,0.584529435920842,0.285839659337797,0.758295469815369,281,0.00148282856211029,18,799789185
307,-1.41116568981338,0.303856430222257,0.24385885362577,0.134429773081823,0.442365847448683,0.75614114637423,0.557634152551317,0.865570226918177,247,3.4142036041287e-06,17,595634431
707,-0.924149934985636,0.273266921847053,0.396868639870938,0.232295906732073,0.678034837241761,0.603131360129062,0.321965162758239,0.767704093267927,291,0.000719973423137804,20,601559457
932,-1.09028726305594,0.283131156011517,0.336119925000267,0.192971237102634,0.585458256258664,0.663880074999733,0.414541743741336,0.807028762897366,274,0.000117722754882035,18,770652253
582,-0.635241190804341,0.269520997600114,0.529807688163623,0.312393196576504,0.898534889726834,0.470192311836377,0.101465110273166,0.687606803423496,290,0.0184268919776337,17,815343862
332,-0.780391929306259,0.272763812451523,0.458226383758177,0.268474543926004,0.782090606064937,0.541773616241823,0.217909393935063,0.731525456073996,287,0.00422235455854232,21,544724898
432,-1.1852512145456,0.277179366626095,0.305669381257983,0.17754826520341,0.526244345623961,0.694330618742018,0.473755654376039,0.82245173479659,288,1.90181877344237e-05,18,925320552
857,-0.863704377469596,0.275264510422305,0.421597430054553,0.245805942958083,0.723108607097078,0.578402569945447,0.276891392902922,0.754194057041917,287,0.00170264451445769,20,939785468
133,-1.59311375954012,0.306644495279407,0.203291623970161,0.11145593964139,0.370796608143062,0.796708376029839,0.629203391856938,0.88854406035861,258,2.04377020634805e-07,19,680150178
508,-1.24373417439099,0.284779601931461,0.288305621889472,0.164986448673096,0.503799750110198,0.711694378110528,0.496200249889802,0.835013551326904,277,1.25759107947455e-05,18,915446164
233,-0.830007875651926,0.271520092048158,0.436045852162657,0.256102512002806,0.742421398764626,0.563954147837343,0.257578601235374,0.743897487997194,286,0.00223644074806404,19,143230190
533,-1.16151211986592,0.278984481612563,0.313012510414317,0.181171414204425,0.540796306669662,0.686987489585683,0.459203693330338,0.818828585795575,284,3.13601841511099e-05,19,757311704
158,-0.54115598494788,0.277675713723235,0.582074993379447,0.337769900449776,1.00308315651134,0.417925006620553,-0.00308315651134161,0.662230099550224,268,0.0513100409601486,17,878239331
383,-0.8584225963455,0.274583115624592,0.423830106466194,0.247437905892673,0.725967828167206,0.576169893533806,0.274032171832794,0.752562094107327,289,0.00177035333099422,20,487274212
283,-1.02133962880918,0.28492835715047,0.360112200221147,0.206018574455378,0.629461673982233,0.639887799778853,0.370538326017767,0.793981425544622,270,0.000337661301422755,18,911034676
83,-0.575263697291884,0.274508346565014,0.562556504619399,0.328476437882522,0.963447554806899,0.437443495380601,0.0365524451931014,0.671523562117478,275,0.0361163935341566,19,701566873
58,-0.79805708597832,0.266579783355185,0.450202820300774,0.26699005716412,0.759139053939303,0.549797179699226,0.240860946060697,0.73300994283588,291,0.00275626328217023,18,716258017
258,-0.948410290423098,0.276015021970067,0.387356318303745,0.225510221552,0.665357500414826,0.612643681696255,0.334642499585174,0.774489778448,289,0.00059019198151491,19,674200160
658,-0.695535533555746,0.273370500897057,0.498807248424976,0.291903541169088,0.85236605929755,0.501192751575024,0.14763394070245,0.708096458830912,279,0.0109498180339258,18,327544344
183,-0.897949921558372,0.277936298449627,0.407404014389072,0.236290084652005,0.70243332971324,0.592595985610928,0.29756667028676,0.763709915347995,281,0.00123454650406632,18,329647654
808,-1.06718474091808,0.284389664719203,0.343975535827535,0.196994741923671,0.600620951059111,0.656024464172465,0.399379048940889,0.803005258076329,276,0.000175049068949752,19,601310440
108,-1.32078125451985,0.287190930019301,0.266926682806718,0.15203186620177,0.468650788642156,0.733073317193282,0.531349211357844,0.84796813379823,270,4.24593547197084e-06,17,50096849
408,-0.798755477158228,0.268685844107145,0.449888512389617,0.265704615634991,0.761746923727465,0.550111487610383,0.238253076272535,0.734295384365009,297,0.00295074486647011,19,697466307
33,-0.844717795557861,0.267188574773073,0.429678598311823,0.254514421345143,0.725395821861299,0.570321401688177,0.274604178138701,0.745485578654857,292,0.00156956566578285,18,207425125
483,-0.994915139574534,0.286764858248168,0.369754820764148,0.210775027695989,0.648647180706453,0.630245179235852,0.351352819293547,0.789224972304011,272,0.000521533240247988,17,757471049
833,-1.23434824480756,0.29042795312676,0.291024377218888,0.164708740656509,0.514211861483835,0.708975622781112,0.485788138516165,0.835291259343491,267,2.13673780610366e-05,17,498849772
782,-1.06753689589442,0.282365793418061,0.343854424457091,0.197708079639335,0.598032540877476,0.656145575542909,0.401967459122524,0.802291920360666,276,0.000156395726483751,19,593889589
358,-1.03145665917237,0.282007661908861,0.356487301680264,0.205115607478485,0.619568631668393,0.643512698319735,0.380431368331607,0.794884392521515,280,0.000254639233786088,17,466933945
208,-0.62167086257701,0.27069883229575,0.53704635685907,0.315931195603898,0.912916462283161,0.46295364314093,0.087083537716839,0.684068804396102,294,0.0216449897268178,18,341341360
458,-0.379039168200731,0.258487385520547,0.684518800771402,0.412439754207887,1.13608347359586,0.315481199228598,-0.136083473595859,0.587560245792113,303,0.142546439499674,19,361373113
983,-1.00114001450892,0.289304742576462,0.367460292234304,0.208426901713817,0.647838955809651,0.632539707765696,0.352161044190349,0.791573098286183,258,0.000539166638352954,19,832584237
558,-0.71977752006605,0.268755262483862,0.486860560617088,0.28750122577459,0.82445980828696,0.513139439382912,0.17554019171304,0.71249877422541,293,0.0074021328298516,21,583929699
8,-0.639647301047241,0.281073886466483,0.527478432329342,0.304056422181449,0.915071928349472,0.472521567670658,0.0849280716505278,0.695943577818551,258,0.02286238229854,20,155860923
883,-1.05311335137151,0.272252295671519,0.348849964147076,0.20459598576049,0.594812733168087,0.651150035852924,0.405187266831913,0.79540401423951,302,0.000109663153902799,20,556465342
758,-0.63561187671382,0.276251203739475,0.529611332314308,0.308185228132954,0.910128512696695,0.470388667685692,0.0898714873033046,0.691814771867046,278,0.0214002555113362,20,153015302
908,-0.719933958774851,0.272425461696463,0.486784402736794,0.285395867942439,0.830282009533541,0.513215597263206,0.169717990466459,0.714604132057561,290,0.00822521616715781,20,627197247
733,-1.15178855639176,0.294981624757606,0.316070952809569,0.177294707476162,0.563473375105573,0.683929047190431,0.436526624894427,0.822705292523838,252,9.4376988930341e-05,20,47124411
683,-1.24480378574666,0.118694923601089,0.287997411784296,0.228220831138377,0.363430931263952,0.712002588215704,0.636569068736048,0.771779168861623,289,9.86839573693848e-26,19,745199882
708,-0.616495302223909,0.271673769702414,0.539833077892333,0.31696430740379,0.919408732086233,0.460166922107667,0.0805912679137671,0.68303569259621,273,0.0232532166496283,18,702399536
933,-0.933566309390084,0.266445329619444,0.393149115867397,0.233216153207023,0.662759526652981,0.606850884132603,0.337240473347019,0.766783846792977,306,0.000458700960048395,19,530825522
633,-0.848852954620066,0.27046495273433,0.427905477556985,0.25184171067772,0.727056281624401,0.572094522443015,0.272943718375599,0.74815828932228,291,0.00169817719164906,20,336932654
608,-1.64159423469902,0.285436980709965,0.193671038953921,0.110687934636649,0.338866846261238,0.806328961046079,0.661133153738762,0.889312065363351,288,8.86322845360777e-09,19,43132596
958,-0.956191400517588,0.296182207729146,0.384353952164306,0.215090187830763,0.686818687705815,0.615646047835694,0.313181312294185,0.784909812169237,246,0.00124489533273611,21,686085058
583,-1.10223138630428,0.276322315309111,0.33212914780147,0.193241771412353,0.570838126835136,0.667870852198529,0.429161873164864,0.806758228587647,295,6.63709765320317e-05,21,565380849
308,-1.02803010043549,0.266508905228627,0.357710921563884,0.212167768538013,0.603093977411359,0.642289078436116,0.396906022588641,0.787832231461987,307,0.000114601914972351,19,164203447
333,-1.02234709687462,0.275133409976376,0.359749581373572,0.209800401064119,0.616870895584738,0.640250418626428,0.383129104415262,0.790199598935881,293,0.000202543210213001,22,802743813
433,-0.594185981689702,0.285288752175788,0.552011730685112,0.31558044251479,0.965576156702713,0.447988269314888,0.034423843297287,0.68441955748521,252,0.0372737509721612,18,344910403
534,-1.24907607989102,0.279955904328067,0.286769626725309,0.165666330681795,0.496400315463799,0.713230373274691,0.503599684536201,0.834333669318205,293,8.13163164497658e-06,18,283246402
858,-1.45295573562383,0.270315233788453,0.233877983974978,0.137688160364306,0.397266629487049,0.766122016025022,0.602733370512951,0.862311839635694,309,7.65648316253742e-08,18,852302785
234,-0.724765686350172,0.290830935887489,0.484438066109263,0.273957074772843,0.856631426986406,0.515561933890737,0.143368573013594,0.726042925227157,242,0.0127007600246321,18,714611824
134,-1.06604344011332,0.290708621836204,0.344368339494326,0.194792211830817,0.608800280727229,0.655631660505674,0.391199719272771,0.805207788169183,267,0.000245363549536029,21,934893152
84,-0.868531779015472,0.281496819487957,0.419567114486065,0.241652289334461,0.728470498015923,0.580432885513935,0.271529501984077,0.758347710665539,269,0.0020327494442504,22,427633179
184,-0.885049647527921,0.270129471361641,0.412693683549245,0.243048642066695,0.700748932366829,0.587306316450755,0.299251067633171,0.756951357933305,289,0.0010514305595863,17,910689276
809,-1.19506003292476,0.284826063298234,0.30268578252389,0.173199900237898,0.52897653414498,0.69731421747611,0.47102346585502,0.826800099762102,274,2.7196556740121e-05,20,377374184
509,-0.953870476526401,0.262512816582659,0.385247044471773,0.230296851739204,0.644452080666334,0.614752955528227,0.355547919333666,0.769703148260796,310,0.000279477925084281,18,124596814
109,-0.657505469770897,0.268141179672882,0.518142245208033,0.306342192803016,0.87637743861765,0.481857754791967,0.12362256138235,0.693657807196983,283,0.0142030363137915,18,591937057
34,-0.150278490671532,0.262997842482134,0.8604683106566,0.513890644554004,1.44078457448239,0.1395316893434,-0.440784574482392,0.486109355445996,289,0.567724603323295,18,355047352
834,-0.90716889984415,0.282687705414934,0.403665425092039,0.231951583401571,0.702499086340072,0.596334574907961,0.297500913659928,0.768048416598429,264,0.00133158079670898,21,203940441
159,-1.23848982762141,0.293459190633602,0.289821568145764,0.163056376121751,0.515138036060309,0.710178431854236,0.484861963939691,0.836943623878249,259,2.43962652963258e-05,19,303618737
209,-1.19471289127539,0.292890803535862,0.302790875605715,0.170542914222576,0.537590874226652,0.697209124394285,0.462409125773348,0.829457085777424,259,4.52223298538944e-05,19,963590575
409,-1.19011695846637,0.293014112472854,0.304185684894905,0.17128712005643,0.54019783194731,0.695814315105096,0.45980216805269,0.82871287994357,264,4.87298093488736e-05,17,966038965
559,-0.490759690301594,0.267277358443889,0.612161164591833,0.362542457744119,1.03364801399046,0.387838835408167,-0.0336480139904611,0.637457542255881,290,0.0663363776493848,19,150358926
259,-1.26738027828257,0.280707903140295,0.281568286984505,0.162421956769103,0.4881156575899,0.718431713015494,0.511884342410101,0.837578043230897,281,6.3333696048226e-06,18,684715121
284,-0.625377624656842,0.254156753199457,0.535059338765163,0.32513470442963,0.880522725194892,0.464940661234837,0.119477274805108,0.67486529557037,324,0.0138705645294383,20,195738206
59,-0.451821371455383,0.290252968023778,0.636467850897335,0.3603401850731,1.12419136695424,0.363532149102665,-0.12419136695424,0.6396598149269,249,0.119554351549542,20,743765703
384,-0.543285684499309,0.263237600974213,0.580836667626097,0.346725491883242,0.97302114311398,0.419163332373903,0.0269788568860195,0.653274508116758,296,0.0390309456472392,22,363328233
659,-1.04582899409331,0.281226750429304,0.351400389750548,0.202498399448668,0.609793629248607,0.648599610249452,0.390206370751393,0.797501600551332,267,0.000200163135492094,16,103166200
734,-0.949026123749699,0.281506671503931,0.387117844811163,0.222958625345092,0.67214365687485,0.612882155188837,0.32785634312515,0.777041374654908,270,0.000748310485911941,19,921582178
759,-0.8156484267703,0.287684684152714,0.442352401207256,0.251704362056051,0.777402684861896,0.557647598792745,0.222597315138104,0.748295637943949,262,0.00457946082076094,19,849007236
984,-0.703472116387408,0.263295474589112,0.494864091673955,0.295371390421588,0.829093396211301,0.505135908326045,0.170906603788699,0.704628609578412,300,0.00754462255999747,21,967346930
684,-1.03635598158997,0.282917531314806,0.354745026919484,0.203749464810413,0.617641053640078,0.645254973080516,0.382358946359922,0.796250535189587,272,0.000249178545317631,19,411832828
909,-0.683234214173711,0.272254952176465,0.50498113129671,0.296163351100365,0.861031393716531,0.49501886870329,0.138968606283469,0.703836648899635,281,0.0120889125000587,20,6450988
609,-0.951598591990798,0.282508836894926,0.386123276246318,0.221949425168653,0.671734942975861,0.613876723753682,0.328265057024139,0.778050574831347,271,0.00075609870791278,17,840150781
634,-0.604035170339691,0.290608092816838,0.546601549694355,0.309246506061585,0.966132998342661,0.453398450305645,0.0338670016573388,0.690753493938415,255,0.0376613523319137,19,495083743
959,-0.84529968515658,0.264380210993967,0.429428645534186,0.255770332222322,0.720994338956534,0.570571354465814,0.279005661043466,0.744229667777678,300,0.00138726326272764,19,579766869
783,-0.794053722650583,0.271538091139691,0.452008758262546,0.265468629466782,0.769627349025864,0.547991241737454,0.230372650974136,0.734531370533218,287,0.003452527526898,19,946635473
359,-0.518922117281666,0.265545590980941,0.595161716884914,0.353673215636114,1.00153886012631,0.404838283115086,-0.00153886012630577,0.646326784363886,302,0.0506807197937951,18,443351939
484,-0.878371302076722,0.268855107532776,0.415459018185621,0.245289132915251,0.703684642447641,0.584540981814379,0.296315357552359,0.754710867084749,294,0.00108662744413011,20,327362070
459,-0.73429260955396,0.270980298371566,0.479844776556255,0.282125228228578,0.816130521307979,0.520155223443745,0.183869478692021,0.717874771771422,286,0.00673311333064757,19,487368371
884,-0.970383716403105,0.270040079403114,0.378937605627737,0.223207700992515,0.643318793752988,0.621062394372263,0.356681206247012,0.776792299007485,287,0.000326290278614972,19,915007089
934,-1.01332652780643,0.277380727615548,0.363009407960552,0.21077105880465,0.625208370709021,0.636990592039448,0.374791629290979,0.78922894119535,288,0.000258995058615356,21,163355990
9,-0.980564800382669,0.277676159016551,0.375099182849901,0.217664569883599,0.646404681523988,0.624900817150099,0.353595318476012,0.782335430116401,279,0.000413483150304569,22,273609131
709,-0.889673217555106,0.2722092260927,0.410789969771928,0.240943335159646,0.700365499437498,0.589210030228072,0.299634500562502,0.759056664840354,295,0.00108179038008584,21,426084726
309,-0.698804886041147,0.27965941285336,0.497179134596794,0.287386504635328,0.860120735982641,0.502820865403206,0.139879264017359,0.712613495364672,276,0.0124624745030713,19,558541230
584,-0.658861931141931,0.271302663630202,0.517439881739859,0.304037150099703,0.880629328117165,0.482560118260141,0.119370671882835,0.695962849900297,289,0.015160899212658,20,230244554
334,-0.655907134777875,0.26677739205629,0.518971072285124,0.307653473602823,0.875436154562891,0.481028927714876,0.124563845437109,0.692346526397177,292,0.0139467929638583,19,651810584
434,-0.693465297329701,0.276096907874307,0.49984096691201,0.290949579540674,0.858708895877974,0.50015903308799,0.141291104122026,0.709050420459326,283,0.0120160190433431,21,350913723
535,-1.00657550367255,0.288062215322821,0.365468384199234,0.207802520484846,0.642759960454567,0.634531615800766,0.357240039545433,0.792197479515154,273,0.000475308411886089,19,150525314
235,-1.04613376528053,0.265561684032683,0.351293309354912,0.208748499842883,0.591175454148938,0.648706690645088,0.408824545851062,0.791251500157117,300,8.17111988909967e-05,19,767981074
135,-0.920871641723844,0.270346046664106,0.398171826605855,0.234396733595706,0.676378041069884,0.601828173394145,0.323621958930116,0.765603266404294,291,0.000658570022463231,18,617813052
160,-1.6838500350304,0.300714433114422,0.185657809221204,0.102978042450994,0.334720114156571,0.814342190778796,0.665279885843429,0.897021957549006,263,2.14972719840546e-08,20,309313103
560,-0.85853650861595,0.298683786749813,0.423781829766188,0.235994690188331,0.760996101635419,0.576218170233812,0.239003898364581,0.764005309811669,252,0.00404796656033124,18,331034137
260,-0.803844701971918,0.291418649328078,0.447604744841377,0.252835864152903,0.792411346688348,0.552395255158623,0.207588653311652,0.747164135847097,250,0.00580878183571375,19,752228443
510,-0.928029546792441,0.289824439569404,0.395331926463157,0.224007664725494,0.697687430796577,0.604668073536843,0.302312569203423,0.775992335274506,255,0.00136457887597643,19,110827110
85,-1.01869573610366,0.274769370893031,0.361065557972938,0.210718152810961,0.618685838952209,0.638934442027062,0.381314161047791,0.789281847189039,289,0.000209350623167416,19,667805807
185,-1.2868802145914,0.285115688032751,0.276130909870101,0.157915263850299,0.482842997735624,0.723869090129899,0.517157002264377,0.842084736149701,279,6.37553129853478e-06,20,561758740
285,-0.390822331072347,0.263359877528715,0.676500338452322,0.4037343341756,1.13354914156757,0.323499661547678,-0.133549141567572,0.5962656658244,283,0.137812675173042,18,135752483
410,-1.20600849186666,0.287050602272495,0.299389914919766,0.170568665340698,0.525502858198645,0.700610085080234,0.474497141801355,0.829431334659302,271,2.6529354156774e-05,22,755470366
835,-0.940849283326571,0.292256219163362,0.39029622248763,0.220102716778223,0.692091145070251,0.60970377751237,0.307908854929749,0.779897283221777,255,0.00128521086890174,18,837452262
660,-0.563571068945833,0.274756693320305,0.569172874749037,0.332178005579442,0.97525349634447,0.430827125250963,0.0247465036555302,0.667821994420558,270,0.0402509675015755,20,318221092
810,-1.19210278955007,0.284321684527542,0.303582222891741,0.173884663804742,0.530018944967919,0.696417777108259,0.469981055032081,0.826115336195258,280,2.75537343181283e-05,19,655739049
110,-1.13795795045179,0.288731541990547,0.320472775376716,0.181979474824605,0.564364744192396,0.679527224623284,0.435635255807604,0.818020525175395,269,8.10642223610522e-05,18,836382772
35,-1.16760187081043,0.295198595632452,0.311112134464458,0.174438944548868,0.554868985600379,0.688887865535542,0.445131014399621,0.825561055451132,256,7.64355679790675e-05,19,141589952
360,-0.80451604777279,0.270771494068487,0.447304348121798,0.263100701622535,0.760473760103152,0.552695651878202,0.239526239896848,0.736899298377465,288,0.00296639300383827,20,221396589
859,-0.929423983080403,0.282843354438604,0.394781045452606,0.226777306638805,0.687247221331908,0.605218954547394,0.312752778668092,0.773222693361195,274,0.00101620091091011,20,200227293
760,-1.00270118761213,0.288494191233632,0.366887070675034,0.208432629017016,0.645801587128271,0.633112929324966,0.354198412871729,0.791567370982984,265,0.000509640935231246,18,687366627
885,-0.574416712831532,0.266309512701112,0.563033183078008,0.334080343187797,0.948892599373183,0.436966816921992,0.0511074006268173,0.665919656812203,296,0.0310094406877336,19,599821454
735,-1.00833419413295,0.286322345966164,0.364826203302595,0.208145967163104,0.639446252215349,0.635173796697405,0.360553747784651,0.791854032836896,273,0.000428829824920039,21,497250290
385,-0.633616532002029,0.279282926926359,0.530669144484542,0.306971303325224,0.917381324760514,0.469330855515458,0.0826186752394862,0.693028696674776,265,0.0232849729237549,18,812514396
985,-0.835522235249453,0.28829813138386,0.433647956039869,0.24645491826904,0.763022101966221,0.566352043960131,0.236977898033779,0.75354508173096,259,0.0037540835683892,20,301865432
210,-0.689456730606075,0.271511720739466,0.5018486340245,0.294755250997017,0.854444664243847,0.4981513659755,0.145555335756153,0.705244749002983,281,0.0111066325319452,20,183331348
60,-0.642477198510742,0.259390795999932,0.525987832568649,0.316360207766061,0.874519592599487,0.474012167431351,0.125480407400513,0.683639792233939,300,0.0132540285782074,18,472368916
935,-0.891733573894497,0.284028962587482,0.409944467370768,0.234941175984344,0.715304440031838,0.590055532629232,0.284695559968162,0.765058824015656,271,0.00169186300604036,18,514560885
685,-0.948040451604454,0.279594347331198,0.387499604201611,0.224016559693919,0.67028947976689,0.612500395798389,0.32971052023311,0.775983440306081,271,0.000696962679596176,21,709488455
610,-0.606678810960639,0.280023853886821,0.545158440006277,0.314895173087383,0.943798921387741,0.454841559993723,0.0562010786122594,0.685104826912617,269,0.0302710559039828,19,512370757
910,-1.12161355875651,0.300213284590644,0.325753747521441,0.180862033499115,0.586720728343366,0.674246252478559,0.413279271656634,0.819137966500885,257,0.000186929265269473,19,32552375
960,-0.859993413567508,0.274274113451456,0.423164869455416,0.247199197979339,0.724389513416568,0.576835130544584,0.275610486583432,0.752800802020661,284,0.00171546648479764,16,127977540
485,-0.749733572274301,0.282067890602382,0.472492421054018,0.271830524368705,0.821280422689679,0.527507578945982,0.178719577310321,0.728169475631295,262,0.00786082753022776,19,380254127
10,-0.779982215830627,0.280009763077265,0.458414163747862,0.26479713703432,0.793602030136056,0.541585836252138,0.206397969863944,0.73520286296568,272,0.00534363974050953,19,620573190
784,-0.863534687016784,0.280633683467194,0.421668977183624,0.243274072835197,0.730882351114887,0.578331022816376,0.269117648885113,0.756725927164803,270,0.00209033212515917,19,213503882
635,-0.960860123547063,0.275605322001962,0.382563692381758,0.222898976885072,0.656597803964915,0.617436307618242,0.343402196035085,0.777101023114928,288,0.000489636594602926,19,340742157
460,-0.758223400993923,0.281225745720874,0.468498021205291,0.269977749096814,0.812994391602857,0.531501978794709,0.187005608397143,0.730022250903186,273,0.00701486121945998,20,748354640
710,-0.699150844057985,0.271571392922909,0.497007161238872,0.291877526813883,0.846300573460157,0.502992838761128,0.153699426539843,0.708122473186117,287,0.0100395459421115,22,378130540
585,-0.674270497144311,0.267183334437278,0.509527987183336,0.301815248147421,0.860191031820536,0.490472012816664,0.139808968179464,0.698184751852579,289,0.0116151813973788,18,481211945
335,-1.30697388620466,0.288666686535435,0.270637799247018,0.15370037396592,0.476542876841081,0.729362200752982,0.523457123158919,0.84629962603408,269,5.96509228601608e-06,19,424040117
435,-1.21000056381278,0.282055862769833,0.298197111302499,0.171560398510914,0.518310274171448,0.701802888697501,0.481689725828552,0.828439601489086,282,1.78727570627993e-05,17,777393338
161,-0.78329412537119,0.267331743914671,0.456898448846195,0.270561806931155,0.771565635689215,0.543101551153805,0.228434364310785,0.729438193068845,302,0.00338912570293985,19,665843671
536,-1.00134345479218,0.285071104354369,0.367385543612063,0.210120825885968,0.642354878846612,0.632614456387937,0.357645121153388,0.789879174114032,265,0.000443729202695738,19,768975355
310,-0.553971580516948,0.283409243637939,0.574662951981424,0.329742414667183,1.00150145595714,0.425337048018576,-0.00150145595713558,0.670257585332817,266,0.0506220189520656,19,964181560
86,-0.417923113975192,0.271020158019603,0.658412849225446,0.387084268041708,1.11993050561915,0.341587150774554,-0.119930505619152,0.612915731958292,280,0.123064600369471,18,645105162
136,-0.713966012636642,0.267197609980381,0.489698191853287,0.290061095238655,0.826737273770113,0.510301808146713,0.173262726229887,0.709938904761345,292,0.00753888771013107,18,381631256
511,-0.69943958589005,0.255347951846081,0.496863675196794,0.301220605200988,0.819577105508239,0.503136324803206,0.180422894491761,0.698779394799012,321,0.00615958823480687,20,473759184
836,-0.925268813771153,0.272259009671126,0.396424840294414,0.232494974976381,0.675940002653463,0.603575159705586,0.324059997346537,0.767505025023619,288,0.000677595842522112,18,356315136
236,-1.20049329164308,0.284986307762286,0.30104567196429,0.172207317974319,0.526275524608927,0.69895432803571,0.473724475391073,0.827792682025681,268,2.52604969541144e-05,20,634064427
186,-0.869102913866724,0.283202022109251,0.419327553501869,0.240708486423652,0.730491889747452,0.580672446498131,0.269508110252548,0.759291513576348,270,0.00214888547756265,20,369875330
286,-0.388099962841585,0.283122745262629,0.678344530627933,0.389453678316435,1.1815302508427,0.321655469372067,-0.181530250842702,0.610546321683564,252,0.170442483360049,18,209434920
261,-0.551060204016373,0.263896314449789,0.576338450014899,0.343596431004523,0.966733001255196,0.423661549985101,0.0332669987448044,0.656403568995477,293,0.0367825581194941,18,503905474
986,-0.867757717374394,0.280905993999562,0.419892011023998,0.242119626966897,0.728190866351709,0.580107988976002,0.271809133648291,0.757880373033103,276,0.00200737362417085,20,433539489
386,-0.73629682915592,0.2635500692608,0.478884025348987,0.285690713962471,0.802720909453761,0.521115974651013,0.197279090546239,0.714309286037529,311,0.00520984028378898,20,170000719
561,-0.699170091464595,0.2820832440142,0.496997595232012,0.285920039227188,0.863901006498304,0.503002404767988,0.136098993501696,0.714079960772812,269,0.0131901015587169,19,830966650
811,-0.380277615835945,0.266216977785136,0.683671584805917,0.405735704956894,1.15199828400779,0.316328415194083,-0.151998284007792,0.594264295043106,280,0.153162404567428,19,322841736
686,-0.919586660535001,0.282116113668436,0.398683798779831,0.229345866039151,0.693052698767124,0.601316201220169,0.306947301232876,0.770654133960849,268,0.00111568080243215,19,665047223
111,-0.761305796181927,0.27355320749565,0.467056148511487,0.273224840625332,0.798395363185579,0.532943851488513,0.201604636814421,0.726775159374668,284,0.00538544250917866,19,492563142
486,-0.613417950450726,0.269657681964714,0.541496892930847,0.319200037713598,0.918605421083477,0.458503107069153,0.081394578916523,0.680799962286402,298,0.0229177843513832,18,901119788
661,-1.09533629771001,0.288514696695952,0.334427120960334,0.189984134632076,0.588688626291929,0.665572879039666,0.411311373708071,0.810015865367924,263,0.000146773356526065,17,90713516
411,-0.957152635589689,0.267399468656695,0.383984675174816,0.227354236722449,0.648522028419934,0.616015324825184,0.351477971580066,0.772645763277551,303,0.000344270783496197,18,308576389
361,-1.26003350927823,0.292681863950372,0.283644521617326,0.159824423157508,0.503391240550475,0.716355478382674,0.496608759449525,0.840175576842492,263,1.6688761028727e-05,21,336484545
611,-0.96203221950072,0.269113550550278,0.382115553707969,0.225488732882744,0.647536994504623,0.617884446292031,0.352463005495377,0.774511267117256,290,0.000350470338202313,20,537976237
785,-1.01810391649949,0.280877348227108,0.361279306892698,0.208333857254014,0.62650756487327,0.638720693107302,0.37349243512673,0.791666142745986,274,0.000289266018851477,19,545770328
736,-0.427538393957747,0.270410180295863,0.652112364340932,0.383838799158489,1.10788835484745,0.347887635659068,-0.107888354847453,0.616161200841511,283,0.113861212998886,19,413445909
860,-1.38605101721897,0.290640827315682,0.250060843377861,0.141465901293863,0.442017651030651,0.749939156622139,0.557982348969349,0.858534098706137,272,1.85190371340526e-06,17,197709340
761,-1.19041389335335,0.277420789296975,0.304095374961687,0.176550442729631,0.523782300646528,0.695904625038313,0.476217699353472,0.823449557270369,289,1.77866600006542e-05,17,945809311
36,-0.473235549940607,0.268013792247616,0.622983310211849,0.368419542110273,1.0534408749858,0.377016689788151,-0.0534408749857964,0.631580457889727,290,0.0774439400339479,21,530002360
211,-0.847475385603898,0.283732473271523,0.428495353088561,0.245715525043605,0.74723918069852,0.571504646911439,0.25276081930148,0.754284474956395,272,0.00281838586467888,17,740848530
961,-0.903739077907437,0.289013685451482,0.405052302634056,0.229880540887832,0.7137070725321,0.594947697365944,0.2862929274679,0.770119459112168,266,0.00176613887414573,18,776418182
911,-0.641898357618999,0.268639402484088,0.526292383969598,0.310857114490015,0.891032118981147,0.473707616030402,0.108967881018853,0.689142885509985,288,0.0168739731750237,20,698039484
886,-0.561119808206574,0.272256347326453,0.570569777257437,0.334629127160625,0.972867704260947,0.429430222742563,0.0271322957390532,0.665370872839375,287,0.0393032235731018,19,317461708
936,-0.835553310184229,0.268569329462336,0.433634480667294,0.256163459835918,0.73405810080813,0.566365519332706,0.26594189919187,0.743836540164082,292,0.00186374722513237,20,772803171
461,-0.870015232193321,0.275299727014475,0.418945167745251,0.244242722915076,0.718609142095601,0.581054832254749,0.281390857904399,0.755757277084924,279,0.00157635253482608,19,420476624
61,-0.537666937912692,0.269853757988855,0.58410942746362,0.344186855439228,0.991274994556322,0.41589057253638,0.00872500544367771,0.655813144560772,292,0.0463229987015298,19,331833199
11,-1.05454670000913,0.283593478201168,0.348350298709166,0.199811730449257,0.607311344223518,0.651649701290834,0.392688655776482,0.800188269550743,273,0.000200397121981599,16,848833380
711,-0.864152885724971,0.269782687629208,0.421408382524586,0.248349751724167,0.715060206942446,0.578591617475414,0.284939793057554,0.751650248275833,290,0.00135935836370855,18,449616705
636,-1.21551014116993,0.277991962824539,0.296558688902162,0.171982186172365,0.511373055086222,0.703441311097838,0.488626944913778,0.828017813827636,281,1.22851489502556e-05,20,221361001
586,-0.991628299082662,0.260382026665958,0.370972145361061,0.222691540043648,0.617986352812568,0.629027854638939,0.382013647187432,0.777308459956352,330,0.000139891937351136,18,259038899
336,-0.946624995518489,0.301187085156072,0.388048481238718,0.215037932747489,0.700256098390316,0.611951518761282,0.299743901609684,0.784962067252511,237,0.00167237246169169,18,211273585
537,-0.432008067511736,0.259930285235379,0.649204139202008,0.390057129353618,1.08052380700092,0.350795860797992,-0.080523807000916,0.609942870646382,293,0.0965097403273768,19,273263854
436,-0.469164096437023,0.274165006202501,0.625524928321888,0.365489534195201,1.07056809934023,0.374475071678112,-0.0705680993402311,0.634510465804799,281,0.0870354906653742,24,569471108
311,-1.22098014578663,0.273674453150844,0.294940940085207,0.172497554840136,0.504297920158721,0.705059059914793,0.495702079841279,0.827502445159863,302,8.14135270471166e-06,19,616467114
137,-0.907346847667468,0.277276558724784,0.403593600099035,0.234382960853685,0.694964315868438,0.596406399900965,0.305035684131562,0.765617039146315,271,0.00106656225608044,22,836541580
512,-1.2078340658369,0.27483753807001,0.298843855072112,0.174382216545832,0.512137369758052,0.701156144927888,0.487862630241948,0.825617783454168,289,1.10915549364162e-05,20,449345409
162,-0.978419056998389,0.281519160432822,0.375904913576492,0.216495293153875,0.652690882986156,0.624095086423508,0.347309117013844,0.783504706846124,274,0.000509907294269992,21,911355080
87,-0.853875456089062,0.284259281783921,0.425761709712408,0.243895991073889,0.743239085886883,0.574238290287592,0.256760914113117,0.756104008926111,269,0.00266576821208536,18,265563749
187,-1.37953216299754,0.303793254547827,0.251696278351881,0.138767417783779,0.456526593547326,0.748303721648119,0.543473406452674,0.861232582216221,262,5.59819173713341e-06,21,105309666
112,-1.01432510934819,0.274870463746461,0.362647094396206,0.211599208679462,0.621518936175376,0.637352905603794,0.378481063824624,0.788400791320538,281,0.000224083821284265,19,555768625
812,-0.902165706289123,0.272365444804344,0.405690102047128,0.237879230555756,0.691882425020844,0.594309897952872,0.308117574979156,0.762120769444244,292,0.000925205499211414,20,647105966
837,-0.598466266414951,0.269532949397193,0.54965401275773,0.324087693817739,0.932215383378863,0.45034598724227,0.0677846166211372,0.675912306182261,295,0.0263928083155154,19,821565123
237,-0.563685921412138,0.272606859407884,0.56910750759448,0.333542312440349,0.971041283580248,0.43089249240552,0.0289587164197518,0.666457687559651,280,0.0386624718948689,19,433621006
737,-1.16964085409679,0.289417081072446,0.31047842829979,0.176067486836008,0.547499462687812,0.68952157170021,0.452500537312188,0.823932513163992,267,5.31403499801928e-05,18,292681409
662,-0.940314891190707,0.277241892044003,0.390504849458926,0.226797208682039,0.672380574422015,0.609495150541074,0.327619425577985,0.773202791317961,277,0.000694663312029046,18,441056164
487,-1.16844630970401,0.269536715215766,0.310849530170094,0.18328214013617,0.527205925984814,0.689150469829906,0.472794074015186,0.816717859863829,304,1.45748693376338e-05,18,526996979
262,-0.818732667021468,0.274925993571529,0.440990181911889,0.25728323664289,0.755868680292644,0.559009818088111,0.244131319707356,0.74271676335711,280,0.00290125455102391,19,501891461
287,-0.860629488903181,0.27424194482631,0.42289579030541,0.247057586991711,0.723883251818683,0.57710420969459,0.276116748181317,0.752942413008289,292,0.00169981618020103,20,166919983
786,-0.706529150272903,0.258438681038869,0.493353585387807,0.297286292305638,0.81873186391241,0.506646414612193,0.18126813608759,0.702713707694362,309,0.00626010833859407,17,308727327
962,-0.978651702841795,0.291963082814555,0.375817471032799,0.21205940528087,0.666033988666616,0.624182528967201,0.333966011333384,0.78794059471913,254,0.000802385065221637,18,705671927
37,-0.824797717512606,0.271498844889792,0.438323648695787,0.257451049664192,0.746268547968987,0.561676351304213,0.253731452031013,0.742548950335808,299,0.00238199872690388,19,911760780
212,-0.561083622268307,0.278512478385505,0.570590424233737,0.330562989565756,0.984905880282984,0.429409575766263,0.0150941197170164,0.669437010434244,266,0.0439494453402643,19,85500355
387,-1.34717212925328,0.296143485663404,0.259974396126237,0.145496580347995,0.464524227851608,0.740025603873763,0.535475772148392,0.854503419652005,264,5.38881153000699e-06,20,994864833
912,-0.947629937764997,0.27222634590363,0.387658710807417,0.22736837683661,0.660950648263904,0.612341289192583,0.339049351736096,0.77263162316339,293,0.000499476795376839,20,283020454
987,-0.576879146222113,0.263607826921894,0.561648456965599,0.335028058806939,0.94155991093754,0.438351543034401,0.0584400890624605,0.664971941193061,299,0.0286405396383778,19,249274933
687,-0.838485674092182,0.268602037435409,0.432364769104949,0.255397022498783,0.731955649812115,0.567635230895051,0.268044350187885,0.744602977501217,292,0.0017983122740202,18,765417462
362,-1.06981192281282,0.279729178002489,0.343073035562847,0.198280806744879,0.593598087795485,0.656926964437153,0.406401912204515,0.801719193255121,285,0.000131061168213581,17,254809461
861,-0.969222027151115,0.270010074324631,0.379378069162713,0.2234802918876,0.644028688820652,0.620621930837287,0.355971311179348,0.7765197081124,298,0.000331214635906,19,786740844
62,-1.18751585289263,0.277230748145268,0.304977933890295,0.177128798717833,0.525106819632198,0.695022066109705,0.474893180367802,0.822871201282167,288,1.83982236239217e-05,17,298121686
412,-1.08229917381665,0.271678015801457,0.338815633401595,0.198934769355074,0.577053643309718,0.661184366598405,0.422946356690282,0.801065230644926,291,6.78342617842548e-05,18,578451459
562,-0.932066234175505,0.280858177160398,0.393739311670118,0.227060643278306,0.682771982480639,0.606260688329882,0.317228017519361,0.772939356721694,270,0.000904580573696847,18,117193690
762,-1.08160302550272,0.290083892012203,0.339051581451409,0.192019757934137,0.598667429443024,0.660948418548591,0.401332570556976,0.807980242065863,263,0.000192556440422315,20,429164101
937,-0.614680069205514,0.281501627755928,0.540813890652278,0.311482188801578,0.938993222847716,0.459186109347722,0.0610067771522844,0.688517811198422,266,0.0289934524525585,15,838368592
12,-0.897627897329045,0.289312602621157,0.407535229478915,0.231154218481576,0.718502843501729,0.592464770521085,0.281497156498271,0.768845781518424,258,0.00191813904643985,22,143501321
612,-0.935474562509249,0.271362209682144,0.392399603198132,0.230539118314784,0.667901611299677,0.607600396801868,0.332098388700323,0.769460881685216,282,0.00056616062928667,19,686089025
637,-0.858304401465427,0.272453962138513,0.423880203975375,0.24850200757582,0.72303008363981,0.576119796024625,0.27696991636019,0.75149799242418,290,0.00163117878028248,19,351804462
462,-0.879343976721423,0.272840505936832,0.415055108201065,0.243143970015812,0.708513325798681,0.584944891798935,0.291486674201319,0.756856029984188,290,0.00126889602199542,19,596960801
887,-1.05426387145074,0.276486830547223,0.348448836055896,0.202671649117905,0.599080295034626,0.651551163944104,0.400919704965374,0.797328350882095,293,0.000137250751363279,20,257520386
712,-1.03374840896588,0.270889019677448,0.355671257422043,0.209154695418522,0.604825261527333,0.644328742577957,0.395174738472667,0.790845304581478,298,0.000135559694488353,20,659846358
587,-1.36257183036512,0.280090634370092,0.256001537063804,0.147852609064873,0.443257561659089,0.743998462936196,0.556742438340911,0.852147390935127,287,1.1459967275192e-06,21,222817186
437,-1.30179080031039,0.277457852754656,0.272044179753777,0.157930818579029,0.468610473901086,0.727955820246223,0.531389526098914,0.842069181420971,299,2.70744778520489e-06,21,199527744
163,-0.83696745859405,0.275563279240438,0.433021690546225,0.252318888381544,0.743138120519817,0.566978309453775,0.256861879480183,0.747681111618456,279,0.00238710309251709,17,35077213
88,-1.08721324100306,0.29153482521409,0.337154754792037,0.190403266904185,0.597013541454001,0.662845245207963,0.402986458545999,0.809596733095815,262,0.000192032258263864,18,911096783
538,-1.02573473963358,0.270327496214341,0.358532940245474,0.211069694101754,0.609020967164968,0.641467059754526,0.390979032835032,0.788930305898246,293,0.00014799189550227,19,744539628
337,-0.934345189517881,0.255380723145748,0.392843019055623,0.23814341345887,0.648036556540709,0.607156980944377,0.351963443459291,0.76185658654113,325,0.00025356085633201,18,292366785
138,-1.41138013293748,0.279618094843081,0.243806565377987,0.140939927109747,0.421751611061392,0.756193434622013,0.578248388938608,0.859060072890253,295,4.47563446328985e-07,18,154009132
813,-0.717170583259641,0.287704705143564,0.488131431151987,0.277742336132947,0.857889716764077,0.511868568848013,0.142110283235923,0.722257663867053,259,0.012676466211861,18,500725191
238,-1.44105507708183,0.288246552125252,0.236677913460049,0.134524634858143,0.416402800712837,0.763322086539951,0.583597199287163,0.865475365141857,278,5.75138885356436e-07,18,31408166
513,-0.542245046507697,0.272187810770505,0.581441422940453,0.341050965934337,0.991271575451595,0.418558577059547,0.00872842454840461,0.658949034065663,276,0.0463521444827397,17,467931596
288,-1.21841439720439,0.303167534773937,0.295698656022697,0.163227255012426,0.535680730322721,0.704301343977303,0.464319269677279,0.836772744987574,251,5.84587008811992e-05,16,110674140
263,-1.04749510520605,0.293221233360024,0.350815405116184,0.197464163429686,0.623259665598292,0.649184594883816,0.376740334401708,0.802535836570314,250,0.000353763413496701,19,3615666
963,-0.494424468792078,0.268210167988497,0.609921835352237,0.360556452922913,1.03175145590578,0.390078164647763,-0.0317514559057834,0.639443547077087,290,0.0652674506081542,17,337704154
188,-0.959993888778811,0.278448008813118,0.38289522592538,0.221852627504422,0.660838484022578,0.61710477407462,0.339161515977422,0.778147372495578,275,0.000565466675282235,19,617917662
38,-0.92251248429113,0.28196577733335,0.397519025042428,0.228743211278636,0.690824328238507,0.602480974957572,0.309175671761493,0.771256788721364,278,0.00106896174321153,19,738384865
388,-1.04914541183286,0.283740893620376,0.350236929590621,0.200835855417268,0.610776928224335,0.649763070409379,0.389223071775665,0.799164144582732,281,0.000217692554543749,21,607066404
363,-0.749659060735963,0.278861444439337,0.472527628502828,0.273564610684301,0.816196068416828,0.527472371497172,0.183803931583172,0.726435389315699,270,0.00718200517745105,17,92882022
488,-0.908229107697224,0.259814288766096,0.403237682626369,0.242329779242766,0.670989051357947,0.596762317373631,0.329010948642053,0.757670220757234,309,0.000472845209373436,20,525686012
738,-0.624833533288005,0.265672551304085,0.535350539145824,0.318051434514469,0.90111274046364,0.464649460854176,0.0988872595363601,0.681948565485531,287,0.0186781243951472,17,947980218
312,-0.738606940350041,0.276904319719045,0.477779026827482,0.277667913759451,0.822107226526623,0.522220973172518,0.177892773473377,0.722332086240549,278,0.00764469116798254,20,196714849
763,-1.36122458752207,0.299794619642527,0.256346665736287,0.142443301198103,0.461331719227151,0.743653334263713,0.538668280772849,0.857556698801897,257,5.61146597888508e-06,18,280316243
113,-0.555335109203439,0.274229788951938,0.573879916528305,0.335271167610012,0.982303849574146,0.426120083471695,0.0176961504258544,0.664728832389988,279,0.0428599558194537,19,268627954
938,-0.58616584093667,0.273809947301167,0.556456743450317,0.325359850701246,0.951697348839932,0.443543256549683,0.0483026511600678,0.674640149298754,273,0.0322920835238357,18,539049717
413,-1.17871566944222,0.278029695077075,0.307673639612309,0.178414843570683,0.530578435166928,0.692326360387691,0.469421564833072,0.821585156429317,291,2.23986693924574e-05,18,141292501
563,-1.04751289700098,0.279860893786432,0.350809163535964,0.20269960595576,0.607140150275687,0.649190836464036,0.392859849724313,0.79730039404424,280,0.000181852858426355,20,298482605
838,-0.731403239641812,0.261868320400325,0.48123323052875,0.288040058553649,0.804004218468811,0.51876676947125,0.195995781531189,0.711959941446351,307,0.00522185967916688,19,104073526
988,-1.15049566231793,0.294592118743913,0.316479863353415,0.17765965577613,0.563771799909417,0.683520136646585,0.436228200090583,0.822340344223869,260,9.40754616102862e-05,19,570838176
663,-1.21952808104173,0.277110288047329,0.295369524516999,0.171588816603548,0.508443135982289,0.704630475483001,0.491556864017711,0.828411183396452,284,1.07814610603377e-05,21,562822477
888,-0.370363012629527,0.2902322116716,0.690483630858031,0.390937454518974,1.2195496721324,0.309516369141969,-0.219549672132401,0.609062545481026,247,0.20192298807835,19,571532218
688,-0.919167812638392,0.278335785075534,0.398850821626504,0.231148266740424,0.688224835753512,0.601149178373496,0.311775164246488,0.768851733259576,278,0.000958714350139305,18,845155473
913,-0.314863607462856,0.269678064939197,0.72988841881361,0.430235346677298,1.23824578345911,0.27011158118639,-0.238245783459109,0.569764653322702,269,0.242986857971207,20,948598167
213,-1.39215987002045,0.280691610867971,0.248537914903253,0.143373048026951,0.430841751602052,0.751462085096747,0.569158248397948,0.856626951973049,302,7.05844066107617e-07,20,664579927
787,-0.893557409277939,0.266509086213593,0.409197477546231,0.242705714788347,0.689899600329632,0.590802522453769,0.310100399670368,0.757294285211653,298,0.000799922613611225,18,388685826
63,-0.884496133072124,0.275810673964091,0.412922178700756,0.240490396748443,0.708987668398792,0.587077821299244,0.291012331601208,0.759509603251557,291,0.00134175517038469,18,940803590
713,-0.642214494941241,0.278498020817995,0.526126029601411,0.304811847702456,0.908129395594732,0.473873970398589,0.0918706044052684,0.695188152297544,277,0.021111021785491,17,409023965
862,-0.741343319623233,0.284736219458291,0.476473429320951,0.272690983125873,0.832542852156109,0.523526570679049,0.167457147843891,0.727309016874127,255,0.00922464775793744,17,880914085
613,-0.496154621249503,0.266559773683506,0.608867489942125,0.3610993403801,1.02664164359369,0.391132510057875,-0.0266416435936918,0.6389006596199,290,0.0626981621557708,19,758032784
463,-1.27831963614876,0.293467932049281,0.278504897038346,0.156686824596983,0.495031907589206,0.721495102961654,0.504968092410794,0.843313175403017,263,1.32515764274421e-05,18,136840712
13,-0.928246782133086,0.283271438758003,0.395246055724861,0.226854009138361,0.688634268177205,0.604753944275139,0.311365731822795,0.773145990861639,265,0.00104960613845927,19,121026348
638,-0.778103074384545,0.267456390796384,0.459276398679405,0.271903523728063,0.775770786239919,0.540723601320595,0.224229213760081,0.728096476271938,299,0.00362272885120595,18,160807428
588,-1.07037864841007,0.286639290697823,0.3428786623752,0.195502651941236,0.601351316439145,0.6571213376248,0.398648683560855,0.804497348058764,272,0.000188286164135466,19,480528783
338,-0.977173077517837,0.283438045804221,0.376373575296258,0.215951498791687,0.655967052666464,0.623626424703742,0.344032947333536,0.784048501208313,268,0.000565649566448458,19,352645918
139,-0.660544084745502,0.285626845133008,0.516570200052325,0.295123190698192,0.904180965754699,0.483429799947675,0.0958190342453006,0.704876809301808,259,0.0207439782458512,19,101277984
438,-0.723072361279232,0.266102304252396,0.485259072150804,0.288049397684248,0.817486059675022,0.514740927849196,0.182513940324978,0.711950602315752,300,0.00658224733412603,17,487145114
89,-0.371929947271591,0.284637327030739,0.689402535361254,0.394629133796028,1.20436079108184,0.310597464638746,-0.20436079108184,0.605370866203972,246,0.191321360464295,20,728359922
514,-1.23738736803025,0.285409335800691,0.290141260905087,0.165832110151261,0.507633601253753,0.709858739094913,0.492366398746247,0.834167889848739,272,1.45440311526896e-05,19,615465544
164,-1.12639958117915,0.276131299676525,0.324198407696068,0.188698083394827,0.556998808158258,0.675801592303932,0.443001191841742,0.811301916605173,286,4.51875792174526e-05,20,440624748
264,-1.01615342962939,0.283874763689747,0.361984665109579,0.207517886592403,0.631429415199581,0.638015334890421,0.368570584800419,0.792482113407597,276,0.000344142229759139,19,824197274
189,-1.21797943589468,0.290106525926218,0.295827301473267,0.167532523169332,0.522368974342384,0.704172698526733,0.477631025657616,0.832467476830668,272,2.68823065905184e-05,17,833153953
364,-1.19253497284503,0.294203704021283,0.303451048074183,0.170475508652198,0.540151129656906,0.696548951925817,0.459848870343094,0.829524491347802,252,5.04714813951623e-05,17,810819085
539,-0.530777197048975,0.254637144649487,0.58814768535594,0.35705807702614,0.9687995372367,0.41185231464406,0.0312004627633004,0.64294192297386,318,0.0371196817437658,20,92094170
489,-1.01933305791598,0.284471546560144,0.360835516330229,0.206617288700678,0.630161544874032,0.639164483669771,0.369838455125968,0.793382711299322,272,0.000339343764502236,19,481705671
289,-0.54427064270005,0.284535984425462,0.580264849441761,0.332222310411958,1.01349995152388,0.419735150558239,-0.0134999515238767,0.667777689588042,260,0.0557690651009655,20,299360887
814,-1.59068184336033,0.292146444506066,0.203786613802645,0.114947663661464,0.361286020457594,0.796213386197355,0.638713979542406,0.885052336338536,276,5.18607509562743e-08,20,781060806
239,-0.936882719384689,0.274566808922867,0.391847431862142,0.228773287615718,0.671164065775338,0.608152568137858,0.328835934224662,0.771226712384282,284,0.000644357742071757,20,604753784
989,-1.14226835993323,0.286237403925716,0.319094379347019,0.182084691422338,0.559197053500172,0.680905620652981,0.440802946499828,0.817915308577662,274,6.5897250944663e-05,19,819327103
964,-0.881233663498064,0.267002484682839,0.414271524648435,0.245477762264132,0.699130114889495,0.585728475351565,0.300869885110505,0.754522237735868,303,0.000965230674504072,19,33300179
389,-1.21354536533719,0.282032041398007,0.297141933031464,0.170961309388963,0.516452106510218,0.702858066968536,0.483547893489782,0.829038690611037,281,1.68604763835641e-05,16,398798780
739,-0.832090821600532,0.275747968302674,0.43513853749324,0.253460595896402,0.747041354266948,0.56486146250676,0.252958645733052,0.746539404103598,281,0.00254804010197243,17,121807500
689,-1.29555657886071,0.291681376671925,0.27374546098634,0.154549387721292,0.484871396228118,0.72625453901366,0.515128603771882,0.845450612278708,273,8.9257468400489e-06,19,380575152
914,-1.15728687108795,0.266736938904408,0.314337864144285,0.186358756488441,0.530204722850895,0.685662135855715,0.469795277149105,0.813641243511559,311,1.43339470395604e-05,17,208799766
64,-0.995253776615265,0.272336710902345,0.369629629284282,0.216747126275921,0.630347747590938,0.630370370715718,0.369652252409062,0.783252873724079,287,0.000257686367872075,18,952483751
114,-0.89206362619773,0.273520596984273,0.409809186581211,0.239751059673796,0.700491458243632,0.590190813418789,0.299508541756368,0.760248940326204,283,0.00110858451928351,18,204395496
788,-1.16184905744659,0.291777171181088,0.31290706250202,0.176625818394707,0.554340416670234,0.68709293749798,0.445659583329766,0.823374181605293,264,6.8345308964349e-05,21,318159893
939,-0.55434696738459,0.288966806169819,0.574447271540265,0.326047729049419,1.01209006651305,0.425552728459735,-0.0120900665130499,0.673952270950581,252,0.0550633600254705,19,84973967
839,-0.811217847782243,0.28423074485456,0.444316626576035,0.254539341613303,0.775586451197099,0.555683373423965,0.224413548802901,0.745460658386697,261,0.00431613915102367,18,101078440
39,-0.965160757269761,0.277106825021112,0.380921958842914,0.221290235960099,0.655706918559596,0.619078041157086,0.344293081440404,0.778709764039901,287,0.00049584383280061,20,879886656
564,-1.08374770238443,0.283805880261567,0.338325204563244,0.193980623010242,0.590079268055124,0.661674795436756,0.409920731944876,0.806019376989758,277,0.000134198590609282,20,867646357
764,-0.782256584289335,0.271107227504462,0.457372745765831,0.268845883825056,0.7781031481423,0.542627254234169,0.2218968518577,0.731154116174944,293,0.00390899269334434,21,938401165
464,-1.06052255414365,0.281467968423209,0.346274815704642,0.199450411979544,0.601183255533118,0.653725184295358,0.398816744466882,0.800549588020456,281,0.000164674889692545,19,15651168
313,-0.776160977507516,0.277381070640916,0.460169224635598,0.267183955485864,0.792546524422314,0.539830775364402,0.207453475577686,0.732816044514136,273,0.0051392145038822,19,854599726
414,-1.48241717165288,0.125485769870969,0.227088113492333,0.177574549479656,0.290407670697284,0.772911886507667,0.709592329302716,0.822425450520344,274,3.32711858920839e-32,21,657460133
14,-0.938576721866017,0.271130185114052,0.391184203254322,0.229929596334554,0.665530159297381,0.608815796745678,0.334469840702619,0.770070403665446,289,0.000536735703027054,19,265673815
214,-1.26445586247262,0.288775042476936,0.282392914924336,0.160342272515869,0.497347063554754,0.717607085075664,0.502652936445246,0.839657727484131,267,1.1939582514813e-05,20,227337828
889,-0.709968000680122,0.265662631465455,0.49165992999262,0.29210054891422,0.827555742907336,0.50834007000738,0.172444257092664,0.70789945108578,296,0.0075301368175431,23,347224184
639,-0.701184888846713,0.276645747791282,0.495997253859208,0.288401811901062,0.853022643007086,0.504002746140792,0.146977356992914,0.711598188098938,289,0.0112577443985543,19,259249190
664,-1.12311518623123,0.275895450695424,0.325264953829036,0.189406395225001,0.558572956650834,0.674735046170964,0.441427043349166,0.810593604774999,286,4.68519721092739e-05,22,959189125
714,-0.843933306008706,0.290469730603038,0.430015808933504,0.243352683219382,0.759858463389273,0.569984191066496,0.240141536610727,0.756647316780618,259,0.00366773739676445,17,443005101
614,-1.01918212614721,0.291518955646756,0.360889981983137,0.203813732133241,0.639022590541861,0.639110018016863,0.360977409458139,0.796186267866759,266,0.000472095315732941,20,432987335
589,-1.06597537576333,0.279635961157882,0.344391779499216,0.199079350318763,0.59577097070453,0.655608220500784,0.40422902929547,0.800920649681237,284,0.000137840709137195,18,217765274
863,-0.429024005180168,0.281702008290053,0.651144298157228,0.374879815717051,1.13099953437526,0.348855701842772,-0.130999534375262,0.625120184282949,261,0.127765946809887,19,9338942
90,-1.3588502272457,0.293587401998992,0.256956048236904,0.144529598068841,0.456836603766637,0.743043951763096,0.543163396233363,0.855470401931159,263,3.68439344595999e-06,17,495888876
540,-1.03423485428457,0.287597010065906,0.35549828487813,0.202317985013154,0.624655442980391,0.64450171512187,0.375344557019609,0.797682014986846,267,0.0003229923961194,17,251807698
439,-0.602107735582075,0.269909959866031,0.54765610448611,0.322671166086433,0.929513511909398,0.45234389551389,0.0704864880906017,0.677328833913567,281,0.0256961976013003,18,585579075
290,-0.974891999843684,0.290277328847974,0.377233092596174,0.213562636507576,0.666337560150068,0.622766907403826,0.333662439849932,0.786437363492424,258,0.000783710281957113,18,283072268
140,-0.601770114038073,0.26501876791345,0.547841036202397,0.32588935587669,0.920956132917944,0.452158963797603,0.079043867082056,0.67411064412331,294,0.0231669742375647,19,781051641
339,-0.776069001947581,0.259410872236433,0.46021155090416,0.276787568225012,0.765188526868503,0.53978844909584,0.234811473131497,0.723212431774988,317,0.00277465544963636,20,937097026
490,-1.18120192312871,0.269802021837288,0.306909635039734,0.180865038609844,0.52079453720967,0.693090364960266,0.47920546279033,0.819134961390156,305,1.19755693232467e-05,20,780591468
515,-1.01548961255403,0.280494197580689,0.362225036483782,0.209036136994291,0.627676051338724,0.637774963516218,0.372323948661276,0.790963863005709,275,0.000294194863154575,20,607027418
265,-0.999430626338864,0.287214975794312,0.368088961677787,0.209640392096749,0.646294744795665,0.631911038322213,0.353705255204335,0.790359607903251,271,0.000501918954666829,20,229110076
165,-0.925351139130087,0.267676421785362,0.396392205820488,0.23457327059423,0.6698409432464,0.603607794179512,0.3301590567536,0.76542672940577,307,0.000546272186187491,19,448615047
190,-0.796091614775397,0.275714372264439,0.451088551133635,0.262768502137821,0.774373181368279,0.548911448866365,0.225626818631721,0.737231497862179,279,0.0038846721508875,18,719304436
740,-0.94654562757855,0.278523057632685,0.388079281069514,0.224823239127803,0.669884167578502,0.611920718930486,0.330115832421498,0.775176760872197,286,0.000677697900015625,19,537004444
915,-1.22079219740367,0.298419242198937,0.294996378967624,0.164362131855002,0.529458109491913,0.705003621032376,0.470541890508087,0.835637868144998,262,4.29771205017471e-05,18,977382931
365,-1.05439041551769,0.27738703162248,0.348404744712865,0.202288778231019,0.600062283236545,0.651595255287135,0.399937716763455,0.797711221768981,283,0.00014402460750344,20,392209668
815,-1.06750146166395,0.287156361830149,0.343866608889888,0.195867358971929,0.603695507664335,0.656133391110112,0.396304492335665,0.804132641028071,267,0.000201210401222049,20,367394774
115,-0.632173320936475,0.266818872477508,0.531435564986256,0.315016991170324,0.896535004931083,0.468564435013744,0.103464995068917,0.684983008829676,295,0.0178219054543023,18,736363740
240,-0.879485726529103,0.279052718164993,0.414996278388957,0.240167422782214,0.717091057070037,0.585003721611043,0.282908942929963,0.759832577217786,271,0.00162332367335812,19,879000937
965,-0.973580876664934,0.263790557486716,0.377728016029562,0.225237276818705,0.633458440400482,0.622271983970438,0.366541559599518,0.774762723181295,304,0.000223607553706779,19,776669100
840,-1.00154913158519,0.283152243383754,0.367309988701867,0.210869181481669,0.639811976563745,0.632690011298133,0.360188023436255,0.789130818518331,266,0.000404485165757757,19,883371151
990,-0.967003049498146,0.277359729480224,0.380220835314034,0.220773469060082,0.6548245322338,0.619779164685966,0.3451754677662,0.779226530939918,281,0.00048946222283718,17,103849932
390,-0.954169921015015,0.275732450525693,0.385131701637801,0.224339310682919,0.661170024793705,0.614868298362199,0.338829975206295,0.775660689317081,283,0.000539189386566643,19,92410499
40,-0.691839468326977,0.260691476126512,0.500654283830727,0.300356441097174,0.834524177348887,0.499345716169273,0.165475822651113,0.699643558902826,302,0.00795761229867177,20,71539390
690,-0.693600673693784,0.279649523897011,0.499773304839315,0.288891622796938,0.864591897168222,0.500226695160685,0.135408102831778,0.711108377203062,271,0.0131290371018845,17,798482701
890,-1.14703552144197,0.293280756269126,0.317576824991471,0.178734245011543,0.564273733694121,0.682423175008529,0.435726266305879,0.821265754988457,253,9.18959779197728e-05,17,665536404
314,-1.04682859320067,0.278069462981117,0.351049305735493,0.203551807163413,0.605426288150995,0.648950694264507,0.394573711849005,0.796448192836587,288,0.000166795993645751,18,980232726
565,-0.826512998012376,0.262516173472146,0.437572445135183,0.26157473485149,0.731988297150678,0.562427554864817,0.268011702849322,0.73842526514851,313,0.00164151739813323,20,148904712
215,-0.739907376605345,0.270864549683227,0.477158109478193,0.2806092522755,0.811376886522859,0.522841890521807,0.188623113477141,0.7193907477245,287,0.00630178852508464,17,891664221
940,-0.685380439561432,0.256456685610423,0.503898490183901,0.304822296392086,0.83298922491881,0.496101509816099,0.16701077508119,0.695177703607915,308,0.00752884206332917,18,254112165
665,-0.448639573476223,0.261630081569197,0.638496188187653,0.382347609887065,1.06624802087969,0.361503811812347,-0.0662480208796892,0.617652390112935,291,0.0863844885778459,18,931875236
65,-0.969533567364524,0.28829049587701,0.379259896046877,0.21554780601832,0.66731400057611,0.620740103953123,0.33268599942389,0.78445219398168,258,0.000770881292740257,18,871791865
765,-0.718362126081135,0.272132366630732,0.487550148029892,0.286009067618519,0.83111052675093,0.512449851970108,0.16888947324907,0.713990932381481,284,0.00829665652318153,19,965409175
789,-0.851852997340729,0.273452487350074,0.426623666549186,0.249621371281766,0.729135297692221,0.573376333450814,0.270864702307779,0.750378628718234,287,0.00183834337994814,18,641917741
465,-0.635557513672912,0.282090600606014,0.529640124379438,0.304694717081786,0.920654824735178,0.470359875620562,0.0793451752648215,0.695305282918214,263,0.0242574971139737,19,117420704
415,-1.29869242060313,0.276248227277447,0.272888383075666,0.158796940478966,0.468951538946781,0.727111616924334,0.531048461053219,0.841203059521034,293,2.58663384576478e-06,19,105692644
615,-0.754448789144989,0.266819232842933,0.470269761098932,0.278759778807393,0.793348485029652,0.529730238901068,0.206651514970348,0.721240221192607,294,0.00469034567128094,20,455656149
715,-0.769954459412905,0.266994816111913,0.463034154678331,0.27437632032354,0.781410830737356,0.536965845321669,0.218589169262644,0.72562367967646,293,0.00392932461275982,21,23936316
15,-0.612789881321524,0.293039810359128,0.541837097237584,0.305093389042068,0.962287124164363,0.458162902762416,0.0377128758356368,0.694906610957932,242,0.0365147170767414,21,8099090
640,-0.790540117658353,0.267219653958811,0.453599731881765,0.268667421557854,0.765826818786448,0.546400268118235,0.234173181213552,0.731332578442146,298,0.00309249970423592,18,548585472
590,-0.516052716553021,0.277235127293297,0.596871926814403,0.346655571506313,1.02769470997137,0.403128073185597,-0.0276947099713651,0.653344428493687,272,0.0626840201207456,19,697985875
91,-0.753254474396856,0.259372781481457,0.470831746737281,0.283196072748989,0.782788163634485,0.529168253262719,0.217211836365515,0.716803927251011,315,0.00368265238454041,19,164288874
440,-0.731537091790312,0.282253663587564,0.481168820737705,0.276721385658614,0.836666213921536,0.518831179262295,0.163333786078464,0.723278614341386,263,0.00954830779560469,17,928667036
141,-1.29415774330489,0.289105427408524,0.274128653819808,0.155549080216567,0.48310487429714,0.725871346180192,0.51689512570286,0.844450919783433,267,7.59045684395963e-06,19,535055297
864,-0.820963626085013,0.270863884452642,0.440007447496348,0.258761863979598,0.748203583305135,0.559992552503652,0.251796416694865,0.741238136020402,284,0.00243819193497467,19,818184755
516,-0.816550123804133,0.279516148933971,0.441953713134118,0.255536069060181,0.764366006221352,0.558046286865882,0.235633993778648,0.744463930939819,265,0.00348575607852191,16,345534036
340,-1.06193359545518,0.284987467699476,0.345786552195544,0.197800018118896,0.604491045129277,0.654213447804456,0.395508954870723,0.802199981881104,269,0.000194352233342523,18,411909826
541,-0.880335538792756,0.283528000488735,0.414643759270962,0.23786780320229,0.722794109954181,0.585356240729038,0.277205890045819,0.76213219679771,265,0.00190321918086568,18,162442744
291,-0.514185996208845,0.279464442128244,0.597987160373792,0.345789096403944,1.03412353856925,0.402012839626208,-0.034123538569254,0.654210903596056,263,0.0657832515102745,20,354656900
816,-1.92968844738002,0.325959616308856,0.145193426830285,0.0766460233405348,0.275045335373225,0.854806573169715,0.724954664626775,0.923353976659465,239,3.21896467631717e-09,19,477362411
966,-0.74677762791996,0.286291765628476,0.473891148620467,0.2703874962336,0.830559193265381,0.526108851379533,0.169440806734619,0.7296125037664,258,0.00909534171329277,15,229519746
266,-0.656215756238186,0.267182956981903,0.518810931387666,0.307314160906962,0.875861957460611,0.481189068612334,0.124138042539389,0.692685839093038,300,0.0140472067970315,19,325195737
491,-0.665101217399246,0.2609745607366,0.514221476911924,0.308324660906184,0.857614588921704,0.485778523088076,0.142385411078296,0.691675339093816,303,0.0108178314701217,21,729278408
191,-0.705132150557928,0.279776011488083,0.494043281846686,0.285508620252545,0.854891050651801,0.505956718153314,0.145108949348199,0.714491379747455,271,0.0117239766677129,18,136438057
166,-0.940679535545342,0.27943183281312,0.390362480028795,0.225743503616187,0.675026582706521,0.609637519971205,0.324973417293479,0.774256496383813,275,0.00076155977817164,19,438478638
391,-1.18302384009773,0.286240660867875,0.306350980233567,0.174811815035315,0.536868306476355,0.693649019766433,0.463131693523645,0.825188184964685,272,3.5810670332262e-05,19,252346782
366,-0.345515275530018,0.270673277165535,0.707855518853045,0.416434892404588,1.20321194191362,0.292144481146955,-0.203211941913618,0.583565107595412,279,0.201777734094957,19,291039230
991,-0.824209713164112,0.266848860610328,0.438581460697129,0.259960945393074,0.739933059469293,0.561418539302871,0.260066940530707,0.740039054606926,297,0.00201050462519133,18,921163606
741,-0.877550288755427,0.277514467151547,0.415800255635082,0.241359284264888,0.716317390121423,0.584199744364918,0.283682609878577,0.758640715735112,286,0.00156593529569278,21,790830206
116,-1.12929390228375,0.286857980885762,0.32326143001383,0.184238306837018,0.567189060345784,0.67673856998617,0.432810939654216,0.815761693162982,275,8.25856804190878e-05,17,221238684
916,-0.766851895792816,0.296268514999771,0.464472978468504,0.25988202136081,0.830127250041222,0.535527021531496,0.169872749958778,0.74011797863919,252,0.00964319435041091,19,184098255
241,-1.11321750031585,0.282105414473163,0.328500309033767,0.188976246346562,0.571037128324482,0.671499690966233,0.428962871675518,0.811023753653438,271,7.9432892352995e-05,18,698287921
941,-0.542356881828932,0.262052194267039,0.581376400888088,0.34785493322645,0.971665160458002,0.418623599111912,0.028334839541998,0.65214506677355,303,0.0384849326404711,19,865971274
841,-1.47082804384214,0.295441974032071,0.229735175607774,0.128749879872685,0.409928544894374,0.770264824392226,0.590071455105626,0.871250120127316,266,6.41123665923271e-07,17,868666873
766,-1.19387253434469,0.287011728744733,0.30304543496196,0.172664446112642,0.531878668242863,0.69695456503804,0.468121331757137,0.827335553887358,261,3.18715236353824e-05,19,989324839
566,-0.838402714922864,0.280084906755162,0.432400639214893,0.24973397072955,0.748677932150159,0.567599360785107,0.251322067849841,0.75026602927045,265,0.00275899022708034,19,104666821
691,-1.00305065044887,0.273091749265327,0.366758879678852,0.214745721070243,0.626378375098279,0.633241120321148,0.373621624901721,0.785254278929757,296,0.000239772220213826,21,939684522
66,-0.740589383510359,0.282181965319315,0.476832795298613,0.274266265482981,0.829010138275272,0.523167204701387,0.170989861724728,0.725733734517019,271,0.00867737501447863,20,189525814
891,-0.98692891176539,0.294395921245785,0.372719589899468,0.209310953986975,0.663701015396798,0.627280410100532,0.336298984603202,0.790689046013025,256,0.000801180848738047,18,823682879
41,-1.5959084874811,0.298389990688094,0.202724272354467,0.112957671089304,0.363827708249725,0.797275727645533,0.636172291750275,0.887042328910696,260,8.87360665644452e-08,21,461431751
790,-0.612852839043013,0.263891854645905,0.541802985482334,0.32301020237356,0.908796294731521,0.458197014517666,0.0912037052684785,0.67698979762644,290,0.0202133653071719,20,158531279
216,-0.966712001760181,0.268474763392684,0.380331513833665,0.224717129763792,0.643707315802118,0.619668486166335,0.356292684197882,0.775282870236208,294,0.000317293757947196,18,964785567
315,-0.747493269203358,0.279239943035843,0.47355213387162,0.273954429916646,0.818572722341435,0.52644786612838,0.181427277658565,0.726045570083354,267,0.00743100927904038,19,645161794
641,-0.829503790751668,0.281892277516987,0.436265711701834,0.251075270532907,0.75805064673529,0.563734288298166,0.24194935326471,0.748924729467094,269,0.0032544040409401,23,704955379
466,-1.15334175549787,0.307428498701618,0.315580412740014,0.1727533298851,0.576492487707164,0.684419587259986,0.423507512292836,0.8272466701149,247,0.000175725604862065,18,671965512
666,-0.821409738533638,0.284404512577504,0.439811198474352,0.251872482787676,0.767983418285942,0.560188801525648,0.232016581714058,0.748127517212324,266,0.00387485372132492,18,456118236
416,-0.203007959099059,0.270433227543435,0.816271744612081,0.480442682298594,1.38684506102634,0.183728255387919,-0.386845061026337,0.519557317701406,270,0.45284716804072,18,23647083
616,-1.24271078818886,0.278146498944951,0.28860082091045,0.167316523772579,0.497801603524803,0.71139917908955,0.502198396475197,0.832683476227421,283,7.90177023328414e-06,18,480777733
716,-0.328317144940578,0.290135584274046,0.720134596441778,0.407802438688234,1.27167909701695,0.279865403558222,-0.271679097016948,0.592197561311766,250,0.257803049245891,18,564139948
591,-0.984113736207681,0.282736853088678,0.373770339306906,0.2147527773269,0.650535319191423,0.626229660693094,0.349464680808577,0.7852472226731,271,0.000500160953587187,19,214078608
16,-0.780020540873833,0.266517530478726,0.458396595341887,0.271882497132208,0.772861220701733,0.541603404658113,0.227138779298267,0.728117502867792,305,0.00342563933171042,20,25027816
92,-1.10290473389482,0.274583243527929,0.33190558471633,0.193771044094071,0.568512791376652,0.66809441528367,0.431487208623348,0.806228955905929,296,5.90313423239528e-05,18,589517253
542,-1.10403107121786,0.294954279359461,0.331531957523165,0.185977266501618,0.591004701417016,0.668468042476835,0.408995298582984,0.814022733498382,253,0.000181794009434407,16,972322109
441,-0.737818011441324,0.278580928935519,0.478156109239775,0.276975396252005,0.825464167204581,0.521843890760225,0.174535832795419,0.723024603747995,272,0.00808529221370545,20,565044974
292,-0.772791176394094,0.282896227968137,0.461722519077932,0.265203560624709,0.803864337724161,0.538277480922068,0.196135662275839,0.734796439375291,274,0.00630060853932785,16,434367206
142,-0.76379552971966,0.123611482620027,0.465894749541454,0.365653328722602,0.593616687173555,0.534105250458546,0.406383312826445,0.634346671277398,291,6.4508305626686e-10,22,106025131
865,-0.731567490447443,0.270484961027361,0.481154194074018,0.283169881792516,0.817563495840455,0.518845805925982,0.182436504159545,0.716830118207484,288,0.00683761318507937,17,173169444
192,-0.6381603829678,0.273530795489352,0.528263332943731,0.309044224554556,0.902984514061211,0.471736667056269,0.0970154859387885,0.690955775445444,282,0.0196456439226472,17,972018543
517,-0.915346299293657,0.268916945621873,0.400377951478952,0.236356545614299,0.678223247906463,0.599622048521048,0.321776752093537,0.763643454385701,297,0.000664492413003911,17,319712103
267,-0.523854377842734,0.277338433238775,0.592233451641224,0.343891967629903,1.01991466581838,0.407766548358776,-0.0199146658183786,0.656108032370097,272,0.0589101532217318,20,445431693
367,-0.760770822278329,0.271888206561045,0.467306078209427,0.274264608278999,0.796220015778816,0.532693921790573,0.203779984221184,0.725735391721001,287,0.00514039425182496,18,282836257
167,-1.01654468456404,0.283262705034507,0.361843064525859,0.207685703152068,0.630425693046369,0.638156935474141,0.369574306953631,0.792314296847932,266,0.000332331827696556,19,430679839
341,-0.28148825885566,0.269630534740088,0.754659776192625,0.444878353957865,1.28015079343924,0.245340223807375,-0.280150793439239,0.555121646042135,277,0.296495718520563,21,47410064
817,-1.17066022864936,0.279286139333058,0.310162095748926,0.179415487594871,0.53618852490924,0.689837904251074,0.46381147509076,0.820584512405129,283,2.76974604048537e-05,20,595701858
117,-1.21696681350981,0.288327245746639,0.296127014543266,0.168288109494999,0.521077864653972,0.703872985456734,0.478922135346028,0.831711890505001,274,2.43454923483624e-05,17,89573201
967,-0.676669008876909,0.276753188359343,0.508307342778136,0.295497385270401,0.874377803667319,0.491692657221864,0.125622196332681,0.704502614729599,271,0.0144841311296623,20,58933853
842,-0.938614662431736,0.274538184499939,0.391169361785899,0.228390221210274,0.669965065882182,0.608830638214101,0.330034934117818,0.771609778789726,283,0.000628781421907176,20,386689518
567,-0.468034352823444,0.271956560707256,0.626232010450349,0.367489909749897,1.06714911214728,0.373767989549651,-0.0671491121472754,0.632510090250103,283,0.0852527510128416,17,405921331
392,-0.977494694811716,0.285252216077238,0.376252546509002,0.215115805671613,0.658091944069501,0.623747453490998,0.341908055930499,0.784884194328387,268,0.000610798632490973,18,278682646
692,-1.01099015680609,0.272719304044394,0.363858524153137,0.213203073527962,0.620971468225739,0.636141475846863,0.379028531774261,0.786796926472038,292,0.000209669162964904,18,692185373
492,-0.626793519107054,0.252637163656269,0.534302287295834,0.325643107026387,0.876661989920233,0.465697712704166,0.123338010079767,0.674356892973613,327,0.0131013331288773,19,702662039
992,-1.15768924135661,0.295555224048035,0.314211409375963,0.176053591007281,0.560788389587271,0.685788590624037,0.439211610412729,0.823946408992719,256,8.96584673501106e-05,19,988413972
42,-0.993611242183972,0.28542393225466,0.370237257565783,0.21160544015127,0.647788765694498,0.629762742434217,0.352211234305502,0.78839455984873,267,0.000499215389339238,19,183300553
742,-0.943326708593961,0.282739223538339,0.389330489523838,0.223691948452669,0.677620411111687,0.610669510476162,0.322379588888313,0.776308051547331,266,0.000848757465663508,19,259849746
892,-0.841718293952883,0.27037637007674,0.430969354802421,0.253688982251952,0.732135006928885,0.569030645197579,0.267864993071115,0.746311017748048,293,0.00185110967383315,20,754889453
242,-0.512903959826002,0.266764254912038,0.598754293310959,0.354959247519398,1.00999398174213,0.401245706689041,-0.00999398174212818,0.645040752480602,288,0.0545194670898622,18,371968503
217,-0.910753643516689,0.288538935250813,0.402220978545734,0.228486177059742,0.708059094270665,0.597779021454266,0.291940905729335,0.771513822940258,260,0.00159711903984523,17,358275525
917,-0.631093082481188,0.266251846832603,0.532009952301839,0.315708135797325,0.896507112917434,0.467990047698161,0.103492887082566,0.684291864202675,297,0.0177743197588737,21,304809823
942,-0.588968077480891,0.281565212257308,0.554899602785737,0.319555039369201,0.963569749297609,0.445100397214263,0.0364302507023914,0.680444960630799,270,0.0364595995252794,20,427884314
467,-0.844654764695083,0.271822543574813,0.429705682178142,0.252229180008203,0.732060316297176,0.570294317821858,0.267939683702824,0.747770819991797,279,0.00188756349742501,19,853017476
791,-1.46778370433986,0.301232380572077,0.230435633152242,0.127685084834963,0.415871447279129,0.769564366847758,0.584128552720871,0.872314915165037,257,1.10141284303983e-06,18,936830762
417,-1.03553805423426,0.27734469667578,0.35503530127679,0.206155679264843,0.611431446381682,0.64496469872321,0.388568553618318,0.793844320735157,277,0.000188643560265518,19,198289105
767,-0.759262535459237,0.266689584075195,0.468011441619118,0.277491628089223,0.789338081997838,0.531988558380882,0.210661918002162,0.722508371910777,295,0.00441347713635811,20,273123031
592,-0.574004201615657,0.291037026059938,0.563265488491938,0.318406538140847,0.996424295740176,0.436734511508062,0.00357570425982401,0.681593461859153,245,0.0485785547576284,18,320245051
67,-1.34110839545226,0.278722419917401,0.26155560081667,0.151465969932068,0.451661401892793,0.73844439918333,0.548338598107207,0.848534030067932,294,1.49706356951879e-06,21,42759958
617,-0.635827435376476,0.265005949644489,0.529497182307241,0.314985222999832,0.890096568344278,0.470502817692759,0.109903431655722,0.685014777000168,289,0.0164266773305504,18,352289734
17,-0.304392895688795,0.271677650150907,0.737571021040466,0.433063328971409,1.25619274292004,0.262428978959534,-0.256192742920037,0.566936671028591,276,0.262535103744489,19,507060945
667,-1.56580019742253,0.302194544329152,0.2089207684074,0.11554553080073,0.37775487437254,0.7910792315926,0.62224512562746,0.88445446919927,264,2.20189975002531e-07,19,981756052
642,-1.17904687798131,0.291914756106623,0.307571752349514,0.173567399288828,0.545035434251851,0.692428247650486,0.454964565748149,0.826432600711172,263,5.36770740225801e-05,20,837421690
316,-1.30523340148173,0.272661498013911,0.271109250359773,0.158874591995668,0.462630460335926,0.728890749640227,0.537369539664074,0.841125408004332,297,1.69284142897979e-06,18,522942264
717,-0.731638683284254,0.268410229080541,0.481119940561315,0.284303467048531,0.814187739631787,0.518880059438685,0.185812260368213,0.715696532951469,297,0.00641414512763364,19,760555690
93,-1.08369180077674,0.276378814137103,0.338344118014744,0.196836012142506,0.581584339924016,0.661655881985256,0.418415660075984,0.803163987857494,293,8.81683985897097e-05,17,613572351
143,-0.750174305449152,0.28640253592331,0.47228422385227,0.269412137838833,0.827922564621697,0.52771577614773,0.172077435378303,0.730587862161167,265,0.00881102932523381,22,48613671
268,-0.904952149547363,0.276710606627917,0.404561243078472,0.235205666101953,0.695858233832911,0.595438756921528,0.304141766167089,0.764794333898047,278,0.0010739854986131,17,671483058
193,-1.32775548392966,0.285414326903499,0.265071551460464,0.151501873869707,0.463775962626599,0.734928448539536,0.536224037373401,0.848498126130293,279,3.28686192017859e-06,21,969244711
442,-1.22831631128591,0.297089364415084,0.292785121924349,0.163555848532911,0.52412144468809,0.707214878075651,0.47587855531191,0.836444151467089,255,3.55726511809419e-05,18,450219104
543,-1.76844159622181,0.301931005126534,0.170598643343483,0.0943998785775955,0.308304391373915,0.829401356656517,0.691695608626085,0.905600121422405,260,4.7100539104969e-09,19,513118178
293,-0.677280929493155,0.274131536901263,0.507996394183331,0.296837962804152,0.869364329499627,0.492003605816669,0.130635670500373,0.703162037195848,276,0.0134870704945598,20,360404570
866,-1.18203750415903,0.268466062356317,0.306653294282325,0.181187781719888,0.518998808868802,0.693346705717675,0.481001191131198,0.818812218280112,304,1.06798221399101e-05,19,278856764
968,-1.2004449943821,0.288168793858727,0.301060211996795,0.17114477353403,0.529594035365229,0.698939788003205,0.470405964634771,0.82885522646597,271,3.10303058892016e-05,21,479613053
518,-1.06491405249722,0.276235148549404,0.34475748453876,0.200623553535023,0.592441520704818,0.65524251546124,0.407558479295182,0.799376446464977,288,0.000115682450578127,19,620430867
368,-0.989520348470254,0.283318055916429,0.371754961100653,0.213351650292479,0.647765090701151,0.628245038899347,0.352234909298849,0.786648349707521,276,0.000478319022677983,19,118259752
342,-0.277497439835468,0.286953353939491,0.757677504379565,0.431746927313323,1.32965671398104,0.242322495620435,-0.329656713981044,0.568253072686677,239,0.333520434512167,17,371535686
168,-1.05274321255094,0.29025531727241,0.348979110961013,0.197575758524479,0.616403655978119,0.651020889038987,0.383596344021881,0.802424241475521,262,0.000286782338569945,18,320207321
493,-0.350513521599184,0.276452012003442,0.704326310062739,0.409692046099851,1.21084984629086,0.295673689937261,-0.210849846290863,0.590307953900149,267,0.204833643988002,23,553414619
743,-0.799379545857719,0.261460599577643,0.449607838639735,0.269325954973129,0.750567128171745,0.550392161360265,0.249432871828255,0.730674045026871,315,0.00223294875553284,19,25963818
818,-0.80084467213638,0.133437140216436,0.448949588707638,0.345633379968052,0.583148922767205,0.551050411292362,0.416851077232795,0.654366620031948,255,1.95307417174951e-09,20,287451337
243,-1.15381223565252,0.282492121353367,0.315431973340257,0.181320948938537,0.548735986590582,0.684568026659743,0.451264013409418,0.818679051061463,276,4.41898984443865e-05,18,761697022
118,-1.12109637590249,0.281198476353068,0.325922265347801,0.18782675404292,0.565549479842307,0.674077734652199,0.434450520157693,0.81217324595708,282,6.69560955351123e-05,19,329443150
918,-0.739069492156488,0.262817981567533,0.47755808037907,0.285308773179592,0.799350533787424,0.52244191962093,0.200649466212576,0.714691226820408,298,0.00492197541060927,19,791953385
993,-0.66414604420571,0.259800465296369,0.514712882133397,0.309330312866058,0.856461006292597,0.485287117866603,0.143538993707403,0.690669687133942,309,0.0105770668199709,17,416348348
843,-1.08723977685833,0.277470876573054,0.337145808220965,0.195719512826311,0.58076629335288,0.662854191779035,0.41923370664712,0.804280487173689,273,8.91415020265284e-05,20,746469441
792,-0.640530395565767,0.272917149762475,0.527012824635172,0.308683691072179,0.8997641448605,0.472987175364828,0.1002358551395,0.691316308927821,279,0.0189264003154922,16,510203033
393,-0.959746062579778,0.260145266004065,0.382990129153116,0.230012548075678,0.637710595599592,0.617009870846884,0.362289404400408,0.769987451924321,330,0.00022489865668684,17,775837633
693,-0.568352391961193,0.276982459904921,0.566457970971367,0.329154498637054,0.974845047555659,0.433542029028633,0.0251549524443411,0.670845501362946,281,0.0401751418199423,19,1209635
43,-1.24640659960017,0.277210610395498,0.287536175279786,0.167005353180228,0.495056299215181,0.712463824720214,0.504943700784819,0.832994646819772,293,6.91642972529652e-06,19,967729282
893,-0.768269167793613,0.272423758489839,0.463815160184822,0.271930183765334,0.791101965359303,0.536184839815178,0.208898034640697,0.728069816234666,284,0.00480048819611007,18,407150871
568,-0.762554196816893,0.264042599794523,0.466473439122186,0.278018343738236,0.782673065671362,0.533526560877814,0.217326934328638,0.721981656261764,304,0.00387703753495331,18,632804215
943,-1.10212353667223,0.273658348514594,0.33216496973951,0.194274330540632,0.567926636602016,0.66783503026049,0.432073363397984,0.805725669459368,292,5.64041355813009e-05,17,406823166
218,-0.990409069428595,0.266791660594506,0.371424721442544,0.220179729128218,0.62656232817116,0.628575278557456,0.37343767182884,0.779820270871782,311,0.000205389246107071,23,727836139
768,-1.59279234915119,0.300375793327508,0.203356974511697,0.112870054077593,0.366386455827528,0.796643025488303,0.633613544172472,0.887129945922407,265,1.14123937392398e-07,17,566380228
468,-0.610309370673118,0.267098263966047,0.543182798249828,0.321804085612931,0.916854587947648,0.456817201750172,0.0831454120523519,0.678195914387069,278,0.0223150588310434,19,306977068
618,-0.940986318321291,0.271901808921738,0.390242741911281,0.229029589693631,0.664933285773903,0.609757258088719,0.335066714226097,0.770970410306369,289,0.000538657109969171,19,338515419
418,-0.782560632082053,0.265694664258543,0.457233703730814,0.271630496521204,0.769658276610625,0.542766296269186,0.230341723389375,0.728369503478796,304,0.00322601873480288,18,207479844
643,-0.617512092839958,0.267936808034659,0.539284459646707,0.318969884464727,0.911771745801294,0.460715540353293,0.0882282541987057,0.681030115535273,290,0.0211837717667542,19,67882038
593,-1.03306860960491,0.278073600234416,0.355913124716857,0.206370361903205,0.613819499939299,0.644086875283143,0.386180500060701,0.793629638096795,285,0.000203130925400165,21,490720368
668,-1.20133691853078,0.278928670134734,0.300791808838931,0.174117126355508,0.519625577094953,0.699208191161069,0.480374422905047,0.825882873644492,283,1.65507376177882e-05,21,768988990
68,-0.942430394998165,0.274949185461006,0.389679608171379,0.227337201153377,0.667951379071264,0.610320391828621,0.332048620928736,0.772662798846623,281,0.000608823165436957,17,635972711
18,-0.763145778426185,0.279226416080774,0.466197563623859,0.269706891289766,0.805838394745788,0.533802436376141,0.194161605254212,0.730293108710234,272,0.00627466967759007,20,882060414
718,-0.711394898682261,0.12662740739181,0.490958881701931,0.383053713072345,0.629260637075424,0.509041118298069,0.370739362924576,0.616946286927655,285,1.93161752051049e-08,18,265799485
144,-0.974008985438114,0.276634558373332,0.377566341961536,0.219543968000497,0.649329352478012,0.622433658038464,0.350670647521988,0.780456031999503,289,0.000430047438811244,20,523275489
317,-1.06170331147243,0.262643688029103,0.345866190469323,0.206702342238077,0.578723106930166,0.654133809530677,0.421276893069834,0.793297657761924,315,5.29133522740263e-05,17,325771973
544,-1.10644728932804,0.278706892482566,0.330731870984335,0.191531544471706,0.571099506279801,0.669268129015665,0.428900493720199,0.808468455528294,295,7.1893278629792e-05,20,55928459
94,-1.54678968999398,0.287337584632341,0.212930450515609,0.121242693923859,0.373955537355955,0.787069549484391,0.626044462644045,0.878757306076141,279,7.31816428397567e-08,18,655402063
443,-0.723864904856427,0.264882831199591,0.484874635551397,0.288509947335103,0.814888409819812,0.515125364448603,0.185111590180188,0.711490052664897,291,0.00628034161699035,21,275084569
194,-0.614121614591969,0.274467383876108,0.541115995012517,0.315982703731522,0.926653631988581,0.458884004987483,0.0733463680114194,0.684017296268478,277,0.0252534787677311,17,36478947
519,-1.09589254240429,0.285252919330503,0.334241149376323,0.191096261539417,0.584611886367863,0.665758850623677,0.415388113632137,0.808903738460583,274,0.000122121596099382,19,412719218
294,-1.10347712308721,0.298961571674589,0.331715659907383,0.184624538770345,0.595994875657693,0.668284340092617,0.404005124342307,0.815375461229655,253,0.000223344872837074,17,960299156
369,-0.88181943348543,0.272599832855461,0.414028927882565,0.242657258997191,0.706428292448363,0.585971072117435,0.293571707551637,0.757342741002809,293,0.00121706863917996,18,772371082
169,-1.22560963745009,0.277625692640977,0.293578669205746,0.170376259545468,0.505871153895218,0.706421330794254,0.494128846104782,0.829623740454532,286,1.01191446021323e-05,18,955826154
269,-0.630777128255502,0.257364523859861,0.532178069651671,0.321357095886652,0.881304634138443,0.467821930348329,0.118695365861557,0.678642904113347,310,0.0142495818437736,20,844940769
343,-0.736619968611357,0.276607924204974,0.478729304025447,0.2783818524278,0.823263961116602,0.521270695974553,0.176736038883398,0.7216181475722,272,0.00774365425844303,17,149253572
819,-0.716918231062342,0.274934877830509,0.488254627735019,0.284853379295769,0.836895746485542,0.511745372264981,0.163104253514458,0.715146620704231,278,0.00911813285989382,17,636218857
119,-0.95738442820669,0.279146346917147,0.383895680676601,0.22212806044314,0.663472653334023,0.616104319323399,0.336527346665977,0.77787193955686,272,0.000604279226359276,18,98819224
969,-1.3383770677403,0.274472784547809,0.262270971388399,0.153150552185299,0.449140152950864,0.737729028611601,0.550859847049136,0.846849447814701,293,1.0816318415582e-06,20,943394830
867,-0.901129449675433,0.287098744436247,0.40611071899439,0.231347898160554,0.712891352778502,0.59388928100561,0.287108647221498,0.768652101839446,266,0.00169673632416541,19,7499599
844,-1.17025461151206,0.282170774301242,0.310287928328506,0.178476352303299,0.539447367810287,0.689712071671494,0.460552632189713,0.821523647696701,273,3.36378734611867e-05,20,988461820
394,-1.27019554289565,0.286311481762648,0.2807767125186,0.160196236759912,0.492118690721208,0.7192232874814,0.507881309278792,0.839803763240088,279,9.14709263990258e-06,20,74299786
994,-0.645935623509397,0.275849503201898,0.524171885068621,0.305260211104695,0.900071988098568,0.475828114931379,0.0999280119014315,0.694739788895305,279,0.0192000829105676,20,127423465
744,-0.708884495778998,0.270938566828548,0.492192934640882,0.289409010898364,0.837064071220229,0.507807065359118,0.162935928779771,0.710590989101636,292,0.00888615924600943,21,637984710
494,-0.986751323067321,0.279796017926707,0.372785786563899,0.215425219008688,0.645092730106312,0.627214213436101,0.354907269893688,0.784574780991312,276,0.000420803300643805,18,67738262
894,-0.904214437093892,0.267882426656032,0.40485980305785,0.239487430579557,0.684426150196595,0.59514019694215,0.315573849803405,0.760512569420443,300,0.000737043799960917,17,42638380
244,-0.847066045011017,0.281110345876301,0.42867078953462,0.247082695544903,0.743713133754605,0.57132921046538,0.256286866245395,0.752917304455097,271,0.00258434706569827,19,422459002
793,-0.717747285239012,0.269820454050223,0.487850005946485,0.287484694274006,0.827861910711483,0.512149994053515,0.172138089288517,0.712515305725994,294,0.00781192634539607,23,823270488
944,-1.0872982016002,0.286609363834668,0.337126111139551,0.192233935924416,0.591227632444481,0.66287388886045,0.408772367555519,0.807766064075584,267,0.000148443482155866,17,84924331
919,-0.743858700295686,0.272468736415877,0.475276423359865,0.278625244268461,0.810722227251235,0.524723576640135,0.189277772748765,0.721374755731539,285,0.00633208948821414,19,342508430
769,-1.15256484775176,0.284750119963635,0.315825684871763,0.180745588031176,0.551857803619047,0.684174315128237,0.448142196380953,0.819254411968824,268,5.17375127311435e-05,17,375587645
219,-0.929511432330394,0.264319544979584,0.394746523655745,0.235141405351835,0.662685577238683,0.605253476344255,0.337314422761317,0.764858594648165,306,0.000437078824333532,18,468824564
694,-1.13519388752034,0.289628147049484,0.321359807637421,0.182162774787952,0.566922227030057,0.678640192362579,0.433077772969943,0.817837225212048,265,8.87374816226714e-05,19,821217639
469,-0.768400713201246,0.278346829863474,0.463754151443307,0.268756241682578,0.800234114134227,0.536245848556693,0.199765885865773,0.731243758317422,276,0.00576975417944718,17,543365250
44,-0.827591735782124,0.277860129020005,0.437100673716188,0.253551687467104,0.753522884709388,0.562899326283812,0.246477115290612,0.746448312532896,266,0.00289712897815447,19,152869407
419,-1.49991240972379,0.285809748827385,0.223149705036746,0.127442598467485,0.390731132735741,0.776850294963254,0.609268867264259,0.872557401532515,285,1.53809380521849e-07,19,873635213
594,-0.767676917668019,0.270571573761746,0.464089936131707,0.273080827147108,0.788702272029911,0.535910063868293,0.211297727970089,0.726919172852892,294,0.00455051678196479,18,857834333
569,-0.384293595450293,0.264290815062259,0.680931479444784,0.405638027710621,1.14305772147586,0.319068520555216,-0.143057721475857,0.594361972289379,286,0.145930833417835,18,588006576
69,-1.25171222402205,0.274807164313185,0.286014656199627,0.166906021784671,0.490122421505728,0.713985343800373,0.509877578494272,0.833093978215329,305,5.24167914292642e-06,20,90484280
19,-0.18415234945892,0.286095724902679,0.831809068511376,0.474786681974415,1.45729935721964,0.168190931488624,-0.457299357219644,0.525213318025585,245,0.519786921614531,17,70961241
619,-1.25836615723887,0.282103169132357,0.284117851382916,0.163445086300866,0.493884247617279,0.715882148617084,0.506115752382721,0.836554913699134,279,8.1707853952803e-06,18,281802607
719,-0.995598982340069,0.283665814324157,0.369502053041487,0.211914208720404,0.644278493765425,0.630497946958513,0.355721506234575,0.788085791279596,275,0.00044851100415037,19,296219725
644,-0.721020745017552,0.278068341594932,0.486255659512211,0.281950239360017,0.838603886077017,0.513744340487789,0.161396113922983,0.718049760639983,279,0.00951531821582763,18,104172291
669,-0.692039511598723,0.279604185444757,0.500554141326527,0.289368694339903,0.865865773665298,0.499445858673473,0.134134226334702,0.710631305660097,268,0.0133210623817783,20,238894678
318,-1.26363700604251,0.286595750704834,0.282624248880264,0.161160525884115,0.495632944959298,0.717375751119736,0.504367055040702,0.838839474115885,273,1.03788245089203e-05,21,472969995
95,-0.963024271788032,0.282419998360383,0.381736663069632,0.219466144599793,0.663987970432844,0.618263336930368,0.336012029567156,0.780533855400207,272,0.000649864334568159,20,17410966
195,-1.0669290368814,0.28093634922076,0.344063503006868,0.198383319393751,0.596722015052067,0.655936496993132,0.403277984947933,0.801616680606249,279,0.000146009156865082,19,154638039
145,-0.963545178551335,0.278966817190758,0.381537865641996,0.220841485913535,0.659165746492235,0.618462134358004,0.340834253507765,0.779158514086465,292,0.000552382954702219,19,802457849
444,-0.97133924364461,0.287248029008699,0.378575693358782,0.215599009280502,0.664750529607577,0.621424306641218,0.335249470392423,0.784400990719498,258,0.000720820678299365,19,428926620
295,-1.01034479029144,0.293614074476864,0.36409342205016,0.20478025499535,0.647347665345987,0.635906577949841,0.352652334654013,0.79521974500465,253,0.000579431690434754,19,278073658
545,-1.3683916204868,0.29009489306525,0.254515988829684,0.144140442004856,0.449411613208246,0.745484011170316,0.550588386791754,0.855859557995144,263,2.39290904775363e-06,18,677432080
270,-1.14152567178341,0.290868873285005,0.319331454986971,0.180573354499654,0.564715533067706,0.680668545013029,0.435284466932294,0.819426645500346,264,8.68966830777309e-05,18,585616956
344,-0.951369370750091,0.289796769430843,0.386211794047457,0.218851775684897,0.681555127412426,0.613788205952543,0.318444872587574,0.781148224315103,261,0.00102750694350855,18,832909871
970,-1.34405928178571,0.285757525494348,0.260784917627269,0.148951617569577,0.4565829788998,0.739215082372731,0.5434170211002,0.851048382430423,280,2.55744531412615e-06,20,577862533
170,-1.05763873961793,0.278174338701637,0.347274849310727,0.201321846551262,0.59903991061934,0.652725150689273,0.40096008938066,0.798678153448738,276,0.000143491270674915,19,301411577
520,-1.17891994344305,0.285120532437394,0.307610796305838,0.175916484179358,0.537893890077045,0.692389203694161,0.462106109922955,0.824083515820642,275,3.55244544466678e-05,20,154747149
370,-0.624645030843572,0.265670180977037,0.535451463543031,0.318112871509609,0.901278431299544,0.464548536456969,0.098721568700456,0.681887128490391,299,0.0187127262595174,20,189757213
745,-0.710586137208146,0.266359523898645,0.491356110941026,0.291521589931624,0.82817477709187,0.508643889058974,0.17182522290813,0.708478410068376,297,0.00763563473385404,18,358182598
820,-0.783649093434952,0.273732730051114,0.456736293270201,0.267093796178079,0.781029153710174,0.543263706729799,0.218970846289826,0.732906203821921,285,0.00419881477147001,18,191801205
120,-1.00021222511373,0.281275816101178,0.367801376199169,0.211929269503876,0.638316041246622,0.632198623800831,0.361683958753378,0.788070730496124,281,0.000376567385741274,18,947282603
920,-0.899803342766549,0.260006198149052,0.406649622467456,0.244288316344248,0.676921098510073,0.593350377532544,0.323078901489927,0.755711683655752,313,0.000538773682210088,17,781261027
395,-0.995250740418307,0.306475637492765,0.369630751554341,0.202719515574021,0.673970101535387,0.630369248445659,0.326029898464613,0.797280484425979,238,0.00116462238858262,18,109800264
845,-0.474790891566243,0.268963419543999,0.62201511147248,0.367162956237368,1.05376316517615,0.37798488852752,-0.053763165176151,0.632837043762632,285,0.0775197505462391,18,198128682
995,-0.466457335876811,0.275232802169022,0.627220368066872,0.36571398402635,1.07571875099421,0.372779631933128,-0.0757187509942114,0.63428601597365,264,0.0901183437062627,19,457608010
695,-0.806297734386341,0.280648324919649,0.446508101494179,0.257597151269281,0.773958421968432,0.553491898505821,0.226041578031568,0.742402848730719,275,0.00406616601657196,19,242700506
868,-1.20304070781041,0.275857157749048,0.300279759315746,0.174870286154082,0.515627530770282,0.699720240684254,0.484372469229718,0.825129713845918,291,1.2941007844137e-05,20,637571217
245,-0.906071096405958,0.275590551498567,0.404108813715832,0.235458959153585,0.693555827775053,0.595891186284168,0.306444172224947,0.764541040846415,287,0.00100993741246469,20,390827438
945,-0.984362616549364,0.266397398111256,0.373677326792122,0.221686308216899,0.629875366149751,0.626322673207878,0.370124633850249,0.778313691783101,302,0.000219808085766776,19,965967601
45,-0.60148387438339,0.259989539934123,0.547997872476731,0.329211785955418,0.912183831351925,0.452002127523269,0.0878161686480748,0.670788214044582,306,0.0206955716411741,21,147099280
895,-1.10926565337082,0.278953131589948,0.329801060468928,0.190900344305385,0.569767120547627,0.670198939531072,0.430232879452373,0.809099655694615,283,6.9928015202159e-05,19,846725583
495,-1.44598827422553,0.291753855502359,0.235513209871657,0.132945591176196,0.417211819762719,0.764486790128343,0.582788180237281,0.867054408823804,276,7.18879901209628e-07,19,237813113
770,-0.510931502104855,0.27004078908535,0.59993647635963,0.353383389186553,1.01850790580539,0.40006352364037,-0.0185079058053947,0.646616610813447,286,0.0584839111973044,21,362179028
570,-1.03939135956042,0.261910162795177,0.353669874252502,0.211670206383868,0.590930495560347,0.646330125747498,0.409069504439653,0.788329793616132,312,7.23254395333014e-05,20,386183239
420,-0.35944451500143,0.279373022048569,0.698063982462708,0.403731358475886,1.2069741757273,0.301936017537292,-0.206974175727301,0.596268641524114,256,0.198229768258218,17,840124487
470,-0.90321251570506,0.295017165040309,0.405265644030437,0.227311141182163,0.722534942094132,0.594734355969563,0.277465057905868,0.772688858817837,247,0.00220187446159326,16,189175627
220,-0.888325500140022,0.27880807306335,0.41134397180337,0.238167926175622,0.710439335203358,0.58865602819663,0.289560664796642,0.761832073824378,276,0.00144177752525875,18,943348894
595,-0.771906323977056,0.28698652634856,0.462131256174273,0.263318861594784,0.811052032656373,0.537868743825727,0.188947967343627,0.736681138405216,263,0.00715172760751272,16,659828860
794,-0.630910355421553,0.258438326698743,0.532107173798349,0.320638753530393,0.88304374093953,0.467892826201651,0.11695625906047,0.679361246469607,304,0.014636865014797,19,607247680
20,-0.640081715990275,0.278950387787449,0.527249337580904,0.305191927580394,0.910875547015487,0.472750662419096,0.0891244529845132,0.694808072419606,275,0.021755614902407,16,434686236
645,-0.998099074269257,0.268638286614803,0.368579417757947,0.217703672594888,0.62401697488854,0.631420582242053,0.37598302511146,0.782296327405112,304,0.000202881344009337,18,433561164
670,-0.383559942395151,0.284763510524357,0.681431230204442,0.38996972653754,1.19072966412237,0.318568769795558,-0.190729664122374,0.61003027346246,263,0.177998901980646,17,800319933
70,-0.894446020206955,0.285979155598776,0.408834021704891,0.233410898545341,0.716098769787849,0.591165978295109,0.283901230212151,0.766589101454659,268,0.00176202932055922,18,55402827
620,-0.963329463580529,0.291726825708956,0.381620177949223,0.215433385056109,0.676004604300616,0.618379822050777,0.323995395699384,0.784566614943891,262,0.000959423767742589,19,937692306
546,-1.32021321217703,0.290060771849226,0.267078351538036,0.151265020436726,0.471562068046739,0.732921648461964,0.528437931953261,0.848734979563274,272,5.32633931369342e-06,17,670672043
96,-0.887845197862408,0.271446962209684,0.411541588704034,0.241745086999132,0.700599467544291,0.588458411295966,0.299400532455709,0.758254913000868,296,0.00107248651922434,20,704430941
196,-1.1868554873735,0.277884085523687,0.305179397314359,0.177018985955275,0.526126980349367,0.694820602685641,0.473873019650633,0.822981014044725,286,1.94558973520204e-05,18,532237918
720,-1.11396407858393,0.283188511226096,0.328255149368811,0.18843477344933,0.571823560560146,0.671744850631189,0.428176439439854,0.81156522655067,275,8.36660886604429e-05,16,663044106
146,-0.846009442333387,0.269803184669667,0.429123963608974,0.252886636638102,0.728181522723177,0.570876036391026,0.271818477276823,0.747113363361898,286,0.00171471358924879,18,63698650
296,-0.893778085181172,0.281278324831345,0.40910718748606,0.235728756578427,0.710005403167986,0.59089281251394,0.289994596832014,0.764271243421573,277,0.00148521173377266,21,664826988
445,-0.499827319707522,0.274360510307305,0.606635404647782,0.354316733424647,1.03863712733862,0.393364595352218,-0.0386371273386179,0.645683266575353,275,0.0684868082842265,20,521435249
319,-0.831314667195674,0.272619478403429,0.43547640328689,0.255217533138557,0.743051213949046,0.56452359671311,0.256948786050954,0.744782466861443,287,0.00229330235392478,19,505515877
171,-0.992063645432229,0.285398177086483,0.370810679141202,0.211943872064792,0.648759307950762,0.629189320858798,0.351240692049238,0.788056127935208,274,0.000508822091310597,18,969813412
371,-0.74931583858156,0.280524225601272,0.472689838288901,0.272768121216762,0.819141482607598,0.527310161711099,0.180858517392402,0.727231878783238,264,0.00755970343332518,19,687517089
271,-1.00210377852922,0.266120630720963,0.367106317827056,0.217906189917908,0.618463608763526,0.632893682172944,0.381536391236474,0.782093810082092,301,0.000166149778223554,19,318033644
121,-1.25873112675571,0.279710143005761,0.28401417594831,0.164153562401763,0.491393856821541,0.71598582405169,0.508606143178459,0.835846437598237,280,6.79129210326815e-06,18,810787489
345,-1.01772050177494,0.275554832218259,0.361417853257296,0.210599290404198,0.620243612418689,0.638582146742704,0.379756387581311,0.789400709595802,283,0.000221318883091943,21,822756077
971,-1.48320225586865,0.303412273881148,0.22690990016423,0.125195422167358,0.411261864860464,0.77309009983577,0.588738135139536,0.874804577832642,257,1.01655927599944e-06,17,597255084
396,-0.966688425894901,0.280104363152,0.380340480583895,0.219658131368365,0.658563742983849,0.619659519416105,0.341436257016151,0.780341868631635,277,0.000558157066736605,20,185158038
996,-0.698634420952872,0.275500658832849,0.497263893505874,0.28978796170106,0.853283822879093,0.502736106494126,0.146716177120907,0.71021203829894,275,0.0112167707965743,19,131001382
846,-1.48333327755803,0.281323943841569,0.226880171993334,0.13071732973064,0.393785678989886,0.773119828006666,0.606214321010114,0.86928267026936,292,1.34440279170573e-07,19,72025609
821,-0.6491739833932,0.289735301255861,0.522477173387991,0.296103939627837,0.921914098997152,0.477522826612009,0.0780859010028478,0.703896060372163,258,0.025053548051544,18,342054425
746,-0.819969302597966,0.272476799701157,0.440445174821084,0.258201751617862,0.751319271878075,0.559554825178916,0.248680728121925,0.741798248382138,282,0.00261835012957614,18,251294132
246,-0.368923871443705,0.280867060629328,0.69147804967224,0.39875296278821,1.19909301697773,0.30852195032776,-0.199093016977732,0.60124703721179,258,0.18900854147899,20,699349171
521,-0.854023806048679,0.280254192084717,0.425698552664754,0.245781603246502,0.737318234347734,0.574301447335246,0.262681765652266,0.754218396753498,275,0.00230892857336615,21,6642862
496,-0.543110782748737,0.278522794198989,0.580938265860657,0.336551051475788,1.00278774129894,0.419061734139343,-0.00278774129893833,0.663448948524213,262,0.0511798276070487,16,403993284
946,-0.721089056403741,0.268065630701262,0.486222443848584,0.287512759726773,0.822267036519546,0.513777556151416,0.177732963480454,0.712487240273227,293,0.00714580019033797,18,261094904
896,-0.738768828755286,0.260885637935224,0.477701686203214,0.28647749906913,0.796568322967407,0.522298313796786,0.203431677032593,0.71352250093087,311,0.00462907413520151,18,392401976
696,-0.687044667815472,0.274942151421971,0.503060585505082,0.293487161792323,0.862286279042738,0.496939414494918,0.137713720957262,0.706512838207678,280,0.012459003948035,18,611993896
921,-1.2884371525524,0.281742046940135,0.275701325679064,0.158715590495851,0.478914646908492,0.724298674320936,0.521085353091508,0.841284409504149,295,4.80539482352028e-06,17,380804796
421,-1.10481410628179,0.271766108848929,0.331272457987488,0.194472232065778,0.564303912467839,0.668727542012512,0.435696087532161,0.805527767934222,293,4.79681853773559e-05,19,663184082
221,-0.580634932679992,0.271942342113627,0.559542981629689,0.328364131585451,0.953479135432206,0.440457018370311,0.0465208645677943,0.671635868414549,289,0.0327495880566271,20,794565448
471,-0.793917995727795,0.271925936024858,0.452070112183973,0.265302913285797,0.770317158597787,0.547929887816027,0.229682841402213,0.734697086714203,297,0.00350468384949127,20,15535000
869,-0.791836008373121,0.275844242251954,0.45301229690897,0.263821962308813,0.777873605952953,0.54698770309103,0.222126394047047,0.736178037691187,277,0.00409705208316844,21,525010570
795,-0.433905442579194,0.26532499270289,0.647973523293755,0.385223007366823,1.08993927896396,0.352026476706245,-0.089939278963957,0.614776992633177,294,0.101970789444195,19,551499240
46,-0.407125314508499,0.273410373188786,0.665560780653307,0.389457786218493,1.13740479307127,0.334439219346693,-0.137404793071268,0.610542213781507,264,0.136470737447235,18,664536213
771,-0.972094810226223,0.277428972179067,0.378289762249867,0.219622392739423,0.651587219491091,0.621710237750133,0.348412780508909,0.780377607260577,281,0.000458426540091137,19,969460858
596,-1.19372259549595,0.27894043571072,0.303090876652249,0.175443924908922,0.523609350152865,0.696909123347751,0.476390649847135,0.824556075091078,291,1.87322686425921e-05,20,86302888
571,-0.90650083399979,0.289889155478144,0.403935190275511,0.228853518283826,0.712961020509881,0.596064809724489,0.287038979490119,0.771146481716174,260,0.00176563783060627,19,719431581
21,-0.546243676229304,0.27479298879852,0.579121096140811,0.337959897334179,0.992369942826988,0.420878903859189,0.00763005717301168,0.662040102665821,278,0.0468297178692407,21,463650668
621,-0.612093786126096,0.277756307587285,0.542214398741322,0.314589663320481,0.934539460385611,0.457785601258678,0.0654605396143889,0.685410336679519,261,0.0275448889581503,18,284549885
671,-1.18667074093003,0.278315202148179,0.305235783331032,0.176902151882349,0.526669022588669,0.694764216668968,0.473330977411331,0.823097848117651,290,2.01010452748942e-05,18,76627791
97,-1.02772898248326,0.262250527068194,0.357818650962891,0.214010420662005,0.598261461198248,0.642181349037109,0.401738538801752,0.785989579337995,311,8.89604928760054e-05,18,89369423
71,-1.18490729737953,0.27202454417937,0.305774524284548,0.179412867473529,0.521133523019115,0.694225475715452,0.478866476980885,0.820587132526471,290,1.32531091366373e-05,17,435206596
197,-0.285837991964087,0.281582908355534,0.751384336387329,0.432691467563926,1.30480599524375,0.248615663612671,-0.30480599524375,0.567308532436074,258,0.310052776027481,17,534603805
646,-0.914290665349271,0.264089844089049,0.400800827196828,0.23885532419293,0.672546461438335,0.599199172803172,0.327453538561665,0.76114467580707,306,0.000536089465984293,16,751943622
721,-1.36801845500808,0.288870224685429,0.254610983133695,0.144540766285147,0.448501515513054,0.745389016866305,0.551498484486946,0.855459233714853,272,2.18241686384344e-06,17,142031016
297,-1.01241977977241,0.284229657668171,0.363338715304382,0.208149299201964,0.634232363717676,0.636661284695618,0.365767636282324,0.791850700798036,275,0.000368071272155017,17,31370483
446,-0.544495768609544,0.265272773707798,0.580134231493077,0.344927561330177,0.975728716059021,0.419865768506923,0.0242712839409788,0.655072438669823,288,0.0401125316536811,18,184347667
547,-1.07855240009209,0.27572801074934,0.340087480087282,0.198102764423163,0.583835841205424,0.659912519912718,0.416164158794576,0.801897235576837,280,9.1666417895039e-05,20,897962688
272,-0.83084393169178,0.270164049884284,0.435681445747622,0.256569488845611,0.739832015968818,0.564318554252378,0.260167984031182,0.743430511154389,288,0.00210268914214293,17,533559971
147,-1.06609783857471,0.270194486470026,0.34434960689602,0.2027727670841,0.584776020343323,0.65565039310398,0.415223979656677,0.7972272329159,294,7.95776908471136e-05,19,237782793
172,-1.03491813655304,0.265473187232293,0.355255462171274,0.211139543100121,0.597739492799221,0.644744537828726,0.402260507200779,0.788860456899879,310,9.68341928498618e-05,17,498232259
822,-0.762345873658244,0.272236673403461,0.466570626465285,0.273646008184968,0.795510049366642,0.533429373534715,0.204489950633358,0.726353991815032,286,0.00510542523607444,17,535537496
972,-1.00726654427982,0.277556532417774,0.365215917947344,0.211979151422558,0.629225401776597,0.634784082052656,0.370774598223403,0.788020848577442,279,0.000284466103947086,20,317541995
372,-0.69160851135733,0.287285911224207,0.50076992678072,0.285167500408372,0.87937973018964,0.49923007321928,0.12062026981036,0.714832499591628,262,0.0160671116573062,16,872033462
320,-1.02581737329621,0.265342729088611,0.358503314579505,0.213124331870136,0.603049991695956,0.641496685420495,0.396950008304044,0.786875668129864,304,0.000110630866300822,20,777380348
122,-0.825853400620312,0.276136481372565,0.437861161986806,0.254852340366578,0.752288155959893,0.562138838013194,0.247711844040107,0.745147659633422,282,0.00278299103781911,18,680263270
397,-1.49259983957779,0.29317138078213,0.22478748379575,0.126538940618483,0.399319076200991,0.77521251620425,0.600680923799009,0.873461059381517,265,3.55767954281875e-07,17,291617049
997,-0.865134727989885,0.277190852721266,0.420994829019213,0.244529623922967,0.724806439471523,0.579005170980788,0.275193560528477,0.755470376077033,283,0.00180189294029128,19,286443258
697,-0.98290515887327,0.290937402982789,0.374222342752809,0.21158425511724,0.661875155775661,0.625777657247191,0.338124844224339,0.78841574488276,260,0.00072906905725556,22,200362773
847,-0.601139339182595,0.254773838738746,0.548186709562403,0.332709052439061,0.903217590077131,0.451813290437597,0.0967824099228695,0.667290947560939,313,0.0182994905252695,17,226192045
346,-1.10200573243702,0.271817865053753,0.332204102484691,0.194999368614704,0.56594832327748,0.667795897515309,0.43405167672252,0.805000631385296,291,5.03047831915679e-05,21,899226481
747,-0.805554975817772,0.277988295501655,0.446839872410092,0.259136061012995,0.770505929568231,0.553160127589908,0.229494070431769,0.740863938987005,274,0.00375788019688954,19,44373290
522,-1.04606563813675,0.263958668581879,0.351317242779955,0.209419654909306,0.589361132926906,0.648682757220045,0.410638867073094,0.790580345090695,310,7.40167961124793e-05,18,106249641
947,-0.678454564016471,0.277878347558277,0.507400541802255,0.294320456452831,0.874744871369426,0.492599458197745,0.125255128630574,0.705679543547169,267,0.0146242632731163,17,855981505
247,-0.350747641298501,0.268758980286942,0.704161432700079,0.415818852955575,1.19245031767524,0.295838567299921,-0.192450317675237,0.584181147044425,275,0.191871092077106,20,221524123
497,-0.113085165847805,0.270549408923847,0.893074597421847,0.525527760422057,1.51767860163971,0.106925402578153,-0.517678601639707,0.474472239577943,274,0.675959243242806,19,477608026
897,-0.79125498936177,0.271452469864365,0.453275582145307,0.266257324145177,0.771654841904519,0.546724417854693,0.228345158095481,0.733742675854823,293,0.00355810152179165,20,478702183
922,-0.845438525045755,0.280589963817186,0.429369027847384,0.247737701306826,0.744165143626154,0.570630972152616,0.255834856373846,0.752262298693174,280,0.00258615238755873,18,677192015
597,-1.32242370124992,0.126692070065298,0.266488629787226,0.207892201487423,0.341601028310673,0.733511370212774,0.658398971689327,0.792107798512577,279,1.6611284457023e-25,20,60142565
472,-0.950459070307743,0.287361235360096,0.386563522879586,0.220099240278455,0.678927183174398,0.613436477120414,0.321072816825602,0.779900759721545,254,0.000941189304478787,19,311603234
870,-0.60920853248162,0.288261109110439,0.543781083866515,0.309069247737391,0.956736619174384,0.456218916133485,0.0432633808256155,0.690930752262609,255,0.0345672863226994,18,580448690
222,-0.671617002389681,0.28118804809262,0.510881812414378,0.294423683251962,0.886478368088482,0.489118187585622,0.113521631911518,0.705576316748038,272,0.0169174148313908,18,494659910
572,-1.05889940012026,0.276681749114673,0.346837329464688,0.201657278506256,0.596537521488293,0.653162670535312,0.403462478511707,0.798342721493744,282,0.000129641528043443,20,291230054
772,-1.1506016227586,0.285032939097769,0.316446330784225,0.181000421715737,0.553248878193595,0.683553669215776,0.446751121806405,0.818999578284263,283,5.42008952194997e-05,17,164778850
422,-0.969983175839578,0.278738605208829,0.379089415910896,0.219522443555436,0.654642791543878,0.620910584089104,0.345357208456122,0.780477556444564,281,0.000501596243910136,19,649017458
47,-0.62496605928093,0.26726536336318,0.535279595985071,0.317018056617756,0.903810492483767,0.464720404014929,0.0961895075162335,0.682981943382244,287,0.0193679168518467,19,744458663
796,-1.24627796889293,0.285334188338452,0.287573163640238,0.164388507981178,0.503066336337355,0.712426836359762,0.496933663662645,0.835611492018822,285,1.25513800359485e-05,19,348281063
72,-1.22778450212849,0.285993329082227,0.292940869143574,0.167240710026521,0.513118802240099,0.707059130856426,0.486881197759901,0.832759289973479,273,1.76232964628995e-05,20,327678463
98,-0.857030647182656,0.287071800963913,0.424420467208829,0.241791126768359,0.744993149224749,0.575579532791171,0.255006850775251,0.758208873231641,263,0.00283186778611402,17,360449673
22,-0.712835429249269,0.271214427953602,0.490252149582519,0.288112013088648,0.834214330717022,0.509747850417481,0.165785669282978,0.711887986911352,278,0.00858104292799803,19,807056209
548,-0.378355651217101,0.280177834121238,0.684986840935822,0.395543656280713,1.18623308655024,0.315013159064178,-0.186233086550239,0.604456343719287,261,0.176883701412449,19,955410143
672,-0.850679088410953,0.282176482087595,0.427124777953031,0.245677683804423,0.74258098300315,0.57287522204697,0.25741901699685,0.754322316195577,272,0.00257228599869887,20,141020676
622,-0.709147859794714,0.263959680179313,0.49206332580101,0.293317591688328,0.825474923630316,0.50793667419899,0.174525076369684,0.706682408311672,301,0.00721884268910677,19,561081539
273,-1.06345847681184,0.284547745176788,0.345259670546815,0.197668912056545,0.603050013610617,0.654740329453185,0.396949986389383,0.802331087943455,270,0.000185959674288934,18,801375474
198,-1.19565130752766,0.273041999418225,0.30250686500793,0.17714196731829,0.516593581759762,0.69749313499207,0.483406418240238,0.82285803268171,295,1.19224346521767e-05,20,785465609
647,-1.558144538153,0.292910329210093,0.21052633260917,0.118571605615571,0.373793847960226,0.78947366739083,0.626206152039774,0.881428394384429,273,1.04037113545973e-07,22,45875094
722,-0.852942042067402,0.274389209408927,0.426159307194805,0.248892298992167,0.729680089919018,0.573840692805195,0.270319910080982,0.751107701007833,283,0.00188032260465989,17,38880926
148,-1.22357495651607,0.288285582332688,0.294176616236037,0.167193356135908,0.517603591076538,0.705823383763963,0.482396408923462,0.832806643864092,270,2.19261712238203e-05,21,188293230
173,-0.484835437027199,0.263771794757282,0.615798526062626,0.367211003440219,1.03267010287898,0.384201473937374,-0.0326701028789751,0.632788996559781,295,0.0660496255180115,20,312568991
298,-1.67235855037321,0.292456575930181,0.187803598627046,0.105867929879398,0.333152746988135,0.812196401372954,0.666847253011865,0.894132070120602,286,1.07586157525353e-08,21,828523102
447,-0.919872191661144,0.28123918894467,0.398569978396195,0.229674802431504,0.691665023750787,0.601430021603805,0.308334976249213,0.770325197568496,277,0.00107250397015511,19,989057724
123,-1.11280177231619,0.285894910319734,0.328636904201381,0.187655864809971,0.575533383475308,0.671363095798619,0.424466616524692,0.812344135190029,270,9.92797167395522e-05,20,445460630
321,-0.875162571600044,0.291244957949333,0.416794255261406,0.235512285334787,0.737615241480782,0.583205744738594,0.262384758519218,0.764487714665213,255,0.00265666387095561,21,863911359
973,-1.25311931060315,0.292901009979771,0.285612491821293,0.160864201124052,0.507101610640277,0.714387508178707,0.492898389359723,0.839135798875948,280,1.88323438196397e-05,20,721974019
398,-0.745591249636738,0.270167008527662,0.474453696419065,0.279400552094218,0.805675967203549,0.525546303580935,0.194324032796451,0.720599447905782,288,0.00578470194631949,20,926992969
823,-0.834445486012562,0.276326117553917,0.434115137619182,0.252578111809425,0.746129390864698,0.565884862380818,0.253870609135302,0.747421888190575,291,0.00252954115672996,17,451664331
998,-0.8337650170263,0.287654446319301,0.434410640035511,0.247200044889957,0.763400363701671,0.565589359964489,0.236599636298329,0.752799955110043,269,0.00374958110062231,18,96745163
373,-0.624144165793784,0.263315568452011,0.535719719641421,0.319744449825997,0.897578107044122,0.464280280358579,0.102421892955878,0.680255550174003,302,0.0177723290005216,20,706923935
347,-1.18498628487693,0.289687102916312,0.305750372873949,0.173294542675167,0.539447400186102,0.694249627126051,0.460552599813898,0.826705457324833,255,4.3030846242059e-05,19,152996866
523,-0.609395289870954,0.272870094493345,0.543679538213418,0.318475144094153,0.928133468979824,0.456320461786582,0.0718665310201759,0.681524855905847,272,0.0255304939661379,19,860043117
948,-1.1022505876426,0.285881974951591,0.332122770538563,0.189651147095866,0.581623345807937,0.667877229461437,0.418376654192063,0.810348852904134,276,0.000115439447887606,19,456617163
248,-0.861429929962953,0.272794688069486,0.422557422590617,0.247561140847733,0.721255261528497,0.577442577409383,0.278744738471503,0.752438859152267,291,0.00158966848513032,20,260032048
898,-1.02695122963693,0.29221158782851,0.358097053687369,0.20196206067814,0.634938559395745,0.641902946312631,0.365061440604255,0.79803793932186,261,0.00044073253894607,17,62980615
498,-0.781400138557967,0.283138477645672,0.457764628490776,0.262805422931506,0.797352097075681,0.542235371509224,0.202647902924319,0.737194577068494,266,0.00578401534818277,20,894482752
698,-0.879530413720996,0.27573744425318,0.414977733784986,0.241722265855812,0.712414799388171,0.585022266215014,0.287585200611829,0.758277734144188,283,0.00142401454882443,19,331013775
848,-0.845463543821849,0.27884023744847,0.429358285694193,0.248582532298185,0.741598920044481,0.570641714305807,0.258401079955519,0.751417467701815,277,0.00242881645679791,20,695865778
748,-1.01110353737028,0.289013089269774,0.363817272007021,0.206478542291877,0.641049699118484,0.636182727992979,0.358950300881516,0.793521457708123,263,0.00046793624523476,17,59555937
48,-0.853337816463929,0.277454011773061,0.425990677624009,0.24730381278938,0.733785926612919,0.574009322375991,0.266214073387081,0.75269618721062,288,0.00210078813752585,21,244314879
923,-0.800910338657628,0.285410945527363,0.448920108717867,0.256582375807392,0.785436892838432,0.551079891282133,0.214563107161568,0.743417624192608,263,0.00501349405671083,20,252289717
797,-0.888535054696441,0.274011614468662,0.411257781830889,0.240367097723048,0.703644403575314,0.588742218169111,0.296355596424686,0.759632902276952,287,0.00118406464129792,21,590022881
473,-1.14968006699553,0.280278621947555,0.316738088138751,0.182863360009605,0.548622843157437,0.683261911861249,0.451377156842563,0.817136639990395,283,4.09738589817477e-05,17,760920143
598,-1.39875491256701,0.283181016462824,0.246904189944353,0.141737360777643,0.430103105332358,0.753095810055647,0.569896894667642,0.858262639222357,292,7.83482777240562e-07,19,118814662
573,-0.967346290138174,0.277197034333628,0.380090350466301,0.220768090198105,0.654391105109245,0.619909649533699,0.345608894890755,0.779231909801895,284,0.000483486052197543,20,950913803
871,-0.925629400397506,0.297109924054213,0.39628192056767,0.221362389042966,0.709422053347644,0.60371807943233,0.290577946652356,0.778637610957034,268,0.0018366807234442,19,69390801
773,-1.01852834020155,0.27862447914315,0.361126003926798,0.209167003866813,0.623482615810556,0.638873996073202,0.376517384189444,0.790832996133187,283,0.000256621754864146,19,456312900
223,-0.188071173149794,0.261646193940417,0.828555734212674,0.496144387908858,1.38367906888995,0.171444265787326,-0.383679068889951,0.503855612091142,291,0.472264419236295,19,137914089
423,-1.33474081176719,0.279941517242299,0.263226391798529,0.152069731519158,0.455633955864147,0.736773608201471,0.544366044135853,0.847930268480842,286,1.8613089035142e-06,20,24478163
23,-1.22748541878477,0.274938886102582,0.293028495981441,0.17095486007526,0.502271180938313,0.706971504018559,0.497728819061687,0.82904513992474,292,8.02276498664265e-06,19,674584059
673,-0.948631399637666,0.285645493787642,0.387270679720536,0.221244627072377,0.67788574735486,0.612729320279464,0.32211425264514,0.778755372927623,268,0.000896924830369843,20,64173351
623,-0.786456537794947,0.279147142376786,0.455455829795658,0.263533473940774,0.78714862970869,0.544544170204342,0.21285137029131,0.736466526059226,284,0.00484210050805644,21,503727694
73,-1.10019396899185,0.282783313225784,0.332806523291119,0.191199273445499,0.57929185581709,0.667193476708881,0.42070814418291,0.808800726554501,287,0.000100000721521934,19,961991064
149,-1.1333552638715,0.296365190213326,0.321951210896935,0.180104081803702,0.57551489760779,0.678048789103065,0.42448510239221,0.819895918196298,256,0.000131205464449075,17,304338493
549,-0.972291746905292,0.314084894933828,0.378215270455688,0.204356997045031,0.69998479559938,0.621784729544312,0.30001520440062,0.795643002954969,225,0.00196392891468106,19,80158755
199,-0.95949084220309,0.265329347971973,0.383087888512706,0.227745430144716,0.644387596413549,0.616912111487294,0.355612403586451,0.772254569855284,310,0.000298929609036132,20,349029603
648,-0.907897933306175,0.282057427454685,0.403371246735647,0.232069047586232,0.7011204828279,0.596628753264353,0.2988795171721,0.767930952413768,267,0.00128709957464445,18,196333534
174,-0.587292446912348,0.303624261524632,0.555830188964224,0.306546732329373,1.00783067109015,0.444169811035776,-0.00783067109015168,0.693453267670628,245,0.0530794756893948,21,762261632
274,-1.29526113271301,0.274420246837209,0.273826349976821,0.159914667660045,0.46888050382612,0.726173650023179,0.53111949617388,0.840085332339955,294,2.35854920330541e-06,18,592360536
723,-1.19210438272456,0.276359269989703,0.303581739232671,0.176619319704045,0.521810821998215,0.696418260767329,0.478189178001785,0.823380680295955,288,1.60614714379205e-05,21,799509466
99,-0.888570095018268,0.280276321699072,0.411243371478333,0.237425451959173,0.712312471933077,0.588756628521667,0.287687528066923,0.762574548040827,269,0.00152262790322167,18,37373660
299,-1.03514893110182,0.276914916083075,0.355173480607994,0.206409711754703,0.611154389271718,0.644826519392006,0.388845610728282,0.793590288245297,284,0.000185380835661391,17,289145784
824,-0.860530160560307,0.264527403943133,0.422937797929708,0.251831681494595,0.71030134038743,0.577062202070292,0.28969865961257,0.748168318505405,308,0.00114159296287282,17,248904726
448,-0.967568895840484,0.286731785332854,0.380005749603561,0.216632508922497,0.66658679461367,0.619994250396439,0.33341320538633,0.783367491077503,257,0.000739569569043005,22,445896046
124,-0.633227556301827,0.286594752214071,0.530875602037476,0.302721224298734,0.930984953207428,0.469124397962524,0.0690150467925715,0.697278775701266,260,0.0271407427294678,18,714895340
524,-0.615437772939778,0.28137424792546,0.540404269153256,0.31132398238117,0.938047791517419,0.459595730846744,0.0619522084825805,0.68867601761883,263,0.0287237731967897,20,867161804
974,-0.63877205364707,0.278921564255753,0.527940308554382,0.3056091521205,0.912017743783399,0.472059691445618,0.0879822562166014,0.6943908478795,274,0.0220126573848553,19,439562950
399,-0.792914839797897,0.275025284463807,0.452523836537829,0.263960847387416,0.775788624190779,0.547476163462171,0.224211375809221,0.736039152612584,292,0.00393830403346387,18,948823530
849,-1.31036834862322,0.292758161883046,0.269720686840842,0.151956071667258,0.478751840000158,0.730279313159158,0.521248159999842,0.848043928332742,264,7.60753849147862e-06,18,645127711
749,-1.07136344298931,0.280989797001119,0.342541163537946,0.19748486605735,0.594144002324995,0.657458836462054,0.405855997675005,0.80251513394265,270,0.000137390321574468,19,761576643
999,-0.696640783928395,0.266316933676323,0.498256246081638,0.29564011785937,0.83973477130549,0.501743753918362,0.16026522869451,0.70435988214063,296,0.00890099231257047,19,266517629
374,-1.07563851930152,0.282489956347311,0.341079899656588,0.196065074963501,0.593351457272055,0.658920100343412,0.406648542727945,0.803934925036499,277,0.000140262251977055,20,668935301
322,-1.44047582944606,0.273181693476312,0.23681504829554,0.138636190735258,0.404521840955026,0.76318495170446,0.595478159044974,0.861363809264742,317,1.34241668172918e-07,19,917133083
348,-1.08324220583736,0.296501788661959,0.338496270018796,0.189308932861367,0.605252605277456,0.661503729981205,0.394747394722544,0.810691067138633,242,0.000258781859676727,20,739842805
499,-0.561303547257672,0.257829802946685,0.570464950938618,0.344162732052208,0.945570888250715,0.429535049061382,0.0544291117492849,0.655837267947792,306,0.029478233277148,18,164202662
249,-0.404910762694809,0.28536771651813,0.667036332727446,0.381280021432102,1.16695720774269,0.332963667272554,-0.166957207742693,0.618719978567898,256,0.155925607938614,19,546731964
949,-1.3155465373386,0.291450676693723,0.268327632086877,0.151559140036391,0.475060218236015,0.731672367913123,0.524939781763985,0.848440859963609,262,6.36799046182947e-06,22,338341279
699,-0.819129626088946,0.289861780911945,0.440815161600758,0.249761634695543,0.778013832804922,0.559184838399242,0.221986167195078,0.750238365304457,262,0.00471432993128486,20,391947099
924,-1.32529494209047,0.287105695997727,0.265724574168593,0.151372473739835,0.466462280575775,0.734275425831407,0.533537719424225,0.848627526260165,270,3.91108201252953e-06,19,708362490
899,-0.534163819551827,0.271879174081309,0.586159220160712,0.344026286976918,0.998710402041069,0.413840779839288,0.00128959795893069,0.655973713023082,290,0.0494477746359725,18,92445596
599,-1.12938841127237,0.275878409205186,0.323230880346654,0.188228212241232,0.555061330953802,0.676769119653346,0.444938669046198,0.811771787758768,291,4.24377784003253e-05,18,116535186
474,-0.610653195949326,0.270448472713696,0.542996070376909,0.319588048125659,0.92257746863185,0.457003929623091,0.0774225313681501,0.680411951874341,281,0.0239501447472894,20,491196545
574,-0.362786562534505,0.273129103522968,0.695734913549533,0.407338897279685,1.1883153638515,0.304265086450467,-0.188315363851496,0.592661102720315,268,0.184092108798096,20,13123224
224,-0.799962301277722,0.266314364727526,0.449345903564347,0.266620530730906,0.75730004923681,0.550654096435653,0.24269995076319,0.733379469269094,296,0.00266606803557737,19,870717072
49,-1.33081230474238,0.288108912469338,0.264262512398802,0.150243886265509,0.464808766567155,0.735737487601198,0.535191233432845,0.849756113734491,270,3.85353770080615e-06,17,315571468
674,-0.9926621963626,0.279798584897846,0.370588796474873,0.214154546288527,0.641294142257734,0.629411203525127,0.358705857742266,0.785845453711473,277,0.000388501150942859,21,112170621
872,-1.07104127790256,0.276559513166049,0.342651536119754,0.199271320496462,0.589197055114167,0.657348463880246,0.410802944885833,0.800728679503538,287,0.000107621508121405,20,761281090
774,-1.08567719959954,0.284137607132629,0.337673036403896,0.193480861915555,0.589324847870445,0.662326963596104,0.410675152129555,0.806519138084445,269,0.000132935550396604,19,761994418
798,-0.765117892011142,0.269479368459867,0.465279075054939,0.274367248023517,0.789032288815405,0.534720924945061,0.210967711184595,0.725632751976483,290,0.00452204522946533,20,872816100
424,-1.2566600266775,0.274711657883039,0.284603007284161,0.166113335060096,0.487612097643363,0.715396992715839,0.512387902356637,0.833886664939904,300,4.7742875925476e-06,19,296203654
200,-1.01263344176019,0.291231061840684,0.363261091925112,0.205268616301304,0.642858237583327,0.636738908074888,0.357141762416673,0.794731383698696,260,0.000506908224287871,18,306375877
550,-0.696220373213717,0.28185864588224,0.498465762384509,0.286890930695173,0.866071700724384,0.501534237615491,0.133928299275616,0.713109069304827,261,0.0135073502354926,20,796018826
649,-0.377777702023471,0.284403970603711,0.685382842951688,0.392507653939528,1.19679103502249,0.314617157048312,-0.196791035022493,0.607492346060472,249,0.184074482317694,19,536608534
624,-0.858415304316742,0.259841507825415,0.423833197058788,0.254693274901755,0.705297691893769,0.576166802941212,0.294702308106231,0.745306725098245,307,0.000954481212221618,17,663370677
150,-0.763446036212591,0.272241608817383,0.466057605188234,0.273342474519291,0.794643026978458,0.533942394811766,0.205356973021542,0.726657525480709,283,0.00504265976845776,19,713804364
24,-0.305171730733771,0.270477697250489,0.736996798522458,0.433745086401567,1.25226613064035,0.263003201477542,-0.252266130640346,0.566254913598433,278,0.259206128812305,20,872357352
724,-0.78024384035486,0.280788153506812,0.458294247047629,0.264324303200525,0.794605771523077,0.541705752952371,0.205394228476923,0.735675696799475,275,0.00545662560181714,19,625849134
74,-0.545726230899598,0.267760999670624,0.579420837190458,0.342827406426626,0.979293079482392,0.420579162809542,0.0207069205176083,0.657172593573375,291,0.0415389856450829,21,723967908
100,-0.861462642601712,0.274057177028666,0.422543599848387,0.246941246447594,0.72301851691967,0.577456400151613,0.27698148308033,0.753058753552406,284,0.00167015553091041,19,631508162
175,-0.522618546470006,0.271507669115155,0.592965804760012,0.348274680258524,1.00957223003892,0.407034195239988,-0.00957223003891516,0.651725319741476,274,0.0542448959563928,23,555403452
300,-0.887803422046893,0.270772030115087,0.411558781548641,0.242075201985355,0.699702527481726,0.588441218451359,0.300297472518274,0.757924798014645,287,0.00104254825576992,19,298652238
449,-1.67988541741999,0.305758628171442,0.186395332473946,0.102370026764852,0.339388599046471,0.813604667526054,0.660611400953529,0.897629973235148,267,3.92584692503598e-08,21,301406032
125,-0.562035790900127,0.269457568393761,0.570047384503891,0.336161721671989,0.96665979387386,0.429952615496109,0.0333402061261395,0.663838278328011,281,0.0369963416297634,18,272244108
275,-1.09211407606207,0.278644562931352,0.335506457265686,0.194320312931781,0.579273371726655,0.664493542734314,0.420726628273345,0.805679687068219,283,8.87768522064787e-05,21,959026720
825,-0.442873697483286,0.290351476021582,0.642188311965818,0.363508669093075,1.13451442314822,0.357811688034182,-0.134514423148218,0.636491330906925,248,0.127183780233764,16,383543673
975,-0.488678898146612,0.277910804707383,0.61343627089623,0.355804425276775,1.05761489098499,0.38656372910377,-0.0576148909849872,0.644195574723225,260,0.0786791432821106,22,270115816
375,-1.32811733592804,0.271663517408548,0.26497565214158,0.155584226270054,0.45128029949505,0.73502434785842,0.54871970050495,0.844415773729946,296,1.01435939819053e-06,18,46968911
500,-1.00235090465599,0.277676990411352,0.36701560747353,0.212973442275776,0.63247536730304,0.63298439252647,0.36752463269696,0.787026557724224,283,0.000306465073711374,18,801478689
400,-0.933758030828319,0.264994493962854,0.393073747978513,0.233835431531773,0.660750897918914,0.606926252021487,0.339249102081086,0.766164568468227,306,0.000425584379070537,19,472282871
750,-0.926190036033933,0.284632624681375,0.396059813067435,0.226715414363498,0.691895502418329,0.603940186932565,0.308104497581671,0.773284585636502,264,0.00113798647566013,20,483240573
525,-1.37482556328974,0.280890488888806,0.252883704159009,0.145823133631424,0.438546108814388,0.74711629584099,0.561453891185612,0.854176866368576,295,9.85433728359768e-07,22,510477154
950,-0.733468863564289,0.271911101234241,0.480240209612445,0.281843076573531,0.818294569206615,0.519759790387555,0.181705430793385,0.718156923426469,285,0.00698710299859065,22,218803789
349,-0.991085176351428,0.286256230326852,0.371173683490877,0.211794867655235,0.650487449679143,0.628826316509123,0.349512550320857,0.788205132344765,270,0.000535717266680113,18,828137730
850,-0.57006538512297,0.268866573873656,0.56548846295803,0.333859782654834,0.957818875923853,0.43451153704197,0.0421811240761467,0.666140217345166,289,0.033984644347156,18,70247163
700,-0.627558421664815,0.262602594818605,0.533893754373521,0.319100222075135,0.893269641448064,0.466106245626479,0.106730358551936,0.680899777924865,299,0.0168591683283517,18,761012041
1000,-0.58490499678583,0.269977385176933,0.557158791173869,0.328226635151783,0.9457669955358,0.442841208826131,0.0542330044642002,0.671773364848217,287,0.0302732849154586,20,194231480
250,-1.16532916277123,0.27762852640093,0.311820005601066,0.180961482252388,0.537306142074142,0.688179994398934,0.462693857925858,0.819038517747612,289,2.69948797226132e-05,17,467542288
323,-1.00573206734488,0.283042470608995,0.365776763541971,0.210034155587821,0.637004207114765,0.634223236458029,0.362995792885235,0.789965844412179,265,0.000380444368859675,19,42646788
50,-0.367207561536456,0.271487436835543,0.692665859332703,0.406849003971496,1.17927287028267,0.307334140667297,-0.179272870282669,0.593150996028504,275,0.176190923620163,17,767054328
600,-1.08716818180668,0.280745304148036,0.337169947056617,0.194481377352824,0.584547347131954,0.662830052943383,0.415452652868046,0.805518622647176,279,0.000107753039698757,21,307618196
925,-1.08607388445021,0.28079177739872,0.337539113190285,0.19467658119812,0.585240670614285,0.662460886809715,0.414759329385715,0.80532341880188,268,0.000109777674799164,17,102888525
475,-0.982954610378488,0.278689056826074,0.374203837352237,0.21671435593967,0.646143220563206,0.625796162647763,0.353856779436794,0.78328564406033,277,0.00042019249972214,20,172793317
900,-0.637501066314519,0.270410105728531,0.528611740599323,0.311145343167552,0.89807023770551,0.471388259400677,0.10192976229449,0.688854656832448,288,0.0183967617240567,20,703295620
425,-0.868462010404859,0.275766822780542,0.41959638812188,0.244398533726338,0.720385373187507,0.58040361187812,0.279614626812493,0.755601466273662,274,0.00163683304630043,18,530877329
225,-0.702762158265391,0.274899337068339,0.495215549200433,0.28893458721853,0.84876802923011,0.504784450799567,0.15123197076989,0.71106541278147,282,0.0105750968376511,22,995987754
575,-0.615096758476791,0.273099999429164,0.540588586250509,0.316521875926315,0.923272739772194,0.459411413749491,0.0767272602278061,0.683478124073685,282,0.0243047932588379,16,198016059
775,-0.551841452734972,0.269434209570984,0.575888362177511,0.339621743534378,0.97651994315825,0.424111637822489,0.0234800568417504,0.660378256465622,284,0.0405453852315574,18,422244947
873,-0.413428790198367,0.276441523083811,0.661378629344605,0.384718177485148,1.1369925232364,0.338621370655395,-0.136992523236404,0.615281822514852,275,0.134774101936917,18,553183114
675,-0.762830456848334,0.300701250553392,0.466344588954123,0.258672090815551,0.84074503345575,0.533655411045878,0.15925496654425,0.741327909184449,235,0.0111858599540697,19,720433815
25,-1.01371436471899,0.269206957820128,0.362868646810487,0.21409181660192,0.615033572641903,0.637131353189513,0.384966427358097,0.78590818339808,298,0.000166177661864057,19,714614147
625,-1.19350802820443,0.283256355800341,0.303155917018255,0.174003427103376,0.528170689239235,0.696844082981745,0.471829310760765,0.825996572896624,276,2.51414597683799e-05,18,557274500
799,-0.825163091861567,0.260417212029154,0.438163525732204,0.263007837098947,0.729967887648337,0.561836474267796,0.270032112351663,0.736992162901053,306,0.00153164697292061,21,302564488
650,-1.02588342955369,0.275323523709156,0.358479633974382,0.208981902825035,0.61492237479528,0.641520366025618,0.38507762520472,0.791018097174965,289,0.000194464025229779,20,461175403
75,-1.05205697535483,0.297405062568528,0.349218675597298,0.194960133129681,0.625531391614361,0.650781324402702,0.374468608385639,0.805039866870318,257,0.000404003282116829,18,791369612
725,-1.2438987758577,0.273729331272237,0.288258170266659,0.16857097408901,0.492924556997618,0.711741829733341,0.507075443002382,0.83142902591099,301,5.51271205042985e-06,18,617311303
450,-0.680022488540727,0.273011155459976,0.50660559941683,0.296676036824862,0.865082451913682,0.49339440058317,0.134917548086318,0.703323963175138,291,0.0127447562803628,18,446100770
350,-0.693884402492434,0.286447688806169,0.499631524874416,0.284987044965727,0.875940380652587,0.500368475125584,0.124059619347413,0.715012955034273,253,0.0154193284660931,17,412429186
324,-0.311700302623405,0.260061400849579,0.732200934048071,0.439810519615747,1.21897540852198,0.267799065951929,-0.218975408521976,0.560189480384253,291,0.230697419012475,17,949616670
800,-0.922412774548612,0.282506084609768,0.3975586635382,0.22852388929009,0.691625245156083,0.6024413364618,0.308374754843917,0.771476110709911,275,0.00109422486475967,19,464279179
874,-1.46035887659954,0.281109167416923,0.232152945518541,0.133811562268233,0.402767811685054,0.767847054481459,0.597232188314946,0.866188437731767,296,2.04732555911408e-07,19,785934693
325,-1.06865634111406,0.264949255091587,0.3434697136369,0.204344631826166,0.577316091602403,0.6565302863631,0.422683908397597,0.795655368173834,304,5.49667344890898e-05,20,453763426
875,-0.725925758906323,0.260994390508047,0.483876408648306,0.290118631802484,0.80703668493027,0.516123591351694,0.19296331506973,0.709881368197516,302,0.00541275830774212,17,340286735
