"rep","est_V","se_V","IRR_V","IRR_V_CI_Lower","IRR_V_CI_Upper","VE","VE_CI_Lower","VE_CI_Upper","n_event","p_val","n_calendar_group","seed"
26,-0.697239115472505,0.410559199521661,0.497958212822799,0.222702081066009,1.11342642390567,0.502041787177201,-0.113426423905665,0.777297918933991,137,0.0894573914174511,47,490772020
126,-0.863012015282723,0.473582038245127,0.42188942924614,0.166757310516625,1.06736364335817,0.57811057075386,-0.0673636433581688,0.833242689483375,113,0.0684083680224712,51,625642523
76,-0.783353329964085,0.45604076849071,0.456871399160278,0.186900888306557,1.11680301394987,0.543128600839722,-0.116803013949868,0.813099111693443,116,0.0858465066481243,50,781845460
101,-2.0575628496004,0.520040457561844,0.127764973215475,0.0461054821716399,0.354055257897122,0.872235026784525,0.645944742102878,0.95389451782836,123,7.6041950152154e-05,49,48885547
51,-0.525159682389561,0.448091775684259,0.591460910934151,0.245759116377289,1.42345079328005,0.408539089065849,-0.423450793280049,0.754240883622711,125,0.241200531456768,50,94227886
251,-0.376469878287022,0.417235700231557,0.686279789298271,0.302935058809597,1.5547224908534,0.313720210701729,-0.554722490853405,0.697064941190403,128,0.366899936358557,50,212757882
276,-1.52289361206411,0.444620415078366,0.218079934351345,0.091233455512608,0.52128747617276,0.781920065648655,0.47871252382724,0.908766544487392,130,0.000614449911027036,50,354365724
151,-0.727247414004421,0.394274939711183,0.483237313350775,0.223127461216912,1.0465690764413,0.516762686649225,-0.0465690764412998,0.776872538783088,141,0.0651076145984079,49,573751848
226,0.116302228480006,0.460796516180987,1.12333532476228,0.455280144438064,2.77166106906833,-0.123335324762285,-1.77166106906833,0.544719855561936,114,0.800736616913171,50,327322053
176,-1.13343143245591,0.43175954673686,0.321926689262855,0.13811555432284,0.750362938974238,0.678073310737145,0.249637061025762,0.86188444567716,140,0.00866120640583094,50,379215608
476,-0.477144497552302,0.429541390601078,0.620552854446154,0.267394508011931,1.44014119072366,0.379447145553846,-0.44014119072366,0.732605491988069,119,0.266644502815673,46,703986213
1,-0.853727200982414,0.439504616534084,0.42582483573935,0.17993845190454,1.00771563172412,0.57417516426065,-0.00771563172412448,0.82006154809546,128,0.052079493952443,48,633174940
201,-1.36445415021254,0.46702342880025,0.2555201135283,0.102304333051957,0.638199052471766,0.7444798864717,0.361800947528234,0.897695666948043,120,0.00348242052485527,48,915136055
751,-1.34680900680117,0.455194781310938,0.260068815808361,0.106567745922133,0.63467410679197,0.739931184191639,0.36532589320803,0.893432254077867,129,0.00308886391482344,50,593603569
301,-0.788149104340899,0.426209997037215,0.454685592517792,0.197206209615932,1.04833913924865,0.545314407482208,-0.0483391392486503,0.802793790384068,137,0.064428404391472,51,294978627
376,-2.03637746923063,0.46940200987047,0.130500598081404,0.0520063993865072,0.327467509777702,0.869499401918596,0.672532490222298,0.947993600613493,133,1.43629804530613e-05,47,33311661
951,-0.487176243030079,0.421139408091691,0.614358746955467,0.269120965291371,1.40247962306485,0.385641253044533,-0.402479623064854,0.730879034708629,133,0.247351970611565,50,918632833
701,-0.710283630793003,0.422686291402465,0.491504771801004,0.214652778793373,1.12543122926772,0.508495228198996,-0.125431229267718,0.785347221206627,139,0.0928787861756669,50,367576716
401,-1.02188703074017,0.430208161912844,0.359915128051134,0.154883890868239,0.836361345740362,0.640084871948866,0.163638654259638,0.84511610913176,150,0.0175331920694189,50,363545804
351,-0.814443952148814,0.466488839725813,0.442885524450518,0.177506992371329,1.10501330199707,0.557114475549482,-0.105013301997068,0.822493007628671,121,0.0808279249678559,50,63745197
426,-0.811596859110413,0.436667161677127,0.444148257450187,0.188727940495712,1.04524891268296,0.555851742549813,-0.0452489126829616,0.811272059504288,138,0.063081494735033,48,161807982
976,-0.795822002350903,0.454990257529708,0.451210186608048,0.184965395930177,1.10069578947472,0.548789813391952,-0.100695789474717,0.815034604069823,131,0.0802742887169017,50,322138571
526,-1.09230555956124,0.4807243845768,0.335442219465687,0.130744787914018,0.860619259821385,0.664557780534313,0.139380740178615,0.869255212085982,118,0.0230739795588774,49,223513605
451,-0.496545636769054,0.185093181023186,0.608629459843972,0.423449250602599,0.874791533726452,0.391370540156028,0.125208466273548,0.576550749397401,132,0.00730349997267767,50,554698076
651,-0.306573147861535,0.415559871757083,0.735964681967731,0.325935578233038,1.66181309828225,0.264035318032269,-0.661813098282255,0.674064421766962,139,0.460675373435036,50,929599101
601,-0.735958342102513,0.432797193655513,0.479046148828453,0.205106637066776,1.11885805349467,0.520953851171547,-0.118858053494674,0.794893362933224,132,0.0890426857540747,50,538213537
676,-0.496748742691088,0.417894344178826,0.608505856149099,0.268257857384717,1.38031139358844,0.391494143850901,-0.380311393588444,0.731742142615283,141,0.234559873501429,48,570862945
776,-1.02662948856832,0.466430469631103,0.3582122867527,0.14358667626575,0.893648670738168,0.6417877132473,0.106351329261832,0.85641332373425,119,0.02773359172548,49,65887584
326,-0.84857163297877,0.449777942579771,0.428025873562458,0.177263101402877,1.03352670120851,0.571974126437542,-0.0335267012085125,0.822736898597123,123,0.0592079921705852,50,137921243
826,-1.69293041019053,0.454774087233309,0.183979597588823,0.0754510451027913,0.448615288003385,0.816020402411177,0.551384711996615,0.924548954897209,136,0.00019720171266508,50,390219849
501,-1.1566702404093,0.191185704954174,0.314531754287939,0.216235467772907,0.457511551987144,0.685468245712061,0.542488448012856,0.783764532227094,136,1.44861234384619e-09,50,495538900
851,-1.26372187561394,0.432680316069007,0.282600263699205,0.121024810139491,0.659888736456695,0.717399736300795,0.340111263543305,0.878975189860509,142,0.00349265442055731,49,60935397
876,-0.796927759880022,0.419240972725959,0.450711533292629,0.198171003443583,1.0250787588146,0.549288466707371,-0.0250787588146006,0.801828996556417,136,0.0573174261663754,50,590448250
626,-0.916025221965717,0.461438719360689,0.400106218063725,0.161956338908569,0.988445323054828,0.599893781936275,0.0115546769451723,0.838043661091431,119,0.047127749560884,49,243711943
801,-1.19443238150938,0.435546879158892,0.302875823317154,0.128981205602367,0.711218071823953,0.697124176682846,0.288781928176047,0.871018794397633,137,0.00609968703507684,50,824567428
576,-1.47328667700554,0.453568106548306,0.229171034877961,0.0942067135928471,0.557490663075452,0.770828965122039,0.442509336924548,0.905793286407153,127,0.0011613152862448,49,776401365
926,-0.795076425419332,0.469976692486943,0.451546723956125,0.179745410342585,1.13435132238925,0.548453276043875,-0.134351322389248,0.820254589657415,125,0.0906963472785516,51,119210232
551,-1.51184784300363,0.460653805118977,0.22050214792116,0.0893930169190911,0.543903751249963,0.77949785207884,0.456096248750037,0.910606983080909,124,0.00103087846076674,49,268167916
901,-1.01045399374231,0.46106927175517,0.364053663962931,0.147469609641341,0.898728019740285,0.635946336037069,0.101271980259715,0.85253039035866,120,0.0284123869821822,50,512690278
726,-0.289070192464483,0.366887843651918,0.748959632235186,0.364890798488156,1.53728329966663,0.251040367764814,-0.537283299666632,0.635109201511844,163,0.430756380331262,50,165893584
127,0.0183697526280991,0.396258661281722,1.01853951443482,0.468470122485878,2.21449072773344,-0.018539514434823,-1.21449072773344,0.531529877514122,142,0.963024924499898,48,500121797
252,-0.885978364668476,0.191268070616209,0.412310585773805,0.283411069042752,0.599835495894105,0.587689414226195,0.400164504105895,0.716588930957248,129,3.61924624731504e-06,48,569555693
52,-0.984837705076091,0.454554529922543,0.373499839145975,0.153240267621003,0.910349035588276,0.626500160854025,0.0896509644117243,0.846759732378997,125,0.0302653908176443,50,866357171
77,-0.816175963478807,0.388716083441085,0.442119105618926,0.206378072844893,0.947141820149603,0.557880894381074,0.0528581798503966,0.793621927155107,155,0.0357577751558129,48,279007505
102,-1.08304544169728,0.381724522449537,0.338562880499346,0.160219303121588,0.715424557582973,0.661437119500654,0.284575442417027,0.839780696878412,162,0.00455048851602212,50,668524961
27,-0.839375347791581,0.453410070480052,0.431980276603124,0.177631738581689,1.05052712349767,0.568019723396876,-0.0505271234976692,0.822368261418311,130,0.0641336099343433,49,269898447
2,-0.876840159124106,0.459296239309384,0.416095632582868,0.169137337456773,1.02363900282388,0.583904367417132,-0.0236390028238764,0.830862662543227,118,0.0562498361991884,49,773730075
152,-0.765539956816728,0.381919483017149,0.465082738568858,0.220008655873439,0.983152016705821,0.534917261431142,0.0168479832941789,0.779991344126561,161,0.0450214717819735,50,495481365
177,-1.10824232698997,0.422991253929719,0.330138727336779,0.144093922784001,0.756392616577789,0.669861272663221,0.243607383422211,0.855906077215999,140,0.00879265718379998,49,181380140
477,-0.439655341473785,0.191085814157468,0.644258431983638,0.443003922232186,0.93694187873233,0.355741568016362,0.06305812126767,0.556996077767814,133,0.0214014291356433,49,613400678
227,-0.764186222912876,0.423717381821056,0.465712763186783,0.202978131791986,1.06853076181299,0.534287236813217,-0.0685307618129904,0.797021868208014,138,0.0713053096555208,50,337516177
952,-1.24488192131003,0.435029536460842,0.28797490982339,0.122759988245261,0.675542168691854,0.71202509017661,0.324457831308146,0.877240011754739,135,0.00421504229577542,50,293784362
402,-0.154397515110457,0.423476699079841,0.856931310152677,0.373664630554788,1.96521482172317,0.143068689847323,-0.965214821723173,0.626335369445212,124,0.71541369834424,49,27553542
427,-1.702591103399,0.436983898651674,0.182210784875156,0.0773771465203815,0.429077209716889,0.817789215124844,0.570922790283111,0.922622853479619,135,9.77003871425759e-05,49,272248473
277,-0.526802918277973,0.434285901011088,0.590489799240023,0.252085328593912,1.38317531191279,0.409510200759977,-0.383175311912792,0.747914671406088,124,0.22511738975655,51,545953580
652,-0.348723451940923,0.436404935816026,0.705588232347324,0.299973419830605,1.65966289249281,0.294411767652676,-0.659662892492806,0.700026580169395,123,0.424242702691232,50,229725984
977,-0.959628682674915,0.430413538091809,0.38303508713657,0.164766869584194,0.890445259705259,0.61696491286343,0.109554740294741,0.835233130415806,134,0.0257773047897396,46,796401099
677,-0.711415792031413,0.39589447340082,0.490948624033755,0.225969622700102,1.06665023625996,0.509051375966245,-0.0666502362599564,0.774030377299898,148,0.0723382570587887,46,622490019
752,-0.919380101806311,0.437302717029029,0.398766158904265,0.169233192560397,0.939617382863656,0.601233841095735,0.0603826171363441,0.830766807439603,127,0.0355192780602042,47,122584352
452,-0.923714710534877,0.186118766356409,0.397041404399696,0.275683781462898,0.571821367115493,0.602958595600304,0.428178632884507,0.724316218537102,141,6.939861220912e-07,50,706603522
202,-0.205458718616738,0.425329130928613,0.814273708218369,0.353777003904432,1.87417967979288,0.185726291781631,-0.874179679792884,0.646222996095568,135,0.62905442219595,51,400782482
877,-1.06215055260863,0.464006345162219,0.345711539467048,0.139235814273793,0.858374471712136,0.654288460532952,0.141625528287864,0.860764185726206,127,0.0220743405666879,47,451652708
852,-0.841376559647422,0.43077127495343,0.43111665698323,0.185319717258074,1.00292389109124,0.56888334301677,-0.00292389109123814,0.814680282741926,132,0.0507975219210172,50,954296805
602,-0.495492728039985,0.446495907878883,0.609270628601867,0.2539523503201,1.46173366148812,0.390729371398133,-0.46173366148812,0.7460476496799,125,0.267112664875418,50,974019153
327,-0.400207007039641,0.396553815896682,0.670181299428555,0.308066933170639,1.4579395765756,0.329818700571445,-0.457939576575604,0.691933066829361,146,0.312872806685698,50,438293679
502,-1.00205866396385,0.451613504727567,0.367122880042627,0.151494665153377,0.889663071068142,0.632877119957373,0.110336928931858,0.848505334846623,125,0.0264975279868418,49,326674772
702,-0.963524023872334,0.437639184629463,0.381545937038444,0.16181831847771,0.89963425303172,0.618454062961556,0.10036574696828,0.83818168152229,127,0.0276907336245596,50,447092071
352,-1.59313936613164,0.431499145841851,0.203286418431235,0.0872600837648589,0.473588451163525,0.796713581568765,0.526411548836475,0.912739916235141,143,0.000222407198824092,49,85547872
527,-0.973131319057857,0.416114929393704,0.377897864708096,0.167177092533067,0.854224666711989,0.622102135291904,0.145775333288011,0.832822907466933,144,0.0193555291917714,50,717897461
827,-0.877300985616327,0.473972228320256,0.415903928866544,0.16426579156046,1.0530255654779,0.584096071133456,-0.0530255654778971,0.83573420843954,116,0.0641761122935495,50,992466121
377,-1.75501696473051,0.18680560590452,0.172904308991829,0.119893764467109,0.249353252029578,0.827095691008171,0.750646747970422,0.880106235532891,134,5.72810029516981e-21,50,42713035
777,-1.15887845440916,0.418987744168197,0.313837967161865,0.138058282925918,0.713425283473531,0.686162032838135,0.286574716526469,0.861941717074082,145,0.00567658341939765,47,629086450
302,-0.185798258050915,0.414670983855314,0.830441112892385,0.36841750780074,1.87187749599276,0.169558887107615,-0.87187749599276,0.63158249219926,147,0.654108542773062,51,317030369
927,-0.78585556703569,0.421625621362741,0.455729627695523,0.199443039468986,1.04134741484321,0.544270372304477,-0.041347414843206,0.800556960531014,145,0.0623398892313252,51,521990094
802,-1.07657007556645,0.447859791688632,0.340762312487347,0.141655229149589,0.819729383156777,0.659237687512653,0.180270616843223,0.858344770850411,117,0.0162251809977083,49,63113593
727,-1.35993359649476,0.41617613634387,0.256677820694678,0.113537303035319,0.580280681989378,0.743322179305322,0.419719318010622,0.886462696964681,145,0.00108429982020621,50,941178278
627,-0.529043253216541,0.425035729514912,0.589168385069777,0.256122873457917,1.35528459945521,0.410831614930223,-0.355284599455206,0.743877126542083,127,0.213240937991007,50,106931988
902,-1.65620441345761,0.489513110662825,0.190862040406497,0.0731215261414198,0.498188705712702,0.809137959593503,0.501811294287298,0.92687847385858,120,0.00071601862228566,46,705704177
552,-0.587884230751204,0.381202977744024,0.555501354950171,0.263150718204021,1.17264264926775,0.444498645049829,-0.172642649267755,0.736849281795979,161,0.123029462034017,50,342135645
577,-0.912221432999454,0.431441713820696,0.401631035885408,0.172418321445004,0.935558864246558,0.598368964114592,0.064441135753442,0.827581678554996,134,0.0344848614929169,50,847922372
128,-0.705989183286113,0.194615397929591,0.493620051971836,0.3370822362005,0.722852555077231,0.506379948028164,0.277147444922769,0.6629177637995,135,0.000286054527835291,50,936902004
253,-0.630894320334658,0.449231835088118,0.532115706251527,0.220606978647226,1.28349124119207,0.467884293748473,-0.283491241192072,0.779393021352774,126,0.160204321519575,48,524819916
53,-1.02246400053088,0.421717310867969,0.35970752779033,0.157392161912784,0.822083539463229,0.64029247220967,0.177916460536771,0.842607838087216,143,0.0153284441669191,51,131266841
28,-0.643805172790622,0.409215406059308,0.525289797844132,0.235545157907375,1.17144998509218,0.474710202155868,-0.171449985092178,0.764454842092625,148,0.115656962696515,50,897760350
103,-1.20974376740446,0.433034368912643,0.298273697082709,0.127648417245981,0.696970634582534,0.701726302917291,0.303029365417466,0.872351582754019,136,0.00521178558589123,49,881413737
153,-1.1200141239795,0.448674532950749,0.326275186286452,0.135416502089881,0.786133857715512,0.673724813713548,0.213866142284488,0.864583497910119,120,0.0125505967620051,49,778013240
3,-1.02876127160101,0.435676892312493,0.357449469247292,0.152182885178132,0.839582735703914,0.642550530752708,0.160417264296086,0.847817114821868,131,0.0182112820979776,49,499789943
78,-0.483437495029264,0.394602474955625,0.616659978674578,0.284550614566162,1.33638625198089,0.383340021325422,-0.336386251980889,0.715449385433838,146,0.22052799543476,48,977233366
478,-1.01490537597552,0.400846468510681,0.362436723431358,0.165207995924505,0.795121191057157,0.637563276568643,0.204878808942843,0.834792004075495,156,0.0113444562562063,47,506450956
228,-1.25846729099763,0.429354800907022,0.28408911892961,0.122457991129682,0.65905562184778,0.71591088107039,0.34094437815222,0.877542008870318,146,0.00337800923680136,49,675443664
403,-1.07806551071791,0.434624707379786,0.340253105384955,0.145160640543678,0.797545225003812,0.659746894615045,0.202454774996188,0.854839359456322,135,0.0131216110480482,48,304577671
178,-0.636163067192526,0.425731856660961,0.529319496026603,0.22979166766008,1.21927453561246,0.470680503973397,-0.219274535612461,0.77020833233992,128,0.135102162871111,51,983954174
753,-0.5501468183801,0.43178351326131,0.576865109761884,0.247479642349317,1.34464940914567,0.423134890238116,-0.344649409145668,0.752520357650683,127,0.202618586661988,48,523197994
203,-0.651482265349127,0.438345924572776,0.521272539608358,0.220772064892184,1.23079457848277,0.478727460391642,-0.230794578482774,0.779227935107816,128,0.137218655692658,49,941239048
453,-1.76373864474738,0.472229219877846,0.171402850075078,0.0679290902619575,0.432494192113637,0.828597149924922,0.567505807886363,0.932070909738043,119,0.000187774415819094,50,330845442
428,-0.0337699796382792,0.376621865597998,0.966793861336936,0.4621178785814,2.02262326051543,0.0332061386630638,-1.02262326051543,0.5378821214186,158,0.928553049894136,50,24811555
953,-0.936263868811506,0.432232570573244,0.392090001919518,0.168061694120871,0.914750802730103,0.607909998080482,0.0852491972698968,0.831938305879129,130,0.0303026805355474,49,274673927
653,-1.35168454336802,0.429234983328596,0.258803926798923,0.111584887865389,0.600255767674769,0.741196073201077,0.399744232325231,0.888415112134611,134,0.00163799399474305,49,405957535
278,-0.705289283726533,0.433415602489087,0.493965657359232,0.211238330407999,1.15510319637093,0.506034342640768,-0.15510319637093,0.788761669592001,126,0.103677280122627,50,775310383
853,-2.116149519649,0.460993864711293,0.120494698888101,0.0488167937268246,0.297417576037075,0.879505301111899,0.702582423962925,0.951183206273175,139,4.42382277964143e-06,49,151731284
978,-0.685487002101805,0.397275383250805,0.503844796341624,0.231278551279642,1.0976356319942,0.496155203658376,-0.0976356319941987,0.768721448720358,146,0.0844426939664097,50,850675824
878,-0.64840430409508,0.364877043009911,0.522879468051165,0.255751203810519,1.06901916407802,0.477120531948835,-0.069019164078022,0.744248796189481,168,0.0755602143693888,49,669906366
378,-0.123606311496875,0.451422872844083,0.883727685836786,0.364809899607252,2.14077146359028,0.116272314163214,-1.14077146359028,0.635190100392748,121,0.784226867916081,48,643973860
528,-0.410231499525361,0.417955326390718,0.663496633200217,0.292465406875145,1.50523026627884,0.336503366799783,-0.505230266278837,0.707534593124855,128,0.326336391302038,49,294928363
303,-0.378777856056904,0.422306675625246,0.68469769721961,0.29924766700547,1.56663188478348,0.31530230278039,-0.566631884783476,0.70075233299453,130,0.369758381597009,49,244233473
603,-1.0673274202699,0.401164448880886,0.343926461122097,0.156672867811446,0.754983375949466,0.656073538877903,0.245016624050534,0.843327132188554,156,0.00780077464891118,50,541833037
678,-0.46847246980942,0.513696383145669,0.625957707662151,0.22871035993069,1.71318453567384,0.374042292337849,-0.713184535673836,0.77128964006931,97,0.361787810834725,46,116343524
778,-0.491108140902239,0.3924483396617,0.611947893825661,0.283570998247702,1.32058717947789,0.388052106174339,-0.320587179477891,0.716429001752298,151,0.210790167464953,49,234154157
328,-0.339255571332041,0.409142384736898,0.712300382267143,0.319448275603521,1.58827539018441,0.287699617732857,-0.588275390184406,0.680551724396479,149,0.40699856571805,49,29747951
828,-0.42242797006799,0.44865882898546,0.655453464895045,0.272046270172404,1.57921387553175,0.344546535104955,-0.579213875531751,0.727953729827596,126,0.346430785266486,50,598442486
503,-1.75869688688541,0.465288465484022,0.172269203879885,0.0692075359237175,0.428807039714865,0.827730796120115,0.571192960285135,0.930792464076283,132,0.000156954997468499,50,326657918
703,-0.656050818451808,0.388824539855584,0.518896509971615,0.242165739597725,1.11185665035853,0.481103490028385,-0.111856650358526,0.757834260402275,153,0.0915520216227435,50,685949205
353,-0.489720687198585,0.421034006678761,0.612797532478242,0.268492532710092,1.39862666578104,0.387202467521758,-0.398626665781039,0.731507467289908,134,0.244773483180698,51,544336157
928,-0.558481374436123,0.408239576368969,0.572077175536957,0.257016179405523,1.27335288979597,0.427922824463043,-0.273352889795971,0.742983820594477,139,0.171304689442974,49,103068903
903,0.035217579258833,0.407894446204535,1.03584506268357,0.465687325773404,2.30406741713221,-0.0358450626835733,-1.30406741713221,0.534312674226596,129,0.931196194836543,50,483888063
803,-0.53724511528238,0.403521990580255,0.58435587001257,0.264971320391712,1.28871223615199,0.41564412998743,-0.288712236151986,0.735028679608288,142,0.183060740730207,48,731590567
628,-0.712081084722325,0.44237375753515,0.490622108128938,0.206156906683355,1.16760605723775,0.509377891871062,-0.16760605723775,0.793843093316645,133,0.107467291590022,50,222726433
553,-1.13241041662942,0.194013753775086,0.322255549364675,0.22032084987894,0.471351845063189,0.677744450635325,0.52864815493681,0.77967915012106,137,5.32278187324663e-09,49,40681907
728,-1.24252863529151,0.429311290410184,0.288653395174288,0.1244360558497,0.66958713836352,0.711346604825712,0.33041286163648,0.8755639441503,140,0.00380081123535764,51,907156293
578,-0.851771305043438,0.39708830959393,0.426658519840188,0.195919760156605,0.929143096167081,0.573341480159812,0.0708569038329191,0.804080239843395,155,0.031949448151066,50,168282938
54,-0.790621496878915,0.410064998070717,0.453562819791096,0.203043685330874,1.01317719465945,0.546437180208904,-0.0131771946594477,0.796956314669126,150,0.0538502183494268,51,701260458
254,-1.10364410247365,0.404669895563453,0.33166027485423,0.150050627764022,0.73307615939717,0.66833972514577,0.26692384060283,0.849949372235978,149,0.00638607432850884,49,986845183
129,-1.27581662207907,0.422438100553954,0.279202871870117,0.121994406353397,0.638998508134061,0.720797128129883,0.361001491865939,0.878005593646603,144,0.00252668893788053,49,67095256
154,-0.60503220960117,0.481833641665574,0.54605683808348,0.212373493243918,1.40402677313058,0.45394316191652,-0.404026773130583,0.787626506756082,112,0.209229497232421,50,922915327
479,-0.115206461103708,0.429930472224715,0.891182130465415,0.38371518684295,2.06977887999501,0.108817869534585,-1.06977887999501,0.61628481315705,127,0.788726005295732,49,175539797
4,-0.897817613840592,0.43533007437806,0.407457920650459,0.173591770816757,0.95639301517379,0.592542079349541,0.0436069848262099,0.826408229183243,126,0.0391712277147587,48,853907532
29,-0.809584861561965,0.435072536154797,0.445042782244408,0.189700007389442,1.04408576864856,0.554957217755592,-0.0440857686485641,0.810299992610558,129,0.0627718130272696,50,144332515
104,-0.666652179678086,0.406677073445219,0.513424556954409,0.231372897069857,1.13930706241813,0.486575443045591,-0.139307062418133,0.768627102930143,146,0.101157730284671,50,946901242
179,-1.07689073965971,0.192506691896767,0.340653059767042,0.233587877751806,0.49679164965893,0.659346940232958,0.50320835034107,0.766412122248194,125,2.21841791745064e-08,48,161516455
229,-0.889513640504149,0.200365344635931,0.410855527654495,0.277420048799976,0.608471757302453,0.589144472345505,0.391528242697547,0.722579951200024,126,9.01854852052203e-06,50,202586169
404,-1.17797717266441,0.452035527708357,0.307900939523575,0.126951452840122,0.746765684350942,0.692099060476425,0.253234315649058,0.873048547159878,126,0.00916226817172085,51,426548805
79,-1.5123031038858,0.446448428417292,0.220401784766221,0.0918750346286992,0.528728472587282,0.779598215233779,0.471271527412718,0.908124965371301,133,0.000705563037057398,50,302340291
204,-1.27017083961425,0.462229058512011,0.280783648710412,0.113480626653705,0.694739355147527,0.719216351289588,0.305260644852473,0.886519373346295,120,0.00599737046745716,49,520186422
754,-1.3791988700804,0.406513945954978,0.251780180920015,0.113500099731956,0.558530429962845,0.748219819079985,0.441469570037155,0.886499900268044,153,0.000691955785672501,50,280749910
954,-1.62746154740361,0.443196868243087,0.196427563857314,0.0824048118757792,0.468222509883064,0.803572436142686,0.531777490116936,0.917595188124221,143,0.000240569060307412,50,924873332
454,-0.631943583150133,0.421765928952134,0.531557669842052,0.232564048655798,1.21494942146497,0.468442330157948,-0.214949421464967,0.767435951344202,134,0.134048125180829,49,747928193
854,-2.34318657838259,0.497083060536076,0.0960211712107808,0.0362450856786075,0.254381115344747,0.903978828789219,0.745618884655253,0.963754914321392,130,2.43051797166434e-06,50,505231384
279,-1.1377287024806,0.438040044590299,0.3205462515321,0.135840834434428,0.75639920646158,0.6794537484679,0.24360079353842,0.864159165565572,133,0.0093955264778778,50,272947148
654,-1.56224148730614,0.417205900027878,0.209665581360097,0.0925552027948991,0.474956076801877,0.790334418639903,0.525043923198123,0.907444797205101,147,0.000180729231199171,49,530036767
329,-0.710145181733668,0.429552915699619,0.491572824885153,0.211812585499356,1.14083797993346,0.508427175114847,-0.140837979933459,0.788187414500644,135,0.0982862346675938,49,203485600
429,-2.58181942372643,0.485699078362416,0.0756362643434969,0.0291945822986079,0.195955688809842,0.924363735656503,0.804044311190158,0.970805417701392,133,1.06261494327236e-07,49,295833837
879,-1.51301340584366,0.424928429816101,0.220245288533355,0.0957650173274465,0.506531387712058,0.779754711466645,0.493468612287942,0.904234982672554,146,0.000369964463964196,50,270236144
529,-0.572593072263577,0.412813004258938,0.564060890031002,0.251153319176434,1.26681458443739,0.435939109968998,-0.266814584437394,0.748846680823566,137,0.165425929927483,50,469040760
679,-1.03826073952012,0.430493223967788,0.354069966633594,0.152283410102441,0.823238336911293,0.645930033366406,0.176761663088707,0.847716589897559,137,0.0158742714956937,48,533517810
304,-1.29948970400327,0.436535357211918,0.272670900406929,0.115893538351738,0.641532055938043,0.727329099593071,0.358467944061957,0.884106461648262,132,0.00291249466662659,50,277018831
604,-0.156846805280681,0.405381344414021,0.854835004995952,0.386207827832397,1.8920975524182,0.145164995004048,-0.892097552418201,0.613792172167603,141,0.698821542295553,50,18926906
379,-1.01003455164228,0.396447562488029,0.364206395425034,0.167452174162211,0.792144378728707,0.635793604574966,0.207855621271293,0.832547825837789,151,0.010843168094386,50,444590180
779,-0.102939776081881,0.423619046435403,0.902181304738505,0.393286136137716,2.06956470577102,0.0978186952614951,-1.06956470577102,0.606713863862284,129,0.808004761433329,48,552048022
979,-0.484582553167277,0.412856936861518,0.615954271262725,0.27423571184942,1.38348015190348,0.384045728737275,-0.383480151903482,0.72576428815058,134,0.240503208660324,50,511351266
354,-1.15066251743383,0.444244716713754,0.316427061474391,0.132474359894048,0.755814825702107,0.683572938525609,0.244185174297893,0.867525640105952,133,0.00959328247851165,49,639539452
829,-1.13331267620058,0.430084717163509,0.321964922341124,0.138586135161197,0.74799265523605,0.678035077658876,0.25200734476395,0.861413864838803,142,0.00841145510508433,50,963762812
804,-1.51430982876919,0.441462909849022,0.219959942496598,0.0925911945982063,0.522537553522868,0.780040057503402,0.477462446477132,0.907408805401794,130,0.000603117600281171,48,129127770
929,-0.758597150299071,0.418332865358006,0.468322953113229,0.206281301599794,1.0632393082249,0.531677046886771,-0.0632393082248959,0.793718698400206,146,0.0697729745824797,50,180853432
904,-0.788539943453423,0.415264737916648,0.454507918327607,0.201403710804646,1.0256883897381,0.545492081672392,-0.0256883897380977,0.798596289195354,146,0.0575796101335999,50,217605931
629,-1.07942702747778,0.198703075590006,0.339790160304634,0.23018362955065,0.501588028936886,0.660209839695366,0.498411971063114,0.76981637044935,130,5.56129739469385e-08,51,363305662
704,-0.845698220621536,0.434433635758785,0.42925753708793,0.183200792590969,1.00579277273213,0.57074246291207,-0.00579277273213452,0.816799207409031,134,0.0515745051879258,50,423263574
554,-1.61601882581946,0.455524116286482,0.198688138680337,0.0813634041257269,0.48519327425454,0.801311861319663,0.51480672574546,0.918636595874273,127,0.00038875337549584,49,327192763
504,-1.14635988915676,0.493166413032291,0.317791462647369,0.120881047300733,0.835461108144628,0.682208537352631,0.164538891855372,0.879118952699267,116,0.0200993018682264,51,893378780
729,-1.70973458823991,0.46713800463012,0.180913802896445,0.072417430694041,0.451960305202418,0.819086197103555,0.548039694797582,0.927582569305959,137,0.000252195250277962,49,932507487
579,-0.678232689720619,0.448971703025079,0.507513133430315,0.210514434086706,1.22352456125726,0.492486866569685,-0.223524561257257,0.789485565913294,119,0.130881289168928,48,988116820
55,-1.28463826331407,0.438924330879486,0.276750676399777,0.117078088495197,0.654186772880872,0.723249323600223,0.345813227119128,0.882921911504803,139,0.00342482752181194,50,672878462
155,-1.1924652601399,0.418616349386182,0.303472203205,0.133595563164654,0.689359556084893,0.696527796795,0.310640443915107,0.866404436835346,152,0.00439137892092823,48,825681987
30,-0.943587423399871,0.45920212002828,0.389228998531504,0.15824559717881,0.957367636122293,0.610771001468496,0.0426323638777073,0.84175440282119,131,0.0398943478589463,50,979260415
5,-1.56054851491112,0.421330848153738,0.210020840038242,0.091965497185398,0.479622843352303,0.789979159961758,0.520377156647696,0.908034502814602,140,0.000212347374458313,50,643691024
105,-1.22048528924213,0.436008140846561,0.295086929658616,0.125550709498976,0.69355479075217,0.704913070341384,0.30644520924783,0.874449290501024,136,0.00512252833303309,50,914781110
255,-0.969991772809074,0.435672109120491,0.379086156904759,0.161396143779209,0.890394968503159,0.620913843095241,0.109605031496841,0.838603856220791,125,0.0259856510947255,49,44523833
180,-0.333624424772038,0.406240918805445,0.716322764798135,0.323084301428804,1.58818704932068,0.283677235201865,-0.588187049320676,0.676915698571196,145,0.411505184974637,50,660124032
130,-1.21528988785246,0.413759671082858,0.296624014131001,0.131829752658446,0.667419941135349,0.703375985868999,0.332580058864651,0.868170247341554,143,0.00331203390042685,49,491110469
480,-0.380470273719853,0.196685885350204,0.683539882772225,0.46488392636594,1.00503963428601,0.316460117227775,-0.00503963428600551,0.53511607363406,135,0.053063281189686,49,715300014
230,0.212159296610319,0.420117268946424,1.23634481493116,0.542669163633562,2.81672260714508,-0.236344814931162,-1.81672260714508,0.457330836366438,132,0.613558709265919,50,252148377
755,-1.39057144590815,0.4949624904611,0.248933012228093,0.0943560297480549,0.656742814872722,0.751066987771907,0.343257185127278,0.905643970251945,115,0.00496265144837928,48,62571357
205,-1.53655861780742,0.46488537634612,0.215120139658984,0.0864908014441454,0.535047354333811,0.784879860341016,0.464952645666189,0.913509198555855,120,0.000948944646174065,47,370908291
80,-1.60980992671839,0.45341613684222,0.199925610980888,0.0822091043170366,0.486202230983293,0.800074389019112,0.513797769016707,0.917790895682963,136,0.000384642127800045,50,503394055
405,-0.747655279967975,0.183340180171901,0.473475419542768,0.330550633062881,0.678198588924059,0.526524580457232,0.321801411075941,0.669449366937119,154,4.54311324229336e-05,50,121213866
855,-1.44591873851879,0.184947930976655,0.235529587018544,0.163914550210106,0.33843356974728,0.764470412981456,0.66156643025272,0.836085449789895,137,5.36788388424131e-15,50,410993148
955,-0.213645737366387,0.397523782963234,0.80763444905571,0.370545870470159,1.76030406835704,0.19236555094429,-0.760304068357039,0.629454129529841,136,0.590962754580856,50,542609809
430,-0.346427891959045,0.434255361956716,0.707209812962879,0.301932208645995,1.65648349274785,0.292790187037121,-0.656483492747846,0.698067791354005,123,0.42501467718666,48,300470224
455,-1.12637096783661,0.438275496921131,0.324207684228874,0.13732908446947,0.765392290490487,0.675792315771126,0.234607709509513,0.86267091553053,127,0.0101696545228878,47,395232765
530,-0.722480318719408,0.436014284962431,0.485546451235988,0.206583081868724,1.14121327930269,0.514453548764012,-0.14121327930269,0.793416918131276,118,0.0975173196249724,50,979815138
280,-1.00905068404224,0.407752903246279,0.364564902630109,0.163943784231457,0.810689888932056,0.635435097369891,0.189310111067944,0.836056215768543,147,0.0133362259355904,50,389228638
655,-0.50908623088594,0.189729941872698,0.601044543900788,0.414389020323879,0.871776340672724,0.398955456099212,0.128223659327276,0.585610979676121,134,0.00729180902727767,51,465832826
355,-0.765302820709972,0.390397889464669,0.465193039556458,0.216434217342941,0.999862991667726,0.534806960443542,0.000137008332273925,0.783565782657059,153,0.0499589892439653,50,707874157
780,-1.02596522646425,0.445308096197525,0.358450312647037,0.149755239088068,0.857977506624649,0.641549687352962,0.142022493375351,0.850244760911932,131,0.0212257482456592,50,572191987
330,-1.21468654346564,0.433967025290303,0.29680303456498,0.126787061159732,0.694803085750198,0.70319696543502,0.305196914249802,0.873212938840268,135,0.00512564406658204,49,171862987
880,-1.03236037473451,0.208676372697544,0.356165284086104,0.236606099104127,0.53613879806331,0.643834715913896,0.46386120193669,0.763393900895873,126,7.52948660210585e-07,49,586599543
605,-0.869809636779985,0.43314453226278,0.419031309805081,0.179288808130535,0.979354151705453,0.580968690194919,0.0206458482945467,0.820711191869465,127,0.044629698053024,50,454398291
980,-0.745897644773018,0.468620072817807,0.474308348382195,0.189308728982959,1.18836786107891,0.525691651617805,-0.188367861078911,0.810691271017041,112,0.111454490973869,48,857443634
680,-0.00059892994056864,0.420942963377056,0.999401249382166,0.437958125216269,2.28058985496253,0.000598750617834209,-1.28058985496253,0.562041874783731,127,0.998864746930298,48,564883793
905,-1.0931855789673,0.466153735078249,0.335147153653809,0.134414077781627,0.835653649201346,0.664852846346191,0.164346350798654,0.865585922218373,115,0.0190210516530927,49,432582617
305,-1.36081704182982,0.449400821065372,0.256451160007278,0.106285494004939,0.618778677982361,0.743548839992722,0.381221322017639,0.893714505995061,135,0.00246121254411881,48,527479041
930,-1.36499507492308,0.460824288764912,0.255381933760649,0.103498921760535,0.630150836181925,0.744618066239351,0.369849163818075,0.896501078239465,117,0.00305575559682874,49,895812075
830,-0.558210337676128,0.423012036923501,0.572232250495639,0.249749042555329,1.31111513044043,0.427767749504361,-0.311115130440434,0.750250957444671,135,0.186965717547818,50,618468967
380,-0.670309062026191,0.381047670355005,0.511550452533187,0.242404182035309,1.07953527571068,0.488449547466813,-0.0795352757106775,0.757595817964691,161,0.078556912792919,49,424217540
805,-0.754314811394561,0.415392833850921,0.470332771004487,0.208363775710507,1.06166685992533,0.529667228995513,-0.0616668599253272,0.791636224289493,149,0.0693846184251686,50,636425636
630,-0.746231051153483,0.469435574604006,0.474150237311621,0.1889433828502,1.18987203548118,0.525849762688379,-0.189872035481177,0.8110566171498,118,0.1119171839333,50,2992285
705,-0.800520438750503,0.470099310983412,0.44909517675385,0.178726574555266,1.12846384643939,0.55090482324615,-0.128463846439394,0.821273425444734,119,0.088591433763003,50,584756336
555,-0.756324026957917,0.417923756264996,0.469388719799805,0.206916585087918,1.06480478682598,0.530611280200195,-0.0648047868259796,0.793083414912082,138,0.0703395732796239,50,425359864
730,-0.572343223532432,0.468399276839751,0.564201837535709,0.225285016926459,1.41298217618522,0.435798162464291,-0.412982176185215,0.774714983073541,127,0.221740481996758,50,897872008
580,-1.45762875943208,0.47078160369478,0.232787616229067,0.0925187689704735,0.585719793644308,0.767212383770933,0.414280206355692,0.907481231029526,118,0.00196025461450287,49,394151535
505,-0.65081866355707,0.412899507328678,0.521618571800885,0.232216111189979,1.17169275229572,0.478381428199115,-0.171692752295721,0.767783888810021,134,0.114976114015536,50,462566820
156,-0.479458561281531,0.44481674262536,0.619118515809179,0.258907776353555,1.48047981414946,0.380881484190821,-0.480479814149457,0.741092223646445,116,0.281087822867132,49,643920321
56,-0.627580698945039,0.405769304273869,0.533881860805224,0.241020347076086,1.18259659300411,0.466118139194776,-0.182596593004112,0.758979652923914,148,0.121949090310207,48,212396112
31,-2.18172030882177,0.487009436945751,0.112847231473266,0.0434457925884579,0.293112333610967,0.887152768526734,0.706887666389033,0.956554207411542,127,7.47019211984453e-06,50,233713983
481,-1.00058561196346,0.444436980601312,0.367664069637808,0.153867092126528,0.878530075758346,0.632335930362192,0.121469924241654,0.846132907873472,138,0.0243630343111645,50,494980134
6,-0.559032456329498,0.442970328451541,0.571762001015367,0.239970724023914,1.3622986184453,0.428237998984633,-0.362298618445303,0.760029275976086,131,0.206945616865319,51,529067345
106,-0.712257735330424,0.433898329002883,0.490535447089778,0.209573066748708,1.14816769437312,0.509464552910222,-0.148167694373122,0.790426933251292,128,0.100687152693134,48,895457917
256,-0.306828212619485,0.429694846026828,0.735776987252437,0.316948925882806,1.70805997673722,0.264223012747563,-0.708059976737221,0.683051074117194,134,0.475189631495451,48,969752930
231,-0.605901368612431,0.427272655094181,0.545582434058131,0.236137649315299,1.26053678105074,0.454417565941869,-0.260536781050737,0.763862350684701,129,0.156171125129075,50,928878585
181,-1.26050615070838,0.428030236193849,0.28351049114165,0.122526248566012,0.656007994434558,0.71648950885835,0.343992005565442,0.877473751433988,146,0.00323059282152437,49,393297864
206,-1.15985563840632,0.439299184901441,0.313531439513998,0.13254060611623,0.74167431735988,0.686468560486002,0.25832568264012,0.86745939388377,137,0.0082847135002101,50,203929605
131,0.332690885820977,0.373692588104211,1.39471610530542,0.670498959456932,2.90117230901274,-0.394716105305415,-1.90117230901274,0.329501040543068,153,0.373315775121129,49,161903076
756,-1.32263828498268,0.429520331072647,0.266431451797259,0.114809314168856,0.618292331251041,0.733568548202741,0.381707668748959,0.885190685831144,142,0.00207461152006968,50,372938568
856,-1.71380611810966,0.504065571214329,0.180178704447248,0.0670875709747777,0.483910284193984,0.819821295552752,0.516089715806016,0.932912429025222,116,0.000673940790711589,49,493535731
81,-1.78112117475735,0.468345429681723,0.168449180386996,0.0672686248596709,0.421818142295074,0.831550819613004,0.578181857704926,0.932731375140329,134,0.00014295003468929,50,935585783
406,-1.35894761650806,0.187645349158449,0.256931024695439,0.17786583608886,0.371142389694604,0.743068975304561,0.628857610305396,0.82213416391114,135,4.41768480353035e-13,50,79455589
431,-1.9944990441539,0.487039805715654,0.136081808071677,0.0523879056556366,0.353483466389807,0.863918191928323,0.646516533610193,0.947612094344363,119,4.21902682769085e-05,50,284177286
281,-1.18114500545728,0.434598608011607,0.306927104118645,0.130949618037366,0.719393066238471,0.693072895881355,0.280606933761529,0.869050381962634,134,0.0065720789620598,49,582345396
881,-0.734302386602802,0.424899496430705,0.479840085113372,0.208651455398998,1.10349820872955,0.520159914886628,-0.103498208729553,0.791348544601002,135,0.0839561375802361,50,682567030
531,-0.439046651108208,0.434182975856263,0.644650705258498,0.275262622399054,1.50973832977516,0.355349294741502,-0.50973832977516,0.724737377600946,132,0.311919805543952,50,697487684
956,-0.685993852954273,0.410162716432561,0.503589486884461,0.225395643604047,1.12514318043368,0.496410513115539,-0.125143180433683,0.774604356395953,156,0.0944273483961721,50,911959249
456,-0.164929899824746,0.374388750547429,0.847953143668507,0.407091066841577,1.76624984536229,0.152046856331493,-0.766249845362286,0.592908933158423,152,0.659552469943549,50,461727542
656,-1.50230497954297,0.190680356409597,0.222616441976252,0.153196845799295,0.323492823756257,0.777383558023748,0.676507176243743,0.846803154200705,130,3.30920530273304e-15,50,603732379
331,-0.0946808774713163,0.401072160061045,0.909663182168422,0.414464536074065,1.9965208913433,0.0903368178315778,-0.996520891343304,0.585535463925935,141,0.813378792475907,49,836913448
681,-1.14395301395148,0.423548629217856,0.31855726826885,0.138887215718721,0.730655680883046,0.68144273173115,0.269344319116954,0.861112784281279,144,0.00691567800544152,48,190530749
781,-1.29232519701519,0.442800756909418,0.274631467841537,0.115302204421296,0.654128370809076,0.725368532158463,0.345871629190924,0.884697795578704,138,0.00351691372661646,49,694474777
356,-0.331637046672598,0.451907065224963,0.717747784530499,0.296011013117341,1.74034701200197,0.282252215469501,-0.740347012001968,0.703988986882659,118,0.463033356067068,50,296944807
906,-1.01731647055321,0.423987245735912,0.361563906857224,0.157502144946707,0.830010656591964,0.638436093142776,0.169989343408036,0.842497855053293,146,0.0164218087999055,49,89201053
606,-1.25028271574901,0.443309962595046,0.286423808890778,0.12013318502798,0.682897055300693,0.713576191109222,0.317102944699307,0.87986681497202,127,0.00479735000055339,49,464119930
981,-0.763935910678687,0.434401973588847,0.465829351380143,0.19882144194175,1.09141641106707,0.534170648619857,-0.0914164110670703,0.80117855805825,131,0.0786468033688863,50,770195296
306,-1.31713709388076,0.487601540095011,0.267901181053367,0.103021399389036,0.696661501740651,0.732098818946633,0.303338498259349,0.896978600610964,128,0.00690779291689635,50,547921679
831,-0.831299758576568,0.433063515308805,0.435482895687112,0.186357454420555,1.01764296483712,0.564517104312888,-0.017642964837119,0.813642545579445,139,0.0549110610949864,48,889036164
631,-0.751557275964728,0.472603078938396,0.47163152013474,0.186776551257529,1.19092192936954,0.52836847986526,-0.190921929369544,0.813223448742471,121,0.111778354630854,47,55837237
381,-1.13116375975074,0.457969022420622,0.322657541983353,0.131497616930483,0.791709323932281,0.677342458016647,0.208290676067719,0.868502383069517,121,0.0135129321271754,50,712624362
806,-1.66388287854283,0.442555828832092,0.189402125020701,0.079557411222918,0.450909153665666,0.810597874979299,0.549090846334334,0.920442588777082,140,0.000170108430704292,48,50282150
931,-1.13486286462432,0.42669168182996,0.321466202700241,0.139294735211767,0.741883886145489,0.678533797299759,0.258116113854511,0.860705264788233,137,0.00782151784860563,49,320270169
706,-0.956656275620433,0.182749771744376,0.384175317105978,0.268517484916315,0.549650144084568,0.615824682894022,0.450349855915432,0.731482515083685,142,1.65174515632906e-07,48,78813980
731,-0.935646208411664,0.201931576374531,0.392332255194303,0.264100695701563,0.582825418376727,0.607667744805697,0.417174581623273,0.735899304298437,120,3.59567034465939e-06,49,155560157
556,-1.39617387535608,0.199451177067451,0.247542281961518,0.167446564071687,0.36595066431152,0.752457718038482,0.63404933568848,0.832553435928313,128,2.55819325620791e-12,50,27530462
581,-0.937603104117407,0.444986333017894,0.391565252605691,0.163693370965221,0.936649701475906,0.608434747394309,0.0633502985240941,0.836306629034779,127,0.0351142875694442,50,662034989
506,-0.465771853496824,0.422340446411982,0.627650463972292,0.274296972666272,1.43619924454629,0.372349536027708,-0.436199244546285,0.725703027333728,126,0.270098797665395,49,718552990
157,-0.549569828984944,0.446868485287743,0.577198050855155,0.240408440675403,1.38579822311986,0.422801949144845,-0.385798223119864,0.759591559324597,126,0.21876281690849,49,248080485
57,-0.467085369775095,0.427677871276009,0.626826576084332,0.271086154738879,1.44939735806159,0.373173423915668,-0.449397358061591,0.728913845261121,136,0.274770275910539,50,172516973
182,-0.144824559921745,0.408520680139315,0.865174066002671,0.38848124726228,1.92680128000679,0.134825933997329,-0.926801280006789,0.61151875273772,139,0.722956906267866,50,173424669
7,-0.860534974317048,0.472708390621611,0.422935762014933,0.167457382131772,1.06818019315742,0.577064237985067,-0.0681801931574173,0.832542617868228,126,0.0686927622431897,49,279634097
32,-1.1711413905801,0.192122389558292,0.310012893454207,0.212737906950893,0.45176713207973,0.689987106545793,0.548232867920269,0.787262093049107,131,1.08885364136492e-09,50,809475676
482,-1.37565911037155,0.421227588259225,0.252673001512856,0.110664739542906,0.576910459078638,0.747326998487144,0.423089540921362,0.889335260457094,146,0.00109142455758385,50,545618067
107,-1.00557585776619,0.40645146946789,0.365833905839069,0.164934624394507,0.811439363643563,0.634166094160931,0.188560636356437,0.835065375605493,148,0.0133595967141279,50,264551701
207,-1.19703738800595,0.448199058433715,0.302087856604561,0.12549474416623,0.727178446509749,0.697912143395439,0.272821553490251,0.87450525583377,132,0.00756770847970168,49,820350641
857,-1.24802765975187,0.45136146895877,0.287070439438764,0.118519250168599,0.695325333921149,0.712929560561236,0.304674666078851,0.881480749831401,128,0.00569176934654612,50,500732592
232,-1.30471586874877,0.437343034707638,0.271249594584276,0.115107078590163,0.639199113237002,0.728750405415724,0.360800886762998,0.884892921409837,136,0.00285178803934339,50,623400354
132,-1.18828600813141,0.40486815528358,0.304743143960751,0.137819143048748,0.67384241214034,0.695256856039249,0.32615758785966,0.862180856951252,148,0.00333553071431948,50,766475747
757,-1.23887225732916,0.41836538572211,0.289710752959019,0.127600199355856,0.657775777810569,0.710289247040981,0.342224222189431,0.872399800644144,147,0.00306422235466225,49,256439284
332,-0.783417384703385,0.421100214006777,0.456842135319165,0.200135901030885,1.04281508478965,0.543157864680835,-0.0428150847896476,0.799864098969115,137,0.0628280997444027,49,678569795
82,-0.342388472759356,0.396438978344432,0.71007230737476,0.326477386702047,1.54437245039781,0.28992769262524,-0.544372450397814,0.673522613297953,151,0.38777471445725,50,103663723
257,-0.707327990193827,0.378630820111278,0.492959632222376,0.234703852650043,1.03538649347679,0.507040367777624,-0.0353864934767851,0.765296147349957,155,0.0617452792225169,49,402251132
882,-1.39747978752629,0.461039886165226,0.24721922447113,0.100148483442409,0.610267303580814,0.75278077552887,0.389732696419186,0.899851516557591,124,0.00243626396690394,49,314534896
532,-0.850237642111993,0.447706834972949,0.427313372229512,0.177687850982828,1.02762635192095,0.572686627770488,-0.0276263519209536,0.822312149017172,133,0.0575520362205415,50,194489298
657,-1.55499497220478,0.462280105541301,0.211190444460608,0.0853455192346477,0.522598072299997,0.788809555539392,0.477401927700003,0.914654480765352,130,0.000768909994522016,47,328983228
607,-0.947840333860494,0.530649990908892,0.387577157507827,0.136983444374439,1.09660005782331,0.612422842492173,-0.096600057823313,0.863016555625561,102,0.0740689185938379,50,928823295
782,-1.23024692924846,0.444097977337706,0.292220411004721,0.122375270166854,0.697794321445328,0.707779588995279,0.302205678554672,0.877624729833146,129,0.00560192815727753,49,413843013
432,-1.39155538516167,0.477171505392679,0.248688197726916,0.0976081436331108,0.633613317359332,0.751311802273084,0.366386682640668,0.902391856366889,117,0.00354257031077694,50,571960963
282,-0.713593079550313,0.386645061122017,0.489880850568966,0.229603017052671,1.0452094699571,0.510119149431034,-0.0452094699571,0.770396982947329,165,0.0649499477152632,50,548144561
407,-1.15755916286392,0.446202485144686,0.314252284180893,0.131060010722152,0.753505951729765,0.685747715819107,0.246494048270235,0.868939989277848,131,0.00947985378270913,50,559400342
957,-0.74935420900531,0.472819229689334,0.472671701327467,0.187109200926301,1.19405425350409,0.527328298672533,-0.194054253504095,0.812890799073699,129,0.112997221404391,51,708583206
457,-0.3356108631251,0.365265152278924,0.714901246132003,0.349407153997307,1.46271702188739,0.285098753867997,-0.462717021887395,0.650592846002693,163,0.358192685827574,50,538609363
907,-1.32323944158449,0.440356580761945,0.26627133290417,0.112329082390712,0.631184918612189,0.73372866709583,0.368815081387811,0.887670917609288,145,0.00265644473506475,49,674158597
682,0.0113447079603365,0.413906823313232,1.01140930319996,0.449374906448154,2.27638162238471,-0.0114093031999587,-1.27638162238471,0.550625093551846,139,0.978133643618648,48,36919201
307,-1.16713677686022,0.442773949949443,0.311256864489953,0.130686000988943,0.741325275538228,0.688743135510047,0.258674724461772,0.869313999011057,133,0.00838983055950495,48,342599258
357,-1.32636807446256,0.385590409551407,0.265439569477225,0.124666714073463,0.565172231961896,0.734560430522775,0.434827768038104,0.875333285926537,156,0.000582065092123834,50,98701278
807,-1.04931388678788,0.429058518679851,0.350177928409913,0.151033572769183,0.811902806092388,0.649822071590087,0.188097193907612,0.848966427230817,141,0.0144603512797002,47,89249307
982,-1.20262841427026,0.407476024996814,0.300403588245928,0.135163956097631,0.667650743855452,0.699596411754072,0.332349256144548,0.864836043902369,154,0.00316327724279318,50,548398228
832,-1.83971930112837,0.469495717991575,0.158862012236569,0.0632972117308701,0.398708540893652,0.841137987763431,0.601291459106348,0.93670278826913,134,8.91014695161966e-05,49,432688959
632,-1.4016660245374,0.430976054129622,0.246186469390777,0.105783199313036,0.57294332280256,0.753813530609223,0.42705667719744,0.894216800686965,138,0.00114472693591784,50,1535457
382,-1.0657804129374,0.410466223788504,0.34445892963945,0.154080601298265,0.770064195029152,0.65554107036055,0.229935804970848,0.845919398701735,144,0.00941756579434706,50,896131442
932,-0.449644923720626,0.425177862084508,0.637854598454046,0.277210475928675,1.46768799918534,0.362145401545954,-0.467687999185336,0.722789524071325,126,0.290262712350946,49,120083775
707,-0.468811464101379,0.424799167667064,0.625745547534814,0.272149826017422,1.43875708461625,0.374254452465186,-0.438757084616247,0.727850173982578,140,0.269763521497925,50,952779094
732,-1.7735739186451,0.448517866986899,0.169725319108644,0.070464039003228,0.408813975951781,0.830274680891356,0.591186024048219,0.929535960996772,142,7.67592510351972e-05,50,28300100
557,-1.01386955782872,0.447820711556816,0.362812336466368,0.150832998558984,0.872705526972002,0.637187663533632,0.127294473027998,0.849167001441016,140,0.023573638634086,48,686399158
582,-1.90599881870362,0.211328502353511,0.148674069994078,0.098254417027216,0.224966772562311,0.851325930005922,0.775033227437689,0.901745582972784,114,1.89592322832935e-19,47,510840685
158,-1.19968970798175,0.439043402937797,0.301287684573261,0.127428613488634,0.71235389282183,0.698712315426739,0.28764610717817,0.872571386511366,124,0.00628541028193959,50,798824931
483,-1.22160498784645,0.485689273221438,0.294756706145228,0.113774316674127,0.763630302139554,0.705243293854772,0.236369697860446,0.886225683325873,114,0.0118965342738515,46,949926950
58,-1.60116100362126,0.425207986409201,0.201662251424627,0.0876368819410738,0.464047359386818,0.798337748575373,0.535952640613182,0.912363118058926,140,0.000166153032278718,48,906713226
507,-0.357631965198457,0.415920463392013,0.699330405577348,0.309492600864974,1.58020907381352,0.300669594422652,-0.580209073813519,0.690507399135026,144,0.38986808186576,49,182388935
183,-0.906435684912834,0.466925029276496,0.403961507141598,0.161768023160914,1.00875869076911,0.596038492858402,-0.00875869076911306,0.838231976839086,115,0.0522234246924747,48,159817147
33,-0.349462949855668,0.44445242572755,0.705066644201277,0.295060842801614,1.68480157531269,0.294933355798723,-0.684801575312692,0.704939157198386,134,0.431704921016764,50,689253047
8,-1.31047007089671,0.397218263907477,0.269693251634778,0.123810443784449,0.587466192302556,0.730306748365222,0.412533807697444,0.876189556215551,152,0.00096989004795175,49,165471012
108,-0.519046644181911,0.201871748924572,0.595087607855546,0.400633593393055,0.883923033073778,0.404912392144454,0.116076966926222,0.599366406606945,127,0.0101355473637877,49,800046143
258,-0.898368727264018,0.453246217800162,0.407233426987325,0.167509537291989,0.990027593275263,0.592766573012675,0.00997240672473698,0.832490462708011,129,0.0474706668607308,50,34960385
233,-1.39421551113661,0.482604534672485,0.248027534905233,0.0963177152734726,0.638695154847693,0.751972465094767,0.361304845152307,0.903682284726527,124,0.00386542906529579,48,739275830
208,-1.31345580664609,0.389196926103931,0.26888921976266,0.125397352342361,0.576578461618345,0.73111078023734,0.423421538381655,0.874602647657639,168,0.000738734775623421,49,250391966
133,-0.703616959441612,0.416061672603668,0.494792419238253,0.218912569896815,1.11834390437717,0.505207580761747,-0.118343904377167,0.781087430103185,137,0.0908107911556602,50,379112077
758,-1.17906218688349,0.4376779776262,0.307567043799685,0.130433043586011,0.725257065471274,0.692432956200315,0.274742934528726,0.869566956413989,129,0.00706206315597539,49,626491183
333,-1.63121807654406,0.46873975193414,0.19569106220076,0.0780870453528814,0.490414148111299,0.80430893779924,0.509585851888701,0.921912954647119,129,0.00050139885075931,48,81515105
83,-0.231023598658342,0.422085559847436,0.793720735069785,0.347046641558845,1.81529664845611,0.206279264930215,-0.815296648456109,0.652953358441155,132,0.584146326124772,49,156223032
783,-0.743680144418141,0.189920917613499,0.475361294335595,0.327614291583865,0.689739019198334,0.524638705664405,0.310260980801666,0.672385708416135,138,9.01288895509282e-05,50,884055503
533,-1.03323533874859,0.396721990632917,0.355853788573018,0.163523895044167,0.774393973477498,0.644146211426982,0.225606026522502,0.836476104955833,149,0.00920267539748339,48,201640345
858,-1.07056984187804,0.41540005222656,0.342813112481203,0.151868694504028,0.773831831983862,0.657186887518797,0.226168168016138,0.848131305495972,146,0.00996037268028335,49,130443865
608,-0.98016574956116,0.425155019622298,0.375248896356627,0.163089805506489,0.863399976347781,0.624751103643373,0.136600023652219,0.836910194493511,144,0.0211424223173627,51,547239214
658,-0.885607161865511,0.395201994250103,0.412463665028903,0.190103078176139,0.894915940348136,0.587536334971097,0.105084059651864,0.809896921823861,144,0.0250327150761682,50,356905264
883,-0.823157688991007,0.198323402799994,0.439043101781871,0.297641833671233,0.647620137413757,0.560956898218129,0.352379862586243,0.702358166328767,127,3.31629882993961e-05,50,405379618
283,-0.532058179801117,0.197373907534016,0.587394760660019,0.398956085299427,0.864838556333548,0.412605239339981,0.135161443666452,0.601043914700573,131,0.00702437409059358,50,509583736
458,-1.11816286570235,0.453494672930331,0.326879765369044,0.134391769470565,0.79506640494918,0.673120234630956,0.20493359505082,0.865608230529435,127,0.0136761761995651,49,127961730
958,-0.261071798609789,0.385530628254232,0.770225616501271,0.361787612576513,1.63976731013503,0.229774383498729,-0.639767310135031,0.638212387423487,144,0.498294770629088,51,435692307
908,-1.03587362271899,0.492885925403447,0.354916182606069,0.135076730896661,0.932547714469294,0.645083817393931,0.0674522855307057,0.864923269103339,116,0.0355839611558779,49,679777955
433,-1.08180178605534,0.431866087068895,0.338984198068514,0.145403337117782,0.790286446088045,0.661015801931486,0.209713553911955,0.854596662882218,144,0.0122469641864272,48,195984417
408,-1.13807693987283,0.468548530011545,0.320434644775331,0.127911688892093,0.802728526701829,0.679565355224669,0.197271473298171,0.872088311107907,116,0.0151429781046163,50,96118826
683,-0.509865986573383,0.452498227116373,0.600576058675021,0.247400644288343,1.45792507247168,0.399423941324979,-0.45792507247168,0.752599355711657,128,0.259835476547216,49,415826048
633,-1.14396582895883,0.448230133828716,0.318553185981274,0.13232678814487,0.766860087223799,0.681446814018726,0.233139912776201,0.86767321185513,132,0.0107049931384185,49,721975186
808,-1.20159334068849,0.46563156260376,0.300714689042322,0.120728092261449,0.74903299233774,0.699285310957678,0.25096700766226,0.87927190773855,119,0.00986382775851523,51,65687023
308,0.449980458670415,0.453240108597323,1.5682815388843,0.64509748728529,3.81261287430439,-0.568281538884299,-2.81261287430439,0.35490251271471,117,0.320803473632935,49,898410880
833,-0.574361067002511,0.375453103706677,0.563064514397967,0.269756486673297,1.17528831756394,0.436935485602033,-0.175288317563941,0.730243513326703,157,0.126070918043438,50,990949761
383,-0.596442022255271,0.42624883326224,0.550767773564495,0.238860785573704,1.26996626787694,0.449232226435505,-0.269966267876938,0.761139214426296,136,0.161728644509013,49,198312505
358,-1.05744186702894,0.403572292158889,0.347343224939824,0.157484376128894,0.766090699771085,0.652656775060176,0.233909300228915,0.842515623871106,144,0.00878770963259548,50,125735100
983,-1.28209577871042,0.440699308989711,0.277455205981861,0.116968506884857,0.658137761835475,0.722544794018139,0.341862238164525,0.883031493115143,123,0.00362319860974639,50,611475887
733,-0.244374991876678,0.464091045148069,0.783193887844239,0.315380092119437,1.94493146930872,0.216806112155761,-0.944931469308715,0.684619907880563,108,0.59849436950648,46,146770345
708,-0.353571761796387,0.375117481748986,0.702175601397472,0.336624061441867,1.4646920160312,0.297824398602528,-0.464692016031205,0.663375938558133,166,0.345904605183828,48,872056661
933,-0.630479836750314,0.423494935892592,0.532336305190902,0.232116783053765,1.22085933682211,0.467663694809098,-0.220859336822108,0.767883216946235,135,0.13655212405234,50,626730216
159,-1.02266574719119,0.481448819365974,0.359634965317774,0.13997546894494,0.923999821211472,0.640365034682226,0.076000178788528,0.86002453105506,117,0.0336582559297392,48,602487388
583,-0.416471167101119,0.403410651295516,0.659369524056175,0.299050891430919,1.45382669542886,0.340630475943825,-0.453826695428857,0.700949108569081,138,0.301896367381495,51,697156742
558,-0.201239432517403,0.397004975285024,0.817716620164099,0.375553295499829,1.78046758983347,0.182283379835901,-0.780467589833472,0.624446704500171,146,0.612229208942926,50,249870487
484,-0.904668287231943,0.435381216431719,0.404676099070534,0.172389333902169,0.949958686260019,0.595323900929466,0.0500413137399809,0.827610666097831,128,0.0377207589639326,49,55294758
184,-1.81586764591243,0.451927117163289,0.162696684019827,0.0670961563412789,0.394511585081105,0.837303315980173,0.605488414918895,0.932903843658721,155,5.86807044006216e-05,50,235314157
59,-1.38569173873318,0.450647882129658,0.250150701000015,0.103421194983377,0.605053666425499,0.749849298999985,0.394946333574501,0.896578805016623,132,0.00210581657205165,49,331809268
34,-0.90291796679447,0.423482695495371,0.405385032166345,0.176765939355672,0.929687160906296,0.594614967833655,0.0703128390937036,0.823234060644328,129,0.0329965865553634,50,973010998
508,-0.941802115082552,0.459767417332864,0.389924512969044,0.158352820504255,0.960141570765772,0.610075487030956,0.0398584292342282,0.841647179495745,125,0.040517725995434,50,885970880
9,-1.16177724922956,0.418308823289692,0.312929532607033,0.13784195864723,0.710414255127274,0.687070467392967,0.289585744872726,0.86215804135277,147,0.00548092740097205,50,928836239
234,-1.20466396282003,0.487173380017317,0.299792724090275,0.115382077813221,0.778939668281558,0.700207275909726,0.221060331718442,0.884617922186779,117,0.0134073288891799,48,816338041
109,-1.18604179749338,0.434639750029677,0.305427819757285,0.130299445060036,0.715936687517792,0.694572180242715,0.284063312482208,0.869700554939964,139,0.00635666406276573,49,286699778
209,-1.86024538868752,0.447251851966779,0.155634434752127,0.0647745233855365,0.373944508035122,0.844365565247873,0.626055491964878,0.935225476614464,138,3.19253267688058e-05,49,443172798
259,-1.51749413263622,0.465582249628872,0.219260637192307,0.0880351974234437,0.546090977575001,0.780739362807693,0.453909022424999,0.911964802576556,134,0.00111668973667416,49,996090525
759,-1.34442971163165,0.467778850677675,0.260688333000428,0.104219147255817,0.652072183969521,0.739311666999572,0.347927816030479,0.895780852744183,118,0.00405217631269592,50,296349644
134,-0.565808260251561,0.471730143673672,0.567900949442812,0.225286500264009,1.43156153608895,0.432099050557188,-0.431561536088948,0.774713499735991,113,0.230359985805086,49,276659150
334,-1.63177120753414,0.202022793764573,0.195582849340477,0.131634174734812,0.290598175080316,0.804417150659523,0.709401824919685,0.868365825265188,120,6.6290447205671e-16,49,735100920
784,-0.474989904973736,0.456737727626434,0.621891334442686,0.254061376471493,1.52226535660882,0.378108665557314,-0.522265356608818,0.745938623528507,129,0.298357530888741,50,424754050
859,-0.358663259770263,0.414336977330171,0.69860956169126,0.310134621519842,1.57368860430576,0.30139043830874,-0.573688604305758,0.689865378480158,132,0.386692115946807,50,774455175
434,-1.45727444456337,0.438384087077621,0.23287011095644,0.0986189873311715,0.549878781403022,0.76712988904356,0.450121218596978,0.901381012668829,130,0.000886739847288596,50,219412991
534,-1.21466443793793,0.196641490000975,0.296809595625202,0.201881441691587,0.436374613322702,0.703190404374798,0.563625386677298,0.798118558308413,124,6.53101379491398e-10,50,565804751
84,-0.413124906155968,0.1991986767787,0.661579642296814,0.447737955521808,0.977553092615267,0.338420357703186,0.0224469073847328,0.552262044478192,129,0.03808544195959,48,725541901
459,-1.09923719437174,0.453399903591911,0.333125096503092,0.136984886602995,0.810106375032529,0.666874903496908,0.189893624967471,0.863015113397005,130,0.0153323582254176,50,355363018
284,-1.00912941734542,0.199852479771522,0.364536200361029,0.246391614511072,0.539331022434956,0.635463799638971,0.460668977565044,0.753608385488928,124,4.43265962775638e-07,50,95033321
884,-0.577094160729945,0.411701817336648,0.561527707380971,0.250570516499568,1.25838175441153,0.438472292619029,-0.258381754411528,0.749429483500432,139,0.160996344003092,48,29099155
959,-0.408937203953606,0.429386137870571,0.664355949939407,0.286356262686616,1.54132765974432,0.335644050060593,-0.541327659744322,0.713643737313384,135,0.340906147746459,50,288186508
909,-1.50269266342454,0.435294551374044,0.222530153897256,0.0948124729868987,0.522290663174443,0.777469846102744,0.477709336825557,0.905187527013101,129,0.000556183082050933,47,13856843
409,-0.991066808369794,0.423337629575806,0.371180501264892,0.161897264343705,0.851002424764653,0.628819498735108,0.148997575235347,0.838102735656295,134,0.0192281011853575,50,718032790
634,-0.730958409097446,0.430111360272357,0.481447345387537,0.207222707053918,1.11856248611015,0.518552654612463,-0.118562486110155,0.792777292946082,140,0.0892319512606622,50,297401970
609,-1.14528747693126,0.413385549738078,0.318132448903307,0.141492542545382,0.715290383680498,0.681867551096693,0.284709616319502,0.858507457454618,149,0.00559691313899014,50,143950479
659,-0.970987864042724,0.411323017766045,0.378708740508856,0.169116717748136,0.848055189619981,0.621291259491144,0.151944810380019,0.830883282251864,137,0.0182431563442935,50,316543401
684,-1.00788078070216,0.439757801371151,0.364991657909914,0.154155995216617,0.864182480588126,0.635008342090086,0.135817519411874,0.845844004783383,136,0.0219114305796743,50,77482238
834,-1.38476377398461,0.466049167832777,0.250382939770404,0.100439134886991,0.624175194246814,0.749617060229596,0.375824805753186,0.899560865113009,125,0.00296558772625443,51,860549543
309,-0.59282671033162,0.445311758584697,0.552762574604668,0.230934370538598,1.32308786765248,0.447237425395332,-0.323087867652483,0.769065629461402,124,0.183102752146542,49,563665195
809,-1.30766452238648,0.456612370618398,0.270450951520019,0.110514524447987,0.661847096962432,0.729549048479981,0.338152903037568,0.889485475552013,122,0.00418540086198124,48,651917068
359,-1.11737273039342,0.447643736039826,0.327138146678091,0.136049249389248,0.786622252547568,0.672861853321909,0.213377747452432,0.863950750610752,122,0.0125559921428133,48,432865783
384,-1.35550691864174,0.460008980597053,0.257816569295991,0.104652708054002,0.635142507437601,0.742183430704009,0.364857492562399,0.895347291945998,134,0.00321188128080418,50,357605690
984,-0.727850410864974,0.410979346960223,0.48294601060407,0.215810379552279,1.08074898733907,0.51705398939593,-0.0807489873390743,0.784189620447721,142,0.0765582791155599,48,675586763
934,-0.627815716880281,0.435918052218938,0.533756403735542,0.227137572358458,1.2542878554636,0.466243596264458,-0.254287855463603,0.772862427641542,131,0.149806581150966,47,683204670
734,-1.61199830086315,0.420739380573085,0.199488577313945,0.0874548749358563,0.455042586338724,0.800511422686055,0.544957413661276,0.912545125064144,152,0.0001274439392812,49,58145599
559,-1.20868555443321,0.445777211359806,0.298589501242503,0.124631632329273,0.715353627213193,0.701410498757497,0.284646372786807,0.875368367670727,134,0.00669973791366272,50,644494412
709,-0.67630896294672,0.414579511327944,0.508490389718864,0.22562749904024,1.14597058220429,0.491509610281136,-0.145970582204291,0.77437250095976,137,0.10282428325964,49,341813597
584,-1.45430017354201,0.207666285481768,0.233563760819188,0.155467493553231,0.350890267291308,0.766436239180812,0.649109732708692,0.844532506446769,119,2.50425348651297e-12,49,131219934
485,-0.209061660949307,0.449060870481722,0.811345205785379,0.33648396142526,1.95635191693122,0.188654794214621,-0.956351916931222,0.66351603857474,116,0.641535451034294,48,797677550
160,-1.31102120599713,0.442018185906686,0.269544655169582,0.113340249048456,0.641028423181136,0.730455344830418,0.358971576818864,0.886659750951544,137,0.00301710994667749,50,93133182
185,-0.504056457897564,0.439181222065413,0.604075277072989,0.255422603785686,1.42863996749868,0.395924722927011,-0.428639967498676,0.744577396214314,134,0.251084749646747,47,570678834
35,-0.663846291698257,0.442968787287228,0.514867191736624,0.216092405172045,1.22673550195206,0.485132808263376,-0.226735501952064,0.783907594827955,119,0.13396965841382,48,574398609
60,-2.12372912233966,0.467747970960702,0.119584849448756,0.0478110593417214,0.299105194793344,0.880415150551244,0.700894805206655,0.952188940658279,141,5.61668321642743e-06,50,888023150
509,-1.4191472336639,0.444436557852623,0.241920230387074,0.101243489077762,0.578065793698433,0.758079769612926,0.421934206301567,0.898756510922239,124,0.00140735702099567,50,146558996
235,-0.852276823609796,0.441716014247071,0.426442890543812,0.179420278087286,1.01356179376164,0.573557109456188,-0.0135617937616408,0.820579721912714,127,0.0536728145263646,49,296808699
335,-0.599644887556109,0.413599863535889,0.549006560543356,0.244073535499054,1.23490735242295,0.450993439456644,-0.234907352422947,0.755926464500946,139,0.147109035448673,51,919236423
10,0.0498746841221143,0.390588017817836,1.05113936366996,0.488867511622986,2.26010920256975,-0.0511393636699582,-1.26010920256975,0.511132488377014,147,0.898393290798511,48,997343515
260,-0.420743377532333,0.433799297722212,0.656558567471911,0.280558119009623,1.53647006916946,0.343441432528089,-0.536470069169456,0.719441880990377,124,0.33209468681771,47,144383338
110,-1.31207317048756,0.173797334937181,0.269261252854479,0.191530217787755,0.378538818188504,0.730738747145521,0.621461181811496,0.808469782212245,149,4.37121777166073e-14,49,660337524
760,-2.02442322093428,0.478651477051178,0.132069996433072,0.051686281693296,0.337468345301654,0.867930003566928,0.662531654698346,0.948313718306704,134,2.34283499583237e-05,50,513893511
210,-1.2260993405461,0.466847695631329,0.293434938018189,0.117525022543991,0.73264451251229,0.706565061981811,0.26735548748771,0.882474977456009,121,0.00863093385896363,48,191913299
135,-1.08798912416303,0.396767244483523,0.336893263551934,0.154797319542101,0.733197909126616,0.663106736448066,0.266802090873384,0.845202680457899,151,0.00610413531160453,50,109101031
860,-0.295077839748957,0.453032266849464,0.744473635569561,0.306356823471432,1.80913546425331,0.255526364430439,-0.809135464253314,0.693643176528568,121,0.514827313349614,49,107979705
785,-1.07444825549883,0.172177169228029,0.341486116419569,0.243677583605428,0.478553529552982,0.658513883580431,0.521446470447018,0.756322416394572,157,4.36553049464965e-10,50,962148989
410,-0.603356692324314,0.184531195575918,0.546972532666658,0.380971317181615,0.785305712002342,0.453027467333342,0.214694287997658,0.619028682818385,134,0.00107671824085189,50,751964759
285,-0.492515413557381,0.464978465474005,0.61108732195996,0.245647804118511,1.52017526230374,0.38891267804004,-0.520175262303739,0.754352195881489,119,0.28949869448685,50,467846467
85,-1.10689094464617,0.453077498730882,0.33058517257507,0.136026368723893,0.803421846453309,0.66941482742493,0.196578153546691,0.863973631276107,128,0.0145637228450193,50,525854179
885,-0.425472694824151,0.415317665365653,0.653460824564013,0.28953463231754,1.47481855908542,0.346539175435987,-0.474818559085417,0.71046536768246,142,0.305622193168533,50,611619179
960,-1.07205338901784,0.411565778755352,0.342304910132975,0.15278745710205,0.766899676999544,0.657695089867025,0.233100323000456,0.84721254289795,140,0.00919234391471125,50,605604571
535,-0.902718398032111,0.399200773900393,0.405465942428805,0.185418928150507,0.886655057871071,0.594534057571195,0.113344942128929,0.814581071849493,150,0.0237398045358383,50,357699393
635,-1.21611236282015,0.474170727417086,0.296380148604955,0.11701303839956,0.750695765946587,0.703619851395045,0.249304234053413,0.88298696160044,120,0.010326084303717,49,913949686
435,-0.327595464898577,0.416719416203449,0.720654490783705,0.318430667439219,1.63094496916146,0.279345509216295,-0.630944969161464,0.681569332560781,141,0.431791569003251,51,599198397
610,-0.332444122606323,0.45066776542818,0.717168741264493,0.296491505012924,1.73472424926467,0.282831258735507,-0.734724249264673,0.703508494987076,126,0.460714963372845,50,203098555
360,-1.5663098117628,0.494008822952112,0.208814326512301,0.0792974495585213,0.549871694481253,0.791185673487699,0.450128305518747,0.920702550441479,120,0.0015211869803046,50,434810708
460,-1.24031876424875,0.432763363353727,0.289291987296915,0.123870406314773,0.675624278663703,0.710708012703085,0.324375721336297,0.876129593685227,133,0.00415636705094567,49,244385040
910,-0.629104509918651,0.456160154877539,0.533068945289208,0.218021415525844,1.30336967011419,0.466931054710792,-0.30336967011419,0.781978584474156,130,0.167854435425232,49,666760370
660,-0.458999546222404,0.424745104982659,0.631915531648541,0.274862404281665,1.4527895882387,0.368084468351459,-0.452789588238697,0.725137595718335,133,0.279854143364681,49,798940227
310,-0.653365889219619,0.490033999543433,0.520291582376988,0.199126519573886,1.35945393547595,0.479708417623012,-0.359453935475955,0.800873480426114,99,0.182430992191461,49,705596603
385,-1.94416953193511,0.44292035245324,0.14310601898193,0.06006803330176,0.340935628206365,0.85689398101807,0.659064371793635,0.93993196669824,153,1.13646206828565e-05,49,804579680
835,-0.732871505583673,0.40843478757845,0.480527170634964,0.215803074500202,1.06998643208963,0.519472829365036,-0.0699864320896333,0.784196925499798,142,0.0727586717038344,49,945760053
685,-0.439492277249575,0.38661168052487,0.644363496050903,0.302027487637854,1.3747235997963,0.355636503949097,-0.374723599796297,0.697972512362146,148,0.255630427263052,50,674892451
810,-0.758415429255543,0.416256426564983,0.468408064982051,0.207160166509101,1.05911343400369,0.531591935017949,-0.0591134340036885,0.792839833490899,147,0.0684563635199712,49,479215586
985,-0.59941518400844,0.447045422473085,0.549132683782929,0.228639646360819,1.3188732103039,0.450867316217071,-0.318873210303902,0.771360353639181,120,0.179973278005813,49,51746244
735,-0.533445775959515,0.406691040417506,0.586580259176916,0.264333010318845,1.30167775882787,0.413419740823084,-0.301677758827872,0.735666989681155,146,0.189630391843973,49,800418830
710,-2.23945401642042,0.513079135859628,0.106516644844976,0.038965811562213,0.291173086717725,0.893483355155024,0.708826913282275,0.961034188437787,126,1.27277463368336e-05,50,590254008
585,-1.11098536123061,0.416864441160579,0.329234386389663,0.145435200008313,0.745316685198509,0.670765613610337,0.254683314801491,0.854564799991687,143,0.00769654658020512,49,388371048
935,-0.582840672094742,0.421270636838926,0.55831013578904,0.244505873455394,1.27485775012125,0.44168986421096,-0.274857750121252,0.755494126544606,151,0.166502336697924,48,541964545
161,-1.40847054536058,0.447094784630066,0.244516974930004,0.101798468324093,0.587322697612438,0.755483025069996,0.412677302387562,0.898201531675907,128,0.00163118065422171,50,28416918
36,-1.43446672969098,0.452329501116918,0.23824237773175,0.0981737647201425,0.57815273468506,0.76175762226825,0.42184726531494,0.901826235279858,132,0.00151765047744541,47,428477155
560,-1.01633557442722,0.420309905803456,0.361918737490303,0.158797122255918,0.824858603769145,0.638081262509697,0.175141396230855,0.841202877744082,137,0.0156034013044784,50,680272493
486,-0.935836369096437,0.434145744055041,0.392257656117128,0.167504277373365,0.918579938347107,0.607742343882872,0.0814200616528929,0.832495722626635,137,0.0311163881275413,50,871669041
186,-1.29266053574037,0.431890831922148,0.274539388714927,0.117754773037029,0.640074911717289,0.725460611285073,0.359925088282711,0.882245226962971,138,0.00276226118314273,50,646141345
61,-0.826302017269467,0.410380295436785,0.437664774234222,0.195805665084104,0.978268195270127,0.562335225765778,0.0217318047298731,0.804194334915896,147,0.0440617239941546,49,596487248
761,-1.3609032072734,0.468515990238018,0.256429063731301,0.102368352238042,0.642345639922055,0.743570936268699,0.357654360077945,0.897631647761958,116,0.00367593202262633,48,374528774
510,-1.4284907699122,0.415271923375834,0.239670367152643,0.106202377489351,0.540871930073718,0.760329632847357,0.459128069926282,0.893797622510649,149,0.000581945308768327,50,856505065
11,-1.41399502846169,0.442793784206507,0.243169869490813,0.102094655789585,0.579183944260984,0.756830130509187,0.420816055739016,0.897905344210415,134,0.00140632932001285,50,940956452
236,-1.7401718294846,0.433560588955172,0.175490243628026,0.0750249188757359,0.410487956136717,0.824509756371974,0.589512043863283,0.924975081124264,141,5.9780332621853e-05,51,21643214
261,-0.5247805457862,0.388431730111159,0.591685197929961,0.276348439579266,1.26684765791485,0.408314802070039,-0.266847657914853,0.723651560420734,148,0.176687781056475,49,250927554
336,-0.304822180720653,0.476324997509013,0.737254460793352,0.289847017581145,1.87527939564714,0.262745539206648,-0.875279395647138,0.710152982418855,111,0.522207837934111,51,435556859
111,-1.18427265411244,0.439015123319732,0.305968643619381,0.129415582306291,0.723381290026714,0.694031356380619,0.276618709973286,0.870584417693709,141,0.00698482537470649,49,38138398
211,-0.628068422519245,0.472562031133827,0.533621537523929,0.211342976526464,1.34734520157449,0.466378462476071,-0.347345201574492,0.788657023473536,119,0.183824594822476,50,674481398
411,-1.40161594787954,0.491991883786956,0.246198797895057,0.0938645661961911,0.645758570473536,0.753801202104943,0.354241429526464,0.906135433803809,114,0.00438761970395382,49,951328128
861,-0.639949551619088,0.425929937800051,0.52731902576311,0.228834352284131,1.21513816503607,0.47268097423689,-0.215138165036068,0.771165647715869,132,0.132974195924313,50,373091832
136,-0.227669386045524,0.42396749923402,0.796387513140462,0.346930636038538,1.82812644720023,0.203612486859538,-0.828126447200235,0.653069363961462,140,0.591269505690003,50,220598974
436,-1.10904164949909,0.441907887091601,0.329874945458326,0.138738391782712,0.784335743285535,0.670125054541674,0.215664256714465,0.861261608217288,136,0.0120845053335238,49,947207851
961,-2.19809516164752,0.557445404969477,0.111014421615252,0.0372289692035249,0.33103795431978,0.888985578384748,0.66896204568022,0.962771030796475,108,8.04157260162163e-05,50,523623174
461,-1.11487536328589,0.421968635027687,0.327956151729531,0.143428490712744,0.749887535752243,0.672043848270469,0.250112464247757,0.856571509287256,146,0.00823983184179971,49,696467049
86,-0.275405274153748,0.439205938055435,0.759264350645866,0.321026021736327,1.79574961258181,0.240735649354134,-0.795749612581812,0.678973978263673,128,0.530624683616724,51,297780653
886,-0.119369025730021,0.44461123828437,0.887480237283548,0.371282875262886,2.12135065753084,0.112519762716452,-1.12135065753084,0.628717124737114,128,0.78833021301752,50,574363953
786,-1.16418130081472,0.479559166939962,0.312178137426403,0.121955385168356,0.799105257652083,0.687821862573597,0.200894742347917,0.878044614831644,115,0.015198793152358,50,955253881
361,-1.02928633270281,0.481256231703384,0.35726183569898,0.13910430742002,0.917556196600103,0.64273816430102,0.0824438033998974,0.86089569257998,116,0.0324559937177516,50,977634375
636,-0.891539185401279,0.438838441004901,0.410024163603848,0.17348802107007,0.969057193125354,0.589975836396152,0.0309428068746456,0.82651197892993,142,0.04219531910965,49,18288644
286,-1.37531184501398,0.461833697111033,0.252760761330166,0.102234175568889,0.624918253731654,0.747239238669834,0.375081746268346,0.897765824431111,128,0.00290195236384093,49,591799983
611,-1.13577108757821,0.428176660006564,0.321174372259662,0.138763821040781,0.743370834146118,0.678825627740338,0.256629165853882,0.861236178959219,137,0.00798801673268923,49,89386113
911,-1.73811132358525,0.48382785323066,0.175852215104413,0.0681259902288727,0.453923700092108,0.824147784895587,0.546076299907892,0.931874009771127,129,0.000327625234282255,50,105721806
686,-1.49119805307284,0.464339893569468,0.225102808814561,0.0906012271743524,0.559278015502962,0.774897191185439,0.440721984497038,0.909398772825648,127,0.0013207318480407,50,578448707
661,-1.7284457332185,0.514898002066973,0.177560171487141,0.0647237366038349,0.487110543254312,0.822439828512859,0.512889456745688,0.935276263396165,112,0.000788301251121501,50,815658524
536,-0.677032455960853,0.381371912808166,0.508122633524709,0.240626901946036,1.07298314781939,0.491877366475291,-0.0729831478193896,0.759373098053964,153,0.0758557656517536,49,152424860
386,-0.967726203384535,0.428172461142558,0.379945976533867,0.164157522943426,0.879392808175011,0.620054023466133,0.120607191824989,0.835842477056574,131,0.0238130708682584,49,733531074
811,-0.681094140353802,0.419090502520889,0.506062985406275,0.222573825689578,1.15062831132486,0.493937014593725,-0.150628311324856,0.777426174310422,139,0.104125919773423,50,344116926
836,-0.789180362913616,0.397707774580881,0.454216935797282,0.208321383769824,0.990359323808202,0.545783064202718,0.00964067619179798,0.791678616230176,150,0.0472199338116893,50,249489604
311,-0.233336418771799,0.433218343879854,0.791887123014022,0.338771726959767,1.85105534403081,0.208112876985978,-0.851055344030814,0.661228273040233,127,0.590154892246322,48,893821825
586,-0.996079224651811,0.44311800382676,0.369324645124145,0.154962124024911,0.880219565615585,0.630675354875855,0.119780434384415,0.845037875975089,131,0.0245833928227077,50,581490121
711,-1.25277564315762,0.47859740773621,0.285710664405163,0.111826208191604,0.729977212631343,0.714289335594837,0.270022787368657,0.888173791808396,110,0.00885510429963165,50,655729526
986,-0.974398126896505,0.399933744350677,0.377419443828517,0.172345540327924,0.826510719736606,0.622580556171483,0.173489280263394,0.827654459672076,152,0.0148343163996997,50,907220373
187,-0.178561703342251,0.419759317650781,0.836472442139627,0.367410749578868,1.90437037365135,0.163527557860373,-0.904370373651351,0.632589250421132,134,0.670551895948711,49,256816479
936,-1.03415775810979,0.429296022900497,0.355525693492573,0.153268728672048,0.824685634365977,0.644474306507427,0.175314365634023,0.846731271327952,136,0.0159979684843634,49,349643458
736,-0.854332365171191,0.217037780849986,0.425567219755915,0.278115551458803,0.651195007186093,0.574432780244085,0.348804992813907,0.721884448541197,103,8.27371228111069e-05,50,507143825
162,-0.7468522562851,0.445617916007542,0.473855784218401,0.197849760329607,1.13489803507048,0.526144215781599,-0.134898035070478,0.802150239670393,138,0.0937396743450412,50,945608057
561,-0.471285719986633,0.430672706199821,0.624199206741443,0.268369983989443,1.45181902947825,0.375800793258557,-0.45181902947825,0.731630016010557,131,0.273822837310575,50,222867483
37,-1.18779029462435,0.472774199152357,0.304894246702136,0.120704399968873,0.770150066576164,0.695105753297864,0.229849933423836,0.879295600031127,121,0.0119918550259561,49,252183472
487,-0.861627530087743,0.442926542887342,0.422473933440187,0.177329161857761,1.00651366400518,0.577526066559813,-0.00651366400518127,0.822670838142239,118,0.0517381960975527,48,13716652
511,-0.657886625833928,0.491995953453651,0.517944789782816,0.197467557265867,1.35853610070223,0.482055210217184,-0.358536100702229,0.802532442734133,112,0.181164235668479,49,669742568
62,-0.249549447846559,0.42771254807493,0.779151752500398,0.336939921902304,1.80173797749162,0.220848247499602,-0.801737977491617,0.663060078097696,146,0.559589523152434,49,644686068
762,-0.655599544751734,0.430349011723772,0.51913072716368,0.223338190160869,1.20667545345189,0.48086927283632,-0.20667545345189,0.776661809839131,131,0.127655257239472,50,736348347
262,-1.31949871260106,0.423890140844519,0.267269247096236,0.116448271963977,0.613429888126522,0.732730752903764,0.386570111873478,0.883551728036023,146,0.00185301587847203,50,894819252
237,-1.40210964923127,0.435996808675309,0.246077279215179,0.104700886760025,0.578352573887318,0.753922720784821,0.421647426112682,0.895299113239975,138,0.00130049113961782,49,500439260
12,-0.809419730044109,0.40031716909222,0.445116278902691,0.203106061922312,0.975492803459318,0.554883721097309,0.0245071965406818,0.796893938077688,154,0.0431819227668044,50,331495069
337,-1.49986115752106,0.404500175677591,0.223161142243757,0.10099675073598,0.493094035646008,0.776838857756243,0.506905964353992,0.89900324926402,153,0.000208954643179447,50,678834456
412,-1.89180756491887,0.461677954078315,0.15079898338363,0.0610123041746165,0.372717170694843,0.84920101661637,0.627282829305157,0.938987695825383,136,4.17315360151098e-05,50,356355780
137,-0.527629915741515,0.419655577581257,0.590001667543462,0.259204038572718,1.34296506189045,0.409998332456538,-0.342965061890453,0.740795961427282,129,0.208647647820476,50,705628667
212,-0.848486161158046,0.41136817403952,0.42806245927669,0.191139267645166,0.958659470131345,0.57193754072331,0.0413405298686553,0.808860732354834,146,0.0391510718345082,50,529824362
112,-0.926940626625439,0.43944291208855,0.395762645837488,0.167255464547066,0.93646011665116,0.604237354162512,0.0635398833488399,0.832744535452934,131,0.0349140443264717,50,379418174
962,-0.943152990558286,0.419721340051643,0.389398129126646,0.171051311437873,0.886464428087156,0.610601870873354,0.113535571912844,0.828948688562127,139,0.0246340681570978,50,953845742
887,-1.26933282113882,0.442240300463272,0.281019049216841,0.118113661797397,0.668607719217099,0.718980950783159,0.331392280782901,0.881886338202603,130,0.00410169091901875,50,608633204
87,-2.03758718480542,0.501295160835761,0.130342824924948,0.0487959654050109,0.34816919530956,0.869657175075051,0.65183080469044,0.951204034594989,121,4.81054951362039e-05,50,454460797
787,-1.14906074388303,0.196013766262483,0.316934312114094,0.215835083283642,0.465389392062967,0.683065687885906,0.534610607937033,0.784164916716358,131,4.56931019332029e-09,48,722836243
287,-1.11099363239721,0.492304460443165,0.329231663248465,0.12544440027226,0.86407594001883,0.670768336751534,0.13592405998117,0.87455559972774,121,0.0240255368973577,50,261590347
637,-0.507854399718769,0.453543173318951,0.601785385505032,0.247391621734495,1.46385575901233,0.398214614494968,-0.463855759012326,0.752608378265505,122,0.262820845971687,49,118137003
862,-0.970080434744684,0.400652724762296,0.379052547882268,0.172847539848277,0.831257616869526,0.620947452117732,0.168742383130474,0.827152460151723,147,0.0154672332949319,50,350023191
912,-0.833367963887515,0.422001369858427,0.43458315839087,0.190048599965776,0.993759078419912,0.56541684160913,0.00624092158008782,0.809951400034224,132,0.0482909408753744,50,173571196
687,-0.428941468121838,0.424260010917409,0.651198043910124,0.283519093294536,1.49569782925284,0.348801956089876,-0.495697829252844,0.716480906705464,131,0.311999962743259,49,12636526
362,-1.51955635212743,0.454732438590174,0.218808939542563,0.0897420751778607,0.533499497630875,0.781191060457437,0.466500502369125,0.910257924822139,136,0.000832822022378003,49,624943865
437,-1.68745550158962,0.410930376320352,0.184989631468695,0.0826728323546752,0.413934817233686,0.815010368531305,0.586065182766314,0.917327167645325,154,4.01826757522256e-05,50,109851433
462,-0.386858662324209,0.437450926054797,0.67918708286684,0.288157889281601,1.60084145078662,0.32081291713316,-0.600841450786618,0.711842110718399,127,0.376508617780446,48,834909747
537,-0.749857831068748,0.502535626525839,0.472433713362941,0.176433797138121,1.26502754654864,0.527566286637059,-0.265027546548636,0.823566202861879,110,0.135660193840986,50,541858724
662,-1.32179019649709,0.420939598913946,0.266657505086777,0.116855558448574,0.608496728466681,0.733342494913223,0.391503271533319,0.883144441551426,148,0.00168893238357514,48,637614407
612,-1.40803300992602,0.457166101298419,0.244623983179131,0.0998524079813607,0.599293440751015,0.755376016820869,0.400706559248985,0.900147592018639,128,0.00207059257716104,50,403711456
837,-0.621580193656697,0.479566216824581,0.537095052479961,0.209818437233685,1.37486056612445,0.462904947520039,-0.37486056612445,0.790181562766315,110,0.194930677159287,50,151666764
812,-0.486200116454873,0.444677658894964,0.614958731637937,0.257238318967016,1.47013183392103,0.385041268362063,-0.470131833921026,0.742761681032984,127,0.274228513157256,49,601916912
387,-0.654959015993767,0.42703168783692,0.519463351840036,0.224939063035701,1.19962344584878,0.480536648159964,-0.199623445848783,0.775060936964299,145,0.12509164928098,49,322100880
312,-0.358563337830894,0.193185888479695,0.698679371601238,0.478451361280412,1.0202768845609,0.301320628398762,-0.0202768845609029,0.521548638719588,125,0.0634459376419423,50,908089288
587,-1.02542506401638,0.435088558116985,0.35864398634828,0.152867618909013,0.84141762566697,0.64135601365172,0.15858237433303,0.847132381090987,134,0.0184322190742162,50,787776890
737,-1.50722439279618,0.496741894195797,0.221523989018162,0.0836745328314453,0.586473279861289,0.778476010981838,0.413526720138711,0.916325467168555,121,0.00241158172466495,50,767108012
712,-1.40933713548266,0.456992426428605,0.244305170721821,0.0997562236686541,0.598308699411732,0.755694829278179,0.401691300588268,0.900243776331346,133,0.00204278921615831,50,324875541
188,-0.322985720827364,0.197615787067333,0.723984192189373,0.491494000364458,1.06644864464556,0.276015807810627,-0.066448644645557,0.508505999635542,135,0.102172256558771,49,706879737
163,-1.09421719541251,0.418939027459241,0.33480158861447,0.147294307637077,0.761007709917479,0.66519841138553,0.238992290082521,0.852705692362923,134,0.00900466539966592,49,955877405
937,-1.07564860378787,0.416887671539188,0.341076460058338,0.150659429147501,0.772159779604851,0.658923539941662,0.227840220395149,0.849340570852499,139,0.00987465160646754,50,561263922
987,-1.38518075229588,0.192454182837707,0.250278557279139,0.171635194066089,0.364956363259667,0.749721442720861,0.635043636740333,0.828364805933911,132,6.13457763257015e-13,48,175197718
562,-1.17807556330442,0.451031295028359,0.307870646443377,0.127189057533005,0.745223974294072,0.692129353556623,0.254776025705928,0.872810942466995,135,0.00900248671069568,49,430798256
38,-0.486489887965166,0.461361737782009,0.614780559933291,0.248890490147227,1.51855997651143,0.385219440066709,-0.518559976511427,0.751109509852773,121,0.29166999419368,50,649371653
488,-1.04005669691267,0.461587670412015,0.353434642737631,0.143022701921308,0.873400131650476,0.646565357262369,0.126599868349524,0.856977298078692,132,0.0242455368033328,48,88158948
763,-0.636432499736097,0.433872967215087,0.529176899339383,0.226093219442943,1.23855191891374,0.470823100660617,-0.238551918913742,0.773906780557057,132,0.142413140945893,49,446648435
63,-0.194134210167672,0.34225412497554,0.823547368420824,0.421076829666512,1.61070431866321,0.176452631579176,-0.610704318663209,0.578923170333488,181,0.570563083249664,49,243390213
238,-1.35866670457635,0.435223049000385,0.25700320982426,0.109515607475603,0.603116317230736,0.74299679017574,0.396883682769264,0.890484392524397,137,0.00179766694780418,50,683074176
263,-1.23800995417749,0.456155617145958,0.289960679194972,0.11859291472616,0.708956312216037,0.710039320805028,0.291043687783963,0.88140708527384,126,0.00664745784810448,49,805351509
338,-1.03703210351961,0.40295243468949,0.354505257093309,0.16092701126122,0.780937745142089,0.645494742906691,0.219062254857911,0.83907298873878,148,0.010065109203965,50,150546034
512,-1.45109931568544,0.452024545764669,0.234312562983341,0.0966121136509482,0.568276327854499,0.765687437016659,0.431723672145501,0.903387886349052,141,0.00132632316139628,50,14339397
413,-0.672114855962886,0.432523394871436,0.510627531381194,0.218745760964124,1.19197955953631,0.489372468618806,-0.191979559536314,0.781254239035876,132,0.120199031641803,51,404999155
13,-0.736965916382561,0.415131013539625,0.478563717333534,0.212119018931863,1.07969211201027,0.521436282666466,-0.0796921120102749,0.787880981068137,150,0.0758547945384617,49,55915659
113,-0.393283184641726,0.412819513294433,0.674837616876012,0.300473846277106,1.51562545224287,0.325162383123988,-0.515625452242874,0.699526153722894,133,0.340754328262582,47,128695806
213,-1.56868162346802,0.469700480905525,0.208319645125914,0.0829698782616891,0.523046139811262,0.791680354874086,0.476953860188738,0.917030121738311,119,0.000838541973632696,50,934928343
138,-1.06252170231359,0.427919273436983,0.345583252539471,0.149385051745449,0.79946275106069,0.654416747460529,0.20053724893931,0.850614948254551,140,0.0130282671891282,49,73381368
688,-0.230912524042788,0.432868179920108,0.793808902191764,0.339827016194918,1.85427450782036,0.206191097808236,-0.854274507820362,0.660172983805082,124,0.593723723050168,50,163879395
963,-1.45802707669354,0.442591296571468,0.232694911367468,0.0977355342925763,0.554014690442293,0.767305088632532,0.445985309557707,0.902264465707424,139,0.000986682670047234,48,437627538
888,-1.09230688258107,0.465407613740264,0.335441775669275,0.134729118810972,0.835166041737611,0.664558224330725,0.164833958262389,0.865270881189028,124,0.0189257772111148,49,940168679
638,-1.02339312862653,0.479408302823092,0.359373468635949,0.14043421281613,0.919642638140665,0.640626531364051,0.0803573618593354,0.85956578718387,120,0.0327854847149848,50,977640737
788,-0.717626055858339,0.435630530843314,0.487909151285571,0.207744523443404,1.14590428648801,0.512090848714429,-0.145904286488014,0.792255476556596,127,0.0994907943235906,50,982447566
88,-0.772994984328171,0.42085797534444,0.46162842595399,0.202328744056875,1.05324038184537,0.53837157404601,-0.0532403818453728,0.797671255943125,136,0.0662523909736687,49,11229175
438,-0.856875087803631,0.187459389337336,0.424486494928636,0.293966712903932,0.612956421483286,0.575513505071364,0.387043578516714,0.706033287096068,134,4.85424290628487e-06,51,721327197
863,-0.985822925397909,0.463966881605667,0.373132040725243,0.15029108429693,0.92638575646119,0.626867959274757,0.0736142435388097,0.84970891570307,113,0.0336058066552849,48,161167193
363,-0.740645252070199,0.434169696557518,0.47680615608121,0.203599139548343,1.11662608683549,0.52319384391879,-0.116626086835486,0.796400860451657,135,0.0880287728182881,50,942266539
288,-0.100334861128481,0.395490067562982,0.904534473882006,0.416661494848207,1.96366264835455,0.095465526117994,-0.963662648354554,0.583338505151793,144,0.799729227087534,50,848881750
913,-0.967140775290523,0.428572244977049,0.380168472704136,0.164125001007754,0.880597512571331,0.619831527295864,0.119402487428669,0.835874998992246,132,0.0240294837923988,49,435146711
613,-0.768177718691566,0.443861890566037,0.463857577604224,0.194342922557421,1.10713500378325,0.536142422395776,-0.107135003783255,0.805657077442579,124,0.0835109361733037,49,89769727
463,-1.44615884586604,0.440977742484895,0.235473041422985,0.0992156674537664,0.558858844172258,0.764526958577015,0.441141155827742,0.900784332546234,124,0.00104014330050583,44,429532978
538,-1.20266850053394,0.429925570906809,0.300391546429837,0.129340458824063,0.697655489913273,0.699608453570163,0.302344510086727,0.870659541175937,133,0.00515176742337652,50,121672327
813,-0.506143661742338,0.423239528725111,0.602815763719953,0.262979842329363,1.38180493900424,0.397184236280047,-0.381804939004241,0.737020157670637,134,0.231743414805357,50,817479783
663,-1.17745193816849,0.441818199500417,0.308062702196289,0.129587403253802,0.732344549713749,0.691937297803711,0.267655450286251,0.870412596746198,136,0.00769849876723819,49,269335470
838,-1.19533859381051,0.452637734443596,0.302601477846747,0.1246192423753,0.734779418087557,0.697398522153253,0.265220581912443,0.8753807576247,134,0.00827035914770581,51,58587053
313,-0.616832923374466,0.194430831951872,0.539650849591262,0.368648983656275,0.789973802656958,0.460349150408738,0.210026197343042,0.631351016343725,132,0.00151129590591788,49,387876751
388,-0.443576462961731,0.446397401095419,0.641737162734128,0.267536495038583,1.53932862869665,0.358262837265872,-0.539328628696647,0.732463504961417,124,0.320378362516514,50,315803586
39,-0.780814462028678,0.410252437344202,0.458032809015475,0.204969423670881,1.02353829355286,0.541967190984525,-0.0235382935528599,0.795030576329119,140,0.0570074514552919,49,826331180
588,-1.36700537694402,0.430637532187344,0.254869054636793,0.109586681564704,0.592756656958343,0.745130945363207,0.407243343041657,0.890413318435296,154,0.00150159118911171,50,916996059
713,-1.02503550157028,0.424649735915972,0.358783727794123,0.156088255704275,0.824698583176758,0.641216272205877,0.175301416823242,0.843911744295725,135,0.0157854962332829,50,859425480
189,-1.42641134187721,0.462751652529287,0.240169262962452,0.0969666751539733,0.594856684323095,0.759830737037548,0.405143315676905,0.903033324846027,139,0.00205300474991997,49,440320217
164,-0.68364802035647,0.421927788221205,0.504772210211803,0.2207749793091,1.15409357074552,0.495227789788197,-0.154093570745524,0.7792250206909,132,0.105168650347745,49,227083902
938,-2.31512558277477,0.49730117924577,0.098753781449481,0.0372606308261911,0.261732266317853,0.901246218550519,0.738267733682147,0.962739369173809,126,3.23384914950908e-06,50,301915903
738,-0.496195295716109,0.437517172517372,0.60884272508539,0.258279435595775,1.43522639746495,0.39115727491461,-0.435226397464948,0.741720564404225,127,0.25674582579492,50,626159601
563,-1.46159560937439,0.430591032902977,0.23186601182876,0.0997050924156453,0.539208641593301,0.76813398817124,0.460791358406699,0.900294907584355,142,0.000687806659089754,50,712121949
489,-1.24882472436386,0.4872879695021,0.286841716915763,0.110372795322276,0.745456978985991,0.713158283084237,0.254543021014009,0.889627204677724,112,0.0103829928875257,50,351109976
988,-0.510593256902351,0.421566651285959,0.600139436317746,0.262672121597198,1.37116699265136,0.399860563682254,-0.371166992651359,0.737327878402802,137,0.225826280512955,46,412959330
764,-1.09806132286661,0.425153566199702,0.333517039203679,0.144952815405351,0.767378095610844,0.666482960796321,0.232621904389156,0.855047184594649,137,0.00980190259764021,50,771721876
64,-1.33472854847869,0.418676822362418,0.263229619839506,0.115866102720444,0.598016427013428,0.736770380160493,0.401983572986572,0.884133897279555,142,0.00143276111820644,50,342316190
14,-0.580593383358113,0.433642568437143,0.559566230744128,0.239185183752439,1.30908763526619,0.440433769255872,-0.309087635266194,0.760814816247561,126,0.180611227230342,48,982279436
239,-0.947326053519888,0.41615959958588,0.387776532083219,0.171532267647006,0.876631790025264,0.612223467916781,0.123368209974736,0.828467732352994,134,0.0228249046162452,50,624862956
264,-0.753577015264899,0.405113766571091,0.470679908745281,0.21276108544523,1.04125985272573,0.529320091254719,-0.0412598527257271,0.78723891455477,143,0.0628626859824661,50,982807546
339,-1.09256417206672,0.426915435586446,0.335355481129161,0.145249394743019,0.774277227952276,0.664644518870839,0.225722772047724,0.854750605256981,137,0.0104911816277175,48,711275132
513,-0.486634806971911,0.416323189658432,0.61469147300053,0.271820525108814,1.390055467034,0.38530852699947,-0.390055467034005,0.728179474891186,136,0.242449120445515,49,631208969
414,-0.380458583129322,0.476832024637247,0.683547873803816,0.268465684386315,1.74040006956485,0.316452126196184,-0.74040006956485,0.731534315613685,117,0.424935447957078,50,536665522
114,-1.02643150022665,0.445831218902201,0.358283215630631,0.149532034358696,0.858457274076135,0.641716784369369,0.141542725923865,0.850467965641304,131,0.0213189822505355,45,489161290
214,-1.67676201933237,0.425838392722093,0.186978429446883,0.081155360355214,0.430790189648598,0.813021570553117,0.569209810351403,0.918844639644786,146,8.23161272009445e-05,50,510237666
639,-1.2494828493734,0.426992082619253,0.286653001314121,0.124136693575847,0.661931140546999,0.713346998685878,0.338068859453001,0.875863306424153,144,0.00343082178186986,50,924901248
139,-0.807288858064198,0.440276650086329,0.446065775978289,0.18820655255368,1.05721439450075,0.553934224021712,-0.0572143945007499,0.81179344744632,126,0.0667142045438588,50,938834043
964,-1.95031736521053,0.503750787606303,0.142228925910044,0.0529900686949503,0.381752050218658,0.857771074089956,0.618247949781342,0.94700993130505,131,0.000108126967099935,48,678073611
539,-0.342783313157554,0.46821956551975,0.709791997484642,0.283518812941717,1.77697089821269,0.290208002515358,-0.776970898212692,0.716481187058283,112,0.464107834617315,51,810348156
689,-0.637327111693037,0.404770112153161,0.528703703052985,0.239150563276484,1.16883523832129,0.471296296947015,-0.168835238321285,0.760849436723516,148,0.115362445169819,49,449752000
789,-1.01106943526518,0.460982682114702,0.363829679153422,0.147403892814685,0.898022656696721,0.636170320846578,0.101977343303279,0.852596107185315,128,0.0282863778979385,50,287834725
889,-0.970927977582147,0.416726786056141,0.378731420714027,0.167345043447465,0.857136166576063,0.621268579285973,0.142863833423937,0.832654956552535,139,0.0198119141823272,50,311526199
439,-1.63990384007451,0.200247075219608,0.193998696294175,0.131023196948488,0.287242984756631,0.806001303705825,0.712757015243369,0.868976803051512,128,2.62526835930205e-16,50,498844868
864,-0.202313742422874,0.387291867486483,0.816838610810708,0.382360325612155,1.74501712499315,0.183161389189292,-0.745017124993148,0.617639674387845,150,0.601405388883448,48,519202456
364,-1.02149732018105,0.429103764737028,0.360055418111409,0.155280014817628,0.834878231198266,0.639944581888591,0.165121768801734,0.844719985182372,135,0.0172874323523324,48,390363141
914,-0.833580866199026,0.417342329621399,0.434490644480466,0.191751157646903,0.984516195144339,0.565509355519534,0.0154838048556607,0.808248842353097,148,0.0457866124159342,48,952308645
464,-1.22287638274968,0.441151684857616,0.294382192099415,0.123994533777314,0.698908834004683,0.705617807900585,0.301091165995317,0.876005466222686,127,0.00557115187172593,50,852148218
289,-0.92909706881957,0.449106975812905,0.394910126104274,0.163763729023142,0.952311043660071,0.605089873895726,0.0476889563399288,0.836236270976858,136,0.0385680865923098,50,395076290
89,-1.82486535700499,0.460803497205232,0.161239352417633,0.0653483155231585,0.397839310163154,0.838760647582367,0.602160689836846,0.934651684476841,135,7.48929067995369e-05,50,902732365
814,-0.537101509842064,0.429627252962232,0.584439792720319,0.251791112862484,1.35656047360781,0.415560207279681,-0.356560473607812,0.748208887137516,136,0.211242207812729,49,300789720
664,-0.928376130386085,0.441758757697268,0.395194934644331,0.166259179600585,0.9393709071808,0.604805065355669,0.0606290928191997,0.833740820399415,126,0.0355931080568205,51,893284596
614,0.28378994738965,0.436913841530436,1.32815391925259,0.564087754581948,3.12716030244855,-0.328153919252588,-2.12716030244855,0.435912245418052,132,0.515993939605877,50,546353752
839,-0.71812572747502,0.415514006812322,0.487665417829571,0.215991069750766,1.10105274269584,0.512334582170429,-0.101052742695841,0.784008930249234,141,0.0839375281618304,49,560533012
190,-0.225762958258697,0.436739620020437,0.797907216566739,0.338999419456633,1.87804429656472,0.202092783433261,-0.878044296564723,0.661000580543367,128,0.605206388895489,49,731135019
314,-0.622798694861959,0.403655495899151,0.536441000073921,0.243181079752703,1.18335253241308,0.463558999926079,-0.183352532413081,0.756818920247297,144,0.122855864302935,50,400092749
389,-0.714256427665762,0.401248005586232,0.489555996787431,0.222976684347597,1.07484365323561,0.510444003212569,-0.0748436532356134,0.777023315652403,139,0.0750616955685574,48,923603183
589,-0.959095945083709,0.445740090820245,0.38323919869036,0.15997616084674,0.918088561667233,0.61676080130964,0.0819114383327675,0.84002383915326,130,0.0314215220584071,50,721600880
40,-1.1237569198123,0.426317560995738,0.325056287346723,0.140953675471553,0.749619260300592,0.674943712653277,0.250380739699408,0.859046324528447,143,0.00838991096967612,50,806846393
714,-1.20766001705812,0.432705694350519,0.298895873006831,0.127997109942641,0.697974688182808,0.701104126993169,0.302025311817192,0.872002890057359,141,0.00525535676902583,48,221623771
564,-0.484564824934694,0.210757473543632,0.615965191140102,0.40752953004737,0.931007666247302,0.384034808859898,0.0689923337526983,0.59247046995263,112,0.0214959437863009,49,66928230
739,-0.878221572187065,0.427870815841063,0.4155212294759,0.179634156314463,0.961164044119275,0.5844787705241,0.0388359558807251,0.820365843685537,135,0.0401173007910777,50,372710001
165,-1.28617829137717,0.451946041135964,0.276324800606148,0.113952195647508,0.67006515316493,0.723675199393852,0.32993484683507,0.886047804352492,126,0.00442906995093738,50,488823431
490,-0.869453075906441,0.429664192961979,0.419180746615024,0.18058035511894,0.973043264960885,0.580819253384976,0.0269567350391151,0.81941964488106,138,0.0430150124001642,50,802086039
939,-1.27209059555624,0.460892623163017,0.280245129710304,0.113560046523432,0.691592995342244,0.719754870289697,0.308407004657756,0.886439953476568,118,0.00577910145386278,49,411747191
989,-0.674639603289319,0.410352039163503,0.509339951976823,0.227884850098582,1.13841348631787,0.490660048023177,-0.138413486317869,0.772115149901418,135,0.100165706986852,51,248399253
765,-0.554423069915407,0.428488501937229,0.574403556312521,0.248020195788457,1.33029265804582,0.425596443687479,-0.330292658045819,0.751979804211543,135,0.195698515523113,51,112952717
65,-1.29925265337304,0.200600857194134,0.272735544877418,0.184072954383305,0.404104327486845,0.727264455122582,0.595895672513155,0.815927045616695,128,9.36850814510914e-11,50,164374983
15,-1.49289170333839,0.407502354984754,0.224721886048662,0.10110642108835,0.499472986242285,0.775278113951338,0.500527013757715,0.89889357891165,154,0.000248775939481475,48,381706182
415,-0.980053951858171,0.424282542824731,0.375290850666443,0.163387196721507,0.862021170691908,0.624709149333557,0.137978829308092,0.836612803278493,136,0.0208932073626451,49,856357747
240,0.470534674902934,0.410755343581069,1.60084989869905,0.715673655041315,3.58085054565383,-0.60084989869905,-2.58085054565383,0.284326344958685,133,0.25198755273576,48,264442950
265,-1.31293038346517,0.470066834413831,0.269030537514385,0.107072998384108,0.675963419420047,0.730969462485615,0.324036580579953,0.892927001615892,123,0.00522101141319275,50,312851172
340,-1.23980079309294,0.461093046547413,0.289441871016312,0.117240657166243,0.71456949084336,0.710558128983688,0.28543050915664,0.882759342833757,139,0.00717029354380097,49,498171307
115,-1.04693944265747,0.437861959361612,0.351010394267339,0.148802833681445,0.827996979865824,0.648989605732661,0.172003020134176,0.851197166318555,129,0.016801351164938,50,306007711
640,-0.859641514776613,0.420444584264616,0.423313806865237,0.185686082899524,0.965040439674214,0.576686193134763,0.0349595603257862,0.814313917100476,137,0.0408941879981625,49,166292672
215,-1.30150689619489,0.399827589600773,0.272121425180634,0.12428790727068,0.595794648638422,0.727878574819366,0.404205351361578,0.87571209272932,154,0.00113324388715081,50,830208394
514,0.0116492917508465,0.420077541716997,1.01171740899892,0.444107974311426,2.30478211353556,-0.0117174089989187,-1.30478211353556,0.555892025688574,138,0.977876468207116,49,997460824
690,-0.748553525305822,0.461629085405289,0.473050313407963,0.191411463872482,1.16908671240533,0.526949686592037,-0.169086712405331,0.808588536127518,124,0.104900254890841,50,380186321
365,-0.9647199109614,0.477813474860985,0.381089923902911,0.149386688047124,0.972171831365013,0.618910076097088,0.0278281686349872,0.850613311952876,111,0.0434840643415545,48,978442160
790,-0.445833669935639,0.405652865280689,0.640290262725711,0.289124272076474,1.41797718191201,0.359709737274289,-0.417977181912008,0.710875727923526,141,0.271745302159513,49,226668159
440,-1.52051727447776,0.430384400637988,0.218598782130753,0.094038105684297,0.508149618724485,0.781401217869247,0.491850381275515,0.905961894315703,147,0.000410983752612846,49,531591417
140,-0.216656315134021,0.494477257599342,0.805206659097948,0.305497424391565,2.12230189877038,0.194793340902052,-1.12230189877038,0.694502575608435,109,0.661275931695423,49,62517990
965,-1.16026276384851,0.46123534331647,0.313403818868615,0.126911228496561,0.773942186558323,0.686596181131385,0.226057813441677,0.873088771503439,127,0.0118845213067924,50,766444909
865,-0.908126973559799,0.39608133199854,0.403278869062496,0.185549772191116,0.876497148510713,0.596721130937504,0.123502851489287,0.814450227808884,157,0.0218607296998185,48,696140454
540,-0.460631534475081,0.197852881314019,0.630885093983993,0.428092469677295,0.929743057875381,0.369114906016007,0.0702569421246191,0.571907530322705,123,0.0199040465080662,50,190656606
915,-0.548602415733234,0.431392964601128,0.577756710082013,0.248051947373698,1.3456972201952,0.422243289917987,-0.345697220195199,0.751948052626302,133,0.203479744907582,49,974041458
815,-1.87384637509343,0.20496756253759,0.15353198303974,0.102737774498678,0.22943917104627,0.84646801696026,0.77056082895373,0.897262225501322,115,6.12168383599349e-20,47,867780483
465,-0.925464978626168,0.4365213957628,0.396347083299938,0.168464338455521,0.932488216085238,0.603652916700062,0.0675117839147624,0.83153566154448,134,0.0339983918607666,49,6076748
290,-0.156256152849315,0.421979509848934,0.855340064512702,0.374066834984093,1.95581793823477,0.144659935487298,-0.955817938234768,0.625933165015907,138,0.711164022592009,50,742153066
890,0.178192906532219,0.199721400699625,1.19505583307703,0.807951016226367,1.76762998682993,-0.195055833077033,-0.767629986829929,0.192048983773633,130,0.372281790238631,51,821858139
665,-1.38963595952988,0.437995800274786,0.249165994629075,0.105600523171334,0.587910845657151,0.750834005370925,0.412089154342849,0.894399476828666,132,0.00151020558326379,49,471192465
615,-0.618493668862118,0.452873641883108,0.538755370665005,0.221771058666353,1.30881527628485,0.461244629334995,-0.308815276284854,0.778228941333647,124,0.172030276563062,50,26152475
90,-1.01073694904914,0.46515350989743,0.363950667619113,0.146252444902114,0.905694865812694,0.636049332380887,0.0943051341873057,0.853747555097886,128,0.0297870535198848,50,793878601
590,-0.873091116578162,0.465577909936751,0.417658520648956,0.167695230361425,1.04021229163594,0.582341479351044,-0.0402122916359369,0.832304769638575,112,0.0607535713847816,48,40509394
840,-0.593375326767911,0.454192332286871,0.552459403140901,0.226825123352463,1.34558018797827,0.447540596859099,-0.34558018797827,0.773174876647537,117,0.191402748962742,50,105278199
191,-1.31435972394928,0.411542421891371,0.26864627596137,0.119915488241302,0.601847373065651,0.73135372403863,0.398152626934349,0.880084511758698,148,0.00140442272170284,50,957219559
315,-0.465342479406508,0.414852399306209,0.62792001868506,0.278471866980105,1.41588288304044,0.37207998131494,-0.415882883040444,0.721528133019895,131,0.261987409252492,48,304651813
41,-1.11711804611964,0.198287086449138,0.327221474230064,0.221850045922487,0.482640843061658,0.672778525769935,0.517359156938342,0.778149954077513,127,1.76238856367735e-08,48,510163959
390,-0.393396242014744,0.386352513323926,0.674761325820548,0.316436321521176,1.43884508780271,0.325238674179452,-0.438845087802713,0.683563678478824,158,0.308568023249905,48,33083692
491,-2.24898666355127,0.509638499531722,0.105506083570701,0.0388572825089153,0.286472263413528,0.894493916429299,0.713527736586472,0.961142717491085,128,1.01992406000374e-05,48,910545678
715,-1.19575247122749,0.434444253809684,0.302476263842133,0.129089726520372,0.708746487068102,0.697523736157867,0.291253512931898,0.870910273479628,132,0.00591651575402265,50,853593076
565,-1.10206183075545,0.457967600330454,0.332185466915884,0.135381056836223,0.81508585476339,0.667814533084116,0.18491414523661,0.864618943163777,117,0.0161097860765627,50,718659172
166,-1.22664879361176,0.434033781343343,0.29327375357762,0.125263047458352,0.686631023934676,0.70672624642238,0.313368976065324,0.874736952541648,141,0.00471097662877251,50,858055966
740,-0.879344262187248,0.426063182135178,0.415054989717033,0.180069434669321,0.956690094603583,0.584945010282967,0.0433099053964173,0.819930565330679,136,0.0390288769170734,48,167879045
990,-1.96697958455096,0.44349541441837,0.139878710625114,0.0586472481926594,0.333622706761431,0.860121289374886,0.666377293238569,0.941352751807341,139,9.19977080687981e-06,49,862769559
341,-0.967164193732453,0.471756430666571,0.38015956985508,0.150801661236153,0.958353491385494,0.61984043014492,0.0416465086145057,0.849198338763847,123,0.0403512952373349,50,820422467
66,-1.12721585610101,0.425484615670126,0.323933880644246,0.14069647354945,0.745812289263671,0.676066119355754,0.254187710736329,0.85930352645055,137,0.00806702181012965,48,533054621
940,-1.03906556065014,0.412531870550132,0.353785118284303,0.15761291303662,0.794122178874756,0.646214881715697,0.205877821125244,0.84238708696338,145,0.011777150464799,48,480301482
266,-1.14982844848804,0.454203319967957,0.316691093555148,0.130022131945285,0.77135520881445,0.683308906444852,0.22864479118555,0.869977868054715,128,0.0113566731012113,49,971605932
116,-0.33478620977008,0.425653121666102,0.715491034995392,0.310661619872352,1.64786181623956,0.284508965004608,-0.64786181623956,0.689338380127648,130,0.43156082033221,48,986490818
241,-0.863375574477233,0.455532606917592,0.421736075343371,0.172699346506189,1.02988992630412,0.578263924656629,-0.0298899263041228,0.827300653493811,129,0.0580513239904152,51,130735984
766,-0.987787385378325,0.435273948740609,0.372399757270094,0.158673182463044,0.874007674530158,0.627600242729906,0.125992325469842,0.841326817536955,131,0.0232472666033607,50,287431510
16,-0.208263405822917,0.42786046390167,0.811993124823111,0.351040209366105,1.87822596149483,0.188006875176889,-0.878225961494835,0.648959790633895,125,0.626431655984949,51,822671652
641,-1.28917362182383,0.479837804174024,0.275498354874662,0.107567315528681,0.705598565564352,0.724501645125338,0.294401434435648,0.892432684471319,128,0.00721647069348944,50,346362357
691,-0.885485493441278,0.486017903774908,0.412513851886096,0.15912534075427,1.06939395819228,0.587486148113904,-0.069393958192276,0.84087465924573,125,0.0684672019199156,50,867646398
216,-0.668011646299908,0.473056587282273,0.512727047634151,0.202870888399357,1.29584400921106,0.487272952365849,-0.295844009211062,0.797129111600643,118,0.157915266637654,50,353524287
416,-1.00442628735258,0.448291498793932,0.366254699493147,0.152123668624603,0.88179903964741,0.633745300506853,0.11820096035259,0.847876331375397,140,0.0250542594148081,51,643763325
441,-0.432878604376195,0.440092415784374,0.648639228989532,0.273776311012376,1.5367759461304,0.351360771010468,-0.536775946130401,0.726223688987624,125,0.325308085084387,49,607283028
916,-0.385416013562511,0.427702062547006,0.680167618385015,0.29414081836975,1.5728112530033,0.319832381614985,-0.572811253003302,0.70585918163025,140,0.367518142403821,51,849788519
515,-0.526113418263663,0.416708818036803,0.590897082359772,0.261101073024249,1.33725747618381,0.409102917640228,-0.337257476183809,0.738898926975751,136,0.206752931196498,50,990220946
816,-0.471013846091094,0.421004025535571,0.624368933282434,0.273578528645205,1.42495307208049,0.375631066717566,-0.424953072080488,0.726421471354795,140,0.263231003408583,50,465595259
366,-0.166338583452849,0.445453980927384,0.846759486897389,0.35366245317633,2.0273614634835,0.153240513102611,-1.0273614634835,0.64633754682367,120,0.708840624307381,49,516998458
966,-0.689583434091757,0.205592840907801,0.501785052081397,0.335364258944507,0.750790317622945,0.498214947918603,0.249209682377055,0.664635741055493,125,0.000796173022785298,49,249160376
141,-1.14329474988051,0.410373414098153,0.318767032105521,0.142614247774532,0.712498381774644,0.681232967894479,0.287501618225356,0.857385752225468,150,0.00533651109002951,49,564038538
791,-1.12445684929945,0.41446673926928,0.324828850470399,0.144165010233089,0.731895915155304,0.675171149529601,0.268104084844696,0.855834989766911,139,0.00666729385679179,50,448404557
541,-1.11667489713058,0.447888557005851,0.327366514230359,0.1360789104043,0.787549182462804,0.672633485769641,0.212450817537196,0.8639210895957,127,0.0126598194041872,49,717169082
291,-1.84785001097803,0.468758994098086,0.157575588166319,0.0628753705689084,0.394909258765304,0.842424411833681,0.605090741234696,0.937124629431092,132,8.08034984115439e-05,49,674323923
466,-0.839543161972585,0.411638746385206,0.431907790269083,0.192754045288606,0.967784302611208,0.568092209730916,0.0322156973887924,0.807245954711394,143,0.0413987128457921,50,973687022
666,-0.963063859932612,0.474725463377864,0.381721551122552,0.150542676426044,0.967907214423611,0.618278448877448,0.0320927855763893,0.849457323573956,128,0.0424913651239124,50,963538076
866,-0.692267511487832,0.429061839378212,0.500440028047213,0.215840997768692,1.16029959211124,0.499559971952787,-0.160299592111238,0.784159002231308,124,0.106647948246661,50,200642609
616,-0.617940672434771,0.201726574304117,0.53905338285244,0.363012687769344,0.800463893838582,0.46094661714756,0.199536106161418,0.636987312230656,123,0.00218940737677807,50,990406351
891,-1.70392225681896,0.47175218144705,0.181968395730077,0.0721838067064166,0.45872472726815,0.818031604269923,0.54127527273185,0.927816193293583,125,0.000303960411668445,49,403158801
91,-0.60241755632326,0.458678367664909,0.54748645554764,0.222815626290621,1.3452441554398,0.45251354445236,-0.345244155439804,0.777184373709379,127,0.189055989408781,49,900028951
841,-0.418599859918263,0.416058089415939,0.657967421738489,0.291108645094055,1.48714624373083,0.342032578261511,-0.487146243730827,0.708891354905945,129,0.314363057000516,48,698023538
42,-0.718425544126169,0.451743489565398,0.487519229533054,0.201125434379141,1.1817252248488,0.512480770466946,-0.181725224848796,0.798874565620859,124,0.111758285171087,49,82084616
192,-1.01196461164299,0.407638610808563,0.363504133151383,0.163503381396306,0.808149982524605,0.636495866848617,0.191850017475395,0.836496618603694,139,0.0130462486550319,49,649275662
591,-1.23211124766878,0.412793231372028,0.291676126627033,0.129876521539069,0.655044975304153,0.708323873372967,0.344955024695847,0.870123478460931,145,0.00283750285083307,49,68747999
316,-0.932056620709626,0.43469289296386,0.393743096887751,0.16795838556143,0.923047848004313,0.606256903112249,0.0769521519956871,0.83204161443857,128,0.0320190540926833,50,116960953
391,-0.697810527693912,0.452805963721875,0.497673754693407,0.20488756605429,1.20885406020688,0.502326245306593,-0.208854060206878,0.79511243394571,124,0.12329714851708,50,284430879
716,-1.00995433713423,0.420057710540025,0.364235611233622,0.159892698800296,0.8297288211792,0.635764388766378,0.1702711788208,0.840107301199704,138,0.0162024585065427,49,614821455
566,-2.01811358951976,0.196508169259444,0.132905943918384,0.0904224660745193,0.195349570694956,0.867094056081616,0.804650429305044,0.909577533925481,125,9.63331802682541e-25,49,917558411
492,-0.851020383762067,0.212304725240635,0.426979027125424,0.281638766518025,0.647322426024423,0.573020972874576,0.352677573975577,0.718361233481975,111,6.11094254185316e-05,50,660771752
167,-0.521676194022333,0.427472730016437,0.593524850905394,0.256787252235091,1.37184282154226,0.406475149094606,-0.371842821542258,0.743212747764909,124,0.222323493622636,49,72793008
741,-0.543173987475998,0.396942583030741,0.580901548976361,0.266823695772075,1.2646800675881,0.419098451023639,-0.264680067588101,0.733176304227925,149,0.171188672163761,50,887252439
991,-0.166044897259656,0.396964945710767,0.847008204988392,0.389036583819337,1.84410137543985,0.152991795011608,-0.844101375439849,0.610963416180663,152,0.675737991212814,49,292160066
342,-0.940493648046753,0.200573856793106,0.390435050278493,0.263523907754213,0.578465649606823,0.609564949721507,0.421534350393177,0.736476092245787,121,2.74524437972659e-06,49,865281980
67,-0.408373261630882,0.395619975056948,0.664730714039668,0.30612120389068,1.44343781669395,0.335269285960332,-0.44343781669395,0.69387879610932,141,0.301961478313875,50,242035120
767,0.095331694318612,0.428348695676609,1.1000236662203,0.47510648456871,2.54690707356521,-0.100023666220299,-1.54690707356521,0.52489351543129,125,0.823880862739263,48,449021741
117,-0.736201433202446,0.420263408556272,0.478929711126273,0.210156544075848,1.09144194965783,0.521070288873727,-0.0914419496578289,0.789843455924152,138,0.0798147555806474,49,101761811
417,-0.296842475081056,0.414401099407567,0.743161069529227,0.329870968650284,1.6742557780201,0.256838930470773,-0.674255778020096,0.670129031349716,139,0.473795747143461,48,34166851
941,-1.3738257047723,0.422054077883687,0.253136678532749,0.110688370725148,0.578906145232777,0.746863321467251,0.421093854767223,0.889311629274852,154,0.00113354833088655,49,228946032
267,-0.776504580276665,0.421839312404834,0.460011136377073,0.201232476482535,1.05157104504099,0.539988863622927,-0.0515710450409936,0.798767523517465,134,0.0656568594372684,50,979832458
17,-0.707939137350479,0.426557596841413,0.492658453386468,0.213530272564965,1.13666483341046,0.507341546613532,-0.136664833410464,0.786469727435035,131,0.0969835518894701,50,963124542
442,-1.07405725029412,0.474416495846129,0.341619665375894,0.13480897591365,0.86569900097966,0.658380334624106,0.13430099902034,0.86519102408635,122,0.0235769277001452,49,961953985
217,-0.778940637647113,0.392636306071202,0.458891886689543,0.212567933091518,0.990656307406561,0.541108113310457,0.00934369259343937,0.787432066908482,150,0.0472699793199265,49,747971389
242,-1.13499899254367,0.419560221665438,0.321422445153305,0.141236157133397,0.731486825648696,0.678577554846695,0.268513174351304,0.858763842866603,139,0.0068260983533708,47,377317377
642,-1.7829900861281,0.536204945752777,0.168134657797346,0.0587812432016568,0.480923192720662,0.831865342202654,0.519076807279338,0.941218756798343,109,0.000883543017286449,50,678815438
967,-2.10202220775598,0.442740365793523,0.122209046127328,0.0513147327866125,0.291048011834289,0.877790953872672,0.708951988165711,0.948685267213388,145,2.05688305455726e-06,50,771946453
542,-0.905457146570243,0.442038951414913,0.404356992432469,0.170020277249392,0.961676924507056,0.595643007567531,0.0383230754929444,0.829979722750608,128,0.040524241712648,50,909487402
692,-0.291092887653545,0.188006913638988,0.747446246265498,0.5170686297095,1.08046758003915,0.252553753734502,-0.080467580039151,0.4829313702905,143,0.121547801878484,49,134382677
917,-1.11475947233824,0.480282741923278,0.327994161081171,0.127952478092082,0.840782228742146,0.672005838918829,0.159217771257854,0.872047521907918,118,0.0202842337592351,49,305642308
516,-0.596852792738185,0.431745302580871,0.550541580879994,0.236204331694474,1.28319421622586,0.449458419120006,-0.283194216225857,0.763795668305526,133,0.16684316847091,50,524148474
817,-0.891081038424504,0.405882235653622,0.410212057973139,0.185148772339651,0.908857943696562,0.589787942026861,0.0911420563034376,0.814851227660349,156,0.0281336496158885,50,865464809
142,-1.20580330444531,0.435578042748513,0.299451352267255,0.127515088438806,0.703219622654463,0.700548647732745,0.296780377345537,0.872484911561194,123,0.00563524935613955,48,216081193
367,-0.827658495792828,0.451576755441118,0.437071493844567,0.180372220293901,1.05909596511176,0.562928506155433,-0.0590959651117644,0.819627779706099,123,0.0668294799640131,50,114479254
292,-1.65744282391642,0.476829406078985,0.190625821157851,0.0748693049205299,0.485355162982696,0.809374178842149,0.514644837017304,0.92513069507947,129,0.000509016731864477,50,960774199
792,-1.36503562231298,0.454922490277546,0.255371578899739,0.104698831773487,0.622878423809307,0.744628421100261,0.377121576190693,0.895301168226513,136,0.00269457602451221,50,717296244
867,-1.16763984517456,0.440913904972203,0.311100320403295,0.131097334634239,0.738256118059593,0.688899679596705,0.261743881940407,0.868902665365761,124,0.0080915315267664,50,537925100
617,-0.945128189210171,0.435218397429172,0.388629749567896,0.165606535276336,0.911999529470183,0.611370250432104,0.0880004705298165,0.834393464723664,133,0.0298844737078556,49,836100494
667,-1.01610089141194,0.418180649208815,0.362003683638222,0.159498636897202,0.821616218902876,0.637996316361778,0.178383781097124,0.840501363102798,145,0.0151066034850304,50,128068540
43,-1.64834465204785,0.494295401756994,0.192368081314304,0.0730109508664431,0.506848332604784,0.807631918685696,0.493151667395216,0.926989049133557,117,0.000853804276959243,47,281377578
92,-1.07812625413188,0.434196370655805,0.340232437877433,0.145273732943953,0.796827543687344,0.659767562122567,0.203172456312656,0.854726267056046,128,0.0130267050321785,49,103374817
892,-0.891243817031318,0.44253860729575,0.410145289660218,0.172285283856378,0.976398882511033,0.589854710339782,0.0236011174889672,0.827714716143622,130,0.0440163993533461,48,509506072
467,-0.253745973017879,0.404808718109173,0.775888873723708,0.350934219770824,1.71543129866725,0.224111126276292,-0.715431298667252,0.649065780229176,141,0.530771122794772,48,307129733
193,-1.04574436812693,0.438910266845633,0.351430128606439,0.148674982129303,0.830692114594823,0.648569871393561,0.169307885405177,0.851325017870697,123,0.0171912062325205,48,340201589
842,-1.25544295981138,0.431303615497923,0.284949599044217,0.122360642038091,0.663581627580736,0.715050400955783,0.336418372419264,0.877639357961909,132,0.00360492937885966,50,700162612
592,-0.815376409050015,0.444012663081565,0.442472745266111,0.185328521406707,1.05640582905035,0.557527254733889,-0.0564058290503513,0.814671478593293,133,0.066301330669452,49,421118911
317,-0.790370336310117,0.451998552058476,0.45367675119384,0.187070220969523,1.10024243039371,0.54632324880616,-0.100242430393714,0.812929779030477,137,0.0803580171517013,50,634887952
392,-0.914441262606271,0.39090506800564,0.400740472236409,0.186261977089078,0.862188454122646,0.599259527763591,0.137811545877354,0.813738022910922,154,0.0193203047244153,49,120934938
567,-0.49470018117868,0.192760221829055,0.609753695527553,0.417904110448127,0.889676746205772,0.390246304472447,0.110323253794228,0.582095889551873,134,0.0102759715923513,50,289141292
493,-0.871187075823585,0.430724876514785,0.418454517058088,0.179893131007214,0.973378927065844,0.581545482941912,0.0266210729341557,0.820106868992786,137,0.0431136997736605,50,211071429
717,-0.700176516576247,0.425885987617029,0.496497655989642,0.215477730435218,1.14401577325561,0.503502344010358,-0.144015773255608,0.784522269564782,128,0.100166525279609,48,642141671
168,-0.841989835864152,0.387908818159045,0.430852344447446,0.201437292653459,0.921546056693755,0.569147655552554,0.0784539433062451,0.798562707346541,155,0.0299624060468264,50,872099371
343,-2.0442949946042,0.184967631321937,0.129471435870059,0.0901009211931432,0.186045297698139,0.870528564129941,0.813954702301861,0.909899078806857,136,2.1396248547053e-28,48,71647638
992,-0.715385906928805,0.436812632258401,0.489003365592449,0.207728584384728,1.15113811740934,0.510996634407551,-0.151138117409339,0.792271415615272,125,0.101475757909904,50,772376740
18,-0.853996440895647,0.409905666818181,0.425710202130187,0.190634597581728,0.950662568582437,0.574289797869813,0.0493374314175627,0.809365402418272,139,0.0372150060940514,46,385149358
68,-1.09593733564785,0.427598762932878,0.334226177966424,0.1445665229644,0.772704051722626,0.665773822033576,0.227295948277374,0.8554334770356,139,0.010377085586525,49,179605575
768,-0.677388845669423,0.449816781331013,0.507941576112845,0.210343464995184,1.22658740431944,0.492058423887155,-0.226587404319443,0.789656535004816,135,0.132087278854057,50,690730333
742,-0.559247182714787,0.419329112541316,0.571639241807936,0.251297661279311,1.30033610783012,0.428360758192064,-0.300336107830123,0.748702338720689,145,0.182311620139516,50,131430416
942,-1.27015873150415,0.514195246856883,0.280787048490328,0.102492782618044,0.769238229131952,0.719212951509672,0.230761770868048,0.897507217381956,116,0.0135042205706437,44,794587765
118,-0.867380292729266,0.411596421296155,0.420050518527688,0.187477872356358,0.941137404098536,0.579949481472312,0.058862595901464,0.812522127643642,144,0.0350867105217001,49,796012662
268,-0.123831362048286,0.41232253872605,0.883528824811522,0.393777721321042,1.98239550387462,0.116471175188478,-0.982395503874625,0.606222278678958,131,0.763928163899432,48,967554707
443,-1.12050464300831,0.423655402782625,0.326115181344894,0.142152625046746,0.748147362517155,0.673884818655106,0.251852637482845,0.857847374953254,136,0.00817273361411027,48,828653738
418,-0.304702933294457,0.438793403857664,0.737342381732321,0.312009325714363,1.74249210870194,0.262657618267679,-0.742492108701944,0.687990674285637,135,0.487424544550077,50,222849978
243,-0.588915926261914,0.448100391296813,0.554928542231039,0.230575584554108,1.33555201682857,0.445071457768961,-0.335552016828574,0.769424415445892,126,0.18876209710489,50,703381191
918,-1.10362752462739,0.174984354992022,0.331665773112851,0.235371406730326,0.467355770110934,0.668334226887149,0.532644229889066,0.764628593269674,154,2.84483254758495e-10,50,905689670
643,-0.864138539344017,0.404742816824369,0.421414428253146,0.190630194277838,0.931594918699466,0.578585571746854,0.0684050813005338,0.809369805722162,141,0.0327584621977679,50,840699901
543,-1.2406632275084,0.421740717911235,0.289192353996973,0.126532024414264,0.660956923731021,0.710807646003027,0.339043076268979,0.873467975585736,152,0.00326344621174035,50,945837758
818,-1.28831457243862,0.491991598600682,0.275735123250346,0.105125501899147,0.723229443097674,0.724264876749654,0.276770556902326,0.894874498100853,109,0.00882991037341566,49,3660303
517,-0.733139120292311,0.460525342886386,0.480398591701777,0.194805782033461,1.184681504317,0.519601408298223,-0.184681504317003,0.805194217966539,115,0.111393109238492,47,816348287
693,-0.75414485907083,0.431788505097498,0.470412711944728,0.201808756909968,1.09652387214255,0.529587288055272,-0.0965238721425543,0.798191243090032,155,0.0807135590848262,50,330502825
293,-0.488706432662095,0.46730975745134,0.613419380458267,0.245461117071833,1.53296514254714,0.386580619541733,-0.532965142547145,0.754538882928167,115,0.295659420741974,49,250190628
143,-0.889238141817306,0.461010624568211,0.410968733406148,0.166492941731815,1.01442918889323,0.589031266593852,-0.0144291888932313,0.833507058268185,129,0.0537446924006276,48,891106709
368,-1.12009070123687,0.431346377917122,0.326250201984167,0.14008385564136,0.759824847819819,0.673749798015833,0.240175152180181,0.85991614435864,129,0.00941154774340671,50,532314797
968,-1.21537277363856,0.444905845066004,0.296599429235297,0.124012587494177,0.70937332411385,0.703400570764703,0.29062667588615,0.875987412505823,135,0.00629983954705723,50,981528972
218,-1.1505347394192,0.453349811843455,0.316467496479379,0.130147866144624,0.769522231095473,0.683532503520621,0.230477768904527,0.869852133855376,131,0.0111535131990536,50,313537977
468,-0.610422721286208,0.457280812128453,0.543121231635999,0.221645361781097,1.33086778754764,0.456878768364001,-0.330867787547638,0.778354638218903,127,0.181910104884343,50,132924870
618,-1.11780097853626,0.192744826075586,0.326998080368034,0.224119946308521,0.477100527309532,0.673001919631966,0.522899472690468,0.775880053691479,130,6.65595414652533e-09,49,527198780
868,-0.261745997166876,0.407713133106844,0.76970650651326,0.346161775454082,1.71147754656532,0.23029349348674,-0.711477546565321,0.653838224545918,145,0.520882474266458,50,758313310
793,-1.28990734055541,0.391302269988034,0.275296290709369,0.127856633086856,0.592758043509975,0.724703709290631,0.407241956490025,0.872143366913144,164,0.000979159569140899,50,708437960
44,-1.37107121779218,0.473176754195197,0.253834901399395,0.10041129135666,0.641682387487457,0.746165098600605,0.358317612512543,0.89958870864334,132,0.00376044395026084,50,615663734
893,-0.695952855959486,0.429919890133455,0.498599128414652,0.214685662219961,1.1579771480088,0.501400871585348,-0.157977148008798,0.785314337780039,135,0.105491034160906,49,199807655
668,-1.17760652547229,0.427154759857237,0.308015083294489,0.133345140512747,0.711486681645078,0.691984916705511,0.288513318354922,0.866654859487253,141,0.00583590589184925,50,378515053
843,-1.20219963709844,0.455246362179592,0.300532422065429,0.123135967038423,0.733495979158794,0.699467577934571,0.266504020841206,0.876864032961577,134,0.00827185495405806,50,114630673
194,-1.0868686687041,0.389365142289921,0.337270948998504,0.157235542938259,0.72344770725928,0.662729051001496,0.27655229274072,0.842764457061741,158,0.00524827328494549,50,496059240
93,-0.904004454728535,0.465015795721902,0.404944825403218,0.162769747868331,1.00743727730961,0.595055174596782,-0.00743727730960653,0.837230252131669,128,0.051891886050116,50,381335092
593,-1.03845556664843,0.435546130983165,0.354000990918164,0.150753338605811,0.831269826127828,0.645999009081836,0.168730173872172,0.849246661394189,139,0.0171134694410722,50,927865263
318,-0.505348781109907,0.476960964803678,0.603295120786043,0.236886277647692,1.53645456536555,0.396704879213957,-0.536454565365549,0.763113722352308,112,0.289363884917745,49,479433350
393,-1.01982741821663,0.451255415035876,0.360657177661301,0.148931057789319,0.873381292857132,0.639342822338699,0.126618707142868,0.851068942210681,123,0.0238226014414212,51,973094941
494,-1.25356416734369,0.435828706577847,0.285485463435937,0.121508296368433,0.670752140134565,0.714514536564063,0.329247859865435,0.878491703631567,141,0.00402396172650087,49,776043371
169,-1.30175329537596,0.451593613638739,0.272054382944234,0.112268661834369,0.659254203887824,0.727945617055766,0.340745796112176,0.887731338165631,133,0.00394436910469383,49,440611428
993,-1.07726713251502,0.480184169857848,0.340524864516611,0.132866447236072,0.872734883533297,0.659475135483389,0.127265116466703,0.867133552763928,111,0.0248680848309048,50,540077265
718,-1.29418320486877,0.421285046463321,0.274121674164435,0.120045226084906,0.625953190288178,0.725878325835565,0.374046809711822,0.879954773915094,146,0.00212637262892584,50,181366678
344,-1.44243749876976,0.436996751312054,0.236350950831611,0.100365636855768,0.55658264829509,0.763649049168389,0.44341735170491,0.899634363144232,130,0.000964106644425428,48,196644192
568,-0.90085832623157,0.405096168309801,0.40622084005864,0.183630034716557,0.898629525135456,0.59377915994136,0.101370474864544,0.816369965283443,151,0.0261609950030217,50,116503340
444,-1.29469590668701,0.200570527769691,0.273981167505757,0.184924634594554,0.405925799515023,0.726018832494243,0.594074200484977,0.815075365405446,129,1.08172061877137e-10,49,61913504
19,-0.910932898757545,0.455701005252181,0.402148884789132,0.164624121258488,0.982381708712105,0.597851115210868,0.0176182912878949,0.835375878741512,119,0.0456115380998707,47,37433336
69,-0.342365396312063,0.443351097690396,0.710088693510001,0.297804639295774,1.6931433769571,0.289911306489999,-0.693143376957105,0.702195360704226,128,0.439983053842122,48,458609564
119,-0.195400919664223,0.469644644315803,0.822504833582176,0.327624380554509,2.06490799042804,0.177495166417824,-1.06490799042804,0.672375619445491,114,0.677365212443072,51,579210539
743,-0.485645815704527,0.404355117262905,0.6152996982146,0.278547331506852,1.35917194602047,0.3847003017854,-0.359171946020472,0.721452668493148,143,0.229736504995679,48,560447936
769,-0.464781240774145,0.426402085786028,0.628272530569971,0.272391755355634,1.44911277565447,0.371727469430029,-0.449112775654466,0.727608244644366,136,0.275710078692407,50,240551488
269,-1.19364662837881,0.439100973194094,0.303113902466969,0.128186541383338,0.71675260816966,0.696886097533031,0.28324739183034,0.871813458616662,131,0.00656009457664168,50,406466368
943,-1.38590952171411,0.433373202042967,0.250096228366492,0.106959460559866,0.584783460160926,0.749903771633508,0.415216539839074,0.893040539440134,146,0.0013840418936671,50,183694283
919,-1.61199144114421,0.47672164244529,0.199489945754209,0.0783672874206185,0.507816970152608,0.800510054245791,0.492183029847392,0.921632712579382,126,0.000721147905068138,50,445310081
419,-1.24393706763217,0.428266040991596,0.288247132561142,0.124515747668721,0.667276316332093,0.711752867438858,0.332723683667907,0.875484252331279,148,0.0036773498964397,49,810791965
244,-0.768084918691546,0.402955426348139,0.463900625584831,0.210585603365054,1.02193021260308,0.536099374415169,-0.0219302126030787,0.789414396634946,146,0.056633504882443,48,67571873
819,-0.497098942403671,0.21037495127895,0.608292794882345,0.402755230453676,0.918722083109815,0.391707205117655,0.0812779168901846,0.597244769546324,118,0.0181316383788641,49,539757455
544,-0.373933984115552,0.417701940195359,0.688022330732462,0.303426842650625,1.56009509063635,0.311977669267538,-0.560095090636352,0.696573157349375,138,0.370670962818843,49,673745
644,-1.1850157708778,0.429436623679773,0.3057413576511,0.131770159901983,0.709400199922891,0.694258642348899,0.290599800077109,0.868229840098017,143,0.00578959077306096,50,174917024
518,-1.38764672427833,0.480081458385311,0.249662137718133,0.0974331192894923,0.639733013420111,0.750337862281867,0.360266986579889,0.902566880710508,126,0.00384702772073678,50,777945080
144,-0.715917205779995,0.427581732994207,0.488743627671421,0.211408710419684,1.12989825781171,0.511256372328579,-0.129898257811707,0.788591289580316,132,0.0940637942455705,50,606641324
369,0.373636253187849,0.44069051802658,1.45300852710039,0.612564344110049,3.44655022794986,-0.45300852710039,-2.44655022794986,0.387435655889951,122,0.396525560891388,50,846823966
694,-0.459549550451757,0.395861757398735,0.631568070994715,0.290711376362239,1.37207643295997,0.368431929005285,-0.372076432959973,0.709288623637761,138,0.24568910715271,49,502916737
969,-0.655603583126235,0.436935626239885,0.519128630723621,0.220472639847386,1.22234911063581,0.480871369276379,-0.22234911063581,0.779527360152613,130,0.133495789023402,49,364825696
219,-0.164872523507926,0.406756665344494,0.848001797492502,0.382089296181847,1.88203923987515,0.151998202507498,-0.88203923987515,0.617910703818153,136,0.685231625020842,49,875788532
869,-0.813853661417104,0.457655497551337,0.443147032846208,0.180713576038272,1.0866881007258,0.556852967153792,-0.0866881007258022,0.819286423961728,122,0.0753528423985876,49,115076938
294,-1.51610993766198,0.449046700658012,0.219564346812531,0.0910610336049138,0.529408688686487,0.780435653187469,0.470591311313513,0.908938966395086,144,0.000734715925207822,50,119876070
619,-0.458944222391501,0.416218533736323,0.631950492603638,0.279509902350104,1.42879168767965,0.368049507396362,-0.428791687679651,0.720490097649896,141,0.270178294285721,49,429476642
469,-1.0741750907982,0.471817123076087,0.34157941111416,0.135481570454777,0.861198270033652,0.65842058888584,0.138801729966348,0.864518429545223,109,0.0228055338291078,50,301448021
794,-1.53565468018183,0.439948178225821,0.215314682761413,0.0909052735555972,0.509985953502402,0.784685317238587,0.490014046497598,0.909094726444403,139,0.0004820537863147,48,119604381
669,-0.88462355680655,0.407299398699334,0.412869565966845,0.185831355172913,0.917290186809646,0.587130434033154,0.0827098131903535,0.814168644827087,148,0.0298613555788165,50,734470761
45,-1.46083853819168,0.449614226028939,0.232041617369126,0.0961288088373981,0.560116294401981,0.767958382630874,0.439883705598019,0.903871191162602,131,0.0011577352689315,50,532568699
844,-1.15362234848387,0.431334643688458,0.315491875511721,0.135467608974493,0.73475219845834,0.684508124488278,0.26524780154166,0.864532391025507,137,0.00748315430966821,49,788648752
195,-0.313369547098991,0.415751477522838,0.730979731210498,0.323606350464671,1.65117701390383,0.269020268789502,-0.65117701390383,0.676393649535329,139,0.451003872549216,49,858049116
319,-0.927505405361259,0.43216867880915,0.395539190618005,0.169561353335696,0.922682251804193,0.604460809381995,0.0773177481958067,0.830438646664304,138,0.0318597960731499,49,805224354
94,-1.14433557144309,0.450266927338678,0.318435425106861,0.13175086416482,0.769642921173822,0.681564574893139,0.230357078826178,0.86824913583518,129,0.0110390446041388,49,313178650
594,-0.447738033266021,0.387909267737582,0.639072077730149,0.298786434316594,1.36690650453553,0.360927922269851,-0.36690650453553,0.701213565683406,163,0.248404281104442,51,327277190
894,-0.813491613530778,0.192305039604625,0.443307502339849,0.304098819819817,0.646242368672253,0.556692497660151,0.353757631327747,0.695901180180183,141,2.33468331687777e-05,51,163987933
394,-0.384979434506407,0.444307379067942,0.680464630151683,0.284846199417299,1.62555131096949,0.319535369848317,-0.625551310969488,0.715153800582701,116,0.386231953259361,48,426591467
495,-1.19162130243251,0.418263188048849,0.30372842901654,0.13380094252007,0.689464191024054,0.696271570983459,0.310535808975946,0.86619905747993,143,0.00438603477892327,47,694972723
170,-0.619136160943107,0.398451102613096,0.538409335780003,0.246575764501309,1.1756411399204,0.461590664219997,-0.175641139920401,0.753424235498691,145,0.120218455137963,49,86054607
719,-0.884015781658364,0.218310402063654,0.413120574099008,0.269308879508949,0.633728115668103,0.586879425900992,0.366271884331897,0.730691120491051,111,5.1359526670558e-05,48,906498575
994,-1.38152100839591,0.453130508556514,0.251196190830118,0.103349328991076,0.610546066467539,0.748803809169882,0.389453933532461,0.896650671008924,122,0.00229729177798126,48,76324763
569,-0.11023934734132,0.438658821490531,0.895619745435826,0.379084994569826,2.11597594181952,0.104380254564174,-1.11597594181952,0.620915005430174,127,0.801574446246518,49,44351077
20,-1.21383547911303,0.491921359056436,0.297055740566727,0.113269694588231,0.77904432712062,0.702944259433273,0.22095567287938,0.886730305411769,118,0.0136045137435139,49,945580480
120,-2.01602271331339,0.484866075501128,0.133184124513458,0.0514912824415228,0.344485710616371,0.866815875486542,0.655514289383629,0.948508717558477,135,3.21192187348195e-05,49,525650228
70,-1.68500853156385,0.457258534378387,0.185442849831708,0.0756817076377695,0.454390520867994,0.814557150168292,0.545609479132006,0.924318292362231,132,0.000228681369185907,48,38347993
345,-0.503952627917057,0.39615929637747,0.604138001453512,0.277923167064219,1.31325045211473,0.395861998546488,-0.31325045211473,0.722076832935781,147,0.203339037669339,50,919540877
744,-1.41619447347124,0.449691152170169,0.242635618478123,0.100502473897436,0.58577705673535,0.757364381521877,0.41422294326465,0.899497526102564,136,0.00163684351159471,49,482525046
445,-0.891798676568382,0.194814728039971,0.409917779758524,0.279814463114378,0.600514298982009,0.590082220241476,0.399485701017991,0.720185536885622,139,4.70170494790194e-06,50,76042397
270,-0.285809798057743,0.435122357989499,0.751405521145577,0.320256209586002,1.76299550268809,0.248594478854423,-0.762995502688091,0.679743790413998,118,0.511277847746658,50,458582978
770,-2.013158978978,0.182389464895126,0.133566075105236,0.0934213137351052,0.190961737806454,0.866433924894764,0.809038262193546,0.906578686264895,133,2.51404268344397e-28,50,599749869
820,-0.796335608885881,0.474318162545987,0.450978501610115,0.177998149521765,1.1426051869693,0.549021498389885,-0.142605186969295,0.822001850478235,118,0.0931703650640115,50,570273538
545,-1.44757025860297,0.471856490107084,0.235140926204076,0.0932573889913451,0.592888732722743,0.764859073795924,0.407111267277257,0.906742611008655,125,0.00215627251052363,50,800161564
920,-1.15106216378563,0.425854628503929,0.316300627819718,0.137281475073215,0.728766114334006,0.683699372180282,0.271233885665994,0.862718524926785,141,0.0068727862836768,50,768931859
245,-1.70028560131056,0.472844378470687,0.182631356848713,0.0722918736773164,0.461382598178085,0.817368643151287,0.538617401821915,0.927708126322684,128,0.000323312687908622,49,935100979
420,-0.317642610635213,0.395740458776857,0.727862872385819,0.33511562513084,1.58090020658061,0.272137127614181,-0.58090020658061,0.66488437486916,147,0.422174822787964,49,929764108
970,-0.913384553230018,0.426694933376749,0.401164162270055,0.173827603563898,0.925817774566956,0.598835837729945,0.0741822254330436,0.826172396436102,142,0.0323060479851848,50,462357161
944,-1.61200404013513,0.199883948915264,0.199487432398027,0.134826113209071,0.295159704137196,0.800512567601973,0.704840295862804,0.86517388679093,128,7.34160533585487e-16,49,46919289
145,-0.514391140837355,0.430599707218776,0.597864499102004,0.257084344621717,1.39036844041376,0.402135500897996,-0.390368440413758,0.742915655378283,131,0.232246317180415,50,618446330
645,-1.53291467508688,0.479520593029943,0.215905455079169,0.0843519149961112,0.552627234782898,0.784094544920831,0.447372765217102,0.915648085003889,122,0.0013897807493168,50,620373418
370,-0.50386565659502,0.412331522062784,0.604190546419111,0.269275411241576,1.35566116007053,0.395809453580889,-0.355661160070529,0.730724588758424,142,0.221710803360382,49,644700258
519,-0.981801850651048,0.432990485090817,0.374635453192673,0.160341781594097,0.875328447729102,0.625364546807327,0.124671552270898,0.839658218405903,142,0.02336027307657,50,232624669
295,-0.320513373019237,0.197459589807531,0.725776347422703,0.492861509870716,1.06876129689335,0.274223652577297,-0.0687612968933484,0.507138490129284,131,0.104549940529357,50,622237333
695,-1.30204970978674,0.418611187686129,0.271973754054985,0.119730420262172,0.617802248858653,0.728026245945015,0.382197751141347,0.880269579737828,155,0.00186831922130267,50,394762529
220,-0.393714299351555,0.436617799363408,0.674546747156243,0.286656839124846,1.58731016321888,0.325453252843757,-0.587310163218883,0.713343160875154,134,0.367196745517652,50,704519697
795,-1.49464034627883,0.462870160840026,0.2243292710808,0.0905503534725,0.555752903592213,0.7756707289192,0.444247096407787,0.9094496465275,131,0.0012419330791576,49,536897108
870,-1.0626597114091,0.437209809636094,0.345535562198294,0.1466692551735,0.814041256311384,0.654464437801706,0.185958743688616,0.8533307448265,133,0.0150759820440901,50,908748334
470,-0.985701614247794,0.186922149077531,0.373177308547938,0.258706181823558,0.538299095264996,0.626822691452062,0.461700904735004,0.741293818176442,138,1.33972547479162e-07,50,280581967
670,-0.8961985490902,0.406853136835149,0.408118155744509,0.183853498138151,0.905941038571608,0.591881844255491,0.0940589614283919,0.816146501861849,145,0.0276118883692827,49,663190045
620,-1.08116955800496,0.409620480799534,0.339198581149527,0.151979300595497,0.757048341471716,0.660801418850473,0.242951658528284,0.848020699404503,149,0.00830425975954378,50,1789548
46,-1.03973260954132,0.451427546961863,0.353549205005028,0.145946619613286,0.856457249170219,0.646450794994972,0.143542750829781,0.854053380386714,137,0.0212670093909742,49,47087722
320,-1.8074137064807,0.503886097595763,0.164077942242522,0.0611141220082985,0.440513096578314,0.835922057757478,0.559486903421686,0.938885877991702,123,0.00033456979828719,46,103208303
895,-1.00055811800884,0.427310921496428,0.367674178316017,0.159123900093946,0.849553720846122,0.632325821683983,0.150446279153878,0.840876099906054,126,0.0192052706233448,49,707908691
196,-0.791223451538325,0.430007292140946,0.453289877696012,0.195143077787604,1.05292852583428,0.546710122303988,-0.0529285258342802,0.804856922212396,126,0.0657648115714432,48,175034950
95,-0.396899099953705,0.448773930714985,0.67240186758954,0.279017760534932,1.62041395024851,0.32759813241046,-0.620413950248509,0.720982239465068,131,0.376476191809314,50,496499651
845,-1.74039424256062,0.467820724986734,0.175451216643347,0.0701369152765514,0.438900531913216,0.824548783356653,0.561099468086784,0.929863084723449,132,0.000199052302196925,50,916873932
395,-1.04339635809158,0.412164324445995,0.352256259577486,0.157044890191169,0.790121042846248,0.647743740422514,0.209878957153752,0.842955109808831,144,0.0113573954639238,50,392287359
496,-1.08979804678834,0.406537938406113,0.336284400564225,0.15158666605666,0.746023387179515,0.663715599435776,0.253976612820485,0.84841333394334,143,0.00734727779796873,50,610747174
595,-1.44996482818074,0.389524439890171,0.234578538502665,0.109326255082206,0.503329147098926,0.765421461497335,0.496670852901074,0.890673744917794,162,0.000197339973893847,50,811676230
171,-0.957522769774737,0.388561074743415,0.383842575619573,0.179229444329186,0.822047534710094,0.616157424380427,0.177952465289906,0.820770555670814,158,0.0137289323747372,51,253015231
570,-1.01324436063827,0.432383785765775,0.363039236641072,0.155563540812442,0.847226070148638,0.636960763358928,0.152773929851362,0.844436459187558,134,0.0191093345441009,49,752831509
720,-0.102180265319651,0.451072187575128,0.902866781429446,0.372966935740572,2.18563188018303,0.0971332185705538,-1.18563188018303,0.627033064259428,114,0.820791155304823,47,863775327
21,-1.58633836594783,0.506053554490235,0.204673681441189,0.0759116506016671,0.551843037829679,0.795326318558811,0.448156962170321,0.924088349398333,107,0.00172015703153254,47,542602020
271,-0.843510989821745,0.417023211535237,0.430197449922531,0.189975252529804,0.974178707254592,0.569802550077469,0.0258212927454079,0.810024747470196,131,0.0431045470695697,49,99136207
995,-1.0816743291031,0.484032037902483,0.339027406714818,0.131288289470576,0.87547475077383,0.660972593285182,0.12452524922617,0.868711710529424,131,0.0254359738033328,50,706805355
745,-1.35778691611112,0.466545379580046,0.257229417776773,0.103085240303582,0.641866606460039,0.742770582223227,0.358133393539961,0.896914759696418,121,0.0036108223442776,49,722911506
121,-0.531370460544281,0.422391924582256,0.587798862286598,0.256855034818628,1.34514592150935,0.412201137713402,-0.345145921509347,0.743144965181372,141,0.208390540944197,50,587130009
71,-0.954589699901813,0.440491817545957,0.384970065408928,0.162360225556345,0.912797150614469,0.615029934591072,0.0872028493855315,0.837639774443655,131,0.0302272503367736,50,430059493
771,-0.828627616584532,0.42966378087769,0.436648123953838,0.188105340255315,1.01358942757086,0.563351876046162,-0.0135894275708583,0.811894659744685,130,0.0537868866953793,49,693429061
346,-0.804156857296809,0.401375599709336,0.447465044442074,0.203754676087814,0.982676667068267,0.552534955557926,0.0173233329317326,0.796245323912186,151,0.0451234223132271,50,95287670
546,-0.214851859515061,0.412653162618499,0.806660930467854,0.359285767873089,1.81109833711285,0.193339069532146,-0.811098337112846,0.640714232126911,136,0.602603873794953,50,995098460
371,-0.850865252210758,0.450230870777439,0.42704527018234,0.176700062904123,1.03207469079431,0.57295472981766,-0.0320746907943088,0.823299937095877,124,0.0587790817478011,48,435740075
446,-0.389674678497512,0.420168853582039,0.677277171489578,0.297247397429344,1.5431737030766,0.322722828510422,-0.543173703076598,0.702752602570656,141,0.353706434941564,49,601203035
421,-0.997802243153528,0.180243668659232,0.36868883983689,0.258962156419954,0.524908590890149,0.63131116016311,0.475091409109851,0.741037843580046,152,3.09719323005942e-08,49,170084417
821,-1.59411259297014,0.439437138389345,0.203088670875137,0.0858294099696503,0.480546333155667,0.796911329124863,0.519453666844333,0.91417059003035,140,0.000286041704219408,51,53057717
921,-1.19020607996393,0.386660133331799,0.304158576619115,0.142552344691911,0.64897171583468,0.695841423380885,0.35102828416532,0.857447655308089,156,0.00208275237003429,50,638907288
945,-0.949947710771559,0.449948645583916,0.38676124637294,0.16012014312319,0.934200149826655,0.61323875362706,0.0657998501733448,0.83987985687681,113,0.0347520449212857,50,261224717
696,-0.873949048952663,0.422246217608434,0.417300351547008,0.182403059469824,0.954696614779455,0.582699648452992,0.0453033852205446,0.817596940530176,152,0.0384746656771614,49,175299685
246,-0.638835919063316,0.193418135643879,0.527906592503479,0.361342687206738,0.771249509884747,0.472093407496521,0.228750490115253,0.638657312793262,134,0.000956990465029055,50,985978089
146,-0.584301008867879,0.431885412658599,0.557495409998736,0.239122127670413,1.29975897754658,0.442504590001264,-0.299758977546584,0.760877872329587,134,0.176085186829125,50,94834136
646,-1.22016828722199,0.404305083585805,0.295180487639688,0.133641867187953,0.651977723123717,0.704819512360312,0.348022276876283,0.866358132812047,156,0.00254499696213879,50,102807365
971,-1.24002362329868,0.192330012943383,0.289377381809984,0.198496557452503,0.421867614118391,0.710622618190016,0.578132385881609,0.801503442547497,128,1.1380432894674e-10,48,620401232
796,-0.641564855251431,0.188636334614226,0.526467932997066,0.36375115790011,0.7619727895143,0.473532067002934,0.2380272104857,0.63624884209989,137,0.000671233185680432,50,205189416
871,-0.967132077945318,0.40698749887048,0.380171779174958,0.171218815466178,0.844127914841244,0.619828220825042,0.155872085158756,0.828781184533822,151,0.0174863436910017,49,706190624
520,0.453805698787454,0.397145960743536,1.57429208089578,0.722826483435266,3.42875588093076,-0.574292080895781,-2.42875588093076,0.277173516564734,137,0.253176755535546,50,626831960
221,-0.419059791008488,0.448381139218762,0.657664871646306,0.273112720004686,1.58367974728578,0.342335128353694,-0.583679747285776,0.726887279995314,120,0.349991284580886,50,785249357
296,-1.34762596005697,0.425226254303361,0.259856438505531,0.112922435916687,0.597980092127998,0.740143561494469,0.402019907872002,0.887077564083313,141,0.00152860512491722,50,155661661
471,-1.8791404449838,0.450417683040261,0.152721321733307,0.0631689193176569,0.36922908233842,0.847278678266693,0.63077091766158,0.936831080682343,135,3.01943901191253e-05,48,345457902
47,-1.36698183366907,0.426850205050494,0.254875055159657,0.110405772169534,0.588386752486877,0.745124944840343,0.411613247513123,0.889594227830465,143,0.00136246891671131,48,619750208
621,-1.19323201909656,0.430117271486596,0.303239602360882,0.130517706381502,0.704534725512294,0.696760397639118,0.295465274487706,0.869482293618498,134,0.00553373756566167,49,249310631
896,-0.838651736764995,0.445144709886979,0.432292975417052,0.180663456277177,1.03439411846643,0.567707024582948,-0.0343941184664251,0.819336543722823,126,0.0595652479361838,50,493530417
197,-0.503678111640702,0.407390528898863,0.604303869933833,0.271946784805275,1.34284789385722,0.395696130066167,-0.342847893857223,0.728053215194725,136,0.216327734945413,48,525608389
396,-0.524642343923454,0.419030537992989,0.591766975577256,0.260298271657849,1.34533414745128,0.408233024422744,-0.345334147451277,0.739701728342151,129,0.210555854873689,50,412641881
671,-0.220771637919472,0.402771799745021,0.80189978288535,0.364149835735658,1.76587546852106,0.19810021711465,-0.765875468521058,0.635850164264342,147,0.583602077855263,48,685503169
846,-0.517063794537189,0.44603879954159,0.596268747731763,0.248755752558831,1.42925908592815,0.403731252268237,-0.429259085928155,0.751244247441169,123,0.246360402366548,50,695126915
497,-0.344785119157165,0.407283211412612,0.708372552806041,0.318846480293952,1.57377203319395,0.291627447193959,-0.573772033193949,0.681153519706048,139,0.397246655201923,50,373731611
96,-2.15034884206074,0.471493942332595,0.116443530286556,0.0462145780730239,0.293394342455563,0.883556469713444,0.706605657544437,0.953785421926976,142,5.09800708202858e-06,49,800417855
321,-1.09884254633873,0.451746358993704,0.333256589612213,0.13748380644592,0.807803896262131,0.666743410387787,0.192196103737869,0.86251619355408,126,0.014997784753394,48,540964238
596,-0.703097479325787,0.435735658799776,0.49504952083531,0.21074136042752,1.16291376112454,0.504950479164689,-0.162913761124543,0.78925863957248,124,0.106616996225423,48,367882510
571,-0.358856704760943,0.422660500229858,0.698474432241588,0.305057174398253,1.59926260858332,0.301525567758412,-0.599262608583324,0.694942825601747,130,0.395857674195387,50,721983587
172,-0.916840984955409,0.487763371290006,0.399779959312084,0.153686629108284,1.03993442236906,0.600220040687916,-0.0399344223690616,0.846313370891716,111,0.0601511629986219,49,909554098
272,-1.75872349898992,0.492901685932446,0.172264619494828,0.0655597688207637,0.452641912311007,0.827735380505172,0.547358087688993,0.934440231179236,114,0.000359576511169018,44,423630059
22,-1.22033111470206,0.403557736585857,0.295132428057534,0.133815974960297,0.650917426839202,0.704867571942466,0.349082573160798,0.866184025039703,142,0.00249512593526069,50,28248685
721,-1.40796417807991,0.180397257939806,0.244640821679001,0.171780753101034,0.348404175388473,0.755359178320999,0.651595824611527,0.828219246898966,148,5.95968713100795e-15,50,747208871
746,-1.29764868539168,0.421865921614765,0.273173354981613,0.119493811201386,0.624498299298071,0.726826645018387,0.375501700701929,0.880506188798614,141,0.00209816008293604,49,97223443
996,-0.259721149268113,0.408837852883761,0.771266624082988,0.346099623410134,1.71873115481394,0.228733375917012,-0.718731154813939,0.653900376589866,138,0.525254367328908,49,815342251
122,-1.75031765371658,0.440097286212257,0.173718752277768,0.0733221535591138,0.411583722354992,0.826281247722232,0.588416277645008,0.926677846440886,141,6.97563443833298e-05,50,846174660
72,0.27659260077456,0.416723035931942,1.31862905313605,0.582649460922347,2.98426875229911,-0.318629053136053,-1.98426875229911,0.417350539077653,132,0.506861567756304,50,610527228
447,-1.41615310267214,0.464174419784852,0.242645656715193,0.0976936958117605,0.602668516463879,0.757354343284807,0.397331483536121,0.90230630418824,132,0.00228151040370724,50,19340004
772,-0.279942453230668,0.388797394731295,0.755827235619822,0.35275858747247,1.61944976080642,0.244172764380178,-0.619449760806423,0.64724141252753,150,0.471511805754051,49,57899084
347,-1.10327982575834,0.417911335222792,0.331781112977673,0.146259770022898,0.75262464115368,0.668218887022327,0.24737535884632,0.853740229977102,143,0.00829095975631037,49,771582721
547,-1.10410375266917,0.41076011308186,0.33150786217499,0.148202043028878,0.741538108637396,0.66849213782501,0.258461891362604,0.851797956971122,152,0.00718915806389313,50,929023862
372,-0.986734139826085,0.191658729673406,0.372792192287034,0.256051073815759,0.542758976008714,0.627207807712966,0.457241023991286,0.743948926184241,140,2.62729941554136e-07,49,608705739
922,-0.797394759139382,0.454262831447631,0.450501100480205,0.184938202861812,1.09740031206815,0.549498899519795,-0.0974003120681508,0.815061797138188,126,0.0791977662936756,50,88020375
822,-1.4619277277227,0.434387591433648,0.23178901765818,0.0989330656293234,0.543055533205066,0.76821098234182,0.456944466794934,0.901066934370677,134,0.000764074333961246,50,894097457
422,-0.724765159715067,0.397155714108571,0.484438321231422,0.222422610552029,1.05511074838599,0.515561678768578,-0.0551107483859943,0.777577389447971,150,0.0680177565186718,49,640023628
946,-0.507529721887764,0.204654328024676,0.601980803600973,0.40307008091721,0.899051815206561,0.398019196399027,0.100948184793439,0.596929919082789,123,0.0131405811083846,50,204813157
147,-1.71195600249882,0.486241891530053,0.180512364440692,0.069601260743689,0.468162693718502,0.819487635559308,0.531837306281498,0.930398739256311,121,0.000430261841838546,48,405576666
247,-0.497825002428614,0.432440073460629,0.607851298096499,0.260437603632312,1.41870142961091,0.392148701903501,-0.418701429610907,0.739562396367689,126,0.249649974865208,50,791852803
797,-0.764114108955284,0.404680840923691,0.465746348788218,0.210709687318038,1.0294717066432,0.534253651211782,-0.0294717066432044,0.789290312681962,149,0.0590005168230107,49,22160137
972,-1.13159020446469,0.45137872729031,0.322519975714447,0.133150361287167,0.781215565089669,0.677480024285553,0.218784434910331,0.866849638712833,130,0.01217731249973,47,434221229
697,-0.515303761071508,0.44226380123041,0.597319124760524,0.251044545584406,1.42122242080228,0.402680875239476,-0.421222420802283,0.748955454415594,124,0.243958195509125,48,14342585
472,-1.72975958339252,0.44472360607004,0.177327037210225,0.074169531904898,0.423959506257583,0.822672962789775,0.576040493742417,0.925830468095102,136,0.000100444344755948,48,654112788
222,-0.517203607358302,0.451886741887174,0.596185387543549,0.245886471743896,1.44553302912353,0.403814612456451,-0.445533029123529,0.754113528256104,122,0.252398699014016,50,328687841
647,-1.05474618608955,0.473326745666328,0.348280814604249,0.137731442252451,0.880695967730203,0.651719185395751,0.119304032269797,0.862268557747549,130,0.025855983418497,51,878816085
521,-0.31591278329847,0.202623813339097,0.729123039101055,0.490147869038852,1.08461229708176,0.270876960898945,-0.0846122970817595,0.509852130961148,121,0.118970382625316,47,21612880
297,-0.733809101468878,0.441448213708466,0.480076841483418,0.202092108794885,1.14043925368019,0.519923158516582,-0.140439253680191,0.797907891205115,126,0.0964572975621326,50,575907045
872,-0.594395750748326,0.401685249292423,0.551895947848269,0.251155157745613,1.21275286554078,0.448104052151731,-0.212752865540782,0.748844842254387,144,0.138938645355065,50,61316405
198,-0.160905825798945,0.441345238049756,0.851372244632891,0.358464159613318,2.02205626278828,0.148627755367109,-1.02205626278828,0.641535840386682,126,0.715424643768143,47,3711889
48,-0.425528785364112,0.375950137295736,0.653424172621443,0.312741748259056,1.36522594678452,0.346575827378557,-0.365225946784524,0.687258251740944,154,0.257686740304255,50,306573657
897,-1.71568547689736,0.511259896035829,0.179840402011091,0.0660240334625881,0.489860562878778,0.820159597988909,0.510139437121222,0.933975966537412,116,0.00079136044930861,48,760075140
622,-0.746783996212467,0.403149814566866,0.473888130752625,0.215037442869157,1.04432957103596,0.526111869247375,-0.044329571035963,0.784962557130843,145,0.0639722210195969,51,44289503
397,-0.923443427143382,0.457468265568327,0.397149129749834,0.162015259826302,0.973534415401067,0.602850870250166,0.0264655845989327,0.837984740173698,123,0.043529268926414,49,402406163
847,0.0109564339713305,0.442071641980917,1.01101667550378,0.425075676779805,2.40464174730046,-0.011016675503781,-1.40464174730046,0.574924323220195,124,0.980227018012489,48,555868386
498,-1.15765077024565,0.45820204970032,0.314223497670483,0.128001885423397,0.771366813556513,0.685776502329517,0.228633186443487,0.871998114576603,125,0.0115203032272732,50,83553815
597,-1.26941084441875,0.436978991072186,0.280997124044246,0.119328637936931,0.661696849023538,0.719002875955754,0.338303150976462,0.88067136206307,132,0.00367288343395399,49,112876086
97,-0.323854396514724,0.411412546338683,0.72335555780282,0.322966017547218,1.62011863346499,0.27664444219718,-0.620118633464989,0.677033982452782,141,0.431178397904302,50,117353875
322,-1.10241080941536,0.425099435696163,0.332069561502231,0.144339026878859,0.763966586589445,0.667930438497769,0.236033413410555,0.855660973121141,146,0.00950595222859874,47,197518398
173,-0.277143763149878,0.434994875038206,0.757945524641525,0.323124347945776,1.77789579143854,0.242054475358475,-0.777895791438538,0.676875652054224,120,0.524046939050984,50,713100947
572,-0.372247253306878,0.421646606291615,0.689183818477971,0.301598258870142,1.57485768462737,0.310816181522029,-0.574857684627366,0.698401741129858,130,0.377321746808493,49,372008481
672,-0.463631705054474,0.507538298735253,0.628995167554486,0.232610827211484,1.70084482115355,0.371004832445514,-0.700844821153554,0.767389172788516,104,0.360984326545901,49,779631910
23,-1.5540647983194,0.449353848724544,0.211386979688685,0.0876168315833648,0.509998528529176,0.788613020311315,0.490001471470824,0.912383168416635,130,0.000543306659284449,49,122573966
747,-0.490242057425588,0.429485682400969,0.612478121362585,0.26394394529543,1.42124665420138,0.387521878637415,-0.421246654201382,0.73605605470457,125,0.253677260131279,49,120994840
722,-0.307286855208469,0.367687777616021,0.735439605964716,0.357742560184628,1.51190122232702,0.264560394035284,-0.511901222327022,0.642257439815372,164,0.403308116769102,50,635863579
273,-0.331004046256966,0.398339294178552,0.718202263003782,0.328987765290854,1.56788350511372,0.281797736996218,-0.567883505113717,0.671012234709146,146,0.40599618912375,50,338314819
123,-1.71810799339178,0.468484599234371,0.179405262949436,0.0716242958397793,0.449376122956316,0.820594737050564,0.550623877043684,0.928375704160221,133,0.000245054738923258,49,123981131
773,-1.50013355536006,0.458619155020365,0.223100361909453,0.0908077557003777,0.548122471480947,0.776899638090547,0.451877528519053,0.909192244299622,129,0.00107175926336139,50,634302514
997,-1.61638152496503,0.454327355747988,0.198616087729403,0.0815249003670828,0.48388099988236,0.801383912270597,0.51611900011764,0.918475099632917,126,0.000374050140839582,51,779700068
548,-1.38970526229167,0.540420641788609,0.249148727335846,0.0863876756143263,0.71856416892385,0.750851272664154,0.28143583107615,0.913612324385674,114,0.0101251666065162,50,149128115
348,-0.497725830364192,0.408054447468259,0.60791158295383,0.273214561989637,1.35262370350322,0.39208841704617,-0.352623703503215,0.726785438010363,141,0.222558343133668,50,101570055
373,-1.47254098840158,0.468983737317942,0.229341988838314,0.0914710982351221,0.575020403812289,0.770658011161686,0.424979596187711,0.908528901764878,123,0.00169031407498701,50,48031890
448,-0.893949784175622,0.197371462116076,0.409036950223352,0.277817531722995,0.602234227661497,0.590963049776648,0.397765772338503,0.722182468277005,134,5.91862040774151e-06,49,240274090
73,-1.52194608702477,0.410233672814235,0.218286668477134,0.0976867536521995,0.487774113207758,0.781713331522866,0.512225886792242,0.902313246347801,158,0.000207300837703738,50,853965931
423,-2.60084816959007,0.464936578887023,0.0742106083322916,0.029833984395226,0.184595336515965,0.925789391667708,0.815404663484035,0.970166015604774,136,2.21916352003598e-08,50,558754399
923,-1.5058809542497,0.460656797511212,0.221821792879782,0.0899274822156175,0.547162075308895,0.778178207120218,0.452837924691105,0.910072517784382,134,0.00107933366583163,47,502591831
947,-0.81754728388054,0.402189086293255,0.44151323418627,0.200724208928476,0.971153091110601,0.55848676581373,0.0288469088893992,0.799275791071524,153,0.0420784357241004,48,790096048
823,-0.934423452853422,0.418054928752433,0.392812275053688,0.173115538158938,0.891320820036324,0.607187724946312,0.108679179963676,0.826884461841062,147,0.0254062502152134,50,855372453
148,-0.33533387701355,0.402933328739976,0.715099291274922,0.324630167903786,1.57522943626563,0.284900708725078,-0.575229436265627,0.675369832096214,138,0.405278191050404,49,119740601
798,-0.657266876911599,0.426089737401028,0.518265884997039,0.224835238939414,1.19465048636857,0.481734115002961,-0.194650486368566,0.775164761060586,128,0.122938770977675,50,258010898
248,-0.797958565384665,0.404362221986278,0.45024717673487,0.203824906087001,0.994591505275565,0.54975282326513,0.0054084947244355,0.796175093912999,143,0.0484527789695756,50,281310292
973,0.339610588362655,0.417328112545991,1.40440059413227,0.619812985977958,3.18215505873446,-0.404400594132269,-2.18215505873446,0.380187014022042,128,0.415774678308179,50,605974576
698,-0.708835181691984,0.210061770224314,0.492217207284575,0.326100818618498,0.742953606106905,0.507782792715425,0.257046393893095,0.673899181381502,113,0.000739732770657169,50,764410853
522,-0.569872250078773,0.436893799476612,0.565597689144679,0.240227626321495,1.33165677430322,0.434402310855321,-0.331656774303217,0.759772373678505,129,0.192106612546472,48,864906867
223,-0.400441760706967,0.416357304007861,0.670023990375902,0.296269110302656,1.51528502995347,0.329976009624098,-0.515285029953466,0.703730889697344,134,0.336162983029514,50,455135514
648,-0.674169818915076,0.197222382221551,0.509579288141232,0.346206941803871,0.750045766123405,0.490420711858768,0.249954233876595,0.653793058196129,131,0.000630082685094514,49,939869199
298,-1.50516178838987,0.196815360493816,0.221981376917005,0.150933972416494,0.326472105047337,0.778018623082995,0.673527894952663,0.849066027583506,129,2.04792196142545e-14,48,516078500
49,-1.08931871764863,0.469105279720835,0.336445630114569,0.134156510625365,0.843758245466673,0.663554369885431,0.156241754533327,0.865843489374635,115,0.0202264790084487,50,386790271
873,-1.01738274584296,0.495407838029607,0.361539944898585,0.136919205767763,0.954658851724413,0.638460055101415,0.0453411482755868,0.863080794232237,126,0.0400118393725348,49,105641311
473,-1.38134585449381,0.432497057491233,0.251240192676568,0.107633374157571,0.586450391527742,0.748759807323432,0.413549608472258,0.892366625842429,136,0.00140372034812613,51,454571911
398,-1.11215143480529,0.490468150959027,0.32885069861938,0.125751021566134,0.859975375433278,0.67114930138062,0.140024624566722,0.874248978433866,112,0.0233578449487518,49,234853841
848,-0.218730330444949,0.418827516081815,0.803538378775997,0.353590018196399,1.82605247020102,0.196461621224003,-0.826052470201018,0.646409981803601,129,0.601500166388309,48,975799978
199,-1.32490691334687,0.491407451305185,0.265827702948425,0.101464345341161,0.696445312067368,0.734172297051575,0.303554687932632,0.898535654658839,110,0.00701466224015756,49,293185949
898,-1.34135515679441,0.394042061072332,0.261491066968121,0.120794635220959,0.566064693014296,0.738508933031879,0.433935306985704,0.879205364779041,160,0.000663845576270793,50,562080397
598,-1.21073878369747,0.469005562889501,0.297977057499417,0.118840526804378,0.747138448335625,0.702022942500583,0.252861551664375,0.881159473195622,119,0.00983714304572962,49,149476883
623,-0.891053162599127,0.45463718222236,0.410223493132216,0.168280059650574,1.0000193407765,0.589776506867784,-1.93407765030074e-05,0.831719940349426,124,0.050004972797082,50,763857553
499,-0.995559830209965,0.399877115881384,0.369516520117148,0.168755463141914,0.809114301233983,0.630483479882852,0.190885698766017,0.831244536858086,153,0.0127863758575123,50,313515108
174,-0.443313896097348,0.445317117607539,0.641905683771757,0.268173958997981,1.5364762052142,0.358094316228243,-0.536476205214204,0.731826041002019,125,0.31949237411279,50,811207696
323,-1.36538676719791,0.432459259029926,0.255281922218215,0.109372986930844,0.595840541985312,0.744718077781785,0.404159458014688,0.890627013069156,137,0.00159258710911585,49,341709893
24,-0.813091789557144,0.490727129059823,0.443484782745093,0.169500519248874,1.16034306796242,0.556515217254907,-0.160343067962421,0.830499480751126,113,0.0975372181615155,50,823142422
98,-0.24569614455046,0.418691710775157,0.782159852355004,0.344274209570887,1.77699641050235,0.217840147644996,-0.776996410502354,0.655725790429113,141,0.557325445590333,50,49094662
573,-0.429372335994631,0.409932641284371,0.650917524032019,0.291467856374395,1.45365471294966,0.349082475967981,-0.453654712949659,0.708532143625605,138,0.294905136736397,50,116584494
673,-0.232841216928728,0.391917706070843,0.792279364088079,0.367516962206245,1.70796631260669,0.207720635911921,-0.707966312606686,0.632483037793755,143,0.552440268871067,50,329727334
774,-1.60016681573545,0.480007901297289,0.201862841287501,0.0787903292760539,0.517177768732173,0.798137158712499,0.482822231267827,0.921209670723946,116,0.000857218386483023,47,906863497
723,-0.719536256437649,0.438095097483183,0.48697803653323,0.206348896747577,1.14925551725076,0.51302196346677,-0.149255517250762,0.793651103252423,131,0.100502942599106,50,226078384
124,-0.478284429889476,0.194778784132323,0.619845869214666,0.423143534793303,0.90798717217826,0.380154130785334,0.0920128278217397,0.576856465206697,132,0.0140678452891459,50,249014693
998,-0.728428506239191,0.420174338967842,0.482666902432688,0.211833417892271,1.09976669886166,0.517333097567312,-0.0997666988616623,0.788166582107729,131,0.082983049590643,49,238711364
748,-0.245136094923224,0.396785813905204,0.78259802337606,0.359578775822816,1.70326979057826,0.21740197662394,-0.703269790578261,0.640421224177184,137,0.536704161017829,48,340697422
549,-0.422555200769921,0.414341579797349,0.655370076395524,0.290936637965276,1.47630061321441,0.344629923604476,-0.476300613214409,0.709063362034724,131,0.307812266683793,51,187900288
449,-0.779031354817452,0.457493664210763,0.458850259204284,0.187176649213599,1.12483881539932,0.541149740795716,-0.124838815399317,0.812823350786401,132,0.0886009431383911,50,82429655
924,-0.86489872675693,0.44123774006287,0.421094196042837,0.17733604166114,0.999911356315225,0.578905803957163,8.86436847751249e-05,0.82266395833886,131,0.0499765206121566,51,958556135
349,-0.946561954912104,0.443988583910994,0.388072944821374,0.162550982342624,0.926482315467638,0.611927055178626,0.0735176845323617,0.837449017657376,135,0.0330108657997261,50,919164932
274,-1.06892343719769,0.414247477791042,0.343377986472071,0.152462963556547,0.773357928005137,0.656622013527929,0.226642071994863,0.847537036443453,144,0.00986864538768108,49,635951250
374,-0.515697272777913,0.447021443093431,0.597084118934276,0.248616631485459,1.4339726306861,0.402915881065724,-0.4339726306861,0.751383368514541,118,0.248651962004569,50,225600533
424,-1.24130226096239,0.433762881277206,0.289007609443393,0.123506451415531,0.676283686875333,0.710992390556607,0.323716313124667,0.876493548584469,130,0.00421366284309163,49,941210226
74,-0.298050638523035,0.428640256888652,0.742263751655994,0.320404793040152,1.71956065886126,0.257736248344006,-0.719560658861262,0.679595206959848,125,0.486842365835448,50,97214191
799,-0.851618264990337,0.401035078524213,0.426723820679415,0.194439819437246,0.936501688091757,0.573276179320585,0.063498311908243,0.805560180562754,148,0.0337077435561677,49,367269995
824,-1.18641787137597,0.215714270387635,0.305312977927118,0.200045573220914,0.465973892797839,0.694687022072882,0.534026107202161,0.799954426779086,113,3.79897264203778e-08,49,889598448
699,-0.886365939579637,0.440277608658645,0.412150815498628,0.173896637132039,0.976834845789478,0.587849184501372,0.0231651542105219,0.826103362867961,133,0.0440938182861091,49,215004616
948,-0.8889373185725,0.399504460391284,0.41109238095114,0.187880027284089,0.899493938334068,0.58890761904886,0.100506061665932,0.812119972715911,149,0.0260745352059766,50,21715810
249,-0.399321078734194,0.451600283294006,0.670775295091435,0.276805172288861,1.62547358773869,0.329224704908565,-0.62547358773869,0.723194827711139,130,0.376569007088641,47,83626360
974,-0.949919684232997,0.201816940579232,0.386772086103825,0.260416340458872,0.574436482463089,0.613227913896175,0.425563517536911,0.739583659541128,124,2.51588442079323e-06,50,932006790
523,-1.32157836672346,0.422499210294337,0.266713997068846,0.116523582403502,0.610488922200374,0.733286002931154,0.389511077799626,0.883476417596498,145,0.00175998995133579,48,294024883
149,-1.36169033869789,0.455058590650025,0.256227299774879,0.105021647098805,0.625132350934846,0.743772700225121,0.374867649065154,0.894978352901195,132,0.00276847115068998,48,943684647
50,-0.617541760876678,0.438760737502956,0.539268460372891,0.228208178227863,1.27432099327561,0.460731539627109,-0.274320993275614,0.771791821772137,130,0.159288616990652,49,819419795
299,-0.888114894641764,0.493266192100682,0.411430612228662,0.156468766194767,1.08184625465854,0.588569387771338,-0.0818462546585381,0.843531233805233,110,0.0717852046940812,51,699619686
224,-1.18499300194448,0.435372920975495,0.305748319134937,0.130248873531,0.717718565386211,0.694251680865063,0.282281434613789,0.869751126469,128,0.0064929686207629,49,761210503
649,0.225945351491657,0.203164076644289,1.25350716110983,0.841769612378451,1.86663925597635,-0.253507161109826,-0.866639255976355,0.158230387621549,138,0.266081229237529,50,78381499
474,-0.639803407841525,0.405943523491443,0.527396095789031,0.238011070034572,1.16862901298293,0.472603904210969,-0.168629012982926,0.761988929965428,145,0.115005131483685,46,1539862
399,-0.104744799278355,0.394515576162455,0.90055431537454,0.415621154520288,1.95129161766504,0.0994456846254604,-0.951291617665043,0.584378845479712,151,0.790622525737906,50,644717298
874,-0.790603610454634,0.42677713900673,0.453570932480682,0.19650420815936,1.04693223986611,0.546429067519318,-0.0469322398661121,0.80349579184064,134,0.0639544070154584,50,736837260
200,-0.896931781906426,0.421513578815904,0.407819019801367,0.178514898656963,0.931666511663786,0.592180980198633,0.0683334883362139,0.821485101343037,138,0.0333467454213714,48,418996666
624,-1.19941886848998,0.414773824876686,0.301369296227958,0.133672750424962,0.679446277720742,0.698630703772043,0.320553722279258,0.866327249575038,147,0.00383112476967849,50,396918837
599,-0.483036861904078,0.449396167701684,0.616907082584712,0.255677814204737,1.48849187297272,0.383092917415288,-0.488491872972723,0.744322185795263,126,0.282438511752435,49,284346389
849,-0.902223356994828,0.418990984618897,0.405666714400611,0.178452896686568,0.922178828296784,0.594333285599389,0.0778211717032157,0.821547103313432,142,0.0312932212461343,50,273656126
500,-1.6953134267788,0.492237127611764,0.18354169312989,0.0699425933250547,0.481645754260578,0.81645830687011,0.518354245739422,0.930057406674945,129,0.00057296574248512,50,507790113
899,-1.22297746378811,0.420371129393266,0.2943524371456,0.129135926245387,0.670946960870615,0.7056475628544,0.329053039129385,0.870864073754613,135,0.00362261852939013,49,8773632
25,-0.247099973131885,0.417420081667981,0.781062604353276,0.344649162510334,1.77008639010063,0.218937395646724,-0.770086390100632,0.655350837489666,133,0.553870986604943,48,673235885
324,-1.52166568743457,0.488761583982918,0.2183478845516,0.0837749879607727,0.569093471078536,0.7816521154484,0.430906528921464,0.916225012039227,105,0.00185002405789752,50,136215889
175,-0.120890110890686,0.193340812809446,0.886131330425416,0.606633086679294,1.29440472668554,0.113868669574584,-0.294404726685541,0.393366913320706,137,0.531794202597058,49,769961366
99,-1.09243599562177,0.444689017755783,0.335398468557456,0.140294645851522,0.801827696473469,0.664601531442544,0.198172303526531,0.859705354148478,125,0.0140247387954544,48,781965133
775,-0.876945170371904,0.402312400515128,0.416051940155425,0.189103085645953,0.915369605502776,0.583948059844575,0.0846303944972243,0.810896914354047,144,0.0292751287948959,50,370820578
674,-0.891337526047338,0.40450542330706,0.410106857149463,0.18560146092826,0.906176241500702,0.589893142850537,0.0938237584992976,0.81439853907174,147,0.0275578168301782,50,544177576
574,-1.60763737786342,0.457069006369273,0.200360431301272,0.0818001526861195,0.490760727370178,0.799639568698728,0.509239272629822,0.91819984731388,127,0.000436001857285953,50,155516604
125,-1.22043400265947,0.452445937902303,0.295102064046919,0.121576480402605,0.716299961278414,0.704897935953081,0.283700038721586,0.878423519597395,126,0.00698803342719934,49,96779721
724,-0.245019371366519,0.454024185043493,0.782689376332236,0.321457344005337,1.90570435315105,0.217310623667764,-0.905704353151046,0.678542655994663,123,0.589430497632455,50,345557151
550,-0.616090900399795,0.456903272253548,0.540051431522077,0.220555733050317,1.32236666286297,0.459948568477923,-0.322366662862975,0.779444266949683,125,0.17752798532306,49,202705773
749,-0.870558489033475,0.415281450796999,0.418717634727254,0.185538072381866,0.944951380494788,0.581282365272746,0.0550486195052118,0.814461927618134,141,0.0360547363317501,49,209984310
450,-1.20283215499299,0.439384145319245,0.300342390036243,0.126943997391756,0.710593278186309,0.699657609963757,0.289406721813691,0.873056002608244,142,0.00619003854341107,49,577659318
375,-1.17030736424308,0.411798280308685,0.310271560224616,0.138426308638688,0.695449022884023,0.689728439775384,0.304550977115977,0.861573691361312,148,0.00448394652305753,50,110047799
925,-1.46298476281627,0.461319019310244,0.231544137978218,0.0937472051745279,0.571885718963739,0.768455862021782,0.428114281036261,0.906252794825472,124,0.00151754073597449,50,30474851
275,-0.808479681920902,0.42330080176825,0.445534906359432,0.194342345417568,1.0214004176918,0.554465093640568,-0.0214004176918001,0.805657654582432,133,0.0561407721979971,49,757915983
75,-0.118159662839346,0.50882689940581,0.888554172206357,0.327770352693711,2.4087856343832,0.111445827793643,-1.4087856343832,0.672229647306289,114,0.816367327316934,50,392296550
999,-2.08011842556562,0.468064529002465,0.124915418143554,0.0499112902225911,0.312631903931752,0.875084581856446,0.687368096068248,0.950088709777409,135,8.82668168536583e-06,49,963469817
250,-1.43546125559064,0.482818655772292,0.238005557298245,0.0923870527442109,0.61314484684,0.761994442701755,0.38685515316,0.907612947255789,120,0.00294822092325798,47,834884354
350,-0.433967950974041,0.382257828426757,0.647933020774798,0.306303288958147,1.37059318180458,0.352066979225202,-0.370593181804578,0.693696711041853,172,0.256259900144462,49,538312241
425,-1.39458624938297,0.462177730787905,0.247935598655087,0.100214944355924,0.613402137530821,0.752064401344913,0.386597862469179,0.899785055644076,125,0.00254932825884898,50,673097246
700,-1.10255842216612,0.408342494391361,0.332020547418455,0.149136243559107,0.73917406847089,0.667979452581545,0.26082593152911,0.850863756440893,143,0.00693222839161959,50,830236522
825,-0.228913308817284,0.402992174497844,0.795397484464989,0.361041107159327,1.75231336750261,0.204602515535011,-0.752313367502613,0.638958892840673,137,0.570011793886932,50,830669882
800,-1.10275232259825,0.462507398262306,0.331956174731983,0.134089181639816,0.821803076095218,0.668043825268017,0.178196923904782,0.865910818360184,122,0.01711205535828,48,280560070
975,-0.372815150351961,0.437523820804818,0.688792544136225,0.292191438127142,1.62371345272345,0.311207455863775,-0.623713452723452,0.707808561872858,120,0.394157193339897,49,928855444
949,-0.287452010504748,0.392546401427089,0.750172566309984,0.347556228107663,1.61918801544186,0.249827433690016,-0.619188015441865,0.652443771892337,146,0.464000588418117,49,907587700
524,-0.325104214057484,0.428467510152367,0.722452060058299,0.311958503225178,1.6730974590737,0.277547939941701,-0.6730974590737,0.688041496774822,127,0.447995849884138,49,390286043
150,-0.476516807995607,0.443225627643173,0.620942491264955,0.260481594394253,1.4802181257949,0.379057508735045,-0.480218125794902,0.739518405605747,121,0.28232497436369,50,839186195
300,-0.828591399607706,0.436756857626202,0.436663938315197,0.185515079236109,1.02781615278973,0.563336061684803,-0.0278161527897258,0.814484920763891,128,0.057808709514601,47,338996671
475,-0.942146278197242,0.470065302590868,0.389790338424455,0.155135346220751,0.979380338719533,0.610209661575545,0.0206196612804673,0.844864653779249,121,0.0450392110561269,48,476402396
225,-1.41683503598461,0.421211093232613,0.242480244965053,0.106203989113124,0.553620157673029,0.757519755034947,0.446379842326971,0.893796010886876,142,0.000769002742243484,50,344620960
650,-0.873569758797799,0.45946421609341,0.417458659482394,0.169635531715791,1.02733036300917,0.582541340517606,-0.027330363009171,0.830364468284209,117,0.057265451561688,50,450647030
400,-0.979877532361528,0.416762424930392,0.375357065130002,0.165842476925124,0.849558743666257,0.624642934869998,0.150441256333743,0.834157523074876,137,0.0187146961137582,50,944400875
600,-0.682604927455347,0.44089235125689,0.505299009223348,0.212941445040794,1.19904835187525,0.494700990776652,-0.199048351875245,0.787058554959206,125,0.121565750483426,50,378919648
875,-0.920165456092158,0.432661881747475,0.398453109135898,0.170645467908282,0.930378533494932,0.601546890864102,0.0696214665050682,0.829354532091718,127,0.0334405150221881,49,687474841
625,-0.948518588220805,0.408367870637328,0.387314370739,0.173964346295187,0.862317049301599,0.612685629261,0.137682950698401,0.826035653704813,145,0.0201949405608178,49,752274364
850,-0.509500750779677,0.405006212457498,0.600795450610948,0.271634371141085,1.32882732018966,0.399204549389052,-0.328827320189661,0.728365628858915,140,0.208389134987289,48,100443218
900,-1.43737628935519,0.453017240675332,0.237550204766768,0.097756677986321,0.577250587347389,0.762449795233232,0.422749412652611,0.902243322013679,128,0.00150926923716883,49,823781668
325,-1.05750199379861,0.445660039539023,0.347322340941593,0.145006077935457,0.831915532332665,0.652677659058407,0.168084467667335,0.854993922064542,123,0.01764954691678,49,359202797
100,0.131668749790327,0.408528939211359,1.14073038949533,0.512203507306847,2.54052501194339,-0.140730389495332,-1.54052501194339,0.487796492693153,140,0.747225669209201,50,76742642
675,0.28390202398601,0.405655647527027,1.32830278256519,0.599794348336146,2.94165539749568,-0.328302782565191,-1.94165539749568,0.400205651663854,144,0.484014951521899,50,770704124
575,0.162077122369102,0.430746468941697,1.17595092994556,0.505518601375965,2.735528595537,-0.175950929945558,-1.735528595537,0.494481398624035,121,0.706715923573379,49,831328311
750,-1.77447954789248,0.193586398604378,0.16957168047596,0.116030531832708,0.247818865993816,0.83042831952404,0.752181134006184,0.883969468167292,124,4.8933293372208e-20,48,743088637
1000,-0.260747668848585,0.431169358040547,0.770475310010784,0.330938049800527,1.79378649174377,0.229524689989216,-0.793786491743774,0.669061950199473,124,0.545348203582929,50,40637877
725,-1.51233476198527,0.183880102579173,0.220394807375041,0.153702995323045,0.316024232421701,0.779605192624959,0.683975767578299,0.846297004676955,149,1.95892479174975e-16,50,173824212
525,-0.26214877941369,0.416960730964409,0.769396544824902,0.339807229210744,1.74207901510349,0.230603455175098,-0.74207901510349,0.660192770789256,130,0.529536734315977,50,560364340
950,-1.04551126290207,0.405359597429463,0.351512058354344,0.158817191906742,0.778005993463625,0.648487941645656,0.221994006536375,0.841182808093258,144,0.00990239244090645,51,692362945
