"rep","est_V","se_V","IRR_V","IRR_V_CI_Lower","IRR_V_CI_Upper","VE","VE_CI_Lower","VE_CI_Upper","n_event","p_val","n_calendar_group","seed"
76,-0.960501865553746,0.261123483919454,0.382700773436232,0.229398528342555,0.638451706935039,0.617299226563768,0.361548293064961,0.770601471657445,68,0.000234753679093973,11,58293083
326,-1.93155011014432,0.347629517224187,0.144923377082709,0.073322229852295,0.286444987657447,0.855076622917291,0.713555012342553,0.926677770147705,62,2.75479489596456e-08,9,701459450
101,-1.70896538168762,0.295437759314717,0.181053016514182,0.101467903760378,0.323059741790833,0.818946983485818,0.676940258209167,0.898532096239622,74,7.27200313215788e-09,10,900019500
201,-1.9261297943747,0.336575509779959,0.145711040312159,0.0753353595828933,0.281829241758513,0.854288959687841,0.718170758241487,0.924664640417107,66,1.04827572194199e-08,10,439356649
301,-1.51735917518319,0.315791244031669,0.219290230046296,0.118091132872396,0.407212665541278,0.780709769953704,0.592787334458722,0.881908867127604,63,1.54794991595962e-06,10,775070778
176,-1.57602325736633,0.266837351484956,0.206795839015242,0.122577124909723,0.348878463787705,0.793204160984758,0.651121536212295,0.877422875090277,87,3.49862205495352e-09,11,883736332
126,-1.6235747804042,0.302421759552461,0.197192517665888,0.109010558195159,0.356707548949497,0.802807482334112,0.643292451050503,0.890989441804841,67,7.93599038546375e-08,11,94169193
26,-1.45880617791327,0.312995650948077,0.232513689082613,0.125900120466549,0.429408767922271,0.767486310917387,0.570591232077729,0.874099879533451,56,3.15002010111203e-06,8,896206942
1,-1.5376562363372,0.259520696129361,0.214884149344928,0.129211141866698,0.357362352600602,0.785115850655072,0.642637647399398,0.870788858133302,84,3.12325864059646e-09,10,339781792
251,-1.59115459264246,0.329086473452321,0.203690296596001,0.106868921477359,0.388230145432474,0.796309703403999,0.611769854567526,0.893131078522641,60,1.33101926424431e-06,10,234477203
351,-2.19199765992625,0.389088273750744,0.111693400174932,0.0520996700485276,0.239452872369775,0.888306599825068,0.760547127630225,0.947900329951472,57,1.76407279815088e-08,11,810979949
276,-1.24906638155091,0.295017400105114,0.286772407928168,0.16084890055018,0.511277439060045,0.713227592071832,0.488722560939955,0.83915109944982,63,2.29700083296389e-05,9,544219989
651,-1.69515033213569,0.347194434046691,0.183571630238051,0.0929550795137393,0.362525034721473,0.816428369761949,0.637474965278527,0.907044920486261,57,1.04789793336004e-06,10,852648384
451,-1.38456265065174,0.299141145508376,0.250433302686153,0.139335787430615,0.45011292684247,0.749566697313847,0.54988707315753,0.860664212569385,65,3.68396045031697e-06,10,639637500
601,-1.68277537330981,0.338000263423455,0.185857435808216,0.0958238454432185,0.360484243618398,0.814142564191785,0.639515756381602,0.904176154556781,62,6.40387426444459e-07,10,618351255
51,-1.39249787298477,0.27781290738724,0.248453922546902,0.144135540893644,0.428272938417677,0.751546077453098,0.571727061582323,0.855864459106356,74,5.37669262717774e-07,10,514666555
501,-1.64202749544349,0.327815475795081,0.193587147070246,0.101821497674393,0.368055708929348,0.806412852929754,0.631944291070652,0.898178502325607,63,5.47137664090519e-07,11,983217311
401,-1.49252635373381,0.297764291841254,0.224804003100674,0.125414172149262,0.402959561459622,0.775195996899326,0.597040438540378,0.874585827850738,63,5.37434732770139e-07,9,156428585
576,-2.5734639360953,0.469956651094658,0.0762708898252151,0.0303620426870506,0.191596089060607,0.923729110174785,0.808403910939393,0.969637957312949,56,4.35145394003297e-08,8,493641490
726,-2.16364177256375,0.369756234267931,0.114905896998987,0.0556679514929568,0.237180726271422,0.885094103001013,0.762819273728578,0.944332048507043,57,4.87054966040439e-09,11,312527011
551,-1.98824669788321,0.313687690269626,0.136935304052698,0.0740464060751388,0.253236834708453,0.863064695947302,0.746763165291547,0.925953593924861,73,2.32314098315833e-10,9,110249201
226,-2.08967200332368,0.361522310515989,0.123727711440878,0.0609170173940223,0.251301643338489,0.876272288559122,0.748698356661511,0.939082982605978,59,7.46109608005486e-09,9,83729346
476,-1.62594647559637,0.315047882255377,0.196725391279474,0.106094085635169,0.364778859654296,0.803274608720526,0.635221140345704,0.893905914364831,63,2.4569935361344e-07,8,975385296
376,-1.4453687393925,0.336264628526898,0.23565916371589,0.121914499881738,0.455526139197093,0.76434083628411,0.544473860802907,0.878085500118262,52,1.72107365050795e-05,11,778903642
151,-1.72036221367814,0.288448599193863,0.179001299448637,0.101701718382311,0.315053331585336,0.820998700551363,0.684946668414664,0.898298281617689,82,2.45850729208402e-09,10,617621115
901,-1.55708452368187,0.295954392317925,0.210749611887014,0.117991289658853,0.37642947236991,0.789250388112986,0.62357052763009,0.882008710341147,65,1.43093858421834e-07,9,42197700
701,-1.71689669683085,0.354730612943274,0.179622707595848,0.0896218683464935,0.360004959496316,0.820377292404152,0.639995040503684,0.910378131653506,56,1.29838152092646e-06,11,416940494
426,-1.31941848794476,0.305383197453926,0.267290689539819,0.14690655766896,0.486324871049424,0.732709310460181,0.513675128950576,0.85309344233104,60,1.55652069413917e-05,10,865469957
776,-1.72814801544317,0.302666957167719,0.177613042176264,0.0981395973832573,0.321444081616839,0.822386957823736,0.678555918383162,0.901860402616743,70,1.1315244548621e-08,11,599603795
626,-1.81632474554192,0.325152914050185,0.162622332420182,0.0859823921142794,0.307574869127049,0.837377667579818,0.692425130872951,0.914017607885721,68,2.32274661997471e-08,10,454240351
876,-2.11156652839933,0.346531545006168,0.121048192397904,0.0613748046282818,0.238740717327645,0.878951807602096,0.761259282672355,0.938625195371718,63,1.10515046894716e-09,10,546516286
526,-1.82594464251245,0.299321142107798,0.161065422997971,0.0895817824221537,0.289590916635967,0.838934577002029,0.710409083364033,0.910418217577846,70,1.0587869324353e-09,9,548728103
801,-2.61771076186073,0.524837034983215,0.0729697168290725,0.026085584162565,0.204119621816107,0.927030283170928,0.795880378183893,0.973914415837435,51,6.11137496992985e-07,10,471213437
751,-1.73362693060084,0.341157840817955,0.176642576364867,0.0905109888720065,0.34473824862241,0.823357423635133,0.65526175137759,0.909489011127993,56,3.74273244479563e-07,9,582227693
851,-1.30414941468444,0.316155077357395,0.271403288545749,0.146050623680688,0.504343926627045,0.728596711454251,0.495656073372955,0.853949376319312,57,3.70685233718337e-05,11,833717089
926,-2.24431527822972,0.358760918680327,0.106000096103921,0.0524720958709986,0.214133249063729,0.89399990389608,0.785866750936271,0.947527904129001,68,3.95633642154498e-10,11,44341755
676,-1.82457690281419,0.376156610187792,0.161285869293231,0.0771633781090912,0.337117584418045,0.838714130706769,0.662882415581955,0.922836621890909,48,1.2310233467253e-06,9,314812200
826,-1.59369712011458,0.295612081230794,0.203173066235935,0.113825790521858,0.362653267369884,0.796826933764065,0.637346732630116,0.886174209478142,77,6.99975973272479e-08,10,22426615
976,-1.17431849417489,0.263410541015161,0.309029513353394,0.184410013218932,0.517863636884284,0.690970486646606,0.482136363115716,0.815589986781068,71,8.26776711506137e-06,10,222150465
951,-1.69414818452568,0.33792915671436,0.183755688319839,0.0947534370245742,0.356358081038692,0.816244311680161,0.643641918961308,0.905246562975426,56,5.34978387918023e-07,7,41531630
77,-1.78167417877199,0.301410462609794,0.168356053066243,0.0932540462432798,0.30394134888368,0.831643946933757,0.69605865111632,0.90674595375672,76,3.39784134483541e-09,10,582525857
327,-1.55466334925312,0.271331131109959,0.211260491673152,0.124125442196552,0.359563636206903,0.788739508326848,0.640436363793097,0.875874557803448,77,1.0057045072149e-08,10,232487192
302,-1.50888249356385,0.308672952809527,0.221156984271424,0.120769638248825,0.404989303613375,0.778843015728576,0.595010696386626,0.879230361751175,62,1.01716315045974e-06,10,802685111
102,-1.17528518805561,0.289087173619547,0.30873092076094,0.175189744746955,0.544065987261817,0.69126907923906,0.455934012738183,0.824810255253045,58,4.79286816741814e-05,8,396701064
727,-1.79980155591846,0.309069227263435,0.165331694062594,0.0902144098638867,0.302995597963217,0.834668305937406,0.697004402036783,0.909785590136113,69,5.7698275505123e-09,10,223354818
277,-1.43006734494826,0.29833725217741,0.23929280653943,0.133347388218007,0.429412589378219,0.76070719346057,0.570587410621781,0.866652611781993,68,1.6393008777342e-06,11,456082909
177,-1.23069731256439,0.305964211198657,0.292088829440325,0.160353240028115,0.532049644078665,0.707911170559675,0.467950355921335,0.839646759971885,56,5.7618615834076e-05,9,983945862
652,-1.67109459970077,0.302687523269089,0.188041123189861,0.103897416766324,0.340330540556475,0.811958876810139,0.659669459443525,0.896102583233676,66,3.37349813186312e-08,9,943392489
452,-1.42802038347366,0.319515352976132,0.239783131362368,0.128187791669844,0.448529063001782,0.760216868637632,0.551470936998218,0.871812208330156,58,7.84640395577171e-06,9,565521431
27,-1.77439018211877,0.335245866303826,0.169586835057525,0.0879083920598276,0.327155280069909,0.830413164942475,0.672844719930091,0.912091607940172,62,1.20455943340897e-07,9,156924154
427,-1.21863004563876,0.285427310937034,0.295634895945607,0.168966079828285,0.517263534725973,0.704365104054393,0.482736465274027,0.831033920171715,67,1.95917368118009e-05,9,11447078
202,-1.26791329554202,0.257818050159044,0.281418246218542,0.169784144253763,0.466452445561416,0.718581753781458,0.533547554438584,0.830215855746237,81,8.74950693546428e-07,10,985357855
352,-2.07396904004825,0.327735368534549,0.125685937890173,0.0661177154078966,0.238921670022582,0.874314062109827,0.761078329977418,0.933882284592103,79,2.48066549348881e-10,11,987582114
252,-1.83207770399761,0.324447661861042,0.160080621865433,0.0847556018726669,0.302349401462843,0.839919378134567,0.697650598537157,0.915244398127333,66,1.63500922958274e-08,9,762374687
702,-1.736343422278,0.314664069126263,0.176163379438251,0.095076479395007,0.326406030729983,0.823836620561749,0.673593969270017,0.904923520604993,68,3.42711548288259e-08,10,545450331
852,-1.76422535718384,0.338241962853996,0.171319446474734,0.0882865572542714,0.332444186897878,0.828680553525266,0.667555813102122,0.911713442745729,59,1.82958648784299e-07,9,809012232
627,-1.55034374673268,0.328382464991606,0.212175026817588,0.111474261725578,0.403844271387665,0.787824973182412,0.596155728612335,0.888525738274422,57,2.3451184118858e-06,11,348221806
502,-2.11211314970249,0.35255594114571,0.120982042958223,0.0606212312331204,0.241444365622661,0.879017957041777,0.758555634377339,0.93937876876688,70,2.0873476677127e-09,11,267235779
152,-1.60822477139985,0.313152384846279,0.200242775437498,0.108392956679235,0.369924120010592,0.799757224562502,0.630075879989408,0.891607043320765,65,2.8124822494792e-07,9,813324530
127,-1.84786394220861,0.35367306320097,0.157573392959759,0.0787836013567796,0.315159166898301,0.842426607040241,0.684840833101699,0.92121639864322,56,1.74362307126921e-07,9,364759731
2,-1.44545579658167,0.314170506841358,0.235638648784493,0.127298739535533,0.436183209696925,0.764361351215507,0.563816790303075,0.872701260464467,56,4.20741938988018e-06,9,520703645
402,-2.23324093750965,0.368611610432147,0.107180501325525,0.0520418842514845,0.220738738222436,0.892819498674475,0.779261261777563,0.947958115748516,65,1.37379382963565e-09,10,337718599
902,-1.31295448562136,0.257732522251593,0.269024053376489,0.162333738791941,0.445834253764562,0.730975946623511,0.554165746235438,0.837666261208059,75,3.50120317529678e-07,10,160194030
577,-1.92606357782803,0.350540753040821,0.145720689113512,0.0733061458167089,0.289669017503807,0.854279310886488,0.710330982496193,0.926693854183291,64,3.91708677818737e-08,10,640446342
602,-1.34049808410024,0.272208994628565,0.26171527989105,0.153505649228573,0.446204345394877,0.73828472010895,0.553795654605123,0.846494350771428,70,8.45685600233679e-07,11,717005948
802,-1.05097266763449,0.255061459904934,0.349597541469813,0.212060441634945,0.57633776511761,0.650402458530187,0.42366223488239,0.787939558365055,76,3.78103040814863e-05,10,256845564
52,-1.46673261363155,0.284446452581398,0.230677969241406,0.132094537940751,0.402835168833452,0.769322030758594,0.597164831166548,0.867905462059249,73,2.51681771107566e-07,11,341242679
227,-2.66103417041601,0.469398676941733,0.0698759207552902,0.0278467595902755,0.175339765676172,0.93012407924471,0.824660234323828,0.972153240409725,62,1.4361002760367e-08,11,936331474
777,-1.3015119979434,0.297654319639531,0.2721200368891,0.151843674548299,0.487668088228277,0.7278799631109,0.512331911771723,0.848156325451701,63,1.22796870104816e-05,10,230210009
377,-1.63258374781209,0.283587881352516,0.195423994944249,0.11209531063997,0.340697015619421,0.804576005055751,0.659302984380579,0.88790468936003,83,8.56785772820851e-09,11,142679183
877,-1.99873415170985,0.384926875284383,0.135506705647987,0.0637250869701024,0.288145032806077,0.864493294352013,0.711854967193923,0.936274913029898,56,2.0748495556683e-07,9,525220858
477,-1.55106043397823,0.301056671466232,0.212023018159883,0.117523064933239,0.382510107740662,0.787976981840117,0.617489892259338,0.882476935066761,65,2.57647879480623e-07,9,168289894
552,-1.30232480475845,0.298721525886416,0.271898945732977,0.151403285578574,0.488292155670145,0.728101054267023,0.511707844329855,0.848596714421426,61,1.30263649507256e-05,10,16514214
527,-1.74421064994398,0.337234579812667,0.174782899421287,0.0902494044468035,0.338495994708959,0.825217100578713,0.661504005291041,0.909750595553196,62,2.31478816409818e-07,11,37391245
752,-1.64569289676243,0.288484444854361,0.192878871336432,0.109578727136508,0.33950256569116,0.807121128663568,0.66049743430884,0.890421272863492,73,1.16605859179867e-08,9,651605140
927,-1.70355712074562,0.313435100794439,0.182034851087452,0.0984822815433669,0.336473591910428,0.817965148912548,0.663526408089572,0.901517718456633,69,5.4759826047005e-08,11,245020737
677,-1.21815380927588,0.330661132319631,0.295775721563671,0.154704610390687,0.565485910507659,0.704224278436329,0.434514089492341,0.845295389609313,49,0.00022960715196725,10,494189201
977,-1.72900425596319,0.310621506782773,0.177461027782398,0.0965387089472388,0.326215429282326,0.822538972217602,0.673784570717674,0.903461291052761,63,2.60244698488177e-08,8,554795310
827,-1.96533356158609,0.338565420085547,0.140109143792214,0.0721571000823296,0.27205323040684,0.859890856207786,0.72794676959316,0.92784289991767,65,6.44099320169929e-09,10,682849163
952,-1.97415473387197,0.323860909215724,0.138878652064777,0.0736147068457468,0.262003080984134,0.861121347935223,0.737996919015866,0.926385293154253,69,1.08968444720632e-09,10,406048943
78,-2.02088472161234,0.315922950101601,0.132538153824724,0.0713553949316564,0.246181276637752,0.867461846175276,0.753818723362248,0.928644605068344,78,1.58703775704938e-10,11,363794516
728,-1.99735495988473,0.324667684284566,0.135693724326337,0.0718128443666578,0.256399631346464,0.864306275673663,0.743600368653536,0.928187155633342,72,7.65128200426957e-10,10,964615131
453,-2.09193269729572,0.35117183738842,0.12344831688124,0.0620250557259206,0.245698883498824,0.87655168311876,0.754301116501176,0.937974944274079,65,2.56901016345889e-09,9,917343231
653,-1.14241288260671,0.272462318564602,0.319048266306497,0.187040667195459,0.544222803305164,0.680951733693503,0.455777196694836,0.812959332804541,67,2.75385787270879e-05,10,267065158
303,-1.64636334276585,0.365233136633702,0.192749599807632,0.0942120546853258,0.394348773626621,0.807250400192368,0.605651226373379,0.905787945314674,45,6.55325131739658e-06,8,960995389
103,-1.60410415218102,0.299012222283587,0.201069602015216,0.111899141156263,0.361298437475047,0.798930397984784,0.638701562524953,0.888100858843737,66,8.10939623337809e-08,8,89315194
328,-1.12202993896987,0.25037594329781,0.325618138340992,0.199337129328122,0.531898760527077,0.674381861659008,0.468101239472923,0.800662870671878,79,7.41616587115076e-06,9,800646794
428,-1.23771026533205,0.287618022347859,0.290047590198621,0.165062476641396,0.509671285029835,0.709952409801379,0.490328714970165,0.834937523358604,62,1.68263161837729e-05,8,866257411
203,-2.00488485410162,0.397556586449924,0.134675802168966,0.0617858166218088,0.293555587374925,0.865324197831034,0.706444412625075,0.938214183378191,52,4.58247134314331e-07,10,968128370
628,-1.90820655736767,0.337162923237396,0.148346198561804,0.0766095341067569,0.287256604342111,0.851653801438196,0.712743395657889,0.923390465893243,63,1.51728114271236e-08,11,558663485
503,-1.64818581351856,0.300805315113764,0.192398639204244,0.106697943182562,0.34693486363001,0.807601360795756,0.65306513636999,0.893302056817438,69,4.27146209075872e-08,8,690694540
353,-1.73379561017673,0.314741099267888,0.176612782882849,0.0953046354214046,0.327288121293404,0.823387217117151,0.672711878706596,0.904695364578595,67,3.61615270439716e-08,9,936156394
278,-1.81378108429944,0.319523882711077,0.163036515091203,0.0871576800314617,0.304974905751153,0.836963484908797,0.695025094248847,0.912842319968538,71,1.37469092486656e-08,11,925499156
178,-1.89724641684451,0.339980046222871,0.149981036405033,0.077027324002226,0.292030283701375,0.850018963594967,0.707969716298625,0.922972675997774,64,2.3987776607075e-08,11,757350489
903,-1.62293091182327,0.312759497449682,0.197319524615913,0.106892859137173,0.36424317872053,0.802680475384087,0.63575682127947,0.893107140862827,66,2.11346992529244e-07,10,37177566
253,-1.7235306380252,0.315502881355167,0.17843504491435,0.09614431620762,0.331159100292842,0.82156495508565,0.668840899707158,0.90385568379238,64,4.68670002877652e-08,9,532831281
128,-1.55082641307602,0.285294825769138,0.212072641784139,0.121238694280525,0.370960819565077,0.787927358215861,0.629039180434923,0.878761305719475,73,5.45288143213683e-08,10,485323029
603,-1.89530431852315,0.365926018623431,0.150272597352444,0.0733504869254645,0.30786235322468,0.849727402647556,0.69213764677532,0.926649513074535,59,2.22512359323692e-07,9,858506820
853,-1.8438426325554,0.333837746996015,0.158208320129723,0.0822367831571299,0.304363468479114,0.841791679870277,0.695636531520886,0.91776321684287,60,3.3293729137804e-08,11,200246130
578,-1.3403493042318,0.288328334990427,0.261754220752699,0.148753834530041,0.460594997757962,0.738245779247301,0.539405002242038,0.851246165469959,67,3.34048383342581e-06,10,768709214
878,-1.71578460808008,0.280348766076341,0.179822575102954,0.103803240224704,0.311513960900056,0.820177424897046,0.688486039099944,0.896196759775296,83,9.34703454893163e-10,11,260683247
703,-1.23560002755951,0.273795135226597,0.290660305839763,0.169953802009969,0.49709634260438,0.709339694160237,0.50290365739562,0.830046197990031,71,6.39582367003764e-06,10,463865062
403,-1.50080782513465,0.296333327759082,0.222949982782464,0.124729177144331,0.398516978631091,0.777050017217536,0.60148302136891,0.875270822855668,69,4.09272874882869e-07,10,885365201
228,-1.23964666465958,0.282750470450039,0.289486485676548,0.166322367096219,0.503855415555012,0.710513514323452,0.496144584444988,0.833677632903781,64,1.1638999733809e-05,9,612666749
28,-1.49102399223532,0.318126040197911,0.225141993808179,0.120688845096939,0.419996705869612,0.774858006191821,0.580003294130388,0.879311154903061,56,2.77378437260044e-06,11,463634429
153,-2.13429207979663,0.383519525637861,0.118328327747294,0.0558002718683147,0.250923385830698,0.881671672252706,0.749076614169302,0.944199728131685,62,2.62129207315305e-08,11,930258073
53,-1.98442080086548,0.346445433776981,0.13746020789785,0.0697079175011205,0.271064025905186,0.862539792102149,0.728935974094814,0.930292082498879,68,1.01653800240362e-08,11,157068647
778,-1.68495409844297,0.332595353631466,0.185452944339505,0.0966335767275565,0.355909361206372,0.814547055660495,0.644090638793628,0.903366423272444,57,4.06094964961507e-07,8,464712333
553,-1.50156931281075,0.299110956437582,0.222780273742061,0.123957561886081,0.400387435937142,0.777219726257939,0.599612564062858,0.876042438113919,64,5.16424292897802e-07,8,826557347
528,-1.94395964603478,0.329595554288784,0.143136058069846,0.0750234114187418,0.273087170155743,0.856863941930154,0.726912829844257,0.924976588581258,67,3.67899705622005e-09,9,356937836
753,-1.36535395584213,0.274011634141736,0.255290298501607,0.149209056880129,0.436790754340056,0.744709701498393,0.563209245659944,0.850790943119871,76,6.26603311186978e-07,11,995963964
3,-1.64526784007714,0.312767053272869,0.192960873216633,0.104530122027854,0.35620257462824,0.807039126783367,0.64379742537176,0.895469877972146,70,1.43772276381714e-07,11,175938006
803,-1.13766068144759,0.26474973913606,0.320568056160837,0.190794063330768,0.538611510425157,0.679431943839163,0.461388489574843,0.809205936669232,68,1.73033649480699e-05,11,531314867
928,-1.88200469509128,0.323624233496587,0.15228451553085,0.0807581383636234,0.28716082540248,0.84771548446915,0.71283917459752,0.919241861636377,69,6.04886997077143e-09,11,928997463
678,-1.93438607540144,0.33536640080626,0.144512961657372,0.0748932028227873,0.278850353568144,0.855487038342628,0.721149646431856,0.925106797177213,66,8.02281997825659e-09,11,775048634
828,-1.96745510286148,0.321863128459233,0.139812211548977,0.0744003046351527,0.262733527692843,0.860187788451023,0.737266472307156,0.925599695364847,71,9.79549228215804e-10,9,654345828
978,-2.0064335423349,0.317393415192753,0.134467392761093,0.0721857078392936,0.25048559136139,0.865532607238907,0.74951440863861,0.927814292160706,75,2.58872309988076e-10,11,987810797
478,-2.48343074777444,0.448854143105629,0.0834564159744132,0.0346253674390416,0.201152330861361,0.916543584025587,0.798847669138639,0.965374632560958,56,3.15116537341355e-08,8,159761070
378,-1.54410073497655,0.285274460164115,0.213503781403916,0.122061727070706,0.373449284781673,0.786496218596084,0.626550715218327,0.877938272929293,70,6.20867239113377e-08,7,648896148
953,-1.32343731096453,0.302180919946386,0.266218651172827,0.147238577609086,0.481343757751064,0.733781348827173,0.518656242248936,0.852761422390914,62,1.18886963060976e-05,9,164533885
304,-1.62977610796942,0.320680964055762,0.195973446108221,0.10452811005105,0.367418788694975,0.804026553891779,0.632581211305025,0.89547188994895,60,3.73018971245507e-07,9,440103113
654,-2.03828161652045,0.362866606693068,0.130252342154183,0.0639606584194783,0.265251688395435,0.869747657845817,0.734748311604565,0.936039341580522,63,1.94115994101545e-08,11,225127482
729,-1.54805368555343,0.330972405475808,0.21266147739791,0.111164112323017,0.406830073339215,0.78733852260209,0.593169926660785,0.888835887676983,57,2.90692033538295e-06,9,599501297
79,-1.47692860943301,0.288659713226684,0.228337927435945,0.129679241427355,0.402055167287126,0.771662072564055,0.597944832712874,0.870320758572645,68,3.11250504371348e-07,9,204467627
429,-1.34345419460146,0.313403533622359,0.260942762989057,0.14118081515957,0.482297297117907,0.739057237010943,0.517702702882093,0.85881918484043,58,1.81380088961973e-05,8,889925815
329,-1.30433497423587,0.286471357264469,0.271352931745507,0.154771024268298,0.475750638176554,0.728647068254493,0.524249361823446,0.845228975731702,68,5.2859166639778e-06,11,976005822
204,-1.67849733760765,0.329269522914381,0.186654243725236,0.0978955932010898,0.355887385339955,0.813345756274764,0.644112614660046,0.90210440679891,56,3.43914900516702e-07,10,235184318
454,-1.39107668935745,0.284186549758722,0.248807272221683,0.14254862751357,0.434273270744058,0.751192727778317,0.565726729255942,0.85745137248643,66,9.83347063484229e-07,9,9349703
104,-1.65805881754337,0.311802151401425,0.190508433025769,0.103396951018381,0.351010960153768,0.809491566974231,0.648989039846232,0.896603048981619,65,1.05108412196923e-07,10,867260537
629,-1.65016017442582,0.283090455245757,0.192019149600382,0.110249723667611,0.334434886425806,0.807980850399618,0.665565113574194,0.889750276332389,77,5.57299321352805e-09,8,155620
504,-1.63785150249427,0.341070231382768,0.194397255958688,0.0996255249921097,0.379323402584435,0.805602744041312,0.620676597415565,0.90037447500789,59,1.57014510354708e-06,11,255758055
179,-1.20980311322109,0.288843774245929,0.298255996311815,0.169326494465565,0.525355701815725,0.701744003688185,0.474644298184275,0.830673505534435,64,2.80885849648678e-05,10,36809404
904,-1.37984142901651,0.254817272389359,0.251618449281449,0.15270091028088,0.414613402777655,0.748381550718551,0.585386597222345,0.84729908971912,83,6.12807767879441e-08,10,399126872
354,-1.80143177096604,0.309147686145488,0.165062387420604,0.090053611585762,0.302548573690934,0.834937612579396,0.697451426309066,0.909946388414238,66,5.64017830330033e-09,11,117280565
579,-1.53939547955384,0.24740477939922,0.214510738366202,0.132086279574675,0.34836969458587,0.785489261633798,0.65163030541413,0.867913720425325,89,4.9031416398218e-10,11,127887426
879,-1.65168427813364,0.303006660063209,0.191726715409129,0.1058675579983,0.347218110029168,0.808273284590871,0.652781889970832,0.8941324420017,70,5.00920427427596e-08,9,333605393
704,-1.16492369429009,0.26846768607396,0.311946464420927,0.184314693773931,0.527958974253414,0.688053535579073,0.472041025746586,0.815685306226069,69,1.43029698277834e-05,8,671387965
854,-1.88098750718996,0.347563619686952,0.152439496306528,0.0771348813206021,0.301261888737507,0.847560503693472,0.698738111262493,0.922865118679398,61,6.2351541698828e-08,9,904211998
279,-1.52154365431218,0.345761816936839,0.218374531851614,0.1108891347597,0.430046065962657,0.781625468148386,0.569953934037343,0.8891108652403,50,1.07974697074653e-05,9,845239890
229,-1.91063369468768,0.297565705078706,0.147986578567091,0.0825912315485876,0.26516165245835,0.852013421432909,0.73483834754165,0.917408768451412,80,1.35488773357567e-10,10,20566602
604,-1.28337905751148,0.315783173487023,0.277099381957327,0.149224603130315,0.514553671917482,0.722900618042673,0.485446328082518,0.850775396869685,54,4.82150999101362e-05,9,137670997
254,-1.1044131984753,0.253208347494928,0.331405294327753,0.201756765130229,0.544365731863178,0.668594705672247,0.455634268136822,0.798243234869771,72,1.29068915746555e-05,8,34953095
29,-1.48459524300114,0.298443597970043,0.226594037640358,0.126244604744232,0.406709324316737,0.773405962359642,0.593290675683263,0.873755395255768,60,6.54303352164461e-07,10,140552267
129,-1.81149075044607,0.317169965226157,0.163410351082248,0.087761492261612,0.304267192280911,0.836589648917752,0.695732807719089,0.912238507738388,63,1.12037636730412e-08,7,623121371
529,-1.44112053616155,0.289642008619965,0.236662421248702,0.134148425174634,0.417515908654055,0.763337578751298,0.582484091345945,0.865851574825366,69,6.50716368869441e-07,8,692101766
154,-1.78014668498763,0.312661986182075,0.168613412398212,0.0913595081040266,0.311193475431117,0.831386587601789,0.688806524568883,0.908640491895973,67,1.24447999128559e-08,8,274154099
54,-1.49795932174706,0.26012439157647,0.223585961928032,0.134284612077938,0.37227409453489,0.776414038071968,0.62772590546511,0.865715387922062,86,8.48008979193286e-09,10,731255964
679,-1.7372202450799,0.30953489943156,0.17600898306932,0.0959529319509914,0.322857900130858,0.82399101693068,0.677142099869142,0.904047068049009,71,1.99589558819533e-08,10,331446255
4,-2.15404618857939,0.421796668887401,0.116013793138362,0.0507546282386535,0.265181731507598,0.883986206861638,0.734818268492402,0.949245371761346,48,3.27598758971114e-07,8,26770276
554,-0.857925788980512,0.270961315814255,0.424040720697609,0.249324452361772,0.721190926547553,0.575959279302391,0.278809073452447,0.750675547638228,64,0.00154428749223779,10,311838396
754,-2.11273922944644,0.408397501626363,0.120906322257817,0.0543025754032101,0.269201573836349,0.879093677742183,0.730798426163651,0.94569742459679,56,2.30066357580025e-07,11,311522899
404,-1.40637028040061,0.262867889397706,0.245031065038312,0.146375231382769,0.410180207857743,0.754968934961688,0.589819792142257,0.853624768617231,78,8.79041929181323e-08,9,297440765
804,-1.5025801551036,0.279191136842698,0.22255519179969,0.128762619575898,0.384667643141581,0.77744480820031,0.615332356858419,0.871237380424102,77,7.37016905581112e-08,8,957954644
779,-1.41806242785338,0.280486873936478,0.242182809256473,0.139763076745619,0.419656710950273,0.757817190743527,0.580343289049727,0.860236923254381,72,4.28775398792012e-07,9,37593407
479,-2.53176037163123,0.417806791711769,0.0795189141620196,0.0350616746320377,0.180346711212954,0.92048108583798,0.819653288787046,0.964938325367962,57,1.3642324303868e-09,9,922046510
929,-2.17962133096085,0.384228893885522,0.113084344073791,0.0532532669662246,0.240136795414079,0.886915655926209,0.759863204585921,0.946746733033775,58,1.40551266902584e-08,9,327505014
979,-1.62646256763248,0.286142557533262,0.196623889066228,0.112220266390111,0.344509552464717,0.803376110933772,0.655490447535283,0.887779733609889,74,1.31504242409602e-08,9,979106612
829,-1.64137876078046,0.312478228801534,0.193712774507896,0.104996859879184,0.357388202377911,0.806287225492104,0.642611797622089,0.895003140120816,68,1.49822093434268e-07,9,78220320
379,-1.35979750581471,0.294626389715667,0.256712754530882,0.144099013988198,0.457334415516752,0.743287245469118,0.542665584483248,0.855900986011802,64,3.92474457641819e-06,11,801168559
954,-1.85898077445374,0.336081940984496,0.155831376775176,0.0806457417741309,0.301112215641325,0.844168623224824,0.698887784358675,0.919354258225869,60,3.17808264674589e-08,8,577402082
655,-1.68569368011593,0.301897229660856,0.185315837447796,0.10255035043242,0.33487900786462,0.814684162552204,0.66512099213538,0.89744964956758,67,2.35499059598707e-08,7,223952331
305,-1.31089651654149,0.269692243980111,0.26957826664136,0.158899460342698,0.457348575562356,0.73042173335864,0.542651424437644,0.841100539657302,72,1.16963894734759e-06,11,548757955
455,-1.6558270554407,0.33217042415414,0.190934077318566,0.0995725132850522,0.366123347485745,0.809065922681434,0.633876652514255,0.900427486714948,55,6.20028371360491e-07,9,559057783
105,-1.82789693739288,0.320105374182314,0.160751282544414,0.0858381320227582,0.301043070611354,0.839248717455586,0.698956929388646,0.914161867977242,65,1.12778814700277e-08,10,336739720
730,-2.09055578600756,0.38613178829734,0.123618411337874,0.0579972209431822,0.263486963223126,0.876381588662126,0.736513036776874,0.942002779056818,53,6.15980294021072e-08,9,545373404
430,-1.5491386095909,0.27593250859093,0.212430880961664,0.123692530105112,0.364831078706214,0.787569119038336,0.635168921293786,0.876307469894888,77,1.97480660524775e-08,9,512512524
330,-1.93028529173243,0.336641832831008,0.145106794808963,0.0750132015873729,0.280697016713853,0.854893205191037,0.719302983286147,0.924986798412627,65,9.81219561739925e-09,7,737670113
80,-1.53447627702102,0.296443107911271,0.215568559819533,0.120573700333284,0.385405804534636,0.784431440180467,0.614594195465364,0.879426299666716,69,2.26338352238146e-07,8,737669751
630,-1.58292445415097,0.292422948536811,0.205373613409974,0.115780062381719,0.364296928308868,0.794626386590026,0.635703071691132,0.884219937618281,75,6.19312869450747e-08,11,605537790
205,-1.76229665344763,0.336925219720103,0.171650189781633,0.0886855821073975,0.332227482212276,0.828349810218367,0.667772517787725,0.911314417892602,58,1.69026957691493e-07,8,774722843
905,-1.8696785886475,0.293073675704098,0.154173206871473,0.0868048799873026,0.273825362358785,0.845826793128527,0.726174637641215,0.913195120012697,86,1.77607426942041e-10,10,459416601
880,-2.30985204189844,0.357877169958724,0.0992759391525327,0.0492287042492562,0.200202549405234,0.900724060847467,0.799797450594766,0.950771295750744,77,1.08709373075266e-10,10,125615164
180,-0.941786769602404,0.281821953788301,0.389930496593827,0.224439824716733,0.677445691137063,0.610069503406173,0.322554308862937,0.775560175283267,57,0.000832432222892461,10,237804237
505,-1.91104572877198,0.414768318272261,0.147925615612973,0.0656133108370589,0.333499216474807,0.852074384387027,0.666500783525193,0.934386689162941,46,4.07535886467936e-06,10,918633898
705,-1.50500759560951,0.286166348261961,0.222015607481686,0.126706317402355,0.389017145916564,0.777984392518314,0.610982854083436,0.873293682597645,74,1.44679236542454e-07,11,736017054
605,-2.24541577266047,0.379845425242076,0.105883507752681,0.0502925096830323,0.222922206202697,0.894116492247319,0.777077793797303,0.949707490316968,62,3.39225591221839e-09,9,264963749
855,-1.9855928971587,0.345298306565557,0.137299185682913,0.0697829797584944,0.270138455744237,0.862700814317087,0.729861544255763,0.930217020241506,72,8.90485448457693e-09,10,730306209
580,-1.68480870425055,0.285695759707304,0.185479910080862,0.105952743129234,0.324699446447013,0.814520089919138,0.675300553552987,0.894047256870766,74,3.6969285598626e-09,9,166214692
30,-2.22549615067342,0.378522915775314,0.108013814211334,0.0514375189099062,0.226818561776192,0.891986185788666,0.773181438223808,0.948562481090094,68,4.11700281129697e-09,11,969121015
5,-1.73762338201007,0.290653937741811,0.175938041648717,0.0995301533534932,0.311003183017794,0.824061958351283,0.688996816982206,0.900469846646507,78,2.25445145450367e-09,10,57483393
230,-1.67416020632891,0.288872943404009,0.187465545773989,0.106422232534643,0.330225461497434,0.812534454226011,0.669774538502566,0.893577767465357,76,6.8122055468904e-09,10,350875578
530,-2.1817350633414,0.367857033502664,0.112845566478858,0.054873672431793,0.232062504833492,0.887154433521142,0.767937495166508,0.945126327568207,67,3.01219892598175e-09,10,453391266
355,-2.4860110813133,0.416220441941855,0.0832413481778943,0.0368172734337279,0.188203019947852,0.916758651822106,0.811796980052148,0.963182726566272,61,2.3318267221412e-09,10,720385706
130,-1.40015450775381,0.275531199124001,0.246558865741921,0.143677261452865,0.423109917750528,0.753441134258079,0.576890082249472,0.856322738547135,70,3.74160433234984e-07,10,423674844
680,-1.61539509998514,0.323225252285836,0.198812104261653,0.105514704845267,0.374604211412147,0.801187895738346,0.625395788587853,0.894485295154733,60,5.80067477117647e-07,11,671099648
280,-1.67869947296291,0.354593670282964,0.186616518116338,0.0931363904818222,0.373921779163889,0.813383481883662,0.626078220836111,0.906863609518178,52,2.19975466911467e-06,9,451365093
55,-1.28755798493945,0.295668946833211,0.275943819936378,0.154577688308009,0.492600145561465,0.724056180063622,0.507399854438535,0.845422311691991,61,1.3323195100097e-05,8,519537178
155,-1.81025939602911,0.336560355848807,0.163611691074835,0.0845928465478727,0.316442660919542,0.836388308925165,0.683557339080458,0.915407153452127,61,7.50228697417024e-08,9,94461274
480,-1.51092816519189,0.265361298925403,0.220705032133798,0.131200741084729,0.371268567589293,0.779294967866202,0.628731432410707,0.868799258915271,82,1.24204203245862e-08,10,585396257
805,-1.95100082926479,0.364560116955294,0.14213175076335,0.0695627866850086,0.290405769201434,0.85786824923665,0.709594230798566,0.930437213314991,60,8.71523080916218e-08,10,775423006
555,-1.51155863421185,0.284905455903904,0.220565928303425,0.126190442238028,0.385523086103355,0.779434071696575,0.614476913896645,0.873809557761972,76,1.12380271612805e-07,10,232987771
930,-2.71668005408749,0.467655221039309,0.0660938184873042,0.0264296856397305,0.165283571729886,0.933906181512696,0.834716428270114,0.97357031436027,62,6.27902308717654e-09,11,822644242
755,-1.6699507520938,0.271797139077779,0.188256336640865,0.110508442769715,0.320703535378669,0.811743663359135,0.679296464621331,0.889491557230285,82,8.04145353155386e-10,9,458983113
405,-1.77439018211877,0.335245866296372,0.169586835057525,0.0879083920611119,0.327155280065129,0.830413164942475,0.672844719934871,0.912091607938888,63,1.20455943263353e-07,9,543763294
780,-1.81051896032591,0.320178558559478,0.163569228832371,0.0873303343725437,0.306364252616767,0.836430771167629,0.693635747383233,0.912669665627456,69,1.5610376777724e-08,10,493615379
255,-1.80234624027135,0.312053867601149,0.164911511929863,0.089460277234411,0.303998686430768,0.835088488070137,0.696001313569232,0.910539722765589,75,7.66094293720288e-09,10,182556404
830,-1.83369495206644,0.30904769645532,0.159821941020793,0.0872116543125853,0.292885773501121,0.840178058979207,0.707114226498879,0.912788345687415,72,2.96775366942871e-09,10,756766190
980,-1.8862865593264,0.319816320735224,0.151633847939512,0.081015480147646,0.283807783389543,0.848366152060488,0.716192216610457,0.918984519852354,72,3.67864975181089e-09,10,632915162
380,-2.02844974060681,0.301903673176001,0.131539283175002,0.072790482527954,0.237703919761058,0.868460716824998,0.762296080238942,0.927209517472046,87,1.83146662359981e-11,9,947657697
955,-1.57112261041753,0.309463004123311,0.207811759713848,0.113306476175307,0.381140857372967,0.792188240286152,0.618859142627033,0.886693523824693,66,3.83578189441312e-07,11,459736257
656,-1.51544893770263,0.319008668742028,0.219709526813548,0.11757316725024,0.410572218998674,0.780290473186452,0.589427781001326,0.88242683274976,60,2.0291977815776e-06,10,477238831
456,-1.97224669677764,0.340107601742868,0.139143890646585,0.0714437146445139,0.270996859564265,0.860856109353415,0.729003140435736,0.928556285355486,66,6.67551529225402e-09,10,432250747
306,-0.981499945638528,0.307284555764208,0.374748574588959,0.205200730050317,0.684385938208016,0.625251425411041,0.315614061791984,0.794799269949683,51,0.00140263810158346,10,195780233
106,-1.98486916777028,0.367813658069218,0.137398589104848,0.0668188073702419,0.28253081775911,0.862601410895152,0.71746918224089,0.933181192629758,57,6.7991747998887e-08,8,568945141
731,-1.35013480462184,0.280411544733484,0.259205316215978,0.149608808751169,0.449087166159929,0.740794683784022,0.550912833840071,0.850391191248831,67,1.47322922346776e-06,9,923321168
331,-2.69632580621886,0.494460824266393,0.0674528929999269,0.0255926209408019,0.177781431006379,0.932547107000073,0.822218568993621,0.974407379059198,49,4.95096424624364e-08,11,603071034
631,-1.29353460550428,0.289322861466777,0.274299526979467,0.155579722495356,0.483612062641423,0.725700473020533,0.516387937358577,0.844420277504644,62,7.78898255651947e-06,10,669960358
81,-1.25022696699808,0.299539475627111,0.286439777105459,0.159244654601439,0.515230769369156,0.713560222894541,0.484769230630844,0.840755345398561,59,2.9952077293307e-05,10,252354254
506,-1.33519659597214,0.304574926054053,0.263106444703894,0.144836105659999,0.47795403590337,0.736893555296106,0.52204596409663,0.855163894340001,55,1.1662503228267e-05,9,46747057
906,-1.62785991679025,0.308301698420859,0.196349328713458,0.107300696087168,0.35929924308139,0.803650671286542,0.64070075691861,0.892699303912832,64,1.29122270873982e-07,10,129938949
431,-1.89112902994601,0.347900306380138,0.150901340490239,0.0763061988660985,0.298418934505042,0.849098659509761,0.701581065494958,0.923693801133902,61,5.45400851383234e-08,9,117695199
606,-1.66186978368638,0.316692558640129,0.189783793502916,0.102021082814858,0.353043579646384,0.810216206497084,0.646956420353616,0.897978917185142,68,1.54109483947272e-07,10,548237647
206,-1.64063048052833,0.328978558049851,0.193857780197327,0.101731671252939,0.369411398438513,0.806142219802673,0.630588601561487,0.898268328747061,56,6.13101675196887e-07,8,478141017
856,-1.62940418397465,0.291488652339305,0.196046346891101,0.110724356104005,0.34711577002303,0.803953653108899,0.65288422997697,0.889275643895995,79,2.27147607402788e-08,11,677592659
881,-1.96435513746107,0.322127259878531,0.14024629704472,0.074592675125343,0.263685727877499,0.85975370295528,0.736314272122501,0.925407324874657,72,1.0735557362055e-09,11,704145542
6,-1.57794652434183,0.303886823911094,0.206398497626658,0.11377257781242,0.37443416191886,0.793601502373342,0.62556583808114,0.88622742218758,63,2.07436816106348e-07,9,93646997
181,-2.15315393526069,0.384582445613414,0.11611735302426,0.0546436820934758,0.246748373403818,0.88388264697574,0.753251626596182,0.945356317906524,58,2.15990424709217e-08,9,755668563
231,-1.80071713680274,0.335094035049491,0.165180388800617,0.0856497154093389,0.31855985409787,0.834819611199383,0.68144014590213,0.914350284590661,60,7.71086523803814e-08,7,824475898
581,-1.28216900672983,0.27767608730955,0.277434889230539,0.160991431288502,0.478100710990193,0.722565110769461,0.521899289009807,0.839008568711498,67,3.88392881208021e-06,10,499369757
706,-1.47552190506531,0.273739470158156,0.228659357421257,0.133715428152293,0.391017719187596,0.771340642578743,0.608982280812404,0.866284571847707,77,7.03629863508445e-08,10,159644647
56,-1.63969153226628,0.327626179539035,0.194039888104702,0.102097499525686,0.368779630751024,0.805960111895298,0.631220369248976,0.897902500474315,59,5.59306676471759e-07,9,153102127
281,-1.63181009347877,0.293917528777623,0.195575244064498,0.109933695368233,0.347934052091737,0.804424755935502,0.652065947908263,0.890066304631767,72,2.82529722822339e-08,11,946275609
131,-1.78196612318207,0.265964897712495,0.168306909631572,0.0999337568648201,0.283459931042603,0.831693090368428,0.716540068957397,0.90006624313518,89,2.08412522856919e-11,11,21665868
156,-2.45030423362128,0.415001404710233,0.0862673370822366,0.0382469278192272,0.194579117110656,0.913732662917763,0.805420882889344,0.961753072180773,61,3.54088002137102e-09,8,832486839
556,-1.40298128052048,0.282781057250027,0.24586288400941,0.141250274126245,0.427953560496439,0.75413711599059,0.572046439503561,0.858749725873755,68,6.99979320809062e-07,8,958178218
31,-1.8021115941943,0.316457190555497,0.164950212309467,0.0887123389691485,0.306705615668647,0.835049787690533,0.693294384331353,0.911287661030851,67,1.23628340176787e-08,11,114183295
256,-1.13305173088664,0.257985562956038,0.322048948541508,0.194233517989003,0.53397336531053,0.677951051458492,0.46602663468947,0.805766482010997,73,1.12354489285713e-05,10,160636530
931,-1.50547779230124,0.310226468514393,0.221911241015842,0.120813107008599,0.407609737954062,0.778088758984159,0.592390262045938,0.879186892991401,60,1.21709091755849e-06,10,469359340
756,-0.885727344799278,0.280099966100609,0.412414096914247,0.238183667575068,0.714093409784232,0.587585903085753,0.285906590215768,0.761816332424932,57,0.00156591135812054,10,666292134
531,-1.95702509595666,0.331217826462679,0.14127808512785,0.0738144987339974,0.270400770576514,0.85872191487215,0.729599229423486,0.926185501266003,68,3.45081426596654e-09,9,367663655
356,-1.53071372580342,0.283699388254086,0.216381175361888,0.124089238211115,0.377315661905629,0.783618824638112,0.622684338094371,0.875910761788885,75,6.83146469293982e-08,9,816210612
831,-1.77013475778548,0.31461877577223,0.170310036675566,0.0919255538163018,0.315532595543513,0.829689963324434,0.684467404456487,0.908074446183698,69,1.84132511359967e-08,11,336432179
806,-1.59169498100753,0.303519372308881,0.203580254465064,0.112299932383583,0.369055609637381,0.796419745534936,0.630944390362619,0.887700067616417,66,1.57021645505109e-07,11,136251720
406,-1.85877378133368,0.367899462231217,0.155863636136676,0.0757858653074598,0.320554142532892,0.844136363863324,0.679445857467108,0.92421413469254,60,4.36301872991632e-07,10,220236032
981,-1.82856574416038,0.276898876328969,0.160643806942975,0.0933613744447466,0.276414447223083,0.839356193057025,0.723585552776917,0.906638625555253,91,4.00936265112512e-11,10,837629511
681,-1.34764631855238,0.291196406621755,0.25985114827327,0.146844542183132,0.459823826306929,0.74014885172673,0.540176173693071,0.853155457816868,70,3.69279217412314e-06,10,969381064
481,-2.0123421898418,0.385776977452642,0.133675214990416,0.0627591326253642,0.284724507099261,0.866324785009584,0.715275492900739,0.937240867374636,54,1.82497378306722e-07,9,221897513
781,-2.2293040219652,0.35798087046451,0.107603293609931,0.0533472080543944,0.217039826787174,0.892396706390069,0.782960173212826,0.946652791945606,74,4.74121344165427e-10,10,257029099
956,-1.45477552906723,0.316125020966036,0.233452761379181,0.125635655386008,0.433795578397839,0.766547238620819,0.566204421602161,0.874364344613992,58,4.18655513210667e-06,9,741122750
381,-1.28909341623852,0.281131674687112,0.275520452267622,0.158801327038454,0.47802824468446,0.724479547732378,0.52197175531554,0.841198672961546,66,4.5317801510414e-06,10,331708896
457,-1.74567546198932,0.357354399277538,0.174527062746962,0.0866327625699118,0.351595571092418,0.825472937253038,0.648404428907582,0.913367237430088,53,1.03429997375775e-06,10,425932232
657,-1.65538310920791,0.303435258041579,0.191018860601121,0.105388128019086,0.346226902319987,0.80898113939888,0.653773097680013,0.894611871980914,71,4.88424251902907e-08,11,33111242
307,-0.870858433714639,0.283458973951937,0.41859206143327,0.240165306956259,0.729577956598318,0.581407938566729,0.270422043401682,0.759834693043741,58,0.00212447690743497,11,103909388
632,-1.36707193531172,0.274972088257119,0.254852091533062,0.148672805326403,0.436862601846943,0.745147908466937,0.563137398153057,0.851327194673597,72,6.63768126577707e-07,9,550229245
332,-1.30722577243616,0.289653221201262,0.270569637896479,0.153364834941622,0.477344946638505,0.729430362103521,0.522655053361495,0.846635165058378,65,6.38953914318817e-06,10,472095501
82,-2.20919465571488,0.371415258236386,0.109789030890211,0.0530163360710466,0.227356928016655,0.890210969109789,0.772643071983345,0.946983663928953,59,2.71364062781635e-09,8,622484294
732,-1.5987221944166,0.326583360641078,0.202154667389863,0.10658485833518,0.383417590320308,0.797845332610137,0.616582409679692,0.89341514166482,62,9.81579074358356e-07,11,167539563
107,-1.65138498843878,0.345178941707625,0.191784105827032,0.0974980128309193,0.377250183669487,0.808215894172968,0.622749816330513,0.902501987169081,54,1.71719466772522e-06,11,452030071
507,-2.06537404564728,0.355075625533438,0.12677086360889,0.0632089430755062,0.254249653264195,0.87322913639111,0.745750346735805,0.936791056924494,63,6.00150044509709e-09,9,963543148
432,-1.30164506455049,0.287227134286241,0.272083829208141,0.154958195772363,0.477739236363565,0.727916170791859,0.522260763636435,0.845041804227637,65,5.8493680567342e-06,11,817188691
207,-1.92124240682337,0.312299438908214,0.146424929742802,0.0793935570509513,0.270050377468603,0.853575070257198,0.729949622531397,0.920606442949049,77,7.65485708178905e-10,10,95512542
607,-1.63657580606955,0.29208852364779,0.194645406091556,0.109803948170446,0.345040727076005,0.805354593908445,0.654959272923995,0.890196051829554,77,2.10657373179193e-08,9,752335750
882,-1.86553957931554,0.32365211886834,0.154812653638636,0.0820943506229568,0.29194405637864,0.845187346361364,0.70805594362136,0.917905649377043,71,8.21302260578919e-09,11,663778249
182,-1.5591373690657,0.305197416681827,0.210317419283182,0.115635380031127,0.382524940394808,0.789682580716818,0.617475059605192,0.884364619968873,65,3.24521723159691e-07,9,21382324
7,-1.97965811906239,0.413116439309324,0.138116448621063,0.0614610608548323,0.310377873638588,0.861883551378937,0.689622126361412,0.938538939145168,46,1.65118649522405e-06,7,532065251
907,-1.76988827327329,0.35119318208165,0.170352020635863,0.0855876517267118,0.339065394940197,0.829647979364137,0.660934605059803,0.914412348273288,56,4.66400949882128e-07,8,952206716
857,-1.97834761980863,0.351787046629346,0.138297568776906,0.0694021410257677,0.275585410578356,0.861702431223094,0.724414589421644,0.930597858974232,62,1.86901501635992e-08,9,929826819
282,-1.84821221616197,0.332266281996993,0.157518523806551,0.0821308015168994,0.302104507492109,0.842481476193449,0.697895492507891,0.917869198483101,63,2.66024111838304e-08,11,173204068
357,-1.27578032287865,0.241515408800567,0.279213006895066,0.173923135765869,0.448243431652084,0.720786993104934,0.551756568347916,0.826076864234131,88,1.2750437328092e-07,10,744738692
157,-1.58227836521822,0.268535421117388,0.205506345902556,0.121408046801334,0.347858806058619,0.794493654097444,0.652141193941381,0.878591953198666,82,3.80967659259548e-09,10,967662410
707,-1.40787909295724,0.32100661134657,0.244661637858885,0.13041410215248,0.45899420424491,0.755338362141115,0.54100579575509,0.86958589784752,55,1.15546543150952e-05,10,1955416
557,-1.04053846466193,0.267970617990271,0.353264410334824,0.208931000047965,0.597306017683162,0.646735589665177,0.402693982316838,0.791068999952035,65,0.000103162017236239,10,326156541
757,-2.17096418715414,0.325734793841429,0.11406758137527,0.0602415689046997,0.215987288468325,0.88593241862473,0.784012711531675,0.9397584310953,84,2.64987608324108e-11,9,737941281
32,-2.01133053335154,0.337382130639362,0.133810516817194,0.0690732765823306,0.259221153198702,0.866189483182806,0.740778846801298,0.930926723417669,72,2.49810693145978e-09,11,886387961
232,-1.32612352964949,0.274085687969478,0.265504489284704,0.155156404932134,0.4543327351595,0.734495510715296,0.5456672648405,0.844843595067866,68,1.30918944183492e-06,11,802810745
832,-1.36308502984017,0.286872898791217,0.25587019091564,0.14582535387846,0.448958654019607,0.74412980908436,0.551041345980393,0.85417464612154,64,2.01883738204358e-06,9,169329704
132,-1.33306804129698,0.283426261553192,0.263667077614061,0.151287495870359,0.459524611849699,0.736332922385939,0.540475388150301,0.848712504129641,66,2.55860184237646e-06,9,384677139
582,-1.39329953589362,0.260339807912994,0.248254826067433,0.14903767045499,0.413522691797467,0.751745173932567,0.586477308202533,0.85096232954501,77,8.705967328358e-08,9,816116633
807,-1.7449486789143,0.335909603938952,0.174653952167255,0.0904173229222398,0.33736901316881,0.825346047832745,0.66263098683119,0.90958267707776,63,2.05053315029265e-07,11,118649303
57,-1.56036321579112,0.315306217320072,0.210059760320917,0.113227971481905,0.389701434447519,0.789940239679083,0.610298565552481,0.886772028518095,60,7.47018648253398e-07,9,481362551
932,-1.66995697075219,0.345629168508855,0.188255165942658,0.0956195776233075,0.370635474292863,0.811744834057342,0.629364525707137,0.904380422376692,51,1.35410475901852e-06,9,816947282
407,-2.17925146548481,0.320749480420952,0.113126177804494,0.0603310190643347,0.212121928373316,0.886873822195506,0.787878071626684,0.939668980935665,79,1.08879069301896e-11,9,93233862
482,-1.64911278441339,0.296152117352692,0.192220373901635,0.107575724185239,0.343466636387789,0.807779626098365,0.656533363612211,0.892424275814761,70,2.56992816457808e-08,11,337631750
682,-2.07610516060533,0.41526588725645,0.125417744123599,0.0555755821787301,0.283030962958993,0.874582255876401,0.716969037041007,0.94442441782127,54,5.7491120079746e-07,10,9863281
982,-1.53335572072741,0.298106038122637,0.215810251915452,0.120316101666145,0.387097522167443,0.784189748084548,0.612902477832557,0.879683898333855,68,2.69438819762647e-07,9,825618866
782,-2.17841643514849,0.343157642077558,0.113220681045838,0.0577869068159522,0.221830918503925,0.886779318954162,0.778169081496075,0.942213093184048,69,2.17918523533624e-10,10,692544707
257,-1.45522570125599,0.27145581660281,0.233347691090253,0.137069206304965,0.397252938169088,0.766652308909747,0.602747061830912,0.862930793695035,79,8.28451517173343e-08,10,457133683
532,-1.8616957361818,0.338838754804096,0.155408874349681,0.0799936924201953,0.301922782858534,0.844591125650319,0.698077217141466,0.920006307579805,60,3.92171591666048e-08,9,945984009
957,-1.70531819214694,0.341541310615759,0.181714556830465,0.0930398986409103,0.354903440851052,0.818285443169535,0.645096559148948,0.90696010135909,49,5.94463683505593e-07,8,81631803
382,-1.40399355485215,0.299214780534314,0.245614129248089,0.136634780533732,0.441514966033144,0.754385870751911,0.558485033966856,0.863365219466268,61,2.70203387575852e-06,10,888638474
458,-1.71346492239971,0.296251078839925,0.180240191137131,0.100851477188484,0.322122465697102,0.819759808862869,0.677877534302898,0.899148522811516,73,7.30201349147744e-09,11,241636351
658,-2.01148635514896,0.36408941447043,0.133789667846355,0.0655404024855344,0.273109021971426,0.866210332153645,0.726890978028574,0.934459597514466,59,3.30040984688187e-08,10,680984001
308,-1.49082085009161,0.364758991123698,0.225187734281193,0.110169483953795,0.460286404645088,0.774812265718807,0.539713595354912,0.889830516046205,45,4.36724699820764e-05,9,38935074
333,-1.51720572985727,0.31154937796948,0.219323881688894,0.119095297136078,0.403903145093309,0.780676118311106,0.596096854906691,0.880904702863922,62,1.11670313887516e-06,9,877198833
83,-1.76481170920329,0.323177688895322,0.171219022416124,0.0908788171103724,0.32258291392073,0.828780977583876,0.67741708607927,0.909121182889628,65,4.73969120222447e-08,10,300627434
633,-2.45718342217692,0.388032797563257,0.0856759243563775,0.0400465108056237,0.183295969278025,0.914324075643623,0.816704030721975,0.959953489194376,70,2.41358440698855e-10,10,306473950
733,-1.20795920836978,0.304314586247394,0.298806459335102,0.164572374760583,0.542529086490187,0.701193540664898,0.457470913509813,0.835427625239417,58,7.20410315798569e-05,9,378606532
108,-1.17430093788298,0.28901513978861,0.309034938813364,0.175387020211762,0.544524864451601,0.690965061186636,0.455475135548399,0.824612979788238,60,4.84227411884501e-05,9,65704943
508,-1.17891599003993,0.267926428850227,0.307612012417725,0.181946581888686,0.520071051631922,0.692387987582275,0.479928948368078,0.818053418111314,73,1.08176979462558e-05,11,542316315
433,-1.56616940882562,0.276456793087712,0.208843646715342,0.121478891165458,0.359039075471611,0.791156353284658,0.640960924528389,0.878521108834542,75,1.46895332665902e-08,11,838046796
208,-1.63039751179006,0.291928444604012,0.195851705289088,0.110519119120451,0.347070179077694,0.804148294710912,0.652929820922306,0.889480880879549,74,2.33805498627195e-08,10,619993696
608,-1.49399767596335,0.332317086410411,0.224473487180958,0.117029739025781,0.430560188090988,0.775526512819042,0.569439811909012,0.882970260974219,55,6.93416900099464e-06,10,159992102
908,-1.44663477357875,0.32596558667834,0.235360999940913,0.12424304596406,0.445858356605411,0.764639000059087,0.554141643394589,0.87575695403594,54,9.07992662985747e-06,10,83144357
883,-1.43585887941614,0.303509867226958,0.237910939430467,0.131240037108866,0.431283138496338,0.762089060569533,0.568716861503662,0.868759962891134,60,2.23584502318768e-06,10,143124040
8,-2.43671344779464,0.432890208983987,0.0874477813974098,0.0374344952536797,0.204279887293993,0.91255221860259,0.795720112706008,0.96256550474632,61,1.81319396829262e-08,11,490981431
183,-1.49436783010202,0.287063219240623,0.224390412766773,0.12783672680921,0.39387004500506,0.775609587233227,0.60612995499494,0.87216327319079,68,1.93256403671328e-07,11,17330854
833,-1.8767717632107,0.332810974243631,0.153083498716131,0.0797331945325406,0.293912186970104,0.846916501283869,0.706087813029896,0.920266805467459,66,1.70889364817185e-08,11,489263445
758,-1.78540171702595,0.324249208180831,0.167729667601322,0.0888399815994525,0.316673201492687,0.832270332398678,0.683326798507313,0.911160018400548,62,3.66528913464556e-08,7,97752409
233,-1.9521952564673,0.364972721589219,0.141962086080126,0.0694235837213652,0.290293770559399,0.858037913919874,0.709706229440601,0.930576416278635,58,8.85002408033164e-08,10,230805251
858,-2.33483309714183,0.436636567618328,0.0968266418211736,0.0411461447487209,0.227856063396007,0.903173358178826,0.772143936603993,0.958853855251279,56,8.92687709802903e-08,11,314629324
708,-1.93561267707807,0.324971887099606,0.144335810485482,0.0763409435593558,0.272891913790707,0.855664189514518,0.727108086209293,0.923659056440644,65,2.58096893631892e-09,9,511218660
33,-1.88523154318176,0.321789068267748,0.151793908515562,0.0807880251841079,0.285207994748251,0.848206091484438,0.714792005251749,0.919211974815892,65,4.6680202804098e-09,8,751611179
133,-2.36973177281766,0.433622451372675,0.0935058037129459,0.0399703975381144,0.218745268161684,0.906494196287054,0.781254731838316,0.960029602461886,59,4.62996626037465e-08,9,531662129
283,-1.56740094770842,0.315869850761066,0.208586605954319,0.112309763588265,0.38739616925067,0.791413394045681,0.61260383074933,0.887690236411735,60,6.97087459907805e-07,11,313384255
558,-1.67738568730951,0.308032300861366,0.18686185334419,0.102169926775401,0.341757631988753,0.81313814665581,0.658242368011247,0.897830073224599,65,5.1664027659709e-08,10,980516790
58,-1.78851817210088,0.298564369870792,0.167207759301804,0.093136084226483,0.300189072827478,0.832792240698196,0.699810927172522,0.906863915773517,80,2.09333439675668e-09,10,662024522
583,-1.47021959851587,0.277919600177024,0.229874999434916,0.133329468733562,0.39633035267545,0.770125000565083,0.60366964732455,0.866670531266438,75,1.22256424471509e-07,10,151173930
933,-2.06237010089582,0.335128468756087,0.127152248822529,0.0659268272613608,0.245236955155313,0.872847751177471,0.754763044844687,0.934073172738639,70,7.55676134476708e-10,9,987850248
483,-1.61507587572827,0.302335857941806,0.19887558003886,0.10995948837445,0.359691527493348,0.80112441996114,0.640308472506652,0.89004051162555,69,9.19304760818565e-08,10,397119123
258,-1.3345029004814,0.283010882315562,0.263289023777988,0.151193616196174,0.458492307982246,0.736710976222012,0.541507692017754,0.848806383803826,69,2.41264045000614e-06,11,801959419
408,-2.03971160751598,0.362223788943998,0.130066215589128,0.0639497801893548,0.264539149119602,0.869933784410872,0.735460850880398,0.936050219810645,64,1.79083269830836e-08,11,399134952
533,-1.40877871288353,0.275166405893536,0.244441634348876,0.14254536797477,0.419176809826087,0.755558365651124,0.580823190173912,0.85745463202523,72,3.05967446976107e-07,8,365162346
158,-1.09803138563738,0.267905920440704,0.333527023929189,0.197282741938786,0.56386217363898,0.666472976070811,0.43613782636102,0.802717258061214,68,4.1570906269578e-05,9,742907051
358,-1.63606026389577,0.325713642546486,0.194745779878566,0.102853742812815,0.368736399311522,0.805254220121434,0.631263600688478,0.897146257187185,60,5.08700261376366e-07,9,235182965
808,-1.64499004611112,0.328364152676144,0.193014484028926,0.10141117780163,0.367361782522889,0.806985515971074,0.632638217477111,0.89858882219837,60,5.45286214841678e-07,10,766883046
783,-1.50213618996552,0.289823459716074,0.222654020482768,0.126163104008621,0.392942241130605,0.777345979517232,0.607057758869395,0.873836895991379,67,2.184210267631e-07,10,897038622
683,-2.61151057797781,0.47254857919675,0.0734235479556576,0.0290804609846935,0.185382803843251,0.926576452044342,0.814617196156749,0.970919539015306,54,3.26797068801326e-08,9,190691997
983,-1.66204722618349,0.355477147017026,0.18975012078026,0.0945364663454904,0.380859468604845,0.81024987921974,0.619140531395155,0.90546353365451,53,2.93182704769881e-06,7,253247758
958,-1.57443886158609,0.289411041721832,0.207123745167917,0.117458044166175,0.365238891188164,0.792876254832083,0.634761108811836,0.882541955833825,70,5.32363662724238e-08,10,202010405
383,-2.11074789399721,0.348284519185676,0.121147327184552,0.0612143886783701,0.239758579654769,0.878852672815448,0.760241420345231,0.93878561132163,71,1.35772798167472e-09,11,843336869
659,-1.82375676229057,0.309361232463098,0.161418200628254,0.0880285895398992,0.295992877203301,0.838581799371746,0.704007122796699,0.911971410460101,67,3.74151467115299e-09,11,752123528
459,-1.21418056258418,0.281330780066588,0.296953249225699,0.171087739212572,0.515415263721131,0.703046750774301,0.484584736278869,0.828912260787428,62,1.58992182267376e-05,9,341895313
334,-1.73373218755314,0.29994523062498,0.176623984484112,0.0981150963478185,0.317953434856281,0.823376015515888,0.682046565143719,0.901884903652181,75,7.46284868749642e-09,9,629032992
84,-1.33020277707502,0.266587943802566,0.26442363681146,0.156812328951348,0.445882413533262,0.73557636318854,0.554117586466738,0.843187671048652,71,6.04626684719562e-07,10,769295502
309,-1.48540569263077,0.334355262014475,0.226410468983099,0.117568990534428,0.43601378418007,0.773589531016901,0.56398621581993,0.882431009465572,51,8.88795321412064e-06,8,347842528
734,-1.73069755664657,0.277423418447903,0.177160787173335,0.102854751534018,0.305148221582115,0.822839212826665,0.694851778417884,0.897145248465982,82,4.41872529090113e-10,9,604411009
109,-1.66582149858387,0.291176531299669,0.189035301945487,0.106829944443054,0.334497462934373,0.810964698054513,0.665502537065627,0.893170055556946,76,1.0589769212782e-08,10,401565420
634,-2.00456041534359,0.328619902320684,0.134719503307747,0.0707471102019431,0.256538316825663,0.865280496692253,0.743461683174337,0.929252889798057,75,1.06110855885661e-09,10,492042306
209,-1.51772975178157,0.305847524673037,0.219208981274163,0.120370609277052,0.399205235894883,0.780791018725837,0.600794764105117,0.879629390722948,66,6.96368024124723e-07,11,944778854
909,-1.40955781107403,0.296296162915245,0.244251264481911,0.136656114877594,0.436560634366417,0.755748735518089,0.563439365633583,0.863343885122406,68,1.96238589841997e-06,9,373903505
509,-1.9046608127909,0.314213529219316,0.148873129920782,0.0804187425624719,0.275597554826139,0.851126870079218,0.724402445173861,0.919581257437528,73,1.34709826935959e-09,11,438890043
609,-1.4986732128533,0.338112158482703,0.223426402859009,0.115168285717308,0.433447082967337,0.776573597140991,0.566552917032663,0.884831714282692,50,9.31581164190038e-06,9,509726668
434,-2.18473917284199,0.304178222018187,0.112507074728207,0.0619816111131598,0.204219310156182,0.887492925271793,0.795780689843818,0.93801838888684,96,6.84824924261594e-13,11,377519786
9,-1.61992874529244,0.301830949642744,0.197912800799945,0.109535504966598,0.357596166945349,0.802087199200055,0.642403833054651,0.890464495033402,68,8.00540601425178e-08,9,668820301
184,-1.49079299326671,0.321574682215177,0.225194007383848,0.119903528493134,0.422942857469793,0.774805992616152,0.577057142530207,0.880096471506866,54,3.55361447089987e-06,9,794456169
284,-1.15362531837029,0.262953553327038,0.315490938538077,0.188434500016442,0.528218199379369,0.684509061461923,0.471781800620631,0.811565499983558,70,1.14828254680642e-05,7,891367842
884,-1.81532997558436,0.310185695423211,0.162784184720458,0.0886301871068549,0.298980422586229,0.837215815279542,0.701019577413771,0.911369812893145,71,4.84536987784604e-09,11,158549091
859,-1.91461245699477,0.416420650126362,0.147398944948792,0.0651683124431784,0.33338977422441,0.852601055051208,0.66661022577559,0.934831687556822,44,4.27007095053718e-06,8,353552520
759,-1.86811951289098,0.311506996927014,0.154413762053761,0.0838553483678004,0.284342148422236,0.845586237946239,0.715657851577765,0.9161446516322,77,2.0094819688853e-09,11,491043790
709,-1.72161524231784,0.315855532001919,0.178777146158459,0.0962620894179627,0.332023418375946,0.821222853841541,0.667976581624054,0.903737910582037,62,5.0188477023984e-08,9,353407974
134,-1.77948004441425,0.334786069576971,0.168725854415172,0.0875409422776258,0.325201136833159,0.831274145584828,0.674798863166841,0.912459057722374,63,1.0649633609527e-07,10,831498170
559,-1.91183888595187,0.317807765976688,0.147808333866437,0.0792830703904867,0.27556076540388,0.852191666133563,0.72443923459612,0.920716929609513,73,1.79101587719639e-09,10,226359992
834,-1.65165315574935,0.303648104939897,0.191732682494499,0.10573783475981,0.347665730247286,0.808267317505501,0.652334269752714,0.89426216524019,68,5.34705303052403e-08,9,251064752
934,-1.73061621184427,0.304808586515172,0.177175198868692,0.0974876024333824,0.322000442216348,0.822824801131308,0.677999557783652,0.902512397566618,68,1.36506087327309e-08,10,628096380
59,-1.57397321444019,0.31845115815181,0.207220214207226,0.111010996472946,0.386810483108789,0.792779785792775,0.613189516891211,0.888989003527054,59,7.70918643010713e-07,10,952427130
584,-2.07676389627707,0.355743236931112,0.125335154187131,0.0624113687680649,0.251699348775537,0.874664845812869,0.748300651224463,0.937588631231935,65,5.28892193026714e-09,10,495967172
234,-1.29622205067228,0.261233963083382,0.273563351699526,0.163943862783864,0.456478858813641,0.726436648300474,0.543521141186359,0.836056137216136,79,6.97997117749647e-07,10,507629029
34,-1.77081913549537,0.310544990256086,0.170193520157897,0.0925990745003468,0.312809112402393,0.829806479842103,0.687190887597607,0.907400925499653,73,1.18205049498687e-08,11,130243797
259,-1.60246962952311,0.298019694849443,0.201398523577168,0.112300440118724,0.36118616504247,0.798601476422832,0.63881383495753,0.887699559881276,69,7.57121612734597e-08,9,307539885
359,-1.94949861430353,0.325859079672206,0.142345423656945,0.0751574017592355,0.269597127651973,0.857654576343055,0.730402872348027,0.924842598240765,67,2.19545315465295e-09,10,223453644
484,-1.96772247526396,0.348243882490352,0.139774834619083,0.0706322851138063,0.276601618669323,0.860225165380917,0.723398381330677,0.929367714886194,62,1.60060891102963e-08,10,175472082
534,-1.67605454075871,0.307831753991737,0.187110759484265,0.10234624126471,0.342078379060614,0.812889240515735,0.657921620939386,0.89765375873529,64,5.18899378293999e-08,10,803388936
809,-2.1392560786997,0.346563840362955,0.117742401529868,0.0596948979234166,0.232235477407233,0.882257598470132,0.767764522592767,0.940305102076583,67,6.71072242350852e-10,9,971429690
409,-1.92536638214937,0.351287481279231,0.145822320372573,0.073249988090174,0.290295598310055,0.854177679627427,0.709704401689945,0.926750011909826,61,4.23202860925708e-08,11,365684553
784,-1.89813628582898,0.306617289948476,0.149847632297369,0.0821593083961806,0.273302116868494,0.850152367702631,0.726697883131506,0.917840691603819,78,5.99464313481885e-10,9,934537296
684,-2.43183430191783,0.432678024644322,0.0878754944681709,0.037633237344822,0.20519368177843,0.912124505531829,0.79480631822157,0.962366762655178,56,1.9048848884885e-08,9,879807701
159,-2.66823373682175,0.469294695730683,0.0693746510511342,0.0276526299835998,0.174046454580307,0.930625348948866,0.825953545419693,0.9723473700164,60,1.30334976542164e-08,11,947597813
984,-1.36577419782684,0.27646349613211,0.255183037339289,0.148431353548197,0.438710427339466,0.744816962660711,0.561289572660534,0.851568646451803,72,7.8058068164142e-07,10,99893932
959,-2.12309681393734,0.381386528525211,0.119660487864736,0.0566648792335111,0.252689718035411,0.880339512135264,0.747310281964589,0.943335120766489,61,2.59482197147372e-08,10,538474290
384,-1.9951454499621,0.319050203619841,0.135993872424667,0.0727684819103612,0.254153073577081,0.864006127575333,0.745846926422919,0.927231518089639,75,4.01636702055852e-10,11,737294731
660,-2.06146074967917,0.318358995324275,0.12726792746298,0.068191666432612,0.237523530484896,0.87273207253702,0.762476469515104,0.931808333567388,80,9.46419634015007e-11,11,798491813
460,-1.45906896334974,0.272911012793518,0.232452595898894,0.136154539378346,0.396859403930591,0.767547404101106,0.603140596069409,0.863845460621654,74,8.9761625395652e-08,9,111504119
85,-1.12103026587539,0.267073088813742,0.325943812789839,0.19311220205734,0.550143222251864,0.674056187210161,0.449856777748136,0.80688779794266,66,2.6991791446729e-05,10,187854563
310,-2.32398109508766,0.388657581039842,0.0978831268578665,0.0456963909775997,0.209668779492233,0.902116873142133,0.790331220507767,0.9543036090224,66,2.23812641587674e-09,10,721199054
735,-1.54742896061589,0.339212754586558,0.21279437383363,0.109451500822739,0.41371242235026,0.78720562616637,0.58628757764974,0.890548499177261,54,5.07110937665758e-06,11,10985053
335,-1.49415224560736,0.261788098722108,0.224438793075351,0.134357987779802,0.37491460440503,0.775561206924649,0.62508539559497,0.865642012220198,79,1.1465618101236e-08,8,521956993
635,-1.95641387274357,0.366189079682194,0.141364463968669,0.0689667151120576,0.289761686353758,0.858635536031331,0.710238313646242,0.931033284887942,58,9.16060960954313e-08,10,42727826
110,-2.18433847798832,0.326556992047666,0.112552164767122,0.059345533286785,0.213461554596666,0.887447835232878,0.786538445403334,0.940654466713215,76,2.24706570786586e-11,11,257512729
210,-1.27273551752845,0.273800808127027,0.280064451736407,0.163756413242273,0.478980307234566,0.719935548263593,0.521019692765434,0.836243586757727,65,3.34520670742421e-06,9,15861712
910,-1.20479889047246,0.275360499067011,0.29975227649061,0.17473311061001,0.514220956449658,0.70024772350939,0.485779043550342,0.82526688938999,66,1.21237121192673e-05,10,770755959
510,-2.09923184223794,0.334347188819322,0.12255053024682,0.0636382680518371,0.236000018912255,0.87744946975318,0.763999981087744,0.936361731948163,75,3.41638009261574e-10,8,842788430
610,-1.72495971130399,0.336230093837312,0.178180230277423,0.0921849323100668,0.34439678661291,0.821819769722577,0.65560321338709,0.907815067689933,59,2.89287805853961e-07,7,658283753
185,-1.8436083441176,0.334048019226716,0.158245390852344,0.0822221596685033,0.3045602770223,0.841754609147656,0.6954397229777,0.917777840331497,66,3.4094972336135e-08,7,52794760
10,-1.92219014503539,0.336245734342036,0.146286222980922,0.0756816407554562,0.282758920398821,0.853713777019077,0.717241079601179,0.924318359244544,65,1.08661736329984e-08,8,126345567
710,-1.59510378777112,0.314034597724588,0.202887470171447,0.109634816160988,0.375458517594677,0.797112529828554,0.624541482405323,0.890365183839012,64,3.7865127510525e-07,10,364859537
435,-1.42713652218276,0.272468564856333,0.239995160078575,0.140694402874163,0.409381437246343,0.760004839921425,0.590618562753657,0.859305597125837,71,1.62499844704163e-07,11,486949784
860,-1.54410895378033,0.263681980260948,0.213502026665441,0.127337257880957,0.357971548538171,0.786497973334559,0.642028451461829,0.872662742119043,82,4.7428591350799e-09,9,340108118
885,-1.62151908881267,0.291544969049833,0.197598301606786,0.111588561699016,0.349902249866803,0.802401698393214,0.650097750133197,0.888411438300984,76,2.66983727042938e-08,11,204939307
760,-1.72616388747752,0.32908067519449,0.177965799021945,0.0933732703993623,0.339195847870137,0.822034200978055,0.660804152129863,0.906626729600638,59,1.55933050831443e-07,10,463742175
835,-2.5689712158875,0.437521349053785,0.0766143244934643,0.032500581337449,0.180604606934411,0.923385675506536,0.819395393065589,0.967499418662551,59,4.31484968261204e-09,10,660903646
560,-1.88011887511907,0.31969424872596,0.152571967667998,0.0815362078996122,0.285495314507939,0.847428032332002,0.71450468549206,0.918463792100388,68,4.07818302379328e-09,10,826399883
285,-1.81886889987093,0.344478641884053,0.162209121967624,0.0825761293280576,0.318636868349402,0.837790878032376,0.681363131650598,0.917423870671942,56,1.29139539810538e-07,10,167256526
60,-1.50051304952034,0.282463689994231,0.223015712687911,0.128204105753594,0.387943957124809,0.776984287312089,0.612056042875191,0.871795894246406,75,1.08289780559025e-07,10,318054365
360,-1.30474235165388,0.260204750366584,0.271242411202119,0.162881181640271,0.451693958097793,0.728757588797881,0.548306041902207,0.837118818359729,75,5.32293611329291e-07,10,499159620
585,-1.47312330980538,0.298155061410043,0.229208476966607,0.127773451676703,0.411169340922879,0.770791523033393,0.588830659077121,0.872226548323297,67,7.78043127835708e-07,8,303162652
135,-1.06811002070777,0.269588798912769,0.34365740941675,0.202605537124617,0.582908131352756,0.65634259058325,0.417091868647244,0.797394462875384,63,7.4325465094414e-05,8,985849794
935,-1.81416135016982,0.313589865441897,0.162974529655108,0.0881437572428627,0.301333845380803,0.837025470344892,0.698666154619197,0.911856242757137,67,7.24518593626054e-09,10,474169019
485,-0.988278283654978,0.303753785498335,0.372216991734338,0.205229838718365,0.67507478347671,0.627783008265662,0.32492521652329,0.794770161281635,51,0.00113972461590393,8,632319534
235,-1.95896136610119,0.345991727349555,0.141004797254498,0.0715690407234095,0.277806613695171,0.858995202745502,0.722193386304829,0.928430959276591,58,1.49729254385955e-08,9,397086742
535,-2.05350698662957,0.363758318919319,0.128284222729942,0.0628842093326697,0.261700703182345,0.871715777270058,0.738299296817655,0.93711579066733,60,1.64940503290614e-08,10,729250731
810,-2.36103148583007,0.377424499656641,0.0943228802865502,0.0450145318185957,0.197642969639319,0.90567711971345,0.802357030360681,0.954985468181404,68,3.9589110691355e-10,9,689701678
785,-1.86391798555101,0.288920186055079,0.155063900527586,0.0880200064231382,0.273174409136469,0.844936099472414,0.726825590863531,0.911979993576862,85,1.10876518887167e-10,10,359961930
35,-1.62640544502709,0.294000772619968,0.196635121055852,0.110511424880068,0.349876683561097,0.803364878944148,0.650123316438903,0.889488575119932,78,3.16641843909272e-08,10,21434389
410,-1.97421188290453,0.321639449836825,0.138870715510954,0.073931697365132,0.260849896780804,0.861129284489046,0.739150103219196,0.926068302634868,72,8.35849488629901e-10,10,774939161
685,-1.15304291187128,0.288080398906895,0.315674736028293,0.179483837232536,0.555206198524867,0.684325263971707,0.444793801475133,0.820516162767464,60,6.26756419870221e-05,10,409750676
160,-1.42546597199782,0.279535724460339,0.240396419105982,0.138991023880983,0.4157853989799,0.759603580894018,0.5842146010201,0.861008976119017,72,3.40722172406891e-07,11,520516835
260,-2.45770403003029,0.362311318865679,0.08563133240578,0.0420952165369962,0.174193784777059,0.91436866759422,0.825806215222941,0.957904783463004,77,1.17376844680355e-11,10,652388767
960,-2.14398667813769,0.334559629399893,0.117186724769718,0.0608276087106333,0.225764726796716,0.882813275230282,0.774235273203284,0.939172391289367,73,1.4706981794342e-10,10,286325221
985,-2.06676761237104,0.321882199096066,0.126594322990958,0.0673639594822131,0.237903513046475,0.873405677009042,0.762096486953525,0.932636040517787,74,1.35487040170559e-10,11,760097140
385,-1.65893171002366,0.295328409828094,0.190342212204155,0.106696731164995,0.339562021733781,0.809657787795846,0.660437978266219,0.893303268835005,75,1.94027443549094e-08,10,175369369
661,-1.91877254138539,0.346770662464734,0.146787026597211,0.0743902383509649,0.289640571866389,0.853212973402789,0.710359428133611,0.925609761649035,67,3.14331407936768e-08,9,256987334
461,-1.66015324998104,0.29482759448271,0.19010984353907,0.106671131297778,0.338814749321051,0.80989015646093,0.661185250678949,0.893328868702222,68,1.79241514851396e-08,10,96953105
86,-1.58443681496401,0.308371067326876,0.205063249155544,0.112047431612203,0.375295850598052,0.794936750844456,0.624704149401948,0.887952568387797,67,2.77552056744542e-07,9,813722167
736,-1.80257137104528,0.311014901269033,0.164874389452415,0.0896224550333842,0.303311980096737,0.835125610547585,0.696688019903263,0.910377544966616,71,6.80077167500548e-09,10,568990873
311,-2.40897844097627,0.404455274374505,0.0899070930776997,0.0406931212404987,0.198640092951078,0.9100929069223,0.801359907048922,0.959306878759501,63,2.58318996426754e-09,6,646736768
336,-1.82849253173777,0.31926264777294,0.1606555684958,0.0859288351988499,0.300367293807494,0.8393444315042,0.699632706192506,0.91407116480115,69,1.0208011270867e-08,11,506732502
211,-2.34660115902292,0.376378321819608,0.0956938583146641,0.0457625542828145,0.200104969284591,0.904306141685336,0.799895030715409,0.954237445717185,72,4.52681293069378e-10,8,763746781
511,-1.36139610276778,0.293604724823077,0.256302702145247,0.144157217163706,0.455690505265206,0.743697297854753,0.544309494734794,0.855842782836294,64,3.53787872856196e-06,9,568094391
111,-1.78932820988831,0.372391582465686,0.167072369541233,0.0805238150107062,0.346644985218486,0.832927630458767,0.653355014781514,0.919476184989294,53,1.54779222849768e-06,10,67258682
636,-1.37967699852503,0.282880645431165,0.251659826428468,0.144552447978769,0.438129337299832,0.748340173571532,0.561870662700168,0.855447552021231,70,1.07580126329083e-06,11,731374783
911,-1.94078693194562,0.328105412838555,0.143590909032432,0.0754819499936201,0.273156021519089,0.856409090967568,0.726843978480911,0.92451805000638,68,3.31608886452887e-09,9,330757209
611,-1.96075214527255,0.367271397798865,0.140752514759053,0.0685226550655096,0.289120005523096,0.859247485240947,0.710879994476904,0.93147734493449,57,9.36149298987639e-08,10,971140211
186,-2.12794809039691,0.375613177616124,0.11908138758036,0.0570323635529915,0.248637369813512,0.88091861241964,0.751362630186488,0.942967636447009,60,1.4679771026048e-08,10,789062798
11,-1.69247591809169,0.293229292011965,0.184063233866849,0.103602401425009,0.327012439823079,0.815936766133151,0.672987560176921,0.896397598574991,74,7.84052176689486e-09,10,366390068
436,-1.98512588513641,0.328491648764559,0.1373633210281,0.0721536298008858,0.261507037358184,0.8626366789719,0.738492962641816,0.927846370199114,66,1.51129520714063e-09,10,683844264
761,-1.7924290208667,0.329013642836526,0.16655511207684,0.0873979098602888,0.317405821297945,0.83344488792316,0.682594178702055,0.912602090139711,59,5.09718332680413e-08,6,744843331
836,-2.30848300908552,0.389475435622319,0.0994119442472415,0.0463357797400571,0.213285170001641,0.900588055752758,0.786714829998359,0.953664220259943,62,3.08219664012378e-09,10,306662262
136,-1.36690180613458,0.314816246903219,0.254895452998109,0.13752764716274,0.472426405159311,0.745104547001891,0.527573594840689,0.86247235283726,57,1.41253490271756e-05,9,92668144
286,-1.73484479476438,0.306067851867113,0.176427580645722,0.0968369385159814,0.321434069369777,0.823572419354278,0.678565930630223,0.903163061484019,70,1.4433023542583e-08,10,517962750
561,-1.40188228941541,0.272163774265867,0.246133233660724,0.144379001095717,0.419600968648632,0.753866766339276,0.580399031351368,0.855620998904283,74,2.59270357882894e-07,10,185236918
711,-1.38573633888482,0.321821110911269,0.25013954448961,0.13312135465913,0.470020695610298,0.74986045551039,0.529979304389702,0.86687864534087,57,1.66292261533857e-05,9,225651002
61,-1.45165990847491,0.291172991098089,0.234181245861206,0.132344291339684,0.414380215103864,0.765818754138794,0.585619784896136,0.867655708660316,70,6.17831607662484e-07,11,138011002
886,-1.96579385304141,0.34879632487705,0.140044667590575,0.0706920550630257,0.277435829289006,0.859955332409425,0.722564170710994,0.929307944936974,63,1.74109779144573e-08,11,173099486
361,-1.52567850355872,0.278925675698017,0.217473450285154,0.125887984128697,0.375688767329687,0.782526549714846,0.624311232670313,0.874112015871302,76,4.50444895607241e-08,11,944734917
486,-2.56549191514115,0.446478961037801,0.0768813530367841,0.0320462662958789,0.184444028212009,0.923118646963216,0.815555971787991,0.967953733704121,60,9.13505125978568e-09,10,937871220
861,-1.87325273685215,0.297589992163721,0.153623152554311,0.085732919382437,0.275274342349758,0.846376847445689,0.724725657650243,0.914267080617563,82,3.07908126260869e-10,10,576862199
236,-1.82795024892131,0.321919328065662,0.160742712876279,0.0855289351181104,0.302099163366698,0.839257287123721,0.697900836633302,0.91447106488189,66,1.36050521898338e-08,8,268239349
536,-1.46270762064772,0.281764533818527,0.231608317515751,0.133326275052098,0.402339394253053,0.768391682484249,0.597660605746947,0.866673724947902,71,2.08896942719695e-07,8,368546154
811,-1.705960972924,0.289843254444162,0.181597791737623,0.102895299979614,0.320498195452218,0.818402208262377,0.679501804547782,0.897104700020386,81,3.96120342398366e-09,10,1056573
786,-1.63560793684264,0.283286766144723,0.194833888588762,0.111822800857768,0.339467835284339,0.805166111411238,0.660532164715661,0.888177199142232,77,7.75573666310598e-09,9,709467149
686,-1.72305960176125,0.323663486509881,0.178519114089525,0.0946633487582792,0.336656948157261,0.821480885910476,0.663343051842739,0.905336651241721,63,1.01725419754733e-07,10,885421096
36,-1.93733401401185,0.353643666279019,0.14408757363495,0.0720451074852991,0.288169864695441,0.85591242636505,0.711830135304559,0.927954892514701,58,4.29651790303653e-08,8,577188858
586,-1.29717670140678,0.287097963756736,0.273302318862315,0.155691565918556,0.479757249885916,0.726697681137685,0.520242750114084,0.844308434081444,65,6.23566044560326e-06,10,179567233
936,-1.97995161235855,0.346673030460742,0.138075918317281,0.0699889248084216,0.272399658536638,0.861924081682719,0.727600341463362,0.930011075191578,63,1.12120331801784e-08,9,915158013
161,-1.75594075406169,0.36289244015712,0.172744655590276,0.0848222942342604,0.351802746016154,0.827255344409724,0.648197253983847,0.91517770576574,52,1.30667402509465e-06,10,258698985
261,-1.54812399956034,0.288633281773014,0.212646524843012,0.120773928968017,0.374406504070794,0.787353475156988,0.625593495929206,0.879226071031983,71,8.1562971243471e-08,9,614288051
411,-1.45351803379289,0.307933826347351,0.233746511779558,0.127829588355709,0.427423982756421,0.766253488220442,0.572576017243579,0.872170411644291,61,2.35579815185021e-06,9,211297184
961,-1.67995468153299,0.316424744430694,0.186382422413681,0.100245231056626,0.346534264210225,0.813617577586319,0.653465735789775,0.899754768943374,65,1.10121912642327e-07,10,844741389
986,-1.26104008852775,0.257872119641169,0.283359154573994,0.170937009533905,0.469719288408185,0.716640845426006,0.530280711591815,0.829062990466095,75,1.00745782658204e-06,9,703444281
386,-1.55891989064479,0.273167713823673,0.210363163757455,0.123154111177344,0.359327514469421,0.789636836242545,0.640672485530579,0.876845888822656,78,1.15104124264422e-08,9,313982601
662,-1.43848736741063,0.304634867947265,0.237286414520099,0.130607225660213,0.431100517074656,0.762713585479901,0.568899482925344,0.869392774339787,62,2.335309482562e-06,11,640065697
462,-1.85357373824401,0.33663686588037,0.156676244729441,0.0809948366633849,0.303074204156235,0.843323755270559,0.696925795843765,0.919005163336615,63,3.66761980342436e-08,11,288309760
312,-1.57020148589728,0.29075388470119,0.208003268409455,0.117646768849716,0.367756463624459,0.791996731590545,0.632243536375541,0.882353231150284,68,6.6474358880113e-08,9,889815420
87,-1.33026438080495,0.267630226129094,0.264407347830886,0.156482673875368,0.446766685765128,0.735592652169114,0.553233314234872,0.843517326124632,74,6.6769726085644e-07,9,399985926
212,-1.73970127184025,0.293248092253584,0.175572841335642,0.0988198314500028,0.311939639669054,0.824427158664358,0.688060360330946,0.901180168549997,77,2.98313221141214e-09,10,764090884
637,-2.24859015553636,0.406546931242964,0.105547925873314,0.0475769204988857,0.234154807401197,0.894452074126686,0.765845192598803,0.952423079501114,55,3.18503762231639e-08,9,102109494
512,-1.20060436631517,0.28455959539857,0.301012235272014,0.172332259422585,0.525777159117197,0.698987764727986,0.474222840882803,0.827667740577415,66,2.45206936768126e-05,11,36807425
912,-1.63321199201192,0.323202292496482,0.195301259510867,0.103656073557415,0.367972475297396,0.804698740489133,0.632027524702604,0.896343926442585,58,4.3442509528773e-07,10,556588058
337,-1.96062666489457,0.329888738426377,0.140770177545949,0.073740971535362,0.268727716406818,0.859229822454051,0.731272283593182,0.926259028464638,71,2.79346072618206e-09,9,796450616
737,-1.78756463364046,0.308478509804086,0.167367274370969,0.0914309347800465,0.306371192613907,0.832632725629031,0.693628807386093,0.908569065219954,70,6.84114141279554e-09,8,638716828
612,-2.33778291182445,0.354957630769256,0.0965414420215415,0.0481474508412372,0.193577227137768,0.903458557978458,0.806422772862232,0.951852549158763,64,4.5156008369591e-11,9,808301137
112,-2.3277480561858,0.361157738112238,0.0975150985362068,0.0480456241868781,0.197920093732974,0.902484901463793,0.802079906267027,0.951954375813122,68,1.15418142260286e-10,11,634885978
187,-1.81963188192032,0.329868643011164,0.16208540652165,0.0849100734573342,0.309405915429924,0.83791459347835,0.690594084570076,0.915089926542666,66,3.46345479540493e-08,9,356500539
12,-1.73678286644281,0.354100717412708,0.176085982476171,0.0879657698219952,0.35248112177432,0.823914017523829,0.64751887822568,0.912034230178005,56,9.3536485402529e-07,11,612825681
837,-1.55239354151163,0.304194009320465,0.211740556994507,0.116647018046755,0.384356704758397,0.788259443005493,0.615643295241603,0.883352981953245,66,3.33779766561583e-07,9,116705018
137,-1.66751903912489,0.301805130954702,0.188714679068909,0.104450058996934,0.34095940622807,0.811285320931091,0.65904059377193,0.895549941003066,70,3.29201620960165e-08,9,702493243
762,-1.74904363709435,0.315584995817337,0.173940213898701,0.0937073301360082,0.322869064428718,0.826059786101299,0.677130935571282,0.906292669863992,67,2.98649052846894e-08,9,141881067
712,-1.56340874078462,0.337766653367966,0.209420991258033,0.108022124477553,0.40600156487952,0.790579008741967,0.59399843512048,0.891977875522447,51,3.68030280283826e-06,9,55678803
437,-2.62272285200579,0.469180523141518,0.0726049010389911,0.0289466794908918,0.182109718544415,0.927395098961009,0.817890281455585,0.971053320509108,57,2.27059223081446e-08,8,852778079
887,-1.4686533903529,0.313208438853183,0.230235313625354,0.124614457238382,0.42537840965565,0.769764686374646,0.57462159034435,0.875385542761618,61,2.74461934665988e-06,11,939720914
562,-1.40910903888606,0.321308055326987,0.244360902255639,0.130176864726442,0.458700942572794,0.755639097744361,0.541299057427206,0.869823135273558,52,1.15698873597712e-05,7,484527160
487,-2.13475360031754,0.373827213644564,0.118273729395932,0.0568441779078258,0.2460880881751,0.881726270604068,0.7539119118249,0.943155822092174,55,1.1262119543801e-08,8,357467855
362,-1.13904726034676,0.296407106011047,0.320123871278275,0.179067130469812,0.572295388289958,0.679876128721725,0.427704611710042,0.820932869530188,57,0.000121615118492251,9,848694599
62,-1.43243707879841,0.301521760243135,0.238726417636207,0.132204029799596,0.431078406337587,0.761273582363793,0.568921593662413,0.867795970200404,61,2.02721492766629e-06,9,395180449
237,-2.11844483301547,0.393935327110299,0.1202184429634,0.0555459936844314,0.260189314654298,0.8797815570366,0.739810685345702,0.944454006315569,57,7.54659080565146e-08,11,313486985
862,-1.47041567640535,0.296310546325056,0.229829930448844,0.128583899225345,0.410796353574173,0.770170069551156,0.589203646425827,0.871416100774655,65,6.96223083358025e-07,10,83997979
287,-1.8121821826012,0.301590199419295,0.163297402963509,0.0904201524086816,0.294912595303991,0.836702597036491,0.705087404696009,0.909579847591318,74,1.86951233838157e-09,10,363277411
537,-1.40691132269355,0.294274197862248,0.24489852872615,0.137562330469797,0.435986284671159,0.75510147127385,0.564013715328841,0.862437669530203,67,1.74465521548563e-06,10,909298842
812,-1.57119118067715,0.30450931444977,0.207797510496075,0.114404087594263,0.377432365192271,0.792202489503925,0.622567634807729,0.885595912405737,65,2.4728309299559e-07,8,994368180
937,-1.69149125920338,0.324508320552831,0.184244562624923,0.0975377418317292,0.348029985309814,0.815755437375077,0.651970014690186,0.902462258168271,62,1.86338457097024e-07,8,160933370
787,-1.60288115066126,0.306820689982879,0.201315660878571,0.110334496201352,0.367319348982346,0.798684339121429,0.632680651017654,0.889665503798648,70,1.74945072575177e-07,10,664040045
162,-1.98942500209742,0.32455923774045,0.136774047630077,0.0723999681926595,0.258386026570262,0.863225952369923,0.741613973429738,0.927600031807341,71,8.80888597239712e-10,11,100867716
687,-1.7978555000031,0.278397797038361,0.16565375205361,0.0959905859279266,0.285873508367195,0.83434624794639,0.714126491632805,0.904009414072073,83,1.06190124839881e-10,10,721178524
37,-1.29098981528452,0.286234273973893,0.274998450662901,0.156923212848506,0.481918171915098,0.725001549337099,0.518081828084902,0.843076787151494,66,6.47494777957205e-06,10,923159204
587,-1.56019543208885,0.301221900089876,0.210095007882103,0.116416673872096,0.379154556378036,0.789904992117897,0.620845443621964,0.883583326127904,63,2.22415698870526e-07,11,976578781
412,-1.27627404585111,0.300330889813703,0.279075187044566,0.154909876464442,0.502763037460924,0.720924812955434,0.497236962539076,0.845090123535558,58,2.14191119737949e-05,8,747798494
962,-1.43436914257937,0.293733290745791,0.238265628251713,0.133978516903263,0.423728452279957,0.761734371748287,0.576271547720043,0.866021483096737,67,1.04358548626799e-06,9,83468374
987,-1.87871806837656,0.32542369936347,0.152785841271846,0.0807387376167637,0.289124080734932,0.847214158728154,0.710875919265068,0.919261262383236,68,7.78056217830062e-09,11,948498551
262,-1.57035815596079,0.314926573434153,0.207970683076823,0.112185346316085,0.385538810902962,0.792029316923177,0.614461189097038,0.887814653683915,64,6.15063454897825e-07,11,619869556
387,-2.05853905405463,0.363123348644069,0.127640309338145,0.0626464828210681,0.260063260286629,0.872359690661855,0.739936739713371,0.937353517178932,60,1.43650009558143e-08,7,209901813
663,-2.56723725277385,0.467765459016741,0.0767472861481019,0.0306831785152171,0.191966615459264,0.923252713851898,0.808033384540736,0.969316821484783,58,4.05819997672793e-08,10,323106465
313,-1.61961534934741,0.284162388906772,0.197974835589403,0.113430677751452,0.34553293962091,0.802025164410597,0.65446706037909,0.886569322248548,73,1.20080443455986e-08,9,49465369
463,-1.35934628292355,0.301881599153399,0.256828615339737,0.142128550618472,0.464093508097408,0.743171384660263,0.535906491902592,0.857871449381528,57,6.70286355165639e-06,9,694003965
913,-1.25603463833388,0.26863452775734,0.284781050354703,0.168208896955819,0.482140053878537,0.715218949645297,0.517859946121463,0.831791103044181,68,2.93057977692513e-06,10,98606076
738,-1.55121864949125,0.298055815797635,0.211989475482849,0.118197619496398,0.380206791870818,0.788010524517151,0.619793208129182,0.881802380503601,67,1.94564764034543e-07,11,823033784
638,-2.03523052887745,0.352354391658839,0.130650360351235,0.0654916617269389,0.260636487299363,0.869349639648765,0.739363512700637,0.934508338273061,65,7.64566804434642e-09,10,203849162
213,-1.79627130053834,0.35144124294235,0.165916388618374,0.0833185988361743,0.330397395019697,0.834083611381626,0.669602604980303,0.916681401163826,55,3.20192072969951e-07,10,8951794
338,-1.84465061311434,0.318855822012412,0.158080542510662,0.0846189924500972,0.295317365486268,0.841919457489338,0.704682634513732,0.915381007549903,68,7.24181197669286e-09,11,612038280
613,-1.65171602012163,0.328734463944283,0.191720629718617,0.10065829359639,0.365164146404934,0.808279370281383,0.634835853595066,0.89934170640361,64,5.04828157613831e-07,11,110977184
88,-1.41931879589631,0.282831353683177,0.241878729572372,0.138947646204099,0.421060172070901,0.758121270427628,0.578939827929099,0.861052353795901,73,5.21439518534276e-07,10,326375174
513,-1.0936304374477,0.264051246387668,0.334998093758061,0.199655605258914,0.562086512302034,0.665001906241939,0.437913487697966,0.800344394741086,72,3.44687614976999e-05,9,847840214
113,-1.74815587499145,0.296248766222542,0.174094699992075,0.0974132746818707,0.311137929243347,0.825905300007925,0.688862070756653,0.902586725318129,78,3.61364754831131e-09,10,980886322
188,-2.21267696035822,0.391258801737108,0.109407376941488,0.0508167059895705,0.235551948834967,0.890592623058512,0.764448051165033,0.949183294010429,56,1.55594994778304e-08,9,17302908
838,-1.88003565080366,0.338226346845707,0.152584665893952,0.0786343140538182,0.296080414080225,0.847415334106048,0.703919585919775,0.921365685946182,65,2.72082212888601e-08,11,750599768
138,-1.40996735645924,0.274578663533974,0.244151252984734,0.142540138121248,0.418196832974233,0.755848747015266,0.581803167025767,0.857459861878752,71,2.82111685143364e-07,9,154630128
438,-1.86101721698389,0.326706062710786,0.155514358036759,0.0819743132838334,0.295027973846471,0.844485641963241,0.704972026153529,0.918025686716167,67,1.22432129166895e-08,9,963932556
713,-1.99236317114123,0.342259748660864,0.136372772153604,0.0697261430527343,0.266722525736056,0.863627227846396,0.733277474263944,0.930273856947266,60,5.84258651786125e-09,9,408461384
13,-1.98497232947984,0.342898275433452,0.1373844155626,0.0701555331411512,0.269037619620142,0.862615584437399,0.730962380379858,0.929844466858849,66,7.08876082987002e-09,9,747579486
363,-1.51582811184137,0.295529292255218,0.219626234435103,0.123063489616559,0.391957704128456,0.780373765564897,0.608042295871544,0.876936510383441,67,2.90979915203961e-07,8,396971999
888,-0.94433370904502,0.267493292983125,0.388938630879306,0.230245089844182,0.657009705147864,0.611061369120694,0.342990294852136,0.769754910155818,67,0.000415076176165861,10,469858563
63,-1.30715099788481,0.296007016649388,0.270589870376189,0.151478119578303,0.48336273353561,0.729410129623811,0.51663726646439,0.848521880421697,62,1.00569195363153e-05,10,576093864
763,-1.92849790055821,0.319555848128591,0.145366389342701,0.0777065401031203,0.271938335209511,0.854633610657299,0.728061664790489,0.92229345989688,66,1.59029372685581e-09,10,363171913
238,-2.48886069450046,0.472343983336953,0.0830044801857729,0.0328883137277413,0.209489114824968,0.916995519814227,0.790510885175032,0.967111686272259,51,1.37042084940483e-07,8,648481592
563,-2.01729241765462,0.324340726092867,0.133015127363291,0.0704403829014638,0.251177284658185,0.866984872636709,0.748822715341815,0.929559617098536,72,4.9820026763071e-10,9,67411970
538,-1.41993262898673,0.320512967452609,0.241730301963842,0.128976314272203,0.453056355480952,0.758269698036158,0.546943644519048,0.871023685727797,56,9.41510727222775e-06,10,851729288
938,-1.58310086151615,0.296406224065976,0.205337387187336,0.114859413993473,0.367087390671504,0.794662612812664,0.632912609328496,0.885140586006527,70,9.24434827968152e-08,11,356363526
488,-2.42523191595129,0.447483401970328,0.0884576019341557,0.0367990493326592,0.21263449686449,0.911542398065844,0.78736550313551,0.963200950667341,50,5.96945615358769e-08,9,717179792
813,-1.82570230383935,0.368236925035985,0.161104460108771,0.0782823266544656,0.331551809663262,0.838895539891229,0.668448190336738,0.921717673345534,59,7.12388586003233e-07,11,419475615
588,-1.41453665806352,0.321755262450882,0.24303819715326,0.129358794294071,0.456618087682765,0.75696180284674,0.543381912317235,0.870641205705929,60,1.10105423348991e-05,11,70080467
413,-1.83841210323502,0.353064446232524,0.159069812112488,0.0796267090111058,0.317772835770133,0.840930187887512,0.682227164229867,0.920373290988894,57,1.9190189579559e-07,10,528539784
863,-1.56037182550351,0.315108868167645,0.210057951774582,0.113270800985774,0.389547374254678,0.789942048225418,0.610452625745322,0.886729199014226,65,7.3511287842736e-07,10,592466046
163,-2.22070614685105,0.405381615039309,0.108532441917,0.0490340898117099,0.240226564696096,0.891467558083,0.759773435303904,0.95096591018829,60,4.30006320715033e-08,11,612637199
288,-1.77761135210736,0.315034582694178,0.169041445901145,0.0911664987118986,0.313437620574325,0.830958554098855,0.686562379425675,0.908833501288101,67,1.67509789792647e-08,9,422245324
38,-1.66928897540212,0.28253696891459,0.188380961528889,0.108278219399872,0.327742614010799,0.811619038471111,0.672257385989201,0.891721780600129,76,3.4583583621035e-09,10,244374861
788,-1.55831690099477,0.274335303925349,0.210490048819292,0.122946716534214,0.360367986237503,0.789509951180708,0.639632013762497,0.877053283465786,77,1.34429827978442e-08,11,36130578
688,-1.0879152153,0.265436430574679,0.336918163870169,0.200255533709349,0.566845005693578,0.663081836129831,0.433154994306422,0.799744466290651,68,4.15673826055582e-05,10,805025524
963,-1.32027164629228,0.283754492866725,0.267062745506826,0.1531373216867,0.465742179973348,0.732937254493174,0.534257820026652,0.8468626783133,65,3.27352911352148e-06,9,252407884
988,-2.26452218080464,0.336759975389703,0.103879658379023,0.053688330833087,0.200993088395519,0.896120341620977,0.799006911604481,0.946311669166913,80,1.76269278527752e-11,11,829624418
263,-1.86597901740797,0.323314981187804,0.154744638006861,0.0821125233663661,0.291623031544575,0.845255361993139,0.708376968455425,0.917887476633634,70,7.86171454625e-09,11,382813392
388,-1.9363967670143,0.364496567241249,0.144222682586062,0.0705949327388824,0.294641291737696,0.855777317413938,0.705358708262304,0.929405067261118,60,1.08117172887388e-07,10,632944098
664,-1.99766778753941,0.334894455041124,0.13565128221568,0.0703657346490139,0.26150896396583,0.86434871778432,0.73849103603417,0.929634265350986,68,2.44534015310966e-09,10,235712110
464,-2.18731994506163,0.380209908702656,0.11221709394336,0.0532627709721671,0.236425479622029,0.88778290605664,0.763574520377971,0.946737229027833,66,8.7711236596926e-09,10,993508249
639,-1.8919625008478,0.306031446663878,0.15077562101294,0.0827630879705158,0.274679068281458,0.84922437898706,0.725320931718542,0.917236912029484,80,6.31948779927815e-10,10,706873058
214,-1.42148451992338,0.327645815333252,0.241355453836046,0.126988529225497,0.458722181063797,0.758644546163954,0.541277818936203,0.873011470774503,51,1.43472129762439e-05,9,367093251
314,-2.13230123526895,0.341195130169836,0.118564135701661,0.0607473753322461,0.231408422138363,0.881435864298339,0.768591577861637,0.939252624667754,74,4.11751209008337e-10,9,41704801
89,-1.69568851135422,0.337817357831837,0.183472862381334,0.0946283309690943,0.355731638565981,0.816527137618666,0.644268361434019,0.905371669030906,58,5.17947444210801e-07,10,125615121
914,-1.53132312690316,0.308035794687864,0.216249352606205,0.118237236922127,0.395508079518149,0.783750647393795,0.604491920481851,0.881762763077873,63,6.6522400250156e-07,8,196099899
514,-1.92494866875542,0.373937664524119,0.145883245032569,0.0700985602488228,0.303599975601351,0.854116754967431,0.696400024398649,0.929901439751177,57,2.63587983312855e-07,10,265231408
739,-1.8294249753687,0.321799301008076,0.160505836053562,0.0854229895792638,0.301583022721866,0.839494163946438,0.698416977278134,0.914577010420736,68,1.30822295542443e-08,9,775113484
614,-1.75430698276276,0.301386621530285,0.173027111521992,0.0958458692517374,0.31235964111308,0.826972888478008,0.68764035888692,0.904154130748263,73,5.85715759150199e-09,10,998704057
114,-1.85611510120558,0.30818730507171,0.156278579044576,0.085422041043904,0.285909748464559,0.843721420955424,0.714090251535441,0.914577958956096,74,1.715469675149e-09,10,636011975
339,-2.01031033279027,0.328631353596904,0.133947100040849,0.0703399086920884,0.255073200164264,0.866052899959151,0.744926799835736,0.929660091307912,68,9.52217876015039e-10,9,609527636
189,-1.69599324274879,0.288345121325618,0.183416960958007,0.104231666397333,0.322759701824473,0.816583039041993,0.677240298175527,0.895768333602667,82,4.05786808005857e-09,11,766234853
889,-1.60339646281273,0.292266908072663,0.201211947196993,0.113468606332711,0.356805719249715,0.798788052803006,0.643194280750285,0.886531393667289,72,4.10976114285584e-08,10,228013801
14,-1.36690056407626,0.266609369728264,0.254895769593324,0.151155627581306,0.429834167580856,0.745104230406676,0.570165832419144,0.848844372418694,76,2.94428787148748e-07,10,463817496
439,-1.66848598346245,0.284809690655164,0.188532290672494,0.107883566692158,0.329470240149204,0.811467709327506,0.670529759850796,0.892116433307842,74,4.67773942690014e-09,11,844701055
139,-2.36481225924578,0.407714292811856,0.0939669401367886,0.0422598595979331,0.208940254953016,0.906033059863211,0.791059745046984,0.957740140402067,64,6.62476758596287e-09,10,72752357
839,-1.26010962098145,0.241074197622836,0.283622933771231,0.176822943561253,0.454929473183069,0.716377066228769,0.545070526816931,0.823177056438747,86,1.72225366516196e-07,11,343847261
364,-2.28193055447288,0.389544358326835,0.102086931968852,0.0475761607787777,0.21905386034137,0.897913068031148,0.78094613965863,0.952423839221222,59,4.68621616190905e-09,10,994700082
64,-1.88209825300874,0.285794286825315,0.152270268775175,0.0869654155152716,0.266614430753712,0.847729731224825,0.733385569246288,0.913034584484728,83,4.53357338244801e-11,10,144437532
764,-1.76834353852999,0.317631840040248,0.170615372672883,0.0915481234739815,0.317970530554674,0.829384627327117,0.682029469445326,0.908451876526019,63,2.58755097664105e-08,10,397604934
714,-1.64276874375999,0.308160479798324,0.193443704093384,0.105742098172217,0.353884283555861,0.806556295906616,0.646115716444139,0.894257901827783,67,9.77341372470086e-08,10,18635895
564,-2.11218556578459,0.342304705121977,0.120973282229881,0.0618470758370847,0.236624526146072,0.879026717770119,0.763375473853928,0.938152924162915,71,6.80814413796344e-10,10,551624383
239,-1.68009213592386,0.294332480841998,0.186356805091986,0.104666811513657,0.331803924298974,0.813643194908014,0.668196075701026,0.895333188486343,71,1.14214883305372e-08,11,9554636
489,-1.9487730745445,0.330297430715366,0.142448738396268,0.0745605193623188,0.272149969504414,0.857551261603732,0.727850030495586,0.925439480637681,74,3.63379972352037e-09,9,410300893
589,-1.67588946651381,0.330373713791032,0.187141649201078,0.097939038794622,0.357589754777362,0.812858350798922,0.642410245222638,0.902060961205378,57,3.9219353951948e-07,10,152996305
814,-1.80296592059072,0.305991887792854,0.164809351168259,0.0904734356380027,0.30022207116332,0.835190648831741,0.69977792883668,0.909526564361997,71,3.8108362186669e-09,10,729085875
414,-1.48329325118004,0.273851491395452,0.226889253366602,0.132651178861899,0.388075957823548,0.773110746633398,0.611924042176452,0.867348821138101,77,6.08059694916506e-08,11,493614639
289,-1.72426378985525,0.292962220194722,0.178304272878362,0.100413442598091,0.316615115507313,0.821695727121638,0.683384884492687,0.899586557401909,74,3.9656872253682e-09,9,848805458
539,-1.97036796447422,0.353702255739219,0.139405550486198,0.0696960491146472,0.278838008082668,0.860594449513801,0.721161991917332,0.930303950885353,62,2.53722784438672e-08,10,550770758
164,-1.4001091405901,0.269844703643183,0.246570051672081,0.145294139770517,0.41843938425595,0.753429948327919,0.58156061574405,0.854705860229483,73,2.11910857728125e-07,9,881276166
939,-1.75581347193764,0.312543625274009,0.172766644296312,0.093631564847433,0.31878473279865,0.827233355703688,0.68121526720135,0.906368435152567,72,1.93383079714738e-08,10,550069455
39,-1.90313254351269,0.317489517630998,0.149100822094751,0.0800262507675358,0.27779703454943,0.850899177905249,0.72220296545057,0.919973749232464,76,2.04343493470121e-09,11,413685941
864,-1.7227665977411,0.356134831186166,0.178571428571429,0.0888524597463623,0.358884325690785,0.821428571428571,0.641115674309215,0.911147540253638,52,1.31548593936949e-06,7,614852398
789,-1.70901378578715,0.372835282968815,0.181044253018047,0.0871819894354326,0.375960926828098,0.818955746981953,0.624039073171902,0.912818010564567,50,4.56534103408615e-06,7,555553524
964,-1.57568645221137,0.300924769279886,0.206865500650388,0.114693931703639,0.373108975546418,0.793134499349612,0.626891024453582,0.885306068296361,65,1.63963013837887e-07,10,835981290
689,-1.40548766141732,0.265145540475322,0.245247429577491,0.145851926874715,0.412379205425452,0.75475257042251,0.587620794574548,0.854148073125285,80,1.15286381580763e-07,8,87127267
989,-1.65663706760247,0.324166157484808,0.190779481014738,0.101065034716212,0.36013256690065,0.809220518985262,0.63986743309935,0.898934965283788,64,3.21381195720964e-07,9,556773929
264,-1.86809080781035,0.335133909108832,0.154418194576869,0.0800630203809926,0.297827620078654,0.845581805423131,0.702172379921346,0.919936979619007,64,2.48723747907665e-08,11,48715939
389,-1.26616983535698,0.3266287170917,0.281909315681805,0.148621814524484,0.534732148994797,0.718090684318195,0.465267851005203,0.851378185475516,49,0.000105978322022406,9,609813406
665,-1.78900572306221,0.313951462875393,0.167126256867924,0.0903251552468404,0.309229313344141,0.832873743132076,0.690770686655859,0.90967484475316,67,1.20971588618095e-08,9,642756151
465,-1.38052927623355,0.291588340473141,0.251445433742305,0.141985275293653,0.445291288262778,0.748554566257695,0.554708711737222,0.858014724706347,64,2.19579887472986e-06,10,560672449
215,-1.85146676599665,0.356236817859966,0.157006705242219,0.0781068046157707,0.315607655597776,0.842993294757781,0.684392344402224,0.921893195384229,57,2.02212591602755e-07,10,543908155
315,-2.60859075699536,0.46968096650105,0.073638244857313,0.0293298785867041,0.184882835080121,0.926361755142687,0.815117164919879,0.970670121413296,59,2.79264456909217e-08,8,715925045
515,-1.37753124384879,0.314052021586161,0.252200406446485,0.136277518467327,0.466731752435174,0.747799593553515,0.533268247564826,0.863722481532673,57,1.15286876530227e-05,10,801820132
90,-1.16410908690724,0.249286533777735,0.312200681843536,0.191531744793604,0.508893530148764,0.687799318156464,0.491106469851236,0.808468255206396,78,3.01547096512248e-06,10,547358934
915,-1.59417225355635,0.308790764151118,0.203076554847409,0.110870654705551,0.371965758100892,0.796923445152591,0.628034241899108,0.889129345294449,64,2.4350503394609e-07,10,795329008
740,-1.86997894021509,0.335873497662541,0.154126907660478,0.0797962395559957,0.297697031804508,0.845873092339522,0.702302968195492,0.920203760444004,63,2.58405768236632e-08,11,244277061
640,-1.47134585628684,0.284989822447938,0.22961624666896,0.131346600522802,0.401408338887218,0.77038375333104,0.598591661112782,0.868653399477198,72,2.43281203524717e-07,10,170460224
340,-1.86325300744149,0.329394109262547,0.155167048918922,0.0813614587105035,0.295924058538283,0.844832951081078,0.704075941461717,0.918638541289497,59,1.54394785623127e-08,9,577190118
115,-0.916670784767213,0.314074018180214,0.399848007727158,0.216050187471848,0.740005973400092,0.600151992272842,0.259994026599908,0.783949812528152,50,0.00351555534656202,10,461755245
615,-1.86250221599548,0.372296557467579,0.155283590755786,0.0748559214617505,0.322125398861486,0.844716409244214,0.677874601138514,0.92514407853825,53,5.65216715733067e-07,8,221467258
190,-2.23555219708749,0.362593598516014,0.10693306541973,0.052537788297551,0.217646780547733,0.89306693458027,0.782353219452267,0.947462211702449,68,7.02835947479233e-10,8,876520629
890,-2.0068653557883,0.328663220067906,0.134409340466638,0.0705782376796788,0.2559694234173,0.865590659533362,0.7440305765827,0.929421762320321,76,1.02066137868069e-09,9,772933847
440,-1.87040259654717,0.332440872888253,0.15406162464986,0.0803008771724582,0.295575652788697,0.84593837535014,0.704424347211303,0.919699122827542,68,1.84146475362928e-08,8,941159727
140,-1.40530441865651,0.282066847817936,0.245292373511267,0.141119916049325,0.426363267405577,0.754707626488733,0.573636732594423,0.858880083950675,70,6.28758136130664e-07,9,317125850
840,-1.4849803701246,0.298914966288544,0.226506786932833,0.126079459670493,0.406928493037024,0.773493213067167,0.593071506962976,0.873920540329507,64,6.76810194595737e-07,10,242887712
365,-1.41015128913369,0.317664831252491,0.244106349721518,0.130973152760525,0.454962782207098,0.755893650278482,0.545037217792901,0.869026847239475,54,9.0328788640478e-06,8,960999826
715,-1.54044309629912,0.275852053061254,0.214286130996411,0.124792467010594,0.367959277009187,0.785713869003589,0.632040722990813,0.875207532989406,75,2.34631247210382e-08,8,609489219
15,-1.58377664087996,0.28521312092802,0.205198671294404,0.117327737398354,0.358879286643258,0.794801328705596,0.641120713356742,0.882672262601646,74,2.80874681509439e-08,10,436823299
765,-1.31407869374831,0.302517988981385,0.268721784287856,0.148524840768366,0.486190707071466,0.731278215712144,0.513809292928534,0.851475159231634,60,1.40036796241677e-05,10,385584994
490,-1.4968027979431,0.290648278457022,0.223844694001295,0.126632896647803,0.395682704565239,0.776155305998705,0.604317295434761,0.873367103352197,66,2.60657753545889e-07,8,76478541
590,-2.00096195501771,0.308205537451097,0.135205159378514,0.0739006460935506,0.247365024379195,0.864794840621486,0.752634975620805,0.926099353906449,77,8.45372640116615e-11,11,426886300
240,-1.47176390138937,0.26963956264,0.229520276782848,0.13530176037736,0.38934864784871,0.770479723217152,0.61065135215129,0.86469823962264,76,4.80812559153659e-08,10,862782064
565,-1.46087274941912,0.257381673259726,0.232033679076369,0.140109424332649,0.384268427924513,0.767966320923631,0.615731572075487,0.859890575667351,81,1.37961014546086e-08,10,825966900
65,-1.06884422125859,0.283244823584698,0.343405188559139,0.197109892802011,0.598281100217486,0.656594811440861,0.401718899782514,0.802890107197989,62,0.00016092791924051,10,450589326
815,-1.65841049331145,0.328588129147127,0.190441447605523,0.10001537126194,0.362623709820578,0.809558552394477,0.637376290179422,0.89998462873806,60,4.48614121649535e-07,9,577615363
540,-1.03500871206032,0.274892568340233,0.355223286184776,0.207258547029833,0.608822096150988,0.644776713815224,0.391177903849012,0.792741452970167,63,0.000166456499954893,9,500354628
415,-1.7620412103605,0.315664813707775,0.171694042236681,0.0924827742237067,0.318749565927432,0.828305957763319,0.681250434072568,0.907517225776293,68,2.37767424011184e-08,11,493202089
790,-1.64036457662476,0.280766043939592,0.193909334591774,0.111843365279154,0.336191869298417,0.806090665408226,0.663808130701583,0.888156634720846,81,5.14353244131158e-09,10,612940922
165,-1.33452634819508,0.29171860552844,0.263282850324721,0.148631631099877,0.466373535445693,0.736717149675279,0.533626464554307,0.851368368900123,68,4.76893137795366e-06,10,975160868
940,-1.36420017617867,0.33588090931055,0.25558501724385,0.132322300559978,0.493671140564319,0.74441498275615,0.506328859435681,0.867677699440022,49,4.87460663670156e-05,8,428287458
40,-1.5084032648976,0.315775045564851,0.221262994437555,0.119157279574395,0.410862960973417,0.778737005562445,0.589137039026583,0.880842720425605,59,1.78081450500604e-06,11,902860381
865,-1.55101599928277,0.307628610839051,0.212032439547443,0.116024141036864,0.387486216391432,0.787967560452557,0.612513783608568,0.883975858963136,66,4.61062919952707e-07,11,665628750
290,-1.73055088869111,0.302993311441931,0.177186772889365,0.0978414598746232,0.32087780095655,0.822813227110635,0.67912219904345,0.902158540125377,75,1.11974726649012e-08,10,437040111
965,-1.45100705260035,0.281064006034734,0.234334182380599,0.135080770185913,0.406516108520903,0.765665817619401,0.593483891479097,0.864919229814087,67,2.43607959913572e-07,9,821395503
690,-1.98911595286709,0.308002113561805,0.136816324076641,0.0748111004996555,0.250212955147355,0.863183675923359,0.749787044852645,0.925188899500345,84,1.06008613808798e-10,11,99888131
990,-1.93101114393912,0.354208048450218,0.145001506938084,0.0724219273180221,0.290318661667033,0.854998493061916,0.709681338332967,0.927578072681978,59,4.99102787435024e-08,9,706366403
265,-1.48470007409596,0.289399611169214,0.226570284784353,0.128488883370118,0.399521675345194,0.773429715215647,0.600478324654806,0.871511116629882,67,2.89316624260217e-07,11,276673300
666,-1.71889326606095,0.285749568519095,0.179264436200672,0.102391443549363,0.313851792419081,0.820735563799328,0.686148207580919,0.897608556450637,75,1.79461225891758e-09,11,921489273
466,-1.67661097506836,0.326889911349388,0.187006673599149,0.0985389450012949,0.35490024751289,0.812993326400851,0.64509975248711,0.901461054998705,62,2.91320274746129e-07,10,451329693
390,-1.78623680709472,0.310142429000063,0.167589656690667,0.0912543334291498,0.307780375728699,0.832410343309333,0.692219624271301,0.90874566657085,67,8.44094172763138e-09,11,199731985
216,-1.98516831879371,0.351632679278196,0.137357492323678,0.068951238958273,0.273629320988228,0.862642507676322,0.726370679011772,0.931048761041727,60,1.64631018735159e-08,9,15389281
316,-1.42798947263342,0.32030885726705,0.23979054337499,0.127992540154221,0.449241062196209,0.76020945662501,0.550758937803791,0.872007459845779,59,8.26645797534867e-06,10,81025147
516,-1.76337876590002,0.35534007661346,0.17146454543596,0.0854492609542154,0.34406488731732,0.82853545456404,0.65593511268268,0.914550739045785,59,6.95878994813694e-07,11,966927401
916,-1.26866697579479,0.279724098423028,0.281206226751075,0.162526187831263,0.486548924938028,0.718793773248925,0.513451075061972,0.837473812168737,67,5.74882797609483e-06,11,855202774
91,-2.04723381253996,0.34467804070915,0.129091501444654,0.0656911964547933,0.25368111169513,0.870908498555346,0.74631888830487,0.934308803545207,60,2.85798643122503e-09,8,873773449
341,-1.94542693230666,0.315147422014905,0.142926190502382,0.0770651177636511,0.265073181282523,0.857073809497618,0.734926818717477,0.922934882236349,76,6.69767606867468e-10,9,193032686
741,-1.32707006502506,0.279791219638759,0.265253298792319,0.15328585326981,0.459007214425474,0.734746701207681,0.540992785574526,0.84671414673019,66,2.10500796746308e-06,9,655416115
641,-1.59959596451373,0.318537347122045,0.201978107833965,0.108184444118648,0.377088927863307,0.798021892166034,0.622911072136693,0.891815555881352,60,5.12186738464326e-07,11,433485916
116,-2.68845874255932,0.468304326672641,0.0679856420408056,0.0271516256809889,0.170230968046117,0.932014357959194,0.829769031953883,0.972848374319011,60,9.42098140437404e-09,10,183705188
616,-1.48857636276056,0.317463020016127,0.22569373293926,0.121141929656107,0.420479195210593,0.77430626706074,0.579520804789407,0.878858070343894,61,2.74576088851736e-06,10,564209130
191,-1.56249163656952,0.318420553052795,0.209613140228692,0.112299659141652,0.391253801590898,0.790386859771308,0.608746198409102,0.887700340858348,61,9.24770982221627e-07,10,361333988
891,-2.12956613233766,0.337391072425421,0.118888864697944,0.0613696121173142,0.230318583766611,0.881111135302056,0.769681416233389,0.938630387882686,68,2.75696736604413e-10,9,340654296
141,-1.48664564417507,0.332597616952051,0.226129904951287,0.117828512583791,0.43397589252359,0.773870095048714,0.56602410747641,0.882171487416209,56,7.82918749433919e-06,10,615584492
841,-1.43396333745042,0.282770155649065,0.238362337286895,0.136944073596124,0.414889102864248,0.761637662713105,0.585110897135752,0.863055926403876,70,3.9546698964794e-07,9,430159944
766,-1.68156865846022,0.331527017340957,0.186081848109508,0.09716451828773,0.356369329113658,0.813918151890492,0.643630670886342,0.90283548171227,59,3.93259476017935e-07,9,829792926
16,-1.12429639654835,0.316753188601965,0.324880974334692,0.17462381660681,0.604428705863842,0.675119025665308,0.395571294136158,0.82537618339319,48,0.000386051621241699,10,789739765
441,-1.67874751869121,0.323959518669285,0.186607552205201,0.0988950089022146,0.352114620611931,0.813392447794799,0.647885379388069,0.901104991097785,62,2.19558126572623e-07,11,658331166
716,-1.45928830571635,0.269976703157737,0.232401614787748,0.136909805966644,0.394497020681717,0.767598385212252,0.605502979318283,0.863090194033356,74,6.4722433262317e-08,10,626727949
366,-1.66948745389889,0.289452519903826,0.188343575669092,0.106799293446783,0.332149224503016,0.811656424330908,0.667850775496984,0.893200706553217,73,8.03406757905849e-09,10,94779290
591,-1.32928164152677,0.303245468826183,0.264667319038074,0.14607547498417,0.47953833300486,0.735332680961926,0.52046166699514,0.85392452501583,56,1.16778577898254e-05,8,765015029
541,-1.24744649887434,0.309556000100336,0.287237322035382,0.156583618172361,0.526908754140802,0.712762677964618,0.473091245859198,0.843416381827639,54,5.58260710808089e-05,10,40874661
66,-1.3591382512674,0.29671295936946,0.256882049379726,0.143605551251085,0.459511395754829,0.743117950620274,0.540488604245171,0.856394448748915,64,4.6353276493511e-06,9,274001500
241,-1.43343850119594,0.311238584040934,0.23848747131777,0.129580247685268,0.438927035497634,0.76151252868223,0.561072964502366,0.870419752314732,59,4.11290486886234e-06,11,161121033
416,-1.62777240485028,0.296024601301659,0.196366512376003,0.109923571201487,0.350787431314763,0.803633487623997,0.649212568685237,0.890076428798513,73,3.82440742403026e-08,10,991302277
491,-1.53327297537265,0.285425038121584,0.215828109950132,0.123354152725342,0.377626306171986,0.784171890049868,0.622373693828014,0.876645847274658,75,7.79140200301617e-08,10,210455780
816,-1.43778429913979,0.29561643292567,0.237453301728926,0.133029833895389,0.423845304853249,0.762546698271074,0.576154695146751,0.866970166104611,61,1.15222027095182e-06,8,959943538
941,-1.60539747833824,0.287308313056315,0.200809721530847,0.114347705490303,0.352648477627005,0.799190278469153,0.647351522372995,0.885652294509698,76,2.30074481470813e-08,11,156945934
166,-1.93623321139191,0.353341082659533,0.144246272945791,0.0721672449076274,0.288316219988504,0.855753727054209,0.711683780011496,0.927832755092373,62,4.25842666750177e-08,11,177325868
566,-1.49125090471915,0.322981049946277,0.22509091207491,0.11951873635696,0.423916117615183,0.77490908792509,0.576083882384817,0.88048126364304,56,3.89052159087242e-06,10,998543294
791,-1.67256688618699,0.290919603530292,0.187764476486909,0.106165208067185,0.332081472567662,0.812235523513091,0.667918527432338,0.893834791932815,75,8.96450092948755e-09,11,212141340
866,-1.87212852508025,0.32380052492002,0.153795954625709,0.081531494964798,0.290111148697148,0.846204045374291,0.709888851302852,0.918468505035202,70,7.39345198386846e-09,10,532486390
41,-1.78587095988306,0.327169450656748,0.167650980116089,0.0882915122490688,0.318341485131621,0.832349019883911,0.681658514868379,0.911708487750931,67,4.80037407802322e-08,11,538786283
291,-1.87628705748269,0.319248492900829,0.15315771715042,0.0819207792270681,0.286341103491081,0.846842282849581,0.713658896508919,0.918079220772932,73,4.17265427198416e-09,10,639983236
691,-1.70229651055647,0.289273375727551,0.182264470775565,0.103388462055696,0.321315712087879,0.817735529224435,0.678684287912121,0.896611537944304,80,3.98697679516353e-09,10,591008451
966,-1.49754237021927,0.290108704330615,0.223679205874204,0.126673168965544,0.394972254575264,0.776320794125796,0.605027745424736,0.873326831034456,67,2.4431971748325e-07,9,742203252
991,-1.93710260557937,0.351470084471878,0.144120920572737,0.0723694295324508,0.287011240532432,0.855879079427263,0.712988759467568,0.927630570467549,62,3.55930915311479e-08,11,777906088
266,-1.3940110493798,0.311991680703227,0.248078252235457,0.134592510356019,0.457252926402874,0.751921747764543,0.542747073597126,0.865407489643981,55,7.89162075363276e-06,8,916970281
667,-1.72431552608332,0.369894603885959,0.178295048326459,0.0863543907167397,0.368124006132003,0.821704951673541,0.631875993867997,0.91364560928326,48,3.13699378790272e-06,11,587079027
467,-1.73943612505469,0.296639044927764,0.175619400082331,0.0981912698287319,0.314103012814414,0.824380599917669,0.685896987185586,0.901808730171268,71,4.52354731329106e-09,10,628588527
217,-1.16852835791235,0.276675064477851,0.310824026569359,0.180720883201248,0.534589991933608,0.689175973430641,0.465410008066392,0.819279116798752,67,2.40571245478606e-05,11,210207189
317,-1.16326630609972,0.283278537866591,0.312463909492314,0.179338169942707,0.544411124337958,0.687536090507686,0.455588875662042,0.820661830057293,63,4.01803849102689e-05,10,504127108
517,-1.77715550906186,0.313568559154537,0.169118519834135,0.0914705156750122,0.312680797083358,0.830881480165865,0.687319202916642,0.908529484324988,65,1.44880688906563e-08,10,408355515
391,-1.0913339124111,0.268776506399683,0.335768309338762,0.198269872311522,0.56862072004098,0.664231690661238,0.43137927995902,0.801730127688478,68,4.89935674859832e-05,11,105311593
917,-1.52461993674897,0.29466136230214,0.21770378235106,0.122193968081677,0.387866419218645,0.78229621764894,0.612133580781355,0.877806031918323,70,2.28959793087702e-07,11,291450826
92,-1.50277533764838,0.311495113781483,0.222511757149979,0.120839200095424,0.409730303004927,0.777488242850021,0.590269696995073,0.879160799904576,58,1.40429169882204e-06,9,180798716
642,-1.63958672870847,0.339787354450877,0.194060225241015,0.0997031800998634,0.377714843025806,0.805939774758985,0.622285156974194,0.900296819900137,57,1.39770376265014e-06,9,523890425
117,-1.79223618529013,0.31994640449245,0.166587232924828,0.0889821389737366,0.311875017768925,0.833412767075172,0.688124982231075,0.911017861026263,68,2.12288742387553e-08,11,722882267
342,-1.94172478565724,0.339159768351285,0.143456304894801,0.0737948954855209,0.278877167298219,0.856543695105199,0.721122832701781,0.926205104514479,64,1.03370685211831e-08,11,451639977
617,-1.89321536994282,0.310118583189358,0.150586837182497,0.0819999514385755,0.276541572705862,0.849413162817503,0.723458427294138,0.918000048561424,75,1.02922332560498e-09,9,7350778
742,-1.49962304642689,0.362284418560596,0.223214285714286,0.109734939828104,0.454045151206965,0.776785714285714,0.545954848793035,0.890265060171896,48,3.4828688925609e-05,9,652602653
892,-1.37917564736357,0.276334257443473,0.251786028007751,0.14649253028401,0.432760658697148,0.748213971992249,0.567239341302852,0.85350746971599,74,6.00772133614306e-07,10,328018254
192,-2.17938723320465,0.351114042998167,0.113110819963853,0.0568375481916106,0.225098689158156,0.886889180036147,0.774901310841844,0.943162451808389,71,5.39837187475457e-10,11,168546894
142,-1.123806126844,0.268018052342226,0.325040292685217,0.192220552238409,0.549635253039192,0.674959707314783,0.450364746960808,0.807779447761591,76,2.75260304417462e-05,10,380560782
842,-1.69800890787721,0.331314552735135,0.183047626138549,0.0956199786759882,0.350412475498409,0.816952373861451,0.649587524501591,0.904380021324012,60,2.97433736476649e-07,8,972457347
767,-1.32244190969686,0.2665740729492,0.266483777487326,0.158038359798195,0.449344094399581,0.733516222512674,0.550655905600419,0.841961640201805,73,7.0174640492144e-07,10,395164958
17,-2.01409868403278,0.346577197013529,0.133440621343312,0.0676520576955579,0.263205585033643,0.866559378656688,0.736794414966357,0.932347942304442,65,6.19525777252636e-09,9,793169438
442,-1.47620565353335,0.306638101640367,0.22850306537423,0.125279844365184,0.416776147432143,0.77149693462577,0.583223852567857,0.874720155634817,55,1.47818482145549e-06,9,109235476
592,-1.59977787963585,0.303384043912913,0.201941368303652,0.111425432436834,0.365987506985617,0.798058631696348,0.634012493014383,0.888574567563166,67,1.34130043037053e-07,11,943282650
542,-1.62528640793416,0.295124691060775,0.1968552862136,0.110391717194946,0.351040863344886,0.8031447137864,0.648959136655114,0.889608282805054,70,3.64756414009503e-08,9,620969702
367,-2.30745206791282,0.340817841616858,0.0995144849612648,0.0510248371037483,0.194084553312142,0.900485515038735,0.805915446687858,0.948975162896252,70,1.28481658361828e-11,11,276708756
242,-1.29438266834834,0.268190449685458,0.274067002354175,0.162021491214696,0.463597274758264,0.725932997645825,0.536402725241736,0.837978508785304,73,1.3905363801071e-06,10,220314360
717,-2.24551257490577,0.379667385276289,0.105873258487475,0.0503051925219467,0.22282285984425,0.894126741512525,0.77717714015575,0.949694807478053,61,3.33046004494605e-09,7,598857660
492,-1.57968008476148,0.343436170016588,0.206041003319019,0.10510424529722,0.403912277079359,0.793958996680981,0.596087722920641,0.894895754702779,54,4.23237423468538e-06,10,309054569
167,-1.35611639092869,0.262644682875693,0.257659485115978,0.153986474230784,0.431131439315458,0.742340514884022,0.568868560684542,0.846013525769216,87,2.42618499390563e-07,10,669679182
417,-2.02027335673625,0.331104434666951,0.132619207770957,0.0693058387003534,0.253771610005876,0.867380792229043,0.746228389994124,0.930694161299647,73,1.0499893185097e-09,11,296280265
942,-1.63668139878035,0.28847347175443,0.194624854040574,0.110573036350674,0.342568451228786,0.805375145959426,0.657431548771214,0.889426963649326,72,1.39832200307158e-08,9,2425098
867,-1.88187660653618,0.339172547893353,0.152304022683704,0.0783442591319678,0.296084430214146,0.847695977316296,0.703915569785854,0.921655740868032,66,2.88239118564949e-08,10,567240005
792,-1.84054963339749,0.376743259927449,0.158730158730159,0.075853392005477,0.33215737127065,0.841269841269841,0.66784262872935,0.924146607994523,49,1.03207805008827e-06,6,505003122
567,-1.24028145407072,0.298079778677601,0.289302781033821,0.161297130345693,0.518893912957565,0.710697218966179,0.481106087042435,0.838702869654307,55,3.16989808403635e-05,9,557092125
67,-1.45964462434066,0.280677483623639,0.232318820515527,0.134020516369707,0.402714717326107,0.767681179484473,0.597285282673893,0.865979483630293,71,1.98824111590302e-07,10,379896231
292,-1.46592615157754,0.28941048119367,0.230864077304753,0.130921120402917,0.407101787899055,0.769135922695247,0.592898212100945,0.869078879597083,73,4.07940848261574e-07,10,566505875
42,-1.32866889331658,0.286066072405853,0.264829543160307,0.151170325800521,0.463944802388297,0.735170456839693,0.536055197611703,0.848829674199479,64,3.40698979320189e-06,9,933322892
817,-1.39660044682586,0.294612524698845,0.247436710005063,0.138895922593652,0.440797140152534,0.752563289994937,0.559202859847466,0.861104077406348,62,2.13227982028185e-06,9,449587222
692,-1.42344878085973,0.27399468408162,0.240881834054999,0.140792445106036,0.412124797846931,0.759118165945001,0.587875202153069,0.859207554893964,75,2.04533579220275e-07,10,945269508
992,-1.3766000193401,0.301979481159097,0.25243537103148,0.139670538454369,0.456242363299974,0.74756462896852,0.543757636700026,0.860329461545631,61,5.14987015858696e-06,10,232648215
967,-1.62122567086179,0.279033418942601,0.197656289002395,0.114392344329501,0.341526426538345,0.802343710997605,0.658473573461655,0.885607655670499,80,6.24173579997916e-09,10,237274747
267,-2.46462604682575,0.431420417771076,0.0850406376427444,0.0365090710317475,0.198085293498589,0.914959362357256,0.801914706501411,0.963490928968253,63,1.11120929607573e-08,10,355636961
668,-1.8035402526934,0.309500822062168,0.164714723043647,0.089801758889702,0.302120362928176,0.835285276956353,0.697879637071824,0.910198241110298,70,5.63464387059372e-09,9,758139969
468,-2.03253770741973,0.353318896685813,0.13100265256218,0.065544235051776,0.261833782403143,0.86899734743782,0.738166217596857,0.934455764948224,67,8.78291324223712e-09,11,911744986
318,-1.43447936939835,0.268641110344812,0.238239366436844,0.140716750547011,0.40334924946456,0.761760633563156,0.59665075053544,0.859283249452989,76,9.30691063010375e-08,9,976704337
218,-2.08321721989201,0.365913980879902,0.124528930087303,0.0607860204135379,0.255115474301301,0.875471069912697,0.744884525698699,0.939213979586462,64,1.24688691450469e-08,11,162174057
918,-1.72209238575241,0.288489189058452,0.178691864164408,0.101517832504122,0.314533728025121,0.821308135835592,0.685466271974879,0.898482167495878,73,2.38203446105151e-09,9,446372875
518,-1.83768894336493,0.304205655591712,0.15918488662077,0.0876923096949418,0.288962945743108,0.84081511337923,0.711037054256892,0.912307690305058,75,1.53216359950795e-09,10,862844127
118,-1.43238712584663,0.304859580761652,0.238738343023287,0.131348533927968,0.433929445004397,0.761261656976713,0.566070554995603,0.868651466072032,61,2.62060733587035e-06,10,845001303
392,-2.17117787258339,0.306306258857722,0.114043209399241,0.0625663861104824,0.207872859831043,0.885956790600759,0.792127140168957,0.937433613889518,87,1.35810344356018e-12,10,521118761
343,-1.5968586496972,0.307554467513307,0.202531742892183,0.110841466387396,0.370070048835169,0.797468257107817,0.629929951164832,0.889158533612604,63,2.07916741035626e-07,11,106597783
743,-1.703348511884,0.310694254917307,0.182072829131653,0.0990334049796436,0.334740738388407,0.817927170868347,0.665259261611594,0.900966595020356,71,4.19606949198908e-08,10,774801338
643,-2.0278723763198,0.325700716587403,0.131615251187944,0.0695135173853364,0.249197206483466,0.868384748812056,0.750802793516534,0.930486482614664,74,4.77934742848351e-10,11,83092401
618,-1.62348057961434,0.302731882703616,0.197211094231757,0.108954581542546,0.356958056627476,0.802788905768243,0.643041943372524,0.891045418457454,66,8.19566511451098e-08,10,644379393
93,-0.942326853182078,0.310379282120931,0.389719958394632,0.212108134132642,0.716057621232642,0.610280041605368,0.283942378767358,0.787891865867357,52,0.00239700037609552,10,571688147
193,-1.62863050569528,0.290936035526339,0.196198082381099,0.110930138673658,0.347008378338588,0.803801917618901,0.652991621661412,0.889069861326342,70,2.16965241207196e-08,11,633761660
893,-1.21178030716163,0.249017652784059,0.297666868964608,0.182711670785617,0.484947483092952,0.702333131035392,0.515052516907048,0.817288329214383,80,1.13739896156063e-06,10,754858329
143,-1.2940236709368,0.284704444942768,0.274165409361481,0.156917650670614,0.479019864044048,0.725834590638519,0.520980135955952,0.843082349329386,63,5.48968206377961e-06,11,892025282
843,-1.68607395234813,0.323148066035319,0.18524538037791,0.0983293693860624,0.348988823640525,0.81475461962209,0.651011176359475,0.901670630613938,66,1.81206113502726e-07,11,84025914
443,-1.68968209235693,0.354240193276601,0.184578193485207,0.0921829478376337,0.369581471513259,0.815421806514793,0.630418528486741,0.907817052162366,56,1.84338592607861e-06,10,585600777
768,-2.27662884654077,0.377878955321694,0.102629604339919,0.048935215442559,0.215240406968921,0.897370395660081,0.784759593031079,0.951064784557441,73,1.69363983296811e-09,10,535959326
18,-1.53953785523789,0.290398528856195,0.214480199427146,0.121394644848147,0.378943865306841,0.785519800572854,0.621056134693159,0.878605355151853,68,1.14876600453937e-07,9,983818115
593,-1.45066785798398,0.324149139285745,0.234413680755642,0.124184303711505,0.442485661095003,0.765586319244358,0.557514338904997,0.875815696288495,51,7.6300554323206e-06,9,56210396
368,-1.34564500999623,0.276464096643876,0.260371711329536,0.151449251698342,0.447631317424416,0.739628288670464,0.552368682575584,0.848550748301658,71,1.13109813845789e-06,10,601892369
243,-1.99818302141385,0.336561560331079,0.135581408082278,0.0701000649615755,0.262229688769178,0.864418591917722,0.737770311230822,0.929899935038424,67,2.90195084851544e-09,10,51356216
718,-1.92448094728277,0.334026188344143,0.145951493718213,0.0758376622456498,0.280887330751015,0.854048506281787,0.719112669248986,0.92416233775435,67,8.33858411252261e-09,11,540272778
418,-1.52863143866045,0.279673094174592,0.216832212532804,0.125333056794765,0.375130149972012,0.783167787467196,0.624869850027988,0.874666943205235,73,4.60877201098825e-08,9,403474433
68,-1.72385540608694,0.310127473370373,0.178377104319803,0.0971310594083813,0.327582047795232,0.821622895680197,0.672417952204768,0.902868940591619,65,2.7204343066196e-08,10,815366078
868,-1.82098348711593,0.353682769180411,0.161866479029159,0.0809285205170267,0.3237518351492,0.838133520970841,0.6762481648508,0.919071479482973,59,2.62388893604703e-07,10,733829416
793,-1.58383840960349,0.286376451529284,0.205185996825854,0.117053294351182,0.359676278457466,0.794814003174146,0.640323721542534,0.882946705648818,72,3.19106764740421e-08,11,206767602
168,-2.58571659369978,0.367396117109722,0.0753420705990642,0.0366698733275252,0.154798124101878,0.924657929400936,0.845201875898122,0.963330126672475,86,1.95084504815692e-12,10,724748991
568,-1.27948687003145,0.273636878098832,0.278180006334633,0.162706828468679,0.475604599097898,0.721819993665367,0.524395400902102,0.837293171531321,67,2.92728763519685e-06,10,551054015
543,-2.33454181174855,0.391933650253464,0.0968548501157484,0.0449269406104358,0.208802599586874,0.903145149884252,0.791197400413126,0.955073059389564,60,2.57741254010367e-09,10,962036023
493,-1.69998831558298,0.304825968177383,0.182685658615683,0.100516213638071,0.332026532396217,0.817314341384317,0.667973467603783,0.899483786361929,70,2.44822335714538e-08,9,180396004
293,-2.60504163573567,0.447606874560219,0.0739000602501261,0.0307355599819539,0.177684054176295,0.926099939749874,0.822315945823705,0.969264440018046,56,5.88715240029794e-09,8,467318799
818,-1.50164060281542,0.302055913773695,0.222764392301406,0.123235352722564,0.402676451043487,0.777235607698594,0.597323548956513,0.876764647277436,64,6.64713368113911e-07,10,468712902
43,-1.47160992076925,0.290598360683451,0.229555621178502,0.129876375109176,0.405738019484694,0.770444378821498,0.594261980515306,0.870123624890824,66,4.10402692524504e-07,10,788254283
943,-1.36993379291386,0.315701542732794,0.254123783791096,0.136873594557949,0.471814141338726,0.745876216208904,0.528185858661274,0.863126405442051,57,1.42916502803899e-05,9,881247566
693,-1.99414101406398,0.341168933711376,0.136130538176558,0.0697512570108436,0.265680135647712,0.863869461823442,0.734319864352288,0.930248742989156,62,5.06491594281582e-09,10,500518638
993,-1.42769790149212,0.263027741453886,0.23986046957113,0.143241565933343,0.401650488027027,0.760139530428871,0.598349511972973,0.856758434066657,79,5.70092857389721e-08,10,302893727
968,-1.05790922080418,0.270691390557659,0.347180930699712,0.204241002581216,0.590158670972973,0.652819069300288,0.409841329027027,0.795758997418784,63,9.29960864919098e-05,11,478828200
268,-1.81606197965181,0.321856767205074,0.162665069636807,0.0865624074687388,0.305674549191609,0.837334930363193,0.69432545080839,0.913437592531261,65,1.67643407050345e-08,9,255640202
469,-1.73152025146788,0.348254211404909,0.177015097848331,0.0894490612935034,0.350303786458295,0.822984902151669,0.649696213541705,0.910550938706497,56,6.62653986729333e-07,10,130812910
669,-2.03476221300553,0.384809121478051,0.130711560317999,0.0614842501539696,0.277884368077681,0.869288439682001,0.722115631922319,0.93851574984603,58,1.23851549606103e-07,11,611475523
319,-1.57036159969969,0.299519752847339,0.207969966881325,0.115624254823643,0.374069499436683,0.792030033118674,0.625930500563317,0.884375745176357,70,1.58045075009125e-07,10,659652056
219,-1.84399044759325,0.293317693163554,0.158184936289179,0.0890210373714378,0.281084952587173,0.841815063710821,0.718915047412827,0.910978962628562,74,3.24355603667873e-10,10,571114609
519,-1.32335048770284,0.275341003421368,0.26624176614789,0.155204925095178,0.456716679564634,0.73375823385211,0.543283320435366,0.844795074904822,75,1.53807708805353e-06,11,803632068
919,-1.75583225388542,0.322073829957981,0.172763399432694,0.091897140911829,0.324789127141371,0.827236600567306,0.675210872858629,0.908102859088171,62,4.9905945120518e-08,10,828451954
119,-1.75453352128154,0.359071358928772,0.172987918655953,0.0855802751685273,0.349669593162558,0.827012081344047,0.650330406837442,0.914419724831473,54,1.02744037599419e-06,9,569150599
344,-2.05570053206748,0.361680184402306,0.128003133861728,0.0630025128159982,0.260065853663268,0.871996866138272,0.739934146336732,0.936997487184002,59,1.31771192624305e-08,10,386305749
744,-2.00633554163043,0.445398821749578,0.134480571306055,0.0561740040201569,0.321946501308925,0.865519428693945,0.678053498691075,0.943825995979843,47,6.65036965612652e-06,10,693842840
619,-1.85317526117177,0.328520405466224,0.156738689061221,0.0823264017307008,0.298409940580079,0.843261310938779,0.701590059419921,0.917673598269299,68,1.69090312378381e-08,10,914886083
94,-1.64317215009507,0.302868871697466,0.193365683415746,0.10680140141697,0.350091731257914,0.806634316584254,0.649908268742086,0.89319859858303,67,5.78383955245026e-08,10,671058746
644,-2.25004038720307,0.365700786454958,0.105394967867937,0.0514677048774994,0.215826590253489,0.894605032132063,0.784173409746511,0.948532295122501,70,7.61838059893073e-10,11,612021166
393,-2.48131569702011,0.399844472829856,0.0836331173302698,0.0381970701794489,0.183116094546485,0.91636688266973,0.816883905453515,0.961802929820551,63,5.4453231702939e-10,10,376574574
894,-1.83909250641913,0.320870379287884,0.158961617318047,0.0847553088378323,0.298138206642813,0.841038382681953,0.701861793357187,0.915244691162168,71,9.9502585919935e-09,10,349398610
194,-1.53279032189627,0.267931048424377,0.215932305280797,0.127718644130074,0.365074032702638,0.784067694719203,0.634925967297362,0.872281355869926,80,1.05999467399133e-08,11,136066039
844,-1.87883090174309,0.329719981185457,0.152768602903567,0.0800526937029736,0.291536048989201,0.847231397096433,0.708463951010799,0.919947306297026,65,1.21034814292024e-08,10,52728113
144,-1.46820725697266,0.274070057196064,0.230338052199921,0.13460984816113,0.394143660482738,0.769661947800079,0.605856339517262,0.86539015183887,78,8.45912781211964e-08,11,424067985
769,-1.97035013853761,0.311030393585592,0.139408035542854,0.0757771480982964,0.256470464535132,0.860591964457146,0.743529535464869,0.924222851901704,77,2.37476943687633e-10,11,470936867
444,-1.6058974527202,0.281888912782268,0.200709346908894,0.11551099376764,0.348748120180056,0.799290653091106,0.651251879819944,0.88448900623236,74,1.2199400637884e-08,11,655408342
19,-2.94850740444772,0.597996446404063,0.0524178862920408,0.0162354378824394,0.169236876961429,0.947582113707959,0.830763123038571,0.983764562117561,47,8.19591056216073e-07,9,399859038
594,-1.40134243820808,0.310371945788588,0.246266144856987,0.134034201869694,0.45247416895639,0.753733855143013,0.54752583104361,0.865965798130306,59,6.33041536260394e-06,9,51706676
369,-1.46160797951401,0.269958828974428,0.231863143631561,0.136597373239077,0.393569188776542,0.768136856368439,0.606430811223458,0.863402626760923,73,6.15672912703458e-08,8,806945250
719,-2.21177373808703,0.323064534285698,0.109506240762255,0.0581360927676075,0.206268020346948,0.890493759237745,0.793731979653052,0.941863907232393,78,7.58221470779659e-12,11,660407417
244,-2.13923428017991,0.33444816859621,0.117744968167912,0.0611307268166473,0.226790654239159,0.882255031832088,0.773209345760841,0.938869273183353,71,1.59176323222783e-10,11,42079678
869,-1.97876430765818,0.345812361265798,0.138239953864925,0.0701903753133843,0.272263608212001,0.861760046135075,0.727736391787999,0.929809624686616,67,1.05230759378161e-08,9,337038672
544,-1.55276123177592,0.279797341452722,0.211662716364642,0.122315201892483,0.366275857830325,0.788337283635358,0.633724142169676,0.877684798107517,76,2.86336197744642e-08,10,830444665
569,-0.996340919160261,0.291004047166529,0.369228007537995,0.208733205545968,0.653127139948296,0.630771992462005,0.346872860051704,0.791266794454032,55,0.000617510641884674,8,294205649
419,-2.01677845529527,0.368651399959079,0.133083509703449,0.0646141454683757,0.274107479509365,0.866916490296551,0.725892520490635,0.935385854531624,59,4.48280456025098e-08,11,949485239
69,-1.79678183857727,0.314202633207294,0.165831703610001,0.0895813898168701,0.306985122450249,0.834168296389999,0.693014877549751,0.91041861018313,68,1.07440182825889e-08,10,92059881
494,-1.72586824063144,0.342430234010868,0.178018421827636,0.0909887718346565,0.348290870082187,0.821981578172364,0.651709129917813,0.909011228165344,59,4.65390779894384e-07,9,737376465
294,-2.44711032492491,0.373176167993538,0.0865433075580083,0.0416471569134516,0.179838064303999,0.913456692441992,0.820161935696001,0.958352843086548,71,5.47098377547888e-11,9,998072251
819,-1.57875396898223,0.308392550041201,0.206231909530347,0.112681248029241,0.377450563003139,0.793768090469653,0.622549436996861,0.887318751970759,63,3.06671862382057e-07,9,158328880
944,-1.06317259759284,0.256571458786343,0.345358387221634,0.208869961116752,0.571036711007278,0.654641612778366,0.428963288992722,0.791130038883248,73,3.41645400427439e-05,10,496905063
44,-1.59645682397754,0.313875387056666,0.202613141708499,0.109520746902637,0.374833868047698,0.797386858291501,0.625166131952302,0.890479253097363,64,3.65162690300628e-07,10,422088172
794,-1.61531502986275,0.315687709713736,0.198828023808507,0.107093652399475,0.369140300716738,0.801171976191493,0.630859699283262,0.892906347600525,65,3.10741149437818e-07,11,131008777
169,-1.75941321889752,0.30542000473336,0.172145846122275,0.0946068468841084,0.313235176027538,0.827854153877725,0.686764823972462,0.905393153115892,68,8.37979943173735e-09,8,988210469
694,-1.67982719863947,0.343941053164326,0.186406184498789,0.0949942157909477,0.365782961942277,0.813593815501211,0.634217038057723,0.905005784209052,55,1.03925792019346e-06,10,784088546
969,-2.09780831977901,0.355067502025988,0.122725107907109,0.0611926719611202,0.246131630277253,0.877274892092891,0.753868369722747,0.93880732803888,69,3.45874807448319e-09,11,175188998
994,-1.56500008601869,0.303563617134506,0.209087995187807,0.115328137680643,0.379073057198895,0.790912004812193,0.620926942801105,0.884671862319357,68,2.53053532710474e-07,8,763119148
269,-1.61004099883607,0.286272228308331,0.199879419083616,0.114049324159644,0.350302664812639,0.800120580916384,0.649697335187361,0.885950675840356,73,1.8641212241566e-08,10,264159991
670,-1.26008903336256,0.296468571653698,0.283628772952208,0.158633819255158,0.507113055867245,0.716371227047792,0.492886944132755,0.841366180744842,62,2.13456535172026e-05,10,559199139
470,-1.82372410285911,0.308555388182439,0.161423472541001,0.0881706135728209,0.295535399282143,0.838576527458999,0.704464600717857,0.911829386427179,66,3.41020651379818e-09,9,135624091
220,-1.76520110938632,0.321302824906705,0.171152362676955,0.0911778691357527,0.32127457602996,0.828847637323045,0.67872542397004,0.908822130864247,65,3.93184228170957e-08,11,617058855
320,-1.7504982650952,0.352567386757117,0.173687379527651,0.0870286725344119,0.346636400724759,0.826312620472349,0.653363599275241,0.912971327465588,58,6.86998753219175e-07,9,618102947
520,-1.93465685277995,0.33369687202097,0.144473836113849,0.0751183278765124,0.277864136642712,0.855526163886151,0.722135863357289,0.924881672123488,65,6.7251603129391e-09,8,873233554
920,-1.5515791014668,0.297707681574008,0.211913077227394,0.118235670900132,0.379810525521645,0.788086922772606,0.620189474478355,0.881764329099868,64,1.87063832287086e-07,9,974127841
345,-1.42871304166497,0.282798202226409,0.239617101120034,0.137657393995667,0.417096048985034,0.760382898879966,0.582903951014966,0.862342606004333,70,4.37073939846521e-07,7,31375436
745,-2.0237631069758,0.371196373382402,0.132157206462326,0.0638451518305048,0.273560743755345,0.867842793537674,0.726439256244655,0.936154848169495,59,4.98060943797558e-08,10,124188149
120,-1.41417025758968,0.302967022066789,0.243127262779706,0.134260315662762,0.440270571501025,0.756872737220294,0.559729428498975,0.865739684337238,61,3.04535963821295e-06,10,221662003
645,-1.28968703595185,0.300073494667377,0.275356946430676,0.152923072490169,0.495814311816815,0.724643053569324,0.504185688183185,0.847076927509831,59,1.72420901293461e-05,11,708631774
620,-1.39562354289127,0.293113192546572,0.24767855000862,0.139440841396643,0.439933261445808,0.75232144999138,0.560066738554192,0.860559158603357,60,1.92272801862144e-06,8,636171487
95,-1.98536448415786,0.341640119766068,0.137330550183821,0.0703011716008955,0.26826978248469,0.862669449816179,0.73173021751531,0.929698828399105,67,6.19990403164373e-09,10,778103787
394,-1.4576931068963,0.316679030417993,0.232772637418189,0.125133689003216,0.433001705313964,0.767227362581811,0.566998294686036,0.874866310996784,59,4.16324882159139e-06,11,423344188
195,-1.79280394217584,0.336893934227042,0.166492678720705,0.0860261533817038,0.322225404460445,0.833507321279295,0.677774595539555,0.913973846618296,60,1.02876704814336e-07,9,813093676
895,-1.86037555493313,0.301866257461545,0.155614177720487,0.0861192299856041,0.281188908814806,0.844385822279513,0.718811091185194,0.913880770014396,74,7.14186423015986e-10,10,533693072
845,-1.18070586721821,0.281536418929099,0.307061917145281,0.176840495394694,0.533175507965492,0.692938082854719,0.466824492034508,0.823159504605306,67,2.74326599044857e-05,10,292925295
145,-1.68549393208376,0.293645177790435,0.185352857618887,0.104243277500837,0.329572157084291,0.814647142381113,0.670427842915709,0.895756722499162,73,9.47325188383233e-09,10,381599630
770,-1.89834720742247,0.312847398324044,0.149816029528955,0.081145061704275,0.276601462028813,0.850183970471045,0.723398537971187,0.918854938295725,72,1.29540754411919e-09,10,559178713
20,-1.55452673626846,0.275834149472777,0.21128935457094,0.123051571014448,0.362800661437819,0.78871064542906,0.637199338562181,0.876948428985552,73,1.74318516472159e-08,10,76489784
445,-1.45423772183402,0.278289460449272,0.23357834773046,0.135379268721182,0.403007380996104,0.76642165226954,0.596992619003896,0.864620731278818,78,1.73563230508473e-07,11,625454587
595,-2.03084984768605,0.320357849147546,0.131223953374271,0.0700364334708217,0.245868115862109,0.868776046625729,0.754131884137891,0.929963566529178,74,2.30786476719949e-10,10,705981935
370,-1.66312471891118,0.347287391223416,0.189545776514542,0.0959627198344263,0.374391237102178,0.810454223485458,0.625608762897822,0.904037280165574,56,1.67697702170809e-06,9,287792683
870,-1.52541742607712,0.362506979752429,0.217530235118169,0.106893950744513,0.442676155769222,0.782469764881831,0.557323844230778,0.893106049255487,44,2.57678428617814e-05,8,882293250
720,-1.88200948449184,0.35638879014578,0.152283786181053,0.0757347119297352,0.306205053703145,0.847716213818946,0.693794946296855,0.924265288070265,55,1.28637657724025e-07,8,594884986
245,-1.55376023656113,0.274804294582234,0.211451369883792,0.123394744601128,0.362346726923113,0.788548630116208,0.637653273076887,0.876605255398872,78,1.56700583117777e-08,10,664830323
570,-2.22394546835392,0.379033464114098,0.108181439256301,0.0514658186628709,0.227397991591801,0.891818560743699,0.772602008408199,0.948534181337129,66,4.42649994356657e-09,10,566660874
495,-1.66328594223524,0.29716277393963,0.189515219777686,0.105851905814475,0.33930441073337,0.810484780222314,0.66069558926663,0.894148094185525,74,2.17814034273191e-08,11,589098923
70,-1.52934963338021,0.312039726003518,0.216676540690728,0.117544739273643,0.399411522589751,0.783323459309272,0.600588477410249,0.882455260726357,64,9.52832874933465e-07,10,186239294
295,-1.65671472429088,0.363901218108115,0.190764666287263,0.0934855868681257,0.389270251413469,0.809235333712736,0.610729748586531,0.906514413131874,46,5.2974472724574e-06,10,708672504
45,-1.85164201932284,0.323745551914618,0.15697919170588,0.0832279840268227,0.296083906354018,0.84302080829412,0.703916093645982,0.916772015973177,66,1.06878114812781e-08,8,399282866
795,-2.03544779842974,0.339383291053854,0.130621977089457,0.0671633997872269,0.254038672146007,0.869378022910543,0.745961327853993,0.932836600212773,68,2.00391050231139e-09,10,213846229
420,-1.90343055642635,0.357400368884483,0.14905639474462,0.0739828175876178,0.30031039015176,0.85094360525538,0.69968960984824,0.926017182412382,59,1.00528754246365e-07,10,134025308
545,-2.29273425124406,0.357698057819684,0.100989952100416,0.0500962280619342,0.203587591717189,0.899010047899584,0.796412408282811,0.949903771938066,61,1.4581425377071e-10,10,817463237
170,-1.6521190949729,0.325116276532631,0.191643367526578,0.101333797286975,0.36243762002638,0.808356632473422,0.63756237997362,0.898666202713025,58,3.7421904531162e-07,8,205526657
945,-1.59978081422634,0.310711890636637,0.201940775689302,0.109836220259733,0.371280774134098,0.798059224310698,0.628719225865902,0.890163779740267,64,2.62214760321067e-07,8,843526625
820,-2.038380319884,0.346343200731349,0.130239486444363,0.0660594278840162,0.256773701689835,0.869760513555637,0.743226298310165,0.933940572115984,64,3.97008920255571e-09,9,377184604
695,-1.47071589560965,0.329357078877563,0.229760941446429,0.120483326097219,0.438152663313369,0.770239058553571,0.561847336686631,0.879516673902781,53,7.99138595073217e-06,10,947185432
995,-1.75705594577918,0.280010220982983,0.17255211955837,0.0996724574732682,0.298720777222446,0.82744788044163,0.701279222777554,0.900327542526732,82,3.49700033178271e-10,10,787221048
970,-1.97468566142815,0.329147517872199,0.138804937131807,0.0728172106233529,0.264591439403281,0.861195062868193,0.735408560596719,0.927182789376647,74,1.98055201177742e-09,10,53615444
270,-1.66503031582541,0.304469994219024,0.189184922597962,0.104164849974798,0.343598967857741,0.810815077402038,0.656401032142259,0.895835150025202,73,4.53556177503443e-08,9,821899017
671,-1.44520022889819,0.297740026534248,0.235698878104106,0.131498483774686,0.422468453968811,0.764301121895894,0.577531546031189,0.868501516225314,64,1.21056973704286e-06,8,260178030
471,-1.79393034298146,0.30733698220927,0.166305246814806,0.0910542533707725,0.30374676738617,0.833694753185194,0.69625323261383,0.908945746629227,78,5.3144554037201e-09,11,530495590
221,-1.2742278424946,0.272338524879632,0.279646816264379,0.163981519601938,0.476897287186006,0.720353183735621,0.523102712813994,0.836018480398062,68,2.88505252688942e-06,10,352594099
321,-1.94556690003521,0.351977190747377,0.142906186848113,0.0716881714865443,0.284875144894733,0.857093813151887,0.715124855105267,0.928311828513456,58,3.24757987376604e-08,10,33213705
521,-1.45375870231607,0.298682703090322,0.233690263120682,0.130137194437912,0.419642818590718,0.766309736879318,0.580357181409282,0.869862805562088,62,1.13170820685644e-06,5,640924867
921,-1.34798788151168,0.283217583340436,0.259762407902164,0.149108038579987,0.452534344906786,0.740237592097836,0.547465655093214,0.850891961420013,70,1.94026303943761e-06,11,747366589
746,-1.36609165380237,0.300792603797571,0.255102040816326,0.141474707414711,0.459990710833502,0.744897959183674,0.540009289166498,0.858525292585289,58,5.5818358399717e-06,9,996799304
346,-1.74586873810914,0.293822041686095,0.174493334093047,0.0981018202361852,0.310370628899677,0.825506665906953,0.689629371100323,0.901898179763815,74,2.81693117042266e-09,11,587668914
121,-1.6981874591647,0.333572392911244,0.183014945666887,0.0951807717017805,0.351903748399919,0.816985054333113,0.648096251600081,0.904819228298219,62,3.56346734807114e-07,11,400604904
621,-1.87189908864961,0.332471592029609,0.153831245068888,0.0801759700025106,0.29515142702612,0.846168754931112,0.70484857297388,0.919824029997489,68,1.79945749546143e-08,9,581805130
646,-1.88772160212259,0.323262735261198,0.151416402937125,0.0803546818111144,0.285321608668814,0.848583597062875,0.714678391331186,0.919645318188886,69,5.23296692301002e-09,10,639923069
96,-1.56732231591033,0.296327366735625,0.208603008139061,0.116704137945391,0.37286779861248,0.791396991860939,0.62713220138752,0.883295862054609,71,1.22880589966038e-07,10,277269203
196,-1.26277547109113,0.256390254675743,0.28286784446677,0.171136955061354,0.467544940276582,0.71713215553323,0.532455059723418,0.828863044938646,78,8.42704339286957e-07,11,678157638
896,-2.06077736485587,0.338818122791704,0.127354930157877,0.0655561217338998,0.247410582055993,0.872645069842123,0.752589417944007,0.9344438782661,68,1.18505764657703e-09,10,905498565
846,-1.38069496019762,0.290101899300816,0.251403776717141,0.142375942887384,0.443922320483838,0.748596223282859,0.556077679516162,0.857624057112616,66,1.94222420548529e-06,9,936507201
771,-1.62227328832425,0.301766442357174,0.197449329248725,0.109292812309027,0.356713646552869,0.802550670751275,0.643286353447131,0.890707187690973,67,7.61911676242517e-08,8,890027242
146,-1.37334453797457,0.271260049129837,0.253258508805738,0.148821978173145,0.430983871265865,0.746741491194262,0.569016128734135,0.851178021826855,76,4.13069999687175e-07,9,369270198
21,-1.53225445995134,0.297560601745897,0.216048046193685,0.120577506832848,0.387109996633241,0.783951953806315,0.612890003366759,0.879422493167152,66,2.61340260949367e-07,9,76744868
395,-2.18019389932791,0.350663470589751,0.113019614088504,0.0568418929953905,0.224718644921806,0.886980385911496,0.775281355078194,0.94315810700461,70,5.05654457639998e-10,11,330773864
371,-1.4846390224711,0.271175689997654,0.226584117690642,0.133169355874087,0.385526850773307,0.773415882309358,0.614473149226693,0.866830644125913,79,4.37948058086178e-08,11,962750155
446,-1.47515952101749,0.274922531178534,0.22874223494061,0.133454086630605,0.392067499517292,0.77125776505939,0.607932500482708,0.866545913369395,78,8.06233671506916e-08,11,991424354
596,-1.57623677980078,0.275545121928555,0.206751688178027,0.120477135023774,0.354808076702928,0.793248311821973,0.645191923297072,0.879522864976226,76,1.06254348583287e-08,9,378744557
871,-1.96545956532766,0.33998951386673,0.140091490628074,0.0719469118298887,0.272779265256008,0.859908509371926,0.727220734743992,0.928053088170111,63,7.42836227482778e-09,10,260598222
246,-1.36931971379291,0.308267575591657,0.254279883824838,0.138967795526592,0.465275131356606,0.745720116175162,0.534724868643394,0.861032204473408,60,8.91330882129395e-06,10,216278567
571,-2.0830664680001,0.41013459750975,0.124547704474211,0.0557479016490097,0.278254969800663,0.875452295525789,0.721745030199337,0.94425209835099,52,3.79461538459313e-07,10,64425249
496,-1.51717320836635,0.320659912462408,0.219331014544505,0.11699137228252,0.411193517971151,0.780668985455495,0.588806482028849,0.88300862771748,56,2.22966723967947e-06,9,369407809
721,-1.75300731327809,0.328816604481783,0.17325213577576,0.0909472131925293,0.330040927008065,0.82674786422424,0.669959072991935,0.909052786807471,62,9.7532837986732e-08,10,545733719
296,-2.55815960296928,0.43909496739706,0.0774471428563674,0.0327526984504925,0.183131779070997,0.922552857143633,0.816868220929003,0.967247301549508,55,5.67775603459987e-09,9,555543085
421,-1.53899803201933,0.295786594878427,0.214596012075083,0.12018427307413,0.38317366507783,0.785403987924917,0.61682633492217,0.87981572692587,71,1.96024154350302e-07,10,799635135
796,-1.85786402413527,0.367677616173013,0.156005498722091,0.0758878330534891,0.320706424893885,0.843994501277909,0.679293575106115,0.924112166946511,55,4.34991872800733e-07,8,399765776
546,-1.55872749782382,0.276985582084992,0.210403640013504,0.12225952213969,0.362096063817025,0.789596359986496,0.637903936182975,0.87774047786031,78,1.82874081565252e-08,9,137675456
171,-1.89739218195002,0.307152295268941,0.149959175996718,0.0821342957399949,0.273792503643083,0.850040824003282,0.726207496356917,0.917865704260005,72,6.5179805587847e-10,10,530286168
46,-2.04323291763728,0.337120302328523,0.129609017548203,0.0669387960641688,0.250953085766691,0.870390982451797,0.749046914233309,0.933061203935831,66,1.35410724249437e-09,10,370734712
946,-1.50677932898775,0.290536475786691,0.221622603271562,0.125403297192877,0.391668954328373,0.778377396728438,0.608331045671627,0.874596702807123,68,2.14632048991357e-07,10,206585901
821,-1.63218912593369,0.32420206203504,0.19550112874656,0.103559029943816,0.369071546555766,0.80449887125344,0.630928453444234,0.896440970056184,57,4.79145161260051e-07,9,691340464
71,-1.96723986465485,0.353064551224173,0.139842307717463,0.0700018457605866,0.279362219885295,0.860157692282537,0.720637780114705,0.929998154239413,58,2.51978131680453e-08,10,187905039
696,-2.10843300138433,0.355282780297043,0.121428095085712,0.0605204197057304,0.24363317947626,0.878571904914288,0.75636682052374,0.93947958029427,63,2.94705214126774e-09,10,956929233
996,-2.09456127530547,0.341952605991354,0.123124249454994,0.0629902033244997,0.240665690913231,0.876875750545006,0.759334309086769,0.9370097966755,68,9.05146002603857e-10,11,207117089
971,-1.98158046235882,0.32937907221599,0.137851196426503,0.0722840645700857,0.262892692452198,0.862148803573497,0.737107307547802,0.927715935429914,65,1.7865908921334e-09,10,355681195
271,-1.51179543551013,0.318421919020042,0.220513704188859,0.118139289794724,0.411601371733177,0.779486295811141,0.588398628266823,0.881860710205276,62,2.05667256285562e-06,11,269140642
672,-1.27199761578887,0.294821285891624,0.280271188048701,0.157262842406858,0.499494589109658,0.719728811951299,0.500505410890342,0.842737157593142,61,1.59986201517694e-05,9,469301723
472,-1.70596504825678,0.322060599376884,0.181597051667697,0.0965984847335437,0.341387230507446,0.818402948332303,0.658612769492554,0.903401515266456,63,1.17700580503926e-07,8,852710822
222,-1.14571775594021,0.256127734634445,0.31799559263378,0.19248849538663,0.525336315458222,0.68200440736622,0.474663684541778,0.80751150461337,71,7.70475449322645e-06,9,152566936
322,-1.9094006650253,0.301075236013961,0.148169162950946,0.0821262744197087,0.267321280609746,0.851830837049054,0.732678719390254,0.917873725580291,77,2.26891727587714e-10,10,492983860
522,-1.70979185942415,0.341077527509716,0.180903442045399,0.0927088326108248,0.352998246469689,0.819096557954601,0.647001753530311,0.907291167389175,59,5.36122327475598e-07,11,581019321
922,-1.60327645306757,0.295485504558093,0.201236096040519,0.112768594080687,0.359106776844744,0.798763903959481,0.640893223155256,0.887231405919313,69,5.76614306906005e-08,10,967488289
747,-1.75406011070291,0.327467088564588,0.173069832354496,0.0910921351576559,0.328822755327586,0.826930167645504,0.671177244672414,0.908907864842344,63,8.4874371875944e-08,10,952325620
347,-1.73952146970841,0.319474058318921,0.175604412545007,0.0938855193665922,0.328452246026024,0.824395587454993,0.671547753973976,0.906114480633408,66,5.18188499125715e-08,10,650611740
122,-1.64768204390722,0.297913935459857,0.192495588209868,0.107358387234909,0.345148175514082,0.807504411790132,0.654851824485918,0.892641612765091,72,3.18897784910714e-08,10,822848969
647,-2.61728981851811,0.400311036201672,0.073000439411364,0.0333104195317409,0.159981898431938,0.926999560588636,0.840018101568062,0.966689580468259,74,6.22883759726138e-11,11,48300919
622,-1.65105903875327,0.301922436536173,0.191846627984999,0.10615912402113,0.346697742738426,0.808153372015001,0.653302257261574,0.89384087597887,69,4.53892335063704e-08,11,272833185
197,-1.62510249175326,0.327175779748464,0.196891494415565,0.103689415577629,0.373869023730503,0.803108505584434,0.626130976269497,0.896310584422371,59,6.79747442794479e-07,8,760042890
847,-2.26696649103794,0.378289368416849,0.103626054336759,0.0493706071481928,0.217505105926129,0.896373945663241,0.782494894073871,0.950629392851807,69,2.0641291947639e-09,11,223400815
897,-1.72798577881333,0.304722204041708,0.177641859855221,0.0977609247684286,0.322793902037772,0.822358140144779,0.677206097962228,0.902239075231571,70,1.42221843079951e-08,10,586225781
97,-1.81458951504268,0.325549279818612,0.162904764622873,0.086064834374828,0.308348497148743,0.837095235377127,0.691651502851257,0.913935165625172,65,2.49053127609834e-08,9,411316816
22,-1.83678037993335,0.307710848528951,0.159329581910084,0.0871710881722439,0.291219442178828,0.840670418089916,0.708780557821172,0.912828911827756,75,2.38453982551534e-09,8,611676629
372,-1.64619724195653,0.333362418500242,0.192781618331233,0.100301405012047,0.370530725486302,0.807218381668767,0.629469274513698,0.899698594987953,58,7.88627865838655e-07,10,587567064
597,-1.6620760837853,0.313043246461708,0.189744645125839,0.102732210701498,0.350455130947606,0.810255354874161,0.649544869052394,0.897267789298502,62,1.09978477256224e-07,11,646219497
772,-1.02706997684046,0.280237619217266,0.358054533188296,0.206733321624857,0.620137323432208,0.641945466811704,0.379862676567792,0.793266678375143,59,0.000247341678434364,10,709766933
147,-1.72358563711714,0.353831796654606,0.178425231418779,0.0891813613107661,0.356975524245577,0.821574768581221,0.643024475754423,0.910818638689234,58,1.10922186867674e-06,10,372260215
396,-1.6206969729584,0.314123842539044,0.19776081709744,0.10684582290877,0.366035280690764,0.80223918290256,0.633964719309236,0.89315417709123,59,2.47715464868243e-07,11,743591558
447,-1.69322209934255,0.286843068035415,0.18392594056198,0.104829067710147,0.322703925071103,0.81607405943802,0.677296074928897,0.895170932289853,79,3.57044846300789e-09,10,227252872
872,-1.50335450297442,0.288670988319373,0.222382923367234,0.1262944437007,0.391578308247323,0.777617076632766,0.608421691752677,0.8737055562993,68,1.91043766885849e-07,9,393784957
247,-1.44577712420616,0.337446820275084,0.235562943740954,0.121582681843489,0.45639641783305,0.764437056259046,0.54360358216695,0.878417318156511,49,1.83184242632737e-05,11,362059065
572,-1.19137299977258,0.273832648044331,0.303803854957206,0.177625988456421,0.519613053748064,0.696196145042794,0.480386946251936,0.822374011543579,69,1.3568259886822e-05,10,459215682
497,-2.17262418711509,0.32922297749609,0.113878386270021,0.0597318819037794,0.217108292023251,0.886121613729979,0.782891707976749,0.940268118096221,80,4.13247590090128e-11,11,296705773
722,-1.57146306647033,0.290323985689804,0.207741020984809,0.117597485885538,0.366983456107357,0.79225897901519,0.633016543892643,0.882402514114462,66,6.20498881258852e-08,10,468139533
297,-1.63103864101796,0.327531153282772,0.195726179279989,0.103003953780883,0.371915211497952,0.804273820720011,0.628084788502048,0.896996046219117,56,6.36510161963452e-07,11,234838247
422,-1.55049495669444,0.316638701110091,0.212142946265407,0.114052614428906,0.394595335455643,0.787857053734593,0.605404664544357,0.885947385571094,60,9.74434378424144e-07,11,759513709
547,-1.32867726598673,0.292152854759571,0.264827325839177,0.149376346920494,0.469508820887544,0.735172674160823,0.530491179112456,0.850623653079506,63,5.4188012020154e-06,10,83217853
172,-2.32232990561122,0.377290095906745,0.0980448839559127,0.0468031436965143,0.205387897280163,0.901955116044087,0.794612102719837,0.953196856303486,72,7.49402983283728e-10,11,484863325
797,-2.22951947676327,0.314407738959148,0.107580112461369,0.0580908379771713,0.199230739307788,0.892419887538631,0.800769260692212,0.941909162022829,85,1.32980569524666e-12,10,856081953
947,-1.57157797899523,0.275203562374226,0.207717150311108,0.121120779970153,0.356226359704749,0.792282849688892,0.643773640295251,0.878879220029847,85,1.1257732394587e-08,10,823475711
822,-1.63429167667742,0.316784951127131,0.195090509528055,0.104854796987094,0.362981074796232,0.804909490471945,0.637018925203768,0.895145203012906,62,2.48280205719022e-07,10,595871296
72,-2.51778953244451,0.385412125084068,0.0806376568142272,0.0378856291532539,0.171633198176164,0.919362343185773,0.828366801823836,0.962114370846746,69,6.45857840397797e-11,11,254517781
47,-1.81942538438416,0.316163219922061,0.162118880214743,0.0872398629444182,0.301267453146127,0.837881119785257,0.698732546853873,0.912760137055582,67,8.67943255838258e-09,9,837326684
997,-1.96448137032969,0.348895683700828,0.140228594469679,0.0707711147884113,0.277854302079775,0.859771405530321,0.722145697920225,0.929228885211589,62,1.79615618419498e-08,7,189048137
697,-2.31825791932243,0.343170707524703,0.0984449353281451,0.05024420075217,0.19288604747771,0.901555064671855,0.80711395252229,0.94975579924783,73,1.42434505333614e-11,11,159908125
272,-1.85975646654011,0.334467453409428,0.155710546479015,0.0808386061059491,0.299928158744057,0.844289453520985,0.700071841255943,0.919161393894051,63,2.69232496934467e-08,10,857091070
972,-1.41631768152471,0.281406486849875,0.242605725657423,0.139755017978815,0.421147941397616,0.757394274342577,0.578852058602384,0.860244982021185,74,4.82873574223305e-07,11,649678520
673,-1.57956738490154,0.33021664200433,0.206064225419773,0.107875217827111,0.393625763666168,0.793935774580227,0.606374236333832,0.892124782172888,58,1.72331018730856e-06,9,810453257
473,-2.18177109839121,0.421647131165314,0.112841500156514,0.0493812594729724,0.257854989797128,0.887158499843486,0.742145010202872,0.950618740527028,49,2.28643995031347e-07,9,850454898
223,-1.89715815510704,0.342796423373596,0.149994274576098,0.076610066153145,0.293672666469642,0.850005725423902,0.706327333530358,0.923389933846855,59,3.12370237595788e-08,9,523288288
523,-1.63228335644965,0.295968602531142,0.195482707442265,0.109440839095298,0.349170284373304,0.804517292557735,0.650829715626696,0.890559160904702,73,3.48669325888222e-08,11,679465300
323,-1.69228867587264,0.31146765525989,0.184097701502002,0.0999831044737437,0.33897690891585,0.815902298497998,0.66102309108415,0.900016895526256,69,5.53297830930621e-08,11,303950332
923,-1.5577778777656,0.27441968635791,0.210603538429134,0.122992662522726,0.3606219223905,0.789396461570866,0.6393780776095,0.877007337477274,79,1.37377517734548e-08,10,525340859
748,-1.49192431593765,0.27306798531873,0.224939384355496,0.13171329417124,0.38415049105406,0.775060615644504,0.61584950894594,0.86828670582876,78,4.6666985732596e-08,9,486034963
348,-1.48570567879852,0.281366173313664,0.226342559160683,0.130396790182013,0.392885085713362,0.773657440839317,0.607114914286638,0.869603209817987,74,1.2895283993917e-07,10,179101349
123,-1.56423418572034,0.298744066389544,0.209248197087212,0.116511908019664,0.375796849682173,0.790751802912788,0.624203150317827,0.883488091980336,62,1.64063454918564e-07,10,209639088
648,-1.65536131930101,0.299597193652862,0.191023022929658,0.106186209916796,0.34363968087548,0.808976977070342,0.65636031912452,0.893813790083204,67,3.28942184406363e-08,10,259173522
623,-2.20903464549665,0.317542616986751,0.109806599662556,0.0589298963884831,0.20460733971033,0.890193400337444,0.79539266028967,0.941070103611517,84,3.48445209970961e-12,8,410732695
198,-1.15540657027155,0.269009492446293,0.31492946991096,0.185879718912416,0.533573924033805,0.68507053008904,0.466426075966195,0.814120281087584,66,1.74661724972412e-05,8,572920658
898,-1.70956906664139,0.324422978948905,0.180943750516715,0.0958063395703987,0.34173772839946,0.819056249483285,0.65826227160054,0.904193660429601,64,1.36744934366366e-07,10,849072832
23,-1.95516797548326,0.307996175302294,0.141540699329812,0.0773952874072108,0.258849992524295,0.858459300670188,0.741150007475705,0.922604712592789,78,2.18094094772976e-10,10,556946685
373,-1.67486344397423,0.324162576845647,0.187333759289041,0.0992403672314663,0.353625629855962,0.812666240710959,0.646374370144038,0.900759632768534,63,2.38213478009748e-07,11,673494628
848,-2.13046193961256,0.333931894943335,0.118782410876216,0.0617317788117293,0.228557501584345,0.881217589123784,0.771442498415654,0.938268221188271,74,1.77169552731957e-10,9,581752090
598,-1.35727988641214,0.265774553038231,0.257359873800782,0.152866782669908,0.433279902186316,0.742640126199218,0.566720097813684,0.847133217330092,74,3.27514181779978e-07,11,529880436
773,-1.19923789744833,0.266352359810766,0.301423840278717,0.178837281248787,0.508039100426585,0.698576159721283,0.491960899573415,0.821162718751213,69,6.71748998260755e-06,8,28706878
98,-1.86860182179098,0.318027608347782,0.154339304879162,0.0827505614178662,0.287860536804043,0.845660695120838,0.712139463195957,0.917249438582134,76,4.21324087183766e-09,10,323651272
448,-2.20042919587206,0.351198662997979,0.110755612308169,0.0556448400648163,0.220448214847392,0.889244387691831,0.779551785152608,0.944355159935184,64,3.71671935806318e-10,9,627662810
148,-1.83020160621655,0.283329407290082,0.160381230662481,0.0920413781757479,0.27946277705335,0.839618769337519,0.72053722294665,0.907958621824252,85,1.04963040020604e-10,10,821456228
873,-1.57645826167145,0.277879918382043,0.206705901498011,0.119900518355376,0.356356505377775,0.793294098501989,0.643643494622225,0.880099481644624,77,1.40184165750372e-08,11,353210577
397,-2.40402698755258,0.400981849111785,0.0903533678040215,0.0411744660729275,0.198271692438448,0.909646632195979,0.801728307561552,0.958825533927072,71,2.03046214232603e-09,10,372494338
248,-2.55133136425664,0.411848088908301,0.0779777800323184,0.0347860517051702,0.174798054987795,0.922022219967682,0.825201945012205,0.96521394829483,66,5.83457519687964e-10,10,32995991
573,-1.82060666969089,0.32009450523031,0.161927484632252,0.0864680435880856,0.303239314679502,0.838072515367748,0.696760685320498,0.913531956411914,70,1.28749630074292e-08,10,394450065
498,-1.41593643966887,0.282753897733392,0.242698234747559,0.139439579178487,0.422422625603197,0.757301765252441,0.577577374396803,0.860560420821513,72,5.50946783816577e-07,10,633290552
298,-1.63367291752337,0.339835621276556,0.195211260920855,0.100285065250949,0.379991141202849,0.804788739079145,0.620008858797151,0.899714934749051,58,1.53024806798485e-06,9,585446218
423,-1.68192627317392,0.331167011265931,0.186015314400097,0.0971983358912279,0.355990633729457,0.813984685599903,0.644009366270543,0.902801664108772,66,3.79854928693186e-07,10,136603430
723,-2.47037447115591,0.380334080994135,0.0845531903415118,0.0401225976089896,0.178184923782854,0.915446809658488,0.821815076217146,0.95987740239101,72,8.28818387996166e-11,11,321449269
173,-1.8976442210129,0.316610075482962,0.14992138518911,0.0806054860941229,0.278844813500359,0.85007861481089,0.721155186499641,0.919394513905877,74,2.05205686868322e-09,8,637933320
948,-1.95318209244089,0.342695754275138,0.141822061888515,0.0724503754180715,0.277617570954542,0.858177938111485,0.722382429045458,0.927549624581928,61,1.20184745278053e-08,11,14444416
798,-1.64266538203891,0.279004626176918,0.193463699800947,0.111972228207736,0.33426326991754,0.806536300199053,0.66573673008246,0.888027771792264,80,3.91863239380554e-09,10,995045689
73,-1.29750875109087,0.287376386409038,0.273211583978754,0.155554967907468,0.479859760342609,0.726788416021246,0.520140239657392,0.844445032092532,63,6.33122263253811e-06,9,151014650
548,-2.35174082158759,0.341208384177097,0.0952032859415642,0.0487769718509383,0.18581853916167,0.904796714058436,0.81418146083833,0.951223028149062,77,5.48632030591866e-12,9,980048865
823,-1.89573952963939,0.31143303388199,0.150207211277015,0.0815827807382874,0.276555985410647,0.849792788722985,0.723444014589353,0.918417219261713,72,1.14938421726207e-09,11,675089042
998,-1.64795673337744,0.34491196112808,0.19244271896037,0.0978840410966197,0.378347682277482,0.80755728103963,0.621652317722518,0.90211595890338,54,1.77130644926063e-06,8,96398372
48,-1.59319212033526,0.326819607405145,0.203275694500992,0.107126298552838,0.385722353269584,0.796724305499008,0.614277646730416,0.892873701447162,59,1.08898662279563e-06,11,221737812
698,-1.75849650934908,0.312133004539757,0.172303726217179,0.0934558677646108,0.31767479965091,0.827696273782821,0.68232520034909,0.906544132235389,67,1.76276241972291e-08,10,459108580
674,-2.14808265149397,0.359438556091165,0.116707712747292,0.0576958936013756,0.236077290158819,0.883292287252708,0.763922709841181,0.942304106398624,66,2.28379364177445e-09,11,458641583
273,-1.54969901124539,0.340268014213002,0.212311867695239,0.10897769353173,0.413628951975538,0.787688132304761,0.586371048024462,0.89102230646827,54,5.25482590940742e-06,10,97786088
973,-1.90718713701719,0.334577637342271,0.148497502803743,0.0770772389818349,0.286096240994628,0.851502497196257,0.713903759005372,0.922922761018165,68,1.19608869002801e-08,10,738748105
474,-1.39210845587651,0.323408923868489,0.248550693595885,0.131864776894272,0.468490894551228,0.751449306404115,0.531509105448772,0.868135223105728,51,1.67375580177842e-05,9,537879285
224,-2.21129903151417,0.383102125841023,0.109558236434882,0.0517068298610517,0.232135816544474,0.890441763565118,0.767864183455526,0.948293170138948,64,7.82953896117781e-09,11,463497503
524,-1.70046076055748,0.340001739746733,0.182599370079254,0.0937754743031601,0.355557038779134,0.817400629920746,0.644442961220866,0.90622452569684,57,5.6936281169433e-07,11,60002416
324,-2.20591813919348,0.319835009865027,0.110149346431354,0.0588488351200288,0.20617024099981,0.889850653568646,0.79382975900019,0.941151164879971,80,5.30934007342545e-12,11,784888502
924,-2.49324640146419,0.369616414050004,0.0826412439650332,0.040047811101866,0.170535542796992,0.917358756034967,0.829464457203008,0.959952188898134,69,1.5250411737065e-11,11,840164573
649,-1.58168901915867,0.303279883441924,0.205627495953873,0.113482496712423,0.372591970719584,0.794372504046127,0.627408029280416,0.886517503287578,67,1.83541382357726e-07,9,796300134
749,-1.77570931705911,0.309342840026341,0.169363274623587,0.0923647245296923,0.310550580183928,0.830636725376413,0.689449419816072,0.907635275470308,70,9.4529523899785e-09,11,733910489
349,-1.80904498414676,0.333811335882675,0.163810503752373,0.0851532095143128,0.315124718054178,0.836189496247627,0.684875281945822,0.914846790485687,66,5.98115818034092e-08,11,800862239
124,-1.32272684899433,0.286778831496018,0.266407856603918,0.151858968106005,0.467362230531891,0.733592143396082,0.532637769468109,0.848141031893995,68,3.98125108247294e-06,10,41180794
624,-2.16399781184631,0.381010978608146,0.114864993267957,0.054434038796147,0.242384489011713,0.885135006732043,0.757615510988287,0.945565961203853,59,1.34993822081666e-08,10,478982845
199,-1.65423092055367,0.285813590110592,0.191239077206226,0.109217358960788,0.334858716587527,0.808760922793774,0.665141283412473,0.890782641039212,74,7.13156979342422e-09,9,143231266
899,-1.64572650177338,0.324373822643893,0.192872389748757,0.102132170868646,0.364231548306551,0.807127610251243,0.635768451693449,0.897867829131354,63,3.90463752869739e-07,10,807024883
374,-1.84017839986362,0.321737132854291,0.158789095626915,0.0845196191103857,0.298320995236421,0.841210904373085,0.701679004763579,0.915480380889614,70,1.06832369100529e-08,11,253951140
24,-1.93959946918655,0.322692571060509,0.143761519165991,0.0763776407071976,0.270594564083805,0.856238480834009,0.729405435916195,0.923622359292802,71,1.84754927057139e-09,11,176176184
849,-1.82612904803647,0.373442999917531,0.16103572438262,0.0774545568247007,0.334809281604011,0.83896427561738,0.665190718395989,0.922545443175299,52,1.00845884183543e-06,9,266736078
599,-2.01922215601328,0.323481958161787,0.132758690477363,0.0704230155613806,0.250271445446729,0.867241309522637,0.749728554553271,0.929576984438619,75,4.31603140081957e-10,9,118960771
449,-1.23738985295059,0.251755193859908,0.290140539928061,0.177138925253039,0.475228879194653,0.709859460071939,0.524771120805347,0.822861074746961,77,8.87589265380541e-07,10,18447473
99,-1.71805233965147,0.31194724206258,0.179415247801196,0.0973485249633136,0.330665833464816,0.820584752198804,0.669334166535184,0.902651475036686,70,3.63946170729095e-08,10,298238737
149,-1.38298686330833,0.262922599668336,0.250828243404463,0.149822249726369,0.419929668685888,0.749171756595537,0.580070331314112,0.850177750273631,76,1.44013724597084e-07,11,744296120
774,-1.61780264505336,0.295815900818181,0.19833403088306,0.111070387534107,0.354157293223122,0.80166596911694,0.645842706776878,0.888929612465893,67,4.52707055821192e-08,9,761203838
874,-1.35479915001692,0.270422907463053,0.257999108364789,0.15185664787297,0.438331418804315,0.742000891635211,0.561668581195685,0.84814335212703,73,5.44505554284526e-07,10,35798397
499,-1.74030670410801,0.313319755574277,0.175466576043618,0.0949502564646025,0.324259464427553,0.824533423956382,0.675740535572447,0.905049743535398,66,2.78549353057239e-08,11,849921832
574,-1.36958144337676,0.293580715935804,0.254213339965294,0.142988785744223,0.451954479366721,0.745786660034706,0.548045520633279,0.857011214255777,62,3.08476977713403e-06,9,774441175
299,-1.58876789367987,0.294282431030547,0.204177024621166,0.114686740880286,0.36349674830038,0.795822975378834,0.63650325169962,0.885313259119714,70,6.70933139845025e-08,9,965412666
724,-2.0250151484356,0.355548764508297,0.131991843702742,0.0657511628848171,0.264966367736625,0.868008156297258,0.735033632263375,0.934248837115183,65,1.23036927070127e-08,10,743510923
249,-1.89461685466776,0.317611701455649,0.150375939849624,0.0806913133640878,0.280239871467029,0.849624060150376,0.719760128532971,0.919308686635912,77,2.44336776343667e-09,9,549615246
398,-0.867590549886923,0.234161991434343,0.419962209183751,0.265394038502899,0.664552444875548,0.580037790816249,0.335447555124452,0.734605961497101,80,0.000211318189999398,6,422388927
424,-1.66776242200369,0.319640789079963,0.188668754735871,0.100837309631953,0.35300325984009,0.811331245264129,0.64699674015991,0.899162690368047,60,1.81242166661694e-07,9,120044953
949,-1.78010401212385,0.337089543255864,0.168620607768912,0.0870922500695054,0.326468880315595,0.831379392231088,0.673531119684405,0.912907749930495,64,1.2861780027985e-07,10,899622799
174,-2.15114230547564,0.419755395931531,0.116351173251181,0.0511062866041591,0.264891002975448,0.883648826748819,0.735108997024551,0.948893713395841,51,2.97929629882251e-07,11,786118546
74,-1.5305038362634,0.250085618679096,0.216426596273775,0.132567591124966,0.353332750313738,0.783573403726225,0.646667249686262,0.867432408875034,90,9.36226851387625e-10,11,250704619
549,-1.50842166711417,0.274431208737743,0.221258922745475,0.129212498787159,0.378875970622073,0.778741077254525,0.621124029377927,0.870787501212841,76,3.87318863838973e-08,11,491074410
799,-1.23909152429373,0.287386497327268,0.289647235925462,0.164909455755543,0.508736875607813,0.710352764074538,0.491263124392187,0.835090544244457,64,1.62087896919391e-05,9,133780202
824,-2.71453871237244,0.443708860248175,0.0662354995776142,0.0277590851915843,0.158043443219309,0.933764500422386,0.841956556780691,0.972240914808416,62,9.48537068104725e-10,8,566086821
999,-2.23444759304416,0.437598241570753,0.10705124937738,0.0454053932825342,0.252392263666753,0.89294875062262,0.747607736333247,0.954594606717466,51,3.28767543865085e-07,9,595193533
49,-2.06943213561756,0.36161735466496,0.126257458465453,0.0621509530203721,0.256487552378005,0.873742541534547,0.743512447621995,0.937849046979628,67,1.04836624808375e-08,11,500257428
675,-1.87441957361009,0.309661499850335,0.153444003951953,0.0836306699520178,0.281536215868122,0.846555996048047,0.718463784131878,0.916369330047982,78,1.42063092649405e-09,11,629454544
699,-1.53974324912089,0.299607172757472,0.214436151029948,0.119198808854117,0.385766127284171,0.785563848970051,0.614233872715829,0.880801191145883,68,2.75900481663132e-07,9,596125027
274,-2.46785390523313,0.380185789411342,0.0847665810514475,0.0402355494316169,0.178582705211064,0.915233418948552,0.821417294788936,0.959764450568383,71,8.51673737409383e-11,9,103097861
475,-2.0737794107471,0.349316825901179,0.12570977388667,0.0633913533896039,0.24929184195694,0.87429022611333,0.75070815804306,0.936608646610396,62,2.90865793724509e-09,8,616759347
974,-2.54283177966296,0.477298834488571,0.0786433834392715,0.030859201567192,0.200419370712159,0.921356616560728,0.799580629287841,0.969140798432808,53,9.9548247231059e-08,9,859479652
225,-1.61454614547135,0.288824881970786,0.198980958359546,0.112970053126434,0.350477145880166,0.801019041640454,0.649522854119834,0.887029946873566,71,2.2700145834281e-08,11,787985504
525,-1.55240622847458,0.273940624843965,0.211737870666946,0.12377127327298,0.362224001490979,0.788262129333054,0.637775998509021,0.87622872672702,78,1.45366676634099e-08,11,349368609
325,-2.2114931731016,0.347940425631792,0.109536968689488,0.055385144217621,0.216634761526262,0.890463031310512,0.783365238473738,0.944614855782379,73,2.0713765712676e-10,11,571826215
925,-2.01388439988937,0.364211948744134,0.133469218616415,0.0653677211886026,0.272520320337898,0.866530781383585,0.727479679662102,0.934632278811397,59,3.21273346156994e-08,9,214404183
750,-1.53931543912832,0.30659717614528,0.214527908584127,0.117627213598863,0.391254898874222,0.785472091415873,0.608745101125778,0.882372786401137,60,5.14983816363903e-07,8,852253076
350,-1.60917065197159,0.304993259207121,0.200053459235954,0.110036136275208,0.363711303459212,0.799946540764046,0.636288696540788,0.889963863724792,68,1.31972203796438e-07,10,396705573
125,-1.46984771847946,0.288075214127378,0.229960501255301,0.130750446254345,0.404448578590087,0.770039498744699,0.595551421409913,0.869249553745655,70,3.35540713505018e-07,10,207273895
650,-2.46069573783801,0.402305219470773,0.0853755313118933,0.0388052598346032,0.187834880576895,0.914624468688107,0.812165119423105,0.961194740165397,65,9.56590567156055e-10,10,573347934
625,-2.45964674444807,0.432761300692612,0.0854651366693989,0.0365950128895169,0.199597950900338,0.914534863330601,0.800402049099662,0.963404987110483,58,1.31880318058665e-08,9,372758739
200,-1.2710489053092,0.299194852835535,0.28053721043111,0.156068535009166,0.504272859560365,0.71946278956889,0.495727140439635,0.843931464990834,57,2.15464980952392e-05,10,18085799
900,-1.55525748378572,0.307326204173677,0.21113501179933,0.115601566075289,0.385617554510207,0.78886498820067,0.614382445489793,0.884398433924711,66,4.17921392932485e-07,10,301751537
375,-1.11555361518577,0.266634318533614,0.327733790263613,0.194339766795408,0.55268892749897,0.672266209736387,0.44731107250103,0.805660233204592,69,2.86633979706808e-05,10,77394865
850,-1.6175164644173,0.317298749486359,0.198390798364659,0.106521271034714,0.369493421299303,0.801609201635341,0.630506578700696,0.893478728965286,62,3.43675633931785e-07,9,264318448
25,-1.81259225590241,0.314398817636304,0.163230452786575,0.0881423096787404,0.302285937525605,0.836769547213425,0.697714062474395,0.91185769032126,72,8.15300070828955e-09,11,596367857
450,-1.99213361948863,0.322467181609344,0.136404080342107,0.0725008000768907,0.256632659422287,0.863595919657893,0.743367340577713,0.927499199923109,69,6.5006260945373e-10,10,546554493
150,-1.94434111112823,0.332558741102794,0.143081467073021,0.074560510154024,0.27457304379325,0.856918532926979,0.725426956206749,0.925439489845976,67,5.01693218798511e-09,9,818173241
600,-1.31810250548383,0.281229246906299,0.267642670949106,0.154231323827645,0.464449098503631,0.732357329050894,0.535550901496369,0.845768676172355,66,2.77330344876503e-06,11,724147240
775,-1.55282890740117,0.289400742125708,0.211648392442665,0.12002635454959,0.373210052006176,0.788351607557335,0.626789947993824,0.87997364545041,70,8.06492354248933e-08,10,316166631
100,-2.13030940693158,0.341810080715657,0.118800530457679,0.0607951748191165,0.232149444080356,0.881199469542321,0.767850555919644,0.939204825180883,72,4.59237569780414e-10,10,414503157
875,-1.3829731175148,0.295942413985555,0.250831691261405,0.140435132048822,0.448011380223461,0.749168308738595,0.551988619776539,0.859564867951178,59,2.96664646903349e-06,10,412067333
500,-1.73036838824533,0.299727295710455,0.177219112505312,0.0984877510832612,0.31888852666175,0.822780887494688,0.68111147333825,0.901512248916739,70,7.78065873498039e-09,10,694667808
575,-1.19368009240651,0.290998684838932,0.303103759224658,0.171353426421198,0.536154372719064,0.696896240775342,0.463845627280936,0.828646573578802,60,4.09573055152821e-05,10,241796722
300,-1.34651437223756,0.27718706765518,0.260145452359748,0.151103379824688,0.447876523092838,0.739854547640252,0.552123476907162,0.848896620175312,70,1.18707948827257e-06,10,798031107
725,-1.36368400283482,0.328868532473783,0.255716977471083,0.134222758533902,0.487183941689218,0.744283022528917,0.512816058310782,0.865777241466098,52,3.37458930723865e-05,9,349659045
250,-1.32691020862464,0.304693682314365,0.265295704619195,0.146007271710515,0.482043189115533,0.734704295380805,0.517956810884467,0.853992728289485,61,1.3312829297389e-05,11,439931764
425,-1.10231092300179,0.276918342075308,0.332102732396419,0.193000808661912,0.57145991060779,0.667897267603581,0.42854008939221,0.806999191338088,61,6.87313354005399e-05,9,464346656
175,-1.66364464620035,0.314505300851667,0.189447252107768,0.102277690517348,0.350909970196255,0.810552747892232,0.649090029803745,0.897722309482652,63,1.22504462232025e-07,10,997711038
399,-2.05396749638389,0.333841185976683,0.128225160194531,0.0666510687348595,0.246683091794352,0.871774839805469,0.753316908205648,0.933348931265141,74,7.62571396404478e-10,11,714139465
800,-1.41543977762258,0.253447991388995,0.242818803687989,0.147756635601044,0.399041106916282,0.757181196312011,0.600958893083718,0.852243364398956,83,2.34057312153514e-08,10,808351927
1000,-1.9124118147228,0.332680437566303,0.147723674473599,0.0769612299776922,0.283549054586411,0.852276325526401,0.716450945413589,0.923038770022308,65,9.00413358069671e-09,11,867185561
75,-1.54965883719014,0.330672627126936,0.212320397295275,0.111051049606198,0.405938991729328,0.787679602704725,0.594061008270672,0.888948950393802,54,2.78074603348641e-06,9,708113922
825,-2.24119504311436,0.34933797885861,0.106331357864544,0.0536172250258175,0.21087174242743,0.893668642135456,0.78912825757257,0.946382774974182,71,1.40315950487448e-10,8,513827996
550,-1.92833818475023,0.387452748708705,0.145389608507213,0.0680350940522597,0.310694628358179,0.854610391492787,0.689305371641821,0.93196490594774,49,6.4589498398088e-07,7,576673451
50,-1.89902230486139,0.388721398300486,0.149714923243249,0.0698851397348393,0.320734255190417,0.850285076756751,0.679265744809583,0.930114860265161,53,1.03269252927862e-06,10,181931774
950,-1.89898700615168,0.338481989257087,0.149720208080137,0.0771194689665265,0.290667726424427,0.850279791919863,0.709332273575573,0.922880531033473,63,2.0197099451692e-08,9,564038761
700,-1.43928899549224,0.336444363577281,0.237096275287492,0.122614764941886,0.458465534569558,0.762903724712508,0.541534465430442,0.877385235058114,53,1.88630355338738e-05,8,397853265
275,-2.22084622178137,0.40611557016884,0.108517240307467,0.0489567456343833,0.240538689640311,0.891482759692533,0.759461310359689,0.951043254365617,54,4.53839727887225e-08,10,116202125
975,-1.80602616350843,0.332007767388079,0.164305765458884,0.0857131150918241,0.314962121422244,0.835694234541116,0.685037878577756,0.914286884908176,59,5.33671972166094e-08,7,118736413
400,-1.78217726592659,0.316541599835305,0.168271376600154,0.0904835329475965,0.312932699028336,0.831728623399846,0.687067300971664,0.909516467052404,69,1.80051058306761e-08,10,183492807
